species;order;suborder;family;status;tooth.complexity;tooth.complexity.bin1;tooth.complexity.bin2;tooth.complexity.bin3;diet;diet3;diet.bin1;diet.bin2;reference.teeth;reference.teeth.id;specimen;reference.diet;refence.diet.id;var.rates.teeth;var.rates.diet;mean.spe;mean.ext;hisse.teeth.spe;hisse.teeth.ext;hisse.diet.spe;hisse.diet.ext;PC1;PC2;PC3;PC4;PC5;PC6;PC7;PC8;PC9;PC10;PC11;PC12;PC13;PC14;PC15;PC16;PC17;PC18;PC19;PC20;PC21;PC22;PC23;PC24;PC25;PC26;PC27;PC28;PC29;PC30;PC31;PC32;PC33;PC34;PC35;PC36;PC37;PC38;PC39;PC40;PC41;PC42;Axis1;Axis2;Axis3;Axis4;Axis5;Axis6;Axis7;Axis8;Axis9;Axis10;Axis11;Axis12;Axis13;Axis14;Axis15;Axis16;Axis17;Axis18;Axis19;Axis20;Axis21;Axis22;Axis23;Axis24;Axis25;Axis26;Axis27;Axis28;Axis29;Axis30;Axis31;Axis32;Axis33;Axis34;Axis35;Axis36;Axis37;Axis38;Axis39;Axis40;Axis41;Axis42;pPC1;pPC2;pPC3;pPC4;pPC5;pPC6;pPC7;pPC8;pPC9;pPC10;pPC11;pPC12;pPC13;pPC14;pPC15;pPC16;pPC17;pPC18;pPC19;pPC20;pPC21;pPC22;pPC23;pPC24;pPC25;pPC26;pPC27;pPC28;pPC29;pPC30;pPC31;pPC32;pPC33;pPC34;pPC35;pPC36;pPC37;pPC38;pPC39;pPC40;pPC41;pPC42;var.rates.2DGMM
Acanthodactylus_erythrurus;Squamata;Lacertoidea;Lacertidae;Extant;2_Bicuspid;1;0;0;Insectivorous;Predatory;0;0;Melstrom 2017;10.1002/jmor.20645;SDNHM 65156;Meiri 2018;10.1111/geb.12773;1.32E+02;2.25E+01;4.37E-02;7.42E-03;2.28E-02;4.71E-11;8.99E-03;1.85E-11;NA;NA;NA;NA;NA;NA;NA;NA;NA;NA;NA;NA;NA;NA;NA;NA;NA;NA;NA;NA;NA;NA;NA;NA;NA;NA;NA;NA;NA;NA;NA;NA;NA;NA;NA;NA;NA;NA;NA;NA;NA;NA;NA;NA;NA;NA;NA;NA;NA;NA;NA;NA;NA;NA;NA;NA;NA;NA;NA;NA;NA;NA;NA;NA;NA;NA;NA;NA;NA;NA;NA;NA;NA;NA;NA;NA;NA;NA;NA;NA;NA;NA;NA;NA;NA;NA;NA;NA;NA;NA;NA;NA;NA;NA;NA;NA;NA;NA;NA;NA;NA;NA;NA;NA;NA;NA;NA;NA;NA;NA;NA;NA;NA;NA;NA;NA;NA;NA;NA;NA;NA;NA;NA;NA;NA;NA;NA
Acanthodactylus_pardalis;Squamata;Lacertoidea;Lacertidae;Extant;2_Bicuspid;1;0;0;Insectivorous;Predatory;0;0;Herrel et al. 2004;10.1111/j.1420-9101.2004.00758.x;NA;Meiri 2018;10.1111/geb.12773;1.45E+02;1.49E+01;4.37E-02;7.42E-03;2.28E-02;4.71E-11;8.99E-03;1.85E-11;NA;NA;NA;NA;NA;NA;NA;NA;NA;NA;NA;NA;NA;NA;NA;NA;NA;NA;NA;NA;NA;NA;NA;NA;NA;NA;NA;NA;NA;NA;NA;NA;NA;NA;NA;NA;NA;NA;NA;NA;NA;NA;NA;NA;NA;NA;NA;NA;NA;NA;NA;NA;NA;NA;NA;NA;NA;NA;NA;NA;NA;NA;NA;NA;NA;NA;NA;NA;NA;NA;NA;NA;NA;NA;NA;NA;NA;NA;NA;NA;NA;NA;NA;NA;NA;NA;NA;NA;NA;NA;NA;NA;NA;NA;NA;NA;NA;NA;NA;NA;NA;NA;NA;NA;NA;NA;NA;NA;NA;NA;NA;NA;NA;NA;NA;NA;NA;NA;NA;NA;NA;NA;NA;NA;NA;NA;NA
Acanthophis_antarcticus;Squamata;Serpentes;Elapidae;Extant;1_Unicuspid;0;0;0;Carnivorous;Predatory;0;0;Da Silva et al. 2018;10.1038/s41467-017-02788-3;ZMB 38580;Shine 1980;Herpetologica 36(4):281-289;1.26E+00;2.90E-01;5.44E-02;2.45E-03;1.76E-02;3.63E-11;1.91E-02;3.94E-11;NA;NA;NA;NA;NA;NA;NA;NA;NA;NA;NA;NA;NA;NA;NA;NA;NA;NA;NA;NA;NA;NA;NA;NA;NA;NA;NA;NA;NA;NA;NA;NA;NA;NA;NA;NA;NA;NA;NA;NA;NA;NA;NA;NA;NA;NA;NA;NA;NA;NA;NA;NA;NA;NA;NA;NA;NA;NA;NA;NA;NA;NA;NA;NA;NA;NA;NA;NA;NA;NA;NA;NA;NA;NA;NA;NA;NA;NA;NA;NA;NA;NA;NA;NA;NA;NA;NA;NA;NA;NA;NA;NA;NA;NA;NA;NA;NA;NA;NA;NA;NA;NA;NA;NA;NA;NA;NA;NA;NA;NA;NA;NA;NA;NA;NA;NA;NA;NA;NA;NA;NA;NA;NA;NA;NA;NA;NA
Aciprion_formosum;Squamata;Iguania;Iguanidae;Fossil;3_Tricuspid;1;1;0;Insectivorous;Predatory;0;0;Gauthier et al. 2012;10.3374/014.053.0101;AMNH F:AM 11400;This study;This study;2.56E+01;5.06E+00;4.90E-02;5.54E-03;3.26E-02;6.72E-11;2.78E-02;5.73E-11;2.65E+00;-6.45E-01;-4.99E-01;4.36E-01;-2.16E-01;4.98E-02;-2.33E-02;-2.24E-02;-2.22E-02;-1.99E-01;9.27E-02;1.14E-03;2.45E-01;1.11E-02;-3.88E-02;6.58E-03;-7.04E-03;5.78E-02;1.26E-01;5.53E-02;-6.32E-03;5.92E-02;-1.57E-02;-7.32E-03;5.45E-02;3.54E-03;3.06E-02;1.85E-02;-3.40E-02;1.20E-03;-9.06E-03;5.77E-03;1.92E-02;1.87E-02;-1.43E-02;-3.50E-03;-9.03E-03;7.58E-04;6.42E-04;-4.74E-03;-4.23E-03;2.59E-03;2.65E+01;3.91E+00;1.63E+00;8.34E+00;-2.32E+01;2.86E+00;-3.03E+00;2.02E+01;-4.92E+00;-4.08E+00;-3.78E+00;-2.40E+01;1.34E+00;-1.44E+01;-2.50E+00;-3.00E+00;5.01E+00;-5.95E+00;7.94E-01;2.01E+00;1.01E+00;-1.05E+00;8.93E+00;2.47E+01;-8.04E+00;-1.35E+01;-4.75E+00;-8.02E+00;-8.06E+00;-2.90E+00;-1.30E+01;-8.80E+00;9.35E+00;-5.27E-02;5.45E+00;-9.52E+00;-5.31E+00;-4.99E+00;-1.48E+01;-1.10E-01;2.12E+01;1.43E+01;3.33E+00;3.98E-01;3.53E-01;-2.61E-01;-5.40E-02;2.81E-01;2.86E-01;8.88E-02;1.45E-01;7.72E-02;-9.42E-02;2.13E-01;-1.38E-01;-2.83E-02;7.70E-02;-1.80E-02;-5.82E-02;1.01E-01;-2.50E-02;6.03E-02;-3.10E-02;-3.88E-02;-3.61E-02;-2.60E-02;-2.57E-02;-3.01E-02;1.88E-02;2.36E-02;-1.01E-02;-4.19E-03;7.94E-03;-5.00E-03;-1.53E-02;1.17E-03;-6.02E-03;-1.24E-02;6.46E-03;-2.74E-03;-9.22E-04;1.46E-03;-1.25E-03;-9.07E-04;1.37E-01
Acontias_aurantiacus;Squamata;Scincoidea;Scincidae;Extant;1_Unicuspid;0;0;0;Insectivorous;Predatory;0;0;Rieppel 1981;10.1111/j.1469-7998.1981.tb03480.x;MCZ 21240;Meiri 2018;10.1111/geb.12773;1.93E+01;1.87E+01;4.37E-02;7.42E-03;3.28E-02;6.76E-11;2.89E-02;5.95E-11;NA;NA;NA;NA;NA;NA;NA;NA;NA;NA;NA;NA;NA;NA;NA;NA;NA;NA;NA;NA;NA;NA;NA;NA;NA;NA;NA;NA;NA;NA;NA;NA;NA;NA;NA;NA;NA;NA;NA;NA;NA;NA;NA;NA;NA;NA;NA;NA;NA;NA;NA;NA;NA;NA;NA;NA;NA;NA;NA;NA;NA;NA;NA;NA;NA;NA;NA;NA;NA;NA;NA;NA;NA;NA;NA;NA;NA;NA;NA;NA;NA;NA;NA;NA;NA;NA;NA;NA;NA;NA;NA;NA;NA;NA;NA;NA;NA;NA;NA;NA;NA;NA;NA;NA;NA;NA;NA;NA;NA;NA;NA;NA;NA;NA;NA;NA;NA;NA;NA;NA;NA;NA;NA;NA;NA;NA;NA
Acontias_cregoi;Squamata;Scincoidea;Scincidae;Extant;1_Unicuspid;0;0;0;Insectivorous;Predatory;0;0;Rieppel 1981;10.1111/j.1469-7998.1981.tb03480.x;MCZ 41935;Meiri 2018;10.1111/geb.12773;2.33E+01;2.12E+01;4.37E-02;7.42E-03;3.28E-02;6.76E-11;2.89E-02;5.95E-11;NA;NA;NA;NA;NA;NA;NA;NA;NA;NA;NA;NA;NA;NA;NA;NA;NA;NA;NA;NA;NA;NA;NA;NA;NA;NA;NA;NA;NA;NA;NA;NA;NA;NA;NA;NA;NA;NA;NA;NA;NA;NA;NA;NA;NA;NA;NA;NA;NA;NA;NA;NA;NA;NA;NA;NA;NA;NA;NA;NA;NA;NA;NA;NA;NA;NA;NA;NA;NA;NA;NA;NA;NA;NA;NA;NA;NA;NA;NA;NA;NA;NA;NA;NA;NA;NA;NA;NA;NA;NA;NA;NA;NA;NA;NA;NA;NA;NA;NA;NA;NA;NA;NA;NA;NA;NA;NA;NA;NA;NA;NA;NA;NA;NA;NA;NA;NA;NA;NA;NA;NA;NA;NA;NA;NA;NA;NA
Acontias_lineatus;Squamata;Scincoidea;Scincidae;Extant;1_Unicuspid;0;0;0;Insectivorous;Predatory;0;0;Rieppel 1981;10.1111/j.1469-7998.1981.tb03480.x;BM(NH) 1931.2.3.2;Meiri 2018;10.1111/geb.12773;1.06E+01;9.21E+00;4.37E-02;7.42E-03;2.06E-02;4.24E-11;2.08E-02;4.29E-11;NA;NA;NA;NA;NA;NA;NA;NA;NA;NA;NA;NA;NA;NA;NA;NA;NA;NA;NA;NA;NA;NA;NA;NA;NA;NA;NA;NA;NA;NA;NA;NA;NA;NA;NA;NA;NA;NA;NA;NA;NA;NA;NA;NA;NA;NA;NA;NA;NA;NA;NA;NA;NA;NA;NA;NA;NA;NA;NA;NA;NA;NA;NA;NA;NA;NA;NA;NA;NA;NA;NA;NA;NA;NA;NA;NA;NA;NA;NA;NA;NA;NA;NA;NA;NA;NA;NA;NA;NA;NA;NA;NA;NA;NA;NA;NA;NA;NA;NA;NA;NA;NA;NA;NA;NA;NA;NA;NA;NA;NA;NA;NA;NA;NA;NA;NA;NA;NA;NA;NA;NA;NA;NA;NA;NA;NA;NA
Acontias_meleagris;Squamata;Scincoidea;Scincidae;Extant;2_Bicuspid;1;0;0;Insectivorous;Predatory;0;0;This study;This study;ZMB 14540;Meiri 2018;10.1111/geb.12773;2.74E+01;1.00E+01;4.37E-02;7.42E-03;1.89E-02;3.89E-11;2.40E-02;4.95E-11;NA;NA;NA;NA;NA;NA;NA;NA;NA;NA;NA;NA;NA;NA;NA;NA;NA;NA;NA;NA;NA;NA;NA;NA;NA;NA;NA;NA;NA;NA;NA;NA;NA;NA;NA;NA;NA;NA;NA;NA;NA;NA;NA;NA;NA;NA;NA;NA;NA;NA;NA;NA;NA;NA;NA;NA;NA;NA;NA;NA;NA;NA;NA;NA;NA;NA;NA;NA;NA;NA;NA;NA;NA;NA;NA;NA;NA;NA;NA;NA;NA;NA;NA;NA;NA;NA;NA;NA;NA;NA;NA;NA;NA;NA;NA;NA;NA;NA;NA;NA;NA;NA;NA;NA;NA;NA;NA;NA;NA;NA;NA;NA;NA;NA;NA;NA;NA;NA;NA;NA;NA;NA;NA;NA;NA;NA;NA
Acrochordus_granulatus;Squamata;Serpentes;Acrochordidae;Extant;1_Unicuspid;0;0;0;Carnivorous;Predatory;0;0;Da Silva et al. 2018;10.1038/s41467-017-02788-3;ZMB 9444;Watanabe et al. 2019;10.1073/pnas.1820967116;8.38E-01;1.83E-01;5.44E-02;2.45E-03;5.86E-03;1.21E-11;5.88E-03;1.21E-11;NA;NA;NA;NA;NA;NA;NA;NA;NA;NA;NA;NA;NA;NA;NA;NA;NA;NA;NA;NA;NA;NA;NA;NA;NA;NA;NA;NA;NA;NA;NA;NA;NA;NA;NA;NA;NA;NA;NA;NA;NA;NA;NA;NA;NA;NA;NA;NA;NA;NA;NA;NA;NA;NA;NA;NA;NA;NA;NA;NA;NA;NA;NA;NA;NA;NA;NA;NA;NA;NA;NA;NA;NA;NA;NA;NA;NA;NA;NA;NA;NA;NA;NA;NA;NA;NA;NA;NA;NA;NA;NA;NA;NA;NA;NA;NA;NA;NA;NA;NA;NA;NA;NA;NA;NA;NA;NA;NA;NA;NA;NA;NA;NA;NA;NA;NA;NA;NA;NA;NA;NA;NA;NA;NA;NA;NA;NA
Adriosaurus_suessi;Squamata;Mosasauria;Dolichosauridae;Fossil;1_Unicuspid;0;0;0;Carnivorous;Predatory;0;0;Lee & Caldwell 2000;10.1017/S0022336000033102;NHM R2867;Lee & Caldwell 2000;10.1017/S0022336000033102;5.42E+00;4.10E-01;4.36E-02;5.88E-02;1.82E-02;3.75E-11;2.12E-02;4.38E-11;NA;NA;NA;NA;NA;NA;NA;NA;NA;NA;NA;NA;NA;NA;NA;NA;NA;NA;NA;NA;NA;NA;NA;NA;NA;NA;NA;NA;NA;NA;NA;NA;NA;NA;NA;NA;NA;NA;NA;NA;NA;NA;NA;NA;NA;NA;NA;NA;NA;NA;NA;NA;NA;NA;NA;NA;NA;NA;NA;NA;NA;NA;NA;NA;NA;NA;NA;NA;NA;NA;NA;NA;NA;NA;NA;NA;NA;NA;NA;NA;NA;NA;NA;NA;NA;NA;NA;NA;NA;NA;NA;NA;NA;NA;NA;NA;NA;NA;NA;NA;NA;NA;NA;NA;NA;NA;NA;NA;NA;NA;NA;NA;NA;NA;NA;NA;NA;NA;NA;NA;NA;NA;NA;NA;NA;NA;NA
Aeluroscalabotes_felinus;Squamata;Gekkota;Eublepharidae;Extant;1_Unicuspid;0;0;0;Insectivorous;Predatory;0;0;Gauthier et al. 2012;10.3374/014.053.0101;FMNH 146141;Meiri 2018;10.1111/geb.12773;9.98E-01;5.16E-01;4.37E-02;7.42E-03;5.66E-03;1.17E-11;5.43E-03;1.12E-11;NA;NA;NA;NA;NA;NA;NA;NA;NA;NA;NA;NA;NA;NA;NA;NA;NA;NA;NA;NA;NA;NA;NA;NA;NA;NA;NA;NA;NA;NA;NA;NA;NA;NA;NA;NA;NA;NA;NA;NA;NA;NA;NA;NA;NA;NA;NA;NA;NA;NA;NA;NA;NA;NA;NA;NA;NA;NA;NA;NA;NA;NA;NA;NA;NA;NA;NA;NA;NA;NA;NA;NA;NA;NA;NA;NA;NA;NA;NA;NA;NA;NA;NA;NA;NA;NA;NA;NA;NA;NA;NA;NA;NA;NA;NA;NA;NA;NA;NA;NA;NA;NA;NA;NA;NA;NA;NA;NA;NA;NA;NA;NA;NA;NA;NA;NA;NA;NA;NA;NA;NA;NA;NA;NA;NA;NA;NA
Afronatrix_anoscopus;Squamata;Serpentes;Natricidae;Extant;1_Unicuspid;0;0;0;Carnivorous;Predatory;0;0;Rieppel 2007;10.1111/j.1095-8312.2007.00847.x;FMNH 179335;Luiselli et al. 2003;10.1080/21564574.2003.9635489;9.25E-01;2.10E-01;5.44E-02;2.45E-03;8.33E-03;1.72E-11;9.92E-03;2.04E-11;NA;NA;NA;NA;NA;NA;NA;NA;NA;NA;NA;NA;NA;NA;NA;NA;NA;NA;NA;NA;NA;NA;NA;NA;NA;NA;NA;NA;NA;NA;NA;NA;NA;NA;NA;NA;NA;NA;NA;NA;NA;NA;NA;NA;NA;NA;NA;NA;NA;NA;NA;NA;NA;NA;NA;NA;NA;NA;NA;NA;NA;NA;NA;NA;NA;NA;NA;NA;NA;NA;NA;NA;NA;NA;NA;NA;NA;NA;NA;NA;NA;NA;NA;NA;NA;NA;NA;NA;NA;NA;NA;NA;NA;NA;NA;NA;NA;NA;NA;NA;NA;NA;NA;NA;NA;NA;NA;NA;NA;NA;NA;NA;NA;NA;NA;NA;NA;NA;NA;NA;NA;NA;NA;NA;NA;NA;NA
Agama_agama;Squamata;Iguania;Agamidae;Extant;1_Unicuspid;0;0;0;Omnivorous;Omnivorous;1;0;This study;This study;ZMB 37314;Meiri 2018;10.1111/geb.12773;1.93E+02;7.48E+00;4.37E-02;7.42E-03;2.55E-02;5.25E-11;2.62E-02;5.99E-11;NA;NA;NA;NA;NA;NA;NA;NA;NA;NA;NA;NA;NA;NA;NA;NA;NA;NA;NA;NA;NA;NA;NA;NA;NA;NA;NA;NA;NA;NA;NA;NA;NA;NA;NA;NA;NA;NA;NA;NA;NA;NA;NA;NA;NA;NA;NA;NA;NA;NA;NA;NA;NA;NA;NA;NA;NA;NA;NA;NA;NA;NA;NA;NA;NA;NA;NA;NA;NA;NA;NA;NA;NA;NA;NA;NA;NA;NA;NA;NA;NA;NA;NA;NA;NA;NA;NA;NA;NA;NA;NA;NA;NA;NA;NA;NA;NA;NA;NA;NA;NA;NA;NA;NA;NA;NA;NA;NA;NA;NA;NA;NA;NA;NA;NA;NA;NA;NA;NA;NA;NA;NA;NA;NA;NA;NA;NA
Agama_hispida;Squamata;Iguania;Agamidae;Extant;2_Bicuspid;1;0;0;Insectivorous;Predatory;0;0;Da Silva et al. 2018;10.1038/s41467-017-02788-3;ZMB 25567;Meiri 2018;10.1111/geb.12773;1.82E+02;7.14E+00;4.37E-02;7.42E-03;2.03E-02;4.17E-11;1.66E-02;3.42E-11;-2.92E+00;3.99E-01;-1.35E-01;-4.23E-02;7.32E-02;-2.99E-03;-6.96E-02;1.17E-01;-1.25E-01;-2.24E-02;-7.97E-02;4.04E-03;-2.30E-02;1.76E-02;3.78E-02;-6.62E-02;-1.32E-02;-1.74E-02;6.68E-03;3.96E-02;-5.81E-04;-1.17E-02;-2.26E-02;1.10E-02;-3.89E-02;-1.80E-02;-1.03E-02;-4.51E-03;-4.92E-03;-2.30E-03;1.37E-03;3.83E-03;-9.56E-03;-1.36E-03;-3.01E-03;-1.10E-02;-1.27E-02;9.62E-03;6.15E-03;-1.47E-03;-6.18E-03;-1.87E-03;7.79E+00;-5.63E+00;-7.28E+00;-7.80E+00;5.33E+00;-7.32E+00;9.71E+00;3.48E+00;-6.91E-01;2.20E+00;-1.27E-01;8.19E+00;-6.93E+00;-1.05E+00;6.70E+00;2.16E+00;-1.69E+00;-7.64E-01;-5.22E+00;3.57E+00;-2.12E+00;8.45E-01;-2.38E+00;-4.06E+00;4.92E+00;-1.08E+01;-1.68E+00;-9.54E-01;7.26E+00;-4.95E+00;9.43E-01;-4.78E+00;3.17E+00;7.59E-01;6.15E+00;-4.39E+00;-1.40E+00;-6.90E-01;-4.91E+00;1.27E+01;-1.33E+01;-9.00E+00;-2.26E+00;-5.68E-01;3.75E-01;-1.08E-01;1.62E-01;-2.48E-02;-2.05E-01;1.23E-01;-7.47E-02;4.30E-02;-1.87E-02;5.51E-03;2.04E-02;-1.14E-02;-6.42E-02;-5.21E-02;-3.87E-02;2.77E-03;2.38E-02;7.36E-02;7.96E-03;1.34E-02;3.32E-02;2.08E-02;1.24E-02;-1.61E-02;1.40E-03;9.28E-03;-6.16E-03;3.49E-03;3.62E-03;-3.75E-03;1.09E-02;-9.86E-03;9.52E-03;-1.39E-02;1.55E-02;-5.97E-03;-8.09E-03;2.29E-03;1.31E-03;2.24E-03;1.76E-02
Aigialosaurus_dalmaticus;Squamata;Mosasauria;Aigialosauridae;Fossil;1_Unicuspid;0;0;0;Carnivorous;Predatory;0;0;Carroll & Debraga, 1992;10.1080/02724634.1992.10011432;BSP 19021150 I;This study;This study;5.49E+00;3.33E-01;4.36E-02;5.88E-02;2.25E-02;4.63E-11;2.22E-02;4.58E-11;NA;NA;NA;NA;NA;NA;NA;NA;NA;NA;NA;NA;NA;NA;NA;NA;NA;NA;NA;NA;NA;NA;NA;NA;NA;NA;NA;NA;NA;NA;NA;NA;NA;NA;NA;NA;NA;NA;NA;NA;NA;NA;NA;NA;NA;NA;NA;NA;NA;NA;NA;NA;NA;NA;NA;NA;NA;NA;NA;NA;NA;NA;NA;NA;NA;NA;NA;NA;NA;NA;NA;NA;NA;NA;NA;NA;NA;NA;NA;NA;NA;NA;NA;NA;NA;NA;NA;NA;NA;NA;NA;NA;NA;NA;NA;NA;NA;NA;NA;NA;NA;NA;NA;NA;NA;NA;NA;NA;NA;NA;NA;NA;NA;NA;NA;NA;NA;NA;NA;NA;NA;NA;NA;NA;NA;NA;NA
Aiolosaurus_oriens;Squamata;Anguimorpha;Varanidae;Fossil;1_Unicuspid;0;0;0;Carnivorous;Predatory;0;0;Gao & Norell 2000;"10.1206/0003-0090(2000)249<0001:TCASOL>2.0.CO;2";IGM 3/171;Gao & Norell 2000;"10.1206/0003-0090(2000)249<0001:TCASOL>2.0.CO;2";5.29E+00;5.82E-01;4.37E-02;7.42E-03;3.40E-02;7.01E-11;2.95E-02;6.09E-11;NA;NA;NA;NA;NA;NA;NA;NA;NA;NA;NA;NA;NA;NA;NA;NA;NA;NA;NA;NA;NA;NA;NA;NA;NA;NA;NA;NA;NA;NA;NA;NA;NA;NA;NA;NA;NA;NA;NA;NA;NA;NA;NA;NA;NA;NA;NA;NA;NA;NA;NA;NA;NA;NA;NA;NA;NA;NA;NA;NA;NA;NA;NA;NA;NA;NA;NA;NA;NA;NA;NA;NA;NA;NA;NA;NA;NA;NA;NA;NA;NA;NA;NA;NA;NA;NA;NA;NA;NA;NA;NA;NA;NA;NA;NA;NA;NA;NA;NA;NA;NA;NA;NA;NA;NA;NA;NA;NA;NA;NA;NA;NA;NA;NA;NA;NA;NA;NA;NA;NA;NA;NA;NA;NA;NA;NA;NA
Amblyodipsas_unicolor;Squamata;Serpentes;Lamprophiidae;Extant;1_Unicuspid;0;0;0;Carnivorous;Predatory;0;0;Da Silva et al. 2018;10.1038/s41467-017-02788-3;ZMB 77966;Portillo et al. 2019;10.1371/journal.pone.0214889;1.54E+00;4.72E-01;5.44E-02;2.45E-03;1.72E-02;3.55E-11;1.84E-02;3.80E-11;NA;NA;NA;NA;NA;NA;NA;NA;NA;NA;NA;NA;NA;NA;NA;NA;NA;NA;NA;NA;NA;NA;NA;NA;NA;NA;NA;NA;NA;NA;NA;NA;NA;NA;NA;NA;NA;NA;NA;NA;NA;NA;NA;NA;NA;NA;NA;NA;NA;NA;NA;NA;NA;NA;NA;NA;NA;NA;NA;NA;NA;NA;NA;NA;NA;NA;NA;NA;NA;NA;NA;NA;NA;NA;NA;NA;NA;NA;NA;NA;NA;NA;NA;NA;NA;NA;NA;NA;NA;NA;NA;NA;NA;NA;NA;NA;NA;NA;NA;NA;NA;NA;NA;NA;NA;NA;NA;NA;NA;NA;NA;NA;NA;NA;NA;NA;NA;NA;NA;NA;NA;NA;NA;NA;NA;NA;NA
Amblyrhynchus_cristatus;Squamata;Iguania;Iguanidae;Extant;3_Tricuspid;1;1;0;Herbivorous;Herbivorous;1;1;Melstrom 2017;10.1002/jmor.20645;MVZ 67721;Meiri 2018;10.1111/geb.12773;1.91E+01;2.45E+00;2.83E-01;3.12E-02;3.54E-02;7.29E-11;3.69E-02;7.87E-11;NA;NA;NA;NA;NA;NA;NA;NA;NA;NA;NA;NA;NA;NA;NA;NA;NA;NA;NA;NA;NA;NA;NA;NA;NA;NA;NA;NA;NA;NA;NA;NA;NA;NA;NA;NA;NA;NA;NA;NA;NA;NA;NA;NA;NA;NA;NA;NA;NA;NA;NA;NA;NA;NA;NA;NA;NA;NA;NA;NA;NA;NA;NA;NA;NA;NA;NA;NA;NA;NA;NA;NA;NA;NA;NA;NA;NA;NA;NA;NA;NA;NA;NA;NA;NA;NA;NA;NA;NA;NA;NA;NA;NA;NA;NA;NA;NA;NA;NA;NA;NA;NA;NA;NA;NA;NA;NA;NA;NA;NA;NA;NA;NA;NA;NA;NA;NA;NA;NA;NA;NA;NA;NA;NA;NA;NA;NA
Ameiva_ameiva;Squamata;Lacertoidea;Teiidae;Extant;3_Tricuspid;1;1;0;Insectivorous;Predatory;0;0;This study;This study;Di-Poï lab;Meiri 2018;10.1111/geb.12773;1.08E+02;1.16E+01;4.48E-02;6.90E-03;2.75E-02;5.67E-11;2.14E-02;4.42E-11;NA;NA;NA;NA;NA;NA;NA;NA;NA;NA;NA;NA;NA;NA;NA;NA;NA;NA;NA;NA;NA;NA;NA;NA;NA;NA;NA;NA;NA;NA;NA;NA;NA;NA;NA;NA;NA;NA;NA;NA;NA;NA;NA;NA;NA;NA;NA;NA;NA;NA;NA;NA;NA;NA;NA;NA;NA;NA;NA;NA;NA;NA;NA;NA;NA;NA;NA;NA;NA;NA;NA;NA;NA;NA;NA;NA;NA;NA;NA;NA;NA;NA;NA;NA;NA;NA;NA;NA;NA;NA;NA;NA;NA;NA;NA;NA;NA;NA;NA;NA;NA;NA;NA;NA;NA;NA;NA;NA;NA;NA;NA;NA;NA;NA;NA;NA;NA;NA;NA;NA;NA;NA;NA;NA;NA;NA;NA
Ameiva_bifrontata;Squamata;Lacertoidea;Teiidae;Extant;2_Bicuspid;1;0;0;Insectivorous;Predatory;0;0;Brizuela & Albino 2009;Trop. Zool. 22:183-193;UMMZ 149449;Meiri 2018;10.1111/geb.12773;1.00E+02;1.10E+01;4.48E-02;6.90E-03;2.75E-02;5.67E-11;2.14E-02;4.42E-11;NA;NA;NA;NA;NA;NA;NA;NA;NA;NA;NA;NA;NA;NA;NA;NA;NA;NA;NA;NA;NA;NA;NA;NA;NA;NA;NA;NA;NA;NA;NA;NA;NA;NA;NA;NA;NA;NA;NA;NA;NA;NA;NA;NA;NA;NA;NA;NA;NA;NA;NA;NA;NA;NA;NA;NA;NA;NA;NA;NA;NA;NA;NA;NA;NA;NA;NA;NA;NA;NA;NA;NA;NA;NA;NA;NA;NA;NA;NA;NA;NA;NA;NA;NA;NA;NA;NA;NA;NA;NA;NA;NA;NA;NA;NA;NA;NA;NA;NA;NA;NA;NA;NA;NA;NA;NA;NA;NA;NA;NA;NA;NA;NA;NA;NA;NA;NA;NA;NA;NA;NA;NA;NA;NA;NA;NA;NA
Ameivula_nativo;Squamata;Lacertoidea;Teiidae;Extant;3_Tricuspid;1;1;0;Carnivorous;Predatory;0;0;This study;This study;http://id.luomus.fi/KS.MS1116;Meiri 2018;10.1111/geb.12773;1.09E+02;1.18E+01;4.48E-02;6.90E-03;2.56E-02;5.28E-11;1.38E-02;2.84E-11;NA;NA;NA;NA;NA;NA;NA;NA;NA;NA;NA;NA;NA;NA;NA;NA;NA;NA;NA;NA;NA;NA;NA;NA;NA;NA;NA;NA;NA;NA;NA;NA;NA;NA;NA;NA;NA;NA;NA;NA;NA;NA;NA;NA;NA;NA;NA;NA;NA;NA;NA;NA;NA;NA;NA;NA;NA;NA;NA;NA;NA;NA;NA;NA;NA;NA;NA;NA;NA;NA;NA;NA;NA;NA;NA;NA;NA;NA;NA;NA;NA;NA;NA;NA;NA;NA;NA;NA;NA;NA;NA;NA;NA;NA;NA;NA;NA;NA;NA;NA;NA;NA;NA;NA;NA;NA;NA;NA;NA;NA;NA;NA;NA;NA;NA;NA;NA;NA;NA;NA;NA;NA;NA;NA;NA;NA;NA
Amphisbaena_alba;Squamata;Lacertoidea;Amphisbaenidae;Extant;1_Unicuspid;0;0;0;Insectivorous;Predatory;0;0;Gauthier et al. 2012;10.3374/014.053.0101;FMNH195924;Meiri 2018;10.1111/geb.12773;6.19E+00;9.22E-01;4.37E-02;7.42E-03;6.95E-03;1.43E-11;9.00E-03;1.86E-11;NA;NA;NA;NA;NA;NA;NA;NA;NA;NA;NA;NA;NA;NA;NA;NA;NA;NA;NA;NA;NA;NA;NA;NA;NA;NA;NA;NA;NA;NA;NA;NA;NA;NA;NA;NA;NA;NA;NA;NA;NA;NA;NA;NA;NA;NA;NA;NA;NA;NA;NA;NA;NA;NA;NA;NA;NA;NA;NA;NA;NA;NA;NA;NA;NA;NA;NA;NA;NA;NA;NA;NA;NA;NA;NA;NA;NA;NA;NA;NA;NA;NA;NA;NA;NA;NA;NA;NA;NA;NA;NA;NA;NA;NA;NA;NA;NA;NA;NA;NA;NA;NA;NA;NA;NA;NA;NA;NA;NA;NA;NA;NA;NA;NA;NA;NA;NA;NA;NA;NA;NA;NA;NA;NA;NA;NA;NA
Amphisbaena_bakeri;Squamata;Lacertoidea;Amphisbaenidae;Extant;1_Unicuspid;0;0;0;Insectivorous;Predatory;0;0;Kazi & Hipsley 2018;10.1093/biolinnean/bly086;ZMB;Kazi & Hipsley 2018;10.1093/biolinnean/bly086;7.14E+00;1.63E+00;4.37E-02;7.42E-03;9.89E-03;2.04E-11;1.47E-02;3.02E-11;NA;NA;NA;NA;NA;NA;NA;NA;NA;NA;NA;NA;NA;NA;NA;NA;NA;NA;NA;NA;NA;NA;NA;NA;NA;NA;NA;NA;NA;NA;NA;NA;NA;NA;NA;NA;NA;NA;NA;NA;NA;NA;NA;NA;NA;NA;NA;NA;NA;NA;NA;NA;NA;NA;NA;NA;NA;NA;NA;NA;NA;NA;NA;NA;NA;NA;NA;NA;NA;NA;NA;NA;NA;NA;NA;NA;NA;NA;NA;NA;NA;NA;NA;NA;NA;NA;NA;NA;NA;NA;NA;NA;NA;NA;NA;NA;NA;NA;NA;NA;NA;NA;NA;NA;NA;NA;NA;NA;NA;NA;NA;NA;NA;NA;NA;NA;NA;NA;NA;NA;NA;NA;NA;NA;NA;NA;NA
Amphisbaena_caeca;Squamata;Lacertoidea;Amphisbaenidae;Extant;1_Unicuspid;0;0;0;Insectivorous;Predatory;0;0;This study;This study;AMNH 13237;Meiri 2018;10.1111/geb.12773;7.01E+00;9.68E-01;4.37E-02;7.42E-03;9.89E-03;2.04E-11;1.47E-02;3.02E-11;NA;NA;NA;NA;NA;NA;NA;NA;NA;NA;NA;NA;NA;NA;NA;NA;NA;NA;NA;NA;NA;NA;NA;NA;NA;NA;NA;NA;NA;NA;NA;NA;NA;NA;NA;NA;NA;NA;NA;NA;NA;NA;NA;NA;NA;NA;NA;NA;NA;NA;NA;NA;NA;NA;NA;NA;NA;NA;NA;NA;NA;NA;NA;NA;NA;NA;NA;NA;NA;NA;NA;NA;NA;NA;NA;NA;NA;NA;NA;NA;NA;NA;NA;NA;NA;NA;NA;NA;NA;NA;NA;NA;NA;NA;NA;NA;NA;NA;NA;NA;NA;NA;NA;NA;NA;NA;NA;NA;NA;NA;NA;NA;NA;NA;NA;NA;NA;NA;NA;NA;NA;NA;NA;NA;NA;NA;NA
Amphisbaena_fuliginosa;Squamata;Lacertoidea;Amphisbaenidae;Extant;1_Unicuspid;0;0;0;Insectivorous;Predatory;0;0;This study;This study;http://id.luomus.fi/KS.MS1182;Meiri 2018;10.1111/geb.12773;6.21E+00;8.41E-01;4.37E-02;7.42E-03;6.95E-03;1.43E-11;9.00E-03;1.86E-11;NA;NA;NA;NA;NA;NA;NA;NA;NA;NA;NA;NA;NA;NA;NA;NA;NA;NA;NA;NA;NA;NA;NA;NA;NA;NA;NA;NA;NA;NA;NA;NA;NA;NA;NA;NA;NA;NA;NA;NA;NA;NA;NA;NA;NA;NA;NA;NA;NA;NA;NA;NA;NA;NA;NA;NA;NA;NA;NA;NA;NA;NA;NA;NA;NA;NA;NA;NA;NA;NA;NA;NA;NA;NA;NA;NA;NA;NA;NA;NA;NA;NA;NA;NA;NA;NA;NA;NA;NA;NA;NA;NA;NA;NA;NA;NA;NA;NA;NA;NA;NA;NA;NA;NA;NA;NA;NA;NA;NA;NA;NA;NA;NA;NA;NA;NA;NA;NA;NA;NA;NA;NA;NA;NA;NA;NA;NA
Amphisbaena_kingii;Squamata;Lacertoidea;Amphisbaenidae;Extant;1_Unicuspid;0;0;0;Insectivorous;Predatory;0;0;Digimorph;http://www.digimorph.org;FMNH 80100;Meiri 2018;10.1111/geb.12773;6.19E+00;8.36E-01;4.37E-02;7.42E-03;6.95E-03;1.43E-11;9.00E-03;1.86E-11;NA;NA;NA;NA;NA;NA;NA;NA;NA;NA;NA;NA;NA;NA;NA;NA;NA;NA;NA;NA;NA;NA;NA;NA;NA;NA;NA;NA;NA;NA;NA;NA;NA;NA;NA;NA;NA;NA;NA;NA;NA;NA;NA;NA;NA;NA;NA;NA;NA;NA;NA;NA;NA;NA;NA;NA;NA;NA;NA;NA;NA;NA;NA;NA;NA;NA;NA;NA;NA;NA;NA;NA;NA;NA;NA;NA;NA;NA;NA;NA;NA;NA;NA;NA;NA;NA;NA;NA;NA;NA;NA;NA;NA;NA;NA;NA;NA;NA;NA;NA;NA;NA;NA;NA;NA;NA;NA;NA;NA;NA;NA;NA;NA;NA;NA;NA;NA;NA;NA;NA;NA;NA;NA;NA;NA;NA;NA
Amphisbaena_ridleyi;Squamata;Lacertoidea;Amphisbaenidae;Extant;1_Unicuspid;0;0;0;Insectivorous;Predatory;0;0;Pregill 1984;10.2307/1563747;USNM 220737;Meiri 2018;10.1111/geb.12773;6.35E+00;8.59E-01;4.37E-02;7.42E-03;6.95E-03;1.43E-11;9.00E-03;1.86E-11;NA;NA;NA;NA;NA;NA;NA;NA;NA;NA;NA;NA;NA;NA;NA;NA;NA;NA;NA;NA;NA;NA;NA;NA;NA;NA;NA;NA;NA;NA;NA;NA;NA;NA;NA;NA;NA;NA;NA;NA;NA;NA;NA;NA;NA;NA;NA;NA;NA;NA;NA;NA;NA;NA;NA;NA;NA;NA;NA;NA;NA;NA;NA;NA;NA;NA;NA;NA;NA;NA;NA;NA;NA;NA;NA;NA;NA;NA;NA;NA;NA;NA;NA;NA;NA;NA;NA;NA;NA;NA;NA;NA;NA;NA;NA;NA;NA;NA;NA;NA;NA;NA;NA;NA;NA;NA;NA;NA;NA;NA;NA;NA;NA;NA;NA;NA;NA;NA;NA;NA;NA;NA;NA;NA;NA;NA;NA
Anelytropsis_papillosus;Squamata;Dibamia;Dibamidae;Extant;1_Unicuspid;0;0;0;Insectivorous;Predatory;0;0;Greer 1985;10.2307/1564427;TCWC 45503;Pough 2016;978-1605352336;2.47E+00;5.02E-01;4.37E-02;7.42E-03;5.34E-03;1.10E-11;4.68E-03;9.65E-12;NA;NA;NA;NA;NA;NA;NA;NA;NA;NA;NA;NA;NA;NA;NA;NA;NA;NA;NA;NA;NA;NA;NA;NA;NA;NA;NA;NA;NA;NA;NA;NA;NA;NA;NA;NA;NA;NA;NA;NA;NA;NA;NA;NA;NA;NA;NA;NA;NA;NA;NA;NA;NA;NA;NA;NA;NA;NA;NA;NA;NA;NA;NA;NA;NA;NA;NA;NA;NA;NA;NA;NA;NA;NA;NA;NA;NA;NA;NA;NA;NA;NA;NA;NA;NA;NA;NA;NA;NA;NA;NA;NA;NA;NA;NA;NA;NA;NA;NA;NA;NA;NA;NA;NA;NA;NA;NA;NA;NA;NA;NA;NA;NA;NA;NA;NA;NA;NA;NA;NA;NA;NA;NA;NA;NA;NA;NA
Anguis_fragilis;Squamata;Anguimorpha;Anguidae;Extant;1_Unicuspid;0;0;0;Insectivorous;Predatory;0;0;Klembara et al. 2014;10.1002/ar.22854;DE 47;Meiri 2018;10.1111/geb.12773;3.79E+01;1.13E+00;4.37E-02;7.42E-03;1.58E-02;3.26E-11;1.73E-02;3.56E-11;NA;NA;NA;NA;NA;NA;NA;NA;NA;NA;NA;NA;NA;NA;NA;NA;NA;NA;NA;NA;NA;NA;NA;NA;NA;NA;NA;NA;NA;NA;NA;NA;NA;NA;NA;NA;NA;NA;NA;NA;NA;NA;NA;NA;NA;NA;NA;NA;NA;NA;NA;NA;NA;NA;NA;NA;NA;NA;NA;NA;NA;NA;NA;NA;NA;NA;NA;NA;NA;NA;NA;NA;NA;NA;NA;NA;NA;NA;NA;NA;NA;NA;NA;NA;NA;NA;NA;NA;NA;NA;NA;NA;NA;NA;NA;NA;NA;NA;NA;NA;NA;NA;NA;NA;NA;NA;NA;NA;NA;NA;NA;NA;NA;NA;NA;NA;NA;NA;NA;NA;NA;NA;NA;NA;NA;NA;NA
Anilius_scytale;Squamata;Serpentes;Aniliidae;Extant;1_Unicuspid;0;0;0;Carnivorous;Predatory;0;0;Gauthier et al. 2012;10.3374/014.053.0101;UNSM 204078;Maschio et al. 2010;10.1080/21564574.2003.9635489;1.04E+00;2.12E-01;5.17E-02;2.93E-03;5.80E-03;1.20E-11;5.91E-03;1.22E-11;NA;NA;NA;NA;NA;NA;NA;NA;NA;NA;NA;NA;NA;NA;NA;NA;NA;NA;NA;NA;NA;NA;NA;NA;NA;NA;NA;NA;NA;NA;NA;NA;NA;NA;NA;NA;NA;NA;NA;NA;NA;NA;NA;NA;NA;NA;NA;NA;NA;NA;NA;NA;NA;NA;NA;NA;NA;NA;NA;NA;NA;NA;NA;NA;NA;NA;NA;NA;NA;NA;NA;NA;NA;NA;NA;NA;NA;NA;NA;NA;NA;NA;NA;NA;NA;NA;NA;NA;NA;NA;NA;NA;NA;NA;NA;NA;NA;NA;NA;NA;NA;NA;NA;NA;NA;NA;NA;NA;NA;NA;NA;NA;NA;NA;NA;NA;NA;NA;NA;NA;NA;NA;NA;NA;NA;NA;NA
Anniella_pulchra;Squamata;Anguimorpha;Anguidae;Extant;1_Unicuspid;0;0;0;Insectivorous;Predatory;0;0;Gauthier et al. 2012;10.3374/014.053.0101;FMNH 130981;Meiri 2018;10.1111/geb.12773;2.01E+01;4.63E-01;4.37E-02;7.42E-03;6.93E-03;1.43E-11;7.75E-03;1.60E-11;NA;NA;NA;NA;NA;NA;NA;NA;NA;NA;NA;NA;NA;NA;NA;NA;NA;NA;NA;NA;NA;NA;NA;NA;NA;NA;NA;NA;NA;NA;NA;NA;NA;NA;NA;NA;NA;NA;NA;NA;NA;NA;NA;NA;NA;NA;NA;NA;NA;NA;NA;NA;NA;NA;NA;NA;NA;NA;NA;NA;NA;NA;NA;NA;NA;NA;NA;NA;NA;NA;NA;NA;NA;NA;NA;NA;NA;NA;NA;NA;NA;NA;NA;NA;NA;NA;NA;NA;NA;NA;NA;NA;NA;NA;NA;NA;NA;NA;NA;NA;NA;NA;NA;NA;NA;NA;NA;NA;NA;NA;NA;NA;NA;NA;NA;NA;NA;NA;NA;NA;NA;NA;NA;NA;NA;NA;NA
Anolis_allisoni;Squamata;Iguania;Dactyloidae;Extant;3_Tricuspid;1;1;0;Insectivorous;Predatory;0;0;Zahradnicek et al. 2014;10.3389/fphys.2014.00074;NA;Meiri 2018;10.1111/geb.12773;1.62E+01;1.44E+01;4.90E-02;5.54E-03;2.48E-02;5.11E-11;1.29E-02;2.66E-11;-9.63E-01;7.18E-01;-2.67E-01;3.99E-01;-2.29E-02;8.89E-02;1.34E-01;1.52E-01;3.33E-01;1.50E-01;-1.52E-01;-1.39E-01;2.43E-02;1.65E-02;-6.47E-02;1.21E-01;-5.45E-02;-2.42E-01;-2.42E-02;5.87E-02;-4.85E-03;7.75E-02;-1.48E-02;-3.46E-02;-8.40E-03;4.76E-02;-2.23E-02;-7.10E-03;-7.54E-04;-4.77E-03;-7.24E-03;-2.01E-02;1.75E-02;6.95E-03;-7.79E-03;-1.30E-02;-3.54E-03;3.88E-03;6.81E-03;8.92E-03;2.99E-03;-4.00E-03;9.40E+00;-1.57E+01;-1.59E+01;1.22E+01;1.29E+01;2.49E+00;-2.85E+00;2.49E+01;-1.30E+00;-2.13E+00;-1.42E+01;-2.37E+01;-1.42E+01;-1.16E+00;-6.75E+00;1.84E+01;-9.12E+00;3.77E+00;9.90E-01;3.28E-01;-1.22E+00;-2.40E+01;4.37E+00;-1.70E+01;-4.97E+00;1.74E+00;-1.87E+01;2.71E+01;6.02E+00;9.11E+00;2.73E+01;1.35E+01;8.57E+00;-9.33E+00;-9.64E+00;-1.25E+01;2.56E+01;5.19E+00;7.48E+00;2.20E+00;-7.35E+00;9.96E+00;-3.15E-01;-8.99E-01;2.10E-01;-2.41E-01;1.13E-01;1.87E-01;3.52E-01;-1.41E-01;-3.04E-01;1.86E-03;3.52E-02;-1.36E-01;-1.19E-01;-7.07E-02;1.29E-02;-1.71E-01;1.50E-01;-1.28E-01;-1.25E-01;7.01E-02;-6.82E-03;-1.01E-01;1.99E-02;-8.53E-04;9.73E-03;8.98E-03;-5.27E-02;-8.57E-03;2.62E-02;3.49E-03;-3.27E-03;1.02E-02;-1.32E-02;1.61E-03;1.74E-02;-2.02E-02;-3.10E-03;-1.19E-02;-5.88E-03;-5.99E-03;3.31E-03;-7.39E-04;1.17E-01
Anolis_baracoae;Squamata;Iguania;Dactyloidae;Extant;3_Tricuspid;1;1;0;Insectivorous;Predatory;0;0;Zahradnicek et al. 2014;10.3389/fphys.2014.00074;NA;Meiri 2018;10.1111/geb.12773;1.57E+01;1.31E+01;4.90E-02;5.54E-03;2.77E-02;5.71E-11;2.76E-02;5.68E-11;NA;NA;NA;NA;NA;NA;NA;NA;NA;NA;NA;NA;NA;NA;NA;NA;NA;NA;NA;NA;NA;NA;NA;NA;NA;NA;NA;NA;NA;NA;NA;NA;NA;NA;NA;NA;NA;NA;NA;NA;NA;NA;NA;NA;NA;NA;NA;NA;NA;NA;NA;NA;NA;NA;NA;NA;NA;NA;NA;NA;NA;NA;NA;NA;NA;NA;NA;NA;NA;NA;NA;NA;NA;NA;NA;NA;NA;NA;NA;NA;NA;NA;NA;NA;NA;NA;NA;NA;NA;NA;NA;NA;NA;NA;NA;NA;NA;NA;NA;NA;NA;NA;NA;NA;NA;NA;NA;NA;NA;NA;NA;NA;NA;NA;NA;NA;NA;NA;NA;NA;NA;NA;NA;NA;NA;NA;NA
Anolis_carolinensis;Squamata;Iguania;Dactyloidae;Extant;3_Tricuspid;1;1;0;Insectivorous;Predatory;0;0;Ollonen et al. 2018;10.3389/fphys.2018.00278;Di-Poï lab;Meiri 2018;10.1111/geb.12773;1.70E+01;2.92E+01;4.90E-02;5.54E-03;2.48E-02;5.11E-11;1.29E-02;2.66E-11;-2.44E-01;-1.16E+00;3.53E-01;-7.28E-01;5.17E-02;1.07E-01;6.35E-01;-8.79E-02;1.40E-02;-1.10E-01;-8.15E-03;-1.51E-01;4.11E-02;-9.35E-02;4.71E-02;2.10E-02;9.48E-02;1.08E-01;-9.46E-03;1.10E-02;-1.36E-02;1.95E-02;5.16E-02;-1.39E-02;1.18E-02;1.02E-02;-7.28E-02;1.99E-02;3.44E-02;2.00E-02;-2.32E-02;3.92E-03;-5.43E-03;-2.01E-02;-1.59E-02;-1.03E-02;-9.12E-03;1.02E-02;-5.59E-03;1.16E-04;8.98E-03;2.58E-03;1.25E+00;2.27E+00;2.90E+01;-2.33E+00;6.05E+00;8.38E+00;-2.45E+00;-2.17E+01;-3.43E+00;8.45E+00;2.98E+00;1.92E+00;-2.10E+00;-2.00E+00;-8.68E+00;1.12E+01;1.29E+01;4.73E+00;-1.52E+01;6.91E+00;2.52E+00;-1.48E+01;-1.20E+00;1.44E+01;-7.33E+00;2.20E+01;5.93E+00;4.90E+00;-1.93E+01;6.16E+00;-1.04E+01;1.97E+01;1.44E+01;2.44E+00;1.56E+01;3.06E+00;1.66E+00;-1.85E+01;-1.86E+01;-4.49E+00;5.42E-01;-1.79E+01;3.14E-01;1.24E+00;-6.01E-02;6.99E-01;1.05E-01;-7.35E-02;7.32E-02;6.10E-02;-1.44E-01;-1.32E-03;-8.45E-02;-7.83E-02;-1.39E-01;-1.82E-02;-2.88E-02;1.92E-01;6.60E-02;4.12E-02;6.05E-02;1.49E-02;-3.38E-03;-1.08E-02;-3.44E-02;2.66E-02;1.02E-02;-2.98E-02;-7.21E-02;-1.70E-02;2.94E-02;1.57E-02;-2.85E-02;-3.63E-03;8.98E-03;7.76E-03;1.71E-02;-2.39E-02;4.42E-03;-1.17E-02;4.38E-03;1.69E-03;5.36E-03;-2.68E-03;1.88E-01
Anolis_chamaeleonides;Squamata;Iguania;Dactyloidae;Extant;3_Tricuspid;1;1;0;Insectivorous;Predatory;0;0;Estes & Williams 1984;10.1080/02724634.1984.10011989;MCZ 13328;Meiri 2018;10.1111/geb.12773;2.14E+01;3.76E+01;4.90E-02;5.54E-03;2.81E-02;5.79E-11;2.59E-02;5.33E-11;NA;NA;NA;NA;NA;NA;NA;NA;NA;NA;NA;NA;NA;NA;NA;NA;NA;NA;NA;NA;NA;NA;NA;NA;NA;NA;NA;NA;NA;NA;NA;NA;NA;NA;NA;NA;NA;NA;NA;NA;NA;NA;NA;NA;NA;NA;NA;NA;NA;NA;NA;NA;NA;NA;NA;NA;NA;NA;NA;NA;NA;NA;NA;NA;NA;NA;NA;NA;NA;NA;NA;NA;NA;NA;NA;NA;NA;NA;NA;NA;NA;NA;NA;NA;NA;NA;NA;NA;NA;NA;NA;NA;NA;NA;NA;NA;NA;NA;NA;NA;NA;NA;NA;NA;NA;NA;NA;NA;NA;NA;NA;NA;NA;NA;NA;NA;NA;NA;NA;NA;NA;NA;NA;NA;NA;NA;NA
Anolis_equestris;Squamata;Iguania;Dactyloidae;Extant;3_Tricuspid;1;1;0;Omnivorous;Omnivorous;1;0;This study;This study;Di-Poï lab;Meiri 2018;10.1111/geb.12773;1.43E+01;1.25E+01;4.90E-02;5.54E-03;2.77E-02;5.71E-11;3.73E-02;7.94E-11;-2.32E-01;5.25E-01;-2.24E-02;4.50E-01;-2.76E-01;5.48E-02;-3.16E-01;-3.55E-02;9.97E-02;6.62E-02;1.04E-01;1.27E-01;2.02E-01;-4.69E-02;1.01E-01;1.22E-01;-1.04E-01;1.00E-01;-4.28E-02;-6.61E-02;2.80E-02;1.71E-02;-4.48E-02;-2.83E-02;8.99E-03;1.41E-02;-3.55E-03;1.14E-02;6.84E-04;-1.02E-02;1.29E-02;-1.36E-02;-4.62E-03;-2.41E-02;2.50E-03;-8.27E-03;-3.68E-03;-6.51E-03;8.27E-03;-5.91E-03;-2.02E-03;1.59E-03;9.44E+00;1.06E+01;-1.53E+01;4.81E-01;-2.66E+01;2.83E+01;-1.09E+01;-1.64E+00;2.12E+00;1.28E+01;8.35E+00;4.02E+00;8.60E+00;5.29E-01;4.10E+00;-1.07E+01;1.10E+01;5.03E+00;2.28E+00;1.17E+00;-7.56E+00;-1.98E+00;3.84E+00;-3.42E+00;-2.06E+00;-3.17E+00;1.24E+01;8.87E+00;1.35E+01;-5.80E-01;-6.65E+00;-6.73E+00;1.06E+01;-6.11E+00;-1.83E+01;1.43E+01;9.57E+00;1.04E+01;-1.55E+01;-5.14E-01;1.33E+00;1.93E+01;3.87E-01;-6.65E-01;-2.59E-02;-4.46E-01;-1.69E-01;3.36E-01;2.46E-01;1.96E-02;1.08E-01;-1.51E-02;-2.85E-03;3.05E-01;-3.67E-02;1.52E-01;-2.50E-02;-8.86E-02;2.25E-02;-1.52E-02;1.29E-01;-1.12E-01;-2.37E-03;-4.33E-02;5.56E-02;-1.35E-02;-4.64E-04;1.25E-02;-2.85E-02;-9.41E-03;1.69E-02;-2.06E-03;-1.74E-03;2.30E-02;8.77E-03;1.65E-02;1.49E-02;-1.62E-02;3.96E-03;2.95E-03;-3.16E-03;6.25E-03;3.58E-04;-8.01E-04;1.08E-01
Anolis_garmani;Squamata;Iguania;Dactyloidae;Extant;3_Tricuspid;1;1;0;Omnivorous;Omnivorous;1;0;Etheridge & de Queiroz 1988;9.78E+12;SDSNH 63925;Meiri 2018;10.1111/geb.12773;2.13E+01;3.93E+01;4.90E-02;5.54E-03;2.47E-02;5.09E-11;1.81E-02;4.57E-11;NA;NA;NA;NA;NA;NA;NA;NA;NA;NA;NA;NA;NA;NA;NA;NA;NA;NA;NA;NA;NA;NA;NA;NA;NA;NA;NA;NA;NA;NA;NA;NA;NA;NA;NA;NA;NA;NA;NA;NA;NA;NA;NA;NA;NA;NA;NA;NA;NA;NA;NA;NA;NA;NA;NA;NA;NA;NA;NA;NA;NA;NA;NA;NA;NA;NA;NA;NA;NA;NA;NA;NA;NA;NA;NA;NA;NA;NA;NA;NA;NA;NA;NA;NA;NA;NA;NA;NA;NA;NA;NA;NA;NA;NA;NA;NA;NA;NA;NA;NA;NA;NA;NA;NA;NA;NA;NA;NA;NA;NA;NA;NA;NA;NA;NA;NA;NA;NA;NA;NA;NA;NA;NA;NA;NA;NA;NA
Anolis_porcus;Squamata;Iguania;Dactyloidae;Extant;3_Tricuspid;1;1;0;Insectivorous;Predatory;0;0;Estes & Williams 1984;10.1080/02724634.1984.10011989;MCZ 131918;Meiri 2018;10.1111/geb.12773;2.11E+01;3.71E+01;4.90E-02;5.54E-03;2.81E-02;5.79E-11;2.59E-02;5.33E-11;-3.52E+00;2.76E-01;-2.97E-01;2.05E-01;-1.60E-02;1.93E-01;-9.23E-04;8.20E-02;-7.61E-02;1.97E-01;-7.96E-02;3.98E-02;-6.53E-02;-6.61E-02;-8.51E-04;-1.99E-02;-2.64E-02;-3.45E-02;-1.03E-02;-2.10E-02;2.73E-02;-1.21E-02;-2.75E-02;1.41E-02;2.19E-03;1.37E-02;-9.79E-04;1.03E-02;-2.05E-02;-1.69E-02;1.37E-02;-2.10E-03;-2.64E-03;-5.76E-03;-2.04E-03;1.23E-02;2.65E-03;1.12E-02;-1.70E-02;-1.14E-03;2.13E-03;3.65E-03;2.20E+01;-2.08E+01;-3.23E+00;-7.94E+00;-6.45E+00;4.36E-01;1.56E+00;3.10E-01;1.55E+00;5.31E+00;-2.68E+00;3.24E-01;3.41E+00;5.25E+00;3.15E+00;-8.05E+00;3.49E+00;-2.20E-01;3.25E-01;2.92E+00;5.94E+00;7.32E-01;-6.34E+00;-1.94E+01;5.04E+00;-6.66E+00;-1.76E+00;2.31E+00;8.72E+00;4.41E-01;-1.47E+00;9.80E-01;-7.96E+00;-9.60E+00;-9.36E-01;-8.97E+00;4.52E+00;1.06E+00;6.53E+00;-1.58E+00;-1.37E+01;-1.07E+00;-2.83E+00;-5.11E-01;6.45E-01;-3.08E-01;2.77E-01;1.45E-01;-4.00E-02;1.26E-01;-2.04E-01;-1.38E-01;6.21E-02;4.37E-02;4.75E-02;-7.98E-02;-1.40E-01;-5.08E-02;2.63E-02;-1.17E-02;2.89E-02;8.03E-03;1.54E-02;-6.25E-03;2.96E-02;-4.08E-03;-2.78E-02;-2.54E-02;-1.24E-02;3.30E-02;8.69E-03;4.48E-03;5.35E-03;6.01E-03;4.49E-03;6.20E-03;-1.07E-02;2.03E-03;2.48E-03;-1.70E-02;4.49E-03;4.70E-03;3.31E-03;-2.13E-03;1.09E-01
Anolis_sagrei;Squamata;Iguania;Dactyloidae;Extant;3_Tricuspid;1;1;0;Insectivorous;Predatory;0;0;Da Silva et al. 2018;10.1038/s41467-017-02788-3;ZMB 537;Meiri 2018;10.1111/geb.12773;2.18E+01;3.89E+01;4.90E-02;5.54E-03;2.47E-02;5.09E-11;1.30E-02;2.69E-11;-1.04E+00;1.76E-01;-2.36E-01;2.21E-01;-2.81E-01;2.45E-01;7.23E-02;1.81E-02;5.43E-02;-7.92E-02;-6.03E-02;7.47E-02;-3.88E-02;-1.68E-02;1.63E-02;4.02E-02;1.61E-02;-6.62E-03;-1.06E-02;1.02E-02;-1.15E-02;-4.10E-02;-3.95E-02;-2.60E-02;-4.38E-02;-6.27E-02;-6.61E-03;1.80E-03;1.21E-02;-1.15E-02;8.62E-03;1.64E-02;2.20E-02;-1.48E-02;-1.46E-02;-1.01E-02;3.43E-03;-3.43E-03;-2.24E-03;-1.21E-02;3.20E-05;-2.05E-03;4.82E+00;-4.58E-01;-3.92E+00;5.82E+00;-4.13E-01;-4.78E+00;-7.28E+00;1.71E-01;1.04E+01;8.40E+00;3.06E+00;4.92E+00;2.87E-01;8.36E+00;9.24E-01;-1.11E+00;2.97E+00;-7.22E+00;-2.99E+00;-2.57E+00;4.48E+00;-4.91E+00;-3.90E+00;2.89E+00;-4.55E+00;-8.24E+00;7.60E+00;1.43E+01;6.97E+00;-1.04E+00;-9.88E+00;1.91E+00;7.24E+00;2.06E+00;-1.19E-01;-5.83E+00;-6.46E+00;2.32E+01;3.17E+00;2.06E+01;-6.45E+00;-1.23E+01;-3.96E-01;-3.29E-01;3.62E-01;-1.35E-01;5.32E-02;3.52E-01;2.75E-01;1.21E-01;-4.07E-02;1.19E-01;1.11E-02;4.96E-02;6.13E-02;-2.90E-02;-6.37E-02;-2.45E-03;3.84E-02;4.76E-03;2.23E-02;2.59E-02;3.78E-04;3.83E-02;5.48E-02;8.63E-03;6.38E-02;-3.00E-02;1.51E-02;-4.40E-03;2.04E-02;-1.80E-02;1.80E-02;-1.57E-02;-2.67E-03;2.14E-02;1.51E-02;-1.12E-02;-9.32E-03;-4.30E-03;2.13E-03;1.29E-02;5.58E-03;2.80E-03;9.92E-02
Anomochilus_leonardi;Squamata;Serpentes;Anomochilidae;Extant;1_Unicuspid;0;0;0;Insectivorous;Predatory;0;0;Rieppel & Maisano 2007;10.1111/j.1096-3642.2007.00276.x;FRIM 0026;Vitt & Caldwell 2008;978-0123869197;1.39E+00;3.28E-01;5.44E-02;2.45E-03;2.00E-02;4.12E-11;2.26E-02;4.67E-11;NA;NA;NA;NA;NA;NA;NA;NA;NA;NA;NA;NA;NA;NA;NA;NA;NA;NA;NA;NA;NA;NA;NA;NA;NA;NA;NA;NA;NA;NA;NA;NA;NA;NA;NA;NA;NA;NA;NA;NA;NA;NA;NA;NA;NA;NA;NA;NA;NA;NA;NA;NA;NA;NA;NA;NA;NA;NA;NA;NA;NA;NA;NA;NA;NA;NA;NA;NA;NA;NA;NA;NA;NA;NA;NA;NA;NA;NA;NA;NA;NA;NA;NA;NA;NA;NA;NA;NA;NA;NA;NA;NA;NA;NA;NA;NA;NA;NA;NA;NA;NA;NA;NA;NA;NA;NA;NA;NA;NA;NA;NA;NA;NA;NA;NA;NA;NA;NA;NA;NA;NA;NA;NA;NA;NA;NA;NA
Aparallactus_modestus;Squamata;Serpentes;Lamprophiidae;Extant;1_Unicuspid;0;0;0;Insectivorous;Predatory;0;0;Da Silva et al. 2018;10.1038/s41467-017-02788-3;ZMB 6910;Watanabe et al. 2019;10.1073/pnas.1820967116;1.86E+00;5.72E-01;5.44E-02;2.45E-03;1.75E-02;3.61E-11;1.87E-02;3.86E-11;NA;NA;NA;NA;NA;NA;NA;NA;NA;NA;NA;NA;NA;NA;NA;NA;NA;NA;NA;NA;NA;NA;NA;NA;NA;NA;NA;NA;NA;NA;NA;NA;NA;NA;NA;NA;NA;NA;NA;NA;NA;NA;NA;NA;NA;NA;NA;NA;NA;NA;NA;NA;NA;NA;NA;NA;NA;NA;NA;NA;NA;NA;NA;NA;NA;NA;NA;NA;NA;NA;NA;NA;NA;NA;NA;NA;NA;NA;NA;NA;NA;NA;NA;NA;NA;NA;NA;NA;NA;NA;NA;NA;NA;NA;NA;NA;NA;NA;NA;NA;NA;NA;NA;NA;NA;NA;NA;NA;NA;NA;NA;NA;NA;NA;NA;NA;NA;NA;NA;NA;NA;NA;NA;NA;NA;NA;NA
Aplopeltura_boa;Squamata;Serpentes;Pareidae;Extant;1_Unicuspid;0;0;0;Insectivorous;Predatory;0;0;Da Silva et al. 2018;10.1038/s41467-017-02788-3;ZMB 5397;Barker 2004;0-85199-319-2;9.68E-01;2.12E-01;5.44E-02;2.45E-03;7.14E-03;1.47E-11;8.74E-03;1.80E-11;NA;NA;NA;NA;NA;NA;NA;NA;NA;NA;NA;NA;NA;NA;NA;NA;NA;NA;NA;NA;NA;NA;NA;NA;NA;NA;NA;NA;NA;NA;NA;NA;NA;NA;NA;NA;NA;NA;NA;NA;NA;NA;NA;NA;NA;NA;NA;NA;NA;NA;NA;NA;NA;NA;NA;NA;NA;NA;NA;NA;NA;NA;NA;NA;NA;NA;NA;NA;NA;NA;NA;NA;NA;NA;NA;NA;NA;NA;NA;NA;NA;NA;NA;NA;NA;NA;NA;NA;NA;NA;NA;NA;NA;NA;NA;NA;NA;NA;NA;NA;NA;NA;NA;NA;NA;NA;NA;NA;NA;NA;NA;NA;NA;NA;NA;NA;NA;NA;NA;NA;NA;NA;NA;NA;NA;NA;NA
Aprasia_repens;Squamata;Gekkota;Pygopodidae;Extant;1_Unicuspid;0;0;0;Insectivorous;Predatory;0;0;Daza & Bauer 2015;978-3-8142-2324-7;CAS 104382;Meiri 2018;10.1111/geb.12773;1.36E+00;1.84E+00;4.37E-02;7.42E-03;1.64E-02;3.39E-11;1.81E-02;3.74E-11;NA;NA;NA;NA;NA;NA;NA;NA;NA;NA;NA;NA;NA;NA;NA;NA;NA;NA;NA;NA;NA;NA;NA;NA;NA;NA;NA;NA;NA;NA;NA;NA;NA;NA;NA;NA;NA;NA;NA;NA;NA;NA;NA;NA;NA;NA;NA;NA;NA;NA;NA;NA;NA;NA;NA;NA;NA;NA;NA;NA;NA;NA;NA;NA;NA;NA;NA;NA;NA;NA;NA;NA;NA;NA;NA;NA;NA;NA;NA;NA;NA;NA;NA;NA;NA;NA;NA;NA;NA;NA;NA;NA;NA;NA;NA;NA;NA;NA;NA;NA;NA;NA;NA;NA;NA;NA;NA;NA;NA;NA;NA;NA;NA;NA;NA;NA;NA;NA;NA;NA;NA;NA;NA;NA;NA;NA;NA
Archaeolacerta_bedriagae;Squamata;Lacertoidea;Lacertidae;Extant;3_Tricuspid;1;1;0;Omnivorous;Omnivorous;1;0;Herrel et al. 2004;10.1111/j.1420-9101.2004.00758.x;NA;Meiri 2018;10.1111/geb.12773;7.73E+01;2.71E+01;4.37E-02;7.42E-03;2.55E-02;5.25E-11;2.68E-02;6.10E-11;NA;NA;NA;NA;NA;NA;NA;NA;NA;NA;NA;NA;NA;NA;NA;NA;NA;NA;NA;NA;NA;NA;NA;NA;NA;NA;NA;NA;NA;NA;NA;NA;NA;NA;NA;NA;NA;NA;NA;NA;NA;NA;NA;NA;NA;NA;NA;NA;NA;NA;NA;NA;NA;NA;NA;NA;NA;NA;NA;NA;NA;NA;NA;NA;NA;NA;NA;NA;NA;NA;NA;NA;NA;NA;NA;NA;NA;NA;NA;NA;NA;NA;NA;NA;NA;NA;NA;NA;NA;NA;NA;NA;NA;NA;NA;NA;NA;NA;NA;NA;NA;NA;NA;NA;NA;NA;NA;NA;NA;NA;NA;NA;NA;NA;NA;NA;NA;NA;NA;NA;NA;NA;NA;NA;NA;NA;NA
Armandisaurus_explorator;Squamata;Iguania;Iguanidae;Fossil;3_Tricuspid;1;1;0;Herbivorous;Herbivorous;1;1;Norell & de Queiroz 1991;Am. Mus. Novit. 2997:1-16;AMNH-FAM 8799;This study;This study;1.82E+01;2.95E+00;4.90E-02;5.54E-03;3.57E-02;7.35E-11;3.79E-02;8.04E-11;NA;NA;NA;NA;NA;NA;NA;NA;NA;NA;NA;NA;NA;NA;NA;NA;NA;NA;NA;NA;NA;NA;NA;NA;NA;NA;NA;NA;NA;NA;NA;NA;NA;NA;NA;NA;NA;NA;NA;NA;NA;NA;NA;NA;NA;NA;NA;NA;NA;NA;NA;NA;NA;NA;NA;NA;NA;NA;NA;NA;NA;NA;NA;NA;NA;NA;NA;NA;NA;NA;NA;NA;NA;NA;NA;NA;NA;NA;NA;NA;NA;NA;NA;NA;NA;NA;NA;NA;NA;NA;NA;NA;NA;NA;NA;NA;NA;NA;NA;NA;NA;NA;NA;NA;NA;NA;NA;NA;NA;NA;NA;NA;NA;NA;NA;NA;NA;NA;NA;NA;NA;NA;NA;NA;NA;NA;NA
Arrhyton_taeniatum;Squamata;Serpentes;Colubridae;Extant;1_Unicuspid;0;0;0;Carnivorous;Predatory;0;0;Da Silva et al. 2018;10.1038/s41467-017-02788-3;ZMB 6600;Mallow et al. 2003;0-89464-877-2;1.15E+00;2.87E-01;5.44E-02;2.45E-03;1.70E-02;3.49E-11;1.93E-02;3.97E-11;NA;NA;NA;NA;NA;NA;NA;NA;NA;NA;NA;NA;NA;NA;NA;NA;NA;NA;NA;NA;NA;NA;NA;NA;NA;NA;NA;NA;NA;NA;NA;NA;NA;NA;NA;NA;NA;NA;NA;NA;NA;NA;NA;NA;NA;NA;NA;NA;NA;NA;NA;NA;NA;NA;NA;NA;NA;NA;NA;NA;NA;NA;NA;NA;NA;NA;NA;NA;NA;NA;NA;NA;NA;NA;NA;NA;NA;NA;NA;NA;NA;NA;NA;NA;NA;NA;NA;NA;NA;NA;NA;NA;NA;NA;NA;NA;NA;NA;NA;NA;NA;NA;NA;NA;NA;NA;NA;NA;NA;NA;NA;NA;NA;NA;NA;NA;NA;NA;NA;NA;NA;NA;NA;NA;NA;NA;NA
Aspidites_melanocephalus;Squamata;Serpentes;Pythonidae;Extant;1_Unicuspid;0;0;0;Carnivorous;Predatory;0;0;Gauthier et al. 2012;10.3374/014.053.0101;FMNH 97055;Watanabe et al. 2019;10.1073/pnas.1820967116;1.54E+00;4.05E-01;5.44E-02;2.45E-03;2.76E-02;5.69E-11;2.59E-02;5.33E-11;NA;NA;NA;NA;NA;NA;NA;NA;NA;NA;NA;NA;NA;NA;NA;NA;NA;NA;NA;NA;NA;NA;NA;NA;NA;NA;NA;NA;NA;NA;NA;NA;NA;NA;NA;NA;NA;NA;NA;NA;NA;NA;NA;NA;NA;NA;NA;NA;NA;NA;NA;NA;NA;NA;NA;NA;NA;NA;NA;NA;NA;NA;NA;NA;NA;NA;NA;NA;NA;NA;NA;NA;NA;NA;NA;NA;NA;NA;NA;NA;NA;NA;NA;NA;NA;NA;NA;NA;NA;NA;NA;NA;NA;NA;NA;NA;NA;NA;NA;NA;NA;NA;NA;NA;NA;NA;NA;NA;NA;NA;NA;NA;NA;NA;NA;NA;NA;NA;NA;NA;NA;NA;NA;NA;NA;NA;NA
Aspidoscelis_tigris;Squamata;Lacertoidea;Teiidae;Extant;2_Bicuspid;1;0;0;Insectivorous;Predatory;0;0;Gauthier et al. 2012;10.3374/014.053.0101;FMNH 161622;Meiri 2018;10.1111/geb.12773;1.08E+02;7.74E+00;4.48E-02;6.90E-03;2.60E-02;5.36E-11;1.61E-02;3.32E-11;1.65E-01;-7.39E-01;1.85E-01;-3.47E-01;2.34E-01;9.66E-02;-4.35E-01;-1.42E-01;-1.17E-01;8.16E-02;-1.19E-01;-3.62E-02;3.26E-02;-1.01E-01;-5.40E-02;-1.86E-02;-1.11E-02;-4.92E-03;1.39E-02;-9.62E-03;4.17E-02;-3.92E-02;5.19E-02;-1.07E-02;3.07E-02;-3.07E-03;1.63E-02;2.31E-03;-7.02E-03;-1.08E-02;2.01E-03;-2.82E-02;1.91E-02;-7.20E-03;-1.33E-02;-2.65E-03;9.59E-03;1.48E-02;9.95E-03;-7.56E-03;-3.08E-03;-1.39E-03;7.84E+00;1.48E+01;3.55E+00;-2.62E+00;-7.31E+00;-4.24E-01;1.65E+00;1.10E+01;1.53E+01;-2.51E+00;7.28E-01;8.15E+00;-1.45E+00;8.28E+00;-4.43E-01;-7.54E+00;4.92E+00;-4.63E+00;2.24E+00;3.08E+00;-3.92E+00;-3.33E+00;-7.78E+00;-1.34E+01;1.89E+01;1.07E+01;-1.10E+00;-1.16E+01;-1.90E+01;4.95E+00;5.29E+00;-5.41E+00;-6.44E+00;1.18E-01;3.42E+00;-1.21E+01;-1.29E+00;3.98E+00;-5.23E+00;-1.83E+01;4.86E+00;-1.18E+00;7.62E-01;6.48E-01;-1.13E-01;-1.99E-02;-1.59E-02;1.99E-01;-5.14E-01;-9.40E-02;2.47E-01;-2.02E-01;9.17E-02;-3.27E-02;-4.56E-02;-9.01E-03;-1.10E-01;1.97E-02;2.47E-02;-2.09E-02;2.16E-02;-1.30E-03;1.98E-02;5.26E-03;-6.13E-02;-2.87E-02;8.08E-03;4.71E-02;2.52E-02;1.69E-02;2.45E-02;-1.38E-02;8.67E-03;9.58E-03;-1.93E-02;1.13E-02;1.76E-03;-1.26E-03;-2.28E-03;-1.42E-02;-1.71E-02;7.40E-03;-3.56E-03;3.43E-03;1.06E-01
Aspidoscelis_uniparens;Squamata;Lacertoidea;Teiidae;Extant;3_Tricuspid;1;1;0;Insectivorous;Predatory;0;0;Evans 2008;978-0-91698-476-2;UCA;Meiri 2018;10.1111/geb.12773;9.46E+01;8.22E+00;4.48E-02;6.90E-03;2.60E-02;5.36E-11;1.61E-02;3.32E-11;NA;NA;NA;NA;NA;NA;NA;NA;NA;NA;NA;NA;NA;NA;NA;NA;NA;NA;NA;NA;NA;NA;NA;NA;NA;NA;NA;NA;NA;NA;NA;NA;NA;NA;NA;NA;NA;NA;NA;NA;NA;NA;NA;NA;NA;NA;NA;NA;NA;NA;NA;NA;NA;NA;NA;NA;NA;NA;NA;NA;NA;NA;NA;NA;NA;NA;NA;NA;NA;NA;NA;NA;NA;NA;NA;NA;NA;NA;NA;NA;NA;NA;NA;NA;NA;NA;NA;NA;NA;NA;NA;NA;NA;NA;NA;NA;NA;NA;NA;NA;NA;NA;NA;NA;NA;NA;NA;NA;NA;NA;NA;NA;NA;NA;NA;NA;NA;NA;NA;NA;NA;NA;NA;NA;NA;NA;NA
Atractaspis_boulengeri;Squamata;Serpentes;Lamprophiidae;Extant;1_Unicuspid;0;0;0;Carnivorous;Predatory;0;0;Da Silva et al. 2018;10.1038/s41467-017-02788-3;ZMB 11040;Deufel & Cundall 2003;10.1078/0944-2006-00088;1.37E+00;3.99E-01;5.44E-02;2.45E-03;2.34E-02;4.83E-11;2.36E-02;4.85E-11;NA;NA;NA;NA;NA;NA;NA;NA;NA;NA;NA;NA;NA;NA;NA;NA;NA;NA;NA;NA;NA;NA;NA;NA;NA;NA;NA;NA;NA;NA;NA;NA;NA;NA;NA;NA;NA;NA;NA;NA;NA;NA;NA;NA;NA;NA;NA;NA;NA;NA;NA;NA;NA;NA;NA;NA;NA;NA;NA;NA;NA;NA;NA;NA;NA;NA;NA;NA;NA;NA;NA;NA;NA;NA;NA;NA;NA;NA;NA;NA;NA;NA;NA;NA;NA;NA;NA;NA;NA;NA;NA;NA;NA;NA;NA;NA;NA;NA;NA;NA;NA;NA;NA;NA;NA;NA;NA;NA;NA;NA;NA;NA;NA;NA;NA;NA;NA;NA;NA;NA;NA;NA;NA;NA;NA;NA;NA
Atractaspis_irregularis;Squamata;Serpentes;Lamprophiidae;Extant;1_Unicuspid;0;0;0;Carnivorous;Predatory;0;0;Gauthier et al. 2012;10.3374/014.053.0101;FMNH 62204;Deufel & Cundall 2003;10.1078/0944-2006-00088;1.45E+00;3.63E-01;5.44E-02;2.45E-03;2.34E-02;4.83E-11;2.36E-02;4.85E-11;NA;NA;NA;NA;NA;NA;NA;NA;NA;NA;NA;NA;NA;NA;NA;NA;NA;NA;NA;NA;NA;NA;NA;NA;NA;NA;NA;NA;NA;NA;NA;NA;NA;NA;NA;NA;NA;NA;NA;NA;NA;NA;NA;NA;NA;NA;NA;NA;NA;NA;NA;NA;NA;NA;NA;NA;NA;NA;NA;NA;NA;NA;NA;NA;NA;NA;NA;NA;NA;NA;NA;NA;NA;NA;NA;NA;NA;NA;NA;NA;NA;NA;NA;NA;NA;NA;NA;NA;NA;NA;NA;NA;NA;NA;NA;NA;NA;NA;NA;NA;NA;NA;NA;NA;NA;NA;NA;NA;NA;NA;NA;NA;NA;NA;NA;NA;NA;NA;NA;NA;NA;NA;NA;NA;NA;NA;NA
Axonoscincus_sabatieri;Squamata;Scincoidea;Scincidae;Fossil;1_Unicuspid;0;0;0;Insectivorous;Predatory;0;0;Augé 2003;Geodiversitas, 25(3):539-574;MNHN PMT 37;This study;This study;5.32E+00;3.53E+00;4.37E-02;7.42E-03;6.90E-03;1.42E-11;7.77E-03;1.60E-11;NA;NA;NA;NA;NA;NA;NA;NA;NA;NA;NA;NA;NA;NA;NA;NA;NA;NA;NA;NA;NA;NA;NA;NA;NA;NA;NA;NA;NA;NA;NA;NA;NA;NA;NA;NA;NA;NA;NA;NA;NA;NA;NA;NA;NA;NA;NA;NA;NA;NA;NA;NA;NA;NA;NA;NA;NA;NA;NA;NA;NA;NA;NA;NA;NA;NA;NA;NA;NA;NA;NA;NA;NA;NA;NA;NA;NA;NA;NA;NA;NA;NA;NA;NA;NA;NA;NA;NA;NA;NA;NA;NA;NA;NA;NA;NA;NA;NA;NA;NA;NA;NA;NA;NA;NA;NA;NA;NA;NA;NA;NA;NA;NA;NA;NA;NA;NA;NA;NA;NA;NA;NA;NA;NA;NA;NA;NA
Azemiops_feae;Squamata;Serpentes;Viperidae;Extant;1_Unicuspid;0;0;0;Carnivorous;Predatory;0;0;Watanabe et al. 2019;10.1073/pnas.1820967116;FMNH 218627;Watanabe et al. 2019;10.1073/pnas.1820967116;1.32E+00;3.37E-01;5.44E-02;2.45E-03;1.93E-02;3.97E-11;2.11E-02;4.36E-11;NA;NA;NA;NA;NA;NA;NA;NA;NA;NA;NA;NA;NA;NA;NA;NA;NA;NA;NA;NA;NA;NA;NA;NA;NA;NA;NA;NA;NA;NA;NA;NA;NA;NA;NA;NA;NA;NA;NA;NA;NA;NA;NA;NA;NA;NA;NA;NA;NA;NA;NA;NA;NA;NA;NA;NA;NA;NA;NA;NA;NA;NA;NA;NA;NA;NA;NA;NA;NA;NA;NA;NA;NA;NA;NA;NA;NA;NA;NA;NA;NA;NA;NA;NA;NA;NA;NA;NA;NA;NA;NA;NA;NA;NA;NA;NA;NA;NA;NA;NA;NA;NA;NA;NA;NA;NA;NA;NA;NA;NA;NA;NA;NA;NA;NA;NA;NA;NA;NA;NA;NA;NA;NA;NA;NA;NA;NA
Azemiops_kharini;Squamata;Serpentes;Viperidae;Extant;1_Unicuspid;0;0;0;Carnivorous;Predatory;0;0;Da Silva et al. 2018;10.1038/s41467-017-02788-3;ZMB 69985;Mallow et al. 2003;0-89464-877-2;1.34E+00;2.88E-01;5.44E-02;2.45E-03;1.93E-02;3.97E-11;2.11E-02;4.36E-11;NA;NA;NA;NA;NA;NA;NA;NA;NA;NA;NA;NA;NA;NA;NA;NA;NA;NA;NA;NA;NA;NA;NA;NA;NA;NA;NA;NA;NA;NA;NA;NA;NA;NA;NA;NA;NA;NA;NA;NA;NA;NA;NA;NA;NA;NA;NA;NA;NA;NA;NA;NA;NA;NA;NA;NA;NA;NA;NA;NA;NA;NA;NA;NA;NA;NA;NA;NA;NA;NA;NA;NA;NA;NA;NA;NA;NA;NA;NA;NA;NA;NA;NA;NA;NA;NA;NA;NA;NA;NA;NA;NA;NA;NA;NA;NA;NA;NA;NA;NA;NA;NA;NA;NA;NA;NA;NA;NA;NA;NA;NA;NA;NA;NA;NA;NA;NA;NA;NA;NA;NA;NA;NA;NA;NA;NA;NA
Babibasiliscus_alxi;Squamata;Iguania;Corytophanidae;Fossil;3_Tricuspid;1;1;0;Insectivorous;Predatory;0;0;Conrad 2015;10.1371/journal.pone.0127900;UWBM 89090;This study;This study;5.64E+01;1.17E+01;4.90E-02;5.54E-03;3.90E-02;8.03E-11;3.37E-02;6.95E-11;NA;NA;NA;NA;NA;NA;NA;NA;NA;NA;NA;NA;NA;NA;NA;NA;NA;NA;NA;NA;NA;NA;NA;NA;NA;NA;NA;NA;NA;NA;NA;NA;NA;NA;NA;NA;NA;NA;NA;NA;NA;NA;NA;NA;NA;NA;NA;NA;NA;NA;NA;NA;NA;NA;NA;NA;NA;NA;NA;NA;NA;NA;NA;NA;NA;NA;NA;NA;NA;NA;NA;NA;NA;NA;NA;NA;NA;NA;NA;NA;NA;NA;NA;NA;NA;NA;NA;NA;NA;NA;NA;NA;NA;NA;NA;NA;NA;NA;NA;NA;NA;NA;NA;NA;NA;NA;NA;NA;NA;NA;NA;NA;NA;NA;NA;NA;NA;NA;NA;NA;NA;NA;NA;NA;NA;NA;NA
Bachia_bicolor;Squamata;Lacertoidea;Gymnophthalmidae;Extant;1_Unicuspid;0;0;0;Insectivorous;Predatory;0;0;Tarazona et al. 2008;10.1111/j.1096-3642.2007.00364.x;UIS-R-1459;Meiri 2018;10.1111/geb.12773;8.44E+01;4.85E+00;4.48E-02;6.90E-03;1.60E-02;3.29E-11;7.78E-03;1.60E-11;NA;NA;NA;NA;NA;NA;NA;NA;NA;NA;NA;NA;NA;NA;NA;NA;NA;NA;NA;NA;NA;NA;NA;NA;NA;NA;NA;NA;NA;NA;NA;NA;NA;NA;NA;NA;NA;NA;NA;NA;NA;NA;NA;NA;NA;NA;NA;NA;NA;NA;NA;NA;NA;NA;NA;NA;NA;NA;NA;NA;NA;NA;NA;NA;NA;NA;NA;NA;NA;NA;NA;NA;NA;NA;NA;NA;NA;NA;NA;NA;NA;NA;NA;NA;NA;NA;NA;NA;NA;NA;NA;NA;NA;NA;NA;NA;NA;NA;NA;NA;NA;NA;NA;NA;NA;NA;NA;NA;NA;NA;NA;NA;NA;NA;NA;NA;NA;NA;NA;NA;NA;NA;NA;NA;NA;NA;NA
Barbaturex_morrisoni;Squamata;Iguania;Agamidae;Fossil;1_Unicuspid;0;0;0;Herbivorous;Herbivorous;1;1;Head et al. 2013;10.1098/rspb.2013.0665;UCMP 142227;Head et al. 2013;10.1098/rspb.2013.0665;1.02E+01;2.47E+00;4.37E-02;7.42E-03;6.67E-03;1.38E-11;1.06E-02;3.25E-11;NA;NA;NA;NA;NA;NA;NA;NA;NA;NA;NA;NA;NA;NA;NA;NA;NA;NA;NA;NA;NA;NA;NA;NA;NA;NA;NA;NA;NA;NA;NA;NA;NA;NA;NA;NA;NA;NA;NA;NA;NA;NA;NA;NA;NA;NA;NA;NA;NA;NA;NA;NA;NA;NA;NA;NA;NA;NA;NA;NA;NA;NA;NA;NA;NA;NA;NA;NA;NA;NA;NA;NA;NA;NA;NA;NA;NA;NA;NA;NA;NA;NA;NA;NA;NA;NA;NA;NA;NA;NA;NA;NA;NA;NA;NA;NA;NA;NA;NA;NA;NA;NA;NA;NA;NA;NA;NA;NA;NA;NA;NA;NA;NA;NA;NA;NA;NA;NA;NA;NA;NA;NA;NA;NA;NA;NA;NA
Basiliscus_basiliscus;Squamata;Iguania;Corytophanidae;Extant;3_Tricuspid;1;1;0;Omnivorous;Omnivorous;1;0;Etheridge & De Queiroz 1988;9.78E+12;KdQ 122;Meiri 2018;10.1111/geb.12773;9.66E+01;5.19E+00;4.90E-02;5.54E-03;2.93E-02;6.05E-11;2.33E-02;5.48E-11;2.48E+00;7.97E-01;4.67E-01;3.98E-01;2.92E-01;2.26E-01;-1.12E-01;6.25E-02;4.41E-01;-2.84E-01;-2.11E-01;-1.10E-01;1.12E-01;1.98E-01;4.15E-02;-2.23E-02;-1.83E-01;6.50E-02;-3.54E-02;-9.08E-02;5.05E-02;5.67E-03;6.28E-02;2.32E-02;-2.90E-02;-1.85E-02;1.24E-02;2.84E-03;5.88E-03;3.93E-02;3.84E-03;1.93E-03;3.38E-03;1.95E-02;-3.93E-03;-1.60E-03;-4.65E-03;1.01E-02;-9.73E-03;5.68E-03;-1.61E-03;1.15E-03;-1.32E+01;2.18E+01;-1.40E+01;1.10E+01;2.04E+01;2.29E+01;2.25E+01;2.34E+01;2.07E+00;1.71E+00;1.68E+01;1.76E+01;5.12E+00;3.56E-01;-5.21E+00;2.95E+00;3.51E+00;1.00E+01;6.92E+00;1.21E+01;6.52E+00;2.31E+01;3.01E+00;2.30E+01;-1.01E+01;9.52E+00;-5.38E+00;-2.66E+00;8.66E+00;-1.35E+01;2.62E+00;1.53E+01;-9.81E+00;-1.05E+01;-3.72E+01;-6.04E+00;1.02E+01;2.95E+00;-1.81E+01;7.91E-01;9.31E+00;-1.38E+00;3.01E+00;-7.54E-01;-9.79E-01;-1.43E-01;1.71E-01;4.00E-01;3.06E-01;-2.86E-01;2.61E-02;3.73E-01;-5.27E-02;-1.90E-01;-1.41E-01;9.39E-02;8.81E-02;-1.86E-01;-1.36E-01;-7.11E-02;6.89E-02;-1.58E-01;5.35E-03;-1.68E-02;-7.16E-02;6.02E-02;1.67E-02;7.78E-03;1.95E-02;-1.37E-02;-1.25E-03;3.17E-02;4.59E-04;-2.46E-02;-5.50E-03;-8.85E-03;-8.85E-03;-5.36E-03;4.43E-03;-2.06E-02;7.95E-03;-2.36E-03;-2.02E-03;-8.61E-04;3.40E-01
Basiliscus_plumifrons;Squamata;Iguania;Corytophanidae;Extant;3_Tricuspid;1;1;0;Omnivorous;Omnivorous;1;0;Tilford 2009;unpublished;ANSP;Meiri 2018;10.1111/geb.12773;8.82E+01;5.09E+00;4.90E-02;5.54E-03;2.93E-02;6.05E-11;2.33E-02;5.48E-11;NA;NA;NA;NA;NA;NA;NA;NA;NA;NA;NA;NA;NA;NA;NA;NA;NA;NA;NA;NA;NA;NA;NA;NA;NA;NA;NA;NA;NA;NA;NA;NA;NA;NA;NA;NA;NA;NA;NA;NA;NA;NA;NA;NA;NA;NA;NA;NA;NA;NA;NA;NA;NA;NA;NA;NA;NA;NA;NA;NA;NA;NA;NA;NA;NA;NA;NA;NA;NA;NA;NA;NA;NA;NA;NA;NA;NA;NA;NA;NA;NA;NA;NA;NA;NA;NA;NA;NA;NA;NA;NA;NA;NA;NA;NA;NA;NA;NA;NA;NA;NA;NA;NA;NA;NA;NA;NA;NA;NA;NA;NA;NA;NA;NA;NA;NA;NA;NA;NA;NA;NA;NA;NA;NA;NA;NA;NA
Basiliscus_vittatus;Squamata;Iguania;Corytophanidae;Extant;3_Tricuspid;1;1;0;Omnivorous;Omnivorous;1;0;Conrad 2015;10.1371/journal.pone.0127900;AMNH R 147832;Meiri 2018;10.1111/geb.12773;3.69E+01;5.72E+00;4.90E-02;5.54E-03;2.74E-02;5.65E-11;1.99E-02;4.88E-11;NA;NA;NA;NA;NA;NA;NA;NA;NA;NA;NA;NA;NA;NA;NA;NA;NA;NA;NA;NA;NA;NA;NA;NA;NA;NA;NA;NA;NA;NA;NA;NA;NA;NA;NA;NA;NA;NA;NA;NA;NA;NA;NA;NA;NA;NA;NA;NA;NA;NA;NA;NA;NA;NA;NA;NA;NA;NA;NA;NA;NA;NA;NA;NA;NA;NA;NA;NA;NA;NA;NA;NA;NA;NA;NA;NA;NA;NA;NA;NA;NA;NA;NA;NA;NA;NA;NA;NA;NA;NA;NA;NA;NA;NA;NA;NA;NA;NA;NA;NA;NA;NA;NA;NA;NA;NA;NA;NA;NA;NA;NA;NA;NA;NA;NA;NA;NA;NA;NA;NA;NA;NA;NA;NA;NA;NA;NA
Bipes_biporus;Squamata;Lacertoidea;Bipedidae;Extant;1_Unicuspid;0;0;0;Insectivorous;Predatory;0;0;Gauthier et al. 2012;10.3374/014.053.0101;CAS 126478;Meiri 2018;10.1111/geb.12773;6.38E+00;5.77E-01;4.37E-02;7.42E-03;7.76E-03;1.60E-11;8.27E-03;1.70E-11;NA;NA;NA;NA;NA;NA;NA;NA;NA;NA;NA;NA;NA;NA;NA;NA;NA;NA;NA;NA;NA;NA;NA;NA;NA;NA;NA;NA;NA;NA;NA;NA;NA;NA;NA;NA;NA;NA;NA;NA;NA;NA;NA;NA;NA;NA;NA;NA;NA;NA;NA;NA;NA;NA;NA;NA;NA;NA;NA;NA;NA;NA;NA;NA;NA;NA;NA;NA;NA;NA;NA;NA;NA;NA;NA;NA;NA;NA;NA;NA;NA;NA;NA;NA;NA;NA;NA;NA;NA;NA;NA;NA;NA;NA;NA;NA;NA;NA;NA;NA;NA;NA;NA;NA;NA;NA;NA;NA;NA;NA;NA;NA;NA;NA;NA;NA;NA;NA;NA;NA;NA;NA;NA;NA;NA;NA;NA
Bipes_canaliculatus;Squamata;Lacertoidea;Bipedidae;Extant;1_Unicuspid;0;0;0;Insectivorous;Predatory;0;0;Gauthier et al. 2012;10.3374/014.053.0101;CAS 134753;Melstrom 2017;10.1002/jmor.20645;6.50E+00;5.38E-01;4.37E-02;7.42E-03;7.76E-03;1.60E-11;8.27E-03;1.70E-11;NA;NA;NA;NA;NA;NA;NA;NA;NA;NA;NA;NA;NA;NA;NA;NA;NA;NA;NA;NA;NA;NA;NA;NA;NA;NA;NA;NA;NA;NA;NA;NA;NA;NA;NA;NA;NA;NA;NA;NA;NA;NA;NA;NA;NA;NA;NA;NA;NA;NA;NA;NA;NA;NA;NA;NA;NA;NA;NA;NA;NA;NA;NA;NA;NA;NA;NA;NA;NA;NA;NA;NA;NA;NA;NA;NA;NA;NA;NA;NA;NA;NA;NA;NA;NA;NA;NA;NA;NA;NA;NA;NA;NA;NA;NA;NA;NA;NA;NA;NA;NA;NA;NA;NA;NA;NA;NA;NA;NA;NA;NA;NA;NA;NA;NA;NA;NA;NA;NA;NA;NA;NA;NA;NA;NA;NA;NA
Bitis_arietans;Squamata;Serpentes;Viperidae;Extant;1_Unicuspid;0;0;0;Carnivorous;Predatory;0;0;Watanabe et al. 2019;10.1073/pnas.1820967116;ZMB 16732;Watanabe et al. 2019;10.1073/pnas.1820967116;1.20E+00;2.69E-01;5.44E-02;2.45E-03;1.42E-02;2.92E-11;1.63E-02;3.36E-11;NA;NA;NA;NA;NA;NA;NA;NA;NA;NA;NA;NA;NA;NA;NA;NA;NA;NA;NA;NA;NA;NA;NA;NA;NA;NA;NA;NA;NA;NA;NA;NA;NA;NA;NA;NA;NA;NA;NA;NA;NA;NA;NA;NA;NA;NA;NA;NA;NA;NA;NA;NA;NA;NA;NA;NA;NA;NA;NA;NA;NA;NA;NA;NA;NA;NA;NA;NA;NA;NA;NA;NA;NA;NA;NA;NA;NA;NA;NA;NA;NA;NA;NA;NA;NA;NA;NA;NA;NA;NA;NA;NA;NA;NA;NA;NA;NA;NA;NA;NA;NA;NA;NA;NA;NA;NA;NA;NA;NA;NA;NA;NA;NA;NA;NA;NA;NA;NA;NA;NA;NA;NA;NA;NA;NA;NA;NA
Bitis_gabonica;Squamata;Serpentes;Viperidae;Extant;1_Unicuspid;0;0;0;Carnivorous;Predatory;0;0;RMCA Tervuren 2020;http://digit03.africamuseum.be/;RMCA-VERT-R.28757;Perrin & Bodbijl 2001;S. Afr. J. Wildl. Res. 31(3-4):127_134;1.27E+00;2.72E-01;5.44E-02;2.45E-03;1.42E-02;2.92E-11;1.63E-02;3.36E-11;NA;NA;NA;NA;NA;NA;NA;NA;NA;NA;NA;NA;NA;NA;NA;NA;NA;NA;NA;NA;NA;NA;NA;NA;NA;NA;NA;NA;NA;NA;NA;NA;NA;NA;NA;NA;NA;NA;NA;NA;NA;NA;NA;NA;NA;NA;NA;NA;NA;NA;NA;NA;NA;NA;NA;NA;NA;NA;NA;NA;NA;NA;NA;NA;NA;NA;NA;NA;NA;NA;NA;NA;NA;NA;NA;NA;NA;NA;NA;NA;NA;NA;NA;NA;NA;NA;NA;NA;NA;NA;NA;NA;NA;NA;NA;NA;NA;NA;NA;NA;NA;NA;NA;NA;NA;NA;NA;NA;NA;NA;NA;NA;NA;NA;NA;NA;NA;NA;NA;NA;NA;NA;NA;NA;NA;NA;NA
Blanus_gracilis;Squamata;Lacertoidea;Blanidae;Fossil;1_Unicuspid;0;0;0;Insectivorous;Predatory;0;0;Rage 2013;10.1007/s12549-013-0124-x;ISER Tt-0471/1;This study;This study;7.42E+00;6.09E-01;4.37E-02;7.42E-03;2.16E-02;4.46E-11;2.43E-02;5.01E-11;NA;NA;NA;NA;NA;NA;NA;NA;NA;NA;NA;NA;NA;NA;NA;NA;NA;NA;NA;NA;NA;NA;NA;NA;NA;NA;NA;NA;NA;NA;NA;NA;NA;NA;NA;NA;NA;NA;NA;NA;NA;NA;NA;NA;NA;NA;NA;NA;NA;NA;NA;NA;NA;NA;NA;NA;NA;NA;NA;NA;NA;NA;NA;NA;NA;NA;NA;NA;NA;NA;NA;NA;NA;NA;NA;NA;NA;NA;NA;NA;NA;NA;NA;NA;NA;NA;NA;NA;NA;NA;NA;NA;NA;NA;NA;NA;NA;NA;NA;NA;NA;NA;NA;NA;NA;NA;NA;NA;NA;NA;NA;NA;NA;NA;NA;NA;NA;NA;NA;NA;NA;NA;NA;NA;NA;NA;NA
Blanus_strauchi;Squamata;Lacertoidea;Blanidae;Extant;1_Unicuspid;0;0;0;Insectivorous;Predatory;0;0;This study;This study;http://id.luomus.fi/KS.MS1181;Meiri 2018;10.1111/geb.12773;7.50E+00;6.59E-01;4.37E-02;7.42E-03;1.51E-02;3.11E-11;1.86E-02;3.83E-11;NA;NA;NA;NA;NA;NA;NA;NA;NA;NA;NA;NA;NA;NA;NA;NA;NA;NA;NA;NA;NA;NA;NA;NA;NA;NA;NA;NA;NA;NA;NA;NA;NA;NA;NA;NA;NA;NA;NA;NA;NA;NA;NA;NA;NA;NA;NA;NA;NA;NA;NA;NA;NA;NA;NA;NA;NA;NA;NA;NA;NA;NA;NA;NA;NA;NA;NA;NA;NA;NA;NA;NA;NA;NA;NA;NA;NA;NA;NA;NA;NA;NA;NA;NA;NA;NA;NA;NA;NA;NA;NA;NA;NA;NA;NA;NA;NA;NA;NA;NA;NA;NA;NA;NA;NA;NA;NA;NA;NA;NA;NA;NA;NA;NA;NA;NA;NA;NA;NA;NA;NA;NA;NA;NA;NA;NA;NA
Blanus_thomaskelleri;Squamata;Lacertoidea;Blanidae;Fossil;1_Unicuspid;0;0;0;Insectivorous;Predatory;0;0;?er?anský et al. 2015;10.1080/14772019.2014.897266;PAL EV 2013/271;This study;This study;7.47E+00;4.96E-01;4.37E-02;7.42E-03;2.06E-02;4.24E-11;2.27E-02;4.68E-11;NA;NA;NA;NA;NA;NA;NA;NA;NA;NA;NA;NA;NA;NA;NA;NA;NA;NA;NA;NA;NA;NA;NA;NA;NA;NA;NA;NA;NA;NA;NA;NA;NA;NA;NA;NA;NA;NA;NA;NA;NA;NA;NA;NA;NA;NA;NA;NA;NA;NA;NA;NA;NA;NA;NA;NA;NA;NA;NA;NA;NA;NA;NA;NA;NA;NA;NA;NA;NA;NA;NA;NA;NA;NA;NA;NA;NA;NA;NA;NA;NA;NA;NA;NA;NA;NA;NA;NA;NA;NA;NA;NA;NA;NA;NA;NA;NA;NA;NA;NA;NA;NA;NA;NA;NA;NA;NA;NA;NA;NA;NA;NA;NA;NA;NA;NA;NA;NA;NA;NA;NA;NA;NA;NA;NA;NA;NA
Boa_constrictor;Squamata;Serpentes;Boidae;Extant;1_Unicuspid;0;0;0;Carnivorous;Predatory;0;0;Gauthier et al. 2012;10.3374/014.053.0101;FMNH 31182;Watanabe et al. 2019;10.1073/pnas.1820967116;1.36E+00;3.43E-01;5.44E-02;2.45E-03;1.81E-02;3.72E-11;1.91E-02;3.93E-11;NA;NA;NA;NA;NA;NA;NA;NA;NA;NA;NA;NA;NA;NA;NA;NA;NA;NA;NA;NA;NA;NA;NA;NA;NA;NA;NA;NA;NA;NA;NA;NA;NA;NA;NA;NA;NA;NA;NA;NA;NA;NA;NA;NA;NA;NA;NA;NA;NA;NA;NA;NA;NA;NA;NA;NA;NA;NA;NA;NA;NA;NA;NA;NA;NA;NA;NA;NA;NA;NA;NA;NA;NA;NA;NA;NA;NA;NA;NA;NA;NA;NA;NA;NA;NA;NA;NA;NA;NA;NA;NA;NA;NA;NA;NA;NA;NA;NA;NA;NA;NA;NA;NA;NA;NA;NA;NA;NA;NA;NA;NA;NA;NA;NA;NA;NA;NA;NA;NA;NA;NA;NA;NA;NA;NA;NA;NA
Boaedon_fuliginosus;Squamata;Serpentes;Lamprophiidae;Extant;1_Unicuspid;0;0;0;Carnivorous;Predatory;0;0;Gauthier et al. 2012;10.3374/014.053.0101;FMNH 62248;Watanabe et al. 2019;10.1073/pnas.1820967116;1.13E+00;2.42E-01;5.44E-02;2.45E-03;1.08E-02;2.22E-11;1.26E-02;2.61E-11;NA;NA;NA;NA;NA;NA;NA;NA;NA;NA;NA;NA;NA;NA;NA;NA;NA;NA;NA;NA;NA;NA;NA;NA;NA;NA;NA;NA;NA;NA;NA;NA;NA;NA;NA;NA;NA;NA;NA;NA;NA;NA;NA;NA;NA;NA;NA;NA;NA;NA;NA;NA;NA;NA;NA;NA;NA;NA;NA;NA;NA;NA;NA;NA;NA;NA;NA;NA;NA;NA;NA;NA;NA;NA;NA;NA;NA;NA;NA;NA;NA;NA;NA;NA;NA;NA;NA;NA;NA;NA;NA;NA;NA;NA;NA;NA;NA;NA;NA;NA;NA;NA;NA;NA;NA;NA;NA;NA;NA;NA;NA;NA;NA;NA;NA;NA;NA;NA;NA;NA;NA;NA;NA;NA;NA;NA;NA
Bothrops_asper;Squamata;Serpentes;Viperidae;Extant;1_Unicuspid;0;0;0;Insectivorous;Predatory;0;0;Watanabe et al. 2019;10.1073/pnas.1820967116;FMNH 31162;Watanabe et al. 2019;10.1073/pnas.1820967116;1.27E+00;2.83E-01;5.44E-02;2.45E-03;1.20E-02;2.47E-11;1.40E-02;2.88E-11;NA;NA;NA;NA;NA;NA;NA;NA;NA;NA;NA;NA;NA;NA;NA;NA;NA;NA;NA;NA;NA;NA;NA;NA;NA;NA;NA;NA;NA;NA;NA;NA;NA;NA;NA;NA;NA;NA;NA;NA;NA;NA;NA;NA;NA;NA;NA;NA;NA;NA;NA;NA;NA;NA;NA;NA;NA;NA;NA;NA;NA;NA;NA;NA;NA;NA;NA;NA;NA;NA;NA;NA;NA;NA;NA;NA;NA;NA;NA;NA;NA;NA;NA;NA;NA;NA;NA;NA;NA;NA;NA;NA;NA;NA;NA;NA;NA;NA;NA;NA;NA;NA;NA;NA;NA;NA;NA;NA;NA;NA;NA;NA;NA;NA;NA;NA;NA;NA;NA;NA;NA;NA;NA;NA;NA;NA;NA
Brachylophus_fasciatus;Squamata;Iguania;Iguanidae;Extant;3_Tricuspid;1;1;0;Herbivorous;Herbivorous;1;1;Gauthier et al. 2012;10.3374/014.053.0101;FMNH 210158;Meiri 2018;10.1111/geb.12773;1.52E+01;2.65E+00;4.90E-02;5.54E-03;2.83E-02;5.84E-11;2.21E-02;5.26E-11;5.20E+00;7.76E-01;-4.62E-01;-3.08E-01;1.17E-01;-2.18E-01;4.97E-01;5.90E-01;-4.03E-01;8.93E-02;5.90E-02;-2.71E-02;-1.27E-02;-2.10E-01;9.75E-02;7.83E-03;-2.86E-03;-2.19E-02;5.69E-02;-7.70E-02;-4.47E-02;6.35E-02;7.29E-04;1.86E-02;-5.09E-02;1.22E-02;5.45E-02;-2.29E-02;2.99E-02;1.10E-02;9.64E-04;1.60E-02;1.41E-02;7.36E-03;8.03E-04;-1.10E-03;3.61E-03;7.15E-04;-3.44E-03;-7.74E-03;-3.18E-03;-7.81E-03;-6.02E+01;-2.85E+01;6.19E+00;-2.01E+01;-2.08E+01;3.42E+00;-4.92E+00;1.62E+00;-1.45E+01;-1.98E+00;1.26E+00;-4.74E+00;-1.34E+01;1.98E+00;1.81E+01;1.51E+01;-2.17E+01;-1.00E+01;-3.81E-01;3.09E+00;6.16E+00;2.06E+01;4.81E+00;4.50E+00;6.39E+00;-1.49E+01;1.77E+01;2.15E+01;3.59E+00;-1.23E+01;5.37E+00;2.59E+01;-4.19E+00;-5.98E+00;2.86E+01;5.91E+00;1.11E+01;2.13E+00;-3.41E+00;-6.86E+00;2.43E+01;-4.84E+00;5.79E+00;-8.48E-01;-3.89E-01;8.46E-01;-2.78E-01;-1.52E-01;6.97E-02;2.97E-01;-4.59E-01;8.42E-02;1.27E-01;1.53E-01;5.57E-02;-7.05E-02;-2.72E-01;-1.99E-02;1.40E-02;1.12E-01;-4.76E-02;-9.56E-04;-9.26E-02;-6.30E-02;2.57E-02;1.02E-01;-1.72E-02;2.29E-03;1.83E-02;-2.72E-02;-9.56E-04;-1.78E-02;3.22E-03;-7.74E-03;-2.70E-02;-1.25E-02;3.45E-03;1.33E-03;-2.99E-03;-2.31E-03;-5.17E-04;6.36E-03;2.91E-03;5.30E-03;1.03E+00
Brachymeles_gracilis;Squamata;Scincoidea;Scincidae;Extant;1_Unicuspid;0;0;0;Insectivorous;Predatory;0;0;Gauthier et al. 2012;10.3374/014.053.0101;FMNH 52642;Watanabe et al. 2019;10.1073/pnas.1820967116;5.93E+00;9.05E+00;4.37E-02;7.42E-03;5.73E-03;1.18E-11;5.64E-03;1.16E-11;NA;NA;NA;NA;NA;NA;NA;NA;NA;NA;NA;NA;NA;NA;NA;NA;NA;NA;NA;NA;NA;NA;NA;NA;NA;NA;NA;NA;NA;NA;NA;NA;NA;NA;NA;NA;NA;NA;NA;NA;NA;NA;NA;NA;NA;NA;NA;NA;NA;NA;NA;NA;NA;NA;NA;NA;NA;NA;NA;NA;NA;NA;NA;NA;NA;NA;NA;NA;NA;NA;NA;NA;NA;NA;NA;NA;NA;NA;NA;NA;NA;NA;NA;NA;NA;NA;NA;NA;NA;NA;NA;NA;NA;NA;NA;NA;NA;NA;NA;NA;NA;NA;NA;NA;NA;NA;NA;NA;NA;NA;NA;NA;NA;NA;NA;NA;NA;NA;NA;NA;NA;NA;NA;NA;NA;NA;NA
Brachyseps_splendidus;Squamata;Scincoidea;Scincidae;Extant;1_Unicuspid;0;0;0;Insectivorous;Predatory;0;0;Gauthier et al. 2012;10.3374/014.053.0101;FMNH 72807;Melstrom 2017;10.1002/jmor.20645;5.99E+00;2.32E+01;4.37E-02;7.42E-03;7.02E-03;1.45E-11;9.43E-03;1.94E-11;NA;NA;NA;NA;NA;NA;NA;NA;NA;NA;NA;NA;NA;NA;NA;NA;NA;NA;NA;NA;NA;NA;NA;NA;NA;NA;NA;NA;NA;NA;NA;NA;NA;NA;NA;NA;NA;NA;NA;NA;NA;NA;NA;NA;NA;NA;NA;NA;NA;NA;NA;NA;NA;NA;NA;NA;NA;NA;NA;NA;NA;NA;NA;NA;NA;NA;NA;NA;NA;NA;NA;NA;NA;NA;NA;NA;NA;NA;NA;NA;NA;NA;NA;NA;NA;NA;NA;NA;NA;NA;NA;NA;NA;NA;NA;NA;NA;NA;NA;NA;NA;NA;NA;NA;NA;NA;NA;NA;NA;NA;NA;NA;NA;NA;NA;NA;NA;NA;NA;NA;NA;NA;NA;NA;NA;NA;NA
Bradypodion_pumilum;Squamata;Iguania;Chamaeleonidae;Extant;3_Tricuspid;1;1;0;Insectivorous;Predatory;0;0;This study;This study;http://id.luomus.fi/KS.MS1855;Meiri 2018;10.1111/geb.12773;1.38E+01;4.29E+01;4.37E-02;7.42E-03;2.59E-02;5.35E-11;1.45E-02;2.99E-11;-3.42E+00;2.12E-01;-6.38E-02;2.56E-01;2.08E-01;5.95E-02;7.02E-02;3.33E-02;-1.04E-01;5.72E-02;8.95E-02;2.55E-02;-7.24E-02;3.39E-02;-4.57E-02;3.16E-02;-1.16E-02;7.62E-02;-2.04E-02;-2.87E-02;-2.64E-02;-1.08E-02;-4.91E-02;1.54E-02;9.40E-03;1.35E-02;-3.02E-03;3.75E-04;1.23E-02;3.19E-03;2.95E-03;-8.83E-03;2.20E-02;1.91E-02;-7.94E-03;4.24E-04;-9.82E-03;4.12E-03;5.03E-03;5.88E-03;5.56E-03;6.52E-03;1.15E+01;-4.99E+00;-5.81E+00;3.80E+00;-2.52E+00;1.24E+01;1.85E+00;-1.45E+01;-5.70E+00;9.57E+00;-2.00E-01;-3.29E+00;-4.06E+00;6.12E-01;-1.52E+00;7.49E+00;4.22E+00;2.64E-01;1.26E+00;3.80E+00;-1.37E+00;9.78E+00;3.58E+00;-2.75E+00;2.70E+00;-1.30E+01;-2.79E+00;-6.08E-02;2.13E-01;-6.31E+00;-1.83E+01;-2.28E+00;-1.27E+00;-1.44E-01;7.60E-01;2.85E+00;-1.72E+00;5.96E+00;8.06E+00;-1.22E+01;-1.91E+01;-5.04E-01;-2.74E+00;-4.06E-01;4.09E-01;-3.32E-01;4.39E-01;-8.38E-02;-3.87E-02;8.36E-02;-1.37E-01;-8.81E-02;-9.12E-02;1.19E-01;9.98E-02;-1.27E-01;-1.30E-02;-2.90E-02;3.24E-02;2.42E-02;1.12E-01;-9.24E-03;-1.15E-02;6.21E-03;4.90E-02;-6.40E-04;-3.35E-02;-3.02E-02;-2.84E-02;-1.32E-02;1.22E-02;7.67E-03;8.42E-03;-9.83E-03;-3.31E-02;-4.15E-03;-9.14E-03;-1.48E-02;1.20E-02;7.61E-04;-1.26E-02;-1.11E-02;4.90E-03;-1.01E-02;2.25E-02
Broadleysaurus_major;Squamata;Scincoidea;Gerrhosauridae;Extant;3_Tricuspid;1;1;0;Omnivorous;Omnivorous;1;0;Melstrom 2017;10.1002/jmor.20645;UCMP 137878;Meiri 2018;10.1111/geb.12773;2.58E+01;1.18E+01;4.37E-02;7.42E-03;2.14E-02;4.40E-11;1.38E-02;3.81E-11;NA;NA;NA;NA;NA;NA;NA;NA;NA;NA;NA;NA;NA;NA;NA;NA;NA;NA;NA;NA;NA;NA;NA;NA;NA;NA;NA;NA;NA;NA;NA;NA;NA;NA;NA;NA;NA;NA;NA;NA;NA;NA;NA;NA;NA;NA;NA;NA;NA;NA;NA;NA;NA;NA;NA;NA;NA;NA;NA;NA;NA;NA;NA;NA;NA;NA;NA;NA;NA;NA;NA;NA;NA;NA;NA;NA;NA;NA;NA;NA;NA;NA;NA;NA;NA;NA;NA;NA;NA;NA;NA;NA;NA;NA;NA;NA;NA;NA;NA;NA;NA;NA;NA;NA;NA;NA;NA;NA;NA;NA;NA;NA;NA;NA;NA;NA;NA;NA;NA;NA;NA;NA;NA;NA;NA;NA;NA
Bronchocela_jubata;Squamata;Iguania;Agamidae;Extant;3_Tricuspid;1;1;0;Insectivorous;Predatory;0;0;Da Silva et al. 2018;10.1038/s41467-017-02788-3;ZMB 36897;Meiri 2018;10.1111/geb.12773;4.47E+02;1.20E+01;4.37E-02;7.42E-03;2.26E-02;4.65E-11;1.48E-02;3.05E-11;-3.07E+00;3.81E-01;-6.34E-01;1.56E-01;-1.24E-02;-1.14E-01;3.94E-01;6.42E-02;9.10E-02;1.65E-01;5.15E-02;4.89E-02;1.29E-02;-7.95E-02;5.48E-02;-3.46E-02;-1.73E-02;2.28E-03;-6.73E-03;3.90E-02;-1.95E-03;-1.50E-02;9.32E-03;-1.52E-02;-2.02E-02;-1.70E-02;2.45E-02;2.13E-02;-2.01E-02;4.26E-02;3.62E-04;-1.18E-02;-1.56E-02;2.99E-03;-2.08E-03;-7.00E-03;2.43E-03;-4.52E-03;-5.85E-03;-4.77E-03;3.06E-03;2.31E-03;1.83E+01;-1.57E+01;-3.45E+00;-1.28E+01;-4.85E+00;-1.98E+00;-3.51E+00;-3.60E-01;-2.78E+00;1.43E+00;-2.93E+00;8.63E-02;-3.80E-01;-3.21E+00;1.01E+01;-5.21E+00;-1.39E+01;-7.50E+00;2.09E+00;6.72E+00;4.37E+00;-5.61E+00;-7.90E+00;7.01E+00;3.48E+00;3.17E+00;-1.31E+01;6.50E+00;1.51E+01;7.02E+00;-1.70E+01;9.45E+00;-6.40E+00;1.39E+01;1.11E+00;5.42E+00;1.15E+01;-2.31E+00;-6.40E+00;6.88E+00;-1.01E+01;-3.49E+00;-2.35E+00;-6.54E-01;9.04E-01;-5.18E-02;2.64E-01;-1.90E-01;2.54E-01;-6.59E-03;-3.03E-01;-1.33E-01;-1.35E-03;9.54E-02;-3.51E-02;5.51E-03;-8.16E-02;-9.70E-03;-1.25E-02;2.62E-02;4.23E-02;7.38E-02;8.45E-04;1.05E-02;1.73E-02;6.90E-03;4.93E-03;9.53E-03;2.05E-02;2.63E-02;1.73E-02;4.90E-02;-1.83E-02;-4.13E-03;4.35E-03;-2.50E-03;3.66E-03;-5.41E-03;-6.04E-03;-2.20E-03;-1.18E-03;3.71E-03;6.98E-03;-4.94E-03;4.95E-02
Brookesia_brygooi;Squamata;Iguania;Chamaeleonidae;Extant;3_Tricuspid;1;1;0;Insectivorous;Predatory;0;0;Gauthier et al. 2012;10.3374/014.053.0101;FMNH 260015;Watanabe et al. 2019;10.1073/pnas.1820967116;1.15E+01;5.58E+00;4.37E-02;7.42E-03;2.27E-02;4.68E-11;1.26E-02;2.60E-11;-3.34E+00;-1.07E-01;-1.91E-01;-5.62E-02;-4.06E-02;1.71E-02;-2.43E-01;1.00E-01;-7.05E-02;-3.81E-02;9.34E-02;8.59E-02;-1.33E-01;7.04E-02;7.09E-02;-4.45E-02;4.75E-04;1.98E-02;-3.06E-02;-3.56E-02;3.44E-02;-6.44E-03;-4.85E-03;3.64E-02;2.54E-02;1.32E-02;-1.88E-02;-3.36E-02;-7.55E-03;2.76E-02;-3.87E-03;-8.34E-03;7.06E-04;1.52E-02;-6.69E-03;2.38E-02;-3.71E-03;-9.37E-03;9.29E-03;1.09E-03;3.47E-03;-4.97E-03;2.68E+01;-3.28E+00;-1.69E+00;-8.62E+00;2.02E+00;1.41E+00;5.29E+00;-9.31E+00;-1.01E+01;1.23E+01;1.02E+01;1.28E+01;-9.82E+00;-5.64E+00;7.82E+00;-4.20E+00;1.05E+00;-3.86E+00;-1.86E-01;-4.86E+00;-5.57E+00;1.34E+01;-3.97E+00;-6.50E+00;-1.12E+01;-7.52E+00;-9.87E+00;-9.31E+00;-2.69E+00;-2.18E+00;5.07E+00;-3.65E-01;-5.49E+00;4.22E-01;-8.56E+00;8.91E+00;-1.41E+01;-1.08E+00;1.12E+01;-9.76E+00;-1.08E+01;2.89E+00;-2.66E+00;-1.11E-01;6.12E-01;-2.52E-01;7.43E-02;4.36E-02;-2.92E-01;2.99E-02;-1.78E-02;3.32E-02;-1.16E-01;1.18E-01;2.08E-01;8.06E-03;-4.47E-02;-1.78E-02;-4.18E-02;-1.02E-02;4.45E-02;-1.46E-03;3.06E-02;7.72E-03;-1.38E-02;-3.71E-03;-3.82E-02;-5.54E-03;-2.19E-02;-1.22E-02;-3.64E-02;2.69E-02;-7.38E-03;-1.15E-02;-1.89E-02;5.25E-03;-3.56E-02;-8.06E-03;3.98E-03;1.50E-02;-1.65E-02;-8.15E-03;2.17E-03;2.86E-03;1.84E-02
Brookesia_superciliaris;Squamata;Iguania;Chamaeleonidae;Extant;3_Tricuspid;1;1;0;Insectivorous;Predatory;0;0;Rieppel 1987b;10.1111/j.1096-3642.1987.tb01343.x;MBS 9445;Meiri 2018;10.1111/geb.12773;1.10E+01;6.10E+00;4.37E-02;7.42E-03;2.27E-02;4.68E-11;1.26E-02;2.60E-11;NA;NA;NA;NA;NA;NA;NA;NA;NA;NA;NA;NA;NA;NA;NA;NA;NA;NA;NA;NA;NA;NA;NA;NA;NA;NA;NA;NA;NA;NA;NA;NA;NA;NA;NA;NA;NA;NA;NA;NA;NA;NA;NA;NA;NA;NA;NA;NA;NA;NA;NA;NA;NA;NA;NA;NA;NA;NA;NA;NA;NA;NA;NA;NA;NA;NA;NA;NA;NA;NA;NA;NA;NA;NA;NA;NA;NA;NA;NA;NA;NA;NA;NA;NA;NA;NA;NA;NA;NA;NA;NA;NA;NA;NA;NA;NA;NA;NA;NA;NA;NA;NA;NA;NA;NA;NA;NA;NA;NA;NA;NA;NA;NA;NA;NA;NA;NA;NA;NA;NA;NA;NA;NA;NA;NA;NA;NA
Calabaria_reinhardtii;Squamata;Serpentes;Boidae;Extant;1_Unicuspid;0;0;0;Carnivorous;Predatory;0;0;Gauthier et al. 2012;10.3374/014.053.0101;FMNH 117833;Watanabe et al. 2019;10.1073/pnas.1820967116;9.83E-01;2.09E-01;5.44E-02;2.45E-03;8.01E-03;1.65E-11;9.39E-03;1.94E-11;NA;NA;NA;NA;NA;NA;NA;NA;NA;NA;NA;NA;NA;NA;NA;NA;NA;NA;NA;NA;NA;NA;NA;NA;NA;NA;NA;NA;NA;NA;NA;NA;NA;NA;NA;NA;NA;NA;NA;NA;NA;NA;NA;NA;NA;NA;NA;NA;NA;NA;NA;NA;NA;NA;NA;NA;NA;NA;NA;NA;NA;NA;NA;NA;NA;NA;NA;NA;NA;NA;NA;NA;NA;NA;NA;NA;NA;NA;NA;NA;NA;NA;NA;NA;NA;NA;NA;NA;NA;NA;NA;NA;NA;NA;NA;NA;NA;NA;NA;NA;NA;NA;NA;NA;NA;NA;NA;NA;NA;NA;NA;NA;NA;NA;NA;NA;NA;NA;NA;NA;NA;NA;NA;NA;NA;NA;NA
Callopistes_bicuspidatus;Squamata;Lacertoidea;Teiidae;Fossil;2_Bicuspid;1;0;0;Insectivorous;Predatory;0;0;Brizuela & Albino 2017;10.1670/16-121;PVL 4618-1;This study;This study;1.32E+02;5.81E+00;4.48E-02;6.90E-03;2.36E-02;4.86E-11;1.74E-02;3.58E-11;NA;NA;NA;NA;NA;NA;NA;NA;NA;NA;NA;NA;NA;NA;NA;NA;NA;NA;NA;NA;NA;NA;NA;NA;NA;NA;NA;NA;NA;NA;NA;NA;NA;NA;NA;NA;NA;NA;NA;NA;NA;NA;NA;NA;NA;NA;NA;NA;NA;NA;NA;NA;NA;NA;NA;NA;NA;NA;NA;NA;NA;NA;NA;NA;NA;NA;NA;NA;NA;NA;NA;NA;NA;NA;NA;NA;NA;NA;NA;NA;NA;NA;NA;NA;NA;NA;NA;NA;NA;NA;NA;NA;NA;NA;NA;NA;NA;NA;NA;NA;NA;NA;NA;NA;NA;NA;NA;NA;NA;NA;NA;NA;NA;NA;NA;NA;NA;NA;NA;NA;NA;NA;NA;NA;NA;NA;NA
Callopistes_flavipunctatus;Squamata;Lacertoidea;Teiidae;Extant;3_Tricuspid;1;1;0;Omnivorous;Omnivorous;1;0;Presch 1974;Herpetologica 30(4):344-349;NA;Meiri 2018;10.1111/geb.12773;1.21E+02;4.02E+00;4.48E-02;6.90E-03;2.28E-02;4.70E-11;1.40E-02;3.84E-11;NA;NA;NA;NA;NA;NA;NA;NA;NA;NA;NA;NA;NA;NA;NA;NA;NA;NA;NA;NA;NA;NA;NA;NA;NA;NA;NA;NA;NA;NA;NA;NA;NA;NA;NA;NA;NA;NA;NA;NA;NA;NA;NA;NA;NA;NA;NA;NA;NA;NA;NA;NA;NA;NA;NA;NA;NA;NA;NA;NA;NA;NA;NA;NA;NA;NA;NA;NA;NA;NA;NA;NA;NA;NA;NA;NA;NA;NA;NA;NA;NA;NA;NA;NA;NA;NA;NA;NA;NA;NA;NA;NA;NA;NA;NA;NA;NA;NA;NA;NA;NA;NA;NA;NA;NA;NA;NA;NA;NA;NA;NA;NA;NA;NA;NA;NA;NA;NA;NA;NA;NA;NA;NA;NA;NA;NA;NA
Callopistes_maculatus;Squamata;Lacertoidea;Teiidae;Extant;3_Tricuspid;1;1;0;Omnivorous;Omnivorous;1;0;Gauthier et al. 2012;10.3374/014.053.0101;FMNH 53726;Meiri 2018;10.1111/geb.12773;1.19E+02;4.08E+00;4.48E-02;6.90E-03;2.28E-02;4.70E-11;1.40E-02;3.84E-11;-1.49E-01;-1.07E+00;-4.67E-01;-2.66E-01;4.17E-01;1.64E-01;-2.86E-01;-2.25E-01;2.51E-01;4.46E-02;2.41E-02;-9.61E-02;-4.81E-02;1.19E-01;6.71E-02;8.69E-02;3.52E-02;-4.91E-02;6.02E-02;-4.87E-02;-2.50E-02;2.86E-02;2.45E-02;5.03E-02;1.56E-02;9.43E-03;-5.24E-03;6.78E-03;2.30E-02;1.36E-03;2.51E-02;2.42E-02;9.76E-03;-1.87E-02;1.57E-02;-2.18E-03;8.54E-03;-1.52E-02;-6.69E-03;8.37E-03;-5.68E-03;5.14E-03;2.55E+01;7.66E+00;1.79E+00;1.09E+01;1.04E+00;-2.82E+00;3.78E+00;-4.92E+00;2.32E+01;-1.73E+01;1.55E+01;-1.17E+01;6.70E+00;-1.66E+00;4.80E-01;1.31E+01;-6.73E+00;8.42E+00;-3.70E+00;4.08E+00;6.45E+00;-7.31E-01;1.45E+00;1.28E+00;-1.78E+01;3.78E+00;3.24E+00;-1.70E+01;3.88E+00;5.22E+00;1.75E+01;3.85E+00;7.93E+00;-1.38E+01;-3.73E+00;1.00E+01;2.96E+00;3.12E+00;1.24E+01;-2.30E+01;3.05E+00;-1.26E+01;5.42E-01;8.14E-01;5.87E-01;-1.66E-02;2.73E-01;2.16E-01;-4.23E-01;-4.92E-01;1.32E-01;-2.47E-01;-1.62E-01;-1.21E-01;2.80E-02;1.12E-01;4.54E-02;-1.72E-02;1.02E-01;3.17E-02;-5.20E-02;-1.78E-02;-1.40E-02;5.54E-03;-4.99E-02;3.32E-02;-2.66E-02;-1.90E-02;-1.17E-02;-2.43E-02;1.30E-02;3.65E-03;4.14E-02;-1.04E-02;1.33E-02;1.15E-02;1.18E-02;2.69E-02;-2.97E-03;1.20E-02;9.22E-03;-1.04E-02;-1.51E-02;-9.97E-03;1.09E-01
Callopistes_rionegrensis;Squamata;Lacertoidea;Teiidae;Fossil;2_Bicuspid;1;0;0;Insectivorous;Predatory;0;0;Quadros et al. 2018;10.1080/02724634.2018.1484754;MPCN PV-002;This study;This study;1.19E+02;5.26E+00;4.48E-02;6.90E-03;2.53E-02;5.21E-11;2.56E-02;5.28E-11;NA;NA;NA;NA;NA;NA;NA;NA;NA;NA;NA;NA;NA;NA;NA;NA;NA;NA;NA;NA;NA;NA;NA;NA;NA;NA;NA;NA;NA;NA;NA;NA;NA;NA;NA;NA;NA;NA;NA;NA;NA;NA;NA;NA;NA;NA;NA;NA;NA;NA;NA;NA;NA;NA;NA;NA;NA;NA;NA;NA;NA;NA;NA;NA;NA;NA;NA;NA;NA;NA;NA;NA;NA;NA;NA;NA;NA;NA;NA;NA;NA;NA;NA;NA;NA;NA;NA;NA;NA;NA;NA;NA;NA;NA;NA;NA;NA;NA;NA;NA;NA;NA;NA;NA;NA;NA;NA;NA;NA;NA;NA;NA;NA;NA;NA;NA;NA;NA;NA;NA;NA;NA;NA;NA;NA;NA;NA
Calotes_emma;Squamata;Iguania;Agamidae;Extant;3_Tricuspid;1;1;0;Insectivorous;Predatory;0;0;Gauthier et al. 2012;10.3374/014.053.0101;FMNH 252264;Meiri 2018;10.1111/geb.12773;2.52E+02;1.25E+01;4.37E-02;7.42E-03;2.34E-02;4.83E-11;2.03E-02;4.19E-11;-3.63E+00;4.30E-01;-6.01E-01;1.10E-01;1.30E-01;-1.39E-01;2.03E-01;5.24E-02;-8.59E-02;1.12E-01;-8.38E-02;5.31E-02;-3.02E-02;-3.87E-02;-3.39E-02;-5.95E-02;-3.83E-02;4.90E-02;-8.65E-03;-2.84E-02;-3.37E-02;-1.48E-02;-6.64E-03;-8.43E-03;2.20E-02;2.30E-02;-2.04E-02;6.68E-03;-3.50E-03;9.12E-03;-3.64E-03;-2.17E-02;-8.77E-03;-8.01E-03;3.61E-03;-5.48E-04;3.20E-03;1.39E-03;-4.74E-03;1.68E-03;-1.15E-03;-3.07E-03;2.22E+01;-1.62E+01;-7.18E+00;-1.22E+01;-1.11E+00;1.48E+01;5.59E-02;-1.17E+01;-5.94E+00;-5.27E+00;-8.15E+00;1.01E+01;2.79E+00;-2.17E+00;7.17E+00;-2.19E-01;3.66E+00;3.99E+00;-2.38E+00;4.19E+00;1.53E+00;-8.97E-01;-6.62E+00;-2.82E+00;4.98E+00;3.80E-01;-4.92E+00;2.80E+00;7.09E+00;-6.59E+00;-9.76E+00;2.20E+00;-3.53E+00;9.78E+00;5.77E+00;-1.03E+01;2.23E+00;-4.73E+00;2.30E+00;-9.28E+00;-1.29E+01;2.78E+00;-2.89E+00;-7.23E-01;9.09E-01;-1.28E-01;3.50E-01;-2.41E-01;-1.89E-02;7.60E-02;-1.65E-01;-1.24E-01;5.61E-02;-2.24E-03;8.07E-04;-6.46E-02;-7.51E-02;-3.90E-02;-3.77E-02;4.86E-02;8.24E-02;1.23E-02;-3.22E-02;1.83E-02;1.72E-02;-2.45E-02;-2.01E-02;6.08E-03;-4.92E-02;9.53E-03;2.21E-03;2.75E-02;-1.48E-02;1.26E-02;-1.12E-03;3.13E-03;7.58E-03;3.48E-05;6.28E-03;-3.29E-03;-2.20E-03;-1.96E-03;1.28E-03;3.79E-04;3.13E-02
Calotes_mystaceus;Squamata;Iguania;Agamidae;Extant;3_Tricuspid;1;1;0;Insectivorous;Predatory;0;0;Melstrom 2017;10.1002/jmor.20645;CAS 243761;Meiri 2018;10.1111/geb.12773;2.35E+02;1.65E+01;4.37E-02;7.42E-03;2.34E-02;4.83E-11;2.03E-02;4.19E-11;NA;NA;NA;NA;NA;NA;NA;NA;NA;NA;NA;NA;NA;NA;NA;NA;NA;NA;NA;NA;NA;NA;NA;NA;NA;NA;NA;NA;NA;NA;NA;NA;NA;NA;NA;NA;NA;NA;NA;NA;NA;NA;NA;NA;NA;NA;NA;NA;NA;NA;NA;NA;NA;NA;NA;NA;NA;NA;NA;NA;NA;NA;NA;NA;NA;NA;NA;NA;NA;NA;NA;NA;NA;NA;NA;NA;NA;NA;NA;NA;NA;NA;NA;NA;NA;NA;NA;NA;NA;NA;NA;NA;NA;NA;NA;NA;NA;NA;NA;NA;NA;NA;NA;NA;NA;NA;NA;NA;NA;NA;NA;NA;NA;NA;NA;NA;NA;NA;NA;NA;NA;NA;NA;NA;NA;NA;NA
Calotes_versicolor;Squamata;Iguania;Agamidae;Extant;3_Tricuspid;1;1;0;Omnivorous;Omnivorous;1;0;Berkovitz & Shellis 2017;978-0-12-802850-6;S MoLSKCL. X77.;Meiri 2018;10.1111/geb.12773;2.15E+02;1.23E+01;4.37E-02;7.42E-03;2.32E-02;4.77E-11;3.26E-02;7.12E-11;NA;NA;NA;NA;NA;NA;NA;NA;NA;NA;NA;NA;NA;NA;NA;NA;NA;NA;NA;NA;NA;NA;NA;NA;NA;NA;NA;NA;NA;NA;NA;NA;NA;NA;NA;NA;NA;NA;NA;NA;NA;NA;NA;NA;NA;NA;NA;NA;NA;NA;NA;NA;NA;NA;NA;NA;NA;NA;NA;NA;NA;NA;NA;NA;NA;NA;NA;NA;NA;NA;NA;NA;NA;NA;NA;NA;NA;NA;NA;NA;NA;NA;NA;NA;NA;NA;NA;NA;NA;NA;NA;NA;NA;NA;NA;NA;NA;NA;NA;NA;NA;NA;NA;NA;NA;NA;NA;NA;NA;NA;NA;NA;NA;NA;NA;NA;NA;NA;NA;NA;NA;NA;NA;NA;NA;NA;NA
Calumma_brevicorne;Squamata;Iguania;Chamaeleonidae;Extant;3_Tricuspid;1;1;0;Insectivorous;Predatory;0;0;Rieppel & Crumly 1997;10.1111/j.1469-7998.1997.tb02788.x;MNHNP 1961.654;Meiri 2018;10.1111/geb.12773;1.31E+01;4.98E+01;4.37E-02;7.42E-03;2.64E-02;5.44E-11;1.55E-02;3.20E-11;NA;NA;NA;NA;NA;NA;NA;NA;NA;NA;NA;NA;NA;NA;NA;NA;NA;NA;NA;NA;NA;NA;NA;NA;NA;NA;NA;NA;NA;NA;NA;NA;NA;NA;NA;NA;NA;NA;NA;NA;NA;NA;NA;NA;NA;NA;NA;NA;NA;NA;NA;NA;NA;NA;NA;NA;NA;NA;NA;NA;NA;NA;NA;NA;NA;NA;NA;NA;NA;NA;NA;NA;NA;NA;NA;NA;NA;NA;NA;NA;NA;NA;NA;NA;NA;NA;NA;NA;NA;NA;NA;NA;NA;NA;NA;NA;NA;NA;NA;NA;NA;NA;NA;NA;NA;NA;NA;NA;NA;NA;NA;NA;NA;NA;NA;NA;NA;NA;NA;NA;NA;NA;NA;NA;NA;NA;NA
Calyptommatus_nicterus;Squamata;Lacertoidea;Gymnophthalmidae;Extant;1_Unicuspid;0;0;0;Insectivorous;Predatory;0;0;Roscito & Rodrigues 2010;10.1002/jmor.10878;MZUSP/MTR;Meiri 2018;10.1111/geb.12773;9.84E+01;5.95E+00;4.48E-02;6.90E-03;2.04E-02;4.20E-11;2.09E-02;4.30E-11;NA;NA;NA;NA;NA;NA;NA;NA;NA;NA;NA;NA;NA;NA;NA;NA;NA;NA;NA;NA;NA;NA;NA;NA;NA;NA;NA;NA;NA;NA;NA;NA;NA;NA;NA;NA;NA;NA;NA;NA;NA;NA;NA;NA;NA;NA;NA;NA;NA;NA;NA;NA;NA;NA;NA;NA;NA;NA;NA;NA;NA;NA;NA;NA;NA;NA;NA;NA;NA;NA;NA;NA;NA;NA;NA;NA;NA;NA;NA;NA;NA;NA;NA;NA;NA;NA;NA;NA;NA;NA;NA;NA;NA;NA;NA;NA;NA;NA;NA;NA;NA;NA;NA;NA;NA;NA;NA;NA;NA;NA;NA;NA;NA;NA;NA;NA;NA;NA;NA;NA;NA;NA;NA;NA;NA;NA;NA
Candoia_carinata;Squamata;Serpentes;Boidae;Extant;1_Unicuspid;0;0;0;Carnivorous;Predatory;0;0;Watanabe et al. 2019;10.1073/pnas.1820967116;ZMB 14571;Watanabe et al. 2019;10.1073/pnas.1820967116;1.12E+00;2.71E-01;5.44E-02;2.45E-03;1.09E-02;2.24E-11;1.27E-02;2.63E-11;NA;NA;NA;NA;NA;NA;NA;NA;NA;NA;NA;NA;NA;NA;NA;NA;NA;NA;NA;NA;NA;NA;NA;NA;NA;NA;NA;NA;NA;NA;NA;NA;NA;NA;NA;NA;NA;NA;NA;NA;NA;NA;NA;NA;NA;NA;NA;NA;NA;NA;NA;NA;NA;NA;NA;NA;NA;NA;NA;NA;NA;NA;NA;NA;NA;NA;NA;NA;NA;NA;NA;NA;NA;NA;NA;NA;NA;NA;NA;NA;NA;NA;NA;NA;NA;NA;NA;NA;NA;NA;NA;NA;NA;NA;NA;NA;NA;NA;NA;NA;NA;NA;NA;NA;NA;NA;NA;NA;NA;NA;NA;NA;NA;NA;NA;NA;NA;NA;NA;NA;NA;NA;NA;NA;NA;NA;NA
Carinodens_belgicus;Squamata;Mosasauria;Mosasauridae;Fossil;3_Tricuspid;1;1;0;Insectivorous;Predatory;0;0;Schulp et al., 2004;"10.1671/0272-4634(2004)024[0744:NMOTMC]2.0.CO;2";NHMM2003-141;Holwerda et al. 2014;10.1017/S0016774600000202;8.03E+01;7.51E-01;4.36E-02;5.88E-02;1.82E-02;3.75E-11;3.11E-02;6.41E-11;NA;NA;NA;NA;NA;NA;NA;NA;NA;NA;NA;NA;NA;NA;NA;NA;NA;NA;NA;NA;NA;NA;NA;NA;NA;NA;NA;NA;NA;NA;NA;NA;NA;NA;NA;NA;NA;NA;NA;NA;NA;NA;NA;NA;NA;NA;NA;NA;NA;NA;NA;NA;NA;NA;NA;NA;NA;NA;NA;NA;NA;NA;NA;NA;NA;NA;NA;NA;NA;NA;NA;NA;NA;NA;NA;NA;NA;NA;NA;NA;NA;NA;NA;NA;NA;NA;NA;NA;NA;NA;NA;NA;NA;NA;NA;NA;NA;NA;NA;NA;NA;NA;NA;NA;NA;NA;NA;NA;NA;NA;NA;NA;NA;NA;NA;NA;NA;NA;NA;NA;NA;NA;NA;NA;NA;NA;NA
Carusia_intermedia;Squamata;Scincoidea;Carusiidae;Fossil;1_Unicuspid;0;0;0;Insectivorous;Predatory;0;0;Borsuk-Bia?ynicka, 1985;Acta Palaeonto. Pol. 30(3-4):151-176;ZPAL MgR-III/34;This study;This study;6.21E+00;3.01E+00;4.37E-02;7.42E-03;1.41E-02;2.90E-11;1.73E-02;3.56E-11;NA;NA;NA;NA;NA;NA;NA;NA;NA;NA;NA;NA;NA;NA;NA;NA;NA;NA;NA;NA;NA;NA;NA;NA;NA;NA;NA;NA;NA;NA;NA;NA;NA;NA;NA;NA;NA;NA;NA;NA;NA;NA;NA;NA;NA;NA;NA;NA;NA;NA;NA;NA;NA;NA;NA;NA;NA;NA;NA;NA;NA;NA;NA;NA;NA;NA;NA;NA;NA;NA;NA;NA;NA;NA;NA;NA;NA;NA;NA;NA;NA;NA;NA;NA;NA;NA;NA;NA;NA;NA;NA;NA;NA;NA;NA;NA;NA;NA;NA;NA;NA;NA;NA;NA;NA;NA;NA;NA;NA;NA;NA;NA;NA;NA;NA;NA;NA;NA;NA;NA;NA;NA;NA;NA;NA;NA;NA
Casarea_dussumieri;Squamata;Serpentes;Bolyeridae;Extant;1_Unicuspid;0;0;0;Carnivorous;Predatory;0;0;Rieppel & Maisano 2007;10.1111/j.1096-3642.2007.00276.x;UMMZ 190285;Watanabe et al. 2019;10.1073/pnas.1820967116;8.35E-01;1.83E-01;5.44E-02;2.45E-03;5.76E-03;1.19E-11;5.65E-03;1.17E-11;NA;NA;NA;NA;NA;NA;NA;NA;NA;NA;NA;NA;NA;NA;NA;NA;NA;NA;NA;NA;NA;NA;NA;NA;NA;NA;NA;NA;NA;NA;NA;NA;NA;NA;NA;NA;NA;NA;NA;NA;NA;NA;NA;NA;NA;NA;NA;NA;NA;NA;NA;NA;NA;NA;NA;NA;NA;NA;NA;NA;NA;NA;NA;NA;NA;NA;NA;NA;NA;NA;NA;NA;NA;NA;NA;NA;NA;NA;NA;NA;NA;NA;NA;NA;NA;NA;NA;NA;NA;NA;NA;NA;NA;NA;NA;NA;NA;NA;NA;NA;NA;NA;NA;NA;NA;NA;NA;NA;NA;NA;NA;NA;NA;NA;NA;NA;NA;NA;NA;NA;NA;NA;NA;NA;NA;NA;NA
Causus_rhombeatus;Squamata;Serpentes;Viperidae;Extant;1_Unicuspid;0;0;0;Carnivorous;Predatory;0;0;Gauthier et al. 2012;10.3374/014.053.0101;FMNH 74241;Watanabe et al. 2019;10.1073/pnas.1820967116;1.26E+00;2.48E-01;5.44E-02;2.45E-03;1.13E-02;2.33E-11;1.32E-02;2.73E-11;NA;NA;NA;NA;NA;NA;NA;NA;NA;NA;NA;NA;NA;NA;NA;NA;NA;NA;NA;NA;NA;NA;NA;NA;NA;NA;NA;NA;NA;NA;NA;NA;NA;NA;NA;NA;NA;NA;NA;NA;NA;NA;NA;NA;NA;NA;NA;NA;NA;NA;NA;NA;NA;NA;NA;NA;NA;NA;NA;NA;NA;NA;NA;NA;NA;NA;NA;NA;NA;NA;NA;NA;NA;NA;NA;NA;NA;NA;NA;NA;NA;NA;NA;NA;NA;NA;NA;NA;NA;NA;NA;NA;NA;NA;NA;NA;NA;NA;NA;NA;NA;NA;NA;NA;NA;NA;NA;NA;NA;NA;NA;NA;NA;NA;NA;NA;NA;NA;NA;NA;NA;NA;NA;NA;NA;NA;NA
Celestus_crusculus;Squamata;Anguimorpha;Diploglossidae;Extant;3_Tricuspid;1;1;0;Insectivorous;Predatory;0;0;Estes & Williams 1984;10.1080/02724634.1984.10011989;MCZ 45211;Meiri 2018;10.1111/geb.12773;4.41E+01;5.08E-01;4.37E-02;7.42E-03;2.01E-02;4.15E-11;9.36E-03;1.93E-11;NA;NA;NA;NA;NA;NA;NA;NA;NA;NA;NA;NA;NA;NA;NA;NA;NA;NA;NA;NA;NA;NA;NA;NA;NA;NA;NA;NA;NA;NA;NA;NA;NA;NA;NA;NA;NA;NA;NA;NA;NA;NA;NA;NA;NA;NA;NA;NA;NA;NA;NA;NA;NA;NA;NA;NA;NA;NA;NA;NA;NA;NA;NA;NA;NA;NA;NA;NA;NA;NA;NA;NA;NA;NA;NA;NA;NA;NA;NA;NA;NA;NA;NA;NA;NA;NA;NA;NA;NA;NA;NA;NA;NA;NA;NA;NA;NA;NA;NA;NA;NA;NA;NA;NA;NA;NA;NA;NA;NA;NA;NA;NA;NA;NA;NA;NA;NA;NA;NA;NA;NA;NA;NA;NA;NA;NA;NA
Celestus_enneagrammus;Squamata;Anguimorpha;Diploglossidae;Extant;2_Bicuspid;1;0;0;Insectivorous;Predatory;0;0;Gauthier et al. 2012;10.3374/014.053.0101;FMNH 108860;Vitt & Caldwell 2008;978-0123869197;5.33E+01;6.30E-01;4.37E-02;7.42E-03;2.00E-02;4.12E-11;1.04E-02;2.15E-11;NA;NA;NA;NA;NA;NA;NA;NA;NA;NA;NA;NA;NA;NA;NA;NA;NA;NA;NA;NA;NA;NA;NA;NA;NA;NA;NA;NA;NA;NA;NA;NA;NA;NA;NA;NA;NA;NA;NA;NA;NA;NA;NA;NA;NA;NA;NA;NA;NA;NA;NA;NA;NA;NA;NA;NA;NA;NA;NA;NA;NA;NA;NA;NA;NA;NA;NA;NA;NA;NA;NA;NA;NA;NA;NA;NA;NA;NA;NA;NA;NA;NA;NA;NA;NA;NA;NA;NA;NA;NA;NA;NA;NA;NA;NA;NA;NA;NA;NA;NA;NA;NA;NA;NA;NA;NA;NA;NA;NA;NA;NA;NA;NA;NA;NA;NA;NA;NA;NA;NA;NA;NA;NA;NA;NA;NA;NA
Chalarodon_madagascariensis;Squamata;Iguania;Opluridae;Extant;3_Tricuspid;1;1;0;Omnivorous;Omnivorous;1;0;Gauthier et al. 2012;10.3374/014.053.0101;YPM 12866;Meiri 2018;10.1111/geb.12773;2.28E+01;8.81E+00;4.90E-02;5.54E-03;2.44E-02;5.03E-11;2.32E-02;5.46E-11;5.58E-01;1.28E-01;7.52E-02;1.75E-01;8.70E-02;-1.71E-01;1.06E-01;1.30E-01;-1.12E-01;1.25E-02;1.24E-01;-2.56E-02;-5.08E-02;-2.11E-02;2.38E-02;-1.77E-02;-2.39E-02;-2.21E-02;3.11E-02;-6.19E-02;3.74E-02;-3.45E-02;-1.28E-02;1.69E-02;1.75E-02;7.51E-03;2.06E-02;-7.35E-03;2.78E-02;7.99E-03;3.00E-02;-2.63E-02;-1.26E-02;-8.36E-03;-9.23E-03;-1.68E-02;1.73E-02;9.98E-03;1.29E-02;2.69E-03;-6.95E-03;6.80E-03;-1.55E+01;-4.94E+00;6.01E+00;-9.44E+00;-3.01E+00;4.17E+00;-6.25E-01;-5.56E+00;-1.79E+00;-1.69E+00;1.20E+01;2.25E+00;-2.82E+00;1.36E+01;2.96E+00;5.89E+00;-1.56E+00;1.70E+00;-1.26E+00;-3.31E+00;-4.49E+00;-2.87E+00;-5.26E+00;1.74E-01;4.50E+00;-1.07E+01;-9.32E+00;-5.78E+00;7.05E+00;-9.13E+00;2.49E-01;2.38E+00;-1.83E+01;-5.02E+00;7.73E+00;9.23E+00;4.11E+00;1.37E+01;-3.60E+00;-9.43E+00;3.26E+00;1.28E+01;1.18E+00;-2.29E-01;-1.67E-01;-8.67E-02;1.42E-02;-1.32E-01;1.12E-01;8.87E-02;-1.10E-01;-2.72E-03;-8.98E-02;1.23E-01;8.87E-02;-6.84E-02;-1.13E-01;-3.81E-02;-1.57E-02;2.56E-02;-2.41E-02;-2.04E-02;2.33E-02;2.24E-02;-1.72E-02;1.31E-03;-3.05E-02;-5.36E-03;1.68E-02;-3.38E-02;6.82E-03;1.92E-02;1.96E-02;3.04E-02;-1.12E-02;9.84E-03;8.47E-03;-9.20E-03;-6.36E-03;-1.47E-02;-1.81E-02;1.56E-03;-7.59E-03;-7.66E-03;1.02E-01
Chalcides_chalcides;Squamata;Scincoidea;Scincidae;Extant;1_Unicuspid;0;0;0;Insectivorous;Predatory;0;0;Villa & Delfino 2019;10.1093/zoolinnean/zlz035;MDHC 250;Meiri 2018;10.1111/geb.12773;6.41E+00;3.80E+01;4.37E-02;7.42E-03;7.20E-03;1.48E-11;1.80E-02;3.72E-11;NA;NA;NA;NA;NA;NA;NA;NA;NA;NA;NA;NA;NA;NA;NA;NA;NA;NA;NA;NA;NA;NA;NA;NA;NA;NA;NA;NA;NA;NA;NA;NA;NA;NA;NA;NA;NA;NA;NA;NA;NA;NA;NA;NA;NA;NA;NA;NA;NA;NA;NA;NA;NA;NA;NA;NA;NA;NA;NA;NA;NA;NA;NA;NA;NA;NA;NA;NA;NA;NA;NA;NA;NA;NA;NA;NA;NA;NA;NA;NA;NA;NA;NA;NA;NA;NA;NA;NA;NA;NA;NA;NA;NA;NA;NA;NA;NA;NA;NA;NA;NA;NA;NA;NA;NA;NA;NA;NA;NA;NA;NA;NA;NA;NA;NA;NA;NA;NA;NA;NA;NA;NA;NA;NA;NA;NA;NA
Chalcides_ocellatus;Squamata;Scincoidea;Scincidae;Extant;1_Unicuspid;0;0;0;Insectivorous;Predatory;0;0;This study;This study;http://id.luomus.fi/KS.MS785;Meiri 2018;10.1111/geb.12773;6.99E+00;3.82E+01;4.37E-02;7.42E-03;7.20E-03;1.48E-11;1.80E-02;3.72E-11;NA;NA;NA;NA;NA;NA;NA;NA;NA;NA;NA;NA;NA;NA;NA;NA;NA;NA;NA;NA;NA;NA;NA;NA;NA;NA;NA;NA;NA;NA;NA;NA;NA;NA;NA;NA;NA;NA;NA;NA;NA;NA;NA;NA;NA;NA;NA;NA;NA;NA;NA;NA;NA;NA;NA;NA;NA;NA;NA;NA;NA;NA;NA;NA;NA;NA;NA;NA;NA;NA;NA;NA;NA;NA;NA;NA;NA;NA;NA;NA;NA;NA;NA;NA;NA;NA;NA;NA;NA;NA;NA;NA;NA;NA;NA;NA;NA;NA;NA;NA;NA;NA;NA;NA;NA;NA;NA;NA;NA;NA;NA;NA;NA;NA;NA;NA;NA;NA;NA;NA;NA;NA;NA;NA;NA;NA;NA
Chalcides_sepsoides;Squamata;Scincoidea;Scincidae;Extant;1_Unicuspid;0;0;0;Omnivorous;Omnivorous;1;0;Macrì et al. 2019;10.1038/s41467-019-13405-w;NA;Meiri 2018;10.1111/geb.12773;6.54E+00;3.76E+01;4.37E-02;7.42E-03;7.20E-03;1.48E-11;2.55E-02;5.86E-11;NA;NA;NA;NA;NA;NA;NA;NA;NA;NA;NA;NA;NA;NA;NA;NA;NA;NA;NA;NA;NA;NA;NA;NA;NA;NA;NA;NA;NA;NA;NA;NA;NA;NA;NA;NA;NA;NA;NA;NA;NA;NA;NA;NA;NA;NA;NA;NA;NA;NA;NA;NA;NA;NA;NA;NA;NA;NA;NA;NA;NA;NA;NA;NA;NA;NA;NA;NA;NA;NA;NA;NA;NA;NA;NA;NA;NA;NA;NA;NA;NA;NA;NA;NA;NA;NA;NA;NA;NA;NA;NA;NA;NA;NA;NA;NA;NA;NA;NA;NA;NA;NA;NA;NA;NA;NA;NA;NA;NA;NA;NA;NA;NA;NA;NA;NA;NA;NA;NA;NA;NA;NA;NA;NA;NA;NA;NA
Chalcides_viridanus;Squamata;Scincoidea;Scincidae;Extant;1_Unicuspid;0;0;0;Omnivorous;Omnivorous;1;0;Delgado et al. 2005;10.1007/s00441-004-0950-2;NA;Meiri 2018;10.1111/geb.12773;6.72E+00;4.40E+01;4.37E-02;7.42E-03;7.20E-03;1.48E-11;2.55E-02;5.86E-11;NA;NA;NA;NA;NA;NA;NA;NA;NA;NA;NA;NA;NA;NA;NA;NA;NA;NA;NA;NA;NA;NA;NA;NA;NA;NA;NA;NA;NA;NA;NA;NA;NA;NA;NA;NA;NA;NA;NA;NA;NA;NA;NA;NA;NA;NA;NA;NA;NA;NA;NA;NA;NA;NA;NA;NA;NA;NA;NA;NA;NA;NA;NA;NA;NA;NA;NA;NA;NA;NA;NA;NA;NA;NA;NA;NA;NA;NA;NA;NA;NA;NA;NA;NA;NA;NA;NA;NA;NA;NA;NA;NA;NA;NA;NA;NA;NA;NA;NA;NA;NA;NA;NA;NA;NA;NA;NA;NA;NA;NA;NA;NA;NA;NA;NA;NA;NA;NA;NA;NA;NA;NA;NA;NA;NA;NA;NA
Chamaeleo_calyptratus;Squamata;Iguania;Chamaeleonidae;Extant;3_Tricuspid;1;1;0;Omnivorous;Omnivorous;1;0;Dosed?lová et al. 2016;10.1111/joa.12490;NA;Meiri 2018;10.1111/geb.12773;2.56E+01;8.61E+01;4.37E-02;7.42E-03;3.29E-02;6.78E-11;4.00E-02;8.42E-11;NA;NA;NA;NA;NA;NA;NA;NA;NA;NA;NA;NA;NA;NA;NA;NA;NA;NA;NA;NA;NA;NA;NA;NA;NA;NA;NA;NA;NA;NA;NA;NA;NA;NA;NA;NA;NA;NA;NA;NA;NA;NA;NA;NA;NA;NA;NA;NA;NA;NA;NA;NA;NA;NA;NA;NA;NA;NA;NA;NA;NA;NA;NA;NA;NA;NA;NA;NA;NA;NA;NA;NA;NA;NA;NA;NA;NA;NA;NA;NA;NA;NA;NA;NA;NA;NA;NA;NA;NA;NA;NA;NA;NA;NA;NA;NA;NA;NA;NA;NA;NA;NA;NA;NA;NA;NA;NA;NA;NA;NA;NA;NA;NA;NA;NA;NA;NA;NA;NA;NA;NA;NA;NA;NA;NA;NA;NA
Chamaeleo_chamaeleon;Squamata;Iguania;Chamaeleonidae;Extant;3_Tricuspid;1;1;0;Omnivorous;Omnivorous;1;0;Villa & Delfino 2019;10.1093/zoolinnean/zlz035;NHMW 721;Meiri 2018;10.1111/geb.12773;2.31E+01;6.79E+01;4.37E-02;7.42E-03;3.21E-02;6.61E-11;3.71E-02;7.91E-11;NA;NA;NA;NA;NA;NA;NA;NA;NA;NA;NA;NA;NA;NA;NA;NA;NA;NA;NA;NA;NA;NA;NA;NA;NA;NA;NA;NA;NA;NA;NA;NA;NA;NA;NA;NA;NA;NA;NA;NA;NA;NA;NA;NA;NA;NA;NA;NA;NA;NA;NA;NA;NA;NA;NA;NA;NA;NA;NA;NA;NA;NA;NA;NA;NA;NA;NA;NA;NA;NA;NA;NA;NA;NA;NA;NA;NA;NA;NA;NA;NA;NA;NA;NA;NA;NA;NA;NA;NA;NA;NA;NA;NA;NA;NA;NA;NA;NA;NA;NA;NA;NA;NA;NA;NA;NA;NA;NA;NA;NA;NA;NA;NA;NA;NA;NA;NA;NA;NA;NA;NA;NA;NA;NA;NA;NA;NA
Chamaeleo_laevigatus;Squamata;Iguania;Chamaeleonidae;Extant;3_Tricuspid;1;1;0;Insectivorous;Predatory;0;0;Gauthier et al. 2012;10.3374/014.053.0101;FMNH 47572;Meiri 2018;10.1111/geb.12773;1.90E+01;5.33E+01;4.37E-02;7.42E-03;3.00E-02;6.19E-11;2.46E-02;5.06E-11;NA;NA;NA;NA;NA;NA;NA;NA;NA;NA;NA;NA;NA;NA;NA;NA;NA;NA;NA;NA;NA;NA;NA;NA;NA;NA;NA;NA;NA;NA;NA;NA;NA;NA;NA;NA;NA;NA;NA;NA;NA;NA;NA;NA;NA;NA;NA;NA;NA;NA;NA;NA;NA;NA;NA;NA;NA;NA;NA;NA;NA;NA;NA;NA;NA;NA;NA;NA;NA;NA;NA;NA;NA;NA;NA;NA;NA;NA;NA;NA;NA;NA;NA;NA;NA;NA;NA;NA;NA;NA;NA;NA;NA;NA;NA;NA;NA;NA;NA;NA;NA;NA;NA;NA;NA;NA;NA;NA;NA;NA;NA;NA;NA;NA;NA;NA;NA;NA;NA;NA;NA;NA;NA;NA;NA;NA;NA
Chamaeleo_zeylanicus;Squamata;Iguania;Chamaeleonidae;Extant;3_Tricuspid;1;1;0;Insectivorous;Predatory;0;0;Melstrom 2017;10.1002/jmor.20645;CAS;Meiri 2018;10.1111/geb.12773;2.93E+01;8.93E+01;4.37E-02;7.42E-03;3.29E-02;6.78E-11;3.10E-02;6.38E-11;NA;NA;NA;NA;NA;NA;NA;NA;NA;NA;NA;NA;NA;NA;NA;NA;NA;NA;NA;NA;NA;NA;NA;NA;NA;NA;NA;NA;NA;NA;NA;NA;NA;NA;NA;NA;NA;NA;NA;NA;NA;NA;NA;NA;NA;NA;NA;NA;NA;NA;NA;NA;NA;NA;NA;NA;NA;NA;NA;NA;NA;NA;NA;NA;NA;NA;NA;NA;NA;NA;NA;NA;NA;NA;NA;NA;NA;NA;NA;NA;NA;NA;NA;NA;NA;NA;NA;NA;NA;NA;NA;NA;NA;NA;NA;NA;NA;NA;NA;NA;NA;NA;NA;NA;NA;NA;NA;NA;NA;NA;NA;NA;NA;NA;NA;NA;NA;NA;NA;NA;NA;NA;NA;NA;NA;NA;NA
Chamaesaura_anguina;Squamata;Scincoidea;Cordylidae;Extant;1_Unicuspid;0;0;0;Insectivorous;Predatory;0;0;This study;This study;ZMB 56421;Meiri 2018;10.1111/geb.12773;8.05E+00;2.46E+01;4.37E-02;7.42E-03;1.15E-02;2.37E-11;1.57E-02;3.23E-11;NA;NA;NA;NA;NA;NA;NA;NA;NA;NA;NA;NA;NA;NA;NA;NA;NA;NA;NA;NA;NA;NA;NA;NA;NA;NA;NA;NA;NA;NA;NA;NA;NA;NA;NA;NA;NA;NA;NA;NA;NA;NA;NA;NA;NA;NA;NA;NA;NA;NA;NA;NA;NA;NA;NA;NA;NA;NA;NA;NA;NA;NA;NA;NA;NA;NA;NA;NA;NA;NA;NA;NA;NA;NA;NA;NA;NA;NA;NA;NA;NA;NA;NA;NA;NA;NA;NA;NA;NA;NA;NA;NA;NA;NA;NA;NA;NA;NA;NA;NA;NA;NA;NA;NA;NA;NA;NA;NA;NA;NA;NA;NA;NA;NA;NA;NA;NA;NA;NA;NA;NA;NA;NA;NA;NA;NA;NA
Chatogekko_amazonicus;Squamata;Gekkota;Sphaerodactylidae;Extant;1_Unicuspid;0;0;0;Insectivorous;Predatory;0;0;Gamble et al. 2011;10.1111/j.1096-3642.2011.00741.x;USNM 290904;Meiri 2018;10.1111/geb.12773;1.10E+00;1.14E+00;4.37E-02;7.42E-03;5.81E-03;1.20E-11;5.78E-03;1.19E-11;NA;NA;NA;NA;NA;NA;NA;NA;NA;NA;NA;NA;NA;NA;NA;NA;NA;NA;NA;NA;NA;NA;NA;NA;NA;NA;NA;NA;NA;NA;NA;NA;NA;NA;NA;NA;NA;NA;NA;NA;NA;NA;NA;NA;NA;NA;NA;NA;NA;NA;NA;NA;NA;NA;NA;NA;NA;NA;NA;NA;NA;NA;NA;NA;NA;NA;NA;NA;NA;NA;NA;NA;NA;NA;NA;NA;NA;NA;NA;NA;NA;NA;NA;NA;NA;NA;NA;NA;NA;NA;NA;NA;NA;NA;NA;NA;NA;NA;NA;NA;NA;NA;NA;NA;NA;NA;NA;NA;NA;NA;NA;NA;NA;NA;NA;NA;NA;NA;NA;NA;NA;NA;NA;NA;NA;NA;NA
Cherminsaurus_kozlowskii;Squamata;Polyglyphanodontia;Polyglyphanodontidae;Fossil;4_Multicuspid;1;1;1;Herbivorous;Herbivorous;1;1;Gao & Norell 2000;"10.1206/0003-0090(2000)249<0001:TCASOL>2.0.CO;14";IGM 3/136;Gao & Norell 2000;"10.1206/0003-0090(2000)249<0001:TCASOL>2.0.CO;14";6.41E+01;3.75E+00;7.22E-02;9.18E-02;2.01E-02;4.14E-11;3.11E-02;6.84E-11;NA;NA;NA;NA;NA;NA;NA;NA;NA;NA;NA;NA;NA;NA;NA;NA;NA;NA;NA;NA;NA;NA;NA;NA;NA;NA;NA;NA;NA;NA;NA;NA;NA;NA;NA;NA;NA;NA;NA;NA;NA;NA;NA;NA;NA;NA;NA;NA;NA;NA;NA;NA;NA;NA;NA;NA;NA;NA;NA;NA;NA;NA;NA;NA;NA;NA;NA;NA;NA;NA;NA;NA;NA;NA;NA;NA;NA;NA;NA;NA;NA;NA;NA;NA;NA;NA;NA;NA;NA;NA;NA;NA;NA;NA;NA;NA;NA;NA;NA;NA;NA;NA;NA;NA;NA;NA;NA;NA;NA;NA;NA;NA;NA;NA;NA;NA;NA;NA;NA;NA;NA;NA;NA;NA;NA;NA;NA
Chilabothrus_angulifer;Squamata;Serpentes;Boidae;Extant;1_Unicuspid;0;0;0;Carnivorous;Predatory;0;0;Scanferla & Smith 2020;10.3390/d12030100;NA;Reynolds et al. 2016;10.1111/evo.12987;1.91E+00;4.09E-01;4.25E-01;4.73E-02;3.39E-02;7.00E-11;2.95E-02;6.08E-11;NA;NA;NA;NA;NA;NA;NA;NA;NA;NA;NA;NA;NA;NA;NA;NA;NA;NA;NA;NA;NA;NA;NA;NA;NA;NA;NA;NA;NA;NA;NA;NA;NA;NA;NA;NA;NA;NA;NA;NA;NA;NA;NA;NA;NA;NA;NA;NA;NA;NA;NA;NA;NA;NA;NA;NA;NA;NA;NA;NA;NA;NA;NA;NA;NA;NA;NA;NA;NA;NA;NA;NA;NA;NA;NA;NA;NA;NA;NA;NA;NA;NA;NA;NA;NA;NA;NA;NA;NA;NA;NA;NA;NA;NA;NA;NA;NA;NA;NA;NA;NA;NA;NA;NA;NA;NA;NA;NA;NA;NA;NA;NA;NA;NA;NA;NA;NA;NA;NA;NA;NA;NA;NA;NA;NA;NA;NA
Chilabothrus_chrysogaster;Squamata;Serpentes;Boidae;Extant;1_Unicuspid;0;0;0;Carnivorous;Predatory;0;0;Scanferla & Smith 2020;10.3390/d12030100;NA;Reynolds et al. 2016;10.1111/evo.12987;2.95E+00;5.86E-01;4.25E-01;4.73E-02;4.05E-02;8.35E-11;3.34E-02;6.87E-11;NA;NA;NA;NA;NA;NA;NA;NA;NA;NA;NA;NA;NA;NA;NA;NA;NA;NA;NA;NA;NA;NA;NA;NA;NA;NA;NA;NA;NA;NA;NA;NA;NA;NA;NA;NA;NA;NA;NA;NA;NA;NA;NA;NA;NA;NA;NA;NA;NA;NA;NA;NA;NA;NA;NA;NA;NA;NA;NA;NA;NA;NA;NA;NA;NA;NA;NA;NA;NA;NA;NA;NA;NA;NA;NA;NA;NA;NA;NA;NA;NA;NA;NA;NA;NA;NA;NA;NA;NA;NA;NA;NA;NA;NA;NA;NA;NA;NA;NA;NA;NA;NA;NA;NA;NA;NA;NA;NA;NA;NA;NA;NA;NA;NA;NA;NA;NA;NA;NA;NA;NA;NA;NA;NA;NA;NA;NA
Chilabothrus_exsul;Squamata;Serpentes;Boidae;Extant;1_Unicuspid;0;0;0;Carnivorous;Predatory;0;0;Scanferla & Smith 2020;10.3390/d12030100;NA;Reynolds et al. 2016;10.1111/evo.12987;1.40E+01;7.87E-01;4.25E-01;4.73E-02;4.16E-02;8.57E-11;3.40E-02;7.00E-11;NA;NA;NA;NA;NA;NA;NA;NA;NA;NA;NA;NA;NA;NA;NA;NA;NA;NA;NA;NA;NA;NA;NA;NA;NA;NA;NA;NA;NA;NA;NA;NA;NA;NA;NA;NA;NA;NA;NA;NA;NA;NA;NA;NA;NA;NA;NA;NA;NA;NA;NA;NA;NA;NA;NA;NA;NA;NA;NA;NA;NA;NA;NA;NA;NA;NA;NA;NA;NA;NA;NA;NA;NA;NA;NA;NA;NA;NA;NA;NA;NA;NA;NA;NA;NA;NA;NA;NA;NA;NA;NA;NA;NA;NA;NA;NA;NA;NA;NA;NA;NA;NA;NA;NA;NA;NA;NA;NA;NA;NA;NA;NA;NA;NA;NA;NA;NA;NA;NA;NA;NA;NA;NA;NA;NA;NA;NA
Chilabothrus_fordii;Squamata;Serpentes;Boidae;Extant;1_Unicuspid;0;0;0;Carnivorous;Predatory;0;0;Scanferla & Smith 2020;10.3390/d12030100;NA;Reynolds et al. 2016;10.1111/evo.12987;2.75E+00;6.47E-01;4.25E-01;4.73E-02;4.04E-02;8.32E-11;3.33E-02;6.87E-11;NA;NA;NA;NA;NA;NA;NA;NA;NA;NA;NA;NA;NA;NA;NA;NA;NA;NA;NA;NA;NA;NA;NA;NA;NA;NA;NA;NA;NA;NA;NA;NA;NA;NA;NA;NA;NA;NA;NA;NA;NA;NA;NA;NA;NA;NA;NA;NA;NA;NA;NA;NA;NA;NA;NA;NA;NA;NA;NA;NA;NA;NA;NA;NA;NA;NA;NA;NA;NA;NA;NA;NA;NA;NA;NA;NA;NA;NA;NA;NA;NA;NA;NA;NA;NA;NA;NA;NA;NA;NA;NA;NA;NA;NA;NA;NA;NA;NA;NA;NA;NA;NA;NA;NA;NA;NA;NA;NA;NA;NA;NA;NA;NA;NA;NA;NA;NA;NA;NA;NA;NA;NA;NA;NA;NA;NA;NA
Chilabothrus_gracilis;Squamata;Serpentes;Boidae;Extant;1_Unicuspid;0;0;0;Carnivorous;Predatory;0;0;Scanferla & Smith 2020;10.3390/d12030100;NA;Reynolds et al. 2016;10.1111/evo.12987;2.70E+00;7.87E-01;4.25E-01;4.73E-02;4.04E-02;8.32E-11;3.33E-02;6.87E-11;NA;NA;NA;NA;NA;NA;NA;NA;NA;NA;NA;NA;NA;NA;NA;NA;NA;NA;NA;NA;NA;NA;NA;NA;NA;NA;NA;NA;NA;NA;NA;NA;NA;NA;NA;NA;NA;NA;NA;NA;NA;NA;NA;NA;NA;NA;NA;NA;NA;NA;NA;NA;NA;NA;NA;NA;NA;NA;NA;NA;NA;NA;NA;NA;NA;NA;NA;NA;NA;NA;NA;NA;NA;NA;NA;NA;NA;NA;NA;NA;NA;NA;NA;NA;NA;NA;NA;NA;NA;NA;NA;NA;NA;NA;NA;NA;NA;NA;NA;NA;NA;NA;NA;NA;NA;NA;NA;NA;NA;NA;NA;NA;NA;NA;NA;NA;NA;NA;NA;NA;NA;NA;NA;NA;NA;NA;NA
Chilabothrus_inornatus;Squamata;Serpentes;Boidae;Extant;1_Unicuspid;0;0;0;Carnivorous;Predatory;0;0;Scanferla & Smith 2020;10.3390/d12030100;NA;Reynolds et al. 2016;10.1111/evo.12987;2.23E+00;5.77E-01;4.25E-01;4.73E-02;3.71E-02;7.65E-11;3.14E-02;6.48E-11;NA;NA;NA;NA;NA;NA;NA;NA;NA;NA;NA;NA;NA;NA;NA;NA;NA;NA;NA;NA;NA;NA;NA;NA;NA;NA;NA;NA;NA;NA;NA;NA;NA;NA;NA;NA;NA;NA;NA;NA;NA;NA;NA;NA;NA;NA;NA;NA;NA;NA;NA;NA;NA;NA;NA;NA;NA;NA;NA;NA;NA;NA;NA;NA;NA;NA;NA;NA;NA;NA;NA;NA;NA;NA;NA;NA;NA;NA;NA;NA;NA;NA;NA;NA;NA;NA;NA;NA;NA;NA;NA;NA;NA;NA;NA;NA;NA;NA;NA;NA;NA;NA;NA;NA;NA;NA;NA;NA;NA;NA;NA;NA;NA;NA;NA;NA;NA;NA;NA;NA;NA;NA;NA;NA;NA;NA;NA
Chilabothrus_monensis;Squamata;Serpentes;Boidae;Extant;1_Unicuspid;0;0;0;Carnivorous;Predatory;0;0;Scanferla & Smith 2020;10.3390/d12030100;NA;Reynolds et al. 2016;10.1111/evo.12987;2.54E+00;4.86E-01;4.25E-01;4.73E-02;3.71E-02;7.65E-11;3.14E-02;6.48E-11;NA;NA;NA;NA;NA;NA;NA;NA;NA;NA;NA;NA;NA;NA;NA;NA;NA;NA;NA;NA;NA;NA;NA;NA;NA;NA;NA;NA;NA;NA;NA;NA;NA;NA;NA;NA;NA;NA;NA;NA;NA;NA;NA;NA;NA;NA;NA;NA;NA;NA;NA;NA;NA;NA;NA;NA;NA;NA;NA;NA;NA;NA;NA;NA;NA;NA;NA;NA;NA;NA;NA;NA;NA;NA;NA;NA;NA;NA;NA;NA;NA;NA;NA;NA;NA;NA;NA;NA;NA;NA;NA;NA;NA;NA;NA;NA;NA;NA;NA;NA;NA;NA;NA;NA;NA;NA;NA;NA;NA;NA;NA;NA;NA;NA;NA;NA;NA;NA;NA;NA;NA;NA;NA;NA;NA;NA;NA
Chilabothrus_striatus;Squamata;Serpentes;Boidae;Extant;1_Unicuspid;0;0;0;Carnivorous;Predatory;0;0;Gauthier et al. 2012;10.3374/014.053.0101;UNSM 59918;Landestoy et al. 2018;10.2305/IUCN.UK.2018-2.RLTS.T62231A18979323.en;5.22E+00;7.63E-01;4.25E-01;4.73E-02;4.16E-02;8.57E-11;3.40E-02;7.00E-11;NA;NA;NA;NA;NA;NA;NA;NA;NA;NA;NA;NA;NA;NA;NA;NA;NA;NA;NA;NA;NA;NA;NA;NA;NA;NA;NA;NA;NA;NA;NA;NA;NA;NA;NA;NA;NA;NA;NA;NA;NA;NA;NA;NA;NA;NA;NA;NA;NA;NA;NA;NA;NA;NA;NA;NA;NA;NA;NA;NA;NA;NA;NA;NA;NA;NA;NA;NA;NA;NA;NA;NA;NA;NA;NA;NA;NA;NA;NA;NA;NA;NA;NA;NA;NA;NA;NA;NA;NA;NA;NA;NA;NA;NA;NA;NA;NA;NA;NA;NA;NA;NA;NA;NA;NA;NA;NA;NA;NA;NA;NA;NA;NA;NA;NA;NA;NA;NA;NA;NA;NA;NA;NA;NA;NA;NA;NA
Chilabothrus_strigilatus;Squamata;Serpentes;Boidae;Extant;1_Unicuspid;0;0;0;Carnivorous;Predatory;0;0;Scanferla & Smith 2020;10.3390/d12030100;NA;Reynolds et al. 2016;10.1111/evo.12987;3.23E+00;7.62E-01;4.25E-01;4.73E-02;4.14E-02;8.53E-11;3.39E-02;6.98E-11;NA;NA;NA;NA;NA;NA;NA;NA;NA;NA;NA;NA;NA;NA;NA;NA;NA;NA;NA;NA;NA;NA;NA;NA;NA;NA;NA;NA;NA;NA;NA;NA;NA;NA;NA;NA;NA;NA;NA;NA;NA;NA;NA;NA;NA;NA;NA;NA;NA;NA;NA;NA;NA;NA;NA;NA;NA;NA;NA;NA;NA;NA;NA;NA;NA;NA;NA;NA;NA;NA;NA;NA;NA;NA;NA;NA;NA;NA;NA;NA;NA;NA;NA;NA;NA;NA;NA;NA;NA;NA;NA;NA;NA;NA;NA;NA;NA;NA;NA;NA;NA;NA;NA;NA;NA;NA;NA;NA;NA;NA;NA;NA;NA;NA;NA;NA;NA;NA;NA;NA;NA;NA;NA;NA;NA;NA;NA
Chilabothrus_subflavus;Squamata;Serpentes;Boidae;Extant;1_Unicuspid;0;0;0;Carnivorous;Predatory;0;0;Scanferla & Smith 2020;10.3390/d12030100;NA;Reynolds et al. 2016;10.1111/evo.12987;1.83E+00;4.00E-01;4.25E-01;4.73E-02;3.48E-02;7.18E-11;3.00E-02;6.19E-11;NA;NA;NA;NA;NA;NA;NA;NA;NA;NA;NA;NA;NA;NA;NA;NA;NA;NA;NA;NA;NA;NA;NA;NA;NA;NA;NA;NA;NA;NA;NA;NA;NA;NA;NA;NA;NA;NA;NA;NA;NA;NA;NA;NA;NA;NA;NA;NA;NA;NA;NA;NA;NA;NA;NA;NA;NA;NA;NA;NA;NA;NA;NA;NA;NA;NA;NA;NA;NA;NA;NA;NA;NA;NA;NA;NA;NA;NA;NA;NA;NA;NA;NA;NA;NA;NA;NA;NA;NA;NA;NA;NA;NA;NA;NA;NA;NA;NA;NA;NA;NA;NA;NA;NA;NA;NA;NA;NA;NA;NA;NA;NA;NA;NA;NA;NA;NA;NA;NA;NA;NA;NA;NA;NA;NA;NA;NA
Chioninia_coctei;Squamata;Scincoidea;Scincidae;Fossil;4_Multicuspid;1;1;1;Herbivorous;Herbivorous;1;1;Greer 1976;10.1080/00222937600770551;MNHN 8299;Meiri 2018;10.1111/geb.12773;6.24E+01;6.77E+01;4.37E-02;7.42E-03;1.97E-02;4.06E-11;2.88E-02;6.45E-11;NA;NA;NA;NA;NA;NA;NA;NA;NA;NA;NA;NA;NA;NA;NA;NA;NA;NA;NA;NA;NA;NA;NA;NA;NA;NA;NA;NA;NA;NA;NA;NA;NA;NA;NA;NA;NA;NA;NA;NA;NA;NA;NA;NA;NA;NA;NA;NA;NA;NA;NA;NA;NA;NA;NA;NA;NA;NA;NA;NA;NA;NA;NA;NA;NA;NA;NA;NA;NA;NA;NA;NA;NA;NA;NA;NA;NA;NA;NA;NA;NA;NA;NA;NA;NA;NA;NA;NA;NA;NA;NA;NA;NA;NA;NA;NA;NA;NA;NA;NA;NA;NA;NA;NA;NA;NA;NA;NA;NA;NA;NA;NA;NA;NA;NA;NA;NA;NA;NA;NA;NA;NA;NA;NA;NA;NA;NA
Chondrodactylus_bibronii;Squamata;Gekkota;Gekkonidae;Extant;1_Unicuspid;0;0;0;Insectivorous;Predatory;0;0;Evans 2008;978-0-91698-476-2;NA;Meiri 2018;10.1111/geb.12773;1.21E+00;1.51E+00;4.37E-02;7.42E-03;6.15E-03;1.27E-11;6.61E-03;1.36E-11;NA;NA;NA;NA;NA;NA;NA;NA;NA;NA;NA;NA;NA;NA;NA;NA;NA;NA;NA;NA;NA;NA;NA;NA;NA;NA;NA;NA;NA;NA;NA;NA;NA;NA;NA;NA;NA;NA;NA;NA;NA;NA;NA;NA;NA;NA;NA;NA;NA;NA;NA;NA;NA;NA;NA;NA;NA;NA;NA;NA;NA;NA;NA;NA;NA;NA;NA;NA;NA;NA;NA;NA;NA;NA;NA;NA;NA;NA;NA;NA;NA;NA;NA;NA;NA;NA;NA;NA;NA;NA;NA;NA;NA;NA;NA;NA;NA;NA;NA;NA;NA;NA;NA;NA;NA;NA;NA;NA;NA;NA;NA;NA;NA;NA;NA;NA;NA;NA;NA;NA;NA;NA;NA;NA;NA;NA;NA
Clidastes_propython;Squamata;Mosasauria;Mosasauridae;Fossil;1_Unicuspid;0;0;0;Carnivorous;Predatory;0;0;Rieppel & Kearney 2005;10.1670/119-05A.1;FMNH PR 495;This study;This study;9.50E+00;5.21E-01;4.36E-02;5.88E-02;3.03E-02;6.24E-11;2.73E-02;5.62E-11;NA;NA;NA;NA;NA;NA;NA;NA;NA;NA;NA;NA;NA;NA;NA;NA;NA;NA;NA;NA;NA;NA;NA;NA;NA;NA;NA;NA;NA;NA;NA;NA;NA;NA;NA;NA;NA;NA;NA;NA;NA;NA;NA;NA;NA;NA;NA;NA;NA;NA;NA;NA;NA;NA;NA;NA;NA;NA;NA;NA;NA;NA;NA;NA;NA;NA;NA;NA;NA;NA;NA;NA;NA;NA;NA;NA;NA;NA;NA;NA;NA;NA;NA;NA;NA;NA;NA;NA;NA;NA;NA;NA;NA;NA;NA;NA;NA;NA;NA;NA;NA;NA;NA;NA;NA;NA;NA;NA;NA;NA;NA;NA;NA;NA;NA;NA;NA;NA;NA;NA;NA;NA;NA;NA;NA;NA;NA
Coeranoscincus_reticulatus;Squamata;Scincoidea;Scincidae;Extant;1_Unicuspid;0;0;0;Insectivorous;Predatory;0;0;Hutchinson 1993;978-0-644-32429-8;NA;Meiri 2018;10.1111/geb.12773;2.01E+01;7.50E+01;4.37E-02;7.42E-03;1.77E-02;3.65E-11;1.95E-02;4.02E-11;NA;NA;NA;NA;NA;NA;NA;NA;NA;NA;NA;NA;NA;NA;NA;NA;NA;NA;NA;NA;NA;NA;NA;NA;NA;NA;NA;NA;NA;NA;NA;NA;NA;NA;NA;NA;NA;NA;NA;NA;NA;NA;NA;NA;NA;NA;NA;NA;NA;NA;NA;NA;NA;NA;NA;NA;NA;NA;NA;NA;NA;NA;NA;NA;NA;NA;NA;NA;NA;NA;NA;NA;NA;NA;NA;NA;NA;NA;NA;NA;NA;NA;NA;NA;NA;NA;NA;NA;NA;NA;NA;NA;NA;NA;NA;NA;NA;NA;NA;NA;NA;NA;NA;NA;NA;NA;NA;NA;NA;NA;NA;NA;NA;NA;NA;NA;NA;NA;NA;NA;NA;NA;NA;NA;NA;NA;NA
Coleonyx_brevis;Squamata;Gekkota;Eublepharidae;Extant;1_Unicuspid;0;0;0;Insectivorous;Predatory;0;0;Sumida & Murphy 1987;10.1139/z87-438;LLG106;Meiri 2018;10.1111/geb.12773;1.38E+00;9.25E-01;4.37E-02;7.42E-03;9.97E-03;2.05E-11;1.50E-02;3.10E-11;NA;NA;NA;NA;NA;NA;NA;NA;NA;NA;NA;NA;NA;NA;NA;NA;NA;NA;NA;NA;NA;NA;NA;NA;NA;NA;NA;NA;NA;NA;NA;NA;NA;NA;NA;NA;NA;NA;NA;NA;NA;NA;NA;NA;NA;NA;NA;NA;NA;NA;NA;NA;NA;NA;NA;NA;NA;NA;NA;NA;NA;NA;NA;NA;NA;NA;NA;NA;NA;NA;NA;NA;NA;NA;NA;NA;NA;NA;NA;NA;NA;NA;NA;NA;NA;NA;NA;NA;NA;NA;NA;NA;NA;NA;NA;NA;NA;NA;NA;NA;NA;NA;NA;NA;NA;NA;NA;NA;NA;NA;NA;NA;NA;NA;NA;NA;NA;NA;NA;NA;NA;NA;NA;NA;NA;NA;NA
Coleonyx_mitratus;Squamata;Gekkota;Eublepharidae;Extant;1_Unicuspid;0;0;0;Insectivorous;Predatory;0;0;Sumida & Murphy 1987;10.1139/z87-438;LLG89;Meiri 2018;10.1111/geb.12773;1.49E+00;1.22E+00;4.37E-02;7.42E-03;8.97E-03;1.85E-11;1.30E-02;2.68E-11;NA;NA;NA;NA;NA;NA;NA;NA;NA;NA;NA;NA;NA;NA;NA;NA;NA;NA;NA;NA;NA;NA;NA;NA;NA;NA;NA;NA;NA;NA;NA;NA;NA;NA;NA;NA;NA;NA;NA;NA;NA;NA;NA;NA;NA;NA;NA;NA;NA;NA;NA;NA;NA;NA;NA;NA;NA;NA;NA;NA;NA;NA;NA;NA;NA;NA;NA;NA;NA;NA;NA;NA;NA;NA;NA;NA;NA;NA;NA;NA;NA;NA;NA;NA;NA;NA;NA;NA;NA;NA;NA;NA;NA;NA;NA;NA;NA;NA;NA;NA;NA;NA;NA;NA;NA;NA;NA;NA;NA;NA;NA;NA;NA;NA;NA;NA;NA;NA;NA;NA;NA;NA;NA;NA;NA;NA;NA
Coleonyx_switaki;Squamata;Gekkota;Eublepharidae;Extant;1_Unicuspid;0;0;0;Insectivorous;Predatory;0;0;Sumida & Murphy 1987;10.1139/z87-438;LLG931;Meiri 2018;10.1111/geb.12773;1.44E+00;9.27E-01;4.37E-02;7.42E-03;8.97E-03;1.85E-11;1.30E-02;2.68E-11;NA;NA;NA;NA;NA;NA;NA;NA;NA;NA;NA;NA;NA;NA;NA;NA;NA;NA;NA;NA;NA;NA;NA;NA;NA;NA;NA;NA;NA;NA;NA;NA;NA;NA;NA;NA;NA;NA;NA;NA;NA;NA;NA;NA;NA;NA;NA;NA;NA;NA;NA;NA;NA;NA;NA;NA;NA;NA;NA;NA;NA;NA;NA;NA;NA;NA;NA;NA;NA;NA;NA;NA;NA;NA;NA;NA;NA;NA;NA;NA;NA;NA;NA;NA;NA;NA;NA;NA;NA;NA;NA;NA;NA;NA;NA;NA;NA;NA;NA;NA;NA;NA;NA;NA;NA;NA;NA;NA;NA;NA;NA;NA;NA;NA;NA;NA;NA;NA;NA;NA;NA;NA;NA;NA;NA;NA;NA
Coleonyx_variegatus;Squamata;Gekkota;Eublepharidae;Extant;1_Unicuspid;0;0;0;Insectivorous;Predatory;0;0;Gauthier et al. 2012;10.3374/014.053.0101;YPM 14383;Meiri 2018;10.1111/geb.12773;1.43E+00;8.19E-01;4.37E-02;7.42E-03;9.97E-03;2.05E-11;1.50E-02;3.10E-11;NA;NA;NA;NA;NA;NA;NA;NA;NA;NA;NA;NA;NA;NA;NA;NA;NA;NA;NA;NA;NA;NA;NA;NA;NA;NA;NA;NA;NA;NA;NA;NA;NA;NA;NA;NA;NA;NA;NA;NA;NA;NA;NA;NA;NA;NA;NA;NA;NA;NA;NA;NA;NA;NA;NA;NA;NA;NA;NA;NA;NA;NA;NA;NA;NA;NA;NA;NA;NA;NA;NA;NA;NA;NA;NA;NA;NA;NA;NA;NA;NA;NA;NA;NA;NA;NA;NA;NA;NA;NA;NA;NA;NA;NA;NA;NA;NA;NA;NA;NA;NA;NA;NA;NA;NA;NA;NA;NA;NA;NA;NA;NA;NA;NA;NA;NA;NA;NA;NA;NA;NA;NA;NA;NA;NA;NA;NA
Colobodactylus_taunayi;Squamata;Lacertoidea;Gymnophthalmidae;Extant;2_Bicuspid;1;0;0;Insectivorous;Predatory;0;0;Evans 2008;978-0-91698-476-2;NA;Vitt & Caldwell 2008;978-0123869197;1.34E+02;7.39E+00;4.48E-02;6.90E-03;2.06E-02;4.26E-11;1.46E-02;3.02E-11;NA;NA;NA;NA;NA;NA;NA;NA;NA;NA;NA;NA;NA;NA;NA;NA;NA;NA;NA;NA;NA;NA;NA;NA;NA;NA;NA;NA;NA;NA;NA;NA;NA;NA;NA;NA;NA;NA;NA;NA;NA;NA;NA;NA;NA;NA;NA;NA;NA;NA;NA;NA;NA;NA;NA;NA;NA;NA;NA;NA;NA;NA;NA;NA;NA;NA;NA;NA;NA;NA;NA;NA;NA;NA;NA;NA;NA;NA;NA;NA;NA;NA;NA;NA;NA;NA;NA;NA;NA;NA;NA;NA;NA;NA;NA;NA;NA;NA;NA;NA;NA;NA;NA;NA;NA;NA;NA;NA;NA;NA;NA;NA;NA;NA;NA;NA;NA;NA;NA;NA;NA;NA;NA;NA;NA;NA;NA
Colobosaura_modesta;Squamata;Lacertoidea;Gymnophthalmidae;Extant;2_Bicuspid;1;0;0;Insectivorous;Predatory;0;0;Gauthier et al. 2012;10.3374/014.053.0101;USNM 341978;Meiri 2018;10.1111/geb.12773;1.44E+02;7.39E+00;4.48E-02;6.90E-03;2.06E-02;4.26E-11;1.46E-02;3.02E-11;-3.57E-01;2.06E-02;-5.14E-01;-7.89E-01;2.52E-01;1.43E-01;-3.99E-01;7.83E-02;-8.28E-02;-1.06E-01;-5.88E-02;-1.90E-02;-4.65E-02;-3.69E-02;2.05E-02;7.81E-02;-8.06E-02;2.35E-02;7.32E-03;3.73E-02;-2.27E-02;1.23E-02;2.69E-02;3.72E-02;-5.26E-03;3.47E-02;-3.91E-04;8.94E-03;1.67E-03;3.16E-03;-2.88E-03;2.08E-03;1.19E-02;-7.52E-03;7.19E-03;-4.81E-03;-8.18E-03;-1.25E-03;7.99E-03;-3.58E-03;-4.66E-04;3.92E-03;1.71E+01;8.89E+00;-1.51E+01;-4.86E+00;2.61E+00;5.26E+00;4.66E+00;1.14E+01;7.74E+00;2.74E+00;9.76E+00;8.12E+00;4.40E+00;3.97E+00;6.28E+00;5.20E+00;-1.00E+01;-1.41E+00;-3.01E+00;9.80E+00;-3.06E-02;4.71E+00;3.16E+00;-1.49E+01;7.36E-01;-5.29E+00;3.31E+00;-6.56E+00;-1.48E+01;-5.20E+00;4.11E+00;6.62E+00;2.29E+01;-2.17E+00;9.62E+00;3.97E+00;1.71E+00;-1.33E+01;1.94E+00;-1.34E+01;4.43E+00;-6.91E+00;2.90E-01;-1.90E-01;4.10E-01;5.23E-01;-5.36E-02;2.32E-01;-7.29E-01;-2.03E-01;1.67E-01;2.10E-02;1.81E-02;-1.93E-02;3.02E-02;3.72E-02;-6.16E-02;-9.15E-02;7.22E-02;1.54E-03;9.99E-02;4.49E-02;1.08E-03;-3.34E-02;-7.25E-03;4.23E-02;-3.64E-02;2.14E-02;-1.91E-02;8.80E-03;1.64E-02;-7.93E-03;2.39E-03;-1.31E-02;1.37E-03;-5.10E-03;1.06E-02;1.22E-04;1.12E-02;4.16E-03;-9.68E-03;-4.22E-04;-2.60E-03;-6.41E-03;1.05E-01
Coluber_constrictor;Squamata;Serpentes;Colubridae;Extant;1_Unicuspid;0;0;0;Carnivorous;Predatory;0;0;Gauthier et al. 2012;10.3374/014.053.0101;FMNH 135284;Melstrom 2017;10.1002/jmor.20645;1.42E+00;4.16E-01;5.44E-02;2.45E-03;2.25E-02;4.64E-11;2.23E-02;4.61E-11;NA;NA;NA;NA;NA;NA;NA;NA;NA;NA;NA;NA;NA;NA;NA;NA;NA;NA;NA;NA;NA;NA;NA;NA;NA;NA;NA;NA;NA;NA;NA;NA;NA;NA;NA;NA;NA;NA;NA;NA;NA;NA;NA;NA;NA;NA;NA;NA;NA;NA;NA;NA;NA;NA;NA;NA;NA;NA;NA;NA;NA;NA;NA;NA;NA;NA;NA;NA;NA;NA;NA;NA;NA;NA;NA;NA;NA;NA;NA;NA;NA;NA;NA;NA;NA;NA;NA;NA;NA;NA;NA;NA;NA;NA;NA;NA;NA;NA;NA;NA;NA;NA;NA;NA;NA;NA;NA;NA;NA;NA;NA;NA;NA;NA;NA;NA;NA;NA;NA;NA;NA;NA;NA;NA;NA;NA;NA
Conolophus_subcristatus;Squamata;Iguania;Iguanidae;Extant;4_Multicuspid;1;1;1;Herbivorous;Herbivorous;1;1;Etheridge & De Queiroz 1988;9.78E+12;MVZ 77314;Meiri 2018;10.1111/geb.12773;1.62E+01;2.36E+00;2.83E-01;3.12E-02;3.54E-02;7.29E-11;3.69E-02;7.87E-11;7.54E+00;1.43E+00;-1.85E-01;5.55E-01;3.58E-02;-9.73E-03;-1.52E-02;5.92E-02;-6.97E-01;8.82E-02;-3.15E-01;-1.72E-01;-7.80E-02;2.35E-01;1.28E-01;9.54E-02;1.31E-01;3.23E-02;-1.34E-01;2.14E-02;1.93E-02;-1.46E-02;5.80E-03;2.76E-02;4.00E-02;-1.52E-02;-6.95E-03;8.26E-03;-1.17E-02;-4.13E-03;-5.38E-03;-3.68E-03;-9.12E-03;3.47E-03;-5.58E-03;-7.84E-03;7.55E-03;-6.05E-03;2.12E-03;3.16E-03;2.06E-03;1.45E-04;-6.83E+01;-6.13E+00;-1.11E+01;-2.07E+01;2.21E+01;-1.06E+01;3.26E+00;-3.46E+01;-1.43E+01;3.02E+01;5.77E+00;-6.41E+00;-9.79E+00;-1.55E+00;6.57E+00;-3.42E+00;-1.82E+00;2.53E+00;7.25E-01;1.57E+01;8.16E-01;5.73E+00;8.64E+00;-5.39E+00;-1.53E+01;5.24E+00;6.34E-01;-3.57E+00;-6.83E+00;-8.22E+00;5.45E+00;-3.93E+01;6.49E+00;-1.07E+01;-6.78E+00;-3.43E+01;1.95E+01;1.79E+01;2.11E+00;-4.29E+00;3.71E+01;-1.11E+01;8.08E+00;-1.52E+00;-1.08E+00;1.37E-01;-1.79E-01;3.37E-01;2.98E-01;6.75E-01;1.26E-01;-8.08E-02;-1.72E-02;-2.79E-01;1.78E-01;7.00E-02;-1.52E-01;1.20E-01;4.96E-02;-5.01E-02;4.19E-02;9.35E-03;-2.72E-02;-2.66E-02;2.93E-02;3.22E-02;-3.84E-02;-5.02E-02;1.89E-02;-1.25E-02;2.30E-03;-1.84E-02;-1.08E-02;1.69E-02;-2.96E-02;-9.60E-03;3.59E-03;-1.06E-03;-8.10E-03;-5.30E-03;-2.40E-03;-4.95E-04;2.49E-03;1.15E-03;1.12E+00
Cophosaurus_texanus;Squamata;Iguania;Phrynosomatidae;Extant;3_Tricuspid;1;1;0;Insectivorous;Predatory;0;0;Etheridge & De Queiroz 1988;9.78E+12;SDSNH 35251;Meiri 2018;10.1111/geb.12773;1.82E+01;4.83E+00;4.90E-02;5.54E-03;2.20E-02;4.53E-11;1.97E-02;4.06E-11;2.99E-01;-7.47E-01;4.35E-02;1.06E-01;1.33E-01;2.41E-01;2.00E-01;-1.44E-01;-1.65E-01;1.86E-01;1.10E-01;-1.72E-01;1.09E-01;5.65E-03;8.31E-02;-1.06E-01;8.25E-03;6.55E-02;-1.42E-02;7.83E-02;3.86E-02;2.13E-02;-1.76E-02;-6.04E-02;1.75E-02;2.01E-02;-2.40E-02;-5.62E-02;-3.26E-03;7.69E-03;1.93E-02;4.27E-03;1.53E-02;4.84E-03;1.87E-02;-2.29E-02;-7.74E-03;-9.03E-03;-4.34E-03;-2.29E-03;-4.74E-03;2.93E-03;1.33E+01;-1.04E+01;1.17E+01;3.22E+00;-1.19E+01;-4.56E+00;2.01E+01;-5.67E+00;-4.91E+00;-9.79E-01;-5.83E+00;5.16E+00;-1.64E+01;-2.23E+01;-3.17E+00;-4.60E+00;9.79E+00;6.47E+00;-6.01E+00;-1.99E+01;-2.90E+00;-1.04E+01;1.25E+01;-5.21E+00;-7.07E+00;9.83E-01;-2.36E+00;-5.41E-01;-1.08E+01;4.20E+00;-1.51E+01;-1.21E+01;-3.68E+00;6.38E+00;3.90E+00;8.11E+00;2.50E+01;4.39E+00;-2.08E+01;-4.17E+00;4.76E+00;-1.15E+01;9.36E-01;6.33E-01;5.03E-02;-6.87E-02;2.90E-01;1.80E-01;7.09E-02;1.54E-01;-1.14E-01;-3.29E-01;-1.86E-01;7.72E-02;-1.04E-01;-1.81E-02;-9.10E-02;8.05E-02;-8.38E-02;-1.56E-02;4.51E-02;8.28E-02;3.54E-02;-5.64E-02;1.27E-02;-2.67E-02;9.70E-03;6.62E-03;-2.33E-02;-2.27E-02;-3.15E-02;1.21E-02;2.08E-02;-7.35E-03;-9.88E-03;-2.05E-04;1.80E-02;5.36E-04;1.25E-02;8.67E-03;7.88E-03;-3.72E-04;5.36E-04;-2.89E-03;1.13E-01
Corallus_hortulanus;Squamata;Serpentes;Boidae;Extant;1_Unicuspid;0;0;0;Carnivorous;Predatory;0;0;Da Silva et al. 2018;10.1038/s41467-017-02788-3;ZMB 63744;Pizzatto et al. 2009;10.1163/156853809789647121;1.37E+00;3.57E-01;5.44E-02;2.45E-03;2.47E-02;5.10E-11;2.38E-02;4.90E-11;NA;NA;NA;NA;NA;NA;NA;NA;NA;NA;NA;NA;NA;NA;NA;NA;NA;NA;NA;NA;NA;NA;NA;NA;NA;NA;NA;NA;NA;NA;NA;NA;NA;NA;NA;NA;NA;NA;NA;NA;NA;NA;NA;NA;NA;NA;NA;NA;NA;NA;NA;NA;NA;NA;NA;NA;NA;NA;NA;NA;NA;NA;NA;NA;NA;NA;NA;NA;NA;NA;NA;NA;NA;NA;NA;NA;NA;NA;NA;NA;NA;NA;NA;NA;NA;NA;NA;NA;NA;NA;NA;NA;NA;NA;NA;NA;NA;NA;NA;NA;NA;NA;NA;NA;NA;NA;NA;NA;NA;NA;NA;NA;NA;NA;NA;NA;NA;NA;NA;NA;NA;NA;NA;NA;NA;NA;NA
Cordylosaurus_subtessellatus;Squamata;Scincoidea;Cordylidae;Extant;1_Unicuspid;0;0;0;Insectivorous;Predatory;0;0;Gauthier et al. 2012;10.3374/014.053.0101;FMNH 74082;Meiri 2018;10.1111/geb.12773;4.16E+01;1.29E+01;4.37E-02;7.42E-03;2.11E-02;4.35E-11;1.23E-02;2.53E-11;NA;NA;NA;NA;NA;NA;NA;NA;NA;NA;NA;NA;NA;NA;NA;NA;NA;NA;NA;NA;NA;NA;NA;NA;NA;NA;NA;NA;NA;NA;NA;NA;NA;NA;NA;NA;NA;NA;NA;NA;NA;NA;NA;NA;NA;NA;NA;NA;NA;NA;NA;NA;NA;NA;NA;NA;NA;NA;NA;NA;NA;NA;NA;NA;NA;NA;NA;NA;NA;NA;NA;NA;NA;NA;NA;NA;NA;NA;NA;NA;NA;NA;NA;NA;NA;NA;NA;NA;NA;NA;NA;NA;NA;NA;NA;NA;NA;NA;NA;NA;NA;NA;NA;NA;NA;NA;NA;NA;NA;NA;NA;NA;NA;NA;NA;NA;NA;NA;NA;NA;NA;NA;NA;NA;NA;NA;NA
Cordylus_cordylus;Squamata;Scincoidea;Cordylidae;Extant;1_Unicuspid;0;0;0;Omnivorous;Omnivorous;1;0;This study;This study;ZMB 23508;Meiri 2018;10.1111/geb.12773;8.12E+00;2.46E+01;4.37E-02;7.42E-03;1.15E-02;2.37E-11;2.37E-02;5.54E-11;NA;NA;NA;NA;NA;NA;NA;NA;NA;NA;NA;NA;NA;NA;NA;NA;NA;NA;NA;NA;NA;NA;NA;NA;NA;NA;NA;NA;NA;NA;NA;NA;NA;NA;NA;NA;NA;NA;NA;NA;NA;NA;NA;NA;NA;NA;NA;NA;NA;NA;NA;NA;NA;NA;NA;NA;NA;NA;NA;NA;NA;NA;NA;NA;NA;NA;NA;NA;NA;NA;NA;NA;NA;NA;NA;NA;NA;NA;NA;NA;NA;NA;NA;NA;NA;NA;NA;NA;NA;NA;NA;NA;NA;NA;NA;NA;NA;NA;NA;NA;NA;NA;NA;NA;NA;NA;NA;NA;NA;NA;NA;NA;NA;NA;NA;NA;NA;NA;NA;NA;NA;NA;NA;NA;NA;NA;NA
Coronella_austriaca;Squamata;Serpentes;Colubridae;Extant;1_Unicuspid;0;0;0;Carnivorous;Predatory;0;0;Boulenger 1913;10.5962/bhl.title.4255;NA;?eir?ns & Nikolajeva 2017;10.1080/21658005.2016.1252125;1.57E+00;7.13E-01;5.44E-02;2.45E-03;2.71E-02;5.59E-11;2.54E-02;5.24E-11;NA;NA;NA;NA;NA;NA;NA;NA;NA;NA;NA;NA;NA;NA;NA;NA;NA;NA;NA;NA;NA;NA;NA;NA;NA;NA;NA;NA;NA;NA;NA;NA;NA;NA;NA;NA;NA;NA;NA;NA;NA;NA;NA;NA;NA;NA;NA;NA;NA;NA;NA;NA;NA;NA;NA;NA;NA;NA;NA;NA;NA;NA;NA;NA;NA;NA;NA;NA;NA;NA;NA;NA;NA;NA;NA;NA;NA;NA;NA;NA;NA;NA;NA;NA;NA;NA;NA;NA;NA;NA;NA;NA;NA;NA;NA;NA;NA;NA;NA;NA;NA;NA;NA;NA;NA;NA;NA;NA;NA;NA;NA;NA;NA;NA;NA;NA;NA;NA;NA;NA;NA;NA;NA;NA;NA;NA;NA
Correlophus_ciliatus;Squamata;Gekkota;Diplodactylidae;Extant;1_Unicuspid;0;0;0;Omnivorous;Omnivorous;1;0;Berkovitz & Shellis 2017;978-0-12-802850-6;NA;Meiri 2018;10.1111/geb.12773;1.31E+00;7.89E-01;4.37E-02;7.42E-03;1.67E-02;3.44E-11;2.25E-02;5.33E-11;NA;NA;NA;NA;NA;NA;NA;NA;NA;NA;NA;NA;NA;NA;NA;NA;NA;NA;NA;NA;NA;NA;NA;NA;NA;NA;NA;NA;NA;NA;NA;NA;NA;NA;NA;NA;NA;NA;NA;NA;NA;NA;NA;NA;NA;NA;NA;NA;NA;NA;NA;NA;NA;NA;NA;NA;NA;NA;NA;NA;NA;NA;NA;NA;NA;NA;NA;NA;NA;NA;NA;NA;NA;NA;NA;NA;NA;NA;NA;NA;NA;NA;NA;NA;NA;NA;NA;NA;NA;NA;NA;NA;NA;NA;NA;NA;NA;NA;NA;NA;NA;NA;NA;NA;NA;NA;NA;NA;NA;NA;NA;NA;NA;NA;NA;NA;NA;NA;NA;NA;NA;NA;NA;NA;NA;NA;NA
Corucia_zebrata;Squamata;Scincoidea;Scincidae;Extant;1_Unicuspid;0;0;0;Herbivorous;Herbivorous;1;1;Mahler & Kearney 2006;"10.3158/0015-0754(2006)108[1:TPDISR]2.0.CO;2";FMNH 257163;Meiri 2018;10.1111/geb.12773;2.48E+01;4.69E+01;1.15E-01;1.31E-02;1.67E-02;3.45E-11;2.49E-02;5.76E-11;NA;NA;NA;NA;NA;NA;NA;NA;NA;NA;NA;NA;NA;NA;NA;NA;NA;NA;NA;NA;NA;NA;NA;NA;NA;NA;NA;NA;NA;NA;NA;NA;NA;NA;NA;NA;NA;NA;NA;NA;NA;NA;NA;NA;NA;NA;NA;NA;NA;NA;NA;NA;NA;NA;NA;NA;NA;NA;NA;NA;NA;NA;NA;NA;NA;NA;NA;NA;NA;NA;NA;NA;NA;NA;NA;NA;NA;NA;NA;NA;NA;NA;NA;NA;NA;NA;NA;NA;NA;NA;NA;NA;NA;NA;NA;NA;NA;NA;NA;NA;NA;NA;NA;NA;NA;NA;NA;NA;NA;NA;NA;NA;NA;NA;NA;NA;NA;NA;NA;NA;NA;NA;NA;NA;NA;NA;NA
Coryphophylax_subcristatus;Squamata;Iguania;Agamidae;Extant;3_Tricuspid;1;1;0;Insectivorous;Predatory;0;0;This study;This study;ZMB 14527;Meiri 2018;10.1111/geb.12773;4.14E+02;1.00E+01;4.37E-02;7.42E-03;2.24E-02;4.61E-11;1.34E-02;2.76E-11;-3.21E+00;3.25E-01;-6.80E-01;1.09E-01;-9.93E-02;5.64E-02;7.77E-02;1.02E-01;-3.61E-02;2.94E-02;-6.33E-02;-1.02E-01;-1.53E-01;-1.70E-02;-6.05E-02;-7.26E-02;2.10E-04;-7.29E-03;3.16E-03;-2.18E-02;5.83E-02;-1.67E-03;2.48E-03;-2.51E-02;-7.71E-04;1.40E-02;-3.85E-02;1.69E-02;2.51E-04;-3.45E-02;8.61E-03;3.78E-02;2.29E-02;1.07E-02;3.77E-04;-1.02E-02;-4.83E-03;-2.82E-04;5.84E-03;2.05E-03;6.77E-03;-3.58E-03;2.29E+01;-2.64E+01;-6.10E+00;-7.21E+00;1.15E+01;-1.14E+01;1.07E+01;1.53E+00;8.90E+00;1.57E+00;1.83E+00;4.15E+00;4.01E+00;-9.83E-01;2.05E-01;-5.58E-01;2.76E+01;-2.49E+00;-1.35E+00;2.89E+00;-3.79E+00;-6.34E-01;1.11E+01;-3.74E+00;-3.88E+00;-6.70E+00;1.05E+00;1.34E+01;-3.32E+00;4.54E-01;-8.30E-01;7.20E+00;-8.41E+00;-2.62E-01;1.05E+01;-7.93E+00;1.75E+00;2.23E+00;1.12E+01;-4.32E+00;-1.18E+01;-2.01E+00;-2.48E+00;-6.29E-01;9.75E-01;-1.40E-01;1.82E-01;5.04E-02;-1.12E-02;7.95E-02;-1.59E-01;-3.01E-02;-7.96E-02;-6.84E-02;3.83E-02;-1.86E-01;-1.17E-01;-1.62E-02;-3.74E-02;3.23E-03;1.00E-02;1.04E-02;4.64E-02;-1.96E-02;-2.43E-03;-9.37E-03;5.88E-03;-3.72E-02;-5.01E-02;3.34E-02;2.50E-02;-1.69E-02;2.94E-02;-3.27E-02;1.04E-02;-5.68E-03;9.00E-03;-3.03E-03;1.02E-03;2.50E-03;-9.32E-03;-2.66E-03;6.50E-03;-1.61E-03;3.53E-02
Corytophanes_cristatus;Squamata;Iguania;Corytophanidae;Extant;1_Unicuspid;0;0;0;Insectivorous;Predatory;0;0;Gauthier et al. 2012;10.3374/014.053.0101;FMNH 69227;Meiri 2018;10.1111/geb.12773;9.31E+01;8.66E+00;4.90E-02;5.54E-03;3.75E-02;7.73E-11;2.19E-02;4.51E-11;NA;NA;NA;NA;NA;NA;NA;NA;NA;NA;NA;NA;NA;NA;NA;NA;NA;NA;NA;NA;NA;NA;NA;NA;NA;NA;NA;NA;NA;NA;NA;NA;NA;NA;NA;NA;NA;NA;NA;NA;NA;NA;NA;NA;NA;NA;NA;NA;NA;NA;NA;NA;NA;NA;NA;NA;NA;NA;NA;NA;NA;NA;NA;NA;NA;NA;NA;NA;NA;NA;NA;NA;NA;NA;NA;NA;NA;NA;NA;NA;NA;NA;NA;NA;NA;NA;NA;NA;NA;NA;NA;NA;NA;NA;NA;NA;NA;NA;NA;NA;NA;NA;NA;NA;NA;NA;NA;NA;NA;NA;NA;NA;NA;NA;NA;NA;NA;NA;NA;NA;NA;NA;NA;NA;NA;NA;NA
Corytophanes_percarinatus;Squamata;Iguania;Corytophanidae;Extant;3_Tricuspid;1;1;0;Insectivorous;Predatory;0;0;Melstrom 2017;10.1002/jmor.20645;UCMP 123057;Meiri 2018;10.1111/geb.12773;7.90E+01;7.75E+00;4.90E-02;5.54E-03;2.02E-02;4.17E-11;2.19E-02;4.51E-11;NA;NA;NA;NA;NA;NA;NA;NA;NA;NA;NA;NA;NA;NA;NA;NA;NA;NA;NA;NA;NA;NA;NA;NA;NA;NA;NA;NA;NA;NA;NA;NA;NA;NA;NA;NA;NA;NA;NA;NA;NA;NA;NA;NA;NA;NA;NA;NA;NA;NA;NA;NA;NA;NA;NA;NA;NA;NA;NA;NA;NA;NA;NA;NA;NA;NA;NA;NA;NA;NA;NA;NA;NA;NA;NA;NA;NA;NA;NA;NA;NA;NA;NA;NA;NA;NA;NA;NA;NA;NA;NA;NA;NA;NA;NA;NA;NA;NA;NA;NA;NA;NA;NA;NA;NA;NA;NA;NA;NA;NA;NA;NA;NA;NA;NA;NA;NA;NA;NA;NA;NA;NA;NA;NA;NA;NA;NA
Cricosaura_typica;Squamata;Scincoidea;Xantusiidae;Extant;1_Unicuspid;0;0;0;Insectivorous;Predatory;0;0;Gauthier et al. 2012;10.3374/014.053.0101;USNM 547842;Meiri 2018;10.1111/geb.12773;7.28E+00;5.39E+00;4.37E-02;7.42E-03;6.27E-03;1.29E-11;5.33E-03;1.10E-11;NA;NA;NA;NA;NA;NA;NA;NA;NA;NA;NA;NA;NA;NA;NA;NA;NA;NA;NA;NA;NA;NA;NA;NA;NA;NA;NA;NA;NA;NA;NA;NA;NA;NA;NA;NA;NA;NA;NA;NA;NA;NA;NA;NA;NA;NA;NA;NA;NA;NA;NA;NA;NA;NA;NA;NA;NA;NA;NA;NA;NA;NA;NA;NA;NA;NA;NA;NA;NA;NA;NA;NA;NA;NA;NA;NA;NA;NA;NA;NA;NA;NA;NA;NA;NA;NA;NA;NA;NA;NA;NA;NA;NA;NA;NA;NA;NA;NA;NA;NA;NA;NA;NA;NA;NA;NA;NA;NA;NA;NA;NA;NA;NA;NA;NA;NA;NA;NA;NA;NA;NA;NA;NA;NA;NA;NA;NA
Crocodilurus_amazonicus;Squamata;Lacertoidea;Teiidae;Extant;3_Tricuspid;1;1;0;Carnivorous;Predatory;0;0;Presch 1974;Herpetologica 30(4):344-349;NA;Meiri 2018;10.1111/geb.12773;1.42E+02;6.01E+00;4.48E-02;6.90E-03;2.07E-02;4.27E-11;2.08E-02;4.28E-11;NA;NA;NA;NA;NA;NA;NA;NA;NA;NA;NA;NA;NA;NA;NA;NA;NA;NA;NA;NA;NA;NA;NA;NA;NA;NA;NA;NA;NA;NA;NA;NA;NA;NA;NA;NA;NA;NA;NA;NA;NA;NA;NA;NA;NA;NA;NA;NA;NA;NA;NA;NA;NA;NA;NA;NA;NA;NA;NA;NA;NA;NA;NA;NA;NA;NA;NA;NA;NA;NA;NA;NA;NA;NA;NA;NA;NA;NA;NA;NA;NA;NA;NA;NA;NA;NA;NA;NA;NA;NA;NA;NA;NA;NA;NA;NA;NA;NA;NA;NA;NA;NA;NA;NA;NA;NA;NA;NA;NA;NA;NA;NA;NA;NA;NA;NA;NA;NA;NA;NA;NA;NA;NA;NA;NA;NA;NA
Crossobamon_eversmanni;Squamata;Gekkota;Gekkonidae;Extant;1_Unicuspid;0;0;0;Insectivorous;Predatory;0;0;This study;This study;http://id.luomus.fi/KS.MS1097;Meiri 2018;10.1111/geb.12773;1.41E+00;1.91E+00;4.37E-02;7.42E-03;8.42E-03;1.73E-11;1.02E-02;2.10E-11;NA;NA;NA;NA;NA;NA;NA;NA;NA;NA;NA;NA;NA;NA;NA;NA;NA;NA;NA;NA;NA;NA;NA;NA;NA;NA;NA;NA;NA;NA;NA;NA;NA;NA;NA;NA;NA;NA;NA;NA;NA;NA;NA;NA;NA;NA;NA;NA;NA;NA;NA;NA;NA;NA;NA;NA;NA;NA;NA;NA;NA;NA;NA;NA;NA;NA;NA;NA;NA;NA;NA;NA;NA;NA;NA;NA;NA;NA;NA;NA;NA;NA;NA;NA;NA;NA;NA;NA;NA;NA;NA;NA;NA;NA;NA;NA;NA;NA;NA;NA;NA;NA;NA;NA;NA;NA;NA;NA;NA;NA;NA;NA;NA;NA;NA;NA;NA;NA;NA;NA;NA;NA;NA;NA;NA;NA;NA
Crotaphytus_bicinctores;Squamata;Iguania;Crotaphytidae;Extant;3_Tricuspid;1;1;0;Carnivorous;Predatory;0;0;Melstrom 2017;10.1002/jmor.20645;CAS 200859;Meiri 2018;10.1111/geb.12773;6.78E+01;6.18E+00;4.90E-02;5.54E-03;2.13E-02;4.39E-11;2.60E-02;5.36E-11;NA;NA;NA;NA;NA;NA;NA;NA;NA;NA;NA;NA;NA;NA;NA;NA;NA;NA;NA;NA;NA;NA;NA;NA;NA;NA;NA;NA;NA;NA;NA;NA;NA;NA;NA;NA;NA;NA;NA;NA;NA;NA;NA;NA;NA;NA;NA;NA;NA;NA;NA;NA;NA;NA;NA;NA;NA;NA;NA;NA;NA;NA;NA;NA;NA;NA;NA;NA;NA;NA;NA;NA;NA;NA;NA;NA;NA;NA;NA;NA;NA;NA;NA;NA;NA;NA;NA;NA;NA;NA;NA;NA;NA;NA;NA;NA;NA;NA;NA;NA;NA;NA;NA;NA;NA;NA;NA;NA;NA;NA;NA;NA;NA;NA;NA;NA;NA;NA;NA;NA;NA;NA;NA;NA;NA;NA;NA
Crotaphytus_collaris;Squamata;Iguania;Crotaphytidae;Extant;1_Unicuspid;0;0;0;Insectivorous;Predatory;0;0;Gauthier et al. 2012;10.3374/014.053.0101;FMNH 48667;Meiri 2018;10.1111/geb.12773;8.32E+01;6.13E+00;4.90E-02;5.54E-03;3.79E-02;7.80E-11;2.60E-02;5.36E-11;NA;NA;NA;NA;NA;NA;NA;NA;NA;NA;NA;NA;NA;NA;NA;NA;NA;NA;NA;NA;NA;NA;NA;NA;NA;NA;NA;NA;NA;NA;NA;NA;NA;NA;NA;NA;NA;NA;NA;NA;NA;NA;NA;NA;NA;NA;NA;NA;NA;NA;NA;NA;NA;NA;NA;NA;NA;NA;NA;NA;NA;NA;NA;NA;NA;NA;NA;NA;NA;NA;NA;NA;NA;NA;NA;NA;NA;NA;NA;NA;NA;NA;NA;NA;NA;NA;NA;NA;NA;NA;NA;NA;NA;NA;NA;NA;NA;NA;NA;NA;NA;NA;NA;NA;NA;NA;NA;NA;NA;NA;NA;NA;NA;NA;NA;NA;NA;NA;NA;NA;NA;NA;NA;NA;NA;NA;NA
Crotaphytus_oligocenicus;Squamata;Iguania;Crotaphytidae;Fossil;3_Tricuspid;1;1;0;Carnivorous;Predatory;0;0;Holman 1972;10.1139/e72-143;SMNH 1444;This study;This study;5.39E+01;6.04E+00;4.90E-02;5.54E-03;3.32E-02;6.84E-11;3.27E-02;6.73E-11;NA;NA;NA;NA;NA;NA;NA;NA;NA;NA;NA;NA;NA;NA;NA;NA;NA;NA;NA;NA;NA;NA;NA;NA;NA;NA;NA;NA;NA;NA;NA;NA;NA;NA;NA;NA;NA;NA;NA;NA;NA;NA;NA;NA;NA;NA;NA;NA;NA;NA;NA;NA;NA;NA;NA;NA;NA;NA;NA;NA;NA;NA;NA;NA;NA;NA;NA;NA;NA;NA;NA;NA;NA;NA;NA;NA;NA;NA;NA;NA;NA;NA;NA;NA;NA;NA;NA;NA;NA;NA;NA;NA;NA;NA;NA;NA;NA;NA;NA;NA;NA;NA;NA;NA;NA;NA;NA;NA;NA;NA;NA;NA;NA;NA;NA;NA;NA;NA;NA;NA;NA;NA;NA;NA;NA;NA;NA
Ctenoblepharys_adspersa;Squamata;Iguania;Liolaemidae;Extant;3_Tricuspid;1;1;0;Insectivorous;Predatory;0;0;Etheridge 1995;Am. Mus. Novit. 3142:1-34;MVZ 85415;Meiri 2018;10.1111/geb.12773;1.08E+01;9.78E+00;4.90E-02;5.54E-03;2.33E-02;4.80E-11;9.36E-03;1.93E-11;NA;NA;NA;NA;NA;NA;NA;NA;NA;NA;NA;NA;NA;NA;NA;NA;NA;NA;NA;NA;NA;NA;NA;NA;NA;NA;NA;NA;NA;NA;NA;NA;NA;NA;NA;NA;NA;NA;NA;NA;NA;NA;NA;NA;NA;NA;NA;NA;NA;NA;NA;NA;NA;NA;NA;NA;NA;NA;NA;NA;NA;NA;NA;NA;NA;NA;NA;NA;NA;NA;NA;NA;NA;NA;NA;NA;NA;NA;NA;NA;NA;NA;NA;NA;NA;NA;NA;NA;NA;NA;NA;NA;NA;NA;NA;NA;NA;NA;NA;NA;NA;NA;NA;NA;NA;NA;NA;NA;NA;NA;NA;NA;NA;NA;NA;NA;NA;NA;NA;NA;NA;NA;NA;NA;NA;NA;NA
Ctenomastax_parva;Squamata;Iguania;NA;Fossil;1_Unicuspid;0;0;0;Insectivorous;Predatory;0;0;Gao & Norell 2000;"10.1206/0003-0090(2000)249<0001:TCASOL>2.0.CO;14";IGM 3/61;Gao & Norell 2000;"10.1206/0003-0090(2000)249<0001:TCASOL>2.0.CO;14";6.72E+00;2.28E+00;4.37E-02;7.42E-03;1.04E-02;2.14E-11;7.69E-03;1.59E-11;NA;NA;NA;NA;NA;NA;NA;NA;NA;NA;NA;NA;NA;NA;NA;NA;NA;NA;NA;NA;NA;NA;NA;NA;NA;NA;NA;NA;NA;NA;NA;NA;NA;NA;NA;NA;NA;NA;NA;NA;NA;NA;NA;NA;NA;NA;NA;NA;NA;NA;NA;NA;NA;NA;NA;NA;NA;NA;NA;NA;NA;NA;NA;NA;NA;NA;NA;NA;NA;NA;NA;NA;NA;NA;NA;NA;NA;NA;NA;NA;NA;NA;NA;NA;NA;NA;NA;NA;NA;NA;NA;NA;NA;NA;NA;NA;NA;NA;NA;NA;NA;NA;NA;NA;NA;NA;NA;NA;NA;NA;NA;NA;NA;NA;NA;NA;NA;NA;NA;NA;NA;NA;NA;NA;NA;NA;NA
Ctenosaura_acanthura;Squamata;Iguania;Iguanidae;Extant;4_Multicuspid;1;1;1;Herbivorous;Herbivorous;1;1;Ösi 2011;10.1111/j.1502-3931.2010.00230.x;MNHN 1909.524;Meiri 2018;10.1111/geb.12773;2.25E+01;2.85E+00;2.83E-01;3.12E-02;3.86E-02;7.96E-11;4.32E-02;8.97E-11;NA;NA;NA;NA;NA;NA;NA;NA;NA;NA;NA;NA;NA;NA;NA;NA;NA;NA;NA;NA;NA;NA;NA;NA;NA;NA;NA;NA;NA;NA;NA;NA;NA;NA;NA;NA;NA;NA;NA;NA;NA;NA;NA;NA;NA;NA;NA;NA;NA;NA;NA;NA;NA;NA;NA;NA;NA;NA;NA;NA;NA;NA;NA;NA;NA;NA;NA;NA;NA;NA;NA;NA;NA;NA;NA;NA;NA;NA;NA;NA;NA;NA;NA;NA;NA;NA;NA;NA;NA;NA;NA;NA;NA;NA;NA;NA;NA;NA;NA;NA;NA;NA;NA;NA;NA;NA;NA;NA;NA;NA;NA;NA;NA;NA;NA;NA;NA;NA;NA;NA;NA;NA;NA;NA;NA;NA;NA
Ctenosaura_clarki;Squamata;Iguania;Iguanidae;Extant;4_Multicuspid;1;1;1;Herbivorous;Herbivorous;1;1;Montanucci 1968;Herpetologica 24(4):305-315;KU 53347;Meiri 2018;10.1111/geb.12773;3.19E+01;2.51E+00;2.83E-01;3.12E-02;3.73E-02;7.68E-11;4.06E-02;8.51E-11;NA;NA;NA;NA;NA;NA;NA;NA;NA;NA;NA;NA;NA;NA;NA;NA;NA;NA;NA;NA;NA;NA;NA;NA;NA;NA;NA;NA;NA;NA;NA;NA;NA;NA;NA;NA;NA;NA;NA;NA;NA;NA;NA;NA;NA;NA;NA;NA;NA;NA;NA;NA;NA;NA;NA;NA;NA;NA;NA;NA;NA;NA;NA;NA;NA;NA;NA;NA;NA;NA;NA;NA;NA;NA;NA;NA;NA;NA;NA;NA;NA;NA;NA;NA;NA;NA;NA;NA;NA;NA;NA;NA;NA;NA;NA;NA;NA;NA;NA;NA;NA;NA;NA;NA;NA;NA;NA;NA;NA;NA;NA;NA;NA;NA;NA;NA;NA;NA;NA;NA;NA;NA;NA;NA;NA;NA;NA
Ctenosaura_hemilopha;Squamata;Iguania;Iguanidae;Extant;4_Multicuspid;1;1;1;Herbivorous;Herbivorous;1;1;Melstrom 2017;10.1002/jmor.20645;CAS 46399;Meiri 2018;10.1111/geb.12773;2.08E+01;2.71E+00;2.83E-01;3.12E-02;3.70E-02;7.63E-11;4.00E-02;8.41E-11;NA;NA;NA;NA;NA;NA;NA;NA;NA;NA;NA;NA;NA;NA;NA;NA;NA;NA;NA;NA;NA;NA;NA;NA;NA;NA;NA;NA;NA;NA;NA;NA;NA;NA;NA;NA;NA;NA;NA;NA;NA;NA;NA;NA;NA;NA;NA;NA;NA;NA;NA;NA;NA;NA;NA;NA;NA;NA;NA;NA;NA;NA;NA;NA;NA;NA;NA;NA;NA;NA;NA;NA;NA;NA;NA;NA;NA;NA;NA;NA;NA;NA;NA;NA;NA;NA;NA;NA;NA;NA;NA;NA;NA;NA;NA;NA;NA;NA;NA;NA;NA;NA;NA;NA;NA;NA;NA;NA;NA;NA;NA;NA;NA;NA;NA;NA;NA;NA;NA;NA;NA;NA;NA;NA;NA;NA;NA
Ctenosaura_pectinata;Squamata;Iguania;Iguanidae;Extant;3_Tricuspid;1;1;0;Herbivorous;Herbivorous;1;1;Gauthier et al. 2012;10.3374/014.053.0101;NA;Meiri 2018;10.1111/geb.12773;2.89E+01;2.77E+00;2.83E-01;3.12E-02;3.86E-02;7.96E-11;4.32E-02;8.97E-11;NA;NA;NA;NA;NA;NA;NA;NA;NA;NA;NA;NA;NA;NA;NA;NA;NA;NA;NA;NA;NA;NA;NA;NA;NA;NA;NA;NA;NA;NA;NA;NA;NA;NA;NA;NA;NA;NA;NA;NA;NA;NA;NA;NA;NA;NA;NA;NA;NA;NA;NA;NA;NA;NA;NA;NA;NA;NA;NA;NA;NA;NA;NA;NA;NA;NA;NA;NA;NA;NA;NA;NA;NA;NA;NA;NA;NA;NA;NA;NA;NA;NA;NA;NA;NA;NA;NA;NA;NA;NA;NA;NA;NA;NA;NA;NA;NA;NA;NA;NA;NA;NA;NA;NA;NA;NA;NA;NA;NA;NA;NA;NA;NA;NA;NA;NA;NA;NA;NA;NA;NA;NA;NA;NA;NA;NA;NA
Ctenosaura_quinquecarinata;Squamata;Iguania;Iguanidae;Extant;3_Tricuspid;1;1;0;Omnivorous;Omnivorous;1;0;Ollonen et al. 2018;10.3389/fphys.2018.00278;Di-Poï lab;Meiri 2018;10.1111/geb.12773;3.13E+01;2.60E+00;2.83E-01;3.12E-02;3.73E-02;7.68E-11;4.06E-02;8.51E-11;3.74E+00;-7.06E-01;1.12E+00;-6.14E-01;-2.08E-01;4.93E-01;9.11E-01;-6.72E-01;-9.05E-02;-1.55E-01;-1.18E-01;7.56E-02;-2.24E-01;4.96E-03;1.70E-02;4.19E-02;-1.94E-01;3.22E-02;-2.32E-02;1.54E-03;7.11E-03;1.98E-02;-6.24E-02;-4.80E-03;-2.32E-02;1.69E-02;2.25E-02;5.96E-03;6.75E-03;-2.00E-02;7.11E-03;-1.38E-02;4.46E-03;4.42E-03;7.95E-03;9.50E-03;1.94E-03;1.05E-04;5.72E-04;1.96E-03;7.71E-05;-9.44E-04;-4.68E+01;-9.80E-01;3.36E+01;1.99E+01;4.60E+00;3.14E+01;1.82E+01;1.56E+01;-4.47E+00;1.59E+01;1.62E-01;1.55E+00;2.30E+01;2.25E+01;-3.18E+01;-2.16E+00;-1.20E+01;9.56E+00;1.33E+01;-5.92E+00;-9.27E+00;-1.25E+00;-2.28E+00;-2.84E+01;-3.19E+01;2.67E+00;4.35E+00;1.08E+01;7.95E+00;-1.03E+01;-2.14E+01;-6.16E-01;-8.82E-01;1.51E+01;1.49E+01;1.89E+00;-2.79E+00;-5.19E+00;1.49E+00;6.62E+00;6.23E+00;-2.16E+01;4.11E+00;1.14E+00;-1.35E+00;1.09E+00;6.32E-02;4.25E-01;8.37E-01;3.03E-01;3.32E-01;-7.80E-02;6.10E-02;-1.95E-01;1.88E-01;7.52E-03;-2.05E-01;6.44E-03;1.27E-02;-2.85E-02;3.27E-02;5.37E-03;-2.71E-02;-3.77E-02;5.19E-02;4.29E-02;-3.80E-02;-3.81E-02;1.60E-02;-1.33E-02;9.41E-03;-2.32E-02;-5.97E-03;1.68E-02;-3.05E-02;-7.80E-03;1.91E-03;8.12E-04;-5.55E-03;-6.00E-03;-2.28E-03;-4.33E-04;2.19E-03;1.58E-03;1.12E+00
Ctenosaura_similis;Squamata;Iguania;Iguanidae;Extant;4_Multicuspid;1;1;1;Herbivorous;Herbivorous;1;1;Torres Carvajal 2007;"10.1670/0022-1511(2007)41[528:HGOMTI]2.0.CO;2";KU 84969;Meiri 2018;10.1111/geb.12773;2.52E+01;2.39E+00;2.83E-01;3.12E-02;3.66E-02;7.54E-11;3.91E-02;8.25E-11;NA;NA;NA;NA;NA;NA;NA;NA;NA;NA;NA;NA;NA;NA;NA;NA;NA;NA;NA;NA;NA;NA;NA;NA;NA;NA;NA;NA;NA;NA;NA;NA;NA;NA;NA;NA;NA;NA;NA;NA;NA;NA;NA;NA;NA;NA;NA;NA;NA;NA;NA;NA;NA;NA;NA;NA;NA;NA;NA;NA;NA;NA;NA;NA;NA;NA;NA;NA;NA;NA;NA;NA;NA;NA;NA;NA;NA;NA;NA;NA;NA;NA;NA;NA;NA;NA;NA;NA;NA;NA;NA;NA;NA;NA;NA;NA;NA;NA;NA;NA;NA;NA;NA;NA;NA;NA;NA;NA;NA;NA;NA;NA;NA;NA;NA;NA;NA;NA;NA;NA;NA;NA;NA;NA;NA;NA;NA
Cyclodomorphus_branchialis;Squamata;Scincoidea;Scincidae;Extant;1_Unicuspid;0;0;0;Insectivorous;Predatory;0;0;Estes & Williams 1984;10.1080/02724634.1984.10011989;MCZ 78652;Meiri 2018;10.1111/geb.12773;6.65E+01;1.35E+02;1.15E-01;1.31E-02;2.18E-02;4.50E-11;2.56E-02;5.28E-11;NA;NA;NA;NA;NA;NA;NA;NA;NA;NA;NA;NA;NA;NA;NA;NA;NA;NA;NA;NA;NA;NA;NA;NA;NA;NA;NA;NA;NA;NA;NA;NA;NA;NA;NA;NA;NA;NA;NA;NA;NA;NA;NA;NA;NA;NA;NA;NA;NA;NA;NA;NA;NA;NA;NA;NA;NA;NA;NA;NA;NA;NA;NA;NA;NA;NA;NA;NA;NA;NA;NA;NA;NA;NA;NA;NA;NA;NA;NA;NA;NA;NA;NA;NA;NA;NA;NA;NA;NA;NA;NA;NA;NA;NA;NA;NA;NA;NA;NA;NA;NA;NA;NA;NA;NA;NA;NA;NA;NA;NA;NA;NA;NA;NA;NA;NA;NA;NA;NA;NA;NA;NA;NA;NA;NA;NA;NA
Cyclura_cornuta;Squamata;Iguania;Iguanidae;Extant;4_Multicuspid;1;1;1;Herbivorous;Herbivorous;1;1;Berkovitz & Shellis 2017;978-0-12-802850-6;NA;Meiri 2018;10.1111/geb.12773;1.18E+01;2.36E+00;1.84E-01;1.94E-02;3.17E-02;6.54E-11;2.96E-02;6.57E-11;NA;NA;NA;NA;NA;NA;NA;NA;NA;NA;NA;NA;NA;NA;NA;NA;NA;NA;NA;NA;NA;NA;NA;NA;NA;NA;NA;NA;NA;NA;NA;NA;NA;NA;NA;NA;NA;NA;NA;NA;NA;NA;NA;NA;NA;NA;NA;NA;NA;NA;NA;NA;NA;NA;NA;NA;NA;NA;NA;NA;NA;NA;NA;NA;NA;NA;NA;NA;NA;NA;NA;NA;NA;NA;NA;NA;NA;NA;NA;NA;NA;NA;NA;NA;NA;NA;NA;NA;NA;NA;NA;NA;NA;NA;NA;NA;NA;NA;NA;NA;NA;NA;NA;NA;NA;NA;NA;NA;NA;NA;NA;NA;NA;NA;NA;NA;NA;NA;NA;NA;NA;NA;NA;NA;NA;NA;NA
Cylindrophis_melanotus;Squamata;Serpentes;Cylindrophiidae;Extant;1_Unicuspid;0;0;0;Carnivorous;Predatory;0;0;Da Silva et al. 2018;10.1038/s41467-017-02788-3;ZMB 14510;Greene 1983;10.1093/icb/23.2.431;1.40E+00;3.48E-01;5.44E-02;2.45E-03;2.00E-02;4.12E-11;2.26E-02;4.67E-11;NA;NA;NA;NA;NA;NA;NA;NA;NA;NA;NA;NA;NA;NA;NA;NA;NA;NA;NA;NA;NA;NA;NA;NA;NA;NA;NA;NA;NA;NA;NA;NA;NA;NA;NA;NA;NA;NA;NA;NA;NA;NA;NA;NA;NA;NA;NA;NA;NA;NA;NA;NA;NA;NA;NA;NA;NA;NA;NA;NA;NA;NA;NA;NA;NA;NA;NA;NA;NA;NA;NA;NA;NA;NA;NA;NA;NA;NA;NA;NA;NA;NA;NA;NA;NA;NA;NA;NA;NA;NA;NA;NA;NA;NA;NA;NA;NA;NA;NA;NA;NA;NA;NA;NA;NA;NA;NA;NA;NA;NA;NA;NA;NA;NA;NA;NA;NA;NA;NA;NA;NA;NA;NA;NA;NA;NA;NA
Cylindrophis_ruffus;Squamata;Serpentes;Cylindrophiidae;Extant;1_Unicuspid;0;0;0;Carnivorous;Predatory;0;0;Gauthier et al. 2012;10.3374/014.053.0101;FMNH 60958;Watanabe et al. 2019;10.1073/pnas.1820967116;1.27E+00;2.81E-01;5.44E-02;2.45E-03;1.45E-02;2.99E-11;1.75E-02;3.60E-11;NA;NA;NA;NA;NA;NA;NA;NA;NA;NA;NA;NA;NA;NA;NA;NA;NA;NA;NA;NA;NA;NA;NA;NA;NA;NA;NA;NA;NA;NA;NA;NA;NA;NA;NA;NA;NA;NA;NA;NA;NA;NA;NA;NA;NA;NA;NA;NA;NA;NA;NA;NA;NA;NA;NA;NA;NA;NA;NA;NA;NA;NA;NA;NA;NA;NA;NA;NA;NA;NA;NA;NA;NA;NA;NA;NA;NA;NA;NA;NA;NA;NA;NA;NA;NA;NA;NA;NA;NA;NA;NA;NA;NA;NA;NA;NA;NA;NA;NA;NA;NA;NA;NA;NA;NA;NA;NA;NA;NA;NA;NA;NA;NA;NA;NA;NA;NA;NA;NA;NA;NA;NA;NA;NA;NA;NA;NA
Cynisca_leucura;Squamata;Lacertoidea;Amphisbaenidae;Extant;1_Unicuspid;0;0;0;Insectivorous;Predatory;0;0;Hipsley et al. 2016;10.1002/jmor.20564;ZMB;Meiri 2018;10.1111/geb.12773;5.97E+00;4.54E-01;4.37E-02;7.42E-03;8.09E-03;1.67E-11;8.87E-03;1.83E-11;NA;NA;NA;NA;NA;NA;NA;NA;NA;NA;NA;NA;NA;NA;NA;NA;NA;NA;NA;NA;NA;NA;NA;NA;NA;NA;NA;NA;NA;NA;NA;NA;NA;NA;NA;NA;NA;NA;NA;NA;NA;NA;NA;NA;NA;NA;NA;NA;NA;NA;NA;NA;NA;NA;NA;NA;NA;NA;NA;NA;NA;NA;NA;NA;NA;NA;NA;NA;NA;NA;NA;NA;NA;NA;NA;NA;NA;NA;NA;NA;NA;NA;NA;NA;NA;NA;NA;NA;NA;NA;NA;NA;NA;NA;NA;NA;NA;NA;NA;NA;NA;NA;NA;NA;NA;NA;NA;NA;NA;NA;NA;NA;NA;NA;NA;NA;NA;NA;NA;NA;NA;NA;NA;NA;NA;NA;NA
Cypressaurus_hypsodontus;Squamata;Iguania;Phrynosomatidae;Fossil;3_Tricuspid;1;1;0;Insectivorous;Predatory;0;0;Holman 1972;10.1139/e72-143;SMNH 1442;This study;This study;2.01E+01;4.35E+00;4.90E-02;5.54E-03;2.58E-02;5.31E-11;2.55E-02;5.25E-11;NA;NA;NA;NA;NA;NA;NA;NA;NA;NA;NA;NA;NA;NA;NA;NA;NA;NA;NA;NA;NA;NA;NA;NA;NA;NA;NA;NA;NA;NA;NA;NA;NA;NA;NA;NA;NA;NA;NA;NA;NA;NA;NA;NA;NA;NA;NA;NA;NA;NA;NA;NA;NA;NA;NA;NA;NA;NA;NA;NA;NA;NA;NA;NA;NA;NA;NA;NA;NA;NA;NA;NA;NA;NA;NA;NA;NA;NA;NA;NA;NA;NA;NA;NA;NA;NA;NA;NA;NA;NA;NA;NA;NA;NA;NA;NA;NA;NA;NA;NA;NA;NA;NA;NA;NA;NA;NA;NA;NA;NA;NA;NA;NA;NA;NA;NA;NA;NA;NA;NA;NA;NA;NA;NA;NA;NA;NA
Daboia_russelii;Squamata;Serpentes;Viperidae;Extant;1_Unicuspid;0;0;0;Carnivorous;Predatory;0;0;Watanabe et al. 2019;10.1073/pnas.1820967116;FMNH 121477;Watanabe et al. 2019;10.1073/pnas.1820967116;1.18E+00;2.43E-01;5.44E-02;2.45E-03;1.13E-02;2.33E-11;1.32E-02;2.73E-11;NA;NA;NA;NA;NA;NA;NA;NA;NA;NA;NA;NA;NA;NA;NA;NA;NA;NA;NA;NA;NA;NA;NA;NA;NA;NA;NA;NA;NA;NA;NA;NA;NA;NA;NA;NA;NA;NA;NA;NA;NA;NA;NA;NA;NA;NA;NA;NA;NA;NA;NA;NA;NA;NA;NA;NA;NA;NA;NA;NA;NA;NA;NA;NA;NA;NA;NA;NA;NA;NA;NA;NA;NA;NA;NA;NA;NA;NA;NA;NA;NA;NA;NA;NA;NA;NA;NA;NA;NA;NA;NA;NA;NA;NA;NA;NA;NA;NA;NA;NA;NA;NA;NA;NA;NA;NA;NA;NA;NA;NA;NA;NA;NA;NA;NA;NA;NA;NA;NA;NA;NA;NA;NA;NA;NA;NA;NA
Dalmatolacerta_oxycephala;Squamata;Lacertoidea;Lacertidae;Extant;2_Bicuspid;1;0;0;Insectivorous;Predatory;0;0;Herrel et al. 2004;10.1111/j.1420-9101.2004.00758.x;NA;Meiri 2018;10.1111/geb.12773;8.86E+01;3.26E+01;4.37E-02;7.42E-03;2.50E-02;5.15E-11;1.10E-02;2.27E-11;NA;NA;NA;NA;NA;NA;NA;NA;NA;NA;NA;NA;NA;NA;NA;NA;NA;NA;NA;NA;NA;NA;NA;NA;NA;NA;NA;NA;NA;NA;NA;NA;NA;NA;NA;NA;NA;NA;NA;NA;NA;NA;NA;NA;NA;NA;NA;NA;NA;NA;NA;NA;NA;NA;NA;NA;NA;NA;NA;NA;NA;NA;NA;NA;NA;NA;NA;NA;NA;NA;NA;NA;NA;NA;NA;NA;NA;NA;NA;NA;NA;NA;NA;NA;NA;NA;NA;NA;NA;NA;NA;NA;NA;NA;NA;NA;NA;NA;NA;NA;NA;NA;NA;NA;NA;NA;NA;NA;NA;NA;NA;NA;NA;NA;NA;NA;NA;NA;NA;NA;NA;NA;NA;NA;NA;NA;NA
Dasia_vyneri;Squamata;Scincoidea;Scincidae;Extant;1_Unicuspid;0;0;0;Insectivorous;Predatory;0;0;Das 2004;Asiat. Herpetol. Res. 10:241-244;;Metzger & Herrel 2005;10.1111/j.1095-8312.2005.00546.x;3.23E+01;6.56E+01;4.37E-02;7.42E-03;1.21E-02;2.50E-11;1.47E-02;3.02E-11;NA;NA;NA;NA;NA;NA;NA;NA;NA;NA;NA;NA;NA;NA;NA;NA;NA;NA;NA;NA;NA;NA;NA;NA;NA;NA;NA;NA;NA;NA;NA;NA;NA;NA;NA;NA;NA;NA;NA;NA;NA;NA;NA;NA;NA;NA;NA;NA;NA;NA;NA;NA;NA;NA;NA;NA;NA;NA;NA;NA;NA;NA;NA;NA;NA;NA;NA;NA;NA;NA;NA;NA;NA;NA;NA;NA;NA;NA;NA;NA;NA;NA;NA;NA;NA;NA;NA;NA;NA;NA;NA;NA;NA;NA;NA;NA;NA;NA;NA;NA;NA;NA;NA;NA;NA;NA;NA;NA;NA;NA;NA;NA;NA;NA;NA;NA;NA;NA;NA;NA;NA;NA;NA;NA;NA;NA;NA
Dasypeltis_scabra;Squamata;Serpentes;Colubridae;Extant;1_Unicuspid;0;0;0;Carnivorous;Predatory;0;0;Da Silva et al. 2018;10.1038/s41467-017-02788-3;ZMB 59037;Gartner & Greene 2008;10.1111/j.1469-7998.2008.00448.x;1.41E+00;3.36E-01;5.44E-02;2.45E-03;1.83E-02;3.77E-11;1.92E-02;3.97E-11;NA;NA;NA;NA;NA;NA;NA;NA;NA;NA;NA;NA;NA;NA;NA;NA;NA;NA;NA;NA;NA;NA;NA;NA;NA;NA;NA;NA;NA;NA;NA;NA;NA;NA;NA;NA;NA;NA;NA;NA;NA;NA;NA;NA;NA;NA;NA;NA;NA;NA;NA;NA;NA;NA;NA;NA;NA;NA;NA;NA;NA;NA;NA;NA;NA;NA;NA;NA;NA;NA;NA;NA;NA;NA;NA;NA;NA;NA;NA;NA;NA;NA;NA;NA;NA;NA;NA;NA;NA;NA;NA;NA;NA;NA;NA;NA;NA;NA;NA;NA;NA;NA;NA;NA;NA;NA;NA;NA;NA;NA;NA;NA;NA;NA;NA;NA;NA;NA;NA;NA;NA;NA;NA;NA;NA;NA;NA
Delma_borea;Squamata;Gekkota;Pygopodidae;Extant;1_Unicuspid;0;0;0;Omnivorous;Omnivorous;1;0;Gauthier et al. 2012;10.3374/014.053.0101;USNM 128679;Meiri 2018;10.1111/geb.12773;1.84E+00;7.40E+00;4.37E-02;7.42E-03;2.40E-02;4.95E-11;3.89E-02;8.22E-11;NA;NA;NA;NA;NA;NA;NA;NA;NA;NA;NA;NA;NA;NA;NA;NA;NA;NA;NA;NA;NA;NA;NA;NA;NA;NA;NA;NA;NA;NA;NA;NA;NA;NA;NA;NA;NA;NA;NA;NA;NA;NA;NA;NA;NA;NA;NA;NA;NA;NA;NA;NA;NA;NA;NA;NA;NA;NA;NA;NA;NA;NA;NA;NA;NA;NA;NA;NA;NA;NA;NA;NA;NA;NA;NA;NA;NA;NA;NA;NA;NA;NA;NA;NA;NA;NA;NA;NA;NA;NA;NA;NA;NA;NA;NA;NA;NA;NA;NA;NA;NA;NA;NA;NA;NA;NA;NA;NA;NA;NA;NA;NA;NA;NA;NA;NA;NA;NA;NA;NA;NA;NA;NA;NA;NA;NA;NA
Delma_butleri;Squamata;Gekkota;Pygopodidae;Extant;1_Unicuspid;0;0;0;Insectivorous;Predatory;0;0;Evans 2008;978-0-91698-476-2;SAM 16843A;Meiri 2018;10.1111/geb.12773;1.80E+00;4.25E+00;4.37E-02;7.42E-03;2.40E-02;4.95E-11;2.55E-02;5.25E-11;NA;NA;NA;NA;NA;NA;NA;NA;NA;NA;NA;NA;NA;NA;NA;NA;NA;NA;NA;NA;NA;NA;NA;NA;NA;NA;NA;NA;NA;NA;NA;NA;NA;NA;NA;NA;NA;NA;NA;NA;NA;NA;NA;NA;NA;NA;NA;NA;NA;NA;NA;NA;NA;NA;NA;NA;NA;NA;NA;NA;NA;NA;NA;NA;NA;NA;NA;NA;NA;NA;NA;NA;NA;NA;NA;NA;NA;NA;NA;NA;NA;NA;NA;NA;NA;NA;NA;NA;NA;NA;NA;NA;NA;NA;NA;NA;NA;NA;NA;NA;NA;NA;NA;NA;NA;NA;NA;NA;NA;NA;NA;NA;NA;NA;NA;NA;NA;NA;NA;NA;NA;NA;NA;NA;NA;NA;NA
Diadophis_punctatus;Squamata;Serpentes;Colubridae;Extant;1_Unicuspid;0;0;0;Carnivorous;Predatory;0;0;Gauthier et al. 2012;10.3374/014.053.0101;FMNH 244371;Watanabe et al. 2019;10.1073/pnas.1820967116;1.13E+00;2.49E-01;5.44E-02;2.45E-03;1.49E-02;3.06E-11;1.70E-02;3.50E-11;NA;NA;NA;NA;NA;NA;NA;NA;NA;NA;NA;NA;NA;NA;NA;NA;NA;NA;NA;NA;NA;NA;NA;NA;NA;NA;NA;NA;NA;NA;NA;NA;NA;NA;NA;NA;NA;NA;NA;NA;NA;NA;NA;NA;NA;NA;NA;NA;NA;NA;NA;NA;NA;NA;NA;NA;NA;NA;NA;NA;NA;NA;NA;NA;NA;NA;NA;NA;NA;NA;NA;NA;NA;NA;NA;NA;NA;NA;NA;NA;NA;NA;NA;NA;NA;NA;NA;NA;NA;NA;NA;NA;NA;NA;NA;NA;NA;NA;NA;NA;NA;NA;NA;NA;NA;NA;NA;NA;NA;NA;NA;NA;NA;NA;NA;NA;NA;NA;NA;NA;NA;NA;NA;NA;NA;NA;NA
Dibamus_novaeguineae;Squamata;Dibamia;Dibamidae;Extant;1_Unicuspid;0;0;0;Insectivorous;Predatory;0;0;This study;This study;ZMB 33822;Meiri 2018;10.1111/geb.12773;2.48E+00;5.48E-01;4.37E-02;7.42E-03;5.34E-03;1.10E-11;4.68E-03;9.65E-12;NA;NA;NA;NA;NA;NA;NA;NA;NA;NA;NA;NA;NA;NA;NA;NA;NA;NA;NA;NA;NA;NA;NA;NA;NA;NA;NA;NA;NA;NA;NA;NA;NA;NA;NA;NA;NA;NA;NA;NA;NA;NA;NA;NA;NA;NA;NA;NA;NA;NA;NA;NA;NA;NA;NA;NA;NA;NA;NA;NA;NA;NA;NA;NA;NA;NA;NA;NA;NA;NA;NA;NA;NA;NA;NA;NA;NA;NA;NA;NA;NA;NA;NA;NA;NA;NA;NA;NA;NA;NA;NA;NA;NA;NA;NA;NA;NA;NA;NA;NA;NA;NA;NA;NA;NA;NA;NA;NA;NA;NA;NA;NA;NA;NA;NA;NA;NA;NA;NA;NA;NA;NA;NA;NA;NA;NA;NA
Dicothodon_bajaensis;Squamata;Polyglyphanodontia;Polyglyphanodontidae;Fossil;2_Bicuspid;1;0;0;Omnivorous;Omnivorous;1;0;Nydam 1999;ISBN 1-55791-634-9;OMNH 29771;Nydam 1999;ISBN 1-55791-634-9;7.66E+01;4.04E+00;7.22E-02;9.18E-02;2.03E-02;4.19E-11;2.11E-02;5.09E-11;NA;NA;NA;NA;NA;NA;NA;NA;NA;NA;NA;NA;NA;NA;NA;NA;NA;NA;NA;NA;NA;NA;NA;NA;NA;NA;NA;NA;NA;NA;NA;NA;NA;NA;NA;NA;NA;NA;NA;NA;NA;NA;NA;NA;NA;NA;NA;NA;NA;NA;NA;NA;NA;NA;NA;NA;NA;NA;NA;NA;NA;NA;NA;NA;NA;NA;NA;NA;NA;NA;NA;NA;NA;NA;NA;NA;NA;NA;NA;NA;NA;NA;NA;NA;NA;NA;NA;NA;NA;NA;NA;NA;NA;NA;NA;NA;NA;NA;NA;NA;NA;NA;NA;NA;NA;NA;NA;NA;NA;NA;NA;NA;NA;NA;NA;NA;NA;NA;NA;NA;NA;NA;NA;NA;NA;NA;NA
Dicrodon_guttulatum;Squamata;Lacertoidea;Teiidae;Extant;3_Tricuspid;1;1;0;Herbivorous;Herbivorous;1;1;Melstrom 2017;10.1002/jmor.20645;MVZ 85400;Meiri 2018;10.1111/geb.12773;3.63E+01;2.54E+00;4.48E-02;6.90E-03;2.29E-02;4.72E-11;1.21E-02;3.51E-11;NA;NA;NA;NA;NA;NA;NA;NA;NA;NA;NA;NA;NA;NA;NA;NA;NA;NA;NA;NA;NA;NA;NA;NA;NA;NA;NA;NA;NA;NA;NA;NA;NA;NA;NA;NA;NA;NA;NA;NA;NA;NA;NA;NA;NA;NA;NA;NA;NA;NA;NA;NA;NA;NA;NA;NA;NA;NA;NA;NA;NA;NA;NA;NA;NA;NA;NA;NA;NA;NA;NA;NA;NA;NA;NA;NA;NA;NA;NA;NA;NA;NA;NA;NA;NA;NA;NA;NA;NA;NA;NA;NA;NA;NA;NA;NA;NA;NA;NA;NA;NA;NA;NA;NA;NA;NA;NA;NA;NA;NA;NA;NA;NA;NA;NA;NA;NA;NA;NA;NA;NA;NA;NA;NA;NA;NA;NA
Dinilysia_patagonica;Squamata;Serpentes;NA;Fossil;1_Unicuspid;0;0;0;Carnivorous;Predatory;0;0;Budney et al. 2010;"10.1671/0272-4634(2006)26[138:TSHITC]2.0.CO;2";MACN Pv RN1011;Budney et al. 2010;"10.1671/0272-4634(2006)26[138:TSHITC]2.0.CO;2";1.82E+00;2.54E-01;4.37E-02;7.42E-03;1.67E-02;3.45E-11;1.80E-02;3.71E-11;NA;NA;NA;NA;NA;NA;NA;NA;NA;NA;NA;NA;NA;NA;NA;NA;NA;NA;NA;NA;NA;NA;NA;NA;NA;NA;NA;NA;NA;NA;NA;NA;NA;NA;NA;NA;NA;NA;NA;NA;NA;NA;NA;NA;NA;NA;NA;NA;NA;NA;NA;NA;NA;NA;NA;NA;NA;NA;NA;NA;NA;NA;NA;NA;NA;NA;NA;NA;NA;NA;NA;NA;NA;NA;NA;NA;NA;NA;NA;NA;NA;NA;NA;NA;NA;NA;NA;NA;NA;NA;NA;NA;NA;NA;NA;NA;NA;NA;NA;NA;NA;NA;NA;NA;NA;NA;NA;NA;NA;NA;NA;NA;NA;NA;NA;NA;NA;NA;NA;NA;NA;NA;NA;NA;NA;NA;NA
Diploglossus_lessonae;Squamata;Anguimorpha;Diploglossidae;Extant;1_Unicuspid;0;0;0;Insectivorous;Predatory;0;0;Rieppel 1980a;10.1007/978-3-0348-9372-5;MBS 15508;Meiri 2018;10.1111/geb.12773;5.14E+01;6.35E-01;4.37E-02;7.42E-03;1.12E-02;2.32E-11;1.04E-02;2.15E-11;NA;NA;NA;NA;NA;NA;NA;NA;NA;NA;NA;NA;NA;NA;NA;NA;NA;NA;NA;NA;NA;NA;NA;NA;NA;NA;NA;NA;NA;NA;NA;NA;NA;NA;NA;NA;NA;NA;NA;NA;NA;NA;NA;NA;NA;NA;NA;NA;NA;NA;NA;NA;NA;NA;NA;NA;NA;NA;NA;NA;NA;NA;NA;NA;NA;NA;NA;NA;NA;NA;NA;NA;NA;NA;NA;NA;NA;NA;NA;NA;NA;NA;NA;NA;NA;NA;NA;NA;NA;NA;NA;NA;NA;NA;NA;NA;NA;NA;NA;NA;NA;NA;NA;NA;NA;NA;NA;NA;NA;NA;NA;NA;NA;NA;NA;NA;NA;NA;NA;NA;NA;NA;NA;NA;NA;NA;NA
Diplolaemus_bibronii;Squamata;Iguania;Leiosauridae;Extant;3_Tricuspid;1;1;0;Insectivorous;Predatory;0;0;Estes & Williams 1984;10.1080/02724634.1984.10011989;MVZ 93047;Meiri 2018;10.1111/geb.12773;1.48E+02;6.06E+01;4.90E-02;5.54E-03;2.55E-02;5.26E-11;2.21E-02;4.56E-11;-3.29E+00;3.42E-01;-2.03E-02;4.31E-02;2.02E-01;-1.32E-01;-1.03E-01;9.10E-02;-1.44E-01;1.53E-01;-4.59E-02;9.20E-02;-6.01E-02;-9.11E-03;-2.60E-03;-1.29E-01;-1.59E-02;-3.63E-03;-1.81E-02;-2.17E-02;3.99E-02;-2.89E-02;-1.39E-02;9.54E-03;-8.95E-03;3.39E-03;1.65E-02;-6.84E-03;4.60E-03;-1.82E-02;-5.23E-03;-1.39E-02;-6.29E-03;6.65E-03;5.51E-03;-6.89E-03;-2.29E-03;5.41E-03;-6.76E-03;5.96E-03;3.19E-03;1.95E-03;8.03E+00;-9.10E+00;-4.60E+00;-9.67E+00;-2.19E+00;-7.66E+00;1.11E+01;-4.47E+00;-4.47E-01;3.08E+00;-5.51E+00;1.03E+01;-6.30E+00;5.63E+00;7.43E+00;-6.26E+00;3.21E+00;6.92E+00;5.76E+00;1.41E-01;-2.53E-01;6.71E+00;-3.45E+00;-1.03E+01;1.54E+01;-6.33E+00;3.25E-01;-3.84E+00;9.10E+00;-8.21E+00;1.74E+00;-3.97E+00;-1.72E+01;8.84E+00;1.34E+00;-2.90E+00;-1.66E+00;-2.04E+00;1.78E+00;-4.15E+00;-1.50E+01;1.29E+00;-2.63E+00;-5.23E-01;3.09E-01;-2.60E-01;2.14E-01;-1.89E-01;-2.43E-01;7.39E-02;-9.92E-02;-1.21E-01;6.68E-02;4.86E-02;9.39E-02;-2.32E-02;-9.58E-02;-2.72E-02;-9.76E-02;-4.66E-03;1.88E-02;1.61E-02;2.19E-02;2.45E-02;1.35E-02;-7.87E-03;-1.77E-02;1.62E-02;7.41E-03;3.91E-03;-5.29E-03;-1.12E-02;-1.44E-03;7.31E-03;-6.99E-03;-1.47E-02;6.78E-05;-5.93E-05;5.78E-03;-8.15E-03;1.56E-03;-6.08E-03;9.09E-03;-5.24E-03;1.29E-01
Diplometopon_zarudnyi;Squamata;Lacertoidea;Trogonophidae;Extant;3_Tricuspid;1;1;0;Insectivorous;Predatory;0;0;Maisano et al. 2005;10.1002/jmor.10388;FMNH 64429;Meiri 2018;10.1111/geb.12773;1.70E+01;5.54E-01;4.37E-02;7.42E-03;2.05E-02;4.22E-11;1.09E-02;2.24E-11;-2.40E+00;1.03E-01;-5.26E-01;-2.94E-01;-1.98E-01;-3.24E-02;-2.32E-01;6.04E-02;9.60E-02;-1.97E-01;1.16E-02;-1.96E-01;-5.10E-03;-3.62E-03;-1.43E-02;7.48E-02;-6.16E-03;3.76E-02;-5.46E-02;-3.63E-02;2.89E-02;4.56E-03;-6.52E-02;1.83E-02;-1.26E-04;-1.39E-02;-3.60E-02;-3.20E-02;2.59E-02;1.01E-02;5.40E-03;-1.38E-03;4.97E-03;2.50E-03;-1.27E-02;1.36E-02;4.48E-03;-5.96E-03;-1.57E-03;-7.07E-03;-4.35E-03;-8.19E-03;1.93E+01;-1.48E+00;-1.75E+01;7.67E+00;1.14E+01;2.15E+01;-5.71E+00;-4.84E+00;-4.22E+00;6.71E+00;1.96E+01;1.58E+00;-7.29E+00;5.44E+00;1.25E+01;1.59E+00;1.12E+01;5.13E-01;-4.34E+00;-9.59E+00;1.68E+00;2.03E+00;4.72E+00;8.90E-01;-1.39E+01;2.79E-01;4.31E+00;-9.25E-01;-1.91E+01;4.47E+00;5.06E+00;1.74E+00;1.86E+00;-1.07E+01;6.90E+00;7.52E+00;-2.70E+00;7.73E+00;1.89E+00;9.20E+00;-1.19E+01;-9.11E-01;-1.72E+00;-3.32E-01;7.75E-01;6.44E-02;-1.72E-01;1.20E-01;-2.44E-01;-9.04E-02;9.02E-02;1.37E-01;-2.09E-01;-2.05E-02;-8.39E-02;-6.45E-02;4.92E-03;-3.43E-02;6.14E-02;-6.01E-02;6.78E-02;-5.38E-02;2.26E-02;-3.42E-03;5.99E-02;-1.15E-03;9.23E-03;-3.57E-02;-2.85E-02;-4.47E-02;-1.53E-03;1.35E-02;1.03E-02;-2.39E-03;-9.44E-03;1.03E-02;-1.96E-02;-4.70E-03;-1.78E-03;2.59E-03;-4.53E-03;7.34E-03;-4.93E-03;1.14E-02;1.33E-01
Diporiphora_winneckei;Squamata;Iguania;Agamidae;Extant;1_Unicuspid;0;0;0;Omnivorous;Omnivorous;1;0;Melstrom 2017;10.1002/jmor.20645;MCZ R-35222;Meiri 2018;10.1111/geb.12773;2.45E+02;5.96E+00;4.37E-02;7.42E-03;2.88E-02;5.94E-11;2.29E-02;5.41E-11;NA;NA;NA;NA;NA;NA;NA;NA;NA;NA;NA;NA;NA;NA;NA;NA;NA;NA;NA;NA;NA;NA;NA;NA;NA;NA;NA;NA;NA;NA;NA;NA;NA;NA;NA;NA;NA;NA;NA;NA;NA;NA;NA;NA;NA;NA;NA;NA;NA;NA;NA;NA;NA;NA;NA;NA;NA;NA;NA;NA;NA;NA;NA;NA;NA;NA;NA;NA;NA;NA;NA;NA;NA;NA;NA;NA;NA;NA;NA;NA;NA;NA;NA;NA;NA;NA;NA;NA;NA;NA;NA;NA;NA;NA;NA;NA;NA;NA;NA;NA;NA;NA;NA;NA;NA;NA;NA;NA;NA;NA;NA;NA;NA;NA;NA;NA;NA;NA;NA;NA;NA;NA;NA;NA;NA;NA;NA
Dipsosaurus_dorsalis;Squamata;Iguania;Iguanidae;Extant;3_Tricuspid;1;1;0;Herbivorous;Herbivorous;1;1;Gauthier et al. 2012;10.3374/014.053.0101;YPM 14376;Meiri 2018;10.1111/geb.12773;1.78E+01;2.76E+00;4.90E-02;5.54E-03;2.98E-02;6.14E-11;2.68E-02;6.09E-11;5.11E+00;1.05E+00;5.42E-01;6.83E-01;1.31E+00;5.74E-01;-3.03E-01;6.11E-02;3.32E-01;-2.28E-01;-5.06E-02;2.76E-01;-1.88E-01;-2.31E-01;2.14E-02;-4.73E-03;1.51E-01;2.04E-02;1.72E-02;4.42E-02;2.79E-02;4.05E-02;-3.76E-02;-1.44E-02;-1.76E-02;-2.14E-03;-1.85E-02;-1.81E-02;-1.31E-02;7.16E-03;-5.72E-03;-7.49E-03;4.37E-03;-1.60E-03;4.69E-03;1.09E-03;1.71E-03;-6.23E-04;1.06E-05;-1.07E-03;2.78E-03;1.24E-03;-6.50E+01;-1.84E-01;-7.68E+00;8.27E+00;2.58E+00;-1.68E+00;-1.29E+01;-4.63E+00;2.45E+01;-5.88E+00;3.53E+00;-2.30E+01;-2.75E+01;-1.19E+01;-1.34E+00;-1.82E+01;6.71E+00;-6.18E+00;-4.61E+00;-1.31E+01;-1.84E+00;-1.15E+01;-4.95E+00;-1.83E+01;2.04E+01;-2.48E+01;-5.01E+00;1.34E+00;5.46E+00;-3.06E+01;-8.70E+00;2.51E+01;5.87E+00;8.79E-01;-4.19E+01;5.78E-01;-2.57E+01;-1.64E+01;-3.90E+00;-1.23E+01;1.37E+01;-3.74E+01;5.63E+00;-1.02E+00;-1.60E+00;-2.31E-01;9.14E-01;4.95E-01;-4.01E-02;-6.88E-01;3.63E-02;3.18E-01;2.40E-01;1.17E-01;1.41E-01;-4.04E-02;-2.67E-01;1.78E-01;2.39E-02;2.95E-02;-4.36E-02;3.52E-02;-4.35E-02;-6.37E-02;5.93E-02;5.23E-02;-2.63E-03;-1.48E-02;5.44E-03;-1.16E-02;-9.66E-03;-1.27E-02;-7.34E-03;3.83E-03;-2.68E-02;-4.96E-03;1.60E-03;-2.52E-04;-3.16E-03;-2.24E-03;-1.57E-03;3.05E-03;2.66E-03;9.96E-04;1.06E+00
Dormaalisaurus_girardoti;Squamata;Lacertoidea;Lacertidae;Fossil;2_Bicuspid;1;0;0;Insectivorous;Predatory;0;0;Augé 2003;Geodiversitas, 25(3):539-574;MNHN PMT 33;This study;This study;3.73E+01;2.26E+00;4.37E-02;7.42E-03;2.95E-02;6.07E-11;2.67E-02;5.51E-11;NA;NA;NA;NA;NA;NA;NA;NA;NA;NA;NA;NA;NA;NA;NA;NA;NA;NA;NA;NA;NA;NA;NA;NA;NA;NA;NA;NA;NA;NA;NA;NA;NA;NA;NA;NA;NA;NA;NA;NA;NA;NA;NA;NA;NA;NA;NA;NA;NA;NA;NA;NA;NA;NA;NA;NA;NA;NA;NA;NA;NA;NA;NA;NA;NA;NA;NA;NA;NA;NA;NA;NA;NA;NA;NA;NA;NA;NA;NA;NA;NA;NA;NA;NA;NA;NA;NA;NA;NA;NA;NA;NA;NA;NA;NA;NA;NA;NA;NA;NA;NA;NA;NA;NA;NA;NA;NA;NA;NA;NA;NA;NA;NA;NA;NA;NA;NA;NA;NA;NA;NA;NA;NA;NA;NA;NA;NA
Dormaalisaurus_rossmanni;Squamata;Lacertoidea;Lacertidae;Fossil;2_Bicuspid;1;0;0;Insectivorous;Predatory;0;0;Augé 2003;Geodiversitas, 25(3):539-574;MNHN PMT 17;This study;This study;3.80E+01;2.25E+00;4.37E-02;7.42E-03;2.95E-02;6.07E-11;2.67E-02;5.51E-11;NA;NA;NA;NA;NA;NA;NA;NA;NA;NA;NA;NA;NA;NA;NA;NA;NA;NA;NA;NA;NA;NA;NA;NA;NA;NA;NA;NA;NA;NA;NA;NA;NA;NA;NA;NA;NA;NA;NA;NA;NA;NA;NA;NA;NA;NA;NA;NA;NA;NA;NA;NA;NA;NA;NA;NA;NA;NA;NA;NA;NA;NA;NA;NA;NA;NA;NA;NA;NA;NA;NA;NA;NA;NA;NA;NA;NA;NA;NA;NA;NA;NA;NA;NA;NA;NA;NA;NA;NA;NA;NA;NA;NA;NA;NA;NA;NA;NA;NA;NA;NA;NA;NA;NA;NA;NA;NA;NA;NA;NA;NA;NA;NA;NA;NA;NA;NA;NA;NA;NA;NA;NA;NA;NA;NA;NA;NA
Dracaena_colombiana;Squamata;Lacertoidea;Teiidae;Fossil;1_Unicuspid;0;0;0;Insectivorous;Predatory;0;0;Pujos et al. 2010;10.1671/039.029.0227;MUSM 935;Pujos et al. 2010;10.1671/039.029.0227;1.55E+02;7.46E+00;4.48E-02;6.90E-03;3.66E-02;7.54E-11;3.05E-02;6.29E-11;NA;NA;NA;NA;NA;NA;NA;NA;NA;NA;NA;NA;NA;NA;NA;NA;NA;NA;NA;NA;NA;NA;NA;NA;NA;NA;NA;NA;NA;NA;NA;NA;NA;NA;NA;NA;NA;NA;NA;NA;NA;NA;NA;NA;NA;NA;NA;NA;NA;NA;NA;NA;NA;NA;NA;NA;NA;NA;NA;NA;NA;NA;NA;NA;NA;NA;NA;NA;NA;NA;NA;NA;NA;NA;NA;NA;NA;NA;NA;NA;NA;NA;NA;NA;NA;NA;NA;NA;NA;NA;NA;NA;NA;NA;NA;NA;NA;NA;NA;NA;NA;NA;NA;NA;NA;NA;NA;NA;NA;NA;NA;NA;NA;NA;NA;NA;NA;NA;NA;NA;NA;NA;NA;NA;NA;NA;NA
Dracaena_guianensis;Squamata;Lacertoidea;Teiidae;Extant;1_Unicuspid;0;0;0;Insectivorous;Predatory;0;0;Melstrom 2017;10.1002/jmor.20645;MVZ 79247;Meiri 2018;10.1111/geb.12773;1.78E+02;7.73E+00;4.48E-02;6.90E-03;2.47E-02;5.10E-11;2.32E-02;4.79E-11;NA;NA;NA;NA;NA;NA;NA;NA;NA;NA;NA;NA;NA;NA;NA;NA;NA;NA;NA;NA;NA;NA;NA;NA;NA;NA;NA;NA;NA;NA;NA;NA;NA;NA;NA;NA;NA;NA;NA;NA;NA;NA;NA;NA;NA;NA;NA;NA;NA;NA;NA;NA;NA;NA;NA;NA;NA;NA;NA;NA;NA;NA;NA;NA;NA;NA;NA;NA;NA;NA;NA;NA;NA;NA;NA;NA;NA;NA;NA;NA;NA;NA;NA;NA;NA;NA;NA;NA;NA;NA;NA;NA;NA;NA;NA;NA;NA;NA;NA;NA;NA;NA;NA;NA;NA;NA;NA;NA;NA;NA;NA;NA;NA;NA;NA;NA;NA;NA;NA;NA;NA;NA;NA;NA;NA;NA;NA
Dracaenosaurus_croizeti;Squamata;Lacertoidea;Lacertidae;Fossil;1_Unicuspid;0;0;0;Insectivorous;Predatory;0;0;?er?anský et al. 2017;10.1080/02724634.2017.1384738;MNHN.F.COR7;?er?anský et al. 2017;10.1080/02724634.2017.1384738;8.34E+01;4.29E+00;7.44E-02;2.95E-02;4.10E-02;8.45E-11;3.36E-02;6.93E-11;NA;NA;NA;NA;NA;NA;NA;NA;NA;NA;NA;NA;NA;NA;NA;NA;NA;NA;NA;NA;NA;NA;NA;NA;NA;NA;NA;NA;NA;NA;NA;NA;NA;NA;NA;NA;NA;NA;NA;NA;NA;NA;NA;NA;NA;NA;NA;NA;NA;NA;NA;NA;NA;NA;NA;NA;NA;NA;NA;NA;NA;NA;NA;NA;NA;NA;NA;NA;NA;NA;NA;NA;NA;NA;NA;NA;NA;NA;NA;NA;NA;NA;NA;NA;NA;NA;NA;NA;NA;NA;NA;NA;NA;NA;NA;NA;NA;NA;NA;NA;NA;NA;NA;NA;NA;NA;NA;NA;NA;NA;NA;NA;NA;NA;NA;NA;NA;NA;NA;NA;NA;NA;NA;NA;NA;NA;NA
Draco_fimbriatus;Squamata;Iguania;Agamidae;Extant;1_Unicuspid;0;0;0;Insectivorous;Predatory;0;0;This study;This study;http://id.luomus.fi/KS.MS1228;Meiri 2018;10.1111/geb.12773;1.82E+02;7.33E+00;4.37E-02;7.42E-03;2.89E-02;5.95E-11;1.13E-02;2.34E-11;NA;NA;NA;NA;NA;NA;NA;NA;NA;NA;NA;NA;NA;NA;NA;NA;NA;NA;NA;NA;NA;NA;NA;NA;NA;NA;NA;NA;NA;NA;NA;NA;NA;NA;NA;NA;NA;NA;NA;NA;NA;NA;NA;NA;NA;NA;NA;NA;NA;NA;NA;NA;NA;NA;NA;NA;NA;NA;NA;NA;NA;NA;NA;NA;NA;NA;NA;NA;NA;NA;NA;NA;NA;NA;NA;NA;NA;NA;NA;NA;NA;NA;NA;NA;NA;NA;NA;NA;NA;NA;NA;NA;NA;NA;NA;NA;NA;NA;NA;NA;NA;NA;NA;NA;NA;NA;NA;NA;NA;NA;NA;NA;NA;NA;NA;NA;NA;NA;NA;NA;NA;NA;NA;NA;NA;NA;NA
Draco_quinquefasciatus;Squamata;Iguania;Agamidae;Extant;3_Tricuspid;1;1;0;Insectivorous;Predatory;0;0;Gauthier et al. 2012;10.3374/014.053.0101;FMNH 221322;Meiri 2018;10.1111/geb.12773;1.66E+02;6.73E+00;4.37E-02;7.42E-03;2.06E-02;4.25E-11;1.13E-02;2.34E-11;-2.79E+00;6.73E-02;-5.87E-01;-1.20E-01;4.94E-02;-1.07E-01;5.53E-02;1.11E-01;-3.00E-02;-4.89E-02;3.72E-02;-3.23E-02;-1.28E-01;6.86E-02;1.19E-02;3.30E-02;-1.40E-02;6.43E-02;1.79E-02;1.93E-02;-4.95E-02;2.03E-02;2.82E-02;3.46E-03;2.66E-02;9.47E-03;-1.29E-02;-2.01E-02;-1.14E-02;1.70E-03;-1.10E-02;5.26E-04;-7.14E-03;-6.84E-03;1.55E-02;6.54E-03;1.39E-02;1.36E-02;5.82E-03;-3.21E-03;6.00E-04;1.57E-03;2.66E+01;-1.04E+01;-7.56E-01;-1.67E+01;1.51E+01;8.78E+00;-6.31E+00;-2.57E+00;-2.47E+00;2.18E+00;-2.82E+00;3.87E+00;2.14E+00;-1.30E+01;1.02E+00;8.05E+00;-1.62E+00;-1.00E+00;-4.38E+00;-2.01E+00;2.17E-01;5.40E+00;3.29E+00;1.99E+00;-6.43E+00;-4.04E+00;1.28E+00;-1.58E+01;-1.68E+00;-4.75E+00;-5.07E+00;5.30E+00;1.28E+01;6.66E+00;5.93E+00;1.67E+00;2.15E+00;-5.16E-01;9.61E+00;-8.09E+00;-4.95E+00;5.84E-01;-2.06E+00;-3.39E-01;8.70E-01;6.03E-03;1.52E-01;-1.33E-01;-1.63E-01;-2.11E-02;-1.01E-01;1.05E-02;-1.34E-01;-1.21E-02;1.04E-01;-5.72E-02;1.73E-03;-3.67E-02;2.62E-02;6.32E-02;1.02E-01;5.38E-02;-1.74E-02;-2.82E-02;-1.60E-02;4.84E-03;-1.82E-02;-7.76E-03;-3.43E-02;-2.87E-03;-2.14E-02;5.46E-03;-7.96E-03;1.15E-03;8.02E-03;2.74E-04;-6.14E-04;1.43E-02;9.39E-03;-9.92E-03;-2.09E-02;4.68E-03;-1.36E-03;-3.39E-03;2.11E-02
Draco_volans;Squamata;Iguania;Agamidae;Extant;2_Bicuspid;1;0;0;Insectivorous;Predatory;0;0;This study;This study;http://id.luomus.fi/KS.MS1346;Meiri 2018;10.1111/geb.12773;1.89E+02;6.46E+00;4.37E-02;7.42E-03;2.06E-02;4.25E-11;1.13E-02;2.34E-11;NA;NA;NA;NA;NA;NA;NA;NA;NA;NA;NA;NA;NA;NA;NA;NA;NA;NA;NA;NA;NA;NA;NA;NA;NA;NA;NA;NA;NA;NA;NA;NA;NA;NA;NA;NA;NA;NA;NA;NA;NA;NA;NA;NA;NA;NA;NA;NA;NA;NA;NA;NA;NA;NA;NA;NA;NA;NA;NA;NA;NA;NA;NA;NA;NA;NA;NA;NA;NA;NA;NA;NA;NA;NA;NA;NA;NA;NA;NA;NA;NA;NA;NA;NA;NA;NA;NA;NA;NA;NA;NA;NA;NA;NA;NA;NA;NA;NA;NA;NA;NA;NA;NA;NA;NA;NA;NA;NA;NA;NA;NA;NA;NA;NA;NA;NA;NA;NA;NA;NA;NA;NA;NA;NA;NA;NA;NA
Duberria_lutrix;Squamata;Serpentes;Lamprophiidae;Extant;1_Unicuspid;0;0;0;Insectivorous;Predatory;0;0;Da Silva et al. 2018;10.1038/s41467-017-02788-3;ZMB 1566;Kofron 1990;Amphibia-Reptilia 11(1):15-21;9.62E-01;2.04E-01;5.44E-02;2.45E-03;8.65E-03;1.78E-11;1.02E-02;2.11E-11;NA;NA;NA;NA;NA;NA;NA;NA;NA;NA;NA;NA;NA;NA;NA;NA;NA;NA;NA;NA;NA;NA;NA;NA;NA;NA;NA;NA;NA;NA;NA;NA;NA;NA;NA;NA;NA;NA;NA;NA;NA;NA;NA;NA;NA;NA;NA;NA;NA;NA;NA;NA;NA;NA;NA;NA;NA;NA;NA;NA;NA;NA;NA;NA;NA;NA;NA;NA;NA;NA;NA;NA;NA;NA;NA;NA;NA;NA;NA;NA;NA;NA;NA;NA;NA;NA;NA;NA;NA;NA;NA;NA;NA;NA;NA;NA;NA;NA;NA;NA;NA;NA;NA;NA;NA;NA;NA;NA;NA;NA;NA;NA;NA;NA;NA;NA;NA;NA;NA;NA;NA;NA;NA;NA;NA;NA;NA
Dyticonastis_rensbergeri;Squamata;Lacertoidea;Rhineuridae;Fossil;1_Unicuspid;0;0;0;Insectivorous;Predatory;0;0;Berman 1976;J. Paleontol. 50(1):165-174;UCMP 76881;This study;This study;6.55E+00;5.96E-01;4.37E-02;7.42E-03;1.75E-02;3.60E-11;1.83E-02;3.77E-11;NA;NA;NA;NA;NA;NA;NA;NA;NA;NA;NA;NA;NA;NA;NA;NA;NA;NA;NA;NA;NA;NA;NA;NA;NA;NA;NA;NA;NA;NA;NA;NA;NA;NA;NA;NA;NA;NA;NA;NA;NA;NA;NA;NA;NA;NA;NA;NA;NA;NA;NA;NA;NA;NA;NA;NA;NA;NA;NA;NA;NA;NA;NA;NA;NA;NA;NA;NA;NA;NA;NA;NA;NA;NA;NA;NA;NA;NA;NA;NA;NA;NA;NA;NA;NA;NA;NA;NA;NA;NA;NA;NA;NA;NA;NA;NA;NA;NA;NA;NA;NA;NA;NA;NA;NA;NA;NA;NA;NA;NA;NA;NA;NA;NA;NA;NA;NA;NA;NA;NA;NA;NA;NA;NA;NA;NA;NA
Egernia_cunninghami;Squamata;Scincoidea;Scincidae;Extant;1_Unicuspid;0;0;0;Herbivorous;Herbivorous;1;1;Hutchinson 1993;978-0-644-32429-8;NA;Meiri 2018;10.1111/geb.12773;6.95E+01;1.01E+02;1.15E-01;1.31E-02;3.06E-02;6.31E-11;3.58E-02;7.68E-11;NA;NA;NA;NA;NA;NA;NA;NA;NA;NA;NA;NA;NA;NA;NA;NA;NA;NA;NA;NA;NA;NA;NA;NA;NA;NA;NA;NA;NA;NA;NA;NA;NA;NA;NA;NA;NA;NA;NA;NA;NA;NA;NA;NA;NA;NA;NA;NA;NA;NA;NA;NA;NA;NA;NA;NA;NA;NA;NA;NA;NA;NA;NA;NA;NA;NA;NA;NA;NA;NA;NA;NA;NA;NA;NA;NA;NA;NA;NA;NA;NA;NA;NA;NA;NA;NA;NA;NA;NA;NA;NA;NA;NA;NA;NA;NA;NA;NA;NA;NA;NA;NA;NA;NA;NA;NA;NA;NA;NA;NA;NA;NA;NA;NA;NA;NA;NA;NA;NA;NA;NA;NA;NA;NA;NA;NA;NA
Egernia_gillespieae;Squamata;Scincoidea;Scincidae;Fossil;1_Unicuspid;0;0;0;Insectivorous;Predatory;0;0;Thorn et al. 2019;10.1080/02724634.2019.1577873;QM F57957a;Thorn et al. 2019;10.1080/02724634.2019.1577873;6.56E+01;1.15E+02;1.15E-01;1.31E-02;3.78E-02;7.78E-11;3.28E-02;6.76E-11;NA;NA;NA;NA;NA;NA;NA;NA;NA;NA;NA;NA;NA;NA;NA;NA;NA;NA;NA;NA;NA;NA;NA;NA;NA;NA;NA;NA;NA;NA;NA;NA;NA;NA;NA;NA;NA;NA;NA;NA;NA;NA;NA;NA;NA;NA;NA;NA;NA;NA;NA;NA;NA;NA;NA;NA;NA;NA;NA;NA;NA;NA;NA;NA;NA;NA;NA;NA;NA;NA;NA;NA;NA;NA;NA;NA;NA;NA;NA;NA;NA;NA;NA;NA;NA;NA;NA;NA;NA;NA;NA;NA;NA;NA;NA;NA;NA;NA;NA;NA;NA;NA;NA;NA;NA;NA;NA;NA;NA;NA;NA;NA;NA;NA;NA;NA;NA;NA;NA;NA;NA;NA;NA;NA;NA;NA;NA
Egernia_stokesii;Squamata;Scincoidea;Scincidae;Extant;3_Tricuspid;1;1;0;Herbivorous;Herbivorous;1;1;Melstrom 2017;10.1002/jmor.20645;MCZ R-33105;Meiri 2018;10.1111/geb.12773;8.23E+01;1.04E+02;1.15E-01;1.31E-02;1.90E-02;3.91E-11;3.09E-02;6.81E-11;NA;NA;NA;NA;NA;NA;NA;NA;NA;NA;NA;NA;NA;NA;NA;NA;NA;NA;NA;NA;NA;NA;NA;NA;NA;NA;NA;NA;NA;NA;NA;NA;NA;NA;NA;NA;NA;NA;NA;NA;NA;NA;NA;NA;NA;NA;NA;NA;NA;NA;NA;NA;NA;NA;NA;NA;NA;NA;NA;NA;NA;NA;NA;NA;NA;NA;NA;NA;NA;NA;NA;NA;NA;NA;NA;NA;NA;NA;NA;NA;NA;NA;NA;NA;NA;NA;NA;NA;NA;NA;NA;NA;NA;NA;NA;NA;NA;NA;NA;NA;NA;NA;NA;NA;NA;NA;NA;NA;NA;NA;NA;NA;NA;NA;NA;NA;NA;NA;NA;NA;NA;NA;NA;NA;NA;NA;NA
Egernia_striolata;Squamata;Scincoidea;Scincidae;Extant;1_Unicuspid;0;0;0;Omnivorous;Omnivorous;1;0;Gauthier et al. 2012;10.3374/014.053.0101;YPM 12865;Meiri 2018;10.1111/geb.12773;7.14E+01;9.66E+01;1.15E-01;1.31E-02;3.06E-02;6.31E-11;3.58E-02;7.68E-11;NA;NA;NA;NA;NA;NA;NA;NA;NA;NA;NA;NA;NA;NA;NA;NA;NA;NA;NA;NA;NA;NA;NA;NA;NA;NA;NA;NA;NA;NA;NA;NA;NA;NA;NA;NA;NA;NA;NA;NA;NA;NA;NA;NA;NA;NA;NA;NA;NA;NA;NA;NA;NA;NA;NA;NA;NA;NA;NA;NA;NA;NA;NA;NA;NA;NA;NA;NA;NA;NA;NA;NA;NA;NA;NA;NA;NA;NA;NA;NA;NA;NA;NA;NA;NA;NA;NA;NA;NA;NA;NA;NA;NA;NA;NA;NA;NA;NA;NA;NA;NA;NA;NA;NA;NA;NA;NA;NA;NA;NA;NA;NA;NA;NA;NA;NA;NA;NA;NA;NA;NA;NA;NA;NA;NA;NA;NA
Eichstaettisaurus_schroederi;Squamata;Gekkota;Eichstaettisauridae;Fossil;1_Unicuspid;0;0;0;Insectivorous;Predatory;0;0;Simões et al. 2016;10.1111/zoj.12487;BSPG 1937;This study;This study;1.49E+00;4.73E-01;4.37E-02;7.42E-03;2.68E-02;5.52E-11;2.69E-02;5.54E-11;NA;NA;NA;NA;NA;NA;NA;NA;NA;NA;NA;NA;NA;NA;NA;NA;NA;NA;NA;NA;NA;NA;NA;NA;NA;NA;NA;NA;NA;NA;NA;NA;NA;NA;NA;NA;NA;NA;NA;NA;NA;NA;NA;NA;NA;NA;NA;NA;NA;NA;NA;NA;NA;NA;NA;NA;NA;NA;NA;NA;NA;NA;NA;NA;NA;NA;NA;NA;NA;NA;NA;NA;NA;NA;NA;NA;NA;NA;NA;NA;NA;NA;NA;NA;NA;NA;NA;NA;NA;NA;NA;NA;NA;NA;NA;NA;NA;NA;NA;NA;NA;NA;NA;NA;NA;NA;NA;NA;NA;NA;NA;NA;NA;NA;NA;NA;NA;NA;NA;NA;NA;NA;NA;NA;NA;NA;NA
Eirenis_decemlineatus;Squamata;Serpentes;Colubridae;Extant;1_Unicuspid;0;0;0;Insectivorous;Predatory;0;0;Da Silva et al. 2018;10.1038/s41467-017-02788-3;ZMB 11046;Amr & Disi 2011;Vertebr. Zool. 61(2):179-266;1.37E+00;3.29E-01;5.44E-02;2.45E-03;2.61E-02;5.37E-11;2.57E-02;5.29E-11;NA;NA;NA;NA;NA;NA;NA;NA;NA;NA;NA;NA;NA;NA;NA;NA;NA;NA;NA;NA;NA;NA;NA;NA;NA;NA;NA;NA;NA;NA;NA;NA;NA;NA;NA;NA;NA;NA;NA;NA;NA;NA;NA;NA;NA;NA;NA;NA;NA;NA;NA;NA;NA;NA;NA;NA;NA;NA;NA;NA;NA;NA;NA;NA;NA;NA;NA;NA;NA;NA;NA;NA;NA;NA;NA;NA;NA;NA;NA;NA;NA;NA;NA;NA;NA;NA;NA;NA;NA;NA;NA;NA;NA;NA;NA;NA;NA;NA;NA;NA;NA;NA;NA;NA;NA;NA;NA;NA;NA;NA;NA;NA;NA;NA;NA;NA;NA;NA;NA;NA;NA;NA;NA;NA;NA;NA;NA
Eirenis_rothii;Squamata;Serpentes;Colubridae;Extant;1_Unicuspid;0;0;0;Insectivorous;Predatory;0;0;Da Silva et al. 2018;10.1038/s41467-017-02788-3;ZMB 77659;Amr & Disi 2011;Vertebr. Zool. 61(2):179-266;1.21E+00;3.09E-01;5.44E-02;2.45E-03;2.61E-02;5.37E-11;2.57E-02;5.29E-11;NA;NA;NA;NA;NA;NA;NA;NA;NA;NA;NA;NA;NA;NA;NA;NA;NA;NA;NA;NA;NA;NA;NA;NA;NA;NA;NA;NA;NA;NA;NA;NA;NA;NA;NA;NA;NA;NA;NA;NA;NA;NA;NA;NA;NA;NA;NA;NA;NA;NA;NA;NA;NA;NA;NA;NA;NA;NA;NA;NA;NA;NA;NA;NA;NA;NA;NA;NA;NA;NA;NA;NA;NA;NA;NA;NA;NA;NA;NA;NA;NA;NA;NA;NA;NA;NA;NA;NA;NA;NA;NA;NA;NA;NA;NA;NA;NA;NA;NA;NA;NA;NA;NA;NA;NA;NA;NA;NA;NA;NA;NA;NA;NA;NA;NA;NA;NA;NA;NA;NA;NA;NA;NA;NA;NA;NA;NA
Elgaria_multicarinata;Squamata;Anguimorpha;Anguidae;Extant;1_Unicuspid;0;0;0;Insectivorous;Predatory;0;0;Gauthier et al. 2012;10.3374/014.053.0101;FMNH 23601;Meiri 2018;10.1111/geb.12773;4.88E+01;6.24E-01;4.37E-02;7.42E-03;1.69E-02;3.49E-11;1.59E-02;3.28E-11;NA;NA;NA;NA;NA;NA;NA;NA;NA;NA;NA;NA;NA;NA;NA;NA;NA;NA;NA;NA;NA;NA;NA;NA;NA;NA;NA;NA;NA;NA;NA;NA;NA;NA;NA;NA;NA;NA;NA;NA;NA;NA;NA;NA;NA;NA;NA;NA;NA;NA;NA;NA;NA;NA;NA;NA;NA;NA;NA;NA;NA;NA;NA;NA;NA;NA;NA;NA;NA;NA;NA;NA;NA;NA;NA;NA;NA;NA;NA;NA;NA;NA;NA;NA;NA;NA;NA;NA;NA;NA;NA;NA;NA;NA;NA;NA;NA;NA;NA;NA;NA;NA;NA;NA;NA;NA;NA;NA;NA;NA;NA;NA;NA;NA;NA;NA;NA;NA;NA;NA;NA;NA;NA;NA;NA;NA;NA
Enyalioides_laticeps;Squamata;Iguania;Hoplocercidae;Extant;3_Tricuspid;1;1;0;Insectivorous;Predatory;0;0;Gauthier et al. 2012;10.3374/014.053.0101;FMNH 206132;Meiri 2018;10.1111/geb.12773;2.91E+01;7.89E+00;4.90E-02;5.54E-03;2.74E-02;5.64E-11;2.12E-02;4.37E-11;-1.46E+00;3.26E-01;2.10E-01;2.56E-01;-2.64E-01;9.48E-03;2.10E-01;8.04E-03;2.25E-01;7.31E-02;1.48E-01;-1.56E-02;-1.85E-01;6.97E-02;6.69E-02;-9.14E-02;8.00E-02;3.36E-02;-3.89E-02;2.27E-02;2.81E-03;4.04E-02;5.84E-02;8.32E-03;-3.57E-04;-1.52E-02;6.60E-03;-2.13E-02;-1.48E-02;1.50E-02;7.61E-03;6.90E-03;1.47E-03;-1.17E-04;6.33E-03;6.45E-03;-6.05E-03;3.46E-03;-2.42E-04;-1.52E-03;-7.32E-03;-3.07E-03;5.28E+00;-2.12E+01;9.98E+00;-1.15E+01;1.60E+01;-1.36E+01;7.50E+00;-8.13E+00;-2.60E-02;4.88E+00;1.58E+00;-2.00E+00;-7.36E+00;-2.00E+01;-1.20E+01;1.37E+00;-6.99E+00;-5.83E+00;-8.54E+00;-1.63E+00;-2.82E+00;6.93E+00;-3.40E+00;3.68E+00;-1.14E+01;4.97E+00;5.77E+00;-5.49E+00;1.11E+00;6.04E+00;-8.12E+00;9.56E+00;-1.04E+01;1.20E+01;-1.88E+01;1.40E+01;-3.35E+00;4.03E+00;3.03E+00;5.37E+00;-4.01E+00;4.16E+00;-8.69E-01;-3.79E-01;-4.81E-02;-1.77E-01;-5.82E-02;1.05E-01;4.70E-01;-1.40E-02;-1.90E-01;1.24E-02;-1.75E-01;4.02E-02;1.77E-01;-3.24E-02;-4.40E-02;1.09E-01;-7.90E-02;-1.73E-02;6.92E-03;4.98E-02;-2.45E-02;-1.80E-02;-4.74E-02;4.18E-02;-6.19E-03;3.18E-03;7.62E-04;-3.86E-04;-3.28E-02;4.42E-03;7.79E-03;-4.57E-03;3.94E-04;6.31E-03;-9.97E-03;-5.65E-03;8.66E-03;9.17E-05;-2.88E-03;5.18E-06;-1.92E-03;3.73E-03;4.70E-01
Eolacerta_robusta;Squamata;Lacertoidea;Eolacertidae;Fossil;2_Bicuspid;1;0;0;Insectivorous;Predatory;0;0;Müller 2001;"10.1671/0272-4634(2001)021[0261:OAROER]2.0.CO;2";HLMD Be 146;This study;This study;2.69E+01;1.13E+00;4.37E-02;7.42E-03;2.49E-02;5.14E-11;1.69E-02;3.49E-11;NA;NA;NA;NA;NA;NA;NA;NA;NA;NA;NA;NA;NA;NA;NA;NA;NA;NA;NA;NA;NA;NA;NA;NA;NA;NA;NA;NA;NA;NA;NA;NA;NA;NA;NA;NA;NA;NA;NA;NA;NA;NA;NA;NA;NA;NA;NA;NA;NA;NA;NA;NA;NA;NA;NA;NA;NA;NA;NA;NA;NA;NA;NA;NA;NA;NA;NA;NA;NA;NA;NA;NA;NA;NA;NA;NA;NA;NA;NA;NA;NA;NA;NA;NA;NA;NA;NA;NA;NA;NA;NA;NA;NA;NA;NA;NA;NA;NA;NA;NA;NA;NA;NA;NA;NA;NA;NA;NA;NA;NA;NA;NA;NA;NA;NA;NA;NA;NA;NA;NA;NA;NA;NA;NA;NA;NA;NA
Eoxanta_lacertifrons;Squamata;Scincoidea;Scincidae;Fossil;1_Unicuspid;0;0;0;Insectivorous;Predatory;0;0;Borsuk-Bia?ynicka 1988;Acta Palaeonto. Pol. 33(3):211-248;ZPAL MgR-III/37;This study;This study;5.83E+00;3.61E+00;4.37E-02;7.42E-03;1.60E-02;3.30E-11;1.84E-02;3.79E-11;NA;NA;NA;NA;NA;NA;NA;NA;NA;NA;NA;NA;NA;NA;NA;NA;NA;NA;NA;NA;NA;NA;NA;NA;NA;NA;NA;NA;NA;NA;NA;NA;NA;NA;NA;NA;NA;NA;NA;NA;NA;NA;NA;NA;NA;NA;NA;NA;NA;NA;NA;NA;NA;NA;NA;NA;NA;NA;NA;NA;NA;NA;NA;NA;NA;NA;NA;NA;NA;NA;NA;NA;NA;NA;NA;NA;NA;NA;NA;NA;NA;NA;NA;NA;NA;NA;NA;NA;NA;NA;NA;NA;NA;NA;NA;NA;NA;NA;NA;NA;NA;NA;NA;NA;NA;NA;NA;NA;NA;NA;NA;NA;NA;NA;NA;NA;NA;NA;NA;NA;NA;NA;NA;NA;NA;NA;NA
Eremias_persica;Squamata;Lacertoidea;Lacertidae;Extant;1_Unicuspid;0;0;0;Insectivorous;Predatory;0;0;Khosravani et al. 2011;Iran. J. Anim. Biosyst. 7(2):99-117;NA;Meiri 2018;10.1111/geb.12773;1.22E+02;1.42E+01;4.37E-02;7.42E-03;1.93E-02;3.98E-11;7.40E-03;1.52E-11;NA;NA;NA;NA;NA;NA;NA;NA;NA;NA;NA;NA;NA;NA;NA;NA;NA;NA;NA;NA;NA;NA;NA;NA;NA;NA;NA;NA;NA;NA;NA;NA;NA;NA;NA;NA;NA;NA;NA;NA;NA;NA;NA;NA;NA;NA;NA;NA;NA;NA;NA;NA;NA;NA;NA;NA;NA;NA;NA;NA;NA;NA;NA;NA;NA;NA;NA;NA;NA;NA;NA;NA;NA;NA;NA;NA;NA;NA;NA;NA;NA;NA;NA;NA;NA;NA;NA;NA;NA;NA;NA;NA;NA;NA;NA;NA;NA;NA;NA;NA;NA;NA;NA;NA;NA;NA;NA;NA;NA;NA;NA;NA;NA;NA;NA;NA;NA;NA;NA;NA;NA;NA;NA;NA;NA;NA;NA
Eryx_colubrinus;Squamata;Serpentes;Boidae;Extant;1_Unicuspid;0;0;0;Carnivorous;Predatory;0;0;Gauthier et al. 2012;10.3374/014.053.0101;FMNH 63117;RodrÍguez Robles et al. 1999;10.1111/j.1469-7998.1999.tb01021.x;1.45E+00;4.03E-01;5.44E-02;2.45E-03;2.09E-02;4.30E-11;2.19E-02;4.51E-11;NA;NA;NA;NA;NA;NA;NA;NA;NA;NA;NA;NA;NA;NA;NA;NA;NA;NA;NA;NA;NA;NA;NA;NA;NA;NA;NA;NA;NA;NA;NA;NA;NA;NA;NA;NA;NA;NA;NA;NA;NA;NA;NA;NA;NA;NA;NA;NA;NA;NA;NA;NA;NA;NA;NA;NA;NA;NA;NA;NA;NA;NA;NA;NA;NA;NA;NA;NA;NA;NA;NA;NA;NA;NA;NA;NA;NA;NA;NA;NA;NA;NA;NA;NA;NA;NA;NA;NA;NA;NA;NA;NA;NA;NA;NA;NA;NA;NA;NA;NA;NA;NA;NA;NA;NA;NA;NA;NA;NA;NA;NA;NA;NA;NA;NA;NA;NA;NA;NA;NA;NA;NA;NA;NA;NA;NA;NA
Eryx_jaculus;Squamata;Serpentes;Boidae;Extant;1_Unicuspid;0;0;0;Insectivorous;Predatory;0;0;Da Silva et al. 2018;10.1038/s41467-017-02788-3;ZMB 24284;Faraone et al. 2017;Herpetol. Bull. 142:48-49;1.38E+00;3.11E-01;5.44E-02;2.45E-03;2.09E-02;4.30E-11;2.19E-02;4.51E-11;NA;NA;NA;NA;NA;NA;NA;NA;NA;NA;NA;NA;NA;NA;NA;NA;NA;NA;NA;NA;NA;NA;NA;NA;NA;NA;NA;NA;NA;NA;NA;NA;NA;NA;NA;NA;NA;NA;NA;NA;NA;NA;NA;NA;NA;NA;NA;NA;NA;NA;NA;NA;NA;NA;NA;NA;NA;NA;NA;NA;NA;NA;NA;NA;NA;NA;NA;NA;NA;NA;NA;NA;NA;NA;NA;NA;NA;NA;NA;NA;NA;NA;NA;NA;NA;NA;NA;NA;NA;NA;NA;NA;NA;NA;NA;NA;NA;NA;NA;NA;NA;NA;NA;NA;NA;NA;NA;NA;NA;NA;NA;NA;NA;NA;NA;NA;NA;NA;NA;NA;NA;NA;NA;NA;NA;NA;NA
Estesia_mongoliensis;Squamata;Anguimorpha;Varanidae;Fossil;1_Unicuspid;0;0;0;Carnivorous;Predatory;0;0;Yi & Norell 2013;10.1206/3767.2;IGM 3/196;Yi & Norell 2013;10.1206/3767.2;5.36E+00;4.99E-01;4.37E-02;7.42E-03;3.00E-02;6.18E-11;2.71E-02;5.59E-11;NA;NA;NA;NA;NA;NA;NA;NA;NA;NA;NA;NA;NA;NA;NA;NA;NA;NA;NA;NA;NA;NA;NA;NA;NA;NA;NA;NA;NA;NA;NA;NA;NA;NA;NA;NA;NA;NA;NA;NA;NA;NA;NA;NA;NA;NA;NA;NA;NA;NA;NA;NA;NA;NA;NA;NA;NA;NA;NA;NA;NA;NA;NA;NA;NA;NA;NA;NA;NA;NA;NA;NA;NA;NA;NA;NA;NA;NA;NA;NA;NA;NA;NA;NA;NA;NA;NA;NA;NA;NA;NA;NA;NA;NA;NA;NA;NA;NA;NA;NA;NA;NA;NA;NA;NA;NA;NA;NA;NA;NA;NA;NA;NA;NA;NA;NA;NA;NA;NA;NA;NA;NA;NA;NA;NA;NA;NA
Eublepharis_macularius;Squamata;Gekkota;Eublepharidae;Extant;1_Unicuspid;0;0;0;Insectivorous;Predatory;0;0;This study;This study;Di-Poï lab;Meiri 2018;10.1111/geb.12773;1.37E+00;9.09E-01;4.37E-02;7.42E-03;6.46E-03;1.33E-11;7.29E-03;1.50E-11;NA;NA;NA;NA;NA;NA;NA;NA;NA;NA;NA;NA;NA;NA;NA;NA;NA;NA;NA;NA;NA;NA;NA;NA;NA;NA;NA;NA;NA;NA;NA;NA;NA;NA;NA;NA;NA;NA;NA;NA;NA;NA;NA;NA;NA;NA;NA;NA;NA;NA;NA;NA;NA;NA;NA;NA;NA;NA;NA;NA;NA;NA;NA;NA;NA;NA;NA;NA;NA;NA;NA;NA;NA;NA;NA;NA;NA;NA;NA;NA;NA;NA;NA;NA;NA;NA;NA;NA;NA;NA;NA;NA;NA;NA;NA;NA;NA;NA;NA;NA;NA;NA;NA;NA;NA;NA;NA;NA;NA;NA;NA;NA;NA;NA;NA;NA;NA;NA;NA;NA;NA;NA;NA;NA;NA;NA;NA
Eugongylus_rufescens;Squamata;Scincoidea;Scincidae;Extant;1_Unicuspid;0;0;0;Insectivorous;Predatory;0;0;Gauthier et al. 2012;10.3374/014.053.0101;FMNH 142306;Meiri 2018;10.1111/geb.12773;1.31E+01;3.91E+01;4.37E-02;7.42E-03;1.10E-02;2.27E-11;1.44E-02;2.97E-11;NA;NA;NA;NA;NA;NA;NA;NA;NA;NA;NA;NA;NA;NA;NA;NA;NA;NA;NA;NA;NA;NA;NA;NA;NA;NA;NA;NA;NA;NA;NA;NA;NA;NA;NA;NA;NA;NA;NA;NA;NA;NA;NA;NA;NA;NA;NA;NA;NA;NA;NA;NA;NA;NA;NA;NA;NA;NA;NA;NA;NA;NA;NA;NA;NA;NA;NA;NA;NA;NA;NA;NA;NA;NA;NA;NA;NA;NA;NA;NA;NA;NA;NA;NA;NA;NA;NA;NA;NA;NA;NA;NA;NA;NA;NA;NA;NA;NA;NA;NA;NA;NA;NA;NA;NA;NA;NA;NA;NA;NA;NA;NA;NA;NA;NA;NA;NA;NA;NA;NA;NA;NA;NA;NA;NA;NA;NA
Eulamprus_quoyii;Squamata;Scincoidea;Scincidae;Extant;2_Bicuspid;1;0;0;Omnivorous;Omnivorous;1;0;Da Silva et al. 2018;10.1038/s41467-017-02788-3;ZMB 43336;Meiri 2018;10.1111/geb.12773;2.59E+01;5.86E+01;4.37E-02;7.42E-03;1.96E-02;4.04E-11;2.91E-02;6.49E-11;-7.55E-01;2.65E-02;4.90E-02;-6.82E-01;3.34E-01;-1.80E-01;1.48E-01;2.92E-01;1.10E-01;9.65E-02;-1.13E-01;4.23E-03;6.02E-02;5.22E-02;-4.49E-02;4.84E-02;-5.82E-02;2.78E-03;-2.67E-02;4.52E-04;-4.25E-02;1.47E-02;1.77E-02;1.11E-02;2.45E-02;-2.97E-02;8.97E-03;-1.61E-02;1.66E-02;-4.51E-03;-1.08E-02;-6.38E-04;-3.06E-03;1.40E-02;2.03E-03;-7.27E-03;-6.35E-03;1.01E-03;-1.69E-02;-2.33E-03;7.24E-04;-2.93E-03;1.11E+01;9.56E+00;-3.21E+00;4.34E+00;6.31E+00;8.78E+00;9.40E+00;-3.16E+00;-1.51E+01;-2.55E+00;-8.32E-01;-2.57E+00;-2.49E+00;4.27E+00;5.82E+00;7.46E+00;-8.62E+00;2.79E+00;5.90E+00;1.15E+00;1.11E+01;8.60E+00;7.41E+00;8.45E-04;1.51E+01;1.14E+01;5.93E+00;-8.00E+00;4.17E+00;2.07E-01;8.91E+00;2.07E+01;1.35E+01;9.17E+00;5.10E+00;-9.53E+00;9.48E+00;2.46E+00;2.05E+00;-3.98E-01;-2.61E+00;-2.90E-01;-1.57E-01;-6.55E-02;-3.80E-02;5.12E-01;-2.68E-02;-2.36E-01;-3.47E-01;-1.85E-01;-2.72E-01;7.48E-03;1.55E-01;-9.98E-02;-2.95E-02;4.89E-02;1.21E-01;-9.38E-02;2.58E-02;-1.82E-02;6.34E-02;2.72E-03;-2.75E-02;-2.19E-02;-1.24E-02;-1.63E-02;7.61E-03;3.23E-04;1.83E-03;-3.43E-02;-3.97E-03;-7.02E-03;-4.40E-03;3.69E-03;-3.75E-03;-2.43E-02;1.51E-03;-1.58E-03;3.33E-03;-1.09E-02;1.78E-02;1.42E-03;8.19E-03;5.90E-04;8.20E-02
Euleptes_europaea;Squamata;Gekkota;Sphaerodactylidae;Extant;1_Unicuspid;0;0;0;Insectivorous;Predatory;0;0;Villa et al. 2018;10.1093/zoolinnean/zlx104;MCZ R-4463;Meiri 2018;10.1111/geb.12773;1.52E+00;2.13E+00;4.37E-02;7.42E-03;1.39E-02;2.87E-11;1.94E-02;4.00E-11;NA;NA;NA;NA;NA;NA;NA;NA;NA;NA;NA;NA;NA;NA;NA;NA;NA;NA;NA;NA;NA;NA;NA;NA;NA;NA;NA;NA;NA;NA;NA;NA;NA;NA;NA;NA;NA;NA;NA;NA;NA;NA;NA;NA;NA;NA;NA;NA;NA;NA;NA;NA;NA;NA;NA;NA;NA;NA;NA;NA;NA;NA;NA;NA;NA;NA;NA;NA;NA;NA;NA;NA;NA;NA;NA;NA;NA;NA;NA;NA;NA;NA;NA;NA;NA;NA;NA;NA;NA;NA;NA;NA;NA;NA;NA;NA;NA;NA;NA;NA;NA;NA;NA;NA;NA;NA;NA;NA;NA;NA;NA;NA;NA;NA;NA;NA;NA;NA;NA;NA;NA;NA;NA;NA;NA;NA;NA
Euleptes_gallica;Squamata;Gekkota;Sphaerodactylidae;Fossil;1_Unicuspid;0;0;0;Insectivorous;Predatory;0;0;Daza et al. 2014;10.1002/ar.22856;Ah-931 SGDB;This study;This study;1.29E+00;1.21E+00;4.37E-02;7.42E-03;1.35E-02;2.79E-11;1.79E-02;3.68E-11;NA;NA;NA;NA;NA;NA;NA;NA;NA;NA;NA;NA;NA;NA;NA;NA;NA;NA;NA;NA;NA;NA;NA;NA;NA;NA;NA;NA;NA;NA;NA;NA;NA;NA;NA;NA;NA;NA;NA;NA;NA;NA;NA;NA;NA;NA;NA;NA;NA;NA;NA;NA;NA;NA;NA;NA;NA;NA;NA;NA;NA;NA;NA;NA;NA;NA;NA;NA;NA;NA;NA;NA;NA;NA;NA;NA;NA;NA;NA;NA;NA;NA;NA;NA;NA;NA;NA;NA;NA;NA;NA;NA;NA;NA;NA;NA;NA;NA;NA;NA;NA;NA;NA;NA;NA;NA;NA;NA;NA;NA;NA;NA;NA;NA;NA;NA;NA;NA;NA;NA;NA;NA;NA;NA;NA;NA;NA
Euleptes_klembarai;Squamata;Gekkota;Sphaerodactylidae;Fossil;1_Unicuspid;0;0;0;Insectivorous;Predatory;0;0;?er?anský et al. 2018;10.1007/s00015-017-0292-1;NHMW 1977/1865;This study;This study;1.62E+00;1.99E+00;4.37E-02;7.42E-03;1.94E-02;4.01E-11;2.54E-02;5.24E-11;NA;NA;NA;NA;NA;NA;NA;NA;NA;NA;NA;NA;NA;NA;NA;NA;NA;NA;NA;NA;NA;NA;NA;NA;NA;NA;NA;NA;NA;NA;NA;NA;NA;NA;NA;NA;NA;NA;NA;NA;NA;NA;NA;NA;NA;NA;NA;NA;NA;NA;NA;NA;NA;NA;NA;NA;NA;NA;NA;NA;NA;NA;NA;NA;NA;NA;NA;NA;NA;NA;NA;NA;NA;NA;NA;NA;NA;NA;NA;NA;NA;NA;NA;NA;NA;NA;NA;NA;NA;NA;NA;NA;NA;NA;NA;NA;NA;NA;NA;NA;NA;NA;NA;NA;NA;NA;NA;NA;NA;NA;NA;NA;NA;NA;NA;NA;NA;NA;NA;NA;NA;NA;NA;NA;NA;NA;NA
Eumeces_schneideri;Squamata;Scincoidea;Scincidae;Extant;1_Unicuspid;0;0;0;Omnivorous;Omnivorous;1;0;Digimorph;http://www.digimorph.org;YPM 12668;Meiri 2018;10.1111/geb.12773;6.58E+00;2.62E+01;4.37E-02;7.42E-03;1.03E-02;2.11E-11;1.63E-02;4.25E-11;NA;NA;NA;NA;NA;NA;NA;NA;NA;NA;NA;NA;NA;NA;NA;NA;NA;NA;NA;NA;NA;NA;NA;NA;NA;NA;NA;NA;NA;NA;NA;NA;NA;NA;NA;NA;NA;NA;NA;NA;NA;NA;NA;NA;NA;NA;NA;NA;NA;NA;NA;NA;NA;NA;NA;NA;NA;NA;NA;NA;NA;NA;NA;NA;NA;NA;NA;NA;NA;NA;NA;NA;NA;NA;NA;NA;NA;NA;NA;NA;NA;NA;NA;NA;NA;NA;NA;NA;NA;NA;NA;NA;NA;NA;NA;NA;NA;NA;NA;NA;NA;NA;NA;NA;NA;NA;NA;NA;NA;NA;NA;NA;NA;NA;NA;NA;NA;NA;NA;NA;NA;NA;NA;NA;NA;NA;NA
Eupodophis_descouensi;Squamata;Serpentes;Pachyophidae;Fossil;1_Unicuspid;0;0;0;Carnivorous;Predatory;0;0;Rage & Escuillé 2000;C. R. Acad. Sci. Series IIA 330(7):513-520;Rh-E.F. 9001;Rage & Escuillé 2000;C. R. Acad. Sci. Series IIA 330(7):513-520;1.43E+00;2.55E-01;4.37E-02;7.42E-03;3.34E-02;6.88E-11;2.92E-02;6.02E-11;NA;NA;NA;NA;NA;NA;NA;NA;NA;NA;NA;NA;NA;NA;NA;NA;NA;NA;NA;NA;NA;NA;NA;NA;NA;NA;NA;NA;NA;NA;NA;NA;NA;NA;NA;NA;NA;NA;NA;NA;NA;NA;NA;NA;NA;NA;NA;NA;NA;NA;NA;NA;NA;NA;NA;NA;NA;NA;NA;NA;NA;NA;NA;NA;NA;NA;NA;NA;NA;NA;NA;NA;NA;NA;NA;NA;NA;NA;NA;NA;NA;NA;NA;NA;NA;NA;NA;NA;NA;NA;NA;NA;NA;NA;NA;NA;NA;NA;NA;NA;NA;NA;NA;NA;NA;NA;NA;NA;NA;NA;NA;NA;NA;NA;NA;NA;NA;NA;NA;NA;NA;NA;NA;NA;NA;NA;NA
Eurheloderma_gallicum;Squamata;Anguimorpha;Helodermatidae;Fossil;1_Unicuspid;0;0;0;Carnivorous;Predatory;0;0;Hoffstetter 1957;10.2113/gssgfbull.S6-VII.6.775;MNHN QU 17746;This study;This study;1.22E+01;5.01E-01;4.37E-02;7.42E-03;1.80E-02;3.72E-11;2.46E-02;5.06E-11;NA;NA;NA;NA;NA;NA;NA;NA;NA;NA;NA;NA;NA;NA;NA;NA;NA;NA;NA;NA;NA;NA;NA;NA;NA;NA;NA;NA;NA;NA;NA;NA;NA;NA;NA;NA;NA;NA;NA;NA;NA;NA;NA;NA;NA;NA;NA;NA;NA;NA;NA;NA;NA;NA;NA;NA;NA;NA;NA;NA;NA;NA;NA;NA;NA;NA;NA;NA;NA;NA;NA;NA;NA;NA;NA;NA;NA;NA;NA;NA;NA;NA;NA;NA;NA;NA;NA;NA;NA;NA;NA;NA;NA;NA;NA;NA;NA;NA;NA;NA;NA;NA;NA;NA;NA;NA;NA;NA;NA;NA;NA;NA;NA;NA;NA;NA;NA;NA;NA;NA;NA;NA;NA;NA;NA;NA;NA
Eutropis_carinata;Squamata;Scincoidea;Scincidae;Extant;1_Unicuspid;0;0;0;Insectivorous;Predatory;0;0;Rao & Ramaswami 1952;Acta Zool-Stockholm 33(3):209-275;NA;Meiri 2018;10.1111/geb.12773;4.03E+01;9.08E+01;4.37E-02;7.42E-03;1.28E-02;2.64E-11;1.52E-02;3.14E-11;NA;NA;NA;NA;NA;NA;NA;NA;NA;NA;NA;NA;NA;NA;NA;NA;NA;NA;NA;NA;NA;NA;NA;NA;NA;NA;NA;NA;NA;NA;NA;NA;NA;NA;NA;NA;NA;NA;NA;NA;NA;NA;NA;NA;NA;NA;NA;NA;NA;NA;NA;NA;NA;NA;NA;NA;NA;NA;NA;NA;NA;NA;NA;NA;NA;NA;NA;NA;NA;NA;NA;NA;NA;NA;NA;NA;NA;NA;NA;NA;NA;NA;NA;NA;NA;NA;NA;NA;NA;NA;NA;NA;NA;NA;NA;NA;NA;NA;NA;NA;NA;NA;NA;NA;NA;NA;NA;NA;NA;NA;NA;NA;NA;NA;NA;NA;NA;NA;NA;NA;NA;NA;NA;NA;NA;NA;NA
Eutropis_multifasciata;Squamata;Scincoidea;Scincidae;Extant;1_Unicuspid;0;0;0;Insectivorous;Predatory;0;0;Savalli (unpublished);https://www.savalli.us/BIO370/Anatomy/5.LizardSkull.html;NA;Meiri 2018;10.1111/geb.12773;3.73E+01;9.77E+01;4.37E-02;7.42E-03;1.28E-02;2.64E-11;1.52E-02;3.14E-11;NA;NA;NA;NA;NA;NA;NA;NA;NA;NA;NA;NA;NA;NA;NA;NA;NA;NA;NA;NA;NA;NA;NA;NA;NA;NA;NA;NA;NA;NA;NA;NA;NA;NA;NA;NA;NA;NA;NA;NA;NA;NA;NA;NA;NA;NA;NA;NA;NA;NA;NA;NA;NA;NA;NA;NA;NA;NA;NA;NA;NA;NA;NA;NA;NA;NA;NA;NA;NA;NA;NA;NA;NA;NA;NA;NA;NA;NA;NA;NA;NA;NA;NA;NA;NA;NA;NA;NA;NA;NA;NA;NA;NA;NA;NA;NA;NA;NA;NA;NA;NA;NA;NA;NA;NA;NA;NA;NA;NA;NA;NA;NA;NA;NA;NA;NA;NA;NA;NA;NA;NA;NA;NA;NA;NA;NA;NA
Exostinus_lancensis;Squamata;Anguimorpha;Xenosauridae;Fossil;1_Unicuspid;0;0;0;Insectivorous;Predatory;0;0;Estes 1976;Journal of Paleontology, 50(3):500-520;PU 16780;This study;This study;1.68E+01;4.92E-01;4.37E-02;7.42E-03;3.82E-02;7.86E-11;2.74E-02;5.64E-11;NA;NA;NA;NA;NA;NA;NA;NA;NA;NA;NA;NA;NA;NA;NA;NA;NA;NA;NA;NA;NA;NA;NA;NA;NA;NA;NA;NA;NA;NA;NA;NA;NA;NA;NA;NA;NA;NA;NA;NA;NA;NA;NA;NA;NA;NA;NA;NA;NA;NA;NA;NA;NA;NA;NA;NA;NA;NA;NA;NA;NA;NA;NA;NA;NA;NA;NA;NA;NA;NA;NA;NA;NA;NA;NA;NA;NA;NA;NA;NA;NA;NA;NA;NA;NA;NA;NA;NA;NA;NA;NA;NA;NA;NA;NA;NA;NA;NA;NA;NA;NA;NA;NA;NA;NA;NA;NA;NA;NA;NA;NA;NA;NA;NA;NA;NA;NA;NA;NA;NA;NA;NA;NA;NA;NA;NA;NA
Feylinia_currori;Squamata;Scincoidea;Scincidae;Extant;1_Unicuspid;0;0;0;Insectivorous;Predatory;0;0;This study;This study;ZMB 14562;Meiri 2018;10.1111/geb.12773;7.20E+00;2.74E+01;4.37E-02;7.42E-03;8.53E-03;1.76E-11;1.22E-02;2.51E-11;NA;NA;NA;NA;NA;NA;NA;NA;NA;NA;NA;NA;NA;NA;NA;NA;NA;NA;NA;NA;NA;NA;NA;NA;NA;NA;NA;NA;NA;NA;NA;NA;NA;NA;NA;NA;NA;NA;NA;NA;NA;NA;NA;NA;NA;NA;NA;NA;NA;NA;NA;NA;NA;NA;NA;NA;NA;NA;NA;NA;NA;NA;NA;NA;NA;NA;NA;NA;NA;NA;NA;NA;NA;NA;NA;NA;NA;NA;NA;NA;NA;NA;NA;NA;NA;NA;NA;NA;NA;NA;NA;NA;NA;NA;NA;NA;NA;NA;NA;NA;NA;NA;NA;NA;NA;NA;NA;NA;NA;NA;NA;NA;NA;NA;NA;NA;NA;NA;NA;NA;NA;NA;NA;NA;NA;NA;NA
Fordonia_leucobalia;Squamata;Serpentes;Homalopsidae;Extant;1_Unicuspid;0;0;0;Insectivorous;Predatory;0;0;Boulenger 1890;10.5962/bhl.title.5490;NA;Fabre et al. 2016;10.1111/bij.12753;1.00E+00;2.67E-01;5.44E-02;2.45E-03;8.93E-03;1.84E-11;1.19E-02;2.46E-11;NA;NA;NA;NA;NA;NA;NA;NA;NA;NA;NA;NA;NA;NA;NA;NA;NA;NA;NA;NA;NA;NA;NA;NA;NA;NA;NA;NA;NA;NA;NA;NA;NA;NA;NA;NA;NA;NA;NA;NA;NA;NA;NA;NA;NA;NA;NA;NA;NA;NA;NA;NA;NA;NA;NA;NA;NA;NA;NA;NA;NA;NA;NA;NA;NA;NA;NA;NA;NA;NA;NA;NA;NA;NA;NA;NA;NA;NA;NA;NA;NA;NA;NA;NA;NA;NA;NA;NA;NA;NA;NA;NA;NA;NA;NA;NA;NA;NA;NA;NA;NA;NA;NA;NA;NA;NA;NA;NA;NA;NA;NA;NA;NA;NA;NA;NA;NA;NA;NA;NA;NA;NA;NA;NA;NA;NA;NA
Furcifer_pardalis;Squamata;Iguania;Chamaeleonidae;Extant;3_Tricuspid;1;1;0;Omnivorous;Omnivorous;1;0;Sankhyan & ?er?anský 2016;10.1007/s00114-016-1419-3;DE 80;Meiri 2018;10.1111/geb.12773;1.07E+01;1.66E+01;4.37E-02;7.42E-03;2.54E-02;5.23E-11;2.18E-02;5.22E-11;NA;NA;NA;NA;NA;NA;NA;NA;NA;NA;NA;NA;NA;NA;NA;NA;NA;NA;NA;NA;NA;NA;NA;NA;NA;NA;NA;NA;NA;NA;NA;NA;NA;NA;NA;NA;NA;NA;NA;NA;NA;NA;NA;NA;NA;NA;NA;NA;NA;NA;NA;NA;NA;NA;NA;NA;NA;NA;NA;NA;NA;NA;NA;NA;NA;NA;NA;NA;NA;NA;NA;NA;NA;NA;NA;NA;NA;NA;NA;NA;NA;NA;NA;NA;NA;NA;NA;NA;NA;NA;NA;NA;NA;NA;NA;NA;NA;NA;NA;NA;NA;NA;NA;NA;NA;NA;NA;NA;NA;NA;NA;NA;NA;NA;NA;NA;NA;NA;NA;NA;NA;NA;NA;NA;NA;NA;NA
Gallotia_atlantica;Squamata;Lacertoidea;Lacertidae;Extant;3_Tricuspid;1;1;0;Omnivorous;Omnivorous;1;0;Barahona et al. 2000;10.1111/j.1469-7998.2000.tb00781.x;UCL.Ga20;Meiri 2018;10.1111/geb.12773;1.75E+02;5.65E+00;7.44E-02;2.95E-02;2.16E-02;4.45E-11;3.47E-02;7.47E-11;NA;NA;NA;NA;NA;NA;NA;NA;NA;NA;NA;NA;NA;NA;NA;NA;NA;NA;NA;NA;NA;NA;NA;NA;NA;NA;NA;NA;NA;NA;NA;NA;NA;NA;NA;NA;NA;NA;NA;NA;NA;NA;NA;NA;NA;NA;NA;NA;NA;NA;NA;NA;NA;NA;NA;NA;NA;NA;NA;NA;NA;NA;NA;NA;NA;NA;NA;NA;NA;NA;NA;NA;NA;NA;NA;NA;NA;NA;NA;NA;NA;NA;NA;NA;NA;NA;NA;NA;NA;NA;NA;NA;NA;NA;NA;NA;NA;NA;NA;NA;NA;NA;NA;NA;NA;NA;NA;NA;NA;NA;NA;NA;NA;NA;NA;NA;NA;NA;NA;NA;NA;NA;NA;NA;NA;NA;NA
Gallotia_caesaris;Squamata;Lacertoidea;Lacertidae;Extant;3_Tricuspid;1;1;0;Omnivorous;Omnivorous;1;0;Barahona et al. 2000;10.1111/j.1469-7998.2000.tb00781.x;UCL.Gca8;Meiri 2018;10.1111/geb.12773;2.65E+02;8.19E+00;7.44E-02;2.95E-02;2.34E-02;4.83E-11;4.08E-02;8.55E-11;NA;NA;NA;NA;NA;NA;NA;NA;NA;NA;NA;NA;NA;NA;NA;NA;NA;NA;NA;NA;NA;NA;NA;NA;NA;NA;NA;NA;NA;NA;NA;NA;NA;NA;NA;NA;NA;NA;NA;NA;NA;NA;NA;NA;NA;NA;NA;NA;NA;NA;NA;NA;NA;NA;NA;NA;NA;NA;NA;NA;NA;NA;NA;NA;NA;NA;NA;NA;NA;NA;NA;NA;NA;NA;NA;NA;NA;NA;NA;NA;NA;NA;NA;NA;NA;NA;NA;NA;NA;NA;NA;NA;NA;NA;NA;NA;NA;NA;NA;NA;NA;NA;NA;NA;NA;NA;NA;NA;NA;NA;NA;NA;NA;NA;NA;NA;NA;NA;NA;NA;NA;NA;NA;NA;NA;NA;NA
Gallotia_galloti;Squamata;Lacertoidea;Lacertidae;Extant;3_Tricuspid;1;1;0;Herbivorous;Herbivorous;1;1;Barahona et al. 2000;10.1111/j.1469-7998.2000.tb00781.x;UAM.R.Ga14;Meiri 2018;10.1111/geb.12773;2.63E+02;8.71E+00;7.44E-02;2.95E-02;2.34E-02;4.83E-11;4.08E-02;8.55E-11;2.10E+00;1.25E+00;-1.87E-01;1.21E-01;-1.43E-01;-1.21E+00;-2.75E-02;-2.21E-01;1.28E-01;-2.90E-03;-1.67E-02;3.41E-01;1.53E-01;-1.70E-01;-1.51E-02;5.83E-02;-2.79E-02;2.43E-02;-1.60E-01;8.66E-03;6.34E-03;7.48E-03;3.83E-02;-2.51E-02;-8.11E-04;-2.81E-03;-3.53E-02;5.27E-03;2.55E-02;-7.72E-03;-1.02E-02;2.24E-02;1.48E-02;5.44E-03;5.11E-03;8.14E-03;3.19E-03;2.29E-03;1.47E-03;4.96E-03;-6.08E-03;3.18E-03;-4.60E+01;-4.51E+00;-2.83E+01;7.97E+00;-2.94E-01;-2.96E+00;-2.59E+01;-1.00E+00;-1.26E+01;1.10E+01;4.38E+00;7.37E+00;1.09E+01;1.04E+01;1.24E+01;-5.60E+00;4.64E+00;-1.94E+00;-8.65E+00;-1.99E+01;-6.27E+00;4.01E+00;4.88E+00;7.16E+00;1.87E+01;3.37E+01;1.59E+01;2.61E+01;2.31E+01;1.28E+01;1.90E+00;-7.40E+00;1.43E+01;3.27E+01;-1.15E+01;2.20E+00;-1.25E+01;-1.52E+01;-1.16E+01;-1.40E+01;-3.61E-01;2.40E+01;2.69E+00;-1.35E+00;-2.89E-01;5.41E-02;-6.33E-01;-7.76E-01;4.76E-01;-1.71E-01;4.69E-01;-1.05E-02;2.89E-01;1.50E-01;-2.55E-03;2.94E-01;-2.66E-02;6.68E-02;-3.21E-02;-9.44E-02;2.79E-02;-9.81E-03;-7.06E-02;2.11E-02;2.00E-02;-7.35E-03;4.34E-02;1.04E-01;-5.68E-02;-3.02E-02;-1.04E-02;-2.80E-02;1.17E-02;-1.95E-02;4.31E-03;-1.68E-03;-5.71E-04;-7.83E-04;-7.21E-04;-4.64E-03;2.69E-03;-6.08E-04;3.84E-03;-2.10E-03;8.16E-01
Gallotia_simonyi;Squamata;Lacertoidea;Lacertidae;Extant;3_Tricuspid;1;1;0;Herbivorous;Herbivorous;1;1;Barahona et al. 2000;10.1111/j.1469-7998.2000.tb00781.x;BP.Gsi;Meiri 2018;10.1111/geb.12773;2.56E+02;2.04E+01;7.44E-02;2.95E-02;2.29E-02;4.72E-11;3.87E-02;8.18E-11;NA;NA;NA;NA;NA;NA;NA;NA;NA;NA;NA;NA;NA;NA;NA;NA;NA;NA;NA;NA;NA;NA;NA;NA;NA;NA;NA;NA;NA;NA;NA;NA;NA;NA;NA;NA;NA;NA;NA;NA;NA;NA;NA;NA;NA;NA;NA;NA;NA;NA;NA;NA;NA;NA;NA;NA;NA;NA;NA;NA;NA;NA;NA;NA;NA;NA;NA;NA;NA;NA;NA;NA;NA;NA;NA;NA;NA;NA;NA;NA;NA;NA;NA;NA;NA;NA;NA;NA;NA;NA;NA;NA;NA;NA;NA;NA;NA;NA;NA;NA;NA;NA;NA;NA;NA;NA;NA;NA;NA;NA;NA;NA;NA;NA;NA;NA;NA;NA;NA;NA;NA;NA;NA;NA;NA;NA;NA
Gallotia_stehlini;Squamata;Lacertoidea;Lacertidae;Extant;4_Multicuspid;1;1;1;Herbivorous;Herbivorous;1;1;Evans & Manabe 2008;10.1111/j.1475-4983.2008.00759.x;LDUCZ Gs18;Meiri 2018;10.1111/geb.12773;1.43E+02;5.04E+00;7.44E-02;2.95E-02;2.03E-02;4.19E-11;3.19E-02;6.99E-11;4.64E-01;1.11E+00;1.46E+00;1.21E-01;-1.32E-01;-1.98E-01;-4.37E-01;-2.20E-01;9.57E-02;2.14E-01;9.49E-04;-8.65E-02;6.70E-02;7.65E-02;2.13E-01;-5.42E-03;3.91E-02;-5.46E-03;4.13E-02;-5.42E-02;-1.00E-01;-5.16E-02;5.58E-03;-7.41E-02;-4.02E-02;7.87E-02;6.41E-04;-3.60E-02;-7.48E-03;2.62E-03;4.08E-03;-3.84E-03;3.14E-03;6.51E-04;-4.74E-03;-1.57E-03;4.53E-03;2.66E-03;-7.98E-03;-2.55E-03;4.79E-03;2.02E-04;-7.14E+01;2.65E+01;-5.90E+00;-4.46E+00;-1.36E+01;-3.12E+00;-3.60E+00;-1.10E+01;1.63E+01;-1.22E+01;-3.38E+01;2.01E+01;-9.06E+00;-1.92E+01;-1.18E+01;1.03E+01;3.94E+00;-2.65E+00;-2.22E+00;2.59E-01;9.06E+00;1.14E+01;-7.93E+00;-1.59E+01;-2.04E+01;8.68E+00;-1.16E+00;-2.59E+00;8.02E+00;3.62E+00;9.59E+00;-9.99E+00;2.49E+00;-1.19E+01;-9.59E+00;1.84E+01;1.26E+01;9.08E+00;-1.50E+01;-1.30E+00;-1.25E+01;1.72E+01;8.56E-01;-8.48E-01;-1.71E+00;-2.75E-01;-4.97E-01;1.53E-01;2.06E-01;4.04E-02;2.22E-01;-1.17E-01;-1.18E-01;-2.46E-03;8.31E-03;2.61E-01;-7.62E-02;-7.41E-03;1.45E-02;4.99E-02;-1.58E-02;-1.90E-02;-8.24E-02;3.18E-02;3.97E-02;-1.45E-02;2.35E-02;1.37E-01;-5.47E-02;-2.61E-02;-1.91E-02;-2.01E-02;1.02E-02;-1.28E-02;3.06E-03;1.91E-04;3.93E-04;-2.78E-03;-2.91E-03;-4.67E-03;5.01E-03;1.77E-04;7.89E-03;-2.20E-03;7.29E-01
Gambelia_corona;Squamata;Iguania;Crotaphytidae;Fossil;3_Tricuspid;1;1;0;Carnivorous;Predatory;0;0;Norell 1989;Contributions in science, 414:1-31;LACM 42880;This study;This study;3.04E+01;4.41E+00;4.90E-02;5.54E-03;3.07E-02;6.33E-11;2.89E-02;5.95E-11;NA;NA;NA;NA;NA;NA;NA;NA;NA;NA;NA;NA;NA;NA;NA;NA;NA;NA;NA;NA;NA;NA;NA;NA;NA;NA;NA;NA;NA;NA;NA;NA;NA;NA;NA;NA;NA;NA;NA;NA;NA;NA;NA;NA;NA;NA;NA;NA;NA;NA;NA;NA;NA;NA;NA;NA;NA;NA;NA;NA;NA;NA;NA;NA;NA;NA;NA;NA;NA;NA;NA;NA;NA;NA;NA;NA;NA;NA;NA;NA;NA;NA;NA;NA;NA;NA;NA;NA;NA;NA;NA;NA;NA;NA;NA;NA;NA;NA;NA;NA;NA;NA;NA;NA;NA;NA;NA;NA;NA;NA;NA;NA;NA;NA;NA;NA;NA;NA;NA;NA;NA;NA;NA;NA;NA;NA;NA
Gambelia_sila;Squamata;Iguania;Crotaphytidae;Extant;3_Tricuspid;1;1;0;Insectivorous;Predatory;0;0;Melstrom 2017;10.1002/jmor.20645;CAS 141318;Meiri 2018;10.1111/geb.12773;3.20E+01;5.01E+00;4.90E-02;5.54E-03;3.16E-02;6.52E-11;3.14E-02;6.47E-11;NA;NA;NA;NA;NA;NA;NA;NA;NA;NA;NA;NA;NA;NA;NA;NA;NA;NA;NA;NA;NA;NA;NA;NA;NA;NA;NA;NA;NA;NA;NA;NA;NA;NA;NA;NA;NA;NA;NA;NA;NA;NA;NA;NA;NA;NA;NA;NA;NA;NA;NA;NA;NA;NA;NA;NA;NA;NA;NA;NA;NA;NA;NA;NA;NA;NA;NA;NA;NA;NA;NA;NA;NA;NA;NA;NA;NA;NA;NA;NA;NA;NA;NA;NA;NA;NA;NA;NA;NA;NA;NA;NA;NA;NA;NA;NA;NA;NA;NA;NA;NA;NA;NA;NA;NA;NA;NA;NA;NA;NA;NA;NA;NA;NA;NA;NA;NA;NA;NA;NA;NA;NA;NA;NA;NA;NA;NA
Gambelia_wislizenii;Squamata;Iguania;Crotaphytidae;Extant;3_Tricuspid;1;1;0;Carnivorous;Predatory;0;0;Gauthier et al. 2012;10.3374/014.053.0101;YPM 14380;Meiri 2018;10.1111/geb.12773;3.07E+01;5.34E+00;4.90E-02;5.54E-03;3.16E-02;6.52E-11;3.14E-02;6.47E-11;1.34E+00;4.64E-01;-4.15E-01;-5.56E-01;-6.97E-02;1.34E-01;1.16E-02;2.51E-02;1.45E-02;8.11E-02;7.37E-02;-1.06E-01;7.10E-02;-2.40E-02;-9.13E-02;6.28E-02;2.90E-02;-4.00E-02;-3.80E-05;1.81E-02;3.35E-02;-2.77E-02;3.34E-02;-1.87E-02;-5.00E-02;-6.90E-02;-4.13E-02;9.20E-04;-2.83E-02;-1.79E-03;2.78E-02;-2.21E-02;6.66E-04;-6.55E-03;8.83E-03;1.64E-03;2.78E-03;-3.18E-03;-3.70E-04;5.32E-03;5.08E-05;-4.34E-03;3.05E+00;-6.04E+00;-9.09E+00;-3.93E+00;-1.26E+00;-2.95E+00;-1.50E+00;9.80E+00;1.22E+00;-2.38E+00;1.17E+01;4.47E+00;-4.08E+00;-1.37E+00;-7.56E+00;-5.57E+00;1.24E+00;9.99E-03;-4.53E+00;5.06E+00;2.18E+00;-1.38E+01;2.02E+00;3.11E+00;1.91E+01;2.35E+01;-6.97E+00;3.79E+00;-5.22E+00;1.10E+01;-4.89E-01;1.67E+00;6.50E+00;-1.03E+01;9.62E+00;9.11E+00;1.76E+00;1.62E+01;1.32E+01;1.98E+01;1.09E+01;-1.36E+01;1.94E+00;-5.44E-01;7.07E-02;6.56E-01;-2.49E-01;3.02E-01;-9.94E-02;-7.87E-02;2.03E-03;-1.24E-01;-1.21E-02;4.61E-02;-5.22E-02;-5.10E-02;1.80E-02;6.66E-03;6.76E-02;-4.16E-02;-1.85E-02;2.26E-02;3.77E-02;1.58E-02;-7.65E-03;1.56E-02;1.06E-01;-1.19E-02;7.85E-03;4.10E-02;7.46E-03;1.81E-02;1.47E-02;3.25E-02;-1.48E-03;1.39E-02;4.70E-03;6.12E-03;1.41E-03;-5.50E-03;2.75E-03;-5.10E-03;1.43E-03;3.08E-03;1.07E-01
Geiseltaliellus_longicaudus;Squamata;Iguania;Corytophanidae;Fossil;3_Tricuspid;1;1;0;Omnivorous;Omnivorous;1;0;Augé & Pouit 2012;10.2113/gssgfbull.183.6.653;MNHN PMT 108;This study;This study;2.17E+01;3.69E+00;4.90E-02;5.54E-03;3.91E-02;8.06E-11;4.33E-02;8.99E-11;NA;NA;NA;NA;NA;NA;NA;NA;NA;NA;NA;NA;NA;NA;NA;NA;NA;NA;NA;NA;NA;NA;NA;NA;NA;NA;NA;NA;NA;NA;NA;NA;NA;NA;NA;NA;NA;NA;NA;NA;NA;NA;NA;NA;NA;NA;NA;NA;NA;NA;NA;NA;NA;NA;NA;NA;NA;NA;NA;NA;NA;NA;NA;NA;NA;NA;NA;NA;NA;NA;NA;NA;NA;NA;NA;NA;NA;NA;NA;NA;NA;NA;NA;NA;NA;NA;NA;NA;NA;NA;NA;NA;NA;NA;NA;NA;NA;NA;NA;NA;NA;NA;NA;NA;NA;NA;NA;NA;NA;NA;NA;NA;NA;NA;NA;NA;NA;NA;NA;NA;NA;NA;NA;NA;NA;NA;NA
Geiseltaliellus_maarius;Squamata;Iguania;Corytophanidae;Fossil;3_Tricuspid;1;1;0;Omnivorous;Omnivorous;1;0;Smith 2009;10.3374/014.050.0201;SMF ME 2938a;Smith 2009;10.3374/014.050.0201;2.70E+01;3.75E+00;4.90E-02;5.54E-03;3.70E-02;7.63E-11;4.11E-02;8.60E-11;NA;NA;NA;NA;NA;NA;NA;NA;NA;NA;NA;NA;NA;NA;NA;NA;NA;NA;NA;NA;NA;NA;NA;NA;NA;NA;NA;NA;NA;NA;NA;NA;NA;NA;NA;NA;NA;NA;NA;NA;NA;NA;NA;NA;NA;NA;NA;NA;NA;NA;NA;NA;NA;NA;NA;NA;NA;NA;NA;NA;NA;NA;NA;NA;NA;NA;NA;NA;NA;NA;NA;NA;NA;NA;NA;NA;NA;NA;NA;NA;NA;NA;NA;NA;NA;NA;NA;NA;NA;NA;NA;NA;NA;NA;NA;NA;NA;NA;NA;NA;NA;NA;NA;NA;NA;NA;NA;NA;NA;NA;NA;NA;NA;NA;NA;NA;NA;NA;NA;NA;NA;NA;NA;NA;NA;NA;NA
Geiseltaliellus_pradiguensis;Squamata;Iguania;Corytophanidae;Fossil;3_Tricuspid;1;1;0;Omnivorous;Omnivorous;1;0;Bolet & Evans 2013;10.26879/354;IPS 59521;This study;This study;2.92E+01;3.69E+00;4.90E-02;5.54E-03;3.42E-02;7.05E-11;3.66E-02;7.81E-11;NA;NA;NA;NA;NA;NA;NA;NA;NA;NA;NA;NA;NA;NA;NA;NA;NA;NA;NA;NA;NA;NA;NA;NA;NA;NA;NA;NA;NA;NA;NA;NA;NA;NA;NA;NA;NA;NA;NA;NA;NA;NA;NA;NA;NA;NA;NA;NA;NA;NA;NA;NA;NA;NA;NA;NA;NA;NA;NA;NA;NA;NA;NA;NA;NA;NA;NA;NA;NA;NA;NA;NA;NA;NA;NA;NA;NA;NA;NA;NA;NA;NA;NA;NA;NA;NA;NA;NA;NA;NA;NA;NA;NA;NA;NA;NA;NA;NA;NA;NA;NA;NA;NA;NA;NA;NA;NA;NA;NA;NA;NA;NA;NA;NA;NA;NA;NA;NA;NA;NA;NA;NA;NA;NA;NA;NA;NA
Gekko_gecko;Squamata;Gekkota;Gekkonidae;Extant;1_Unicuspid;0;0;0;Insectivorous;Predatory;0;0;This study;This study;ZMB 48646;Meiri 2018;10.1111/geb.12773;1.24E+00;1.28E+00;4.37E-02;7.42E-03;6.58E-03;1.36E-11;7.44E-03;1.53E-11;NA;NA;NA;NA;NA;NA;NA;NA;NA;NA;NA;NA;NA;NA;NA;NA;NA;NA;NA;NA;NA;NA;NA;NA;NA;NA;NA;NA;NA;NA;NA;NA;NA;NA;NA;NA;NA;NA;NA;NA;NA;NA;NA;NA;NA;NA;NA;NA;NA;NA;NA;NA;NA;NA;NA;NA;NA;NA;NA;NA;NA;NA;NA;NA;NA;NA;NA;NA;NA;NA;NA;NA;NA;NA;NA;NA;NA;NA;NA;NA;NA;NA;NA;NA;NA;NA;NA;NA;NA;NA;NA;NA;NA;NA;NA;NA;NA;NA;NA;NA;NA;NA;NA;NA;NA;NA;NA;NA;NA;NA;NA;NA;NA;NA;NA;NA;NA;NA;NA;NA;NA;NA;NA;NA;NA;NA;NA
Gekko_smithii;Squamata;Gekkota;Gekkonidae;Extant;1_Unicuspid;0;0;0;Insectivorous;Predatory;0;0;Berkovitz & Shellis 2017;978-0-12-802850-6;GLAM:Z5986;Meiri 2018;10.1111/geb.12773;1.23E+00;1.20E+00;4.37E-02;7.42E-03;6.58E-03;1.36E-11;7.44E-03;1.53E-11;NA;NA;NA;NA;NA;NA;NA;NA;NA;NA;NA;NA;NA;NA;NA;NA;NA;NA;NA;NA;NA;NA;NA;NA;NA;NA;NA;NA;NA;NA;NA;NA;NA;NA;NA;NA;NA;NA;NA;NA;NA;NA;NA;NA;NA;NA;NA;NA;NA;NA;NA;NA;NA;NA;NA;NA;NA;NA;NA;NA;NA;NA;NA;NA;NA;NA;NA;NA;NA;NA;NA;NA;NA;NA;NA;NA;NA;NA;NA;NA;NA;NA;NA;NA;NA;NA;NA;NA;NA;NA;NA;NA;NA;NA;NA;NA;NA;NA;NA;NA;NA;NA;NA;NA;NA;NA;NA;NA;NA;NA;NA;NA;NA;NA;NA;NA;NA;NA;NA;NA;NA;NA;NA;NA;NA;NA;NA
Geocalamus_acutus;Squamata;Lacertoidea;Amphisbaenidae;Extant;1_Unicuspid;0;0;0;Insectivorous;Predatory;0;0;Gauthier et al. 2012;10.3374/014.053.0101;FMNH 262014;Meiri 2018;10.1111/geb.12773;6.94E+00;6.38E-01;4.37E-02;7.42E-03;9.39E-03;1.94E-11;1.14E-02;2.34E-11;NA;NA;NA;NA;NA;NA;NA;NA;NA;NA;NA;NA;NA;NA;NA;NA;NA;NA;NA;NA;NA;NA;NA;NA;NA;NA;NA;NA;NA;NA;NA;NA;NA;NA;NA;NA;NA;NA;NA;NA;NA;NA;NA;NA;NA;NA;NA;NA;NA;NA;NA;NA;NA;NA;NA;NA;NA;NA;NA;NA;NA;NA;NA;NA;NA;NA;NA;NA;NA;NA;NA;NA;NA;NA;NA;NA;NA;NA;NA;NA;NA;NA;NA;NA;NA;NA;NA;NA;NA;NA;NA;NA;NA;NA;NA;NA;NA;NA;NA;NA;NA;NA;NA;NA;NA;NA;NA;NA;NA;NA;NA;NA;NA;NA;NA;NA;NA;NA;NA;NA;NA;NA;NA;NA;NA;NA;NA
Gephyrosaurus_bridensis;Rhynchocephalia;NA;Gephyrosauridae;Fossil;1_Unicuspid;0;0;0;Insectivorous;Predatory;0;0;Evans 1980;10.1111/j.1096-3642.1980.tb00852.x;UCL T.1503;Evans 1980;10.1111/j.1096-3642.1980.tb00852.x;1.39E+00;1.46E+00;9.17E-03;1.35E-02;6.77E-03;1.40E-11;7.97E-03;1.64E-11;NA;NA;NA;NA;NA;NA;NA;NA;NA;NA;NA;NA;NA;NA;NA;NA;NA;NA;NA;NA;NA;NA;NA;NA;NA;NA;NA;NA;NA;NA;NA;NA;NA;NA;NA;NA;NA;NA;NA;NA;NA;NA;NA;NA;NA;NA;NA;NA;NA;NA;NA;NA;NA;NA;NA;NA;NA;NA;NA;NA;NA;NA;NA;NA;NA;NA;NA;NA;NA;NA;NA;NA;NA;NA;NA;NA;NA;NA;NA;NA;NA;NA;NA;NA;NA;NA;NA;NA;NA;NA;NA;NA;NA;NA;NA;NA;NA;NA;NA;NA;NA;NA;NA;NA;NA;NA;NA;NA;NA;NA;NA;NA;NA;NA;NA;NA;NA;NA;NA;NA;NA;NA;NA;NA;NA;NA;NA
Gerandogekko_gaillardi;Squamata;Gekkota;Sphaerodactylidae;Fossil;1_Unicuspid;0;0;0;Insectivorous;Predatory;0;0;Daza et al. 2014;10.1002/ar.22856;UCBL LGr 5841;This study;This study;1.09E+00;1.02E+00;4.37E-02;7.42E-03;6.35E-03;1.31E-11;7.00E-03;1.44E-11;NA;NA;NA;NA;NA;NA;NA;NA;NA;NA;NA;NA;NA;NA;NA;NA;NA;NA;NA;NA;NA;NA;NA;NA;NA;NA;NA;NA;NA;NA;NA;NA;NA;NA;NA;NA;NA;NA;NA;NA;NA;NA;NA;NA;NA;NA;NA;NA;NA;NA;NA;NA;NA;NA;NA;NA;NA;NA;NA;NA;NA;NA;NA;NA;NA;NA;NA;NA;NA;NA;NA;NA;NA;NA;NA;NA;NA;NA;NA;NA;NA;NA;NA;NA;NA;NA;NA;NA;NA;NA;NA;NA;NA;NA;NA;NA;NA;NA;NA;NA;NA;NA;NA;NA;NA;NA;NA;NA;NA;NA;NA;NA;NA;NA;NA;NA;NA;NA;NA;NA;NA;NA;NA;NA;NA;NA;NA
Gerrhonotus_infernalis;Squamata;Anguimorpha;Anguidae;Extant;2_Bicuspid;1;0;0;Insectivorous;Predatory;0;0;This study;This study;ZMB 1154;Meiri 2018;10.1111/geb.12773;1.23E+02;5.99E-01;4.37E-02;7.42E-03;1.95E-02;4.01E-11;1.59E-02;3.28E-11;NA;NA;NA;NA;NA;NA;NA;NA;NA;NA;NA;NA;NA;NA;NA;NA;NA;NA;NA;NA;NA;NA;NA;NA;NA;NA;NA;NA;NA;NA;NA;NA;NA;NA;NA;NA;NA;NA;NA;NA;NA;NA;NA;NA;NA;NA;NA;NA;NA;NA;NA;NA;NA;NA;NA;NA;NA;NA;NA;NA;NA;NA;NA;NA;NA;NA;NA;NA;NA;NA;NA;NA;NA;NA;NA;NA;NA;NA;NA;NA;NA;NA;NA;NA;NA;NA;NA;NA;NA;NA;NA;NA;NA;NA;NA;NA;NA;NA;NA;NA;NA;NA;NA;NA;NA;NA;NA;NA;NA;NA;NA;NA;NA;NA;NA;NA;NA;NA;NA;NA;NA;NA;NA;NA;NA;NA;NA
Gerrhosaurus_nigrolineatus;Squamata;Scincoidea;Gerrhosauridae;Extant;2_Bicuspid;1;0;0;Insectivorous;Predatory;0;0;Digimorph;http://www.digimorph.org;YPM 14382;Meiri 2018;10.1111/geb.12773;7.31E+01;2.23E+01;4.37E-02;7.42E-03;2.17E-02;4.48E-11;1.48E-02;3.05E-11;2.19E+00;-3.19E-01;-8.24E-01;-2.18E-01;-2.48E-01;-3.69E-01;-1.71E-02;-1.69E-01;-5.37E-02;-2.74E-02;-2.32E-01;7.19E-02;5.67E-02;1.23E-01;-5.17E-02;-3.63E-02;7.84E-02;3.99E-02;7.77E-02;-4.46E-03;1.79E-02;5.88E-02;-8.06E-02;8.57E-03;1.80E-02;-5.83E-03;-6.99E-03;-3.39E-02;8.47E-03;-4.59E-04;1.94E-02;-1.72E-03;9.94E-03;-8.38E-03;1.92E-03;1.40E-02;7.18E-03;6.07E-03;-7.04E-03;9.32E-05;-6.84E-04;-1.01E-03;8.26E+00;-2.26E+00;-8.29E+00;1.47E+01;-6.39E+00;6.09E+00;3.32E-01;-3.69E+00;2.57E+00;-2.91E+00;9.83E+00;-1.12E+01;-1.08E+01;-1.45E+01;5.57E+00;-6.94E-01;6.59E+00;4.41E+00;-2.03E+00;-1.77E+01;7.83E-01;9.70E-01;-7.46E+00;7.85E+00;-1.62E+01;8.75E+00;1.26E+01;-9.98E+00;1.09E+01;-1.22E+01;4.39E+00;-1.53E+01;-4.49E+00;3.49E+00;2.62E+01;-2.40E+01;-8.48E+00;-7.33E+00;1.07E+01;6.51E+00;1.19E+01;6.42E+00;2.86E+00;5.68E-02;6.15E-01;2.54E-01;-3.61E-01;-3.35E-02;5.82E-02;3.07E-02;3.16E-01;-1.09E-01;1.20E-01;-1.90E-01;7.25E-03;1.19E-01;8.57E-02;6.09E-02;-1.02E-01;1.08E-01;-9.27E-02;1.28E-02;-2.93E-02;-7.31E-03;6.49E-02;-1.72E-02;-1.22E-02;-2.68E-02;-1.57E-03;-3.11E-02;-4.73E-02;5.47E-03;3.35E-02;1.93E-02;-1.34E-02;2.43E-02;-7.00E-03;1.59E-02;1.25E-02;-2.53E-03;6.54E-03;-1.74E-03;7.32E-03;5.23E-03;1.12E-01
Gerrhosaurus_skoogi;Squamata;Scincoidea;Gerrhosauridae;Extant;4_Multicuspid;1;1;1;Herbivorous;Herbivorous;1;1;Nance 2007;10.1080/21564574.2007.9635552;CAS 206978;Meiri 2018;10.1111/geb.12773;5.69E+01;2.55E+01;4.37E-02;7.42E-03;2.17E-02;4.48E-11;1.78E-02;4.51E-11;-1.01E+00;3.10E+00;-9.21E-02;-8.89E-01;2.70E-01;-4.45E-01;4.10E-01;-3.19E-01;2.18E-01;-2.06E-01;1.01E-01;-5.45E-02;1.27E-01;4.98E-02;2.34E-01;-8.63E-02;3.39E-02;-2.84E-02;9.47E-02;4.94E-02;1.78E-02;-5.87E-02;-2.65E-02;5.35E-02;3.00E-02;-5.13E-03;6.50E-03;2.74E-02;-2.30E-02;-1.71E-02;-6.08E-03;-7.91E-03;1.81E-02;-5.33E-03;-1.37E-03;8.38E-03;-2.89E-03;-6.27E-03;2.46E-03;2.99E-04;3.23E-03;-3.95E-04;-6.49E+01;-1.28E+01;-3.56E+01;-7.62E+00;-1.47E+01;-2.63E+01;5.64E+00;5.43E+00;-1.73E+01;-8.98E+00;3.04E+00;-3.57E+00;7.66E+00;4.87E+00;-4.44E+00;-3.08E+00;-2.41E+00;9.19E+00;9.12E+00;1.21E+01;-3.63E-01;-1.80E+01;-3.85E+00;1.15E+01;-2.99E+01;1.93E+01;-1.16E+01;-3.78E+01;9.37E+00;-1.25E+01;-3.88E+00;1.61E+01;6.78E+00;6.80E+00;1.55E+01;9.89E+00;-1.50E+01;-3.01E+00;-2.27E+01;5.67E+00;-1.99E+01;-3.62E+00;-5.20E-01;-2.94E+00;-6.11E-01;1.33E+00;-9.09E-02;-3.70E-01;2.30E-01;-2.53E-01;2.46E-01;9.09E-02;-1.78E-01;-3.07E-02;-1.94E-01;3.49E-01;-2.33E-02;3.17E-03;-6.53E-02;8.92E-02;-7.47E-02;8.87E-02;1.20E-03;8.12E-02;1.48E-02;-3.22E-02;-4.87E-02;-4.03E-02;1.66E-02;1.27E-02;-2.34E-02;-1.91E-02;1.80E-02;1.13E-02;-1.82E-02;2.96E-02;-7.48E-03;1.44E-02;1.59E-02;3.96E-03;2.41E-03;-5.16E-03;1.03E-02;1.59E-03;1.01E+00
Gilmoreteius_chulsanensis;Squamata;Polyglyphanodontia;Polyglyphanodontidae;Fossil;4_Multicuspid;1;1;1;Herbivorous;Herbivorous;1;1;Gao & Norell 2000;"10.1206/0003-0090(2000)249<0001:TCASOL>2.0.CO;14";IGM 3/134;Gao & Norell 2000;"10.1206/0003-0090(2000)249<0001:TCASOL>2.0.CO;14";7.02E+01;4.19E+00;7.22E-02;9.18E-02;2.01E-02;4.14E-11;2.53E-02;5.82E-11;-3.00E+00;-4.65E-01;1.04E+00;4.13E-03;1.05E-01;-2.02E-01;-1.22E-01;9.65E-02;-7.41E-02;-1.12E-01;-5.05E-02;-2.66E-01;1.26E-01;-8.17E-02;1.62E-02;-1.23E-01;2.79E-02;-6.88E-02;3.46E-02;-9.02E-02;5.44E-02;6.26E-03;-3.45E-02;-2.45E-03;-4.83E-02;-4.42E-02;-7.78E-03;1.61E-03;-2.61E-03;3.26E-03;-3.13E-02;1.07E-02;3.39E-03;-1.84E-02;-3.01E-03;7.02E-03;9.28E-03;-5.18E-03;1.81E-03;7.53E-03;-3.36E-03;2.65E-03;-3.28E+01;-1.13E-01;1.57E+01;1.93E+00;-5.53E+00;-1.49E+00;4.33E+00;8.78E+00;3.03E+00;-7.14E+00;1.05E+00;3.83E+00;-4.68E-01;-3.68E+00;1.62E+01;-3.07E+00;9.65E+00;1.12E+01;1.97E+00;5.73E-01;-4.22E+00;7.86E-01;-4.56E+00;1.73E+01;8.78E+00;-1.37E+00;1.62E+00;2.23E+00;-1.64E+01;1.81E+00;2.45E+01;-1.26E+00;-1.64E+01;-1.64E+01;3.74E+00;1.74E-01;2.57E-01;2.56E+00;-1.11E+01;1.41E+01;-2.66E+01;-8.09E+00;-2.44E+00;5.20E-01;-5.08E-01;-4.31E-01;9.91E-03;-2.64E-01;-2.08E-01;1.60E-01;-5.63E-02;1.23E-01;-1.72E-01;-2.21E-03;-2.25E-01;-8.74E-02;-8.08E-02;-1.07E-02;-3.99E-02;-4.59E-02;-9.20E-02;-5.71E-02;-7.62E-03;1.11E-02;-8.05E-04;7.82E-03;5.27E-02;-3.02E-02;2.28E-02;9.59E-04;1.48E-02;-4.37E-03;-2.28E-02;-1.26E-02;6.88E-03;9.50E-03;2.60E-03;1.52E-02;-7.80E-03;1.40E-03;-3.08E-03;3.94E-04;-1.35E-02;-3.69E-03;4.02E-01
Globaura_venusta;Squamata;Lacertoidea;NA;Fossil;2_Bicuspid;1;0;0;Insectivorous;Predatory;0;0;Borsuk-Bia?ynicka 1988;Acta Palaeonto. Pol. 33(3):211-248;ZPAL MgR-III/40;Gao & Norell 2000;"10.1206/0003-0090(2000)249<0001:TCASOL>2.0.CO;14";1.77E+01;7.64E-01;4.24E-02;1.12E-02;2.08E-02;4.29E-11;5.64E-03;1.16E-11;NA;NA;NA;NA;NA;NA;NA;NA;NA;NA;NA;NA;NA;NA;NA;NA;NA;NA;NA;NA;NA;NA;NA;NA;NA;NA;NA;NA;NA;NA;NA;NA;NA;NA;NA;NA;NA;NA;NA;NA;NA;NA;NA;NA;NA;NA;NA;NA;NA;NA;NA;NA;NA;NA;NA;NA;NA;NA;NA;NA;NA;NA;NA;NA;NA;NA;NA;NA;NA;NA;NA;NA;NA;NA;NA;NA;NA;NA;NA;NA;NA;NA;NA;NA;NA;NA;NA;NA;NA;NA;NA;NA;NA;NA;NA;NA;NA;NA;NA;NA;NA;NA;NA;NA;NA;NA;NA;NA;NA;NA;NA;NA;NA;NA;NA;NA;NA;NA;NA;NA;NA;NA;NA;NA;NA;NA;NA
Globidens_phosphaticus;Squamata;Mosasauria;Mosasauridae;Fossil;1_Unicuspid;0;0;0;Insectivorous;Predatory;0;0;Bardet et al. 2005;10.1017/S0016774600020953;OCP.DEK/GE 361;Bardet et al. 2005;10.1017/S0016774600020953;8.40E+01;7.95E-01;4.36E-02;5.88E-02;3.94E-02;8.11E-11;3.21E-02;6.61E-11;NA;NA;NA;NA;NA;NA;NA;NA;NA;NA;NA;NA;NA;NA;NA;NA;NA;NA;NA;NA;NA;NA;NA;NA;NA;NA;NA;NA;NA;NA;NA;NA;NA;NA;NA;NA;NA;NA;NA;NA;NA;NA;NA;NA;NA;NA;NA;NA;NA;NA;NA;NA;NA;NA;NA;NA;NA;NA;NA;NA;NA;NA;NA;NA;NA;NA;NA;NA;NA;NA;NA;NA;NA;NA;NA;NA;NA;NA;NA;NA;NA;NA;NA;NA;NA;NA;NA;NA;NA;NA;NA;NA;NA;NA;NA;NA;NA;NA;NA;NA;NA;NA;NA;NA;NA;NA;NA;NA;NA;NA;NA;NA;NA;NA;NA;NA;NA;NA;NA;NA;NA;NA;NA;NA;NA;NA;NA
Glyptosaurus_sylvestris;Squamata;Anguimorpha;Anguidae;Fossil;1_Unicuspid;0;0;0;Insectivorous;Predatory;0;0;Moscato 2013;http://dc.etsu.edu/etd/1176;SDNHM 75946;ElShafie 2014;https://digitalcommons.unl.edu/geoscidiss/50/;2.84E+01;5.80E-01;4.37E-02;7.42E-03;2.70E-02;5.56E-11;2.56E-02;5.28E-11;NA;NA;NA;NA;NA;NA;NA;NA;NA;NA;NA;NA;NA;NA;NA;NA;NA;NA;NA;NA;NA;NA;NA;NA;NA;NA;NA;NA;NA;NA;NA;NA;NA;NA;NA;NA;NA;NA;NA;NA;NA;NA;NA;NA;NA;NA;NA;NA;NA;NA;NA;NA;NA;NA;NA;NA;NA;NA;NA;NA;NA;NA;NA;NA;NA;NA;NA;NA;NA;NA;NA;NA;NA;NA;NA;NA;NA;NA;NA;NA;NA;NA;NA;NA;NA;NA;NA;NA;NA;NA;NA;NA;NA;NA;NA;NA;NA;NA;NA;NA;NA;NA;NA;NA;NA;NA;NA;NA;NA;NA;NA;NA;NA;NA;NA;NA;NA;NA;NA;NA;NA;NA;NA;NA;NA;NA;NA
Gobekko_cretacicus;Squamata;Gekkota;NA;Fossil;1_Unicuspid;0;0;0;Insectivorous;Predatory;0;0;Daza et al. 2013;10.1111/zoj.12012;ZPAL MgR–II/4;This study;This study;1.08E+00;4.47E-01;4.37E-02;7.42E-03;1.45E-02;2.99E-11;1.62E-02;3.33E-11;NA;NA;NA;NA;NA;NA;NA;NA;NA;NA;NA;NA;NA;NA;NA;NA;NA;NA;NA;NA;NA;NA;NA;NA;NA;NA;NA;NA;NA;NA;NA;NA;NA;NA;NA;NA;NA;NA;NA;NA;NA;NA;NA;NA;NA;NA;NA;NA;NA;NA;NA;NA;NA;NA;NA;NA;NA;NA;NA;NA;NA;NA;NA;NA;NA;NA;NA;NA;NA;NA;NA;NA;NA;NA;NA;NA;NA;NA;NA;NA;NA;NA;NA;NA;NA;NA;NA;NA;NA;NA;NA;NA;NA;NA;NA;NA;NA;NA;NA;NA;NA;NA;NA;NA;NA;NA;NA;NA;NA;NA;NA;NA;NA;NA;NA;NA;NA;NA;NA;NA;NA;NA;NA;NA;NA;NA;NA
Gobiderma_pulchra;Squamata;Anguimorpha;Varanidae;Fossil;1_Unicuspid;0;0;0;Carnivorous;Predatory;0;0;Gao & Norell 2000;"10.1206/0003-0090(2000)249<0001:TCASOL>2.0.CO;2";IGM 3/55;Gao & Norell 2000;"10.1206/0003-0090(2000)249<0001:TCASOL>2.0.CO;2";5.44E+00;4.34E-01;4.37E-02;7.42E-03;2.31E-02;4.76E-11;2.26E-02;4.66E-11;NA;NA;NA;NA;NA;NA;NA;NA;NA;NA;NA;NA;NA;NA;NA;NA;NA;NA;NA;NA;NA;NA;NA;NA;NA;NA;NA;NA;NA;NA;NA;NA;NA;NA;NA;NA;NA;NA;NA;NA;NA;NA;NA;NA;NA;NA;NA;NA;NA;NA;NA;NA;NA;NA;NA;NA;NA;NA;NA;NA;NA;NA;NA;NA;NA;NA;NA;NA;NA;NA;NA;NA;NA;NA;NA;NA;NA;NA;NA;NA;NA;NA;NA;NA;NA;NA;NA;NA;NA;NA;NA;NA;NA;NA;NA;NA;NA;NA;NA;NA;NA;NA;NA;NA;NA;NA;NA;NA;NA;NA;NA;NA;NA;NA;NA;NA;NA;NA;NA;NA;NA;NA;NA;NA;NA;NA;NA
Gobinatus_arenosus;Squamata;Polyglyphanodontia;Polyglyphanodontidae;Fossil;1_Unicuspid;0;0;0;Insectivorous;Predatory;0;0;Gao & Norell 2000;"10.1206/0003-0090(2000)249<0001:TCASOL>2.0.CO;14";IGM 3/126;Gao & Norell 2000;"10.1206/0003-0090(2000)249<0001:TCASOL>2.0.CO;14";1.01E+02;7.04E+00;7.22E-02;9.18E-02;3.52E-02;7.26E-11;2.34E-02;4.82E-11;NA;NA;NA;NA;NA;NA;NA;NA;NA;NA;NA;NA;NA;NA;NA;NA;NA;NA;NA;NA;NA;NA;NA;NA;NA;NA;NA;NA;NA;NA;NA;NA;NA;NA;NA;NA;NA;NA;NA;NA;NA;NA;NA;NA;NA;NA;NA;NA;NA;NA;NA;NA;NA;NA;NA;NA;NA;NA;NA;NA;NA;NA;NA;NA;NA;NA;NA;NA;NA;NA;NA;NA;NA;NA;NA;NA;NA;NA;NA;NA;NA;NA;NA;NA;NA;NA;NA;NA;NA;NA;NA;NA;NA;NA;NA;NA;NA;NA;NA;NA;NA;NA;NA;NA;NA;NA;NA;NA;NA;NA;NA;NA;NA;NA;NA;NA;NA;NA;NA;NA;NA;NA;NA;NA;NA;NA;NA
Gonatodes_albogularis;Squamata;Gekkota;Sphaerodactylidae;Extant;1_Unicuspid;0;0;0;Insectivorous;Predatory;0;0;Gauthier et al. 2012;10.3374/014.053.0101;FMNH 55929;Meiri 2018;10.1111/geb.12773;1.51E+00;2.06E+00;4.37E-02;7.42E-03;6.56E-03;1.35E-11;8.03E-03;1.65E-11;NA;NA;NA;NA;NA;NA;NA;NA;NA;NA;NA;NA;NA;NA;NA;NA;NA;NA;NA;NA;NA;NA;NA;NA;NA;NA;NA;NA;NA;NA;NA;NA;NA;NA;NA;NA;NA;NA;NA;NA;NA;NA;NA;NA;NA;NA;NA;NA;NA;NA;NA;NA;NA;NA;NA;NA;NA;NA;NA;NA;NA;NA;NA;NA;NA;NA;NA;NA;NA;NA;NA;NA;NA;NA;NA;NA;NA;NA;NA;NA;NA;NA;NA;NA;NA;NA;NA;NA;NA;NA;NA;NA;NA;NA;NA;NA;NA;NA;NA;NA;NA;NA;NA;NA;NA;NA;NA;NA;NA;NA;NA;NA;NA;NA;NA;NA;NA;NA;NA;NA;NA;NA;NA;NA;NA;NA;NA
Gonatodes_antillensis;Squamata;Gekkota;Sphaerodactylidae;Extant;1_Unicuspid;0;0;0;Insectivorous;Predatory;0;0;Sumida & Murphy 1987;10.1139/z87-438;UCLA;Meiri 2018;10.1111/geb.12773;1.51E+00;1.81E+00;4.37E-02;7.42E-03;6.56E-03;1.35E-11;8.03E-03;1.65E-11;NA;NA;NA;NA;NA;NA;NA;NA;NA;NA;NA;NA;NA;NA;NA;NA;NA;NA;NA;NA;NA;NA;NA;NA;NA;NA;NA;NA;NA;NA;NA;NA;NA;NA;NA;NA;NA;NA;NA;NA;NA;NA;NA;NA;NA;NA;NA;NA;NA;NA;NA;NA;NA;NA;NA;NA;NA;NA;NA;NA;NA;NA;NA;NA;NA;NA;NA;NA;NA;NA;NA;NA;NA;NA;NA;NA;NA;NA;NA;NA;NA;NA;NA;NA;NA;NA;NA;NA;NA;NA;NA;NA;NA;NA;NA;NA;NA;NA;NA;NA;NA;NA;NA;NA;NA;NA;NA;NA;NA;NA;NA;NA;NA;NA;NA;NA;NA;NA;NA;NA;NA;NA;NA;NA;NA;NA;NA
Goniurosaurus_kuroiwae;Squamata;Gekkota;Eublepharidae;Extant;1_Unicuspid;0;0;0;Insectivorous;Predatory;0;0;Sumida & Murphy 1987;10.1139/z87-438;CAS 117874;Meiri 2018;10.1111/geb.12773;1.20E+00;8.41E-01;4.37E-02;7.42E-03;6.16E-03;1.27E-11;6.62E-03;1.36E-11;NA;NA;NA;NA;NA;NA;NA;NA;NA;NA;NA;NA;NA;NA;NA;NA;NA;NA;NA;NA;NA;NA;NA;NA;NA;NA;NA;NA;NA;NA;NA;NA;NA;NA;NA;NA;NA;NA;NA;NA;NA;NA;NA;NA;NA;NA;NA;NA;NA;NA;NA;NA;NA;NA;NA;NA;NA;NA;NA;NA;NA;NA;NA;NA;NA;NA;NA;NA;NA;NA;NA;NA;NA;NA;NA;NA;NA;NA;NA;NA;NA;NA;NA;NA;NA;NA;NA;NA;NA;NA;NA;NA;NA;NA;NA;NA;NA;NA;NA;NA;NA;NA;NA;NA;NA;NA;NA;NA;NA;NA;NA;NA;NA;NA;NA;NA;NA;NA;NA;NA;NA;NA;NA;NA;NA;NA;NA
Gonocephalus_chamaeleontinus;Squamata;Iguania;Agamidae;Extant;2_Bicuspid;1;0;0;Insectivorous;Predatory;0;0;This study;This study;ZMB 14529;Meiri 2018;10.1111/geb.12773;4.76E+02;1.15E+01;4.37E-02;7.42E-03;2.26E-02;4.65E-11;1.48E-02;3.05E-11;-2.80E+00;3.78E-01;-4.27E-01;2.94E-01;1.14E-01;-1.32E-01;1.15E-01;-2.10E-02;-1.47E-01;1.45E-01;-3.56E-02;1.03E-01;-2.40E-02;2.21E-02;2.70E-02;2.75E-03;-2.70E-02;1.18E-02;3.47E-02;6.33E-02;-5.70E-02;-1.23E-03;-6.75E-03;-1.34E-02;-3.74E-02;-2.64E-02;9.55E-03;2.69E-02;-4.88E-03;4.66E-03;2.27E-02;1.45E-02;-2.16E-02;2.34E-03;-5.43E-03;-4.12E-03;-2.98E-03;-7.48E-03;-6.35E-03;3.31E-03;-7.80E-04;5.17E-03;8.62E+00;-4.64E+00;-4.76E+00;-1.42E+01;-2.73E+00;-5.25E+00;5.09E+00;4.53E-02;2.30E+00;-4.79E+00;-3.77E+00;-5.60E+00;4.19E+00;-1.68E+00;7.03E+00;6.02E+00;-5.28E+00;-7.15E+00;-3.61E+00;4.95E+00;7.72E+00;2.35E+00;-6.46E+00;1.22E+00;5.33E+00;-8.32E+00;-2.87E+00;5.19E+00;2.47E+01;1.74E+00;-1.57E+01;-1.25E+01;1.13E+01;1.03E+01;4.27E+00;-1.89E+00;7.49E+00;-7.71E-01;4.62E+00;7.67E+00;-1.02E+01;-8.69E+00;-2.09E+00;-6.50E-01;6.54E-01;-2.93E-01;3.29E-01;-1.84E-01;5.50E-02;1.33E-01;-8.56E-02;-1.74E-01;2.61E-02;5.31E-02;6.92E-02;1.52E-02;-5.25E-02;-5.35E-02;7.16E-03;6.89E-02;6.35E-02;1.12E-01;-3.27E-02;5.64E-03;3.95E-02;2.54E-02;1.94E-02;-1.26E-02;6.14E-03;1.76E-02;2.25E-02;1.94E-02;1.60E-02;-3.33E-03;2.89E-02;-1.60E-02;2.32E-03;-7.51E-03;-2.99E-03;5.56E-04;2.81E-03;-2.21E-03;1.69E-03;-9.94E-03;4.33E-02
Gueragama_sulamericana;Squamata;Iguania;Agamidae;Fossil;1_Unicuspid;0;0;0;Omnivorous;Omnivorous;1;0;Simões et al. 2015;10.1038/ncomms9149;CP.V 2187;This study;This study;1.21E+01;3.31E+00;4.37E-02;7.42E-03;1.64E-02;3.37E-11;2.28E-02;5.39E-11;NA;NA;NA;NA;NA;NA;NA;NA;NA;NA;NA;NA;NA;NA;NA;NA;NA;NA;NA;NA;NA;NA;NA;NA;NA;NA;NA;NA;NA;NA;NA;NA;NA;NA;NA;NA;NA;NA;NA;NA;NA;NA;NA;NA;NA;NA;NA;NA;NA;NA;NA;NA;NA;NA;NA;NA;NA;NA;NA;NA;NA;NA;NA;NA;NA;NA;NA;NA;NA;NA;NA;NA;NA;NA;NA;NA;NA;NA;NA;NA;NA;NA;NA;NA;NA;NA;NA;NA;NA;NA;NA;NA;NA;NA;NA;NA;NA;NA;NA;NA;NA;NA;NA;NA;NA;NA;NA;NA;NA;NA;NA;NA;NA;NA;NA;NA;NA;NA;NA;NA;NA;NA;NA;NA;NA;NA;NA
Gymnophthalmus_speciosus;Squamata;Lacertoidea;Gymnophthalmidae;Extant;1_Unicuspid;0;0;0;Insectivorous;Predatory;0;0;Evans 2008;978-0-91698-476-2;NA;Meiri 2018;10.1111/geb.12773;9.41E+01;5.09E+00;4.48E-02;6.90E-03;1.72E-02;3.55E-11;1.79E-02;3.69E-11;NA;NA;NA;NA;NA;NA;NA;NA;NA;NA;NA;NA;NA;NA;NA;NA;NA;NA;NA;NA;NA;NA;NA;NA;NA;NA;NA;NA;NA;NA;NA;NA;NA;NA;NA;NA;NA;NA;NA;NA;NA;NA;NA;NA;NA;NA;NA;NA;NA;NA;NA;NA;NA;NA;NA;NA;NA;NA;NA;NA;NA;NA;NA;NA;NA;NA;NA;NA;NA;NA;NA;NA;NA;NA;NA;NA;NA;NA;NA;NA;NA;NA;NA;NA;NA;NA;NA;NA;NA;NA;NA;NA;NA;NA;NA;NA;NA;NA;NA;NA;NA;NA;NA;NA;NA;NA;NA;NA;NA;NA;NA;NA;NA;NA;NA;NA;NA;NA;NA;NA;NA;NA;NA;NA;NA;NA;NA
Haasiophis_terrasanctus;Squamata;Serpentes;NA;Fossil;1_Unicuspid;0;0;0;Carnivorous;Predatory;0;0;Tchernov et al. 2000;10.1126/science.287.5460.2010;HUJ-Pal. EJ 695;This study;This study;1.43E+00;2.53E-01;4.37E-02;7.42E-03;3.31E-02;6.82E-11;2.90E-02;5.98E-11;NA;NA;NA;NA;NA;NA;NA;NA;NA;NA;NA;NA;NA;NA;NA;NA;NA;NA;NA;NA;NA;NA;NA;NA;NA;NA;NA;NA;NA;NA;NA;NA;NA;NA;NA;NA;NA;NA;NA;NA;NA;NA;NA;NA;NA;NA;NA;NA;NA;NA;NA;NA;NA;NA;NA;NA;NA;NA;NA;NA;NA;NA;NA;NA;NA;NA;NA;NA;NA;NA;NA;NA;NA;NA;NA;NA;NA;NA;NA;NA;NA;NA;NA;NA;NA;NA;NA;NA;NA;NA;NA;NA;NA;NA;NA;NA;NA;NA;NA;NA;NA;NA;NA;NA;NA;NA;NA;NA;NA;NA;NA;NA;NA;NA;NA;NA;NA;NA;NA;NA;NA;NA;NA;NA;NA;NA;NA
Helicops_angulatus;Squamata;Serpentes;Colubridae;Extant;1_Unicuspid;0;0;0;Carnivorous;Predatory;0;0;Klackzko et al. 2016;10.1371/journal.pone.0148375;UFMT 7818;Klackzko et al. 2016;10.1371/journal.pone.0148375;1.35E+00;4.04E-01;5.44E-02;2.45E-03;1.92E-02;3.96E-11;2.13E-02;4.38E-11;NA;NA;NA;NA;NA;NA;NA;NA;NA;NA;NA;NA;NA;NA;NA;NA;NA;NA;NA;NA;NA;NA;NA;NA;NA;NA;NA;NA;NA;NA;NA;NA;NA;NA;NA;NA;NA;NA;NA;NA;NA;NA;NA;NA;NA;NA;NA;NA;NA;NA;NA;NA;NA;NA;NA;NA;NA;NA;NA;NA;NA;NA;NA;NA;NA;NA;NA;NA;NA;NA;NA;NA;NA;NA;NA;NA;NA;NA;NA;NA;NA;NA;NA;NA;NA;NA;NA;NA;NA;NA;NA;NA;NA;NA;NA;NA;NA;NA;NA;NA;NA;NA;NA;NA;NA;NA;NA;NA;NA;NA;NA;NA;NA;NA;NA;NA;NA;NA;NA;NA;NA;NA;NA;NA;NA;NA;NA
Heliobolus_lugubris;Squamata;Lacertoidea;Lacertidae;Extant;2_Bicuspid;1;0;0;Insectivorous;Predatory;0;0;Dubke et al. 2018;10.1080/21564574.2017.1422153;ZMB 18328;Meiri 2018;10.1111/geb.12773;3.66E+02;2.24E+01;4.37E-02;7.42E-03;2.87E-02;5.91E-11;2.76E-02;5.68E-11;NA;NA;NA;NA;NA;NA;NA;NA;NA;NA;NA;NA;NA;NA;NA;NA;NA;NA;NA;NA;NA;NA;NA;NA;NA;NA;NA;NA;NA;NA;NA;NA;NA;NA;NA;NA;NA;NA;NA;NA;NA;NA;NA;NA;NA;NA;NA;NA;NA;NA;NA;NA;NA;NA;NA;NA;NA;NA;NA;NA;NA;NA;NA;NA;NA;NA;NA;NA;NA;NA;NA;NA;NA;NA;NA;NA;NA;NA;NA;NA;NA;NA;NA;NA;NA;NA;NA;NA;NA;NA;NA;NA;NA;NA;NA;NA;NA;NA;NA;NA;NA;NA;NA;NA;NA;NA;NA;NA;NA;NA;NA;NA;NA;NA;NA;NA;NA;NA;NA;NA;NA;NA;NA;NA;NA;NA;NA
Heliobolus_neumanni;Squamata;Lacertoidea;Lacertidae;Extant;2_Bicuspid;1;0;0;Insectivorous;Predatory;0;0;Dubke et al. 2018;10.1080/21564574.2017.1422153;CAS 245014;Meiri 2018;10.1111/geb.12773;1.03E+02;1.52E+01;4.37E-02;7.42E-03;2.87E-02;5.92E-11;2.77E-02;5.70E-11;NA;NA;NA;NA;NA;NA;NA;NA;NA;NA;NA;NA;NA;NA;NA;NA;NA;NA;NA;NA;NA;NA;NA;NA;NA;NA;NA;NA;NA;NA;NA;NA;NA;NA;NA;NA;NA;NA;NA;NA;NA;NA;NA;NA;NA;NA;NA;NA;NA;NA;NA;NA;NA;NA;NA;NA;NA;NA;NA;NA;NA;NA;NA;NA;NA;NA;NA;NA;NA;NA;NA;NA;NA;NA;NA;NA;NA;NA;NA;NA;NA;NA;NA;NA;NA;NA;NA;NA;NA;NA;NA;NA;NA;NA;NA;NA;NA;NA;NA;NA;NA;NA;NA;NA;NA;NA;NA;NA;NA;NA;NA;NA;NA;NA;NA;NA;NA;NA;NA;NA;NA;NA;NA;NA;NA;NA;NA
Heliobolus_nitidus;Squamata;Lacertoidea;Lacertidae;Extant;2_Bicuspid;1;0;0;Insectivorous;Predatory;0;0;Dubke et al. 2018;10.1080/21564574.2017.1422153;BMNH 1946.8.6.51;Meiri 2018;10.1111/geb.12773;1.26E+02;1.73E+01;4.37E-02;7.42E-03;2.87E-02;5.91E-11;2.76E-02;5.68E-11;NA;NA;NA;NA;NA;NA;NA;NA;NA;NA;NA;NA;NA;NA;NA;NA;NA;NA;NA;NA;NA;NA;NA;NA;NA;NA;NA;NA;NA;NA;NA;NA;NA;NA;NA;NA;NA;NA;NA;NA;NA;NA;NA;NA;NA;NA;NA;NA;NA;NA;NA;NA;NA;NA;NA;NA;NA;NA;NA;NA;NA;NA;NA;NA;NA;NA;NA;NA;NA;NA;NA;NA;NA;NA;NA;NA;NA;NA;NA;NA;NA;NA;NA;NA;NA;NA;NA;NA;NA;NA;NA;NA;NA;NA;NA;NA;NA;NA;NA;NA;NA;NA;NA;NA;NA;NA;NA;NA;NA;NA;NA;NA;NA;NA;NA;NA;NA;NA;NA;NA;NA;NA;NA;NA;NA;NA;NA
Heliobolus_spekii;Squamata;Lacertoidea;Lacertidae;Extant;2_Bicuspid;1;0;0;Insectivorous;Predatory;0;0;Dubke et al. 2018;10.1080/21564574.2017.1422153;ZMB 48324;Meiri 2018;10.1111/geb.12773;9.69E+01;1.54E+01;4.37E-02;7.42E-03;2.87E-02;5.92E-11;2.77E-02;5.70E-11;NA;NA;NA;NA;NA;NA;NA;NA;NA;NA;NA;NA;NA;NA;NA;NA;NA;NA;NA;NA;NA;NA;NA;NA;NA;NA;NA;NA;NA;NA;NA;NA;NA;NA;NA;NA;NA;NA;NA;NA;NA;NA;NA;NA;NA;NA;NA;NA;NA;NA;NA;NA;NA;NA;NA;NA;NA;NA;NA;NA;NA;NA;NA;NA;NA;NA;NA;NA;NA;NA;NA;NA;NA;NA;NA;NA;NA;NA;NA;NA;NA;NA;NA;NA;NA;NA;NA;NA;NA;NA;NA;NA;NA;NA;NA;NA;NA;NA;NA;NA;NA;NA;NA;NA;NA;NA;NA;NA;NA;NA;NA;NA;NA;NA;NA;NA;NA;NA;NA;NA;NA;NA;NA;NA;NA;NA;NA
Heloderma_horridum;Squamata;Anguimorpha;Helodermatidae;Extant;1_Unicuspid;0;0;0;Carnivorous;Predatory;0;0;Gauthier et al. 2012;10.3374/014.053.0101;TNHC 64380;Meiri 2018;10.1111/geb.12773;1.40E+01;5.84E-01;4.37E-02;7.42E-03;1.21E-02;2.49E-11;1.81E-02;3.73E-11;NA;NA;NA;NA;NA;NA;NA;NA;NA;NA;NA;NA;NA;NA;NA;NA;NA;NA;NA;NA;NA;NA;NA;NA;NA;NA;NA;NA;NA;NA;NA;NA;NA;NA;NA;NA;NA;NA;NA;NA;NA;NA;NA;NA;NA;NA;NA;NA;NA;NA;NA;NA;NA;NA;NA;NA;NA;NA;NA;NA;NA;NA;NA;NA;NA;NA;NA;NA;NA;NA;NA;NA;NA;NA;NA;NA;NA;NA;NA;NA;NA;NA;NA;NA;NA;NA;NA;NA;NA;NA;NA;NA;NA;NA;NA;NA;NA;NA;NA;NA;NA;NA;NA;NA;NA;NA;NA;NA;NA;NA;NA;NA;NA;NA;NA;NA;NA;NA;NA;NA;NA;NA;NA;NA;NA;NA;NA
Heloderma_suspectum;Squamata;Anguimorpha;Helodermatidae;Extant;1_Unicuspid;0;0;0;Carnivorous;Predatory;0;0;Digimorph;http://www.digimorph.org;TNHC 62766;Meiri 2018;10.1111/geb.12773;1.35E+01;6.42E-01;4.37E-02;7.42E-03;1.21E-02;2.49E-11;1.81E-02;3.73E-11;NA;NA;NA;NA;NA;NA;NA;NA;NA;NA;NA;NA;NA;NA;NA;NA;NA;NA;NA;NA;NA;NA;NA;NA;NA;NA;NA;NA;NA;NA;NA;NA;NA;NA;NA;NA;NA;NA;NA;NA;NA;NA;NA;NA;NA;NA;NA;NA;NA;NA;NA;NA;NA;NA;NA;NA;NA;NA;NA;NA;NA;NA;NA;NA;NA;NA;NA;NA;NA;NA;NA;NA;NA;NA;NA;NA;NA;NA;NA;NA;NA;NA;NA;NA;NA;NA;NA;NA;NA;NA;NA;NA;NA;NA;NA;NA;NA;NA;NA;NA;NA;NA;NA;NA;NA;NA;NA;NA;NA;NA;NA;NA;NA;NA;NA;NA;NA;NA;NA;NA;NA;NA;NA;NA;NA;NA;NA
Helodermoides_tuberculatus;Squamata;Anguimorpha;Anguidae;Fossil;1_Unicuspid;0;0;0;Carnivorous;Predatory;0;0;Gauthier et al. 2012;10.3374/014.053.0101;CM 51344;This study;This study;3.12E+01;5.83E-01;4.37E-02;7.42E-03;2.26E-02;4.65E-11;2.27E-02;4.67E-11;NA;NA;NA;NA;NA;NA;NA;NA;NA;NA;NA;NA;NA;NA;NA;NA;NA;NA;NA;NA;NA;NA;NA;NA;NA;NA;NA;NA;NA;NA;NA;NA;NA;NA;NA;NA;NA;NA;NA;NA;NA;NA;NA;NA;NA;NA;NA;NA;NA;NA;NA;NA;NA;NA;NA;NA;NA;NA;NA;NA;NA;NA;NA;NA;NA;NA;NA;NA;NA;NA;NA;NA;NA;NA;NA;NA;NA;NA;NA;NA;NA;NA;NA;NA;NA;NA;NA;NA;NA;NA;NA;NA;NA;NA;NA;NA;NA;NA;NA;NA;NA;NA;NA;NA;NA;NA;NA;NA;NA;NA;NA;NA;NA;NA;NA;NA;NA;NA;NA;NA;NA;NA;NA;NA;NA;NA;NA
Hemidactylus_frenatus;Squamata;Gekkota;Gekkonidae;Extant;1_Unicuspid;0;0;0;Insectivorous;Predatory;0;0;This study;This study;http://id.luomus.fi/KS.MS1082;Meiri 2018;10.1111/geb.12773;1.38E+00;1.32E+00;4.37E-02;7.42E-03;8.09E-03;1.67E-11;9.93E-03;2.05E-11;NA;NA;NA;NA;NA;NA;NA;NA;NA;NA;NA;NA;NA;NA;NA;NA;NA;NA;NA;NA;NA;NA;NA;NA;NA;NA;NA;NA;NA;NA;NA;NA;NA;NA;NA;NA;NA;NA;NA;NA;NA;NA;NA;NA;NA;NA;NA;NA;NA;NA;NA;NA;NA;NA;NA;NA;NA;NA;NA;NA;NA;NA;NA;NA;NA;NA;NA;NA;NA;NA;NA;NA;NA;NA;NA;NA;NA;NA;NA;NA;NA;NA;NA;NA;NA;NA;NA;NA;NA;NA;NA;NA;NA;NA;NA;NA;NA;NA;NA;NA;NA;NA;NA;NA;NA;NA;NA;NA;NA;NA;NA;NA;NA;NA;NA;NA;NA;NA;NA;NA;NA;NA;NA;NA;NA;NA;NA
Hemidactylus_turcicus;Squamata;Gekkota;Gekkonidae;Extant;1_Unicuspid;0;0;0;Insectivorous;Predatory;0;0;This study;This study;http://id.luomus.fi/KS.MS1085;Meiri 2018;10.1111/geb.12773;1.40E+00;1.32E+00;4.37E-02;7.42E-03;8.09E-03;1.67E-11;9.93E-03;2.05E-11;NA;NA;NA;NA;NA;NA;NA;NA;NA;NA;NA;NA;NA;NA;NA;NA;NA;NA;NA;NA;NA;NA;NA;NA;NA;NA;NA;NA;NA;NA;NA;NA;NA;NA;NA;NA;NA;NA;NA;NA;NA;NA;NA;NA;NA;NA;NA;NA;NA;NA;NA;NA;NA;NA;NA;NA;NA;NA;NA;NA;NA;NA;NA;NA;NA;NA;NA;NA;NA;NA;NA;NA;NA;NA;NA;NA;NA;NA;NA;NA;NA;NA;NA;NA;NA;NA;NA;NA;NA;NA;NA;NA;NA;NA;NA;NA;NA;NA;NA;NA;NA;NA;NA;NA;NA;NA;NA;NA;NA;NA;NA;NA;NA;NA;NA;NA;NA;NA;NA;NA;NA;NA;NA;NA;NA;NA;NA
Hemisphaeriodon_gerrardii;Squamata;Scincoidea;Scincidae;Extant;1_Unicuspid;0;0;0;Insectivorous;Predatory;0;0;Arena et al. 2011;10.1098/rspb.2011.0486;SAM R47699;Arena et al. 2011;10.1098/rspb.2011.0486;8.08E+01;1.02E+02;1.15E-01;1.31E-02;2.95E-02;6.08E-11;2.93E-02;6.04E-11;NA;NA;NA;NA;NA;NA;NA;NA;NA;NA;NA;NA;NA;NA;NA;NA;NA;NA;NA;NA;NA;NA;NA;NA;NA;NA;NA;NA;NA;NA;NA;NA;NA;NA;NA;NA;NA;NA;NA;NA;NA;NA;NA;NA;NA;NA;NA;NA;NA;NA;NA;NA;NA;NA;NA;NA;NA;NA;NA;NA;NA;NA;NA;NA;NA;NA;NA;NA;NA;NA;NA;NA;NA;NA;NA;NA;NA;NA;NA;NA;NA;NA;NA;NA;NA;NA;NA;NA;NA;NA;NA;NA;NA;NA;NA;NA;NA;NA;NA;NA;NA;NA;NA;NA;NA;NA;NA;NA;NA;NA;NA;NA;NA;NA;NA;NA;NA;NA;NA;NA;NA;NA;NA;NA;NA;NA;NA
Hemitheconyx_caudicinctus;Squamata;Gekkota;Eublepharidae;Extant;1_Unicuspid;0;0;0;Insectivorous;Predatory;0;0;Melstrom 2017;10.1002/jmor.20645;CAS;Meiri 2018;10.1111/geb.12773;1.32E+00;8.08E-01;4.37E-02;7.42E-03;6.46E-03;1.33E-11;7.29E-03;1.50E-11;NA;NA;NA;NA;NA;NA;NA;NA;NA;NA;NA;NA;NA;NA;NA;NA;NA;NA;NA;NA;NA;NA;NA;NA;NA;NA;NA;NA;NA;NA;NA;NA;NA;NA;NA;NA;NA;NA;NA;NA;NA;NA;NA;NA;NA;NA;NA;NA;NA;NA;NA;NA;NA;NA;NA;NA;NA;NA;NA;NA;NA;NA;NA;NA;NA;NA;NA;NA;NA;NA;NA;NA;NA;NA;NA;NA;NA;NA;NA;NA;NA;NA;NA;NA;NA;NA;NA;NA;NA;NA;NA;NA;NA;NA;NA;NA;NA;NA;NA;NA;NA;NA;NA;NA;NA;NA;NA;NA;NA;NA;NA;NA;NA;NA;NA;NA;NA;NA;NA;NA;NA;NA;NA;NA;NA;NA;NA
Heterodon_platirhinos;Squamata;Serpentes;Colubridae;Extant;1_Unicuspid;0;0;0;Carnivorous;Predatory;0;0;Gauthier et al. 2012;10.3374/014.053.0101;FMNH 194529;Watanabe et al. 2019;10.1073/pnas.1820967116;1.11E+00;2.68E-01;5.44E-02;2.45E-03;1.49E-02;3.06E-11;1.70E-02;3.50E-11;NA;NA;NA;NA;NA;NA;NA;NA;NA;NA;NA;NA;NA;NA;NA;NA;NA;NA;NA;NA;NA;NA;NA;NA;NA;NA;NA;NA;NA;NA;NA;NA;NA;NA;NA;NA;NA;NA;NA;NA;NA;NA;NA;NA;NA;NA;NA;NA;NA;NA;NA;NA;NA;NA;NA;NA;NA;NA;NA;NA;NA;NA;NA;NA;NA;NA;NA;NA;NA;NA;NA;NA;NA;NA;NA;NA;NA;NA;NA;NA;NA;NA;NA;NA;NA;NA;NA;NA;NA;NA;NA;NA;NA;NA;NA;NA;NA;NA;NA;NA;NA;NA;NA;NA;NA;NA;NA;NA;NA;NA;NA;NA;NA;NA;NA;NA;NA;NA;NA;NA;NA;NA;NA;NA;NA;NA;NA
Holaspis_guentheri;Squamata;Lacertoidea;Lacertidae;Extant;1_Unicuspid;0;0;0;Insectivorous;Predatory;0;0;Gauthier et al. 2012;10.3374/014.053.0101;YPM 12860;Meiri 2018;10.1111/geb.12773;9.22E+01;9.54E+00;4.37E-02;7.42E-03;1.88E-02;3.88E-11;7.06E-03;1.46E-11;NA;NA;NA;NA;NA;NA;NA;NA;NA;NA;NA;NA;NA;NA;NA;NA;NA;NA;NA;NA;NA;NA;NA;NA;NA;NA;NA;NA;NA;NA;NA;NA;NA;NA;NA;NA;NA;NA;NA;NA;NA;NA;NA;NA;NA;NA;NA;NA;NA;NA;NA;NA;NA;NA;NA;NA;NA;NA;NA;NA;NA;NA;NA;NA;NA;NA;NA;NA;NA;NA;NA;NA;NA;NA;NA;NA;NA;NA;NA;NA;NA;NA;NA;NA;NA;NA;NA;NA;NA;NA;NA;NA;NA;NA;NA;NA;NA;NA;NA;NA;NA;NA;NA;NA;NA;NA;NA;NA;NA;NA;NA;NA;NA;NA;NA;NA;NA;NA;NA;NA;NA;NA;NA;NA;NA;NA;NA
Holcosus_bridgesii;Squamata;Lacertoidea;Teiidae;Extant;3_Tricuspid;1;1;0;Insectivorous;Predatory;0;0;This study;This study;http://id.luomus.fi/KS.MS1151;Meiri 2018;10.1111/geb.12773;5.87E+01;4.05E+00;4.48E-02;6.90E-03;2.41E-02;4.97E-11;1.20E-02;2.46E-11;NA;NA;NA;NA;NA;NA;NA;NA;NA;NA;NA;NA;NA;NA;NA;NA;NA;NA;NA;NA;NA;NA;NA;NA;NA;NA;NA;NA;NA;NA;NA;NA;NA;NA;NA;NA;NA;NA;NA;NA;NA;NA;NA;NA;NA;NA;NA;NA;NA;NA;NA;NA;NA;NA;NA;NA;NA;NA;NA;NA;NA;NA;NA;NA;NA;NA;NA;NA;NA;NA;NA;NA;NA;NA;NA;NA;NA;NA;NA;NA;NA;NA;NA;NA;NA;NA;NA;NA;NA;NA;NA;NA;NA;NA;NA;NA;NA;NA;NA;NA;NA;NA;NA;NA;NA;NA;NA;NA;NA;NA;NA;NA;NA;NA;NA;NA;NA;NA;NA;NA;NA;NA;NA;NA;NA;NA;NA
Homalopsis_buccata;Squamata;Serpentes;Homalopsidae;Extant;1_Unicuspid;0;0;0;Carnivorous;Predatory;0;0;Da Silva et al. 2018;10.1038/s41467-017-02788-3;http://id.luomus.fi/KS.MS1399;Fabre et al. 2016;10.1111/bij.12753;1.08E+00;2.28E-01;5.44E-02;2.45E-03;8.93E-03;1.84E-11;1.19E-02;2.46E-11;NA;NA;NA;NA;NA;NA;NA;NA;NA;NA;NA;NA;NA;NA;NA;NA;NA;NA;NA;NA;NA;NA;NA;NA;NA;NA;NA;NA;NA;NA;NA;NA;NA;NA;NA;NA;NA;NA;NA;NA;NA;NA;NA;NA;NA;NA;NA;NA;NA;NA;NA;NA;NA;NA;NA;NA;NA;NA;NA;NA;NA;NA;NA;NA;NA;NA;NA;NA;NA;NA;NA;NA;NA;NA;NA;NA;NA;NA;NA;NA;NA;NA;NA;NA;NA;NA;NA;NA;NA;NA;NA;NA;NA;NA;NA;NA;NA;NA;NA;NA;NA;NA;NA;NA;NA;NA;NA;NA;NA;NA;NA;NA;NA;NA;NA;NA;NA;NA;NA;NA;NA;NA;NA;NA;NA;NA;NA
Hoplocercus_spinosus;Squamata;Iguania;Hoplocercidae;Extant;3_Tricuspid;1;1;0;Insectivorous;Predatory;0;0;Etheridge & de Queiroz 1988;9.78E+12;RE 1263;Meiri 2018;10.1111/geb.12773;4.33E+01;5.73E+00;4.90E-02;5.54E-03;2.67E-02;5.50E-11;1.86E-02;3.83E-11;3.29E+00;-9.50E-01;-5.23E-01;1.01E+00;3.27E-02;-4.13E-01;-1.12E-03;1.51E-02;3.04E-02;-1.37E-01;6.74E-02;-4.84E-02;1.20E-02;-1.09E-01;1.18E-02;1.44E-02;-1.39E-01;-1.08E-02;1.07E-01;9.09E-02;4.33E-02;-5.66E-02;2.68E-02;6.22E-02;-3.12E-04;2.36E-02;-2.49E-02;-3.56E-02;7.56E-03;-1.73E-02;-1.00E-02;-1.76E-02;-2.66E-02;-6.20E-04;3.00E-03;-7.51E-04;-1.87E-03;-7.48E-03;-5.80E-03;1.03E-03;-1.58E-03;-6.41E-03;-2.78E+00;-2.44E+01;1.34E+01;6.15E-01;6.52E+00;1.30E+00;-9.06E+00;3.11E+01;1.10E+00;-1.40E+01;3.66E+00;1.42E+01;-1.92E+01;2.44E+01;1.73E+01;7.38E-01;4.52E+00;1.26E+01;-3.54E+00;-5.78E+00;4.10E+00;-9.63E+00;4.43E+00;8.64E+00;-3.59E+00;-2.03E+01;-1.52E+01;-1.27E+01;9.56E+00;8.46E+00;-1.40E+01;-1.21E+01;1.25E+01;-1.42E+00;-6.34E+00;3.64E+00;-9.84E-01;-1.18E+01;-7.86E+00;-7.81E+00;2.03E+01;1.90E+01;4.04E+00;5.84E-01;3.85E-01;-8.13E-01;6.27E-02;-2.02E-01;4.39E-01;-6.78E-02;8.92E-02;4.20E-02;-1.10E-01;1.05E-01;-4.58E-02;-8.59E-02;-1.76E-01;-1.10E-01;-2.62E-02;4.65E-02;4.02E-03;1.13E-01;6.99E-02;3.28E-02;-6.42E-02;5.24E-02;-2.71E-02;-1.71E-02;-6.29E-03;-5.10E-03;-5.88E-02;-5.10E-03;-6.53E-03;2.45E-02;-7.04E-04;-6.87E-04;-7.24E-03;-9.45E-03;3.34E-03;2.70E-03;2.85E-03;-1.31E-03;8.89E-04;4.71E-03;1.63E-01
Huehuecuetzpalli_mixtecus;Squamata;NA;NA;Fossil;1_Unicuspid;0;0;0;Insectivorous;Predatory;0;0;Reynoso 1998;10.1098/rstb.1998.0224;IGM 7389;Reynoso 1998;10.1098/rstb.1998.0224;1.28E+00;6.89E-01;9.17E-03;1.35E-02;5.41E-03;1.11E-11;4.91E-03;1.01E-11;NA;NA;NA;NA;NA;NA;NA;NA;NA;NA;NA;NA;NA;NA;NA;NA;NA;NA;NA;NA;NA;NA;NA;NA;NA;NA;NA;NA;NA;NA;NA;NA;NA;NA;NA;NA;NA;NA;NA;NA;NA;NA;NA;NA;NA;NA;NA;NA;NA;NA;NA;NA;NA;NA;NA;NA;NA;NA;NA;NA;NA;NA;NA;NA;NA;NA;NA;NA;NA;NA;NA;NA;NA;NA;NA;NA;NA;NA;NA;NA;NA;NA;NA;NA;NA;NA;NA;NA;NA;NA;NA;NA;NA;NA;NA;NA;NA;NA;NA;NA;NA;NA;NA;NA;NA;NA;NA;NA;NA;NA;NA;NA;NA;NA;NA;NA;NA;NA;NA;NA;NA;NA;NA;NA;NA;NA;NA
Hydrophis_gracilis;Squamata;Serpentes;Elapidae;Extant;1_Unicuspid;0;0;0;Carnivorous;Predatory;0;0;Da Silva et al. 2018;10.1038/s41467-017-02788-3;ZMB 55909;Guinea et al. 2010;10.2305/IUCN.UK.2010-4.RLTS.T176765A7299914.en;1.24E+00;2.85E-01;5.44E-02;2.45E-03;2.57E-02;5.30E-11;2.57E-02;5.29E-11;NA;NA;NA;NA;NA;NA;NA;NA;NA;NA;NA;NA;NA;NA;NA;NA;NA;NA;NA;NA;NA;NA;NA;NA;NA;NA;NA;NA;NA;NA;NA;NA;NA;NA;NA;NA;NA;NA;NA;NA;NA;NA;NA;NA;NA;NA;NA;NA;NA;NA;NA;NA;NA;NA;NA;NA;NA;NA;NA;NA;NA;NA;NA;NA;NA;NA;NA;NA;NA;NA;NA;NA;NA;NA;NA;NA;NA;NA;NA;NA;NA;NA;NA;NA;NA;NA;NA;NA;NA;NA;NA;NA;NA;NA;NA;NA;NA;NA;NA;NA;NA;NA;NA;NA;NA;NA;NA;NA;NA;NA;NA;NA;NA;NA;NA;NA;NA;NA;NA;NA;NA;NA;NA;NA;NA;NA;NA
Hydrophis_platurus;Squamata;Serpentes;Elapidae;Extant;1_Unicuspid;0;0;0;Carnivorous;Predatory;0;0;This study;This study;http://id.luomus.fi/KS.MS1624;Guinea et al. 2017;10.2305/IUCN.UK.2017-2.RLTS.T176738A115883818.en;1.30E+00;2.85E-01;5.44E-02;2.45E-03;2.57E-02;5.30E-11;2.57E-02;5.29E-11;NA;NA;NA;NA;NA;NA;NA;NA;NA;NA;NA;NA;NA;NA;NA;NA;NA;NA;NA;NA;NA;NA;NA;NA;NA;NA;NA;NA;NA;NA;NA;NA;NA;NA;NA;NA;NA;NA;NA;NA;NA;NA;NA;NA;NA;NA;NA;NA;NA;NA;NA;NA;NA;NA;NA;NA;NA;NA;NA;NA;NA;NA;NA;NA;NA;NA;NA;NA;NA;NA;NA;NA;NA;NA;NA;NA;NA;NA;NA;NA;NA;NA;NA;NA;NA;NA;NA;NA;NA;NA;NA;NA;NA;NA;NA;NA;NA;NA;NA;NA;NA;NA;NA;NA;NA;NA;NA;NA;NA;NA;NA;NA;NA;NA;NA;NA;NA;NA;NA;NA;NA;NA;NA;NA;NA;NA;NA
Hydrosaurus_amboinensis;Squamata;Iguania;Agamidae;Extant;2_Bicuspid;1;0;0;Herbivorous;Herbivorous;1;1;Berkovitz & Shellis 2017;978-0-12-802850-6;NA;Meiri 2018;10.1111/geb.12773;1.26E+02;3.37E+00;4.37E-02;7.42E-03;2.30E-02;4.74E-11;1.27E-02;3.61E-11;NA;NA;NA;NA;NA;NA;NA;NA;NA;NA;NA;NA;NA;NA;NA;NA;NA;NA;NA;NA;NA;NA;NA;NA;NA;NA;NA;NA;NA;NA;NA;NA;NA;NA;NA;NA;NA;NA;NA;NA;NA;NA;NA;NA;NA;NA;NA;NA;NA;NA;NA;NA;NA;NA;NA;NA;NA;NA;NA;NA;NA;NA;NA;NA;NA;NA;NA;NA;NA;NA;NA;NA;NA;NA;NA;NA;NA;NA;NA;NA;NA;NA;NA;NA;NA;NA;NA;NA;NA;NA;NA;NA;NA;NA;NA;NA;NA;NA;NA;NA;NA;NA;NA;NA;NA;NA;NA;NA;NA;NA;NA;NA;NA;NA;NA;NA;NA;NA;NA;NA;NA;NA;NA;NA;NA;NA;NA
Hydrosaurus_pustulatus;Squamata;Iguania;Agamidae;Extant;3_Tricuspid;1;1;0;Herbivorous;Herbivorous;1;1;Zuber (unpublished);https://www.biolib.cz/en/image/id7282/;NA;Meiri 2018;10.1111/geb.12773;1.42E+02;3.43E+00;4.37E-02;7.42E-03;2.30E-02;4.74E-11;1.27E-02;3.61E-11;NA;NA;NA;NA;NA;NA;NA;NA;NA;NA;NA;NA;NA;NA;NA;NA;NA;NA;NA;NA;NA;NA;NA;NA;NA;NA;NA;NA;NA;NA;NA;NA;NA;NA;NA;NA;NA;NA;NA;NA;NA;NA;NA;NA;NA;NA;NA;NA;NA;NA;NA;NA;NA;NA;NA;NA;NA;NA;NA;NA;NA;NA;NA;NA;NA;NA;NA;NA;NA;NA;NA;NA;NA;NA;NA;NA;NA;NA;NA;NA;NA;NA;NA;NA;NA;NA;NA;NA;NA;NA;NA;NA;NA;NA;NA;NA;NA;NA;NA;NA;NA;NA;NA;NA;NA;NA;NA;NA;NA;NA;NA;NA;NA;NA;NA;NA;NA;NA;NA;NA;NA;NA;NA;NA;NA;NA;NA
Hymenosaurus_clarki;Squamata;Scincoidea;Scincidae;Fossil;1_Unicuspid;0;0;0;Insectivorous;Predatory;0;0;Gao & Norell 2000;"10.1206/0003-0090(2000)249<0001:TCASOL>2.0.CO;2";IGM 3/53;Gao & Norell 2000;"10.1206/0003-0090(2000)249<0001:TCASOL>2.0.CO;2";6.02E+00;3.57E+00;4.37E-02;7.42E-03;1.52E-02;3.13E-11;1.77E-02;3.65E-11;NA;NA;NA;NA;NA;NA;NA;NA;NA;NA;NA;NA;NA;NA;NA;NA;NA;NA;NA;NA;NA;NA;NA;NA;NA;NA;NA;NA;NA;NA;NA;NA;NA;NA;NA;NA;NA;NA;NA;NA;NA;NA;NA;NA;NA;NA;NA;NA;NA;NA;NA;NA;NA;NA;NA;NA;NA;NA;NA;NA;NA;NA;NA;NA;NA;NA;NA;NA;NA;NA;NA;NA;NA;NA;NA;NA;NA;NA;NA;NA;NA;NA;NA;NA;NA;NA;NA;NA;NA;NA;NA;NA;NA;NA;NA;NA;NA;NA;NA;NA;NA;NA;NA;NA;NA;NA;NA;NA;NA;NA;NA;NA;NA;NA;NA;NA;NA;NA;NA;NA;NA;NA;NA;NA;NA;NA;NA
Hypsilurus_boydii;Squamata;Iguania;Agamidae;Extant;1_Unicuspid;0;0;0;Insectivorous;Predatory;0;0;Witten 1993;978-0-644-32429-8;NA;Brown 2012;978-0987244727;2.17E+02;7.51E+00;4.37E-02;7.42E-03;2.50E-02;5.16E-11;1.52E-02;3.14E-11;NA;NA;NA;NA;NA;NA;NA;NA;NA;NA;NA;NA;NA;NA;NA;NA;NA;NA;NA;NA;NA;NA;NA;NA;NA;NA;NA;NA;NA;NA;NA;NA;NA;NA;NA;NA;NA;NA;NA;NA;NA;NA;NA;NA;NA;NA;NA;NA;NA;NA;NA;NA;NA;NA;NA;NA;NA;NA;NA;NA;NA;NA;NA;NA;NA;NA;NA;NA;NA;NA;NA;NA;NA;NA;NA;NA;NA;NA;NA;NA;NA;NA;NA;NA;NA;NA;NA;NA;NA;NA;NA;NA;NA;NA;NA;NA;NA;NA;NA;NA;NA;NA;NA;NA;NA;NA;NA;NA;NA;NA;NA;NA;NA;NA;NA;NA;NA;NA;NA;NA;NA;NA;NA;NA;NA;NA;NA
Ichnotropis_capensis;Squamata;Lacertoidea;Lacertidae;Extant;2_Bicuspid;1;0;0;Insectivorous;Predatory;0;0;This study;This study;ZMB 13943;Meiri 2018;10.1111/geb.12773;6.24E+01;8.89E+00;4.37E-02;7.42E-03;2.26E-02;4.67E-11;7.17E-03;1.48E-11;3.30E+00;-1.70E-01;-8.16E-01;-5.95E-01;9.31E-02;2.84E-01;-3.01E-01;-4.29E-01;-1.27E-01;8.39E-02;1.33E-01;-8.56E-02;-2.21E-02;-6.06E-02;4.55E-02;-4.25E-02;2.76E-02;-6.72E-02;-5.39E-02;2.49E-02;5.13E-02;3.23E-02;7.98E-02;-1.76E-02;-3.45E-02;2.01E-02;-4.65E-03;2.53E-02;1.56E-02;-2.70E-02;1.31E-02;-1.96E-02;-1.14E-02;1.78E-03;-7.12E-03;2.12E-02;-7.08E-03;4.69E-04;-1.05E-02;-6.11E-03;-2.25E-03;8.67E-04;9.98E+00;-6.30E+00;-1.03E+01;-1.30E+01;-1.29E+00;-1.01E+01;1.31E+01;1.31E+01;1.07E+01;4.56E+00;-4.73E+00;-4.83E+00;2.28E+00;1.02E+01;-5.92E+00;1.03E+00;2.43E+00;-1.63E+00;-5.91E+00;3.46E+00;6.78E-01;-1.28E+01;-6.53E+00;-1.44E+01;-1.82E-02;2.12E+01;6.99E+00;5.30E+00;-1.38E+01;1.54E+01;1.19E+01;-1.42E+01;-1.16E+01;-9.58E-01;1.15E+00;2.56E+01;-4.19E+00;-9.44E+00;-1.06E+00;-1.30E+01;2.79E+01;-2.18E+01;3.94E+00;-1.74E-02;2.93E-01;6.76E-01;-1.20E-01;5.45E-01;-3.16E-01;-2.01E-01;4.43E-01;-4.07E-01;-1.16E-01;4.03E-02;3.41E-02;8.16E-02;-1.80E-01;9.89E-02;-3.00E-03;-8.47E-02;-7.40E-02;5.20E-02;4.86E-03;-1.16E-02;-6.07E-02;5.64E-02;2.46E-02;6.98E-02;-1.21E-02;2.17E-02;4.63E-02;-3.05E-02;1.23E-02;2.33E-02;9.62E-03;-8.12E-03;-2.44E-02;-3.42E-03;5.08E-04;-8.62E-03;7.67E-03;7.75E-03;3.65E-04;9.85E-04;1.13E-01
Igua_minuta;Squamata;Iguania;NA;Fossil;3_Tricuspid;1;1;0;Insectivorous;Predatory;0;0;Borsuk-Bia?ynicka & Alifanov 1991;Acta Palaeonto. Pol. 36(3):325-342;ZPAL MgR-I/60;This study;This study;3.08E+01;6.05E+00;5.30E-02;3.82E-02;2.34E-02;4.82E-11;2.23E-02;4.60E-11;-2.41E+00;1.18E-01;9.75E-01;3.50E-01;-2.22E-01;-1.03E-03;2.24E-01;3.79E-02;-7.02E-02;-2.13E-01;-9.78E-02;9.43E-02;-6.18E-02;-9.49E-02;7.20E-02;-4.08E-02;-3.10E-02;-1.78E-03;5.49E-03;-2.79E-02;9.28E-03;2.90E-02;5.78E-02;-1.42E-02;4.96E-02;-1.76E-02;9.18E-03;3.47E-02;-1.17E-02;-1.43E-02;9.30E-03;-4.60E-03;5.86E-03;-7.70E-03;-1.12E-03;-1.49E-02;5.64E-03;-1.03E-02;-1.93E-03;1.29E-03;2.78E-03;-1.21E-02;-1.37E+01;-6.98E-01;2.44E+01;-2.21E+01;2.08E-01;-7.56E-01;3.48E+00;6.29E+00;-1.77E+00;3.02E-01;7.23E+00;-2.37E+00;1.42E+01;2.24E-01;-5.52E+00;-4.31E+00;2.08E+00;-2.81E+00;2.43E+00;5.76E+00;2.58E+00;-3.21E+00;1.99E+00;-3.04E+00;-3.41E+00;-5.93E-01;1.59E+00;1.20E+01;-8.94E-01;-1.08E+01;-1.14E+00;5.60E+00;2.52E+00;1.11E+01;-1.39E+01;-1.23E+01;-1.34E+01;5.41E+00;-1.29E+01;-3.69E+00;-1.09E+01;1.22E+01;-1.88E+00;-1.54E-02;-5.70E-01;-3.84E-01;8.36E-02;-4.54E-02;4.19E-01;3.61E-01;-4.35E-02;3.19E-01;1.69E-02;7.50E-02;5.33E-02;-3.54E-02;-1.62E-01;1.15E-02;-8.72E-03;4.45E-03;2.89E-02;3.39E-03;-4.29E-02;-4.27E-02;-7.93E-02;-1.03E-02;-1.38E-02;-2.08E-02;3.28E-03;1.62E-02;2.73E-02;-5.95E-03;7.95E-03;1.34E-02;3.43E-03;-5.95E-04;1.61E-02;-5.61E-03;-1.47E-02;7.35E-04;3.88E-03;-1.45E-03;3.16E-03;5.39E-03;1.08E-01
Iguana_delicatissima;Squamata;Iguania;Iguanidae;Extant;4_Multicuspid;1;1;1;Herbivorous;Herbivorous;1;1;Conrad & Norell 2010;10.1670/08-175.1;MCZ 16157;Meiri 2018;10.1111/geb.12773;2.08E+01;2.55E+00;2.83E-01;3.12E-02;3.64E-02;7.51E-11;3.94E-02;8.31E-11;NA;NA;NA;NA;NA;NA;NA;NA;NA;NA;NA;NA;NA;NA;NA;NA;NA;NA;NA;NA;NA;NA;NA;NA;NA;NA;NA;NA;NA;NA;NA;NA;NA;NA;NA;NA;NA;NA;NA;NA;NA;NA;NA;NA;NA;NA;NA;NA;NA;NA;NA;NA;NA;NA;NA;NA;NA;NA;NA;NA;NA;NA;NA;NA;NA;NA;NA;NA;NA;NA;NA;NA;NA;NA;NA;NA;NA;NA;NA;NA;NA;NA;NA;NA;NA;NA;NA;NA;NA;NA;NA;NA;NA;NA;NA;NA;NA;NA;NA;NA;NA;NA;NA;NA;NA;NA;NA;NA;NA;NA;NA;NA;NA;NA;NA;NA;NA;NA;NA;NA;NA;NA;NA;NA;NA;NA;NA
Iguana_iguana;Squamata;Iguania;Iguanidae;Extant;4_Multicuspid;1;1;1;Herbivorous;Herbivorous;1;1;Ollonen et al. 2018;10.3389/fphys.2018.00278;Di-Poï lab;Meiri 2018;10.1111/geb.12773;1.98E+01;2.54E+00;2.83E-01;3.12E-02;3.64E-02;7.51E-11;3.94E-02;8.31E-11;3.48E+00;8.91E-01;1.11E+00;-1.46E-01;-9.23E-01;-3.01E-01;-4.19E-01;-1.05E-01;4.30E-01;5.28E-01;-7.81E-02;-1.99E-01;-2.58E-01;-1.89E-01;-6.83E-02;6.24E-02;2.84E-02;5.01E-02;7.31E-02;5.57E-02;2.91E-02;-8.12E-03;-2.11E-02;5.83E-02;2.69E-02;-1.68E-02;6.28E-03;1.82E-02;1.31E-02;1.29E-02;-3.84E-03;9.06E-03;-4.35E-03;1.02E-02;2.54E-03;-5.66E-03;-2.52E-03;2.72E-03;-1.10E-03;-1.56E-03;-5.54E-05;1.40E-03;-7.17E+01;-1.39E+01;3.10E+00;5.15E+00;-4.31E+00;8.97E-01;-2.23E+00;-7.78E+00;3.73E+01;2.05E+00;1.74E+01;-7.70E+00;-6.83E+00;4.19E+00;-6.98E+00;3.70E+00;5.90E-01;-4.63E+00;-3.87E+00;7.89E+00;1.55E+00;2.66E+00;1.61E+00;-2.58E+01;-2.59E+00;-2.10E-01;6.23E+00;-2.06E+01;-1.49E+01;4.87E+01;-1.19E+01;1.57E+01;-6.97E+00;8.65E+00;-4.17E+00;-8.74E+00;9.24E+00;-1.25E+01;1.85E+01;2.91E+01;2.57E+00;4.16E+01;3.83E+00;-6.12E-01;-1.60E+00;6.53E-02;-1.47E+00;4.57E-01;5.99E-01;-1.75E-01;1.52E-01;-2.36E-01;1.32E-01;-1.75E-01;1.03E-01;-5.33E-02;-2.22E-01;9.03E-02;5.13E-02;-2.80E-03;3.23E-02;3.42E-02;-2.44E-02;-2.39E-02;2.65E-02;4.09E-02;-4.27E-02;-5.06E-02;2.23E-02;-1.69E-02;5.75E-03;-1.38E-02;-6.03E-03;6.03E-03;-2.78E-02;-1.03E-02;3.13E-03;-1.13E-03;-4.02E-03;-5.92E-03;-1.52E-03;1.21E-03;1.62E-03;1.00E-03;1.17E+00
Iguanognathus_werneri;Squamata;Serpentes;Colubridae;Extant;1_Unicuspid;0;0;0;Insectivorous;Predatory;0;0;Jackson et al. 1999;10.2307/1447621;BMNH 1946.1.6.34;Jackson et al. 1999;10.2307/1447621;9.02E-01;2.18E-01;5.44E-02;2.45E-03;8.33E-03;1.72E-11;9.92E-03;2.04E-11;NA;NA;NA;NA;NA;NA;NA;NA;NA;NA;NA;NA;NA;NA;NA;NA;NA;NA;NA;NA;NA;NA;NA;NA;NA;NA;NA;NA;NA;NA;NA;NA;NA;NA;NA;NA;NA;NA;NA;NA;NA;NA;NA;NA;NA;NA;NA;NA;NA;NA;NA;NA;NA;NA;NA;NA;NA;NA;NA;NA;NA;NA;NA;NA;NA;NA;NA;NA;NA;NA;NA;NA;NA;NA;NA;NA;NA;NA;NA;NA;NA;NA;NA;NA;NA;NA;NA;NA;NA;NA;NA;NA;NA;NA;NA;NA;NA;NA;NA;NA;NA;NA;NA;NA;NA;NA;NA;NA;NA;NA;NA;NA;NA;NA;NA;NA;NA;NA;NA;NA;NA;NA;NA;NA;NA;NA;NA
Indotyphlops_braminus;Squamata;Serpentes;Typhlopidae;Extant;1_Unicuspid;0;0;0;Insectivorous;Predatory;0;0;Watanabe et al. 2019;10.1073/pnas.1820967116;MCZ R-182621;Watanabe et al. 2019;10.1073/pnas.1820967116;1.82E+00;3.68E-01;4.37E-02;7.42E-03;6.52E-03;1.34E-11;8.74E-03;1.80E-11;NA;NA;NA;NA;NA;NA;NA;NA;NA;NA;NA;NA;NA;NA;NA;NA;NA;NA;NA;NA;NA;NA;NA;NA;NA;NA;NA;NA;NA;NA;NA;NA;NA;NA;NA;NA;NA;NA;NA;NA;NA;NA;NA;NA;NA;NA;NA;NA;NA;NA;NA;NA;NA;NA;NA;NA;NA;NA;NA;NA;NA;NA;NA;NA;NA;NA;NA;NA;NA;NA;NA;NA;NA;NA;NA;NA;NA;NA;NA;NA;NA;NA;NA;NA;NA;NA;NA;NA;NA;NA;NA;NA;NA;NA;NA;NA;NA;NA;NA;NA;NA;NA;NA;NA;NA;NA;NA;NA;NA;NA;NA;NA;NA;NA;NA;NA;NA;NA;NA;NA;NA;NA;NA;NA;NA;NA;NA
Isodontosaurus_gracilis;Squamata;Iguania;NA;Fossil;3_Tricuspid;1;1;0;Omnivorous;Omnivorous;1;0;Gao & Norell 2000;"10.1206/0003-0090(2000)249<0001:TCASOL>2.0.CO;14";IGM 3/84;Gao & Norell 2000;"10.1206/0003-0090(2000)249<0001:TCASOL>2.0.CO;14";2.22E+01;4.70E+00;5.30E-02;3.82E-02;2.44E-02;5.03E-11;2.26E-02;5.36E-11;NA;NA;NA;NA;NA;NA;NA;NA;NA;NA;NA;NA;NA;NA;NA;NA;NA;NA;NA;NA;NA;NA;NA;NA;NA;NA;NA;NA;NA;NA;NA;NA;NA;NA;NA;NA;NA;NA;NA;NA;NA;NA;NA;NA;NA;NA;NA;NA;NA;NA;NA;NA;NA;NA;NA;NA;NA;NA;NA;NA;NA;NA;NA;NA;NA;NA;NA;NA;NA;NA;NA;NA;NA;NA;NA;NA;NA;NA;NA;NA;NA;NA;NA;NA;NA;NA;NA;NA;NA;NA;NA;NA;NA;NA;NA;NA;NA;NA;NA;NA;NA;NA;NA;NA;NA;NA;NA;NA;NA;NA;NA;NA;NA;NA;NA;NA;NA;NA;NA;NA;NA;NA;NA;NA;NA;NA;NA
Janosikia_ulmensis;Squamata;Lacertoidea;Lacertidae;Fossil;1_Unicuspid;0;0;0;Insectivorous;Predatory;0;0;?er?anský et al. 2016;10.1111/zoj.12340;SMNS 96582;?er?anský et al. 2016;10.1111/zoj.12340;1.00E+02;4.78E+00;7.44E-02;2.95E-02;4.15E-02;8.56E-11;3.39E-02;6.99E-11;NA;NA;NA;NA;NA;NA;NA;NA;NA;NA;NA;NA;NA;NA;NA;NA;NA;NA;NA;NA;NA;NA;NA;NA;NA;NA;NA;NA;NA;NA;NA;NA;NA;NA;NA;NA;NA;NA;NA;NA;NA;NA;NA;NA;NA;NA;NA;NA;NA;NA;NA;NA;NA;NA;NA;NA;NA;NA;NA;NA;NA;NA;NA;NA;NA;NA;NA;NA;NA;NA;NA;NA;NA;NA;NA;NA;NA;NA;NA;NA;NA;NA;NA;NA;NA;NA;NA;NA;NA;NA;NA;NA;NA;NA;NA;NA;NA;NA;NA;NA;NA;NA;NA;NA;NA;NA;NA;NA;NA;NA;NA;NA;NA;NA;NA;NA;NA;NA;NA;NA;NA;NA;NA;NA;NA;NA;NA
Japalura_polygonata;Squamata;Iguania;Agamidae;Extant;4_Multicuspid;1;1;1;Insectivorous;Predatory;0;0;Evans 2008;978-0-91698-476-2;CAS 21268;Meiri 2018;10.1111/geb.12773;1.98E+02;8.46E+00;4.37E-02;7.42E-03;2.17E-02;4.48E-11;9.93E-03;2.05E-11;NA;NA;NA;NA;NA;NA;NA;NA;NA;NA;NA;NA;NA;NA;NA;NA;NA;NA;NA;NA;NA;NA;NA;NA;NA;NA;NA;NA;NA;NA;NA;NA;NA;NA;NA;NA;NA;NA;NA;NA;NA;NA;NA;NA;NA;NA;NA;NA;NA;NA;NA;NA;NA;NA;NA;NA;NA;NA;NA;NA;NA;NA;NA;NA;NA;NA;NA;NA;NA;NA;NA;NA;NA;NA;NA;NA;NA;NA;NA;NA;NA;NA;NA;NA;NA;NA;NA;NA;NA;NA;NA;NA;NA;NA;NA;NA;NA;NA;NA;NA;NA;NA;NA;NA;NA;NA;NA;NA;NA;NA;NA;NA;NA;NA;NA;NA;NA;NA;NA;NA;NA;NA;NA;NA;NA;NA;NA
Jeddaherdan_aleadonta;Squamata;Iguania;Agamidae;Fossil;1_Unicuspid;0;0;0;Omnivorous;Omnivorous;1;0;Apesteguía et al. 2016;10.1098/rsos.160462;MNHN.F.MRS51.1;Apesteguía et al. 2016;10.1098/rsos.160462;1.29E+01;4.40E+00;4.37E-02;7.42E-03;3.19E-02;6.58E-11;3.58E-02;7.67E-11;NA;NA;NA;NA;NA;NA;NA;NA;NA;NA;NA;NA;NA;NA;NA;NA;NA;NA;NA;NA;NA;NA;NA;NA;NA;NA;NA;NA;NA;NA;NA;NA;NA;NA;NA;NA;NA;NA;NA;NA;NA;NA;NA;NA;NA;NA;NA;NA;NA;NA;NA;NA;NA;NA;NA;NA;NA;NA;NA;NA;NA;NA;NA;NA;NA;NA;NA;NA;NA;NA;NA;NA;NA;NA;NA;NA;NA;NA;NA;NA;NA;NA;NA;NA;NA;NA;NA;NA;NA;NA;NA;NA;NA;NA;NA;NA;NA;NA;NA;NA;NA;NA;NA;NA;NA;NA;NA;NA;NA;NA;NA;NA;NA;NA;NA;NA;NA;NA;NA;NA;NA;NA;NA;NA;NA;NA;NA
Kentropyx_altamazonica;Squamata;Lacertoidea;Teiidae;Extant;3_Tricuspid;1;1;0;Insectivorous;Predatory;0;0;Da Silva et al. 2018;10.1038/s41467-017-02788-3;ZMB 69836;Meiri 2018;10.1111/geb.12773;1.14E+02;1.55E+01;4.48E-02;6.90E-03;2.73E-02;5.62E-11;2.00E-02;4.13E-11;2.17E-01;7.01E-01;-3.51E-01;-3.02E-01;8.30E-02;4.62E-01;1.03E-02;-2.67E-02;-6.72E-02;1.46E-01;2.82E-01;2.95E-02;1.33E-01;-4.40E-02;-6.10E-02;5.20E-02;-1.69E-02;2.91E-02;-2.40E-02;7.62E-03;4.72E-02;1.31E-02;-3.89E-02;1.63E-02;-5.41E-04;-2.40E-02;5.01E-04;2.27E-02;-3.61E-03;2.38E-02;2.31E-02;3.69E-03;-1.87E-05;8.65E-03;3.13E-03;-2.86E-03;1.69E-02;1.02E-02;-1.06E-03;6.45E-03;6.15E-03;-1.48E-03;1.72E+01;-4.66E+00;-1.57E+01;1.57E+00;-2.59E+01;6.83E+00;-3.35E+00;-3.56E+00;-1.08E+01;1.13E+01;2.03E+01;-8.24E+00;7.74E+00;2.47E-01;-1.56E+01;-2.90E+00;-3.38E-01;-2.60E+00;1.76E+00;-2.93E-01;1.70E+00;-5.56E+00;6.39E+00;6.64E-02;1.58E+01;-5.88E+00;-6.32E+00;-1.43E+00;-2.77E+00;6.50E+00;-9.11E+00;1.60E+00;-6.77E+00;-4.79E+00;3.38E-01;1.59E+01;1.00E+01;1.94E+00;1.49E+00;5.67E+00;5.44E+00;-1.44E+01;8.25E-01;-7.90E-01;5.96E-02;4.78E-01;1.27E-01;4.89E-01;-7.53E-02;-2.89E-02;-5.16E-02;-2.20E-01;-4.27E-02;3.36E-01;-8.80E-03;-5.96E-02;7.74E-03;-8.81E-03;3.30E-02;-4.33E-02;4.87E-02;-5.24E-03;2.88E-02;-1.55E-02;2.95E-02;1.18E-02;1.88E-03;-4.92E-02;7.98E-03;6.22E-03;2.35E-02;3.07E-02;7.32E-03;4.70E-03;-1.11E-02;1.93E-03;-1.00E-03;7.64E-03;-9.08E-03;-2.16E-02;-1.15E-02;-4.03E-03;3.51E-03;1.11E-03;1.54E-01
Kentropyx_pelviceps;Squamata;Lacertoidea;Teiidae;Extant;3_Tricuspid;1;1;0;Insectivorous;Predatory;0;0;Melstrom 2017;10.1002/jmor.20645;MVZ 174866;Meiri 2018;10.1111/geb.12773;1.22E+02;1.31E+01;4.48E-02;6.90E-03;2.73E-02;5.62E-11;2.00E-02;4.13E-11;NA;NA;NA;NA;NA;NA;NA;NA;NA;NA;NA;NA;NA;NA;NA;NA;NA;NA;NA;NA;NA;NA;NA;NA;NA;NA;NA;NA;NA;NA;NA;NA;NA;NA;NA;NA;NA;NA;NA;NA;NA;NA;NA;NA;NA;NA;NA;NA;NA;NA;NA;NA;NA;NA;NA;NA;NA;NA;NA;NA;NA;NA;NA;NA;NA;NA;NA;NA;NA;NA;NA;NA;NA;NA;NA;NA;NA;NA;NA;NA;NA;NA;NA;NA;NA;NA;NA;NA;NA;NA;NA;NA;NA;NA;NA;NA;NA;NA;NA;NA;NA;NA;NA;NA;NA;NA;NA;NA;NA;NA;NA;NA;NA;NA;NA;NA;NA;NA;NA;NA;NA;NA;NA;NA;NA;NA;NA
Lacerta_bilineata;Squamata;Lacertoidea;Lacertidae;Extant;2_Bicuspid;1;0;0;Insectivorous;Predatory;0;0;Villa & Delfino 2019;10.1093/zoolinnean/zlz035;MDHC 381),;Meiri 2018;10.1111/geb.12773;2.58E+02;1.01E+02;4.37E-02;7.42E-03;3.08E-02;6.36E-11;2.93E-02;6.04E-11;8.55E-01;-1.11E+00;-2.55E-01;-3.18E-01;-4.20E-01;-7.09E-01;-3.33E-01;-1.17E-01;-5.86E-02;-4.75E-01;-1.22E-02;1.17E-01;-1.16E-01;1.20E-01;-6.29E-02;-5.44E-02;1.64E-02;-1.04E-01;-4.42E-02;4.46E-02;3.97E-02;4.72E-03;-9.89E-03;-7.53E-04;-2.45E-02;5.03E-02;-3.37E-03;1.06E-02;-2.97E-02;3.65E-02;8.32E-03;-2.68E-04;3.49E-03;-2.15E-03;4.71E-03;-1.75E-02;1.12E-02;2.91E-03;-8.32E-03;-7.44E-03;5.11E-03;3.97E-04;1.17E+01;1.15E+01;-2.71E+00;1.59E+01;3.19E+01;-1.71E+01;-5.88E+00;1.37E+01;2.37E+00;9.82E+00;9.50E+00;1.10E+01;9.76E+00;-8.86E+00;5.78E+00;-1.06E+01;-1.34E+01;-9.44E+00;-6.17E+00;-1.07E+01;4.55E+00;-7.78E+00;-4.83E+00;2.29E+00;-1.11E+01;-9.59E-01;-1.42E+01;1.17E+01;-1.97E+00;-1.35E+01;2.37E+01;-2.37E+01;-5.86E+00;1.12E+01;1.91E+01;1.02E+01;-2.24E+01;-1.94E+01;4.94E+00;-1.52E+00;4.32E+00;2.17E+01;1.50E+00;9.11E-01;4.89E-01;-3.64E-02;-6.37E-01;-3.27E-01;-1.42E-01;5.12E-03;5.90E-01;2.87E-01;-9.23E-02;-4.38E-02;2.14E-01;5.85E-02;7.52E-02;1.00E-02;-9.27E-02;-7.65E-02;-1.45E-01;8.90E-02;1.96E-02;4.03E-02;-8.71E-03;-7.80E-03;-2.43E-02;9.97E-02;-8.93E-03;1.88E-02;-2.00E-02;2.62E-02;1.54E-02;-2.35E-02;1.15E-02;5.78E-03;1.36E-02;7.82E-03;-1.11E-02;-4.98E-03;5.18E-03;3.84E-03;1.24E-02;-3.15E-03;3.92E-01
Lacerta_poncenatensis;Squamata;Lacertoidea;Lacertidae;Fossil;2_Bicuspid;1;0;0;Insectivorous;Predatory;0;0;?er?anský 2016;10.1007/s12542-016-0329-1;NHMW 2016/0028/0003;This study;This study;1.71E+02;6.78E+01;4.37E-02;7.42E-03;3.49E-02;7.19E-11;3.34E-02;6.89E-11;NA;NA;NA;NA;NA;NA;NA;NA;NA;NA;NA;NA;NA;NA;NA;NA;NA;NA;NA;NA;NA;NA;NA;NA;NA;NA;NA;NA;NA;NA;NA;NA;NA;NA;NA;NA;NA;NA;NA;NA;NA;NA;NA;NA;NA;NA;NA;NA;NA;NA;NA;NA;NA;NA;NA;NA;NA;NA;NA;NA;NA;NA;NA;NA;NA;NA;NA;NA;NA;NA;NA;NA;NA;NA;NA;NA;NA;NA;NA;NA;NA;NA;NA;NA;NA;NA;NA;NA;NA;NA;NA;NA;NA;NA;NA;NA;NA;NA;NA;NA;NA;NA;NA;NA;NA;NA;NA;NA;NA;NA;NA;NA;NA;NA;NA;NA;NA;NA;NA;NA;NA;NA;NA;NA;NA;NA;NA
Lacerta_viridis;Squamata;Lacertoidea;Lacertidae;Extant;3_Tricuspid;1;1;0;Omnivorous;Omnivorous;1;0;Berkovitz & Shellis 2017;978-0-12-802850-6;NA;Meiri 2018;10.1111/geb.12773;2.53E+02;1.70E+02;4.37E-02;7.42E-03;3.08E-02;6.36E-11;4.18E-02;8.72E-11;NA;NA;NA;NA;NA;NA;NA;NA;NA;NA;NA;NA;NA;NA;NA;NA;NA;NA;NA;NA;NA;NA;NA;NA;NA;NA;NA;NA;NA;NA;NA;NA;NA;NA;NA;NA;NA;NA;NA;NA;NA;NA;NA;NA;NA;NA;NA;NA;NA;NA;NA;NA;NA;NA;NA;NA;NA;NA;NA;NA;NA;NA;NA;NA;NA;NA;NA;NA;NA;NA;NA;NA;NA;NA;NA;NA;NA;NA;NA;NA;NA;NA;NA;NA;NA;NA;NA;NA;NA;NA;NA;NA;NA;NA;NA;NA;NA;NA;NA;NA;NA;NA;NA;NA;NA;NA;NA;NA;NA;NA;NA;NA;NA;NA;NA;NA;NA;NA;NA;NA;NA;NA;NA;NA;NA;NA;NA
Laemanctus_longipes;Squamata;Iguania;Corytophanidae;Extant;3_Tricuspid;1;1;0;Insectivorous;Predatory;0;0;Melstrom 2017;10.1002/jmor.20645;UCMP 129880;Meiri 2018;10.1111/geb.12773;6.09E+01;9.37E+00;4.90E-02;5.54E-03;2.44E-02;5.02E-11;9.91E-03;2.04E-11;NA;NA;NA;NA;NA;NA;NA;NA;NA;NA;NA;NA;NA;NA;NA;NA;NA;NA;NA;NA;NA;NA;NA;NA;NA;NA;NA;NA;NA;NA;NA;NA;NA;NA;NA;NA;NA;NA;NA;NA;NA;NA;NA;NA;NA;NA;NA;NA;NA;NA;NA;NA;NA;NA;NA;NA;NA;NA;NA;NA;NA;NA;NA;NA;NA;NA;NA;NA;NA;NA;NA;NA;NA;NA;NA;NA;NA;NA;NA;NA;NA;NA;NA;NA;NA;NA;NA;NA;NA;NA;NA;NA;NA;NA;NA;NA;NA;NA;NA;NA;NA;NA;NA;NA;NA;NA;NA;NA;NA;NA;NA;NA;NA;NA;NA;NA;NA;NA;NA;NA;NA;NA;NA;NA;NA;NA;NA
Lampropeltis_getula;Squamata;Serpentes;Colubridae;Extant;1_Unicuspid;0;0;0;Carnivorous;Predatory;0;0;Watanabe et al. 2019;10.1073/pnas.1820967116;FMNH 95184;Watanabe et al. 2019;10.1073/pnas.1820967116;1.83E+00;6.69E-01;5.44E-02;2.45E-03;2.93E-02;6.04E-11;2.68E-02;5.53E-11;NA;NA;NA;NA;NA;NA;NA;NA;NA;NA;NA;NA;NA;NA;NA;NA;NA;NA;NA;NA;NA;NA;NA;NA;NA;NA;NA;NA;NA;NA;NA;NA;NA;NA;NA;NA;NA;NA;NA;NA;NA;NA;NA;NA;NA;NA;NA;NA;NA;NA;NA;NA;NA;NA;NA;NA;NA;NA;NA;NA;NA;NA;NA;NA;NA;NA;NA;NA;NA;NA;NA;NA;NA;NA;NA;NA;NA;NA;NA;NA;NA;NA;NA;NA;NA;NA;NA;NA;NA;NA;NA;NA;NA;NA;NA;NA;NA;NA;NA;NA;NA;NA;NA;NA;NA;NA;NA;NA;NA;NA;NA;NA;NA;NA;NA;NA;NA;NA;NA;NA;NA;NA;NA;NA;NA;NA;NA
Lanthanotus_borneensis;Squamata;Anguimorpha;Lanthanotidae;Extant;1_Unicuspid;0;0;0;Insectivorous;Predatory;0;0;Digimorph;http://www.digimorph.org;FMNH 148589;Meiri 2018;10.1111/geb.12773;5.10E+00;7.36E-01;4.37E-02;7.42E-03;6.30E-03;1.30E-11;6.74E-03;1.39E-11;NA;NA;NA;NA;NA;NA;NA;NA;NA;NA;NA;NA;NA;NA;NA;NA;NA;NA;NA;NA;NA;NA;NA;NA;NA;NA;NA;NA;NA;NA;NA;NA;NA;NA;NA;NA;NA;NA;NA;NA;NA;NA;NA;NA;NA;NA;NA;NA;NA;NA;NA;NA;NA;NA;NA;NA;NA;NA;NA;NA;NA;NA;NA;NA;NA;NA;NA;NA;NA;NA;NA;NA;NA;NA;NA;NA;NA;NA;NA;NA;NA;NA;NA;NA;NA;NA;NA;NA;NA;NA;NA;NA;NA;NA;NA;NA;NA;NA;NA;NA;NA;NA;NA;NA;NA;NA;NA;NA;NA;NA;NA;NA;NA;NA;NA;NA;NA;NA;NA;NA;NA;NA;NA;NA;NA;NA;NA
Laonogekko_lefevrei;Squamata;Gekkota;Gekkonidae;Fossil;1_Unicuspid;0;0;0;Insectivorous;Predatory;0;0;Augé 2003;Geodiversitas, 25(3):539-574;MNHN PMT 6;This study;This study;1.05E+00;7.12E-01;4.37E-02;7.42E-03;1.41E-02;2.92E-11;1.60E-02;3.29E-11;NA;NA;NA;NA;NA;NA;NA;NA;NA;NA;NA;NA;NA;NA;NA;NA;NA;NA;NA;NA;NA;NA;NA;NA;NA;NA;NA;NA;NA;NA;NA;NA;NA;NA;NA;NA;NA;NA;NA;NA;NA;NA;NA;NA;NA;NA;NA;NA;NA;NA;NA;NA;NA;NA;NA;NA;NA;NA;NA;NA;NA;NA;NA;NA;NA;NA;NA;NA;NA;NA;NA;NA;NA;NA;NA;NA;NA;NA;NA;NA;NA;NA;NA;NA;NA;NA;NA;NA;NA;NA;NA;NA;NA;NA;NA;NA;NA;NA;NA;NA;NA;NA;NA;NA;NA;NA;NA;NA;NA;NA;NA;NA;NA;NA;NA;NA;NA;NA;NA;NA;NA;NA;NA;NA;NA;NA;NA
Latastia_longicaudata;Squamata;Lacertoidea;Lacertidae;Extant;2_Bicuspid;1;0;0;Insectivorous;Predatory;0;0;Digimorph;http://www.digimorph.org;YPM 12857;Meiri 2018;10.1111/geb.12773;7.33E+01;1.33E+01;4.37E-02;7.42E-03;2.37E-02;4.89E-11;1.02E-02;2.10E-11;5.87E-01;-8.40E-01;1.88E-01;-1.86E-01;2.41E-01;7.81E-02;-6.50E-01;-7.93E-02;-1.85E-01;-1.61E-03;-6.92E-02;4.93E-02;-5.22E-02;-5.09E-02;-2.53E-02;-4.70E-02;-4.71E-02;6.57E-02;-3.88E-03;-9.73E-03;-9.30E-03;-4.32E-02;9.70E-03;2.71E-02;-1.26E-02;-1.40E-02;1.26E-02;7.82E-03;-1.49E-02;-3.40E-02;-1.81E-02;1.24E-02;4.89E-03;5.98E-03;1.24E-03;-1.26E-02;-4.36E-03;-3.40E-03;-3.64E-03;4.71E-03;-2.88E-03;-3.67E-03;3.67E+00;1.01E+01;1.52E+00;3.61E+00;-2.29E+00;-2.17E+00;6.71E+00;2.26E+00;1.78E+01;-1.61E+00;-1.14E+00;1.53E+01;5.48E+00;7.78E+00;6.86E+00;-1.04E+01;6.37E+00;2.70E+00;4.38E+00;9.52E+00;1.56E+00;1.94E+01;2.53E+00;-1.28E+01;1.76E+01;-1.25E+01;8.42E+00;-1.09E+01;-1.13E+01;9.34E-01;2.01E+00;-1.56E+01;6.66E+00;6.56E+00;-1.51E+00;-2.00E+00;-1.23E+01;-3.24E+00;-1.26E+00;-6.84E+00;4.45E+00;-7.35E+00;1.20E+00;7.11E-01;-1.35E-01;-2.37E-01;-4.38E-02;2.30E-01;-6.09E-01;-8.47E-02;3.25E-01;-1.09E-01;5.76E-02;3.33E-02;1.04E-01;-2.64E-03;-1.19E-01;-9.19E-03;-4.33E-02;-9.74E-03;8.49E-02;4.61E-03;-1.90E-02;4.05E-02;-1.43E-02;1.36E-02;-7.83E-04;2.67E-02;1.97E-02;2.51E-02;-2.05E-03;-4.76E-02;5.60E-04;-1.75E-02;-1.97E-03;-2.66E-02;9.32E-03;8.78E-04;-5.18E-03;-1.71E-03;1.79E-03;-5.88E-03;-2.70E-04;1.67E-05;1.11E-01
Leiocephalus_barahonensis;Squamata;Iguania;Leiocephalidae;Extant;3_Tricuspid;1;1;0;Omnivorous;Omnivorous;1;0;Gauthier et al. 2012;10.3374/014.053.0101;USNM 260564;Meiri 2018;10.1111/geb.12773;1.97E+01;5.38E+00;4.90E-02;5.54E-03;2.45E-02;5.05E-11;1.36E-02;3.76E-11;1.47E+00;4.73E-01;9.14E-01;-4.24E-01;-4.86E-01;6.77E-01;-3.59E-01;7.32E-01;5.21E-03;-5.64E-02;-3.01E-02;1.82E-01;1.26E-01;1.81E-01;-1.07E-02;-1.23E-01;1.73E-03;9.33E-03;3.14E-02;1.29E-01;-1.76E-02;-2.15E-02;7.10E-04;-3.08E-02;1.51E-02;1.23E-02;-2.20E-02;4.13E-02;4.85E-02;3.71E-04;2.41E-03;-6.70E-03;4.32E-03;1.22E-03;6.69E-03;1.05E-02;6.98E-03;-3.97E-04;-1.85E-03;3.99E-04;-5.62E-03;-2.21E-03;2.66E+01;4.21E+01;-2.01E+00;-3.17E+00;-1.87E+01;-2.71E+01;1.34E+01;1.85E+00;-2.19E+01;1.06E+01;-5.21E+00;1.55E+01;-1.70E-03;-7.20E+00;-7.06E+00;2.05E+01;1.19E+01;-1.83E+00;-2.13E+01;7.32E+00;1.08E+01;-8.38E+00;1.72E+00;-1.33E+01;5.78E+00;-1.85E+01;3.15E-01;-2.82E+00;-1.24E+01;-2.67E+01;6.36E-01;1.44E+01;1.85E+00;7.93E+00;-1.87E+01;-1.08E+01;5.50E+00;-6.41E+00;8.73E+00;3.86E+01;1.74E+01;1.22E+01;1.90E+00;-2.60E-01;-1.13E+00;2.81E-01;-6.11E-01;9.50E-01;-1.98E-01;2.89E-01;-3.76E-01;4.89E-01;2.00E-01;2.24E-01;1.63E-01;-5.31E-05;1.93E-01;-9.30E-02;-1.87E-01;-1.09E-02;1.83E-02;1.22E-01;4.81E-02;7.77E-03;-2.63E-02;-2.07E-02;-1.81E-03;1.06E-02;-4.83E-02;-2.40E-02;3.63E-02;-2.50E-02;-1.04E-02;1.91E-02;1.11E-02;1.77E-03;-3.87E-03;-1.62E-03;8.45E-04;-1.59E-02;8.47E-03;-1.07E-03;-3.89E-03;1.51E-03;3.87E-01
Leiocephalus_carinatus;Squamata;Iguania;Leiocephalidae;Extant;3_Tricuspid;1;1;0;Omnivorous;Omnivorous;1;0;Pregill 1992;08-933-80415;NA;Meiri 2018;10.1111/geb.12773;2.30E+01;5.00E+00;4.90E-02;5.54E-03;2.45E-02;5.05E-11;1.36E-02;3.76E-11;NA;NA;NA;NA;NA;NA;NA;NA;NA;NA;NA;NA;NA;NA;NA;NA;NA;NA;NA;NA;NA;NA;NA;NA;NA;NA;NA;NA;NA;NA;NA;NA;NA;NA;NA;NA;NA;NA;NA;NA;NA;NA;NA;NA;NA;NA;NA;NA;NA;NA;NA;NA;NA;NA;NA;NA;NA;NA;NA;NA;NA;NA;NA;NA;NA;NA;NA;NA;NA;NA;NA;NA;NA;NA;NA;NA;NA;NA;NA;NA;NA;NA;NA;NA;NA;NA;NA;NA;NA;NA;NA;NA;NA;NA;NA;NA;NA;NA;NA;NA;NA;NA;NA;NA;NA;NA;NA;NA;NA;NA;NA;NA;NA;NA;NA;NA;NA;NA;NA;NA;NA;NA;NA;NA;NA;NA;NA
Leiocephalus_melanochlorus;Squamata;Iguania;Leiocephalidae;Extant;3_Tricuspid;1;1;0;Omnivorous;Omnivorous;1;0;Etheridge & de Queiroz 1988;9.78E+12;MCZ 5954;Vitt & Caldwell 2008;978-0123869197;1.56E+01;3.71E+00;4.90E-02;5.54E-03;2.42E-02;4.98E-11;1.24E-02;3.56E-11;NA;NA;NA;NA;NA;NA;NA;NA;NA;NA;NA;NA;NA;NA;NA;NA;NA;NA;NA;NA;NA;NA;NA;NA;NA;NA;NA;NA;NA;NA;NA;NA;NA;NA;NA;NA;NA;NA;NA;NA;NA;NA;NA;NA;NA;NA;NA;NA;NA;NA;NA;NA;NA;NA;NA;NA;NA;NA;NA;NA;NA;NA;NA;NA;NA;NA;NA;NA;NA;NA;NA;NA;NA;NA;NA;NA;NA;NA;NA;NA;NA;NA;NA;NA;NA;NA;NA;NA;NA;NA;NA;NA;NA;NA;NA;NA;NA;NA;NA;NA;NA;NA;NA;NA;NA;NA;NA;NA;NA;NA;NA;NA;NA;NA;NA;NA;NA;NA;NA;NA;NA;NA;NA;NA;NA;NA;NA
Leiocephalus_schreibersii;Squamata;Iguania;Leiocephalidae;Extant;3_Tricuspid;1;1;0;Insectivorous;Predatory;0;0;Ollonen et al. 2018;10.3389/fphys.2018.00278;Di-Poï lab;Meiri 2018;10.1111/geb.12773;1.83E+01;5.69E+00;4.90E-02;5.54E-03;2.45E-02;5.05E-11;9.71E-03;2.00E-11;3.90E+00;9.14E-01;3.21E-01;-7.44E-01;9.72E-03;-1.19E-01;1.61E-01;5.66E-01;-2.54E-02;-1.27E-01;3.44E-01;-2.15E-02;-1.02E-01;4.30E-02;-1.21E-01;6.06E-02;-1.36E-02;-3.56E-02;-1.77E-02;-5.75E-02;2.09E-02;-8.63E-03;-1.98E-02;-5.05E-02;5.84E-02;2.11E-02;1.30E-02;-1.33E-02;-3.71E-02;-3.28E-02;-9.62E-03;1.27E-02;-1.75E-02;-1.95E-02;2.82E-03;2.78E-03;-1.34E-02;4.75E-03;-8.11E-03;6.12E-03;-3.11E-03;2.83E-03;-2.36E+01;1.11E+00;-2.21E+00;-4.84E+00;1.22E+01;-8.98E-01;-1.43E+00;-7.30E+00;-3.17E+01;4.86E+00;-8.48E+00;-8.10E+00;1.45E+01;-5.11E+00;-1.12E+01;-1.89E+01;7.90E+00;2.48E+00;5.00E+00;-5.86E+00;-4.37E+00;-1.61E+00;7.32E+00;-4.88E+00;1.42E+01;-1.63E+01;1.22E+00;-2.69E+00;-8.61E+00;-7.35E+00;1.31E+01;3.28E+01;4.80E+00;-1.08E+01;1.71E+01;2.42E+01;-1.42E+00;1.54E+01;1.55E+01;-3.55E-02;2.04E+01;2.21E+01;4.37E+00;-7.52E-01;-1.03E+00;9.85E-01;-5.71E-01;2.73E-02;-6.51E-02;-4.43E-02;-2.71E-01;3.06E-01;-6.37E-02;2.40E-01;2.43E-01;-1.79E-01;6.73E-02;-6.38E-02;8.05E-03;-3.35E-02;-3.68E-02;-3.59E-02;1.63E-02;-4.10E-02;-1.03E-02;-7.69E-02;-1.24E-02;1.49E-02;-9.82E-03;-2.27E-03;-1.51E-02;-4.12E-02;-2.25E-02;1.36E-02;2.88E-02;5.68E-03;-3.78E-03;-7.66E-03;3.89E-03;-1.74E-02;1.30E-02;-3.02E-03;-3.74E-03;-1.89E-03;3.79E-01
Leiolepis_belliana;Squamata;Iguania;Agamidae;Extant;1_Unicuspid;0;0;0;Omnivorous;Omnivorous;1;0;Gauthier et al. 2012;10.3374/014.053.0101;USN 205722;Meiri 2018;10.1111/geb.12773;1.17E+02;3.38E+00;4.37E-02;7.42E-03;3.22E-02;6.63E-11;9.16E-03;2.99E-11;NA;NA;NA;NA;NA;NA;NA;NA;NA;NA;NA;NA;NA;NA;NA;NA;NA;NA;NA;NA;NA;NA;NA;NA;NA;NA;NA;NA;NA;NA;NA;NA;NA;NA;NA;NA;NA;NA;NA;NA;NA;NA;NA;NA;NA;NA;NA;NA;NA;NA;NA;NA;NA;NA;NA;NA;NA;NA;NA;NA;NA;NA;NA;NA;NA;NA;NA;NA;NA;NA;NA;NA;NA;NA;NA;NA;NA;NA;NA;NA;NA;NA;NA;NA;NA;NA;NA;NA;NA;NA;NA;NA;NA;NA;NA;NA;NA;NA;NA;NA;NA;NA;NA;NA;NA;NA;NA;NA;NA;NA;NA;NA;NA;NA;NA;NA;NA;NA;NA;NA;NA;NA;NA;NA;NA;NA;NA
Leiolepis_reevesii;Squamata;Iguania;Agamidae;Extant;3_Tricuspid;1;1;0;Omnivorous;Omnivorous;1;0;Lonmelo (unpublished);https://www.flickr.com/photos/32499494@N05/5605859339/;NA;Meiri 2018;10.1111/geb.12773;1.15E+02;4.20E+00;4.37E-02;7.42E-03;2.00E-02;4.12E-11;9.16E-03;2.99E-11;NA;NA;NA;NA;NA;NA;NA;NA;NA;NA;NA;NA;NA;NA;NA;NA;NA;NA;NA;NA;NA;NA;NA;NA;NA;NA;NA;NA;NA;NA;NA;NA;NA;NA;NA;NA;NA;NA;NA;NA;NA;NA;NA;NA;NA;NA;NA;NA;NA;NA;NA;NA;NA;NA;NA;NA;NA;NA;NA;NA;NA;NA;NA;NA;NA;NA;NA;NA;NA;NA;NA;NA;NA;NA;NA;NA;NA;NA;NA;NA;NA;NA;NA;NA;NA;NA;NA;NA;NA;NA;NA;NA;NA;NA;NA;NA;NA;NA;NA;NA;NA;NA;NA;NA;NA;NA;NA;NA;NA;NA;NA;NA;NA;NA;NA;NA;NA;NA;NA;NA;NA;NA;NA;NA;NA;NA;NA
Leiolepis_triploida;Squamata;Iguania;Agamidae;Extant;3_Tricuspid;1;1;0;Herbivorous;Herbivorous;1;1;Digimorph;http://www.digimorph.org;YPM 12864;Meiri 2018;10.1111/geb.12773;8.41E+01;3.34E+00;4.37E-02;7.42E-03;2.09E-02;4.30E-11;9.02E-03;2.96E-11;-3.21E+00;1.30E-01;-3.90E-01;-3.43E-01;7.74E-03;1.45E-01;-1.88E-02;1.33E-01;-2.37E-02;-3.19E-02;-8.04E-02;-3.76E-02;-6.13E-02;-3.30E-02;4.43E-02;2.71E-02;-4.87E-02;5.94E-02;1.81E-02;2.39E-02;-7.37E-03;8.16E-03;3.83E-02;2.22E-02;-3.51E-02;4.40E-02;-2.01E-02;-3.21E-03;-1.81E-02;-1.70E-03;-8.23E-03;2.53E-02;-4.30E-03;-3.99E-03;9.17E-03;-1.62E-03;9.92E-03;1.32E-03;8.23E-03;-3.73E-03;-3.17E-03;3.56E-03;2.39E+01;-1.06E+01;-2.41E+00;-1.41E+01;5.89E+00;1.87E+00;-1.87E+00;7.27E+00;7.93E+00;1.42E+00;2.25E+00;1.50E+01;1.69E+00;-1.49E+00;-1.87E-01;6.74E-01;1.30E+00;-4.51E+00;-7.05E+00;8.05E+00;-1.77E+00;1.19E+01;5.06E+00;-5.67E+00;-6.72E+00;-2.81E+00;2.19E+00;-1.72E+00;-4.04E+00;-6.76E+00;-2.41E+00;8.88E+00;1.74E+01;-2.90E+00;5.85E+00;2.95E+00;1.22E+01;-1.67E+01;1.18E+00;-1.70E+00;-9.10E+00;-7.50E+00;-2.53E+00;-3.20E-01;7.04E-01;1.53E-01;1.25E-01;1.09E-01;-2.88E-01;1.15E-02;-1.21E-01;4.57E-02;-2.44E-02;-2.74E-02;-2.28E-03;-2.89E-02;-7.15E-02;-5.78E-02;4.03E-02;4.28E-02;1.16E-01;3.38E-02;2.53E-02;-3.45E-02;2.32E-03;5.68E-02;-2.21E-02;2.77E-03;-4.50E-02;3.62E-02;-1.13E-02;1.42E-03;-4.24E-03;-2.39E-02;2.13E-02;-1.07E-02;8.48E-03;2.69E-03;-2.01E-03;3.97E-04;-1.82E-02;7.17E-03;-7.78E-03;-5.75E-03;1.76E-02
Leiolopisma_telfairii;Squamata;Scincoidea;Scincidae;Extant;1_Unicuspid;0;0;0;Omnivorous;Omnivorous;1;0;This study;This study;ZMB 13587;Meiri 2018;10.1111/geb.12773;1.36E+01;4.53E+01;4.37E-02;7.42E-03;1.22E-02;2.52E-11;2.80E-02;6.30E-11;NA;NA;NA;NA;NA;NA;NA;NA;NA;NA;NA;NA;NA;NA;NA;NA;NA;NA;NA;NA;NA;NA;NA;NA;NA;NA;NA;NA;NA;NA;NA;NA;NA;NA;NA;NA;NA;NA;NA;NA;NA;NA;NA;NA;NA;NA;NA;NA;NA;NA;NA;NA;NA;NA;NA;NA;NA;NA;NA;NA;NA;NA;NA;NA;NA;NA;NA;NA;NA;NA;NA;NA;NA;NA;NA;NA;NA;NA;NA;NA;NA;NA;NA;NA;NA;NA;NA;NA;NA;NA;NA;NA;NA;NA;NA;NA;NA;NA;NA;NA;NA;NA;NA;NA;NA;NA;NA;NA;NA;NA;NA;NA;NA;NA;NA;NA;NA;NA;NA;NA;NA;NA;NA;NA;NA;NA;NA
Leiosaurus_catamarcensis;Squamata;Iguania;Leiosauridae;Extant;1_Unicuspid;0;0;0;Insectivorous;Predatory;0;0;Gauthier et al. 2012;10.3374/014.053.0101;CM 65003;Meiri 2018;10.1111/geb.12773;7.47E+01;1.47E+01;4.90E-02;5.54E-03;3.50E-02;7.21E-11;2.38E-02;4.90E-11;NA;NA;NA;NA;NA;NA;NA;NA;NA;NA;NA;NA;NA;NA;NA;NA;NA;NA;NA;NA;NA;NA;NA;NA;NA;NA;NA;NA;NA;NA;NA;NA;NA;NA;NA;NA;NA;NA;NA;NA;NA;NA;NA;NA;NA;NA;NA;NA;NA;NA;NA;NA;NA;NA;NA;NA;NA;NA;NA;NA;NA;NA;NA;NA;NA;NA;NA;NA;NA;NA;NA;NA;NA;NA;NA;NA;NA;NA;NA;NA;NA;NA;NA;NA;NA;NA;NA;NA;NA;NA;NA;NA;NA;NA;NA;NA;NA;NA;NA;NA;NA;NA;NA;NA;NA;NA;NA;NA;NA;NA;NA;NA;NA;NA;NA;NA;NA;NA;NA;NA;NA;NA;NA;NA;NA;NA;NA
Lepidophyma_flavimaculatum;Squamata;Scincoidea;Xantusiidae;Extant;1_Unicuspid;0;0;0;Insectivorous;Predatory;0;0;Gauthier et al. 2012;10.3374/014.053.0101;LACM 128570;Meiri 2018;10.1111/geb.12773;2.33E+01;1.46E+01;4.37E-02;7.42E-03;3.01E-02;6.19E-11;2.74E-02;5.65E-11;NA;NA;NA;NA;NA;NA;NA;NA;NA;NA;NA;NA;NA;NA;NA;NA;NA;NA;NA;NA;NA;NA;NA;NA;NA;NA;NA;NA;NA;NA;NA;NA;NA;NA;NA;NA;NA;NA;NA;NA;NA;NA;NA;NA;NA;NA;NA;NA;NA;NA;NA;NA;NA;NA;NA;NA;NA;NA;NA;NA;NA;NA;NA;NA;NA;NA;NA;NA;NA;NA;NA;NA;NA;NA;NA;NA;NA;NA;NA;NA;NA;NA;NA;NA;NA;NA;NA;NA;NA;NA;NA;NA;NA;NA;NA;NA;NA;NA;NA;NA;NA;NA;NA;NA;NA;NA;NA;NA;NA;NA;NA;NA;NA;NA;NA;NA;NA;NA;NA;NA;NA;NA;NA;NA;NA;NA;NA
Lepidophyma_gaigeae;Squamata;Scincoidea;Xantusiidae;Extant;1_Unicuspid;0;0;0;Insectivorous;Predatory;0;0;Gauthier et al. 2012;10.3374/014.053.0101;LACM106770;Meiri 2018;10.1111/geb.12773;3.66E+01;1.74E+01;4.37E-02;7.42E-03;3.31E-02;6.82E-11;2.93E-02;6.03E-11;NA;NA;NA;NA;NA;NA;NA;NA;NA;NA;NA;NA;NA;NA;NA;NA;NA;NA;NA;NA;NA;NA;NA;NA;NA;NA;NA;NA;NA;NA;NA;NA;NA;NA;NA;NA;NA;NA;NA;NA;NA;NA;NA;NA;NA;NA;NA;NA;NA;NA;NA;NA;NA;NA;NA;NA;NA;NA;NA;NA;NA;NA;NA;NA;NA;NA;NA;NA;NA;NA;NA;NA;NA;NA;NA;NA;NA;NA;NA;NA;NA;NA;NA;NA;NA;NA;NA;NA;NA;NA;NA;NA;NA;NA;NA;NA;NA;NA;NA;NA;NA;NA;NA;NA;NA;NA;NA;NA;NA;NA;NA;NA;NA;NA;NA;NA;NA;NA;NA;NA;NA;NA;NA;NA;NA;NA;NA
Lepidophyma_smithii;Squamata;Scincoidea;Xantusiidae;Extant;2_Bicuspid;1;0;0;Herbivorous;Herbivorous;1;1;Digimorph;http://www.digimorph.org;LACM 136359;Meiri 2018;10.1111/geb.12773;5.76E+01;2.02E+01;4.37E-02;7.42E-03;1.85E-02;3.81E-11;4.19E-02;8.75E-11;NA;NA;NA;NA;NA;NA;NA;NA;NA;NA;NA;NA;NA;NA;NA;NA;NA;NA;NA;NA;NA;NA;NA;NA;NA;NA;NA;NA;NA;NA;NA;NA;NA;NA;NA;NA;NA;NA;NA;NA;NA;NA;NA;NA;NA;NA;NA;NA;NA;NA;NA;NA;NA;NA;NA;NA;NA;NA;NA;NA;NA;NA;NA;NA;NA;NA;NA;NA;NA;NA;NA;NA;NA;NA;NA;NA;NA;NA;NA;NA;NA;NA;NA;NA;NA;NA;NA;NA;NA;NA;NA;NA;NA;NA;NA;NA;NA;NA;NA;NA;NA;NA;NA;NA;NA;NA;NA;NA;NA;NA;NA;NA;NA;NA;NA;NA;NA;NA;NA;NA;NA;NA;NA;NA;NA;NA;NA
Leposternon_microcephalum;Squamata;Lacertoidea;Amphisbaenidae;Extant;1_Unicuspid;0;0;0;Insectivorous;Predatory;0;0;Digimorph;http://www.digimorph.org;FMNH 69954;Meiri 2018;10.1111/geb.12773;6.23E+00;8.62E-01;4.37E-02;7.42E-03;6.95E-03;1.43E-11;9.00E-03;1.86E-11;NA;NA;NA;NA;NA;NA;NA;NA;NA;NA;NA;NA;NA;NA;NA;NA;NA;NA;NA;NA;NA;NA;NA;NA;NA;NA;NA;NA;NA;NA;NA;NA;NA;NA;NA;NA;NA;NA;NA;NA;NA;NA;NA;NA;NA;NA;NA;NA;NA;NA;NA;NA;NA;NA;NA;NA;NA;NA;NA;NA;NA;NA;NA;NA;NA;NA;NA;NA;NA;NA;NA;NA;NA;NA;NA;NA;NA;NA;NA;NA;NA;NA;NA;NA;NA;NA;NA;NA;NA;NA;NA;NA;NA;NA;NA;NA;NA;NA;NA;NA;NA;NA;NA;NA;NA;NA;NA;NA;NA;NA;NA;NA;NA;NA;NA;NA;NA;NA;NA;NA;NA;NA;NA;NA;NA;NA;NA
Letheobia_caeca;Squamata;Serpentes;Typhlopidae;Extant;1_Unicuspid;0;0;0;Insectivorous;Predatory;0;0;Da Silva et al. 2018;10.1038/s41467-017-02788-3;ZMB 23294;Chretien et al. 2019;10.1111/joa.12952;1.84E+00;2.89E-01;4.37E-02;7.42E-03;6.24E-03;1.29E-11;7.93E-03;1.63E-11;NA;NA;NA;NA;NA;NA;NA;NA;NA;NA;NA;NA;NA;NA;NA;NA;NA;NA;NA;NA;NA;NA;NA;NA;NA;NA;NA;NA;NA;NA;NA;NA;NA;NA;NA;NA;NA;NA;NA;NA;NA;NA;NA;NA;NA;NA;NA;NA;NA;NA;NA;NA;NA;NA;NA;NA;NA;NA;NA;NA;NA;NA;NA;NA;NA;NA;NA;NA;NA;NA;NA;NA;NA;NA;NA;NA;NA;NA;NA;NA;NA;NA;NA;NA;NA;NA;NA;NA;NA;NA;NA;NA;NA;NA;NA;NA;NA;NA;NA;NA;NA;NA;NA;NA;NA;NA;NA;NA;NA;NA;NA;NA;NA;NA;NA;NA;NA;NA;NA;NA;NA;NA;NA;NA;NA;NA;NA
Lialis_burtonis;Squamata;Gekkota;Pygopodidae;Extant;1_Unicuspid;0;0;0;Carnivorous;Predatory;0;0;Gauthier et al. 2012;10.3374/014.053.0101;FMNH 166958;Meiri 2018;10.1111/geb.12773;1.67E+00;2.98E+00;4.37E-02;7.42E-03;1.87E-02;3.86E-11;2.01E-02;4.14E-11;NA;NA;NA;NA;NA;NA;NA;NA;NA;NA;NA;NA;NA;NA;NA;NA;NA;NA;NA;NA;NA;NA;NA;NA;NA;NA;NA;NA;NA;NA;NA;NA;NA;NA;NA;NA;NA;NA;NA;NA;NA;NA;NA;NA;NA;NA;NA;NA;NA;NA;NA;NA;NA;NA;NA;NA;NA;NA;NA;NA;NA;NA;NA;NA;NA;NA;NA;NA;NA;NA;NA;NA;NA;NA;NA;NA;NA;NA;NA;NA;NA;NA;NA;NA;NA;NA;NA;NA;NA;NA;NA;NA;NA;NA;NA;NA;NA;NA;NA;NA;NA;NA;NA;NA;NA;NA;NA;NA;NA;NA;NA;NA;NA;NA;NA;NA;NA;NA;NA;NA;NA;NA;NA;NA;NA;NA;NA
Liolaemus_albiceps;Squamata;Iguania;Liolaemidae;Extant;3_Tricuspid;1;1;0;Herbivorous;Herbivorous;1;1;Diaz Fernandez et al. 2017;10.13128/Acta_Herpetol-18737;NA;Meiri 2018;10.1111/geb.12773;2.67E+01;8.34E+01;3.44E-01;2.83E-02;3.79E-02;7.81E-11;4.14E-02;8.65E-11;NA;NA;NA;NA;NA;NA;NA;NA;NA;NA;NA;NA;NA;NA;NA;NA;NA;NA;NA;NA;NA;NA;NA;NA;NA;NA;NA;NA;NA;NA;NA;NA;NA;NA;NA;NA;NA;NA;NA;NA;NA;NA;NA;NA;NA;NA;NA;NA;NA;NA;NA;NA;NA;NA;NA;NA;NA;NA;NA;NA;NA;NA;NA;NA;NA;NA;NA;NA;NA;NA;NA;NA;NA;NA;NA;NA;NA;NA;NA;NA;NA;NA;NA;NA;NA;NA;NA;NA;NA;NA;NA;NA;NA;NA;NA;NA;NA;NA;NA;NA;NA;NA;NA;NA;NA;NA;NA;NA;NA;NA;NA;NA;NA;NA;NA;NA;NA;NA;NA;NA;NA;NA;NA;NA;NA;NA;NA
Liolaemus_cuyanus;Squamata;Iguania;Liolaemidae;Extant;3_Tricuspid;1;1;0;Omnivorous;Omnivorous;1;0;Abdala 2007;Zootaxa 1538(1):1-84;NA;Espinoza et al. 2004;10.1073/pnas.0401226101;1.92E+01;3.96E+01;3.44E-01;2.83E-02;3.81E-02;7.86E-11;4.20E-02;8.76E-11;NA;NA;NA;NA;NA;NA;NA;NA;NA;NA;NA;NA;NA;NA;NA;NA;NA;NA;NA;NA;NA;NA;NA;NA;NA;NA;NA;NA;NA;NA;NA;NA;NA;NA;NA;NA;NA;NA;NA;NA;NA;NA;NA;NA;NA;NA;NA;NA;NA;NA;NA;NA;NA;NA;NA;NA;NA;NA;NA;NA;NA;NA;NA;NA;NA;NA;NA;NA;NA;NA;NA;NA;NA;NA;NA;NA;NA;NA;NA;NA;NA;NA;NA;NA;NA;NA;NA;NA;NA;NA;NA;NA;NA;NA;NA;NA;NA;NA;NA;NA;NA;NA;NA;NA;NA;NA;NA;NA;NA;NA;NA;NA;NA;NA;NA;NA;NA;NA;NA;NA;NA;NA;NA;NA;NA;NA;NA
Liolaemus_darwinii;Squamata;Iguania;Liolaemidae;Extant;3_Tricuspid;1;1;0;Insectivorous;Predatory;0;0;Diaz Fernandez et al. 2017;10.13128/Acta_Herpetol-18737;NA;Meiri 2018;10.1111/geb.12773;3.29E+01;1.17E+02;3.44E-01;2.83E-02;3.85E-02;7.93E-11;3.30E-02;6.79E-11;NA;NA;NA;NA;NA;NA;NA;NA;NA;NA;NA;NA;NA;NA;NA;NA;NA;NA;NA;NA;NA;NA;NA;NA;NA;NA;NA;NA;NA;NA;NA;NA;NA;NA;NA;NA;NA;NA;NA;NA;NA;NA;NA;NA;NA;NA;NA;NA;NA;NA;NA;NA;NA;NA;NA;NA;NA;NA;NA;NA;NA;NA;NA;NA;NA;NA;NA;NA;NA;NA;NA;NA;NA;NA;NA;NA;NA;NA;NA;NA;NA;NA;NA;NA;NA;NA;NA;NA;NA;NA;NA;NA;NA;NA;NA;NA;NA;NA;NA;NA;NA;NA;NA;NA;NA;NA;NA;NA;NA;NA;NA;NA;NA;NA;NA;NA;NA;NA;NA;NA;NA;NA;NA;NA;NA;NA;NA
Liolaemus_fitzingerii;Squamata;Iguania;Liolaemidae;Extant;3_Tricuspid;1;1;0;Omnivorous;Omnivorous;1;0;Abdala et al. 2012;Zootaxa 3301(1):34-60;NA;Meiri 2018;10.1111/geb.12773;3.65E+01;4.25E+01;3.44E-01;2.83E-02;3.85E-02;7.94E-11;4.27E-02;8.89E-11;NA;NA;NA;NA;NA;NA;NA;NA;NA;NA;NA;NA;NA;NA;NA;NA;NA;NA;NA;NA;NA;NA;NA;NA;NA;NA;NA;NA;NA;NA;NA;NA;NA;NA;NA;NA;NA;NA;NA;NA;NA;NA;NA;NA;NA;NA;NA;NA;NA;NA;NA;NA;NA;NA;NA;NA;NA;NA;NA;NA;NA;NA;NA;NA;NA;NA;NA;NA;NA;NA;NA;NA;NA;NA;NA;NA;NA;NA;NA;NA;NA;NA;NA;NA;NA;NA;NA;NA;NA;NA;NA;NA;NA;NA;NA;NA;NA;NA;NA;NA;NA;NA;NA;NA;NA;NA;NA;NA;NA;NA;NA;NA;NA;NA;NA;NA;NA;NA;NA;NA;NA;NA;NA;NA;NA;NA;NA
Liolaemus_gravenhorstii;Squamata;Iguania;Liolaemidae;Extant;3_Tricuspid;1;1;0;Insectivorous;Predatory;0;0;Lemus 1995;Int. J. Dev. Biol. 39:291-297;NA;Meiri 2018;10.1111/geb.12773;1.65E+01;2.04E+01;4.90E-02;5.54E-03;3.17E-02;6.54E-11;2.44E-02;5.03E-11;NA;NA;NA;NA;NA;NA;NA;NA;NA;NA;NA;NA;NA;NA;NA;NA;NA;NA;NA;NA;NA;NA;NA;NA;NA;NA;NA;NA;NA;NA;NA;NA;NA;NA;NA;NA;NA;NA;NA;NA;NA;NA;NA;NA;NA;NA;NA;NA;NA;NA;NA;NA;NA;NA;NA;NA;NA;NA;NA;NA;NA;NA;NA;NA;NA;NA;NA;NA;NA;NA;NA;NA;NA;NA;NA;NA;NA;NA;NA;NA;NA;NA;NA;NA;NA;NA;NA;NA;NA;NA;NA;NA;NA;NA;NA;NA;NA;NA;NA;NA;NA;NA;NA;NA;NA;NA;NA;NA;NA;NA;NA;NA;NA;NA;NA;NA;NA;NA;NA;NA;NA;NA;NA;NA;NA;NA;NA
Liolaemus_melanops;Squamata;Iguania;Liolaemidae;Extant;3_Tricuspid;1;1;0;Omnivorous;Omnivorous;1;0;Abdala et al. 2012;Zootaxa 3301(1):34-60;NA;Meiri 2018;10.1111/geb.12773;3.61E+01;4.40E+01;3.44E-01;2.83E-02;3.85E-02;7.94E-11;4.27E-02;8.89E-11;NA;NA;NA;NA;NA;NA;NA;NA;NA;NA;NA;NA;NA;NA;NA;NA;NA;NA;NA;NA;NA;NA;NA;NA;NA;NA;NA;NA;NA;NA;NA;NA;NA;NA;NA;NA;NA;NA;NA;NA;NA;NA;NA;NA;NA;NA;NA;NA;NA;NA;NA;NA;NA;NA;NA;NA;NA;NA;NA;NA;NA;NA;NA;NA;NA;NA;NA;NA;NA;NA;NA;NA;NA;NA;NA;NA;NA;NA;NA;NA;NA;NA;NA;NA;NA;NA;NA;NA;NA;NA;NA;NA;NA;NA;NA;NA;NA;NA;NA;NA;NA;NA;NA;NA;NA;NA;NA;NA;NA;NA;NA;NA;NA;NA;NA;NA;NA;NA;NA;NA;NA;NA;NA;NA;NA;NA;NA
Liolaemus_olongasta;Squamata;Iguania;Liolaemidae;Extant;3_Tricuspid;1;1;0;Omnivorous;Omnivorous;1;0;Etheridge & Christie 2002;"10.1670/0022-1511(2003)037[0325:TNSOTL]2.0.CO;2";NA;Meiri 2018;10.1111/geb.12773;3.12E+01;9.46E+01;3.44E-01;2.83E-02;3.85E-02;7.93E-11;4.29E-02;8.92E-11;NA;NA;NA;NA;NA;NA;NA;NA;NA;NA;NA;NA;NA;NA;NA;NA;NA;NA;NA;NA;NA;NA;NA;NA;NA;NA;NA;NA;NA;NA;NA;NA;NA;NA;NA;NA;NA;NA;NA;NA;NA;NA;NA;NA;NA;NA;NA;NA;NA;NA;NA;NA;NA;NA;NA;NA;NA;NA;NA;NA;NA;NA;NA;NA;NA;NA;NA;NA;NA;NA;NA;NA;NA;NA;NA;NA;NA;NA;NA;NA;NA;NA;NA;NA;NA;NA;NA;NA;NA;NA;NA;NA;NA;NA;NA;NA;NA;NA;NA;NA;NA;NA;NA;NA;NA;NA;NA;NA;NA;NA;NA;NA;NA;NA;NA;NA;NA;NA;NA;NA;NA;NA;NA;NA;NA;NA;NA
Liolaemus_scapularis;Squamata;Iguania;Liolaemidae;Extant;3_Tricuspid;1;1;0;Insectivorous;Predatory;0;0;Diaz Fernandez et al. 2017;10.13128/Acta_Herpetol-18737;NA;Meiri 2018;10.1111/geb.12773;1.47E+01;2.76E+01;3.44E-01;2.83E-02;3.57E-02;7.36E-11;2.97E-02;6.12E-11;NA;NA;NA;NA;NA;NA;NA;NA;NA;NA;NA;NA;NA;NA;NA;NA;NA;NA;NA;NA;NA;NA;NA;NA;NA;NA;NA;NA;NA;NA;NA;NA;NA;NA;NA;NA;NA;NA;NA;NA;NA;NA;NA;NA;NA;NA;NA;NA;NA;NA;NA;NA;NA;NA;NA;NA;NA;NA;NA;NA;NA;NA;NA;NA;NA;NA;NA;NA;NA;NA;NA;NA;NA;NA;NA;NA;NA;NA;NA;NA;NA;NA;NA;NA;NA;NA;NA;NA;NA;NA;NA;NA;NA;NA;NA;NA;NA;NA;NA;NA;NA;NA;NA;NA;NA;NA;NA;NA;NA;NA;NA;NA;NA;NA;NA;NA;NA;NA;NA;NA;NA;NA;NA;NA;NA;NA;NA
Liolaemus_telsen;Squamata;Iguania;Liolaemidae;Extant;3_Tricuspid;1;1;0;Insectivorous;Predatory;0;0;Etheridge & Christie 2002;"10.1670/0022-1511(2003)037[0325:TNSOTL]2.0.CO;2";NA;Meiri 2018;10.1111/geb.12773;1.99E+01;4.55E+01;3.44E-01;2.83E-02;3.66E-02;7.54E-11;3.07E-02;6.33E-11;NA;NA;NA;NA;NA;NA;NA;NA;NA;NA;NA;NA;NA;NA;NA;NA;NA;NA;NA;NA;NA;NA;NA;NA;NA;NA;NA;NA;NA;NA;NA;NA;NA;NA;NA;NA;NA;NA;NA;NA;NA;NA;NA;NA;NA;NA;NA;NA;NA;NA;NA;NA;NA;NA;NA;NA;NA;NA;NA;NA;NA;NA;NA;NA;NA;NA;NA;NA;NA;NA;NA;NA;NA;NA;NA;NA;NA;NA;NA;NA;NA;NA;NA;NA;NA;NA;NA;NA;NA;NA;NA;NA;NA;NA;NA;NA;NA;NA;NA;NA;NA;NA;NA;NA;NA;NA;NA;NA;NA;NA;NA;NA;NA;NA;NA;NA;NA;NA;NA;NA;NA;NA;NA;NA;NA;NA;NA
Liolaemus_tenuis;Squamata;Iguania;Liolaemidae;Extant;3_Tricuspid;1;1;0;Insectivorous;Predatory;0;0;Abdala 2007;Zootaxa 1538(1):1-84;NA;Meiri 2018;10.1111/geb.12773;1.47E+01;1.84E+01;4.90E-02;5.54E-03;3.17E-02;6.54E-11;2.44E-02;5.03E-11;NA;NA;NA;NA;NA;NA;NA;NA;NA;NA;NA;NA;NA;NA;NA;NA;NA;NA;NA;NA;NA;NA;NA;NA;NA;NA;NA;NA;NA;NA;NA;NA;NA;NA;NA;NA;NA;NA;NA;NA;NA;NA;NA;NA;NA;NA;NA;NA;NA;NA;NA;NA;NA;NA;NA;NA;NA;NA;NA;NA;NA;NA;NA;NA;NA;NA;NA;NA;NA;NA;NA;NA;NA;NA;NA;NA;NA;NA;NA;NA;NA;NA;NA;NA;NA;NA;NA;NA;NA;NA;NA;NA;NA;NA;NA;NA;NA;NA;NA;NA;NA;NA;NA;NA;NA;NA;NA;NA;NA;NA;NA;NA;NA;NA;NA;NA;NA;NA;NA;NA;NA;NA;NA;NA;NA;NA;NA
Liolaemus_uspallatensis;Squamata;Iguania;Liolaemidae;Extant;3_Tricuspid;1;1;0;Insectivorous;Predatory;0;0;Abdala 2007;Zootaxa 1538(1):1-84;NA;Meiri 2018;10.1111/geb.12773;2.21E+01;6.15E+01;3.44E-01;2.83E-02;3.77E-02;7.78E-11;3.19E-02;6.58E-11;NA;NA;NA;NA;NA;NA;NA;NA;NA;NA;NA;NA;NA;NA;NA;NA;NA;NA;NA;NA;NA;NA;NA;NA;NA;NA;NA;NA;NA;NA;NA;NA;NA;NA;NA;NA;NA;NA;NA;NA;NA;NA;NA;NA;NA;NA;NA;NA;NA;NA;NA;NA;NA;NA;NA;NA;NA;NA;NA;NA;NA;NA;NA;NA;NA;NA;NA;NA;NA;NA;NA;NA;NA;NA;NA;NA;NA;NA;NA;NA;NA;NA;NA;NA;NA;NA;NA;NA;NA;NA;NA;NA;NA;NA;NA;NA;NA;NA;NA;NA;NA;NA;NA;NA;NA;NA;NA;NA;NA;NA;NA;NA;NA;NA;NA;NA;NA;NA;NA;NA;NA;NA;NA;NA;NA;NA;NA
Liopholis_whitii;Squamata;Scincoidea;Scincidae;Extant;2_Bicuspid;1;0;0;Insectivorous;Predatory;0;0;Da Silva et al. 2018;10.1038/s41467-017-02788-3;ZMB 29584;Meiri 2018;10.1111/geb.12773;5.49E+01;5.04E+01;1.15E-01;1.31E-02;1.92E-02;3.95E-11;2.38E-02;4.91E-11;2.66E+00;-5.34E-01;-5.56E-02;-6.32E-01;2.50E-01;-2.55E-01;2.78E-02;9.73E-02;1.13E-01;8.99E-02;-3.66E-01;8.92E-03;1.99E-01;-7.83E-03;-2.42E-02;-6.93E-02;1.06E-02;-3.98E-03;4.72E-02;-4.93E-02;1.77E-03;7.63E-02;-3.24E-02;3.51E-03;-8.71E-04;-1.70E-02;-2.39E-02;1.24E-02;-1.59E-02;-1.46E-02;-4.87E-04;-1.01E-02;-3.66E-02;1.24E-02;8.29E-03;-6.86E-03;2.73E-03;-2.39E-03;7.32E-03;-3.73E-03;1.92E-03;3.87E-03;-2.12E+00;1.85E+00;3.36E+00;1.04E+01;-9.27E+00;1.62E+01;1.18E+01;-2.34E+00;4.14E+00;-1.45E+01;6.90E-03;-1.02E+01;-1.07E+00;-8.35E+00;1.54E+01;6.38E-01;7.89E+00;3.12E+00;7.41E+00;3.74E+00;-3.56E+00;1.53E+00;2.37E+00;1.27E+00;1.32E+01;2.45E+01;2.71E+00;-4.90E+00;1.39E+01;-1.28E+01;2.50E+01;4.60E+00;2.50E+00;-8.46E-01;1.29E+01;-2.35E+01;2.47E+00;-2.10E+01;-8.43E+00;1.57E+01;1.36E+01;-2.91E+00;3.24E+00;4.83E-01;-2.16E-01;5.16E-01;-2.42E-01;-1.00E-01;-2.75E-01;-1.94E-01;-8.67E-03;-5.69E-02;3.16E-01;-2.59E-01;-1.89E-01;1.71E-01;6.23E-02;1.66E-04;-9.56E-02;3.89E-02;-8.88E-02;-4.63E-02;-6.58E-02;-3.01E-02;2.41E-02;-1.31E-02;1.53E-02;-1.45E-02;-1.29E-02;1.10E-02;-1.57E-02;9.27E-03;-3.25E-03;4.20E-02;1.49E-02;-3.76E-02;1.33E-02;6.52E-03;5.27E-04;4.06E-04;2.39E-03;9.40E-03;9.48E-03;-5.12E-03;8.31E-02
Liotyphlops_albirostris;Squamata;Serpentes;Anomalepididae;Extant;1_Unicuspid;0;0;0;Insectivorous;Predatory;0;0;Rieppel et al. 2009;10.1002/jmor.10703;FMNH 216257;Acosta Chaves et al. 2017;10.2305/IUCN.UK.2017-2.RLTS.T203197A2761987.en;1.20E+00;1.90E-01;4.37E-02;7.42E-03;5.49E-03;1.13E-11;5.01E-03;1.03E-11;NA;NA;NA;NA;NA;NA;NA;NA;NA;NA;NA;NA;NA;NA;NA;NA;NA;NA;NA;NA;NA;NA;NA;NA;NA;NA;NA;NA;NA;NA;NA;NA;NA;NA;NA;NA;NA;NA;NA;NA;NA;NA;NA;NA;NA;NA;NA;NA;NA;NA;NA;NA;NA;NA;NA;NA;NA;NA;NA;NA;NA;NA;NA;NA;NA;NA;NA;NA;NA;NA;NA;NA;NA;NA;NA;NA;NA;NA;NA;NA;NA;NA;NA;NA;NA;NA;NA;NA;NA;NA;NA;NA;NA;NA;NA;NA;NA;NA;NA;NA;NA;NA;NA;NA;NA;NA;NA;NA;NA;NA;NA;NA;NA;NA;NA;NA;NA;NA;NA;NA;NA;NA;NA;NA;NA;NA;NA
Loveridgea_ionidesii;Squamata;Lacertoidea;Amphisbaenidae;Extant;1_Unicuspid;0;0;0;Insectivorous;Predatory;0;0;Digimorph;http://www.digimorph.org;FMNH 265434;Vitt & Caldwell 2008;978-0123869197;6.57E+00;6.54E-01;4.37E-02;7.42E-03;9.39E-03;1.94E-11;1.14E-02;2.34E-11;NA;NA;NA;NA;NA;NA;NA;NA;NA;NA;NA;NA;NA;NA;NA;NA;NA;NA;NA;NA;NA;NA;NA;NA;NA;NA;NA;NA;NA;NA;NA;NA;NA;NA;NA;NA;NA;NA;NA;NA;NA;NA;NA;NA;NA;NA;NA;NA;NA;NA;NA;NA;NA;NA;NA;NA;NA;NA;NA;NA;NA;NA;NA;NA;NA;NA;NA;NA;NA;NA;NA;NA;NA;NA;NA;NA;NA;NA;NA;NA;NA;NA;NA;NA;NA;NA;NA;NA;NA;NA;NA;NA;NA;NA;NA;NA;NA;NA;NA;NA;NA;NA;NA;NA;NA;NA;NA;NA;NA;NA;NA;NA;NA;NA;NA;NA;NA;NA;NA;NA;NA;NA;NA;NA;NA;NA;NA
Loxocemus_bicolor;Squamata;Serpentes;Loxocemidae;Extant;1_Unicuspid;0;0;0;Carnivorous;Predatory;0;0;Gauthier et al. 2012;10.3374/014.053.0101;FMNH 104800;Watanabe et al. 2019;10.1073/pnas.1820967116;1.09E+00;2.42E-01;5.44E-02;2.45E-03;1.21E-02;2.49E-11;1.40E-02;2.88E-11;NA;NA;NA;NA;NA;NA;NA;NA;NA;NA;NA;NA;NA;NA;NA;NA;NA;NA;NA;NA;NA;NA;NA;NA;NA;NA;NA;NA;NA;NA;NA;NA;NA;NA;NA;NA;NA;NA;NA;NA;NA;NA;NA;NA;NA;NA;NA;NA;NA;NA;NA;NA;NA;NA;NA;NA;NA;NA;NA;NA;NA;NA;NA;NA;NA;NA;NA;NA;NA;NA;NA;NA;NA;NA;NA;NA;NA;NA;NA;NA;NA;NA;NA;NA;NA;NA;NA;NA;NA;NA;NA;NA;NA;NA;NA;NA;NA;NA;NA;NA;NA;NA;NA;NA;NA;NA;NA;NA;NA;NA;NA;NA;NA;NA;NA;NA;NA;NA;NA;NA;NA;NA;NA;NA;NA;NA;NA
Lycodon_aulicus;Squamata;Serpentes;Colubridae;Extant;1_Unicuspid;0;0;0;Carnivorous;Predatory;0;0;Da Silva et al. 2018;10.1038/s41467-017-02788-3;ZMB 1806;Jackson & Fritts 2004;10.1163/1568538041975134;1.29E+00;3.48E-01;5.44E-02;2.45E-03;1.83E-02;3.77E-11;1.92E-02;3.97E-11;NA;NA;NA;NA;NA;NA;NA;NA;NA;NA;NA;NA;NA;NA;NA;NA;NA;NA;NA;NA;NA;NA;NA;NA;NA;NA;NA;NA;NA;NA;NA;NA;NA;NA;NA;NA;NA;NA;NA;NA;NA;NA;NA;NA;NA;NA;NA;NA;NA;NA;NA;NA;NA;NA;NA;NA;NA;NA;NA;NA;NA;NA;NA;NA;NA;NA;NA;NA;NA;NA;NA;NA;NA;NA;NA;NA;NA;NA;NA;NA;NA;NA;NA;NA;NA;NA;NA;NA;NA;NA;NA;NA;NA;NA;NA;NA;NA;NA;NA;NA;NA;NA;NA;NA;NA;NA;NA;NA;NA;NA;NA;NA;NA;NA;NA;NA;NA;NA;NA;NA;NA;NA;NA;NA;NA;NA;NA
Magnuviator_ovimonsensis;Squamata;Iguania;Temujiniidae;Fossil;3_Tricuspid;1;1;0;Omnivorous;Omnivorous;1;0;DeMar et al. 2017;10.1098/rspb.2016.1902;MOR 7042;DeMar et al. 2017;10.1098/rspb.2016.1902;1.42E+01;4.87E+00;5.30E-02;3.82E-02;3.15E-02;6.49E-11;3.31E-02;7.21E-11;NA;NA;NA;NA;NA;NA;NA;NA;NA;NA;NA;NA;NA;NA;NA;NA;NA;NA;NA;NA;NA;NA;NA;NA;NA;NA;NA;NA;NA;NA;NA;NA;NA;NA;NA;NA;NA;NA;NA;NA;NA;NA;NA;NA;NA;NA;NA;NA;NA;NA;NA;NA;NA;NA;NA;NA;NA;NA;NA;NA;NA;NA;NA;NA;NA;NA;NA;NA;NA;NA;NA;NA;NA;NA;NA;NA;NA;NA;NA;NA;NA;NA;NA;NA;NA;NA;NA;NA;NA;NA;NA;NA;NA;NA;NA;NA;NA;NA;NA;NA;NA;NA;NA;NA;NA;NA;NA;NA;NA;NA;NA;NA;NA;NA;NA;NA;NA;NA;NA;NA;NA;NA;NA;NA;NA;NA;NA
Maioricalacerta_rafelinensis;Squamata;Lacertoidea;Lacertidae;Fossil;1_Unicuspid;0;0;0;Insectivorous;Predatory;0;0;Bailon et al. 2014;10.1080/02724634.2013.799481;IMEDEA 90107;Bailon et al. 2014;10.1080/02724634.2013.799481;2.09E+02;8.38E+01;4.37E-02;7.42E-03;3.63E-02;7.49E-11;2.69E-02;5.54E-11;NA;NA;NA;NA;NA;NA;NA;NA;NA;NA;NA;NA;NA;NA;NA;NA;NA;NA;NA;NA;NA;NA;NA;NA;NA;NA;NA;NA;NA;NA;NA;NA;NA;NA;NA;NA;NA;NA;NA;NA;NA;NA;NA;NA;NA;NA;NA;NA;NA;NA;NA;NA;NA;NA;NA;NA;NA;NA;NA;NA;NA;NA;NA;NA;NA;NA;NA;NA;NA;NA;NA;NA;NA;NA;NA;NA;NA;NA;NA;NA;NA;NA;NA;NA;NA;NA;NA;NA;NA;NA;NA;NA;NA;NA;NA;NA;NA;NA;NA;NA;NA;NA;NA;NA;NA;NA;NA;NA;NA;NA;NA;NA;NA;NA;NA;NA;NA;NA;NA;NA;NA;NA;NA;NA;NA;NA;NA
Malayopython_reticulatus;Squamata;Serpentes;Pythonidae;Extant;1_Unicuspid;0;0;0;Carnivorous;Predatory;0;0;Da Silva et al. 2018;10.1038/s41467-017-02788-3;ZMB 45800;Stuart et al. 2018;10.2305/IUCN.UK.2018-2.RLTS.T183151A1730027.en;1.45E+00;3.70E-01;5.44E-02;2.45E-03;2.76E-02;5.69E-11;2.59E-02;5.33E-11;NA;NA;NA;NA;NA;NA;NA;NA;NA;NA;NA;NA;NA;NA;NA;NA;NA;NA;NA;NA;NA;NA;NA;NA;NA;NA;NA;NA;NA;NA;NA;NA;NA;NA;NA;NA;NA;NA;NA;NA;NA;NA;NA;NA;NA;NA;NA;NA;NA;NA;NA;NA;NA;NA;NA;NA;NA;NA;NA;NA;NA;NA;NA;NA;NA;NA;NA;NA;NA;NA;NA;NA;NA;NA;NA;NA;NA;NA;NA;NA;NA;NA;NA;NA;NA;NA;NA;NA;NA;NA;NA;NA;NA;NA;NA;NA;NA;NA;NA;NA;NA;NA;NA;NA;NA;NA;NA;NA;NA;NA;NA;NA;NA;NA;NA;NA;NA;NA;NA;NA;NA;NA;NA;NA;NA;NA;NA
Marmoretta_oxoniensis;Squamata;NA;NA;Fossil;1_Unicuspid;0;0;0;Insectivorous;Predatory;0;0;Evans 1991;10.1111/j.1096-3642.1991.tb00910.x;R. 12020;Evans 1991;10.1111/j.1096-3642.1991.tb00910.x;1.40E+00;6.39E-01;9.17E-03;1.35E-02;7.39E-03;1.52E-11;9.21E-03;1.90E-11;NA;NA;NA;NA;NA;NA;NA;NA;NA;NA;NA;NA;NA;NA;NA;NA;NA;NA;NA;NA;NA;NA;NA;NA;NA;NA;NA;NA;NA;NA;NA;NA;NA;NA;NA;NA;NA;NA;NA;NA;NA;NA;NA;NA;NA;NA;NA;NA;NA;NA;NA;NA;NA;NA;NA;NA;NA;NA;NA;NA;NA;NA;NA;NA;NA;NA;NA;NA;NA;NA;NA;NA;NA;NA;NA;NA;NA;NA;NA;NA;NA;NA;NA;NA;NA;NA;NA;NA;NA;NA;NA;NA;NA;NA;NA;NA;NA;NA;NA;NA;NA;NA;NA;NA;NA;NA;NA;NA;NA;NA;NA;NA;NA;NA;NA;NA;NA;NA;NA;NA;NA;NA;NA;NA;NA;NA;NA
Matobosaurus_validus;Squamata;Scincoidea;Gerrhosauridae;Extant;3_Tricuspid;1;1;0;Omnivorous;Omnivorous;1;0;Melstrom 2017;10.1002/jmor.20645;MCZ R-50973;Meiri 2018;10.1111/geb.12773;5.14E+01;2.20E+01;4.37E-02;7.42E-03;2.16E-02;4.44E-11;1.53E-02;4.07E-11;NA;NA;NA;NA;NA;NA;NA;NA;NA;NA;NA;NA;NA;NA;NA;NA;NA;NA;NA;NA;NA;NA;NA;NA;NA;NA;NA;NA;NA;NA;NA;NA;NA;NA;NA;NA;NA;NA;NA;NA;NA;NA;NA;NA;NA;NA;NA;NA;NA;NA;NA;NA;NA;NA;NA;NA;NA;NA;NA;NA;NA;NA;NA;NA;NA;NA;NA;NA;NA;NA;NA;NA;NA;NA;NA;NA;NA;NA;NA;NA;NA;NA;NA;NA;NA;NA;NA;NA;NA;NA;NA;NA;NA;NA;NA;NA;NA;NA;NA;NA;NA;NA;NA;NA;NA;NA;NA;NA;NA;NA;NA;NA;NA;NA;NA;NA;NA;NA;NA;NA;NA;NA;NA;NA;NA;NA;NA
Mediodactylus_kotschyi;Squamata;Gekkota;Gekkonidae;Extant;1_Unicuspid;0;0;0;Insectivorous;Predatory;0;0;Villa et al. 2018;10.1093/zoolinnean/zlx104;CAS 101566;Meiri 2018;10.1111/geb.12773;1.64E+00;1.89E+00;4.37E-02;7.42E-03;8.88E-03;1.83E-11;1.08E-02;2.23E-11;NA;NA;NA;NA;NA;NA;NA;NA;NA;NA;NA;NA;NA;NA;NA;NA;NA;NA;NA;NA;NA;NA;NA;NA;NA;NA;NA;NA;NA;NA;NA;NA;NA;NA;NA;NA;NA;NA;NA;NA;NA;NA;NA;NA;NA;NA;NA;NA;NA;NA;NA;NA;NA;NA;NA;NA;NA;NA;NA;NA;NA;NA;NA;NA;NA;NA;NA;NA;NA;NA;NA;NA;NA;NA;NA;NA;NA;NA;NA;NA;NA;NA;NA;NA;NA;NA;NA;NA;NA;NA;NA;NA;NA;NA;NA;NA;NA;NA;NA;NA;NA;NA;NA;NA;NA;NA;NA;NA;NA;NA;NA;NA;NA;NA;NA;NA;NA;NA;NA;NA;NA;NA;NA;NA;NA;NA;NA
Mediolacerta_roceki;Squamata;Lacertoidea;Lacertidae;Fossil;1_Unicuspid;0;0;0;Insectivorous;Predatory;0;0;Rage 2013;10.1007/s12549-013-0124-x;MNHN PFR 11018a;This study;This study;5.97E+01;4.31E+00;7.44E-02;2.95E-02;3.96E-02;8.17E-11;3.28E-02;6.77E-11;NA;NA;NA;NA;NA;NA;NA;NA;NA;NA;NA;NA;NA;NA;NA;NA;NA;NA;NA;NA;NA;NA;NA;NA;NA;NA;NA;NA;NA;NA;NA;NA;NA;NA;NA;NA;NA;NA;NA;NA;NA;NA;NA;NA;NA;NA;NA;NA;NA;NA;NA;NA;NA;NA;NA;NA;NA;NA;NA;NA;NA;NA;NA;NA;NA;NA;NA;NA;NA;NA;NA;NA;NA;NA;NA;NA;NA;NA;NA;NA;NA;NA;NA;NA;NA;NA;NA;NA;NA;NA;NA;NA;NA;NA;NA;NA;NA;NA;NA;NA;NA;NA;NA;NA;NA;NA;NA;NA;NA;NA;NA;NA;NA;NA;NA;NA;NA;NA;NA;NA;NA;NA;NA;NA;NA;NA;NA
Megachirella_wachtleri;Squamata;NA;NA;Fossil;1_Unicuspid;0;0;0;Insectivorous;Predatory;0;0;Renesto & Posenato 2003;10.13130/2039-4942/5517;KUH 1501;Renesto & Posenato 2003;10.13130/2039-4942/5517;1.29E+00;8.09E-01;9.17E-03;1.35E-02;2.70E-02;5.57E-11;2.53E-02;5.21E-11;NA;NA;NA;NA;NA;NA;NA;NA;NA;NA;NA;NA;NA;NA;NA;NA;NA;NA;NA;NA;NA;NA;NA;NA;NA;NA;NA;NA;NA;NA;NA;NA;NA;NA;NA;NA;NA;NA;NA;NA;NA;NA;NA;NA;NA;NA;NA;NA;NA;NA;NA;NA;NA;NA;NA;NA;NA;NA;NA;NA;NA;NA;NA;NA;NA;NA;NA;NA;NA;NA;NA;NA;NA;NA;NA;NA;NA;NA;NA;NA;NA;NA;NA;NA;NA;NA;NA;NA;NA;NA;NA;NA;NA;NA;NA;NA;NA;NA;NA;NA;NA;NA;NA;NA;NA;NA;NA;NA;NA;NA;NA;NA;NA;NA;NA;NA;NA;NA;NA;NA;NA;NA;NA;NA;NA;NA;NA
Melanoseps_occidentalis;Squamata;Scincoidea;Scincidae;Extant;1_Unicuspid;0;0;0;Insectivorous;Predatory;0;0;?er?anský et al. 2019;10.1002/ar.24289;NHMW 10636:3;Meiri 2018;10.1111/geb.12773;6.63E+00;3.26E+01;4.37E-02;7.42E-03;8.53E-03;1.76E-11;1.22E-02;2.51E-11;NA;NA;NA;NA;NA;NA;NA;NA;NA;NA;NA;NA;NA;NA;NA;NA;NA;NA;NA;NA;NA;NA;NA;NA;NA;NA;NA;NA;NA;NA;NA;NA;NA;NA;NA;NA;NA;NA;NA;NA;NA;NA;NA;NA;NA;NA;NA;NA;NA;NA;NA;NA;NA;NA;NA;NA;NA;NA;NA;NA;NA;NA;NA;NA;NA;NA;NA;NA;NA;NA;NA;NA;NA;NA;NA;NA;NA;NA;NA;NA;NA;NA;NA;NA;NA;NA;NA;NA;NA;NA;NA;NA;NA;NA;NA;NA;NA;NA;NA;NA;NA;NA;NA;NA;NA;NA;NA;NA;NA;NA;NA;NA;NA;NA;NA;NA;NA;NA;NA;NA;NA;NA;NA;NA;NA;NA;NA
Meyasaurus_diazromerali;Squamata;Lacertoidea;Teiidae;Fossil;2_Bicuspid;1;0;0;Insectivorous;Predatory;0;0;Evans & Barbadillo 1997;10.1006/zjls.1996.0063;LH 370;This study;This study;3.70E+01;1.71E+00;4.24E-02;1.12E-02;2.29E-02;4.71E-11;2.63E-02;5.41E-11;NA;NA;NA;NA;NA;NA;NA;NA;NA;NA;NA;NA;NA;NA;NA;NA;NA;NA;NA;NA;NA;NA;NA;NA;NA;NA;NA;NA;NA;NA;NA;NA;NA;NA;NA;NA;NA;NA;NA;NA;NA;NA;NA;NA;NA;NA;NA;NA;NA;NA;NA;NA;NA;NA;NA;NA;NA;NA;NA;NA;NA;NA;NA;NA;NA;NA;NA;NA;NA;NA;NA;NA;NA;NA;NA;NA;NA;NA;NA;NA;NA;NA;NA;NA;NA;NA;NA;NA;NA;NA;NA;NA;NA;NA;NA;NA;NA;NA;NA;NA;NA;NA;NA;NA;NA;NA;NA;NA;NA;NA;NA;NA;NA;NA;NA;NA;NA;NA;NA;NA;NA;NA;NA;NA;NA;NA;NA
Microlophus_peruvianus;Squamata;Iguania;Tropiduridae;Extant;3_Tricuspid;1;1;0;Omnivorous;Omnivorous;1;0;This study;This study;ZMB 13719;Meiri 2018;10.1111/geb.12773;1.73E+01;5.59E+00;4.90E-02;5.54E-03;2.60E-02;5.36E-11;1.83E-02;4.60E-11;1.69E+00;-3.07E-01;-1.91E-01;1.82E-01;-5.69E-01;4.47E-01;4.47E-02;1.74E-02;2.67E-02;-2.40E-01;-1.15E-01;1.48E-02;-4.85E-03;-8.54E-02;9.03E-02;6.25E-02;-4.42E-03;-3.88E-02;3.34E-02;-3.69E-02;-8.09E-02;-5.20E-02;-1.03E-02;-2.94E-02;-8.90E-03;-2.41E-02;-5.75E-02;-2.23E-02;-3.32E-02;-9.83E-03;-5.42E-04;1.50E-02;-2.67E-02;2.08E-02;-1.17E-02;1.17E-02;-2.78E-03;3.78E-03;3.81E-03;-1.34E-03;-1.99E-03;3.51E-03;4.49E+00;-2.20E+00;9.63E+00;-5.57E+00;8.89E-02;1.01E+01;-1.49E+01;3.06E-01;6.14E+00;-2.41E+00;-1.41E+01;1.23E+01;5.85E+00;4.00E+00;9.08E-02;2.70E+00;7.70E+00;-7.64E+00;-6.19E+00;-5.91E+00;2.87E+00;7.91E+00;3.73E+00;-6.71E+00;-1.87E+01;-2.95E+00;-1.64E+01;1.33E+01;3.73E+00;6.37E+00;-8.76E-01;4.02E+00;2.04E+01;-2.06E+01;-2.23E-01;-8.56E+00;-2.27E+01;1.33E+01;-6.90E+00;2.63E+01;1.42E+01;-8.03E+00;2.30E+00;2.16E-01;1.36E-01;9.24E-04;-2.02E-01;7.04E-01;4.04E-01;2.35E-01;5.43E-02;2.74E-01;-1.51E-02;3.39E-02;1.08E-02;-5.58E-03;-1.64E-01;-1.53E-02;8.54E-02;3.59E-02;-1.89E-02;5.22E-03;-5.87E-02;5.96E-02;5.36E-03;-1.65E-02;6.60E-02;-1.41E-02;-4.39E-02;1.69E-02;-3.18E-02;4.39E-04;-4.53E-03;-3.25E-03;1.49E-02;-1.89E-02;-1.26E-02;-1.54E-02;-3.03E-03;-1.06E-02;-8.89E-03;7.45E-03;-1.04E-03;-2.38E-03;1.15E-01
Mimeosaurus_crassus;Squamata;Iguania;Priscagamidae;Fossil;1_Unicuspid;0;0;0;Insectivorous;Predatory;0;0;Gao & Norell 2000;"10.1206/0003-0090(2000)249<0001:TCASOL>2.0.CO;14";IGM 3/76;Gao & Norell 2000;"10.1206/0003-0090(2000)249<0001:TCASOL>2.0.CO;14";8.67E+00;3.18E+00;4.37E-02;7.42E-03;2.59E-02;5.34E-11;2.67E-02;5.50E-11;NA;NA;NA;NA;NA;NA;NA;NA;NA;NA;NA;NA;NA;NA;NA;NA;NA;NA;NA;NA;NA;NA;NA;NA;NA;NA;NA;NA;NA;NA;NA;NA;NA;NA;NA;NA;NA;NA;NA;NA;NA;NA;NA;NA;NA;NA;NA;NA;NA;NA;NA;NA;NA;NA;NA;NA;NA;NA;NA;NA;NA;NA;NA;NA;NA;NA;NA;NA;NA;NA;NA;NA;NA;NA;NA;NA;NA;NA;NA;NA;NA;NA;NA;NA;NA;NA;NA;NA;NA;NA;NA;NA;NA;NA;NA;NA;NA;NA;NA;NA;NA;NA;NA;NA;NA;NA;NA;NA;NA;NA;NA;NA;NA;NA;NA;NA;NA;NA;NA;NA;NA;NA;NA;NA;NA;NA;NA
Mochlus_sundevalli;Squamata;Scincoidea;Scincidae;Extant;1_Unicuspid;0;0;0;Insectivorous;Predatory;0;0;This study;This study;ZMB 37312;Meiri 2018;10.1111/geb.12773;1.09E+01;3.83E+01;4.37E-02;7.42E-03;8.92E-03;1.84E-11;1.16E-02;2.39E-11;NA;NA;NA;NA;NA;NA;NA;NA;NA;NA;NA;NA;NA;NA;NA;NA;NA;NA;NA;NA;NA;NA;NA;NA;NA;NA;NA;NA;NA;NA;NA;NA;NA;NA;NA;NA;NA;NA;NA;NA;NA;NA;NA;NA;NA;NA;NA;NA;NA;NA;NA;NA;NA;NA;NA;NA;NA;NA;NA;NA;NA;NA;NA;NA;NA;NA;NA;NA;NA;NA;NA;NA;NA;NA;NA;NA;NA;NA;NA;NA;NA;NA;NA;NA;NA;NA;NA;NA;NA;NA;NA;NA;NA;NA;NA;NA;NA;NA;NA;NA;NA;NA;NA;NA;NA;NA;NA;NA;NA;NA;NA;NA;NA;NA;NA;NA;NA;NA;NA;NA;NA;NA;NA;NA;NA;NA;NA
Moloch_horridus;Squamata;Iguania;Agamidae;Extant;3_Tricuspid;1;1;0;Insectivorous;Predatory;0;0;Digimorph;http://www.digimorph.org;Private collection of Dr. Eric Pianka;Meiri 2018;10.1111/geb.12773;2.26E+02;7.15E+00;4.37E-02;7.42E-03;2.11E-02;4.34E-11;1.52E-02;3.14E-11;NA;NA;NA;NA;NA;NA;NA;NA;NA;NA;NA;NA;NA;NA;NA;NA;NA;NA;NA;NA;NA;NA;NA;NA;NA;NA;NA;NA;NA;NA;NA;NA;NA;NA;NA;NA;NA;NA;NA;NA;NA;NA;NA;NA;NA;NA;NA;NA;NA;NA;NA;NA;NA;NA;NA;NA;NA;NA;NA;NA;NA;NA;NA;NA;NA;NA;NA;NA;NA;NA;NA;NA;NA;NA;NA;NA;NA;NA;NA;NA;NA;NA;NA;NA;NA;NA;NA;NA;NA;NA;NA;NA;NA;NA;NA;NA;NA;NA;NA;NA;NA;NA;NA;NA;NA;NA;NA;NA;NA;NA;NA;NA;NA;NA;NA;NA;NA;NA;NA;NA;NA;NA;NA;NA;NA;NA;NA
Morunasaurus_annularis;Squamata;Iguania;Hoplocercidae;Extant;3_Tricuspid;1;1;0;Insectivorous;Predatory;0;0;Etheridge & De Queiroz 1988;9.78E+12;MCZ 146375;Etheridge & De Queiroz 1988;9.78E+12;2.76E+01;7.79E+00;4.90E-02;5.54E-03;2.74E-02;5.64E-11;2.12E-02;4.37E-11;1.52E+00;-6.50E-01;7.38E-01;4.54E-01;-2.28E-02;1.11E-01;1.22E-01;2.45E-02;-4.01E-01;1.89E-01;-6.86E-02;2.78E-02;1.90E-01;-1.10E-01;-9.14E-03;-1.26E-01;-4.06E-02;-6.55E-02;-4.25E-02;4.48E-02;3.43E-02;-9.80E-03;2.52E-02;5.77E-02;2.32E-03;2.32E-02;1.14E-04;-1.84E-02;-1.36E-03;1.02E-02;1.88E-02;2.28E-02;1.17E-02;-1.08E-02;-1.04E-02;1.78E-02;-1.53E-02;4.74E-03;3.97E-03;2.99E-03;-6.98E-04;3.71E-03;-8.58E+00;-1.66E+01;1.84E+01;5.01E+00;-2.12E+01;-2.08E+01;1.41E+01;6.53E+00;-2.21E+01;-3.88E-02;2.85E+00;1.36E+01;-4.13E+00;8.51E+00;-8.71E-01;2.26E+00;-8.50E+00;-9.10E-01;-5.32E+00;-8.44E+00;-5.22E+00;4.18E+00;-9.78E+00;-8.53E+00;1.48E+01;-4.05E+00;7.72E-01;1.13E+01;-4.21E+00;8.35E+00;-1.20E+00;-1.92E+01;-5.49E+00;-1.33E+01;-1.12E+01;-1.79E+01;1.08E+01;-1.31E+01;-1.71E+01;-7.40E+00;6.13E+00;6.23E-01;2.08E+00;6.63E-01;-7.08E-01;-4.11E-01;9.49E-02;1.15E-01;2.18E-01;5.10E-01;-9.63E-02;-1.74E-01;1.40E-01;1.64E-01;-7.49E-02;-5.43E-02;-1.58E-01;1.14E-02;-7.19E-02;-9.71E-02;-3.74E-02;6.65E-02;-9.65E-03;1.89E-02;-5.32E-02;3.85E-02;-3.52E-02;3.32E-03;2.54E-03;2.62E-03;-3.52E-02;1.29E-03;1.23E-02;-1.52E-02;3.56E-03;1.88E-02;-1.35E-02;-1.17E-02;1.19E-02;1.85E-03;-1.98E-03;-2.72E-03;-2.00E-03;-5.28E-04;5.48E-01
Mosasaurus_lemonnieri;Squamata;Mosasauria;Mosasauridae;Fossil;1_Unicuspid;0;0;0;Carnivorous;Predatory;0;0;Madzia 2019;10.1080/08912963.2019.1588892;IRSNB R 366;Lingham-Soliar 1995;10.1098/rstb.1995.0019;2.91E+01;7.44E-01;4.36E-02;5.88E-02;2.49E-02;5.13E-11;2.38E-02;4.92E-11;NA;NA;NA;NA;NA;NA;NA;NA;NA;NA;NA;NA;NA;NA;NA;NA;NA;NA;NA;NA;NA;NA;NA;NA;NA;NA;NA;NA;NA;NA;NA;NA;NA;NA;NA;NA;NA;NA;NA;NA;NA;NA;NA;NA;NA;NA;NA;NA;NA;NA;NA;NA;NA;NA;NA;NA;NA;NA;NA;NA;NA;NA;NA;NA;NA;NA;NA;NA;NA;NA;NA;NA;NA;NA;NA;NA;NA;NA;NA;NA;NA;NA;NA;NA;NA;NA;NA;NA;NA;NA;NA;NA;NA;NA;NA;NA;NA;NA;NA;NA;NA;NA;NA;NA;NA;NA;NA;NA;NA;NA;NA;NA;NA;NA;NA;NA;NA;NA;NA;NA;NA;NA;NA;NA;NA;NA;NA
Myrmecodaptria_microphagosa;Squamata;Scincoidea;Carusiidae;Fossil;1_Unicuspid;0;0;0;Insectivorous;Predatory;0;0;Gao & Norell 2000;"10.1206/0003-0090(2000)249<0001:TCASOL>2.0.CO;2";IGM 3/95;Gao & Norell 2000;"10.1206/0003-0090(2000)249<0001:TCASOL>2.0.CO;2";5.94E+00;2.77E+00;4.37E-02;7.42E-03;1.46E-02;3.01E-11;1.78E-02;3.66E-11;NA;NA;NA;NA;NA;NA;NA;NA;NA;NA;NA;NA;NA;NA;NA;NA;NA;NA;NA;NA;NA;NA;NA;NA;NA;NA;NA;NA;NA;NA;NA;NA;NA;NA;NA;NA;NA;NA;NA;NA;NA;NA;NA;NA;NA;NA;NA;NA;NA;NA;NA;NA;NA;NA;NA;NA;NA;NA;NA;NA;NA;NA;NA;NA;NA;NA;NA;NA;NA;NA;NA;NA;NA;NA;NA;NA;NA;NA;NA;NA;NA;NA;NA;NA;NA;NA;NA;NA;NA;NA;NA;NA;NA;NA;NA;NA;NA;NA;NA;NA;NA;NA;NA;NA;NA;NA;NA;NA;NA;NA;NA;NA;NA;NA;NA;NA;NA;NA;NA;NA;NA;NA;NA;NA;NA;NA;NA
Naja_naja;Squamata;Serpentes;Elapidae;Extant;1_Unicuspid;0;0;0;Carnivorous;Predatory;0;0;Gauthier et al. 2012;10.3374/014.053.0101;FMNH 22468;Shine et al. 2007;10.1111/j.1469-7998.2006.00252.x;1.25E+00;2.83E-01;5.44E-02;2.45E-03;2.19E-02;4.52E-11;2.27E-02;4.69E-11;NA;NA;NA;NA;NA;NA;NA;NA;NA;NA;NA;NA;NA;NA;NA;NA;NA;NA;NA;NA;NA;NA;NA;NA;NA;NA;NA;NA;NA;NA;NA;NA;NA;NA;NA;NA;NA;NA;NA;NA;NA;NA;NA;NA;NA;NA;NA;NA;NA;NA;NA;NA;NA;NA;NA;NA;NA;NA;NA;NA;NA;NA;NA;NA;NA;NA;NA;NA;NA;NA;NA;NA;NA;NA;NA;NA;NA;NA;NA;NA;NA;NA;NA;NA;NA;NA;NA;NA;NA;NA;NA;NA;NA;NA;NA;NA;NA;NA;NA;NA;NA;NA;NA;NA;NA;NA;NA;NA;NA;NA;NA;NA;NA;NA;NA;NA;NA;NA;NA;NA;NA;NA;NA;NA;NA;NA;NA
Naja_nigricollis;Squamata;Serpentes;Elapidae;Extant;1_Unicuspid;0;0;0;Carnivorous;Predatory;0;0;This study;This study;http://id.luomus.fi/KS.MS1628;Luiselli et al. 2002;10.1139/z01-178;1.21E+00;3.03E-01;5.44E-02;2.45E-03;2.19E-02;4.52E-11;2.27E-02;4.69E-11;NA;NA;NA;NA;NA;NA;NA;NA;NA;NA;NA;NA;NA;NA;NA;NA;NA;NA;NA;NA;NA;NA;NA;NA;NA;NA;NA;NA;NA;NA;NA;NA;NA;NA;NA;NA;NA;NA;NA;NA;NA;NA;NA;NA;NA;NA;NA;NA;NA;NA;NA;NA;NA;NA;NA;NA;NA;NA;NA;NA;NA;NA;NA;NA;NA;NA;NA;NA;NA;NA;NA;NA;NA;NA;NA;NA;NA;NA;NA;NA;NA;NA;NA;NA;NA;NA;NA;NA;NA;NA;NA;NA;NA;NA;NA;NA;NA;NA;NA;NA;NA;NA;NA;NA;NA;NA;NA;NA;NA;NA;NA;NA;NA;NA;NA;NA;NA;NA;NA;NA;NA;NA;NA;NA;NA;NA;NA
Najash_rionegrina;Squamata;Serpentes;NA;Fossil;1_Unicuspid;0;0;0;Carnivorous;Predatory;0;0;Zaher et al. 2009;10.1111/j.1096-3642.2009.00511.x;MPCA 391;Zaher et al. 2009;10.1111/j.1096-3642.2009.00511.x;3.76E+00;3.75E-01;4.37E-02;7.42E-03;8.50E-03;1.75E-11;1.08E-02;2.22E-11;NA;NA;NA;NA;NA;NA;NA;NA;NA;NA;NA;NA;NA;NA;NA;NA;NA;NA;NA;NA;NA;NA;NA;NA;NA;NA;NA;NA;NA;NA;NA;NA;NA;NA;NA;NA;NA;NA;NA;NA;NA;NA;NA;NA;NA;NA;NA;NA;NA;NA;NA;NA;NA;NA;NA;NA;NA;NA;NA;NA;NA;NA;NA;NA;NA;NA;NA;NA;NA;NA;NA;NA;NA;NA;NA;NA;NA;NA;NA;NA;NA;NA;NA;NA;NA;NA;NA;NA;NA;NA;NA;NA;NA;NA;NA;NA;NA;NA;NA;NA;NA;NA;NA;NA;NA;NA;NA;NA;NA;NA;NA;NA;NA;NA;NA;NA;NA;NA;NA;NA;NA;NA;NA;NA;NA;NA;NA
Natrix_natrix;Squamata;Serpentes;Natricidae;Extant;1_Unicuspid;0;0;0;Carnivorous;Predatory;0;0;Watanabe et al. 2019;10.1073/pnas.1820967116;FLMNH 1917.6.22.1;Watanabe et al. 2019;10.1073/pnas.1820967116;1.29E+00;3.27E-01;5.44E-02;2.45E-03;1.30E-02;2.67E-11;1.55E-02;3.18E-11;NA;NA;NA;NA;NA;NA;NA;NA;NA;NA;NA;NA;NA;NA;NA;NA;NA;NA;NA;NA;NA;NA;NA;NA;NA;NA;NA;NA;NA;NA;NA;NA;NA;NA;NA;NA;NA;NA;NA;NA;NA;NA;NA;NA;NA;NA;NA;NA;NA;NA;NA;NA;NA;NA;NA;NA;NA;NA;NA;NA;NA;NA;NA;NA;NA;NA;NA;NA;NA;NA;NA;NA;NA;NA;NA;NA;NA;NA;NA;NA;NA;NA;NA;NA;NA;NA;NA;NA;NA;NA;NA;NA;NA;NA;NA;NA;NA;NA;NA;NA;NA;NA;NA;NA;NA;NA;NA;NA;NA;NA;NA;NA;NA;NA;NA;NA;NA;NA;NA;NA;NA;NA;NA;NA;NA;NA;NA
Necrosaurus_eucarinatus;Squamata;Anguimorpha;Necrosauridae;Fossil;1_Unicuspid;0;0;0;Carnivorous;Predatory;0;0;Rage 2013;10.1007/s12549-013-0124-x;USTL ECX 53;This study;This study;5.28E+00;7.17E-01;4.37E-02;7.42E-03;1.08E-02;2.22E-11;1.27E-02;2.61E-11;NA;NA;NA;NA;NA;NA;NA;NA;NA;NA;NA;NA;NA;NA;NA;NA;NA;NA;NA;NA;NA;NA;NA;NA;NA;NA;NA;NA;NA;NA;NA;NA;NA;NA;NA;NA;NA;NA;NA;NA;NA;NA;NA;NA;NA;NA;NA;NA;NA;NA;NA;NA;NA;NA;NA;NA;NA;NA;NA;NA;NA;NA;NA;NA;NA;NA;NA;NA;NA;NA;NA;NA;NA;NA;NA;NA;NA;NA;NA;NA;NA;NA;NA;NA;NA;NA;NA;NA;NA;NA;NA;NA;NA;NA;NA;NA;NA;NA;NA;NA;NA;NA;NA;NA;NA;NA;NA;NA;NA;NA;NA;NA;NA;NA;NA;NA;NA;NA;NA;NA;NA;NA;NA;NA;NA;NA;NA
Nephrurus_levis;Squamata;Gekkota;Carphodactylidae;Extant;1_Unicuspid;0;0;0;Insectivorous;Predatory;0;0;Gauthier et al. 2012;10.3374/014.053.0101;YPM 12868;Meiri 2018;10.1111/geb.12773;1.25E+00;1.17E+00;4.37E-02;7.42E-03;8.92E-03;1.84E-11;1.11E-02;2.29E-11;NA;NA;NA;NA;NA;NA;NA;NA;NA;NA;NA;NA;NA;NA;NA;NA;NA;NA;NA;NA;NA;NA;NA;NA;NA;NA;NA;NA;NA;NA;NA;NA;NA;NA;NA;NA;NA;NA;NA;NA;NA;NA;NA;NA;NA;NA;NA;NA;NA;NA;NA;NA;NA;NA;NA;NA;NA;NA;NA;NA;NA;NA;NA;NA;NA;NA;NA;NA;NA;NA;NA;NA;NA;NA;NA;NA;NA;NA;NA;NA;NA;NA;NA;NA;NA;NA;NA;NA;NA;NA;NA;NA;NA;NA;NA;NA;NA;NA;NA;NA;NA;NA;NA;NA;NA;NA;NA;NA;NA;NA;NA;NA;NA;NA;NA;NA;NA;NA;NA;NA;NA;NA;NA;NA;NA;NA;NA
Nerodia_sipedon;Squamata;Serpentes;Natricidae;Extant;1_Unicuspid;0;0;0;Carnivorous;Predatory;0;0;Da Silva et al. 2018;10.1038/s41467-017-02788-3;ZMB 37753;King 1993;10.2307/1564912;1.25E+00;3.58E-01;5.44E-02;2.45E-03;1.30E-02;2.67E-11;1.55E-02;3.18E-11;NA;NA;NA;NA;NA;NA;NA;NA;NA;NA;NA;NA;NA;NA;NA;NA;NA;NA;NA;NA;NA;NA;NA;NA;NA;NA;NA;NA;NA;NA;NA;NA;NA;NA;NA;NA;NA;NA;NA;NA;NA;NA;NA;NA;NA;NA;NA;NA;NA;NA;NA;NA;NA;NA;NA;NA;NA;NA;NA;NA;NA;NA;NA;NA;NA;NA;NA;NA;NA;NA;NA;NA;NA;NA;NA;NA;NA;NA;NA;NA;NA;NA;NA;NA;NA;NA;NA;NA;NA;NA;NA;NA;NA;NA;NA;NA;NA;NA;NA;NA;NA;NA;NA;NA;NA;NA;NA;NA;NA;NA;NA;NA;NA;NA;NA;NA;NA;NA;NA;NA;NA;NA;NA;NA;NA;NA;NA
Norellius_nyctisaurops;Squamata;Gekkota;Eichstaettisauridae;Fossil;1_Unicuspid;0;0;0;Insectivorous;Predatory;0;0;Conrad & Daza 2015;10.1080/02724634.2015.980891;AMNH FR 21444;This study;This study;1.32E+00;4.74E-01;4.37E-02;7.42E-03;1.44E-02;2.97E-11;1.71E-02;3.52E-11;NA;NA;NA;NA;NA;NA;NA;NA;NA;NA;NA;NA;NA;NA;NA;NA;NA;NA;NA;NA;NA;NA;NA;NA;NA;NA;NA;NA;NA;NA;NA;NA;NA;NA;NA;NA;NA;NA;NA;NA;NA;NA;NA;NA;NA;NA;NA;NA;NA;NA;NA;NA;NA;NA;NA;NA;NA;NA;NA;NA;NA;NA;NA;NA;NA;NA;NA;NA;NA;NA;NA;NA;NA;NA;NA;NA;NA;NA;NA;NA;NA;NA;NA;NA;NA;NA;NA;NA;NA;NA;NA;NA;NA;NA;NA;NA;NA;NA;NA;NA;NA;NA;NA;NA;NA;NA;NA;NA;NA;NA;NA;NA;NA;NA;NA;NA;NA;NA;NA;NA;NA;NA;NA;NA;NA;NA;NA
Nothobachia_ablephara;Squamata;Lacertoidea;Gymnophthalmidae;Extant;1_Unicuspid;0;0;0;Insectivorous;Predatory;0;0;Roscito & Rodrigues 2010;10.1002/jmor.10878;MZUSP/MTR;Meiri 2018;10.1111/geb.12773;1.97E+02;6.37E+00;4.48E-02;6.90E-03;2.04E-02;4.20E-11;2.09E-02;4.30E-11;NA;NA;NA;NA;NA;NA;NA;NA;NA;NA;NA;NA;NA;NA;NA;NA;NA;NA;NA;NA;NA;NA;NA;NA;NA;NA;NA;NA;NA;NA;NA;NA;NA;NA;NA;NA;NA;NA;NA;NA;NA;NA;NA;NA;NA;NA;NA;NA;NA;NA;NA;NA;NA;NA;NA;NA;NA;NA;NA;NA;NA;NA;NA;NA;NA;NA;NA;NA;NA;NA;NA;NA;NA;NA;NA;NA;NA;NA;NA;NA;NA;NA;NA;NA;NA;NA;NA;NA;NA;NA;NA;NA;NA;NA;NA;NA;NA;NA;NA;NA;NA;NA;NA;NA;NA;NA;NA;NA;NA;NA;NA;NA;NA;NA;NA;NA;NA;NA;NA;NA;NA;NA;NA;NA;NA;NA;NA
Odaxosaurus_piger;Squamata;Anguimorpha;Anguidae;Fossil;1_Unicuspid;0;0;0;Insectivorous;Predatory;0;0;Klembara et al. 2017;10.1080/08912963.2017.1416469;MCZ 3689;This study;This study;2.28E+01;4.30E-01;4.37E-02;7.42E-03;3.87E-02;7.97E-11;3.23E-02;6.65E-11;NA;NA;NA;NA;NA;NA;NA;NA;NA;NA;NA;NA;NA;NA;NA;NA;NA;NA;NA;NA;NA;NA;NA;NA;NA;NA;NA;NA;NA;NA;NA;NA;NA;NA;NA;NA;NA;NA;NA;NA;NA;NA;NA;NA;NA;NA;NA;NA;NA;NA;NA;NA;NA;NA;NA;NA;NA;NA;NA;NA;NA;NA;NA;NA;NA;NA;NA;NA;NA;NA;NA;NA;NA;NA;NA;NA;NA;NA;NA;NA;NA;NA;NA;NA;NA;NA;NA;NA;NA;NA;NA;NA;NA;NA;NA;NA;NA;NA;NA;NA;NA;NA;NA;NA;NA;NA;NA;NA;NA;NA;NA;NA;NA;NA;NA;NA;NA;NA;NA;NA;NA;NA;NA;NA;NA;NA;NA
Oedura_tryoni;Squamata;Gekkota;Diplodactylidae;Extant;1_Unicuspid;0;0;0;Insectivorous;Predatory;0;0;Sumida & Murphy 1987;10.1139/z87-438;LLG103;Meiri 2018;10.1111/geb.12773;1.31E+00;9.78E-01;4.37E-02;7.42E-03;8.20E-03;1.69E-11;1.04E-02;2.14E-11;NA;NA;NA;NA;NA;NA;NA;NA;NA;NA;NA;NA;NA;NA;NA;NA;NA;NA;NA;NA;NA;NA;NA;NA;NA;NA;NA;NA;NA;NA;NA;NA;NA;NA;NA;NA;NA;NA;NA;NA;NA;NA;NA;NA;NA;NA;NA;NA;NA;NA;NA;NA;NA;NA;NA;NA;NA;NA;NA;NA;NA;NA;NA;NA;NA;NA;NA;NA;NA;NA;NA;NA;NA;NA;NA;NA;NA;NA;NA;NA;NA;NA;NA;NA;NA;NA;NA;NA;NA;NA;NA;NA;NA;NA;NA;NA;NA;NA;NA;NA;NA;NA;NA;NA;NA;NA;NA;NA;NA;NA;NA;NA;NA;NA;NA;NA;NA;NA;NA;NA;NA;NA;NA;NA;NA;NA;NA
Ophisaurus_sp;Squamata;Anguimorpha;Anguidae;Fossil;1_Unicuspid;0;0;0;Insectivorous;Predatory;0;0;Klembara et al. 2017;10.1080/08912963.2017.1416469;SMNS 96576a;This study;This study;4.59E+01;8.48E-01;4.37E-02;7.42E-03;3.75E-02;7.73E-11;3.17E-02;6.53E-11;NA;NA;NA;NA;NA;NA;NA;NA;NA;NA;NA;NA;NA;NA;NA;NA;NA;NA;NA;NA;NA;NA;NA;NA;NA;NA;NA;NA;NA;NA;NA;NA;NA;NA;NA;NA;NA;NA;NA;NA;NA;NA;NA;NA;NA;NA;NA;NA;NA;NA;NA;NA;NA;NA;NA;NA;NA;NA;NA;NA;NA;NA;NA;NA;NA;NA;NA;NA;NA;NA;NA;NA;NA;NA;NA;NA;NA;NA;NA;NA;NA;NA;NA;NA;NA;NA;NA;NA;NA;NA;NA;NA;NA;NA;NA;NA;NA;NA;NA;NA;NA;NA;NA;NA;NA;NA;NA;NA;NA;NA;NA;NA;NA;NA;NA;NA;NA;NA;NA;NA;NA;NA;NA;NA;NA;NA;NA
Opisthotropis_latouchii;Squamata;Serpentes;Natricidae;Extant;1_Unicuspid;0;0;0;Insectivorous;Predatory;0;0;Da Silva et al. 2018;10.1038/s41467-017-02788-3;ZMB 67308;Wang et al. 2012;10.2305/IUCN.UK.2012-1.RLTS.T192205A2055421.en;1.04E+00;3.11E-01;5.44E-02;2.45E-03;1.10E-02;2.26E-11;1.32E-02;2.73E-11;NA;NA;NA;NA;NA;NA;NA;NA;NA;NA;NA;NA;NA;NA;NA;NA;NA;NA;NA;NA;NA;NA;NA;NA;NA;NA;NA;NA;NA;NA;NA;NA;NA;NA;NA;NA;NA;NA;NA;NA;NA;NA;NA;NA;NA;NA;NA;NA;NA;NA;NA;NA;NA;NA;NA;NA;NA;NA;NA;NA;NA;NA;NA;NA;NA;NA;NA;NA;NA;NA;NA;NA;NA;NA;NA;NA;NA;NA;NA;NA;NA;NA;NA;NA;NA;NA;NA;NA;NA;NA;NA;NA;NA;NA;NA;NA;NA;NA;NA;NA;NA;NA;NA;NA;NA;NA;NA;NA;NA;NA;NA;NA;NA;NA;NA;NA;NA;NA;NA;NA;NA;NA;NA;NA;NA;NA;NA
Oplurus_cyclurus;Squamata;Iguania;Opluridae;Extant;3_Tricuspid;1;1;0;Carnivorous;Predatory;0;0;This study;This study;Di-Poï lab;Meiri 2018;10.1111/geb.12773;2.12E+01;1.03E+01;4.90E-02;5.54E-03;2.44E-02;5.03E-11;1.60E-02;3.29E-11;-9.12E-01;3.19E-01;-3.99E-02;2.27E-01;-1.46E-01;5.73E-02;1.59E-01;3.42E-02;9.30E-02;-1.87E-02;-2.78E-02;-4.93E-02;-2.84E-02;3.38E-02;5.61E-03;1.07E-02;-3.79E-02;-3.61E-02;1.37E-02;2.99E-02;-4.91E-02;4.68E-02;3.76E-02;1.55E-02;2.67E-02;-1.78E-02;3.46E-03;-2.67E-02;-7.56E-03;-7.35E-03;-9.66E-03;-1.40E-02;1.30E-02;-9.81E-03;-1.12E-02;5.26E-03;3.73E-03;-3.65E-05;3.04E-03;4.62E-03;-8.05E-04;3.13E-03;9.12E+00;-1.57E+01;3.28E+00;-6.65E+00;5.37E+00;3.85E+00;2.79E+00;1.11E+01;-4.78E+00;-1.55E+00;-5.03E+00;-7.56E+00;-3.67E+00;-3.96E+00;-7.46E+00;1.28E+01;-9.93E+00;3.07E+00;-4.02E-02;-2.79E+00;3.95E-01;1.18E+00;-6.52E+00;3.14E+00;-7.40E+00;7.93E-01;-1.02E+00;-3.39E+00;-4.94E+00;1.43E+00;2.39E+00;5.89E+00;1.30E+01;5.00E+00;-9.96E+00;-8.67E+00;9.78E-01;1.06E+01;1.45E+00;1.31E+00;-1.06E+00;6.47E+00;-2.86E-01;-4.28E-01;1.08E-01;-1.21E-01;4.83E-02;1.32E-01;3.11E-01;6.79E-02;-1.09E-01;5.85E-02;-6.53E-02;-1.49E-02;5.85E-03;-4.53E-02;-2.57E-02;-5.93E-02;1.97E-02;-8.43E-03;8.53E-03;5.90E-02;-5.84E-02;-3.49E-02;-4.99E-02;1.63E-02;8.58E-04;-1.86E-02;-5.63E-03;-1.35E-02;-2.54E-02;-1.25E-02;-2.99E-03;1.58E-02;-1.37E-02;1.89E-02;-2.92E-03;-1.11E-02;-1.15E-03;-7.22E-03;-6.62E-03;-1.13E-03;-1.49E-03;-5.17E-03;1.02E-01
Pachyrhachis_problematicus;Squamata;Serpentes;NA;Fossil;1_Unicuspid;0;0;0;Carnivorous;Predatory;0;0;Lee & Caldwell 1998;10.1098/rstb.1998.0308;(HUJ-PAL 3659;Scanlon & Lee 2000;10.1038/35000188;3.46E+00;3.31E-01;4.37E-02;7.42E-03;9.79E-03;2.02E-11;1.24E-02;2.55E-11;NA;NA;NA;NA;NA;NA;NA;NA;NA;NA;NA;NA;NA;NA;NA;NA;NA;NA;NA;NA;NA;NA;NA;NA;NA;NA;NA;NA;NA;NA;NA;NA;NA;NA;NA;NA;NA;NA;NA;NA;NA;NA;NA;NA;NA;NA;NA;NA;NA;NA;NA;NA;NA;NA;NA;NA;NA;NA;NA;NA;NA;NA;NA;NA;NA;NA;NA;NA;NA;NA;NA;NA;NA;NA;NA;NA;NA;NA;NA;NA;NA;NA;NA;NA;NA;NA;NA;NA;NA;NA;NA;NA;NA;NA;NA;NA;NA;NA;NA;NA;NA;NA;NA;NA;NA;NA;NA;NA;NA;NA;NA;NA;NA;NA;NA;NA;NA;NA;NA;NA;NA;NA;NA;NA;NA;NA;NA
Palaeocordylus_bohemicus;Squamata;Scincoidea;Cordylidae;Fossil;1_Unicuspid;0;0;0;Insectivorous;Predatory;0;0;?er?anský 2012;10.5252/g2012n4a6;Ah-1088 SGDB;This study;This study;6.75E+00;7.96E+00;4.37E-02;7.42E-03;9.77E-03;2.01E-11;1.03E-02;2.12E-11;NA;NA;NA;NA;NA;NA;NA;NA;NA;NA;NA;NA;NA;NA;NA;NA;NA;NA;NA;NA;NA;NA;NA;NA;NA;NA;NA;NA;NA;NA;NA;NA;NA;NA;NA;NA;NA;NA;NA;NA;NA;NA;NA;NA;NA;NA;NA;NA;NA;NA;NA;NA;NA;NA;NA;NA;NA;NA;NA;NA;NA;NA;NA;NA;NA;NA;NA;NA;NA;NA;NA;NA;NA;NA;NA;NA;NA;NA;NA;NA;NA;NA;NA;NA;NA;NA;NA;NA;NA;NA;NA;NA;NA;NA;NA;NA;NA;NA;NA;NA;NA;NA;NA;NA;NA;NA;NA;NA;NA;NA;NA;NA;NA;NA;NA;NA;NA;NA;NA;NA;NA;NA;NA;NA;NA;NA;NA
Palaeopython_fischeri;Squamata;Serpentes;Boidae;Fossil;1_Unicuspid;0;0;0;Carnivorous;Predatory;0;0;Smith & Scanferla 2016;10.1007/s12549-016-0244-1;SMF ME 11332a;Smith & Scanferla 2016;10.1007/s12549-016-0244-1;9.52E-01;2.12E-01;5.44E-02;2.45E-03;2.74E-02;5.65E-11;2.55E-02;5.26E-11;NA;NA;NA;NA;NA;NA;NA;NA;NA;NA;NA;NA;NA;NA;NA;NA;NA;NA;NA;NA;NA;NA;NA;NA;NA;NA;NA;NA;NA;NA;NA;NA;NA;NA;NA;NA;NA;NA;NA;NA;NA;NA;NA;NA;NA;NA;NA;NA;NA;NA;NA;NA;NA;NA;NA;NA;NA;NA;NA;NA;NA;NA;NA;NA;NA;NA;NA;NA;NA;NA;NA;NA;NA;NA;NA;NA;NA;NA;NA;NA;NA;NA;NA;NA;NA;NA;NA;NA;NA;NA;NA;NA;NA;NA;NA;NA;NA;NA;NA;NA;NA;NA;NA;NA;NA;NA;NA;NA;NA;NA;NA;NA;NA;NA;NA;NA;NA;NA;NA;NA;NA;NA;NA;NA;NA;NA;NA
Palaeoxantusia_allisoni;Squamata;Scincoidea;Xantusiidae;Fossil;3_Tricuspid;1;1;0;Insectivorous;Predatory;0;0;Schatzinger 1980;Journal of Paleontology, 54(2):460-471;UCMP 104758;This study;This study;3.85E+01;2.63E+01;4.37E-02;7.42E-03;1.95E-02;4.01E-11;3.20E-02;6.60E-11;NA;NA;NA;NA;NA;NA;NA;NA;NA;NA;NA;NA;NA;NA;NA;NA;NA;NA;NA;NA;NA;NA;NA;NA;NA;NA;NA;NA;NA;NA;NA;NA;NA;NA;NA;NA;NA;NA;NA;NA;NA;NA;NA;NA;NA;NA;NA;NA;NA;NA;NA;NA;NA;NA;NA;NA;NA;NA;NA;NA;NA;NA;NA;NA;NA;NA;NA;NA;NA;NA;NA;NA;NA;NA;NA;NA;NA;NA;NA;NA;NA;NA;NA;NA;NA;NA;NA;NA;NA;NA;NA;NA;NA;NA;NA;NA;NA;NA;NA;NA;NA;NA;NA;NA;NA;NA;NA;NA;NA;NA;NA;NA;NA;NA;NA;NA;NA;NA;NA;NA;NA;NA;NA;NA;NA;NA;NA
Palaeoxantusia_borealis;Squamata;Scincoidea;Xantusiidae;Fossil;1_Unicuspid;0;0;0;Insectivorous;Predatory;0;0;Holman 1972;10.1139/e72-143;SMNH 1435;This study;This study;1.73E+01;2.45E+01;4.37E-02;7.42E-03;1.21E-02;2.49E-11;1.40E-02;2.88E-11;NA;NA;NA;NA;NA;NA;NA;NA;NA;NA;NA;NA;NA;NA;NA;NA;NA;NA;NA;NA;NA;NA;NA;NA;NA;NA;NA;NA;NA;NA;NA;NA;NA;NA;NA;NA;NA;NA;NA;NA;NA;NA;NA;NA;NA;NA;NA;NA;NA;NA;NA;NA;NA;NA;NA;NA;NA;NA;NA;NA;NA;NA;NA;NA;NA;NA;NA;NA;NA;NA;NA;NA;NA;NA;NA;NA;NA;NA;NA;NA;NA;NA;NA;NA;NA;NA;NA;NA;NA;NA;NA;NA;NA;NA;NA;NA;NA;NA;NA;NA;NA;NA;NA;NA;NA;NA;NA;NA;NA;NA;NA;NA;NA;NA;NA;NA;NA;NA;NA;NA;NA;NA;NA;NA;NA;NA;NA
Palaeoxantusia_fera;Squamata;Scincoidea;Xantusiidae;Fossil;1_Unicuspid;0;0;0;Insectivorous;Predatory;0;0;Estes 1976;Journal of Paleontology, 50(3):500-520;PU 16775;This study;This study;1.80E+01;2.72E+01;4.37E-02;7.42E-03;3.78E-02;7.79E-11;3.18E-02;6.56E-11;NA;NA;NA;NA;NA;NA;NA;NA;NA;NA;NA;NA;NA;NA;NA;NA;NA;NA;NA;NA;NA;NA;NA;NA;NA;NA;NA;NA;NA;NA;NA;NA;NA;NA;NA;NA;NA;NA;NA;NA;NA;NA;NA;NA;NA;NA;NA;NA;NA;NA;NA;NA;NA;NA;NA;NA;NA;NA;NA;NA;NA;NA;NA;NA;NA;NA;NA;NA;NA;NA;NA;NA;NA;NA;NA;NA;NA;NA;NA;NA;NA;NA;NA;NA;NA;NA;NA;NA;NA;NA;NA;NA;NA;NA;NA;NA;NA;NA;NA;NA;NA;NA;NA;NA;NA;NA;NA;NA;NA;NA;NA;NA;NA;NA;NA;NA;NA;NA;NA;NA;NA;NA;NA;NA;NA;NA;NA
Palaeoxantusia_kyrentos;Squamata;Scincoidea;Xantusiidae;Fossil;3_Tricuspid;1;1;0;Insectivorous;Predatory;0;0;Schatzinger 1980;Journal of Paleontology, 54(2):460-471;UCMP 106000;This study;This study;3.86E+01;2.73E+01;4.37E-02;7.42E-03;1.95E-02;4.01E-11;3.20E-02;6.60E-11;NA;NA;NA;NA;NA;NA;NA;NA;NA;NA;NA;NA;NA;NA;NA;NA;NA;NA;NA;NA;NA;NA;NA;NA;NA;NA;NA;NA;NA;NA;NA;NA;NA;NA;NA;NA;NA;NA;NA;NA;NA;NA;NA;NA;NA;NA;NA;NA;NA;NA;NA;NA;NA;NA;NA;NA;NA;NA;NA;NA;NA;NA;NA;NA;NA;NA;NA;NA;NA;NA;NA;NA;NA;NA;NA;NA;NA;NA;NA;NA;NA;NA;NA;NA;NA;NA;NA;NA;NA;NA;NA;NA;NA;NA;NA;NA;NA;NA;NA;NA;NA;NA;NA;NA;NA;NA;NA;NA;NA;NA;NA;NA;NA;NA;NA;NA;NA;NA;NA;NA;NA;NA;NA;NA;NA;NA;NA
Palaeoxantusia_sp;Squamata;Scincoidea;Xantusiidae;Fossil;1_Unicuspid;0;0;0;Insectivorous;Predatory;0;0;Smith 2009;10.1017/S1477201909002752;;This study;This study;1.54E+01;8.86E+00;4.37E-02;7.42E-03;3.21E-02;6.61E-11;2.84E-02;5.85E-11;NA;NA;NA;NA;NA;NA;NA;NA;NA;NA;NA;NA;NA;NA;NA;NA;NA;NA;NA;NA;NA;NA;NA;NA;NA;NA;NA;NA;NA;NA;NA;NA;NA;NA;NA;NA;NA;NA;NA;NA;NA;NA;NA;NA;NA;NA;NA;NA;NA;NA;NA;NA;NA;NA;NA;NA;NA;NA;NA;NA;NA;NA;NA;NA;NA;NA;NA;NA;NA;NA;NA;NA;NA;NA;NA;NA;NA;NA;NA;NA;NA;NA;NA;NA;NA;NA;NA;NA;NA;NA;NA;NA;NA;NA;NA;NA;NA;NA;NA;NA;NA;NA;NA;NA;NA;NA;NA;NA;NA;NA;NA;NA;NA;NA;NA;NA;NA;NA;NA;NA;NA;NA;NA;NA;NA;NA;NA
Pantherophis_obsoletus;Squamata;Serpentes;Colubridae;Extant;1_Unicuspid;0;0;0;Carnivorous;Predatory;0;0;Da Silva et al. 2018;10.1038/s41467-017-02788-3;ZMB 8402;Weatherhead et al. 2003;"10.1674/0003-0031(2003)150[0275:SAPDPO]2.0.CO;2";1.93E+00;5.04E-01;5.44E-02;2.45E-03;2.93E-02;6.04E-11;2.68E-02;5.53E-11;NA;NA;NA;NA;NA;NA;NA;NA;NA;NA;NA;NA;NA;NA;NA;NA;NA;NA;NA;NA;NA;NA;NA;NA;NA;NA;NA;NA;NA;NA;NA;NA;NA;NA;NA;NA;NA;NA;NA;NA;NA;NA;NA;NA;NA;NA;NA;NA;NA;NA;NA;NA;NA;NA;NA;NA;NA;NA;NA;NA;NA;NA;NA;NA;NA;NA;NA;NA;NA;NA;NA;NA;NA;NA;NA;NA;NA;NA;NA;NA;NA;NA;NA;NA;NA;NA;NA;NA;NA;NA;NA;NA;NA;NA;NA;NA;NA;NA;NA;NA;NA;NA;NA;NA;NA;NA;NA;NA;NA;NA;NA;NA;NA;NA;NA;NA;NA;NA;NA;NA;NA;NA;NA;NA;NA;NA;NA
Paramacellodus_oweni;Squamata;Scincoidea;Paramacellodidae;Fossil;1_Unicuspid;0;0;0;Insectivorous;Predatory;0;0;Averianov & Skutchas 1999;1026-2296/99/0602-0115;ZISP PH, 1/4;This study;This study;4.14E+00;3.90E-01;4.37E-02;7.42E-03;1.06E-02;2.18E-11;9.38E-03;1.93E-11;NA;NA;NA;NA;NA;NA;NA;NA;NA;NA;NA;NA;NA;NA;NA;NA;NA;NA;NA;NA;NA;NA;NA;NA;NA;NA;NA;NA;NA;NA;NA;NA;NA;NA;NA;NA;NA;NA;NA;NA;NA;NA;NA;NA;NA;NA;NA;NA;NA;NA;NA;NA;NA;NA;NA;NA;NA;NA;NA;NA;NA;NA;NA;NA;NA;NA;NA;NA;NA;NA;NA;NA;NA;NA;NA;NA;NA;NA;NA;NA;NA;NA;NA;NA;NA;NA;NA;NA;NA;NA;NA;NA;NA;NA;NA;NA;NA;NA;NA;NA;NA;NA;NA;NA;NA;NA;NA;NA;NA;NA;NA;NA;NA;NA;NA;NA;NA;NA;NA;NA;NA;NA;NA;NA;NA;NA;NA
Pareas_carinatus;Squamata;Serpentes;Pareidae;Extant;1_Unicuspid;0;0;0;Insectivorous;Predatory;0;0;Watanabe et al. 2019;10.1073/pnas.1820967116;FMNH 128304;Watanabe et al. 2019;10.1073/pnas.1820967116;9.40E-01;2.22E-01;5.44E-02;2.45E-03;7.14E-03;1.47E-11;8.74E-03;1.80E-11;NA;NA;NA;NA;NA;NA;NA;NA;NA;NA;NA;NA;NA;NA;NA;NA;NA;NA;NA;NA;NA;NA;NA;NA;NA;NA;NA;NA;NA;NA;NA;NA;NA;NA;NA;NA;NA;NA;NA;NA;NA;NA;NA;NA;NA;NA;NA;NA;NA;NA;NA;NA;NA;NA;NA;NA;NA;NA;NA;NA;NA;NA;NA;NA;NA;NA;NA;NA;NA;NA;NA;NA;NA;NA;NA;NA;NA;NA;NA;NA;NA;NA;NA;NA;NA;NA;NA;NA;NA;NA;NA;NA;NA;NA;NA;NA;NA;NA;NA;NA;NA;NA;NA;NA;NA;NA;NA;NA;NA;NA;NA;NA;NA;NA;NA;NA;NA;NA;NA;NA;NA;NA;NA;NA;NA;NA;NA
Parmeosaurus_scutatus;Squamata;Scincoidea;NA;Fossil;3_Tricuspid;1;1;0;Insectivorous;Predatory;0;0;Gao & Norell 2000;"10.1206/0003-0090(2000)249<0001:TCASOL>2.0.CO;2";IGM 3/138;Gao & Norell 2000;"10.1206/0003-0090(2000)249<0001:TCASOL>2.0.CO;2";9.16E+00;1.12E+00;4.37E-02;7.42E-03;2.07E-02;4.26E-11;5.52E-03;1.14E-11;NA;NA;NA;NA;NA;NA;NA;NA;NA;NA;NA;NA;NA;NA;NA;NA;NA;NA;NA;NA;NA;NA;NA;NA;NA;NA;NA;NA;NA;NA;NA;NA;NA;NA;NA;NA;NA;NA;NA;NA;NA;NA;NA;NA;NA;NA;NA;NA;NA;NA;NA;NA;NA;NA;NA;NA;NA;NA;NA;NA;NA;NA;NA;NA;NA;NA;NA;NA;NA;NA;NA;NA;NA;NA;NA;NA;NA;NA;NA;NA;NA;NA;NA;NA;NA;NA;NA;NA;NA;NA;NA;NA;NA;NA;NA;NA;NA;NA;NA;NA;NA;NA;NA;NA;NA;NA;NA;NA;NA;NA;NA;NA;NA;NA;NA;NA;NA;NA;NA;NA;NA;NA;NA;NA;NA;NA;NA
Paroedura_picta;Squamata;Gekkota;Gekkonidae;Extant;1_Unicuspid;0;0;0;Insectivorous;Predatory;0;0;Zahradnicek et al. 2014;10.3389/fphys.2014.00074;NA;Meiri 2018;10.1111/geb.12773;1.32E+00;1.93E+00;4.37E-02;7.42E-03;6.15E-03;1.27E-11;6.61E-03;1.36E-11;NA;NA;NA;NA;NA;NA;NA;NA;NA;NA;NA;NA;NA;NA;NA;NA;NA;NA;NA;NA;NA;NA;NA;NA;NA;NA;NA;NA;NA;NA;NA;NA;NA;NA;NA;NA;NA;NA;NA;NA;NA;NA;NA;NA;NA;NA;NA;NA;NA;NA;NA;NA;NA;NA;NA;NA;NA;NA;NA;NA;NA;NA;NA;NA;NA;NA;NA;NA;NA;NA;NA;NA;NA;NA;NA;NA;NA;NA;NA;NA;NA;NA;NA;NA;NA;NA;NA;NA;NA;NA;NA;NA;NA;NA;NA;NA;NA;NA;NA;NA;NA;NA;NA;NA;NA;NA;NA;NA;NA;NA;NA;NA;NA;NA;NA;NA;NA;NA;NA;NA;NA;NA;NA;NA;NA;NA;NA
Parvilacerta_parva;Squamata;Lacertoidea;Lacertidae;Extant;2_Bicuspid;1;0;0;Insectivorous;Predatory;0;0;Müller 2002;10.1002/jmor.1111;ZFMK uncataloged;Meiri 2018;10.1111/geb.12773;1.70E+02;6.66E+01;4.37E-02;7.42E-03;2.52E-02;5.20E-11;1.17E-02;2.40E-11;NA;NA;NA;NA;NA;NA;NA;NA;NA;NA;NA;NA;NA;NA;NA;NA;NA;NA;NA;NA;NA;NA;NA;NA;NA;NA;NA;NA;NA;NA;NA;NA;NA;NA;NA;NA;NA;NA;NA;NA;NA;NA;NA;NA;NA;NA;NA;NA;NA;NA;NA;NA;NA;NA;NA;NA;NA;NA;NA;NA;NA;NA;NA;NA;NA;NA;NA;NA;NA;NA;NA;NA;NA;NA;NA;NA;NA;NA;NA;NA;NA;NA;NA;NA;NA;NA;NA;NA;NA;NA;NA;NA;NA;NA;NA;NA;NA;NA;NA;NA;NA;NA;NA;NA;NA;NA;NA;NA;NA;NA;NA;NA;NA;NA;NA;NA;NA;NA;NA;NA;NA;NA;NA;NA;NA;NA;NA
Pedrerasaurus_latifrontalis;Squamata;Lacertoidea;Teiidae;Fossil;2_Bicuspid;1;0;0;Insectivorous;Predatory;0;0;Bolet & Evans 2010;10.1016/j.cretres.2010.06.002;MGB 47250;This study;This study;3.69E+01;1.61E+00;4.24E-02;1.12E-02;2.27E-02;4.68E-11;2.43E-02;5.00E-11;NA;NA;NA;NA;NA;NA;NA;NA;NA;NA;NA;NA;NA;NA;NA;NA;NA;NA;NA;NA;NA;NA;NA;NA;NA;NA;NA;NA;NA;NA;NA;NA;NA;NA;NA;NA;NA;NA;NA;NA;NA;NA;NA;NA;NA;NA;NA;NA;NA;NA;NA;NA;NA;NA;NA;NA;NA;NA;NA;NA;NA;NA;NA;NA;NA;NA;NA;NA;NA;NA;NA;NA;NA;NA;NA;NA;NA;NA;NA;NA;NA;NA;NA;NA;NA;NA;NA;NA;NA;NA;NA;NA;NA;NA;NA;NA;NA;NA;NA;NA;NA;NA;NA;NA;NA;NA;NA;NA;NA;NA;NA;NA;NA;NA;NA;NA;NA;NA;NA;NA;NA;NA;NA;NA;NA;NA;NA
Peltosaurus_granulosus;Squamata;Anguimorpha;Anguidae;Fossil;2_Bicuspid;1;0;0;Insectivorous;Predatory;0;0;Gauthier et al. 2012;10.3374/014.053.0101;AMNH 8138;This study;This study;3.04E+01;5.36E-01;4.37E-02;7.42E-03;1.99E-02;4.09E-11;1.14E-02;2.34E-11;NA;NA;NA;NA;NA;NA;NA;NA;NA;NA;NA;NA;NA;NA;NA;NA;NA;NA;NA;NA;NA;NA;NA;NA;NA;NA;NA;NA;NA;NA;NA;NA;NA;NA;NA;NA;NA;NA;NA;NA;NA;NA;NA;NA;NA;NA;NA;NA;NA;NA;NA;NA;NA;NA;NA;NA;NA;NA;NA;NA;NA;NA;NA;NA;NA;NA;NA;NA;NA;NA;NA;NA;NA;NA;NA;NA;NA;NA;NA;NA;NA;NA;NA;NA;NA;NA;NA;NA;NA;NA;NA;NA;NA;NA;NA;NA;NA;NA;NA;NA;NA;NA;NA;NA;NA;NA;NA;NA;NA;NA;NA;NA;NA;NA;NA;NA;NA;NA;NA;NA;NA;NA;NA;NA;NA;NA;NA
Peneteius_aquilonius;Squamata;Polyglyphanodontia;Polyglyphanodontidae;Fossil;4_Multicuspid;1;1;1;Insectivorous;Predatory;0;0;Nydam et al. 2000;"10.1671/0272-4634(2000)020[0628:TMLTOT]2.0.CO;2";UCMP 123325;Nydam et al. 2000;"10.1671/0272-4634(2000)020[0628:TMLTOT]2.0.CO;2";7.50E+01;6.00E+00;7.22E-02;9.18E-02;2.04E-02;4.21E-11;1.61E-02;3.32E-11;-1.29E+00;3.69E-01;-3.73E-01;5.11E-01;-5.19E-01;6.19E-01;1.85E-01;-7.84E-02;1.25E-01;-1.53E-01;-1.48E-01;1.28E-02;5.32E-02;-1.32E-01;-3.09E-03;9.77E-03;5.76E-02;-7.97E-02;-3.54E-02;-4.77E-02;4.72E-02;-1.17E-04;4.45E-02;-2.80E-03;5.17E-02;3.53E-03;5.12E-02;-4.36E-03;2.83E-03;1.78E-02;-9.70E-03;1.95E-02;-9.92E-03;-8.70E-03;1.74E-02;3.37E-03;4.73E-03;-9.96E-03;-3.48E-04;-1.21E-03;-3.05E-04;5.26E-03;3.16E+01;-3.17E+00;6.40E-01;-1.65E+01;-2.71E+00;-6.51E+00;-1.33E+01;-3.15E-01;6.43E+00;-2.83E+00;8.61E-01;-6.49E+00;9.13E+00;1.13E+01;-8.19E+00;-1.22E+01;-1.42E+01;1.54E+00;8.84E+00;-1.18E+01;-5.32E+00;-4.51E+00;4.37E+00;3.94E+00;-1.64E+01;1.22E+00;-1.30E-01;1.89E+01;-1.09E+01;5.40E+00;-4.69E-01;1.38E+01;-1.58E+01;-1.37E+01;-1.85E+01;-2.10E+01;-2.35E+00;1.44E+00;-8.28E+00;3.07E+00;5.41E+00;1.20E-01;-6.37E-01;-5.36E-01;5.13E-01;-2.37E-01;1.77E-01;7.34E-01;5.93E-01;2.37E-01;-4.93E-02;1.89E-01;2.28E-02;5.62E-02;-1.14E-01;-9.67E-02;-1.44E-01;5.77E-02;7.27E-02;-4.93E-02;-6.14E-02;-4.59E-02;-6.73E-03;-1.55E-03;-6.57E-02;-1.16E-02;-1.91E-02;7.38E-04;3.30E-02;-9.51E-03;1.06E-02;3.92E-03;-1.30E-02;-1.37E-02;1.22E-02;2.85E-03;5.02E-03;2.03E-02;-5.61E-03;3.78E-03;-5.06E-04;3.53E-03;-1.12E-02;-6.14E-03;4.53E-01
Petrosaurus_mearnsi;Squamata;Iguania;Phrynosomatidae;Extant;3_Tricuspid;1;1;0;Omnivorous;Omnivorous;1;0;Gauthier et al. 2012;10.3374/014.053.0101;FMNH 8431;Meiri 2018;10.1111/geb.12773;3.75E+01;8.50E+00;4.90E-02;5.54E-03;2.27E-02;4.68E-11;2.48E-02;5.73E-11;-6.88E-01;6.40E-01;-2.02E-01;-1.35E-01;-2.14E-01;1.56E-01;3.78E-01;4.65E-02;-4.97E-02;-1.42E-01;-1.47E-01;1.13E-01;4.87E-02;5.04E-02;-1.04E-01;9.39E-02;8.41E-02;4.87E-04;4.55E-02;-6.27E-03;-8.85E-03;-9.56E-02;3.30E-02;1.19E-02;-4.42E-02;2.08E-02;9.51E-03;-1.60E-02;3.97E-02;-7.96E-03;-1.06E-02;-1.81E-02;2.90E-03;-4.02E-03;1.80E-02;-7.02E-03;-7.34E-03;-3.90E-03;8.27E-03;1.85E-03;-4.47E-03;1.73E-03;4.58E+00;1.70E+01;-4.84E+00;-5.86E+00;3.06E+00;-9.42E+00;-1.68E+01;-5.48E+00;4.20E-01;-4.85E+00;-7.43E+00;1.52E+01;-1.60E+01;2.53E+01;-1.58E+01;3.58E+00;-1.13E+01;7.54E+00;-3.05E+00;5.11E+00;-3.68E+00;-4.07E+00;6.47E+00;1.23E+01;-3.32E+00;9.23E+00;3.24E+00;9.00E+00;5.36E+00;-1.69E+01;-1.59E+01;6.61E+00;3.91E+00;-1.02E+01;1.35E+01;-1.23E+01;-4.27E+00;4.35E-01;1.48E+01;6.71E+00;-5.02E-01;-9.14E-01;-7.72E-02;-6.99E-01;1.62E-01;3.72E-01;5.48E-02;1.80E-01;3.06E-01;2.50E-01;-5.57E-02;1.71E-01;1.30E-01;-1.95E-02;6.18E-03;-6.05E-02;8.57E-02;1.95E-02;9.57E-02;8.93E-02;-1.15E-02;4.13E-03;5.67E-02;8.67E-02;4.31E-03;3.21E-02;2.13E-02;2.67E-02;-7.66E-03;-1.36E-02;-3.25E-03;-1.55E-02;-1.46E-03;1.28E-02;-1.70E-02;1.21E-03;1.80E-02;1.17E-03;1.80E-02;9.94E-03;-2.25E-05;-9.37E-03;-5.28E-03;-4.14E-03;1.11E-01
Phalotris_mertensi;Squamata;Serpentes;Colubridae;Extant;1_Unicuspid;0;0;0;Carnivorous;Predatory;0;0;Klackzko et al. 2016;10.1371/journal.pone.0148375;ZUEC 486;Klackzko et al. 2016;10.1371/journal.pone.0148375;1.11E+00;2.54E-01;5.44E-02;2.45E-03;1.70E-02;3.49E-11;1.93E-02;3.97E-11;NA;NA;NA;NA;NA;NA;NA;NA;NA;NA;NA;NA;NA;NA;NA;NA;NA;NA;NA;NA;NA;NA;NA;NA;NA;NA;NA;NA;NA;NA;NA;NA;NA;NA;NA;NA;NA;NA;NA;NA;NA;NA;NA;NA;NA;NA;NA;NA;NA;NA;NA;NA;NA;NA;NA;NA;NA;NA;NA;NA;NA;NA;NA;NA;NA;NA;NA;NA;NA;NA;NA;NA;NA;NA;NA;NA;NA;NA;NA;NA;NA;NA;NA;NA;NA;NA;NA;NA;NA;NA;NA;NA;NA;NA;NA;NA;NA;NA;NA;NA;NA;NA;NA;NA;NA;NA;NA;NA;NA;NA;NA;NA;NA;NA;NA;NA;NA;NA;NA;NA;NA;NA;NA;NA;NA;NA;NA
Phelsuma_lineata;Squamata;Gekkota;Gekkonidae;Extant;1_Unicuspid;0;0;0;Omnivorous;Omnivorous;1;0;Gauthier et al. 2012;10.3374/014.053.0101;FMNH 260100;Meiri 2018;10.1111/geb.12773;1.15E+00;1.57E+00;4.37E-02;7.42E-03;5.96E-03;1.23E-11;1.70E-02;4.37E-11;NA;NA;NA;NA;NA;NA;NA;NA;NA;NA;NA;NA;NA;NA;NA;NA;NA;NA;NA;NA;NA;NA;NA;NA;NA;NA;NA;NA;NA;NA;NA;NA;NA;NA;NA;NA;NA;NA;NA;NA;NA;NA;NA;NA;NA;NA;NA;NA;NA;NA;NA;NA;NA;NA;NA;NA;NA;NA;NA;NA;NA;NA;NA;NA;NA;NA;NA;NA;NA;NA;NA;NA;NA;NA;NA;NA;NA;NA;NA;NA;NA;NA;NA;NA;NA;NA;NA;NA;NA;NA;NA;NA;NA;NA;NA;NA;NA;NA;NA;NA;NA;NA;NA;NA;NA;NA;NA;NA;NA;NA;NA;NA;NA;NA;NA;NA;NA;NA;NA;NA;NA;NA;NA;NA;NA;NA;NA
Philodryas_aestiva;Squamata;Serpentes;Colubridae;Extant;1_Unicuspid;0;0;0;Carnivorous;Predatory;0;0;Klackzko et al. 2016;10.1371/journal.pone.0148375;IBSP 6771;Klackzko et al. 2016;10.1371/journal.pone.0148375;1.08E+00;2.53E-01;5.44E-02;2.45E-03;1.70E-02;3.49E-11;1.93E-02;3.97E-11;NA;NA;NA;NA;NA;NA;NA;NA;NA;NA;NA;NA;NA;NA;NA;NA;NA;NA;NA;NA;NA;NA;NA;NA;NA;NA;NA;NA;NA;NA;NA;NA;NA;NA;NA;NA;NA;NA;NA;NA;NA;NA;NA;NA;NA;NA;NA;NA;NA;NA;NA;NA;NA;NA;NA;NA;NA;NA;NA;NA;NA;NA;NA;NA;NA;NA;NA;NA;NA;NA;NA;NA;NA;NA;NA;NA;NA;NA;NA;NA;NA;NA;NA;NA;NA;NA;NA;NA;NA;NA;NA;NA;NA;NA;NA;NA;NA;NA;NA;NA;NA;NA;NA;NA;NA;NA;NA;NA;NA;NA;NA;NA;NA;NA;NA;NA;NA;NA;NA;NA;NA;NA;NA;NA;NA;NA;NA
Phimophis_guerini;Squamata;Serpentes;Colubridae;Extant;1_Unicuspid;0;0;0;Carnivorous;Predatory;0;0;Klackzko et al. 2016;10.1371/journal.pone.0148375;IBSP 66406;Klackzko et al. 2016;10.1371/journal.pone.0148375;1.42E+00;3.68E-01;5.44E-02;2.45E-03;1.92E-02;3.96E-11;2.13E-02;4.38E-11;NA;NA;NA;NA;NA;NA;NA;NA;NA;NA;NA;NA;NA;NA;NA;NA;NA;NA;NA;NA;NA;NA;NA;NA;NA;NA;NA;NA;NA;NA;NA;NA;NA;NA;NA;NA;NA;NA;NA;NA;NA;NA;NA;NA;NA;NA;NA;NA;NA;NA;NA;NA;NA;NA;NA;NA;NA;NA;NA;NA;NA;NA;NA;NA;NA;NA;NA;NA;NA;NA;NA;NA;NA;NA;NA;NA;NA;NA;NA;NA;NA;NA;NA;NA;NA;NA;NA;NA;NA;NA;NA;NA;NA;NA;NA;NA;NA;NA;NA;NA;NA;NA;NA;NA;NA;NA;NA;NA;NA;NA;NA;NA;NA;NA;NA;NA;NA;NA;NA;NA;NA;NA;NA;NA;NA;NA;NA
Phoboscincus_bocourti;Squamata;Scincoidea;Scincidae;Extant;1_Unicuspid;0;0;0;Carnivorous;Predatory;0;0;Caut et al. 2013;10.1371/journal.pone.0078638;NA;Meiri 2018;10.1111/geb.12773;1.40E+01;4.50E+01;4.37E-02;7.42E-03;1.22E-02;2.52E-11;1.63E-02;3.35E-11;NA;NA;NA;NA;NA;NA;NA;NA;NA;NA;NA;NA;NA;NA;NA;NA;NA;NA;NA;NA;NA;NA;NA;NA;NA;NA;NA;NA;NA;NA;NA;NA;NA;NA;NA;NA;NA;NA;NA;NA;NA;NA;NA;NA;NA;NA;NA;NA;NA;NA;NA;NA;NA;NA;NA;NA;NA;NA;NA;NA;NA;NA;NA;NA;NA;NA;NA;NA;NA;NA;NA;NA;NA;NA;NA;NA;NA;NA;NA;NA;NA;NA;NA;NA;NA;NA;NA;NA;NA;NA;NA;NA;NA;NA;NA;NA;NA;NA;NA;NA;NA;NA;NA;NA;NA;NA;NA;NA;NA;NA;NA;NA;NA;NA;NA;NA;NA;NA;NA;NA;NA;NA;NA;NA;NA;NA;NA
Pholidobolus_montium;Squamata;Lacertoidea;Gymnophthalmidae;Extant;2_Bicuspid;1;0;0;Omnivorous;Omnivorous;1;0;Gauthier et al. 2012;10.3374/014.053.0101;FMNH 197865;Watanabe et al. 2019;10.1073/pnas.1820967116;8.10E+01;4.25E+00;4.48E-02;6.90E-03;2.12E-02;4.37E-11;1.25E-02;3.58E-11;1.76E+00;-7.49E-01;-8.80E-01;-2.47E-01;-1.07E-01;-1.88E-01;-1.26E-01;-1.07E-01;-8.54E-02;1.85E-01;-1.33E-01;1.07E-02;-4.67E-02;3.38E-02;2.63E-02;3.33E-02;3.65E-02;4.93E-02;8.83E-02;-4.65E-02;2.26E-02;4.39E-03;4.21E-02;-9.37E-02;-2.92E-02;-1.53E-03;4.06E-02;2.86E-02;-2.81E-02;1.84E-02;-9.42E-03;-2.08E-03;1.12E-02;7.84E-03;7.20E-03;1.40E-02;-1.03E-02;2.68E-03;1.12E-02;7.08E-03;-5.11E-04;-2.86E-03;5.45E+00;1.96E+01;1.63E+00;-1.21E+01;-5.61E+00;2.73E-01;-4.24E+00;1.11E+01;2.36E+01;1.63E+00;-1.15E+01;-1.56E+00;-2.05E-01;-2.10E+01;1.17E+01;-1.09E+01;5.33E+00;-6.49E+00;4.71E+00;1.49E+01;-7.55E+00;9.45E+00;-4.26E+00;6.07E+00;-5.73E+00;1.50E+01;3.08E+00;6.05E+00;9.84E+00;9.72E+00;-6.55E+00;-1.28E+00;-9.98E+00;5.19E+00;2.31E+01;-4.20E+00;5.49E+00;2.12E+00;1.53E+01;-1.05E+01;1.76E+01;-3.78E+00;2.47E+00;4.35E-01;7.78E-01;1.58E-01;-2.50E-01;7.51E-02;-1.65E-01;-5.87E-02;1.49E-01;-3.03E-01;6.43E-02;-1.40E-01;8.10E-02;9.40E-02;-5.45E-02;3.92E-02;-5.99E-03;1.42E-01;-1.27E-02;-1.23E-02;7.85E-03;-3.96E-02;1.17E-03;-9.49E-03;4.85E-02;6.59E-02;3.00E-02;5.18E-02;4.84E-02;7.62E-03;-8.00E-03;-2.34E-02;-7.73E-04;-4.18E-03;-6.04E-03;1.16E-02;1.09E-02;6.82E-03;-1.42E-02;-1.65E-02;-2.77E-03;-1.50E-03;1.05E-01
Pholidoscelis_exsul;Squamata;Lacertoidea;Teiidae;Extant;3_Tricuspid;1;1;0;Omnivorous;Omnivorous;1;0;Estes & Williams 1984;10.1080/02724634.1984.10011989;MCZ 36370;Meiri 2018;10.1111/geb.12773;5.59E+01;4.98E+00;4.48E-02;6.90E-03;2.44E-02;5.03E-11;1.65E-02;4.28E-11;NA;NA;NA;NA;NA;NA;NA;NA;NA;NA;NA;NA;NA;NA;NA;NA;NA;NA;NA;NA;NA;NA;NA;NA;NA;NA;NA;NA;NA;NA;NA;NA;NA;NA;NA;NA;NA;NA;NA;NA;NA;NA;NA;NA;NA;NA;NA;NA;NA;NA;NA;NA;NA;NA;NA;NA;NA;NA;NA;NA;NA;NA;NA;NA;NA;NA;NA;NA;NA;NA;NA;NA;NA;NA;NA;NA;NA;NA;NA;NA;NA;NA;NA;NA;NA;NA;NA;NA;NA;NA;NA;NA;NA;NA;NA;NA;NA;NA;NA;NA;NA;NA;NA;NA;NA;NA;NA;NA;NA;NA;NA;NA;NA;NA;NA;NA;NA;NA;NA;NA;NA;NA;NA;NA;NA;NA;NA
Phrynocephalus_arabicus;Squamata;Iguania;Agamidae;Extant;1_Unicuspid;0;0;0;Insectivorous;Predatory;0;0;Evans 2008;978-0-91698-476-2;CAS 84380;Meiri 2018;10.1111/geb.12773;1.54E+02;7.28E+00;4.37E-02;7.42E-03;1.85E-02;3.82E-11;1.72E-02;3.55E-11;NA;NA;NA;NA;NA;NA;NA;NA;NA;NA;NA;NA;NA;NA;NA;NA;NA;NA;NA;NA;NA;NA;NA;NA;NA;NA;NA;NA;NA;NA;NA;NA;NA;NA;NA;NA;NA;NA;NA;NA;NA;NA;NA;NA;NA;NA;NA;NA;NA;NA;NA;NA;NA;NA;NA;NA;NA;NA;NA;NA;NA;NA;NA;NA;NA;NA;NA;NA;NA;NA;NA;NA;NA;NA;NA;NA;NA;NA;NA;NA;NA;NA;NA;NA;NA;NA;NA;NA;NA;NA;NA;NA;NA;NA;NA;NA;NA;NA;NA;NA;NA;NA;NA;NA;NA;NA;NA;NA;NA;NA;NA;NA;NA;NA;NA;NA;NA;NA;NA;NA;NA;NA;NA;NA;NA;NA;NA
Phrynocephalus_mystaceus;Squamata;Iguania;Agamidae;Extant;1_Unicuspid;0;0;0;Insectivorous;Predatory;0;0;Zygmunt (unpublished);http://www.milanzygmunt.com/gallery/reptiles/phrynocephalus-mystaceus-agamka-pisecna/;NA;Meiri 2018;10.1111/geb.12773;1.64E+02;8.23E+00;4.37E-02;7.42E-03;1.85E-02;3.82E-11;1.72E-02;3.55E-11;NA;NA;NA;NA;NA;NA;NA;NA;NA;NA;NA;NA;NA;NA;NA;NA;NA;NA;NA;NA;NA;NA;NA;NA;NA;NA;NA;NA;NA;NA;NA;NA;NA;NA;NA;NA;NA;NA;NA;NA;NA;NA;NA;NA;NA;NA;NA;NA;NA;NA;NA;NA;NA;NA;NA;NA;NA;NA;NA;NA;NA;NA;NA;NA;NA;NA;NA;NA;NA;NA;NA;NA;NA;NA;NA;NA;NA;NA;NA;NA;NA;NA;NA;NA;NA;NA;NA;NA;NA;NA;NA;NA;NA;NA;NA;NA;NA;NA;NA;NA;NA;NA;NA;NA;NA;NA;NA;NA;NA;NA;NA;NA;NA;NA;NA;NA;NA;NA;NA;NA;NA;NA;NA;NA;NA;NA;NA
Phrynosoma_asio;Squamata;Iguania;Phrynosomatidae;Extant;1_Unicuspid;0;0;0;Insectivorous;Predatory;0;0;Gauthier et al. 2012;10.3374/014.053.0101;WLH 1093;Meiri 2018;10.1111/geb.12773;1.54E+01;3.46E+00;1.62E-01;1.60E-02;2.09E-02;4.31E-11;2.12E-02;4.38E-11;NA;NA;NA;NA;NA;NA;NA;NA;NA;NA;NA;NA;NA;NA;NA;NA;NA;NA;NA;NA;NA;NA;NA;NA;NA;NA;NA;NA;NA;NA;NA;NA;NA;NA;NA;NA;NA;NA;NA;NA;NA;NA;NA;NA;NA;NA;NA;NA;NA;NA;NA;NA;NA;NA;NA;NA;NA;NA;NA;NA;NA;NA;NA;NA;NA;NA;NA;NA;NA;NA;NA;NA;NA;NA;NA;NA;NA;NA;NA;NA;NA;NA;NA;NA;NA;NA;NA;NA;NA;NA;NA;NA;NA;NA;NA;NA;NA;NA;NA;NA;NA;NA;NA;NA;NA;NA;NA;NA;NA;NA;NA;NA;NA;NA;NA;NA;NA;NA;NA;NA;NA;NA;NA;NA;NA;NA;NA
Phrynosoma_braconnieri;Squamata;Iguania;Phrynosomatidae;Extant;1_Unicuspid;0;0;0;Insectivorous;Predatory;0;0;Gauthier et al. 2012;10.3374/014.053.0101;WLH 1093;Meiri 2018;10.1111/geb.12773;1.70E+01;4.90E+00;1.62E-01;1.60E-02;2.95E-02;6.08E-11;2.71E-02;5.58E-11;NA;NA;NA;NA;NA;NA;NA;NA;NA;NA;NA;NA;NA;NA;NA;NA;NA;NA;NA;NA;NA;NA;NA;NA;NA;NA;NA;NA;NA;NA;NA;NA;NA;NA;NA;NA;NA;NA;NA;NA;NA;NA;NA;NA;NA;NA;NA;NA;NA;NA;NA;NA;NA;NA;NA;NA;NA;NA;NA;NA;NA;NA;NA;NA;NA;NA;NA;NA;NA;NA;NA;NA;NA;NA;NA;NA;NA;NA;NA;NA;NA;NA;NA;NA;NA;NA;NA;NA;NA;NA;NA;NA;NA;NA;NA;NA;NA;NA;NA;NA;NA;NA;NA;NA;NA;NA;NA;NA;NA;NA;NA;NA;NA;NA;NA;NA;NA;NA;NA;NA;NA;NA;NA;NA;NA;NA;NA
Phrynosoma_cornutum;Squamata;Iguania;Phrynosomatidae;Extant;1_Unicuspid;0;0;0;Insectivorous;Predatory;0;0;Gauthier et al. 2012;10.3374/014.053.0101;TNHC 1930;Meiri 2018;10.1111/geb.12773;1.55E+01;3.71E+00;1.62E-01;1.60E-02;2.09E-02;4.31E-11;2.12E-02;4.38E-11;NA;NA;NA;NA;NA;NA;NA;NA;NA;NA;NA;NA;NA;NA;NA;NA;NA;NA;NA;NA;NA;NA;NA;NA;NA;NA;NA;NA;NA;NA;NA;NA;NA;NA;NA;NA;NA;NA;NA;NA;NA;NA;NA;NA;NA;NA;NA;NA;NA;NA;NA;NA;NA;NA;NA;NA;NA;NA;NA;NA;NA;NA;NA;NA;NA;NA;NA;NA;NA;NA;NA;NA;NA;NA;NA;NA;NA;NA;NA;NA;NA;NA;NA;NA;NA;NA;NA;NA;NA;NA;NA;NA;NA;NA;NA;NA;NA;NA;NA;NA;NA;NA;NA;NA;NA;NA;NA;NA;NA;NA;NA;NA;NA;NA;NA;NA;NA;NA;NA;NA;NA;NA;NA;NA;NA;NA;NA
Phrynosoma_coronatum;Squamata;Iguania;Phrynosomatidae;Extant;1_Unicuspid;0;0;0;Insectivorous;Predatory;0;0;Etheridge & de Queiroz 1988;9.78E+12;MVZ 137780;Meiri 2018;10.1111/geb.12773;2.23E+01;4.15E+00;1.62E-01;1.60E-02;2.55E-02;5.25E-11;2.43E-02;5.00E-11;NA;NA;NA;NA;NA;NA;NA;NA;NA;NA;NA;NA;NA;NA;NA;NA;NA;NA;NA;NA;NA;NA;NA;NA;NA;NA;NA;NA;NA;NA;NA;NA;NA;NA;NA;NA;NA;NA;NA;NA;NA;NA;NA;NA;NA;NA;NA;NA;NA;NA;NA;NA;NA;NA;NA;NA;NA;NA;NA;NA;NA;NA;NA;NA;NA;NA;NA;NA;NA;NA;NA;NA;NA;NA;NA;NA;NA;NA;NA;NA;NA;NA;NA;NA;NA;NA;NA;NA;NA;NA;NA;NA;NA;NA;NA;NA;NA;NA;NA;NA;NA;NA;NA;NA;NA;NA;NA;NA;NA;NA;NA;NA;NA;NA;NA;NA;NA;NA;NA;NA;NA;NA;NA;NA;NA;NA;NA
Phrynosoma_ditmarsi;Squamata;Iguania;Phrynosomatidae;Extant;1_Unicuspid;0;0;0;Insectivorous;Predatory;0;0;Gauthier et al. 2012;10.3374/014.053.0101;WLH 1133;Meiri 2018;10.1111/geb.12773;1.95E+01;5.60E+00;1.62E-01;1.60E-02;3.47E-02;7.15E-11;3.01E-02;6.21E-11;NA;NA;NA;NA;NA;NA;NA;NA;NA;NA;NA;NA;NA;NA;NA;NA;NA;NA;NA;NA;NA;NA;NA;NA;NA;NA;NA;NA;NA;NA;NA;NA;NA;NA;NA;NA;NA;NA;NA;NA;NA;NA;NA;NA;NA;NA;NA;NA;NA;NA;NA;NA;NA;NA;NA;NA;NA;NA;NA;NA;NA;NA;NA;NA;NA;NA;NA;NA;NA;NA;NA;NA;NA;NA;NA;NA;NA;NA;NA;NA;NA;NA;NA;NA;NA;NA;NA;NA;NA;NA;NA;NA;NA;NA;NA;NA;NA;NA;NA;NA;NA;NA;NA;NA;NA;NA;NA;NA;NA;NA;NA;NA;NA;NA;NA;NA;NA;NA;NA;NA;NA;NA;NA;NA;NA;NA;NA
Phrynosoma_hernandesi;Squamata;Iguania;Phrynosomatidae;Extant;1_Unicuspid;0;0;0;Insectivorous;Predatory;0;0;Gauthier et al. 2012;10.3374/014.053.0101;TNHC 11839;Meiri 2018;10.1111/geb.12773;1.97E+01;7.08E+00;1.62E-01;1.60E-02;3.47E-02;7.15E-11;3.01E-02;6.21E-11;NA;NA;NA;NA;NA;NA;NA;NA;NA;NA;NA;NA;NA;NA;NA;NA;NA;NA;NA;NA;NA;NA;NA;NA;NA;NA;NA;NA;NA;NA;NA;NA;NA;NA;NA;NA;NA;NA;NA;NA;NA;NA;NA;NA;NA;NA;NA;NA;NA;NA;NA;NA;NA;NA;NA;NA;NA;NA;NA;NA;NA;NA;NA;NA;NA;NA;NA;NA;NA;NA;NA;NA;NA;NA;NA;NA;NA;NA;NA;NA;NA;NA;NA;NA;NA;NA;NA;NA;NA;NA;NA;NA;NA;NA;NA;NA;NA;NA;NA;NA;NA;NA;NA;NA;NA;NA;NA;NA;NA;NA;NA;NA;NA;NA;NA;NA;NA;NA;NA;NA;NA;NA;NA;NA;NA;NA;NA
Phrynosoma_mcallii;Squamata;Iguania;Phrynosomatidae;Extant;1_Unicuspid;0;0;0;Insectivorous;Predatory;0;0;Gauthier et al. 2012;10.3374/014.053.0101;TNHC 062316;Meiri 2018;10.1111/geb.12773;3.43E+01;4.43E+00;1.62E-01;1.60E-02;3.18E-02;6.56E-11;2.74E-02;5.64E-11;NA;NA;NA;NA;NA;NA;NA;NA;NA;NA;NA;NA;NA;NA;NA;NA;NA;NA;NA;NA;NA;NA;NA;NA;NA;NA;NA;NA;NA;NA;NA;NA;NA;NA;NA;NA;NA;NA;NA;NA;NA;NA;NA;NA;NA;NA;NA;NA;NA;NA;NA;NA;NA;NA;NA;NA;NA;NA;NA;NA;NA;NA;NA;NA;NA;NA;NA;NA;NA;NA;NA;NA;NA;NA;NA;NA;NA;NA;NA;NA;NA;NA;NA;NA;NA;NA;NA;NA;NA;NA;NA;NA;NA;NA;NA;NA;NA;NA;NA;NA;NA;NA;NA;NA;NA;NA;NA;NA;NA;NA;NA;NA;NA;NA;NA;NA;NA;NA;NA;NA;NA;NA;NA;NA;NA;NA;NA
Phrynosoma_modestum;Squamata;Iguania;Phrynosomatidae;Extant;1_Unicuspid;0;0;0;Insectivorous;Predatory;0;0;Gauthier et al. 2012;10.3374/014.053.0101;TNHC 48520;Meiri 2018;10.1111/geb.12773;1.71E+01;4.16E+00;1.62E-01;1.60E-02;2.61E-02;5.38E-11;2.46E-02;5.08E-11;NA;NA;NA;NA;NA;NA;NA;NA;NA;NA;NA;NA;NA;NA;NA;NA;NA;NA;NA;NA;NA;NA;NA;NA;NA;NA;NA;NA;NA;NA;NA;NA;NA;NA;NA;NA;NA;NA;NA;NA;NA;NA;NA;NA;NA;NA;NA;NA;NA;NA;NA;NA;NA;NA;NA;NA;NA;NA;NA;NA;NA;NA;NA;NA;NA;NA;NA;NA;NA;NA;NA;NA;NA;NA;NA;NA;NA;NA;NA;NA;NA;NA;NA;NA;NA;NA;NA;NA;NA;NA;NA;NA;NA;NA;NA;NA;NA;NA;NA;NA;NA;NA;NA;NA;NA;NA;NA;NA;NA;NA;NA;NA;NA;NA;NA;NA;NA;NA;NA;NA;NA;NA;NA;NA;NA;NA;NA
Phrynosoma_orbiculare;Squamata;Iguania;Phrynosomatidae;Extant;1_Unicuspid;0;0;0;Insectivorous;Predatory;0;0;Gauthier et al. 2012;10.3374/014.053.0101;LACM 126543;Meiri 2018;10.1111/geb.12773;1.82E+01;4.99E+00;1.62E-01;1.60E-02;2.92E-02;6.02E-11;2.67E-02;5.50E-11;NA;NA;NA;NA;NA;NA;NA;NA;NA;NA;NA;NA;NA;NA;NA;NA;NA;NA;NA;NA;NA;NA;NA;NA;NA;NA;NA;NA;NA;NA;NA;NA;NA;NA;NA;NA;NA;NA;NA;NA;NA;NA;NA;NA;NA;NA;NA;NA;NA;NA;NA;NA;NA;NA;NA;NA;NA;NA;NA;NA;NA;NA;NA;NA;NA;NA;NA;NA;NA;NA;NA;NA;NA;NA;NA;NA;NA;NA;NA;NA;NA;NA;NA;NA;NA;NA;NA;NA;NA;NA;NA;NA;NA;NA;NA;NA;NA;NA;NA;NA;NA;NA;NA;NA;NA;NA;NA;NA;NA;NA;NA;NA;NA;NA;NA;NA;NA;NA;NA;NA;NA;NA;NA;NA;NA;NA;NA
Phrynosoma_platyrhinos;Squamata;Iguania;Phrynosomatidae;Extant;2_Bicuspid;1;0;0;Insectivorous;Predatory;0;0;Gauthier et al. 2012;10.3374/014.053.0101;TNHC 18496;Meiri 2018;10.1111/geb.12773;5.94E+01;4.45E+00;1.62E-01;1.60E-02;1.85E-02;3.82E-11;2.74E-02;5.64E-11;-1.77E+00;-2.64E-01;-3.20E-01;3.23E-01;4.00E-01;2.44E-02;-1.61E-02;-2.01E-01;-2.37E-03;1.82E-01;-8.64E-02;1.66E-01;-1.01E-01;1.45E-01;-3.78E-02;1.26E-02;2.61E-02;-7.51E-02;1.49E-02;-4.25E-02;-1.08E-01;1.27E-02;-1.56E-03;4.87E-02;1.47E-02;-1.47E-02;-5.63E-04;2.69E-02;8.93E-03;1.70E-03;-4.57E-03;-1.78E-03;3.75E-03;-1.17E-02;-1.32E-02;-1.92E-03;-1.56E-02;1.15E-04;-2.37E-03;-6.41E-03;-6.19E-03;-1.11E-03;1.78E+01;-3.36E+00;-2.17E+00;7.94E+00;1.24E+00;2.30E+00;8.32E+00;-1.71E+01;5.89E+00;-8.37E+00;-1.08E+01;-1.01E+01;5.42E+00;2.74E+00;-3.42E+00;1.53E+01;-1.75E+01;-2.11E+00;-1.95E+00;1.40E+01;2.99E+00;-1.69E-02;-1.39E+01;1.68E+00;1.11E+00;-7.46E+00;5.26E-01;-4.63E+00;2.30E+01;2.27E+00;1.03E+01;-8.26E+00;5.73E+00;2.88E+00;-8.71E+00;-1.56E+01;-1.37E+01;5.84E+00;1.86E+01;-1.81E+01;-8.43E+00;-8.98E+00;-1.06E+00;-1.33E-02;5.18E-01;-3.98E-01;5.48E-01;-4.68E-02;-5.75E-02;-1.15E-01;2.78E-02;-2.91E-01;6.87E-02;-7.18E-02;1.86E-01;3.99E-02;3.43E-02;-3.64E-02;4.27E-02;3.41E-02;-4.75E-02;3.26E-02;-1.06E-01;5.91E-02;-1.74E-02;1.25E-02;-2.15E-02;-2.01E-02;-1.39E-02;-8.78E-03;1.20E-02;3.54E-03;3.91E-03;-1.66E-03;-7.72E-03;5.25E-03;1.05E-02;-1.22E-02;1.23E-02;4.81E-03;5.43E-03;1.67E-03;-5.53E-04;-8.52E-05;1.39E-01
Phrynosoma_solare;Squamata;Iguania;Phrynosomatidae;Extant;1_Unicuspid;0;0;0;Insectivorous;Predatory;0;0;Gauthier et al. 2012;10.3374/014.053.0101;LACM 123351;Meiri 2018;10.1111/geb.12773;2.18E+01;4.37E+00;1.62E-01;1.60E-02;2.55E-02;5.25E-11;2.43E-02;5.00E-11;NA;NA;NA;NA;NA;NA;NA;NA;NA;NA;NA;NA;NA;NA;NA;NA;NA;NA;NA;NA;NA;NA;NA;NA;NA;NA;NA;NA;NA;NA;NA;NA;NA;NA;NA;NA;NA;NA;NA;NA;NA;NA;NA;NA;NA;NA;NA;NA;NA;NA;NA;NA;NA;NA;NA;NA;NA;NA;NA;NA;NA;NA;NA;NA;NA;NA;NA;NA;NA;NA;NA;NA;NA;NA;NA;NA;NA;NA;NA;NA;NA;NA;NA;NA;NA;NA;NA;NA;NA;NA;NA;NA;NA;NA;NA;NA;NA;NA;NA;NA;NA;NA;NA;NA;NA;NA;NA;NA;NA;NA;NA;NA;NA;NA;NA;NA;NA;NA;NA;NA;NA;NA;NA;NA;NA;NA;NA
Phrynosoma_taurus;Squamata;Iguania;Phrynosomatidae;Extant;1_Unicuspid;0;0;0;Insectivorous;Predatory;0;0;Gauthier et al. 2012;10.3374/014.053.0101;UNAM;Meiri 2018;10.1111/geb.12773;1.69E+01;4.97E+00;1.62E-01;1.60E-02;2.95E-02;6.08E-11;2.71E-02;5.58E-11;NA;NA;NA;NA;NA;NA;NA;NA;NA;NA;NA;NA;NA;NA;NA;NA;NA;NA;NA;NA;NA;NA;NA;NA;NA;NA;NA;NA;NA;NA;NA;NA;NA;NA;NA;NA;NA;NA;NA;NA;NA;NA;NA;NA;NA;NA;NA;NA;NA;NA;NA;NA;NA;NA;NA;NA;NA;NA;NA;NA;NA;NA;NA;NA;NA;NA;NA;NA;NA;NA;NA;NA;NA;NA;NA;NA;NA;NA;NA;NA;NA;NA;NA;NA;NA;NA;NA;NA;NA;NA;NA;NA;NA;NA;NA;NA;NA;NA;NA;NA;NA;NA;NA;NA;NA;NA;NA;NA;NA;NA;NA;NA;NA;NA;NA;NA;NA;NA;NA;NA;NA;NA;NA;NA;NA;NA;NA
Phrynosomimus_asper;Squamata;Iguania;Priscagamidae;Fossil;1_Unicuspid;0;0;0;Insectivorous;Predatory;0;0;Gao & Norell 2000;"10.1206/0003-0090(2000)249<0001:TCASOL>2.0.CO;14";IGM 3/81;Gao & Norell 2000;"10.1206/0003-0090(2000)249<0001:TCASOL>2.0.CO;14";8.57E+00;3.53E+00;4.37E-02;7.42E-03;2.59E-02;5.34E-11;2.67E-02;5.50E-11;NA;NA;NA;NA;NA;NA;NA;NA;NA;NA;NA;NA;NA;NA;NA;NA;NA;NA;NA;NA;NA;NA;NA;NA;NA;NA;NA;NA;NA;NA;NA;NA;NA;NA;NA;NA;NA;NA;NA;NA;NA;NA;NA;NA;NA;NA;NA;NA;NA;NA;NA;NA;NA;NA;NA;NA;NA;NA;NA;NA;NA;NA;NA;NA;NA;NA;NA;NA;NA;NA;NA;NA;NA;NA;NA;NA;NA;NA;NA;NA;NA;NA;NA;NA;NA;NA;NA;NA;NA;NA;NA;NA;NA;NA;NA;NA;NA;NA;NA;NA;NA;NA;NA;NA;NA;NA;NA;NA;NA;NA;NA;NA;NA;NA;NA;NA;NA;NA;NA;NA;NA;NA;NA;NA;NA;NA;NA
Phymaturus_palluma;Squamata;Iguania;Liolaemidae;Extant;3_Tricuspid;1;1;0;Herbivorous;Herbivorous;1;1;Gauthier et al. 2012;10.3374/014.053.0101;FMNH 209123;Meiri 2018;10.1111/geb.12773;1.20E+01;1.34E+01;4.90E-02;5.54E-03;2.52E-02;5.19E-11;1.68E-02;4.34E-11;1.68E+00;2.92E-01;7.72E-01;4.29E-01;-1.51E-01;-2.81E-01;-1.38E-01;-2.84E-02;-4.22E-01;-3.14E-02;3.04E-01;1.33E-01;-1.69E-01;8.99E-02;-2.33E-02;5.24E-03;-6.79E-02;-7.64E-02;1.22E-01;-4.12E-02;-4.67E-03;5.44E-02;3.51E-02;-2.49E-02;-8.11E-03;-5.37E-02;-5.20E-02;9.36E-03;2.69E-02;2.06E-02;-9.43E-03;-1.11E-02;5.20E-03;3.71E-03;6.25E-03;4.78E-03;-1.48E-04;-3.45E-03;2.01E-03;-1.51E-03;3.83E-03;7.08E-03;-5.22E+01;2.27E+00;1.94E+01;-2.26E+01;-1.20E+01;6.68E+00;1.49E+01;1.37E+01;-2.63E+00;1.32E+01;3.28E+00;3.40E+00;2.94E+00;-9.15E+00;-8.96E+00;1.85E+01;-6.97E-02;1.80E-01;-1.23E+01;-8.11E+00;5.68E-01;-8.68E+00;3.40E+00;1.87E+01;6.79E+00;-2.31E+01;-9.98E+00;6.25E+00;1.27E+01;7.04E+00;1.24E+01;-1.31E+01;2.28E+00;6.73E+00;-2.73E+00;1.30E+01;-2.23E+01;1.17E+01;3.26E+01;-7.72E+00;5.44E+00;1.03E+01;2.21E+00;-2.44E-01;-9.51E-01;-3.54E-01;-2.43E-01;-1.03E-01;2.56E-01;3.94E-01;2.26E-01;-1.52E-02;-1.47E-01;3.13E-01;3.92E-01;-9.86E-02;-1.06E-01;-9.27E-02;-2.91E-02;6.53E-02;-7.87E-02;6.02E-02;-3.48E-02;-4.47E-02;-8.44E-02;3.96E-02;6.80E-02;-4.99E-02;-2.68E-02;-2.56E-02;1.63E-02;1.64E-02;-1.49E-02;9.44E-03;-2.80E-02;8.55E-03;-3.35E-03;-1.41E-03;8.61E-03;3.27E-04;-4.45E-03;8.26E-04;9.92E-04;-1.25E-02;1.11E-01
Physignathus_cocincinus;Squamata;Iguania;Agamidae;Extant;3_Tricuspid;1;1;0;Insectivorous;Predatory;0;0;Gauthier et al. 2012;10.3374/014.053.0101;YPM 14378;Meiri 2018;10.1111/geb.12773;1.36E+02;3.90E+00;4.37E-02;7.42E-03;2.11E-02;4.36E-11;1.21E-02;2.50E-11;-3.60E+00;-2.98E-02;-2.00E-01;-1.96E-01;1.03E-01;7.50E-02;-1.72E-01;1.12E-01;3.59E-02;5.34E-02;-2.29E-02;-5.53E-02;-1.28E-02;-3.99E-02;-9.39E-02;1.56E-02;-8.24E-03;2.81E-02;-2.12E-02;-1.26E-02;4.35E-03;-9.56E-03;-4.96E-03;-2.94E-02;3.97E-03;4.18E-03;9.97E-03;-6.09E-03;2.64E-03;-2.56E-02;-1.97E-02;-1.39E-02;1.52E-02;2.54E-02;1.51E-03;7.68E-03;1.35E-02;-1.41E-02;-9.80E-03;-2.64E-03;-5.14E-03;7.70E-03;2.65E+01;2.34E+00;-7.59E+00;-1.59E+00;-7.11E-01;7.57E+00;-1.62E+00;2.25E+00;3.91E+00;4.22E-02;-1.21E+01;-3.70E+00;-3.30E+00;6.68E+00;5.81E+00;-5.10E+00;9.29E+00;-3.69E-01;3.11E+00;-1.27E+00;4.17E+00;7.78E+00;9.39E+00;-6.21E+00;9.64E+00;4.15E+00;5.99E-01;-8.99E-02;-1.65E+01;-3.34E+00;-1.54E+00;5.14E+00;-2.44E+00;5.91E+00;1.09E+00;7.44E-01;5.08E+00;4.12E+00;1.17E+01;-2.06E+00;-1.47E+01;-6.28E-01;-2.92E+00;-1.70E-01;5.93E-01;-1.17E-01;1.43E-01;4.03E-02;-3.49E-01;-8.68E-02;-9.93E-02;-4.70E-02;-1.27E-02;2.50E-02;-3.15E-02;-1.20E-01;4.06E-03;-3.60E-02;3.78E-02;-1.78E-02;7.74E-02;-8.72E-03;1.53E-02;-1.66E-02;1.75E-02;-2.86E-02;1.46E-02;2.15E-02;-1.46E-02;4.49E-03;2.34E-02;-2.44E-02;-4.29E-03;-7.78E-04;-2.14E-02;-2.10E-02;-1.47E-02;7.72E-03;-1.41E-02;1.39E-03;3.16E-03;4.73E-03;-8.28E-03;-1.01E-02;1.78E-02
Platecarpus_tympaniticus;Squamata;Mosasauria;Mosasauridae;Fossil;1_Unicuspid;0;0;0;Carnivorous;Predatory;0;0;Konishi et al. 2012;10.1080/02724634.2012.699811;LACM 128319;Lindgren et al. 2010;10.1371/journal.pone.0011998;7.69E+00;4.78E-01;4.36E-02;5.88E-02;1.89E-02;3.90E-11;1.98E-02;4.08E-11;NA;NA;NA;NA;NA;NA;NA;NA;NA;NA;NA;NA;NA;NA;NA;NA;NA;NA;NA;NA;NA;NA;NA;NA;NA;NA;NA;NA;NA;NA;NA;NA;NA;NA;NA;NA;NA;NA;NA;NA;NA;NA;NA;NA;NA;NA;NA;NA;NA;NA;NA;NA;NA;NA;NA;NA;NA;NA;NA;NA;NA;NA;NA;NA;NA;NA;NA;NA;NA;NA;NA;NA;NA;NA;NA;NA;NA;NA;NA;NA;NA;NA;NA;NA;NA;NA;NA;NA;NA;NA;NA;NA;NA;NA;NA;NA;NA;NA;NA;NA;NA;NA;NA;NA;NA;NA;NA;NA;NA;NA;NA;NA;NA;NA;NA;NA;NA;NA;NA;NA;NA;NA;NA;NA;NA;NA;NA
Platysaurus_guttatus;Squamata;Scincoidea;Cordylidae;Extant;1_Unicuspid;0;0;0;Omnivorous;Omnivorous;1;0;Melstrom 2017;10.1002/jmor.20645;MCZ R-44415;Meiri 2018;10.1111/geb.12773;7.30E+00;1.30E+01;4.37E-02;7.42E-03;1.03E-02;2.12E-11;1.48E-02;3.97E-11;NA;NA;NA;NA;NA;NA;NA;NA;NA;NA;NA;NA;NA;NA;NA;NA;NA;NA;NA;NA;NA;NA;NA;NA;NA;NA;NA;NA;NA;NA;NA;NA;NA;NA;NA;NA;NA;NA;NA;NA;NA;NA;NA;NA;NA;NA;NA;NA;NA;NA;NA;NA;NA;NA;NA;NA;NA;NA;NA;NA;NA;NA;NA;NA;NA;NA;NA;NA;NA;NA;NA;NA;NA;NA;NA;NA;NA;NA;NA;NA;NA;NA;NA;NA;NA;NA;NA;NA;NA;NA;NA;NA;NA;NA;NA;NA;NA;NA;NA;NA;NA;NA;NA;NA;NA;NA;NA;NA;NA;NA;NA;NA;NA;NA;NA;NA;NA;NA;NA;NA;NA;NA;NA;NA;NA;NA;NA
Platysaurus_imperator;Squamata;Scincoidea;Cordylidae;Extant;1_Unicuspid;0;0;0;Omnivorous;Omnivorous;1;0;Gauthier et al. 2012;10.3374/014.053.0101;YPM 12669;Meiri 2018;10.1111/geb.12773;7.36E+00;1.33E+01;4.37E-02;7.42E-03;1.03E-02;2.12E-11;1.48E-02;3.97E-11;NA;NA;NA;NA;NA;NA;NA;NA;NA;NA;NA;NA;NA;NA;NA;NA;NA;NA;NA;NA;NA;NA;NA;NA;NA;NA;NA;NA;NA;NA;NA;NA;NA;NA;NA;NA;NA;NA;NA;NA;NA;NA;NA;NA;NA;NA;NA;NA;NA;NA;NA;NA;NA;NA;NA;NA;NA;NA;NA;NA;NA;NA;NA;NA;NA;NA;NA;NA;NA;NA;NA;NA;NA;NA;NA;NA;NA;NA;NA;NA;NA;NA;NA;NA;NA;NA;NA;NA;NA;NA;NA;NA;NA;NA;NA;NA;NA;NA;NA;NA;NA;NA;NA;NA;NA;NA;NA;NA;NA;NA;NA;NA;NA;NA;NA;NA;NA;NA;NA;NA;NA;NA;NA;NA;NA;NA;NA
Plestiodon_chinensis;Squamata;Scincoidea;Scincidae;Extant;1_Unicuspid;0;0;0;Insectivorous;Predatory;0;0;Savalli (unpublished);https://www.savalli.us/BIO370/Anatomy/5.LizardSkull.html;NA;Meiri 2018;10.1111/geb.12773;6.63E+00;3.15E+01;4.37E-02;7.42E-03;1.28E-02;2.65E-11;1.62E-02;3.34E-11;NA;NA;NA;NA;NA;NA;NA;NA;NA;NA;NA;NA;NA;NA;NA;NA;NA;NA;NA;NA;NA;NA;NA;NA;NA;NA;NA;NA;NA;NA;NA;NA;NA;NA;NA;NA;NA;NA;NA;NA;NA;NA;NA;NA;NA;NA;NA;NA;NA;NA;NA;NA;NA;NA;NA;NA;NA;NA;NA;NA;NA;NA;NA;NA;NA;NA;NA;NA;NA;NA;NA;NA;NA;NA;NA;NA;NA;NA;NA;NA;NA;NA;NA;NA;NA;NA;NA;NA;NA;NA;NA;NA;NA;NA;NA;NA;NA;NA;NA;NA;NA;NA;NA;NA;NA;NA;NA;NA;NA;NA;NA;NA;NA;NA;NA;NA;NA;NA;NA;NA;NA;NA;NA;NA;NA;NA;NA
Plestiodon_fasciatus;Squamata;Scincoidea;Scincidae;Extant;1_Unicuspid;0;0;0;Insectivorous;Predatory;0;0;Gauthier et al. 2012;10.3374/014.053.0101;YPM 12689;Meiri 2018;10.1111/geb.12773;8.20E+00;3.79E+01;4.37E-02;7.42E-03;1.53E-02;3.15E-11;1.87E-02;3.86E-11;NA;NA;NA;NA;NA;NA;NA;NA;NA;NA;NA;NA;NA;NA;NA;NA;NA;NA;NA;NA;NA;NA;NA;NA;NA;NA;NA;NA;NA;NA;NA;NA;NA;NA;NA;NA;NA;NA;NA;NA;NA;NA;NA;NA;NA;NA;NA;NA;NA;NA;NA;NA;NA;NA;NA;NA;NA;NA;NA;NA;NA;NA;NA;NA;NA;NA;NA;NA;NA;NA;NA;NA;NA;NA;NA;NA;NA;NA;NA;NA;NA;NA;NA;NA;NA;NA;NA;NA;NA;NA;NA;NA;NA;NA;NA;NA;NA;NA;NA;NA;NA;NA;NA;NA;NA;NA;NA;NA;NA;NA;NA;NA;NA;NA;NA;NA;NA;NA;NA;NA;NA;NA;NA;NA;NA;NA;NA
Plestiodon_gilberti;Squamata;Scincoidea;Scincidae;Extant;1_Unicuspid;0;0;0;Insectivorous;Predatory;0;0;Sumida & Murphy 1987;10.1139/z87-438;LLG78;Meiri 2018;10.1111/geb.12773;8.71E+00;3.48E+01;4.37E-02;7.42E-03;1.53E-02;3.15E-11;1.87E-02;3.86E-11;NA;NA;NA;NA;NA;NA;NA;NA;NA;NA;NA;NA;NA;NA;NA;NA;NA;NA;NA;NA;NA;NA;NA;NA;NA;NA;NA;NA;NA;NA;NA;NA;NA;NA;NA;NA;NA;NA;NA;NA;NA;NA;NA;NA;NA;NA;NA;NA;NA;NA;NA;NA;NA;NA;NA;NA;NA;NA;NA;NA;NA;NA;NA;NA;NA;NA;NA;NA;NA;NA;NA;NA;NA;NA;NA;NA;NA;NA;NA;NA;NA;NA;NA;NA;NA;NA;NA;NA;NA;NA;NA;NA;NA;NA;NA;NA;NA;NA;NA;NA;NA;NA;NA;NA;NA;NA;NA;NA;NA;NA;NA;NA;NA;NA;NA;NA;NA;NA;NA;NA;NA;NA;NA;NA;NA;NA;NA
Plica_plica;Squamata;Iguania;Tropiduridae;Extant;3_Tricuspid;1;1;0;Insectivorous;Predatory;0;0;Gauthier et al. 2012;10.3374/014.053.0101;FMNH 81451;Meiri 2018;10.1111/geb.12773;2.36E+01;1.13E+01;4.90E-02;5.54E-03;2.68E-02;5.52E-11;1.80E-02;3.71E-11;-2.32E+00;1.74E-01;-1.30E-03;5.66E-02;-3.27E-01;2.24E-02;4.47E-02;-5.28E-02;1.10E-02;-1.92E-01;-8.63E-03;-7.66E-03;-9.32E-02;-7.67E-02;-7.36E-02;-9.48E-02;7.30E-02;8.23E-02;-6.33E-03;-5.29E-03;-3.58E-02;3.55E-02;4.76E-02;-1.33E-02;5.53E-03;1.88E-03;2.60E-02;-1.10E-02;-4.56E-03;-5.70E-03;1.74E-03;-1.94E-02;-2.42E-03;6.04E-03;-1.24E-02;-3.73E-03;1.36E-02;-9.73E-04;-1.31E-03;5.85E-03;-2.46E-03;-1.50E-03;1.67E+01;-8.67E+00;5.36E+00;-1.81E+01;1.03E+01;3.89E+00;-3.97E+00;-3.46E+00;7.62E+00;-6.68E+00;-4.07E+00;-5.13E+00;-2.83E+00;-6.16E+00;-1.17E+01;1.17E+00;1.10E+00;-5.84E+00;-2.82E+00;-3.46E+00;1.45E+00;1.19E+01;-7.20E+00;4.88E+00;3.47E-01;4.55E+00;6.65E+00;5.24E+00;-2.04E+01;-1.10E+01;-1.17E+01;-6.04E-01;-8.20E+00;1.54E+01;3.15E-01;7.84E-01;-1.49E+01;-3.50E+00;-4.37E+00;5.42E+00;-4.20E+00;7.68E+00;-1.70E+00;-2.76E-01;3.05E-01;-1.09E-01;-5.87E-02;1.13E-01;2.00E-01;1.40E-01;9.42E-02;1.66E-01;-7.68E-02;4.20E-02;2.56E-02;-1.54E-01;-7.37E-02;1.11E-01;-5.88E-02;3.31E-02;4.00E-02;2.26E-02;-7.11E-02;-1.39E-03;-3.50E-02;1.88E-02;1.27E-06;3.79E-02;-3.92E-03;4.27E-03;-8.84E-03;-1.07E-02;7.96E-03;1.82E-02;-5.63E-03;-8.19E-03;-4.21E-03;-1.04E-02;-1.56E-02;-7.87E-03;-6.93E-03;-2.52E-03;-2.03E-03;-2.58E-03;1.12E-01
Plica_umbra;Squamata;Iguania;Tropiduridae;Extant;3_Tricuspid;1;1;0;Insectivorous;Predatory;0;0;Melstrom 2017;10.1002/jmor.20645;CAS 93242;Meiri 2018;10.1111/geb.12773;2.50E+01;1.37E+01;4.90E-02;5.54E-03;2.68E-02;5.52E-11;1.80E-02;3.71E-11;NA;NA;NA;NA;NA;NA;NA;NA;NA;NA;NA;NA;NA;NA;NA;NA;NA;NA;NA;NA;NA;NA;NA;NA;NA;NA;NA;NA;NA;NA;NA;NA;NA;NA;NA;NA;NA;NA;NA;NA;NA;NA;NA;NA;NA;NA;NA;NA;NA;NA;NA;NA;NA;NA;NA;NA;NA;NA;NA;NA;NA;NA;NA;NA;NA;NA;NA;NA;NA;NA;NA;NA;NA;NA;NA;NA;NA;NA;NA;NA;NA;NA;NA;NA;NA;NA;NA;NA;NA;NA;NA;NA;NA;NA;NA;NA;NA;NA;NA;NA;NA;NA;NA;NA;NA;NA;NA;NA;NA;NA;NA;NA;NA;NA;NA;NA;NA;NA;NA;NA;NA;NA;NA;NA;NA;NA;NA
Plotosaurus_bennisoni;Squamata;Mosasauria;Mosasauridae;Fossil;1_Unicuspid;0;0;0;Carnivorous;Predatory;0;0;LeBlanc et al. 2013;10.1080/02724634.2013.726675;UCMP 32778;LeBlanc et al. 2013;10.1080/02724634.2013.726675;1.43E+01;5.50E-01;4.36E-02;5.88E-02;2.37E-02;4.88E-11;2.31E-02;4.75E-11;NA;NA;NA;NA;NA;NA;NA;NA;NA;NA;NA;NA;NA;NA;NA;NA;NA;NA;NA;NA;NA;NA;NA;NA;NA;NA;NA;NA;NA;NA;NA;NA;NA;NA;NA;NA;NA;NA;NA;NA;NA;NA;NA;NA;NA;NA;NA;NA;NA;NA;NA;NA;NA;NA;NA;NA;NA;NA;NA;NA;NA;NA;NA;NA;NA;NA;NA;NA;NA;NA;NA;NA;NA;NA;NA;NA;NA;NA;NA;NA;NA;NA;NA;NA;NA;NA;NA;NA;NA;NA;NA;NA;NA;NA;NA;NA;NA;NA;NA;NA;NA;NA;NA;NA;NA;NA;NA;NA;NA;NA;NA;NA;NA;NA;NA;NA;NA;NA;NA;NA;NA;NA;NA;NA;NA;NA;NA
Podarcis_hispanicus;Squamata;Lacertoidea;Lacertidae;Extant;2_Bicuspid;1;0;0;Omnivorous;Omnivorous;1;0;Herrel et al. 2004;10.1111/j.1420-9101.2004.00758.x;NA;Meiri 2018;10.1111/geb.12773;8.61E+01;2.75E+01;1.52E-01;3.23E-02;3.35E-02;6.91E-11;3.49E-02;7.52E-11;NA;NA;NA;NA;NA;NA;NA;NA;NA;NA;NA;NA;NA;NA;NA;NA;NA;NA;NA;NA;NA;NA;NA;NA;NA;NA;NA;NA;NA;NA;NA;NA;NA;NA;NA;NA;NA;NA;NA;NA;NA;NA;NA;NA;NA;NA;NA;NA;NA;NA;NA;NA;NA;NA;NA;NA;NA;NA;NA;NA;NA;NA;NA;NA;NA;NA;NA;NA;NA;NA;NA;NA;NA;NA;NA;NA;NA;NA;NA;NA;NA;NA;NA;NA;NA;NA;NA;NA;NA;NA;NA;NA;NA;NA;NA;NA;NA;NA;NA;NA;NA;NA;NA;NA;NA;NA;NA;NA;NA;NA;NA;NA;NA;NA;NA;NA;NA;NA;NA;NA;NA;NA;NA;NA;NA;NA;NA
Podarcis_lilfordi;Squamata;Lacertoidea;Lacertidae;Extant;3_Tricuspid;1;1;0;Omnivorous;Omnivorous;1;0;Herrel et al. 2004;10.1111/j.1420-9101.2004.00758.x;NA;Meiri 2018;10.1111/geb.12773;9.10E+01;3.99E+01;1.52E-01;3.23E-02;3.32E-02;6.85E-11;3.42E-02;7.39E-11;NA;NA;NA;NA;NA;NA;NA;NA;NA;NA;NA;NA;NA;NA;NA;NA;NA;NA;NA;NA;NA;NA;NA;NA;NA;NA;NA;NA;NA;NA;NA;NA;NA;NA;NA;NA;NA;NA;NA;NA;NA;NA;NA;NA;NA;NA;NA;NA;NA;NA;NA;NA;NA;NA;NA;NA;NA;NA;NA;NA;NA;NA;NA;NA;NA;NA;NA;NA;NA;NA;NA;NA;NA;NA;NA;NA;NA;NA;NA;NA;NA;NA;NA;NA;NA;NA;NA;NA;NA;NA;NA;NA;NA;NA;NA;NA;NA;NA;NA;NA;NA;NA;NA;NA;NA;NA;NA;NA;NA;NA;NA;NA;NA;NA;NA;NA;NA;NA;NA;NA;NA;NA;NA;NA;NA;NA;NA
Podarcis_liolepis;Squamata;Lacertoidea;Lacertidae;Extant;3_Tricuspid;1;1;0;Omnivorous;Omnivorous;1;0;Herrel et al. 2004;10.1111/j.1420-9101.2004.00758.x;NA;Meiri 2018;10.1111/geb.12773;1.79E+02;3.32E+01;1.52E-01;3.23E-02;3.35E-02;6.91E-11;3.49E-02;7.52E-11;NA;NA;NA;NA;NA;NA;NA;NA;NA;NA;NA;NA;NA;NA;NA;NA;NA;NA;NA;NA;NA;NA;NA;NA;NA;NA;NA;NA;NA;NA;NA;NA;NA;NA;NA;NA;NA;NA;NA;NA;NA;NA;NA;NA;NA;NA;NA;NA;NA;NA;NA;NA;NA;NA;NA;NA;NA;NA;NA;NA;NA;NA;NA;NA;NA;NA;NA;NA;NA;NA;NA;NA;NA;NA;NA;NA;NA;NA;NA;NA;NA;NA;NA;NA;NA;NA;NA;NA;NA;NA;NA;NA;NA;NA;NA;NA;NA;NA;NA;NA;NA;NA;NA;NA;NA;NA;NA;NA;NA;NA;NA;NA;NA;NA;NA;NA;NA;NA;NA;NA;NA;NA;NA;NA;NA;NA;NA
Podarcis_melisellensis;Squamata;Lacertoidea;Lacertidae;Extant;2_Bicuspid;1;0;0;Insectivorous;Predatory;0;0;Villa & Delfino 2019;10.1093/zoolinnean/zlz035;NHMW 628;Meiri 2018;10.1111/geb.12773;1.11E+02;5.39E+01;1.52E-01;3.23E-02;3.36E-02;6.92E-11;2.75E-02;5.67E-11;NA;NA;NA;NA;NA;NA;NA;NA;NA;NA;NA;NA;NA;NA;NA;NA;NA;NA;NA;NA;NA;NA;NA;NA;NA;NA;NA;NA;NA;NA;NA;NA;NA;NA;NA;NA;NA;NA;NA;NA;NA;NA;NA;NA;NA;NA;NA;NA;NA;NA;NA;NA;NA;NA;NA;NA;NA;NA;NA;NA;NA;NA;NA;NA;NA;NA;NA;NA;NA;NA;NA;NA;NA;NA;NA;NA;NA;NA;NA;NA;NA;NA;NA;NA;NA;NA;NA;NA;NA;NA;NA;NA;NA;NA;NA;NA;NA;NA;NA;NA;NA;NA;NA;NA;NA;NA;NA;NA;NA;NA;NA;NA;NA;NA;NA;NA;NA;NA;NA;NA;NA;NA;NA;NA;NA;NA;NA
Podarcis_muralis;Squamata;Lacertoidea;Lacertidae;Extant;2_Bicuspid;1;0;0;Insectivorous;Predatory;0;0;Herrel et al. 2004;10.1111/j.1420-9101.2004.00758.x;NA;Meiri 2018;10.1111/geb.12773;7.46E+01;2.72E+01;1.52E-01;3.23E-02;3.28E-02;6.77E-11;2.73E-02;5.63E-11;NA;NA;NA;NA;NA;NA;NA;NA;NA;NA;NA;NA;NA;NA;NA;NA;NA;NA;NA;NA;NA;NA;NA;NA;NA;NA;NA;NA;NA;NA;NA;NA;NA;NA;NA;NA;NA;NA;NA;NA;NA;NA;NA;NA;NA;NA;NA;NA;NA;NA;NA;NA;NA;NA;NA;NA;NA;NA;NA;NA;NA;NA;NA;NA;NA;NA;NA;NA;NA;NA;NA;NA;NA;NA;NA;NA;NA;NA;NA;NA;NA;NA;NA;NA;NA;NA;NA;NA;NA;NA;NA;NA;NA;NA;NA;NA;NA;NA;NA;NA;NA;NA;NA;NA;NA;NA;NA;NA;NA;NA;NA;NA;NA;NA;NA;NA;NA;NA;NA;NA;NA;NA;NA;NA;NA;NA;NA
Podarcis_peloponnesiacus;Squamata;Lacertoidea;Lacertidae;Extant;2_Bicuspid;1;0;0;Insectivorous;Predatory;0;0;This study;This study;http://id.luomus.fi/KS.MS1191;Meiri 2018;10.1111/geb.12773;1.14E+02;4.41E+01;1.52E-01;3.23E-02;3.36E-02;6.92E-11;2.75E-02;5.67E-11;NA;NA;NA;NA;NA;NA;NA;NA;NA;NA;NA;NA;NA;NA;NA;NA;NA;NA;NA;NA;NA;NA;NA;NA;NA;NA;NA;NA;NA;NA;NA;NA;NA;NA;NA;NA;NA;NA;NA;NA;NA;NA;NA;NA;NA;NA;NA;NA;NA;NA;NA;NA;NA;NA;NA;NA;NA;NA;NA;NA;NA;NA;NA;NA;NA;NA;NA;NA;NA;NA;NA;NA;NA;NA;NA;NA;NA;NA;NA;NA;NA;NA;NA;NA;NA;NA;NA;NA;NA;NA;NA;NA;NA;NA;NA;NA;NA;NA;NA;NA;NA;NA;NA;NA;NA;NA;NA;NA;NA;NA;NA;NA;NA;NA;NA;NA;NA;NA;NA;NA;NA;NA;NA;NA;NA;NA;NA
Podarcis_siculus;Squamata;Lacertoidea;Lacertidae;Extant;2_Bicuspid;1;0;0;Omnivorous;Omnivorous;1;0;Herrel et al. 2004;10.1111/j.1420-9101.2004.00758.x;NA;Meiri 2018;10.1111/geb.12773;9.14E+01;6.41E+01;1.52E-01;3.23E-02;3.33E-02;6.86E-11;3.50E-02;7.52E-11;NA;NA;NA;NA;NA;NA;NA;NA;NA;NA;NA;NA;NA;NA;NA;NA;NA;NA;NA;NA;NA;NA;NA;NA;NA;NA;NA;NA;NA;NA;NA;NA;NA;NA;NA;NA;NA;NA;NA;NA;NA;NA;NA;NA;NA;NA;NA;NA;NA;NA;NA;NA;NA;NA;NA;NA;NA;NA;NA;NA;NA;NA;NA;NA;NA;NA;NA;NA;NA;NA;NA;NA;NA;NA;NA;NA;NA;NA;NA;NA;NA;NA;NA;NA;NA;NA;NA;NA;NA;NA;NA;NA;NA;NA;NA;NA;NA;NA;NA;NA;NA;NA;NA;NA;NA;NA;NA;NA;NA;NA;NA;NA;NA;NA;NA;NA;NA;NA;NA;NA;NA;NA;NA;NA;NA;NA;NA
Podarcis_tiliguerta;Squamata;Lacertoidea;Lacertidae;Extant;2_Bicuspid;1;0;0;Insectivorous;Predatory;0;0;Herrel et al. 2004;10.1111/j.1420-9101.2004.00758.x;NA;Meiri 2018;10.1111/geb.12773;8.80E+01;4.94E+01;1.52E-01;3.23E-02;3.33E-02;6.86E-11;2.81E-02;5.80E-11;NA;NA;NA;NA;NA;NA;NA;NA;NA;NA;NA;NA;NA;NA;NA;NA;NA;NA;NA;NA;NA;NA;NA;NA;NA;NA;NA;NA;NA;NA;NA;NA;NA;NA;NA;NA;NA;NA;NA;NA;NA;NA;NA;NA;NA;NA;NA;NA;NA;NA;NA;NA;NA;NA;NA;NA;NA;NA;NA;NA;NA;NA;NA;NA;NA;NA;NA;NA;NA;NA;NA;NA;NA;NA;NA;NA;NA;NA;NA;NA;NA;NA;NA;NA;NA;NA;NA;NA;NA;NA;NA;NA;NA;NA;NA;NA;NA;NA;NA;NA;NA;NA;NA;NA;NA;NA;NA;NA;NA;NA;NA;NA;NA;NA;NA;NA;NA;NA;NA;NA;NA;NA;NA;NA;NA;NA;NA
Pogona_barbata;Squamata;Iguania;Agamidae;Extant;2_Bicuspid;1;0;0;Omnivorous;Omnivorous;1;0;Da Silva et al. 2018;10.1038/s41467-017-02788-3;ZMB 54559;Meiri 2018;10.1111/geb.12773;3.64E+02;6.13E+00;4.37E-02;7.42E-03;2.19E-02;4.51E-11;2.76E-02;6.23E-11;-3.25E+00;-4.63E-01;4.13E-01;-2.37E-02;1.11E-01;-2.51E-01;-2.01E-01;6.96E-02;5.26E-02;-1.75E-01;1.27E-01;-6.00E-02;-6.78E-02;5.34E-02;1.70E-01;8.21E-02;-1.75E-02;-2.11E-03;-3.86E-02;6.55E-02;7.02E-03;2.71E-02;-3.58E-03;-3.22E-02;-9.82E-03;-3.62E-02;3.62E-02;-2.17E-03;5.46E-03;-1.76E-02;2.90E-02;1.21E-02;-1.73E-02;1.05E-02;-9.74E-04;-2.06E-03;-9.95E-03;-2.19E-03;7.14E-03;4.35E-03;-5.10E-03;-1.40E-03;4.15E+00;2.04E+01;5.70E+00;-1.04E+01;1.95E+01;-8.39E+00;2.49E+00;1.05E+01;-2.06E+00;7.20E+00;1.02E+01;-1.74E+01;4.19E-01;-4.79E+00;1.46E+01;3.53E+00;-1.80E+00;-5.84E+00;1.04E+00;-5.23E+00;-8.03E-02;3.05E+00;8.10E+00;-9.44E+00;-6.14E+00;-5.17E+00;5.85E+00;-5.75E+00;7.08E+00;3.11E+00;-1.06E+00;-6.14E+00;1.28E+01;5.10E+00;-4.54E+00;2.58E+01;2.87E+00;1.43E+01;-1.27E+01;4.93E+00;-1.48E+01;-1.30E+00;-2.62E+00;3.63E-01;1.14E-01;-3.90E-01;5.36E-02;-2.64E-01;-2.39E-01;-7.32E-02;8.80E-03;1.56E-01;-2.65E-01;8.08E-02;7.98E-02;9.28E-02;-1.23E-02;-3.70E-02;7.24E-02;-4.42E-02;7.78E-02;7.22E-02;2.21E-02;-6.36E-02;1.74E-02;2.83E-03;1.15E-02;8.71E-03;4.19E-02;-2.62E-02;3.01E-02;-1.57E-02;3.55E-02;6.26E-04;3.48E-02;-2.73E-02;-1.46E-02;-9.34E-03;1.75E-03;7.42E-04;-8.74E-03;-5.26E-03;-3.30E-03;-3.06E-03;1.77E-01
Pogona_vitticeps;Squamata;Iguania;Agamidae;Extant;2_Bicuspid;1;0;0;Omnivorous;Omnivorous;1;0;Da Silva et al. 2018;10.1038/s41467-017-02788-3;Di-Poï lab;Meiri 2018;10.1111/geb.12773;2.98E+02;6.19E+00;4.37E-02;7.42E-03;2.19E-02;4.51E-11;2.76E-02;6.23E-11;-3.77E+00;-2.57E-01;6.48E-01;-7.33E-02;2.82E-01;-2.82E-01;-3.15E-01;-6.99E-02;-1.28E-01;-2.89E-01;-1.70E-02;-4.63E-02;3.55E-02;2.37E-03;-4.42E-02;1.24E-01;6.64E-02;2.79E-02;4.48E-02;6.63E-02;3.90E-02;3.04E-02;1.64E-03;-1.38E-02;-6.96E-03;5.86E-03;5.21E-02;-8.60E-03;3.82E-02;-1.47E-02;8.62E-03;1.94E-02;-2.08E-02;-2.88E-03;-1.37E-02;4.09E-03;-1.52E-03;8.64E-03;5.75E-04;3.73E-03;1.06E-02;-3.11E-04;-4.39E+00;3.86E+01;1.70E+00;-1.17E+01;1.49E+01;-6.52E+00;-9.26E+00;1.13E+01;3.61E+00;-6.68E-01;1.15E+01;-2.43E+01;-1.08E+01;7.26E+00;-1.27E+00;2.01E+00;4.88E+00;-4.44E+00;4.82E+00;-1.29E+01;2.41E+00;-7.20E-01;2.44E+00;5.31E+00;5.29E+00;-9.00E+00;1.55E+01;-7.92E+00;-7.02E+00;-3.78E+00;-2.28E+00;-1.30E+01;1.10E+01;-5.81E+00;9.54E+00;5.58E+00;2.37E+00;-1.28E+01;-5.14E+00;-6.81E+00;-1.95E+01;7.52E-01;-3.16E+00;2.06E-01;-1.22E-01;-4.07E-01;1.80E-01;-3.53E-01;-4.07E-01;3.40E-02;2.69E-01;1.71E-01;-1.32E-01;5.11E-02;-5.31E-02;-4.32E-02;6.79E-02;2.05E-02;1.35E-01;2.98E-02;4.78E-02;5.13E-02;4.93E-02;-6.84E-02;1.47E-02;1.90E-02;-1.08E-02;9.87E-03;4.33E-02;-4.62E-02;3.65E-02;-2.25E-02;2.47E-02;-5.03E-03;3.73E-02;-1.87E-02;-1.87E-02;-4.44E-03;-1.51E-03;-6.66E-03;-9.51E-03;-4.62E-03;1.81E-03;-3.38E-03;1.85E-01
Polemon_gabonensis;Squamata;Serpentes;Lamprophiidae;Extant;1_Unicuspid;0;0;0;Carnivorous;Predatory;0;0;Da Silva et al. 2018;10.1038/s41467-017-02788-3;ZMB 21142;Shine et al. 2006;"10.1643/0045-8511(2006)006[0103:BOBAAF]2.0.CO;2";1.93E+00;5.99E-01;5.44E-02;2.45E-03;1.75E-02;3.61E-11;1.87E-02;3.86E-11;NA;NA;NA;NA;NA;NA;NA;NA;NA;NA;NA;NA;NA;NA;NA;NA;NA;NA;NA;NA;NA;NA;NA;NA;NA;NA;NA;NA;NA;NA;NA;NA;NA;NA;NA;NA;NA;NA;NA;NA;NA;NA;NA;NA;NA;NA;NA;NA;NA;NA;NA;NA;NA;NA;NA;NA;NA;NA;NA;NA;NA;NA;NA;NA;NA;NA;NA;NA;NA;NA;NA;NA;NA;NA;NA;NA;NA;NA;NA;NA;NA;NA;NA;NA;NA;NA;NA;NA;NA;NA;NA;NA;NA;NA;NA;NA;NA;NA;NA;NA;NA;NA;NA;NA;NA;NA;NA;NA;NA;NA;NA;NA;NA;NA;NA;NA;NA;NA;NA;NA;NA;NA;NA;NA;NA;NA;NA
Polrussia_mongoliensis;Squamata;Iguania;NA;Fossil;1_Unicuspid;0;0;0;Insectivorous;Predatory;0;0;Borsuk-Bia?ynicka & Alifanov 1991;Acta Palaeonto. Pol. 36(3):325-342;ZPALMgR-Yl19;Gao & Norell 2000;"10.1206/0003-0090(2000)249<0001:TCASOL>2.0.CO;14";4.49E+01;6.73E+00;5.30E-02;3.82E-02;3.12E-02;6.43E-11;2.23E-02;4.60E-11;NA;NA;NA;NA;NA;NA;NA;NA;NA;NA;NA;NA;NA;NA;NA;NA;NA;NA;NA;NA;NA;NA;NA;NA;NA;NA;NA;NA;NA;NA;NA;NA;NA;NA;NA;NA;NA;NA;NA;NA;NA;NA;NA;NA;NA;NA;NA;NA;NA;NA;NA;NA;NA;NA;NA;NA;NA;NA;NA;NA;NA;NA;NA;NA;NA;NA;NA;NA;NA;NA;NA;NA;NA;NA;NA;NA;NA;NA;NA;NA;NA;NA;NA;NA;NA;NA;NA;NA;NA;NA;NA;NA;NA;NA;NA;NA;NA;NA;NA;NA;NA;NA;NA;NA;NA;NA;NA;NA;NA;NA;NA;NA;NA;NA;NA;NA;NA;NA;NA;NA;NA;NA;NA;NA;NA;NA;NA
Polychrus_marmoratus;Squamata;Iguania;Polychrotidae;Extant;3_Tricuspid;1;1;0;Omnivorous;Omnivorous;1;0;Gauthier et al. 2012;10.3374/014.053.0101;FMNH 42501;Meiri 2018;10.1111/geb.12773;1.58E+01;3.89E+00;4.90E-02;5.54E-03;2.35E-02;4.85E-11;1.38E-02;3.80E-11;-1.16E+00;4.81E-01;-3.59E-01;8.76E-02;-1.34E-01;2.32E-01;1.54E-01;3.46E-02;2.22E-02;-8.46E-03;-4.04E-02;7.54E-02;3.27E-02;-3.86E-02;-9.83E-03;1.65E-02;-2.87E-02;-2.81E-02;3.57E-02;-1.65E-03;1.66E-02;-2.26E-02;2.19E-02;5.62E-03;2.81E-02;6.02E-03;-9.57E-03;-1.21E-02;-1.97E-05;-5.91E-03;1.67E-02;1.44E-02;-3.27E-03;7.27E-03;-1.45E-02;1.91E-03;3.89E-03;-1.34E-03;-2.02E-03;-2.66E-03;8.42E-03;7.35E-03;2.05E+01;-7.49E+00;-3.53E+00;-9.03E+00;-8.04E+00;-3.94E+00;6.06E-01;3.62E+00;-2.14E+00;-1.90E+00;2.47E+00;2.43E+00;1.04E+00;1.18E+01;-8.17E+00;-9.11E-02;5.49E+00;-5.43E+00;2.31E+00;-8.13E+00;3.17E+00;-1.57E-01;-4.46E-01;-1.75E-01;-4.30E+00;-1.22E+00;-8.89E+00;3.26E+00;6.42E+00;3.12E-02;-4.52E+00;9.67E+00;5.54E+00;-6.87E+00;-9.75E-01;-9.99E+00;-5.23E-01;1.75E+00;2.24E-01;-1.06E+00;1.08E+00;2.82E+00;-5.14E-01;-6.38E-01;3.84E-01;5.74E-02;1.37E-01;2.76E-01;2.05E-01;9.41E-02;-9.25E-02;3.38E-02;5.85E-02;8.24E-02;-9.78E-03;-3.23E-02;-5.95E-02;-4.92E-02;2.82E-02;2.91E-02;3.77E-03;1.85E-02;2.18E-02;7.40E-03;-3.32E-02;-1.30E-02;-4.24E-03;-2.01E-02;-1.64E-02;1.29E-03;-1.29E-02;7.20E-03;1.82E-02;-4.53E-03;6.91E-03;4.85E-03;-1.01E-02;-1.16E-02;-7.34E-03;-6.60E-03;-2.98E-03;4.89E-03;6.86E-03;-8.65E-03;1.07E-01
Polyglyphanodon_sternbergi;Squamata;Polyglyphanodontia;Polyglyphanodontidae;Fossil;4_Multicuspid;1;1;1;Herbivorous;Herbivorous;1;1;Nydam & Cifelli 2005;Acta Palaeonto. Pol. 50(1):73-78;UMNH 15559;Nydam 1999;ISBN 1-55791-634-9;7.08E+01;4.05E+00;7.22E-02;9.18E-02;2.00E-02;4.13E-11;2.64E-02;6.01E-11;NA;NA;NA;NA;NA;NA;NA;NA;NA;NA;NA;NA;NA;NA;NA;NA;NA;NA;NA;NA;NA;NA;NA;NA;NA;NA;NA;NA;NA;NA;NA;NA;NA;NA;NA;NA;NA;NA;NA;NA;NA;NA;NA;NA;NA;NA;NA;NA;NA;NA;NA;NA;NA;NA;NA;NA;NA;NA;NA;NA;NA;NA;NA;NA;NA;NA;NA;NA;NA;NA;NA;NA;NA;NA;NA;NA;NA;NA;NA;NA;NA;NA;NA;NA;NA;NA;NA;NA;NA;NA;NA;NA;NA;NA;NA;NA;NA;NA;NA;NA;NA;NA;NA;NA;NA;NA;NA;NA;NA;NA;NA;NA;NA;NA;NA;NA;NA;NA;NA;NA;NA;NA;NA;NA;NA;NA;NA
Pontosaurus_lesinensis;Squamata;Mosasauria;Dolichosauridae;Fossil;1_Unicuspid;0;0;0;Carnivorous;Predatory;0;0;Pierce & Caldwell, 2004;10.1671/1960;GBA 1873/4/2;This study;This study;5.08E+00;3.38E-01;4.36E-02;5.88E-02;1.81E-02;3.73E-11;2.12E-02;4.37E-11;NA;NA;NA;NA;NA;NA;NA;NA;NA;NA;NA;NA;NA;NA;NA;NA;NA;NA;NA;NA;NA;NA;NA;NA;NA;NA;NA;NA;NA;NA;NA;NA;NA;NA;NA;NA;NA;NA;NA;NA;NA;NA;NA;NA;NA;NA;NA;NA;NA;NA;NA;NA;NA;NA;NA;NA;NA;NA;NA;NA;NA;NA;NA;NA;NA;NA;NA;NA;NA;NA;NA;NA;NA;NA;NA;NA;NA;NA;NA;NA;NA;NA;NA;NA;NA;NA;NA;NA;NA;NA;NA;NA;NA;NA;NA;NA;NA;NA;NA;NA;NA;NA;NA;NA;NA;NA;NA;NA;NA;NA;NA;NA;NA;NA;NA;NA;NA;NA;NA;NA;NA;NA;NA;NA;NA;NA;NA
Priscagama_gobiensis;Squamata;Iguania;Priscagamidae;Fossil;1_Unicuspid;0;0;0;Insectivorous;Predatory;0;0;Borsuk-Bia?ynicka & Moody 1984;Acta Palaeonto. Pol. 29(1-2):51-81;ZPAL MgR-IIII32;Gao & Norell 2000;"10.1206/0003-0090(2000)249<0001:TCASOL>2.0.CO;14";7.85E+00;2.96E+00;4.37E-02;7.42E-03;1.44E-02;2.97E-11;1.62E-02;3.34E-11;NA;NA;NA;NA;NA;NA;NA;NA;NA;NA;NA;NA;NA;NA;NA;NA;NA;NA;NA;NA;NA;NA;NA;NA;NA;NA;NA;NA;NA;NA;NA;NA;NA;NA;NA;NA;NA;NA;NA;NA;NA;NA;NA;NA;NA;NA;NA;NA;NA;NA;NA;NA;NA;NA;NA;NA;NA;NA;NA;NA;NA;NA;NA;NA;NA;NA;NA;NA;NA;NA;NA;NA;NA;NA;NA;NA;NA;NA;NA;NA;NA;NA;NA;NA;NA;NA;NA;NA;NA;NA;NA;NA;NA;NA;NA;NA;NA;NA;NA;NA;NA;NA;NA;NA;NA;NA;NA;NA;NA;NA;NA;NA;NA;NA;NA;NA;NA;NA;NA;NA;NA;NA;NA;NA;NA;NA;NA
Pristidactylus_casuhatiensis;Squamata;Iguania;Leiosauridae;Extant;3_Tricuspid;1;1;0;Insectivorous;Predatory;0;0;Estes & Williams 1984;10.1080/02724634.1984.10011989;MCZ 162924;Meiri 2018;10.1111/geb.12773;6.37E+01;6.11E+01;4.90E-02;5.54E-03;2.55E-02;5.26E-11;2.21E-02;4.56E-11;NA;NA;NA;NA;NA;NA;NA;NA;NA;NA;NA;NA;NA;NA;NA;NA;NA;NA;NA;NA;NA;NA;NA;NA;NA;NA;NA;NA;NA;NA;NA;NA;NA;NA;NA;NA;NA;NA;NA;NA;NA;NA;NA;NA;NA;NA;NA;NA;NA;NA;NA;NA;NA;NA;NA;NA;NA;NA;NA;NA;NA;NA;NA;NA;NA;NA;NA;NA;NA;NA;NA;NA;NA;NA;NA;NA;NA;NA;NA;NA;NA;NA;NA;NA;NA;NA;NA;NA;NA;NA;NA;NA;NA;NA;NA;NA;NA;NA;NA;NA;NA;NA;NA;NA;NA;NA;NA;NA;NA;NA;NA;NA;NA;NA;NA;NA;NA;NA;NA;NA;NA;NA;NA;NA;NA;NA;NA
Pristidactylus_torquatus;Squamata;Iguania;Leiosauridae;Extant;3_Tricuspid;1;1;0;Insectivorous;Predatory;0;0;Gauthier et al. 2012;10.3374/014.053.0101;FMNH 206964;Meiri 2018;10.1111/geb.12773;7.17E+01;1.48E+01;4.90E-02;5.54E-03;2.31E-02;4.77E-11;2.38E-02;4.90E-11;-1.96E-01;-2.61E+00;3.91E-01;-1.41E-01;-4.93E-02;-1.21E-01;-1.80E-02;5.24E-01;1.45E-01;-1.27E-02;5.20E-02;-2.62E-02;2.08E-02;-9.29E-02;2.39E-01;8.46E-02;2.74E-02;-4.33E-02;-9.52E-02;1.37E-02;-3.92E-02;-2.31E-02;-2.39E-02;4.96E-02;2.69E-03;-1.86E-02;1.14E-02;2.54E-02;-2.35E-02;4.71E-03;-1.40E-03;-1.99E-02;1.57E-02;3.04E-03;1.90E-02;7.86E-03;-2.59E-03;8.22E-03;1.60E-03;-3.04E-03;5.77E-03;2.31E-03;2.30E+01;1.32E+00;3.29E+01;1.87E+01;1.04E+00;-9.86E+00;-2.19E+01;-5.22E+00;-8.20E+00;1.90E+01;5.69E+00;-7.44E-01;1.78E+00;-4.37E+00;4.04E+01;7.34E+00;-2.14E+01;-2.78E+00;-1.38E+00;1.77E+01;7.67E+00;2.83E+00;7.06E+00;-2.16E+01;2.73E+00;4.23E+00;-2.10E+00;-4.41E+00;-3.21E+00;1.37E+00;5.92E+00;1.16E+01;1.08E+01;-1.06E+01;-9.20E+00;1.46E+01;-2.02E+00;1.12E+01;-1.71E+01;4.06E+00;-1.82E-01;2.44E+00;4.54E-01;2.47E+00;3.02E-01;-4.17E-01;-1.90E-01;-1.29E-01;-3.06E-01;-8.15E-02;-4.83E-01;1.99E-01;-5.58E-02;1.02E-01;4.70E-02;1.21E-01;-4.83E-02;1.77E-02;1.06E-01;-9.07E-02;3.35E-02;3.35E-02;-9.82E-03;2.44E-02;1.24E-02;7.64E-03;-3.99E-02;7.88E-03;1.75E-02;1.50E-02;1.63E-02;-5.51E-03;-5.81E-03;6.69E-03;-1.51E-02;-6.16E-03;-2.91E-03;1.14E-02;7.19E-03;-4.03E-03;-4.47E-03;-3.65E-03;9.21E-03;-6.10E-03;1.08E+00
Prosymna_meleagris;Squamata;Serpentes;Lamprophiidae;Extant;1_Unicuspid;0;0;0;Insectivorous;Predatory;0;0;Watanabe et al. 2019;10.1073/pnas.1820967116;ZMB 78750;Broadley 1979;Herpetologica 35(4):338-341;1.22E+00;2.64E-01;5.44E-02;2.45E-03;1.14E-02;2.36E-11;1.36E-02;2.79E-11;NA;NA;NA;NA;NA;NA;NA;NA;NA;NA;NA;NA;NA;NA;NA;NA;NA;NA;NA;NA;NA;NA;NA;NA;NA;NA;NA;NA;NA;NA;NA;NA;NA;NA;NA;NA;NA;NA;NA;NA;NA;NA;NA;NA;NA;NA;NA;NA;NA;NA;NA;NA;NA;NA;NA;NA;NA;NA;NA;NA;NA;NA;NA;NA;NA;NA;NA;NA;NA;NA;NA;NA;NA;NA;NA;NA;NA;NA;NA;NA;NA;NA;NA;NA;NA;NA;NA;NA;NA;NA;NA;NA;NA;NA;NA;NA;NA;NA;NA;NA;NA;NA;NA;NA;NA;NA;NA;NA;NA;NA;NA;NA;NA;NA;NA;NA;NA;NA;NA;NA;NA;NA;NA;NA;NA;NA;NA
Psammodromus_algirus;Squamata;Lacertoidea;Lacertidae;Extant;2_Bicuspid;1;0;0;Omnivorous;Omnivorous;1;0;Da Silva et al. 2018;10.1038/s41467-017-02788-3;http://id.luomus.fi/KS.MS1198;Meiri 2018;10.1111/geb.12773;5.50E+01;4.59E+00;4.37E-02;7.42E-03;2.03E-02;4.18E-11;2.97E-02;6.61E-11;1.03E+00;1.13E+00;1.03E-01;-1.00E+00;-6.05E-02;1.30E-01;-4.17E-01;-1.47E-01;4.85E-02;-5.40E-02;-3.35E-02;-9.04E-03;8.78E-03;-8.67E-02;-1.76E-01;-1.07E-01;-4.47E-02;-1.84E-02;-7.80E-02;-1.81E-03;-9.37E-02;1.11E-02;-1.28E-02;-1.95E-03;1.71E-02;-9.72E-03;2.54E-02;-2.95E-02;-5.18E-03;3.63E-02;1.18E-02;-5.47E-03;-1.48E-02;-1.58E-02;-6.35E-03;-3.42E-03;-1.76E-02;-1.04E-02;8.58E-03;-5.97E-04;1.99E-03;-1.19E-03;-2.73E+00;1.01E+01;-2.90E+01;4.15E+00;2.85E+00;1.28E+01;1.70E+01;-9.70E+00;-3.57E+00;-1.94E+01;-3.54E-01;9.54E+00;1.30E+01;-5.83E+00;-1.01E+01;1.68E+00;-2.06E+01;-5.33E+00;7.62E+00;-1.52E+01;-4.99E+00;5.83E+00;-1.86E+01;-1.50E+01;1.72E+01;2.17E+00;3.14E+00;5.24E+00;-2.68E+01;6.88E+00;7.41E+00;4.49E+00;7.10E-01;9.56E+00;4.99E+00;-3.56E-02;-1.32E+01;-7.34E+00;-3.44E+00;1.36E+01;4.85E+00;1.91E+00;1.51E+00;-1.03E+00;-5.81E-01;9.14E-01;-5.06E-01;4.34E-01;-3.83E-01;-2.01E-01;4.02E-01;-9.80E-03;1.22E-01;-1.48E-03;-1.82E-02;-4.33E-02;-3.23E-02;-1.46E-02;-7.26E-02;-1.12E-01;6.74E-03;1.87E-02;-1.44E-01;4.30E-02;7.45E-03;-2.91E-02;1.41E-02;8.43E-02;7.10E-03;-3.81E-02;-2.16E-02;9.75E-03;-4.40E-03;2.58E-03;1.72E-02;1.52E-04;8.94E-03;-6.80E-03;4.96E-03;8.20E-03;-3.25E-06;-1.88E-03;5.19E-03;-3.63E-04;1.31E-01
Psammophis_sibilans;Squamata;Serpentes;Lamprophiidae;Extant;1_Unicuspid;0;0;0;Carnivorous;Predatory;0;0;Da Silva et al. 2018;10.1038/s41467-017-02788-3;ZMB 66045;Menzies 1966;10.2307/1441123;1.22E+00;2.66E-01;5.44E-02;2.45E-03;1.14E-02;2.36E-11;1.36E-02;2.79E-11;NA;NA;NA;NA;NA;NA;NA;NA;NA;NA;NA;NA;NA;NA;NA;NA;NA;NA;NA;NA;NA;NA;NA;NA;NA;NA;NA;NA;NA;NA;NA;NA;NA;NA;NA;NA;NA;NA;NA;NA;NA;NA;NA;NA;NA;NA;NA;NA;NA;NA;NA;NA;NA;NA;NA;NA;NA;NA;NA;NA;NA;NA;NA;NA;NA;NA;NA;NA;NA;NA;NA;NA;NA;NA;NA;NA;NA;NA;NA;NA;NA;NA;NA;NA;NA;NA;NA;NA;NA;NA;NA;NA;NA;NA;NA;NA;NA;NA;NA;NA;NA;NA;NA;NA;NA;NA;NA;NA;NA;NA;NA;NA;NA;NA;NA;NA;NA;NA;NA;NA;NA;NA;NA;NA;NA;NA;NA
Pseudechis_porphyriacus;Squamata;Serpentes;Elapidae;Extant;1_Unicuspid;0;0;0;Carnivorous;Predatory;0;0;Da Silva et al. 2018;10.1038/s41467-017-02788-3;ZMB 43283;Shine 1987;10.2307/1445650;1.45E+00;3.30E-01;5.44E-02;2.45E-03;1.76E-02;3.63E-11;1.91E-02;3.94E-11;NA;NA;NA;NA;NA;NA;NA;NA;NA;NA;NA;NA;NA;NA;NA;NA;NA;NA;NA;NA;NA;NA;NA;NA;NA;NA;NA;NA;NA;NA;NA;NA;NA;NA;NA;NA;NA;NA;NA;NA;NA;NA;NA;NA;NA;NA;NA;NA;NA;NA;NA;NA;NA;NA;NA;NA;NA;NA;NA;NA;NA;NA;NA;NA;NA;NA;NA;NA;NA;NA;NA;NA;NA;NA;NA;NA;NA;NA;NA;NA;NA;NA;NA;NA;NA;NA;NA;NA;NA;NA;NA;NA;NA;NA;NA;NA;NA;NA;NA;NA;NA;NA;NA;NA;NA;NA;NA;NA;NA;NA;NA;NA;NA;NA;NA;NA;NA;NA;NA;NA;NA;NA;NA;NA;NA;NA;NA
Pseudeumeces_cadurcensis;Squamata;Lacertoidea;Lacertidae;Fossil;1_Unicuspid;0;0;0;Insectivorous;Predatory;0;0;Augé & Hervet 2009;10.1007/s12549-009-0009-1;MNHN QU 17169;?er?anský et al. 2016;10.1111/zoj.12340;5.32E+01;3.63E+00;7.44E-02;2.95E-02;3.58E-02;7.38E-11;3.06E-02;6.30E-11;NA;NA;NA;NA;NA;NA;NA;NA;NA;NA;NA;NA;NA;NA;NA;NA;NA;NA;NA;NA;NA;NA;NA;NA;NA;NA;NA;NA;NA;NA;NA;NA;NA;NA;NA;NA;NA;NA;NA;NA;NA;NA;NA;NA;NA;NA;NA;NA;NA;NA;NA;NA;NA;NA;NA;NA;NA;NA;NA;NA;NA;NA;NA;NA;NA;NA;NA;NA;NA;NA;NA;NA;NA;NA;NA;NA;NA;NA;NA;NA;NA;NA;NA;NA;NA;NA;NA;NA;NA;NA;NA;NA;NA;NA;NA;NA;NA;NA;NA;NA;NA;NA;NA;NA;NA;NA;NA;NA;NA;NA;NA;NA;NA;NA;NA;NA;NA;NA;NA;NA;NA;NA;NA;NA;NA;NA;NA
Pseudopus_ahnikoviensis;Squamata;Anguimorpha;Anguidae;Fossil;1_Unicuspid;0;0;0;Insectivorous;Predatory;0;0;Klembara 2012;10.1080/02724634.2012.670177;NMP Pb 02046;This study;This study;4.66E+01;1.06E+00;4.37E-02;7.42E-03;3.67E-02;7.56E-11;3.13E-02;6.45E-11;NA;NA;NA;NA;NA;NA;NA;NA;NA;NA;NA;NA;NA;NA;NA;NA;NA;NA;NA;NA;NA;NA;NA;NA;NA;NA;NA;NA;NA;NA;NA;NA;NA;NA;NA;NA;NA;NA;NA;NA;NA;NA;NA;NA;NA;NA;NA;NA;NA;NA;NA;NA;NA;NA;NA;NA;NA;NA;NA;NA;NA;NA;NA;NA;NA;NA;NA;NA;NA;NA;NA;NA;NA;NA;NA;NA;NA;NA;NA;NA;NA;NA;NA;NA;NA;NA;NA;NA;NA;NA;NA;NA;NA;NA;NA;NA;NA;NA;NA;NA;NA;NA;NA;NA;NA;NA;NA;NA;NA;NA;NA;NA;NA;NA;NA;NA;NA;NA;NA;NA;NA;NA;NA;NA;NA;NA;NA
Pseudopus_apodus;Squamata;Anguimorpha;Anguidae;Extant;1_Unicuspid;0;0;0;Insectivorous;Predatory;0;0;Klembara et al. 2014;10.1002/ar.22854;DE 4;Meiri 2018;10.1111/geb.12773;5.21E+01;8.75E-01;4.37E-02;7.42E-03;2.02E-02;4.15E-11;2.07E-02;4.27E-11;NA;NA;NA;NA;NA;NA;NA;NA;NA;NA;NA;NA;NA;NA;NA;NA;NA;NA;NA;NA;NA;NA;NA;NA;NA;NA;NA;NA;NA;NA;NA;NA;NA;NA;NA;NA;NA;NA;NA;NA;NA;NA;NA;NA;NA;NA;NA;NA;NA;NA;NA;NA;NA;NA;NA;NA;NA;NA;NA;NA;NA;NA;NA;NA;NA;NA;NA;NA;NA;NA;NA;NA;NA;NA;NA;NA;NA;NA;NA;NA;NA;NA;NA;NA;NA;NA;NA;NA;NA;NA;NA;NA;NA;NA;NA;NA;NA;NA;NA;NA;NA;NA;NA;NA;NA;NA;NA;NA;NA;NA;NA;NA;NA;NA;NA;NA;NA;NA;NA;NA;NA;NA;NA;NA;NA;NA;NA
Pumilia_novaceki;Squamata;Iguania;Iguanidae;Fossil;4_Multicuspid;1;1;1;Herbivorous;Herbivorous;1;1;Norell 1989;Contributions in science, 414:1-31;LACM 13739;This study;This study;1.79E+01;2.29E+00;2.83E-01;3.12E-02;3.59E-02;7.40E-11;3.81E-02;8.08E-11;NA;NA;NA;NA;NA;NA;NA;NA;NA;NA;NA;NA;NA;NA;NA;NA;NA;NA;NA;NA;NA;NA;NA;NA;NA;NA;NA;NA;NA;NA;NA;NA;NA;NA;NA;NA;NA;NA;NA;NA;NA;NA;NA;NA;NA;NA;NA;NA;NA;NA;NA;NA;NA;NA;NA;NA;NA;NA;NA;NA;NA;NA;NA;NA;NA;NA;NA;NA;NA;NA;NA;NA;NA;NA;NA;NA;NA;NA;NA;NA;NA;NA;NA;NA;NA;NA;NA;NA;NA;NA;NA;NA;NA;NA;NA;NA;NA;NA;NA;NA;NA;NA;NA;NA;NA;NA;NA;NA;NA;NA;NA;NA;NA;NA;NA;NA;NA;NA;NA;NA;NA;NA;NA;NA;NA;NA;NA
Pygopus_hortulanus;Squamata;Gekkota;Pygopodidae;Fossil;1_Unicuspid;0;0;0;Insectivorous;Predatory;0;0;Daza et al. 2014;10.1002/ar.22856;QMF 16875;This study;This study;1.33E+00;1.44E+00;4.37E-02;7.42E-03;2.67E-02;5.50E-11;2.53E-02;5.22E-11;NA;NA;NA;NA;NA;NA;NA;NA;NA;NA;NA;NA;NA;NA;NA;NA;NA;NA;NA;NA;NA;NA;NA;NA;NA;NA;NA;NA;NA;NA;NA;NA;NA;NA;NA;NA;NA;NA;NA;NA;NA;NA;NA;NA;NA;NA;NA;NA;NA;NA;NA;NA;NA;NA;NA;NA;NA;NA;NA;NA;NA;NA;NA;NA;NA;NA;NA;NA;NA;NA;NA;NA;NA;NA;NA;NA;NA;NA;NA;NA;NA;NA;NA;NA;NA;NA;NA;NA;NA;NA;NA;NA;NA;NA;NA;NA;NA;NA;NA;NA;NA;NA;NA;NA;NA;NA;NA;NA;NA;NA;NA;NA;NA;NA;NA;NA;NA;NA;NA;NA;NA;NA;NA;NA;NA;NA;NA
Pyramicephalosaurus_cherminicus;Squamata;Polyglyphanodontia;Piramicephalosauridae;Fossil;3_Tricuspid;1;1;0;Omnivorous;Omnivorous;1;0;Gao & Norell 2000;"10.1206/0003-0090(2000)249<0001:TCASOL>2.0.CO;14";IGM 3/130;Gao & Norell 2000;"10.1206/0003-0090(2000)249<0001:TCASOL>2.0.CO;14";9.21E+01;2.91E+00;7.22E-02;9.18E-02;2.05E-02;4.23E-11;2.11E-02;5.08E-11;2.60E+00;3.87E-02;7.48E-01;4.19E-01;5.58E-01;-2.94E-01;2.11E-01;5.92E-02;-9.56E-02;-1.22E-01;1.02E-02;-2.47E-01;-3.95E-02;3.33E-02;-2.65E-01;4.75E-02;-5.52E-02;1.25E-02;-1.28E-02;2.04E-02;-3.36E-02;-8.47E-02;1.63E-03;-1.86E-02;-5.15E-03;4.96E-04;7.24E-03;2.34E-02;-2.89E-02;1.84E-02;1.14E-02;1.57E-02;1.43E-02;-3.53E-03;3.25E-04;7.35E-03;5.28E-03;-5.54E-03;-4.17E-04;-1.02E-02;-9.89E-04;2.57E-03;-5.00E+01;4.01E+00;3.58E+00;1.83E+01;2.71E+01;3.90E+00;-1.79E-01;4.93E+00;-1.10E+01;-1.74E+01;-5.23E+00;3.68E+00;1.39E+01;3.51E+00;-2.77E+00;-3.76E+00;2.15E+00;-9.31E+00;2.13E+00;5.02E+00;4.37E+00;-4.00E+00;2.61E+00;1.22E+01;1.97E+01;-7.31E+00;-1.24E+01;4.15E-01;-1.50E+01;-6.69E-01;-2.06E+01;-6.84E+00;8.73E-01;-1.06E+01;2.01E+00;-5.33E+00;1.53E+01;6.12E+00;1.19E+01;-9.29E+00;-1.21E+00;6.16E-01;3.15E+00;2.38E-04;-1.09E+00;-2.09E-01;2.69E-01;-3.67E-01;2.05E-01;1.31E-02;-1.83E-02;5.58E-02;-1.06E-01;-8.99E-02;-4.61E-02;-3.29E-01;2.64E-02;-5.96E-02;4.72E-02;-5.27E-02;5.06E-02;2.37E-02;-1.54E-02;4.17E-02;-6.95E-03;-1.45E-02;1.50E-02;1.06E-02;1.28E-02;1.97E-02;2.58E-02;1.42E-02;5.96E-03;-2.73E-02;5.02E-03;7.19E-03;-5.94E-04;1.65E-02;-5.33E-03;5.26E-03;-1.93E-03;8.41E-03;-1.06E-02;-2.70E-03;3.99E-01
Pyrenasaurus_evansae;Squamata;Scincoidea;Scincidae;Fossil;1_Unicuspid;0;0;0;Insectivorous;Predatory;0;0;Bolet & Augé 2014;10.1002/ar.22855;IPS 56061;Bolet & Augé 2014;10.1002/ar.22855;5.38E+00;4.73E+00;4.37E-02;7.42E-03;6.25E-03;1.29E-11;6.66E-03;1.37E-11;NA;NA;NA;NA;NA;NA;NA;NA;NA;NA;NA;NA;NA;NA;NA;NA;NA;NA;NA;NA;NA;NA;NA;NA;NA;NA;NA;NA;NA;NA;NA;NA;NA;NA;NA;NA;NA;NA;NA;NA;NA;NA;NA;NA;NA;NA;NA;NA;NA;NA;NA;NA;NA;NA;NA;NA;NA;NA;NA;NA;NA;NA;NA;NA;NA;NA;NA;NA;NA;NA;NA;NA;NA;NA;NA;NA;NA;NA;NA;NA;NA;NA;NA;NA;NA;NA;NA;NA;NA;NA;NA;NA;NA;NA;NA;NA;NA;NA;NA;NA;NA;NA;NA;NA;NA;NA;NA;NA;NA;NA;NA;NA;NA;NA;NA;NA;NA;NA;NA;NA;NA;NA;NA;NA;NA;NA;NA
Python_bivittatus;Squamata;Serpentes;Pythonidae;Extant;1_Unicuspid;0;0;0;Carnivorous;Predatory;0;0;Da Silva et al. 2018;10.1038/s41467-017-02788-3;ZMB 30906;Stuart et al. 2012;10.2305/IUCN.UK.2012-1.RLTS.T193451A151341916.en;2.00E+00;6.33E-01;5.44E-02;2.45E-03;3.34E-02;6.88E-11;2.94E-02;6.07E-11;NA;NA;NA;NA;NA;NA;NA;NA;NA;NA;NA;NA;NA;NA;NA;NA;NA;NA;NA;NA;NA;NA;NA;NA;NA;NA;NA;NA;NA;NA;NA;NA;NA;NA;NA;NA;NA;NA;NA;NA;NA;NA;NA;NA;NA;NA;NA;NA;NA;NA;NA;NA;NA;NA;NA;NA;NA;NA;NA;NA;NA;NA;NA;NA;NA;NA;NA;NA;NA;NA;NA;NA;NA;NA;NA;NA;NA;NA;NA;NA;NA;NA;NA;NA;NA;NA;NA;NA;NA;NA;NA;NA;NA;NA;NA;NA;NA;NA;NA;NA;NA;NA;NA;NA;NA;NA;NA;NA;NA;NA;NA;NA;NA;NA;NA;NA;NA;NA;NA;NA;NA;NA;NA;NA;NA;NA;NA
Python_molurus;Squamata;Serpentes;Pythonidae;Extant;1_Unicuspid;0;0;0;Carnivorous;Predatory;0;0;Gauthier et al. 2012;10.3374/014.053.0101;TNHC 62769;Watanabe et al. 2019;10.1073/pnas.1820967116;1.99E+00;4.16E-01;5.44E-02;2.45E-03;3.34E-02;6.88E-11;2.94E-02;6.07E-11;NA;NA;NA;NA;NA;NA;NA;NA;NA;NA;NA;NA;NA;NA;NA;NA;NA;NA;NA;NA;NA;NA;NA;NA;NA;NA;NA;NA;NA;NA;NA;NA;NA;NA;NA;NA;NA;NA;NA;NA;NA;NA;NA;NA;NA;NA;NA;NA;NA;NA;NA;NA;NA;NA;NA;NA;NA;NA;NA;NA;NA;NA;NA;NA;NA;NA;NA;NA;NA;NA;NA;NA;NA;NA;NA;NA;NA;NA;NA;NA;NA;NA;NA;NA;NA;NA;NA;NA;NA;NA;NA;NA;NA;NA;NA;NA;NA;NA;NA;NA;NA;NA;NA;NA;NA;NA;NA;NA;NA;NA;NA;NA;NA;NA;NA;NA;NA;NA;NA;NA;NA;NA;NA;NA;NA;NA;NA
Python_regius;Squamata;Serpentes;Pythonidae;Extant;1_Unicuspid;0;0;0;Carnivorous;Predatory;0;0;Macrì et al. 2019;10.1038/s41467-019-13405-w;NA;Auliya & Schmitz 2010;10.2305/IUCN.UK.2010-4.RLTS.T177562A7457411.en;1.59E+00;3.71E-01;5.44E-02;2.45E-03;2.90E-02;5.98E-11;2.66E-02;5.49E-11;NA;NA;NA;NA;NA;NA;NA;NA;NA;NA;NA;NA;NA;NA;NA;NA;NA;NA;NA;NA;NA;NA;NA;NA;NA;NA;NA;NA;NA;NA;NA;NA;NA;NA;NA;NA;NA;NA;NA;NA;NA;NA;NA;NA;NA;NA;NA;NA;NA;NA;NA;NA;NA;NA;NA;NA;NA;NA;NA;NA;NA;NA;NA;NA;NA;NA;NA;NA;NA;NA;NA;NA;NA;NA;NA;NA;NA;NA;NA;NA;NA;NA;NA;NA;NA;NA;NA;NA;NA;NA;NA;NA;NA;NA;NA;NA;NA;NA;NA;NA;NA;NA;NA;NA;NA;NA;NA;NA;NA;NA;NA;NA;NA;NA;NA;NA;NA;NA;NA;NA;NA;NA;NA;NA;NA;NA;NA
Rena_dulcis;Squamata;Serpentes;Leptotyphlopidae;Extant;1_Unicuspid;0;0;0;Insectivorous;Predatory;0;0;Rieppel et al. 2009;10.1002/jmor.10703;TNHC 60638;Watanabe et al. 2019;10.1073/pnas.1820967116;1.46E+00;2.67E-01;4.37E-02;7.42E-03;5.51E-03;1.14E-11;5.08E-03;1.05E-11;NA;NA;NA;NA;NA;NA;NA;NA;NA;NA;NA;NA;NA;NA;NA;NA;NA;NA;NA;NA;NA;NA;NA;NA;NA;NA;NA;NA;NA;NA;NA;NA;NA;NA;NA;NA;NA;NA;NA;NA;NA;NA;NA;NA;NA;NA;NA;NA;NA;NA;NA;NA;NA;NA;NA;NA;NA;NA;NA;NA;NA;NA;NA;NA;NA;NA;NA;NA;NA;NA;NA;NA;NA;NA;NA;NA;NA;NA;NA;NA;NA;NA;NA;NA;NA;NA;NA;NA;NA;NA;NA;NA;NA;NA;NA;NA;NA;NA;NA;NA;NA;NA;NA;NA;NA;NA;NA;NA;NA;NA;NA;NA;NA;NA;NA;NA;NA;NA;NA;NA;NA;NA;NA;NA;NA;NA;NA
Rhacodactylus_auriculatus;Squamata;Gekkota;Diplodactylidae;Extant;1_Unicuspid;0;0;0;Omnivorous;Omnivorous;1;0;Gauthier et al. 2012;10.3374/014.053.0101;CAS 205486;Meiri 2018;10.1111/geb.12773;1.78E+00;9.50E-01;4.37E-02;7.42E-03;2.65E-02;5.46E-11;2.84E-02;6.37E-11;NA;NA;NA;NA;NA;NA;NA;NA;NA;NA;NA;NA;NA;NA;NA;NA;NA;NA;NA;NA;NA;NA;NA;NA;NA;NA;NA;NA;NA;NA;NA;NA;NA;NA;NA;NA;NA;NA;NA;NA;NA;NA;NA;NA;NA;NA;NA;NA;NA;NA;NA;NA;NA;NA;NA;NA;NA;NA;NA;NA;NA;NA;NA;NA;NA;NA;NA;NA;NA;NA;NA;NA;NA;NA;NA;NA;NA;NA;NA;NA;NA;NA;NA;NA;NA;NA;NA;NA;NA;NA;NA;NA;NA;NA;NA;NA;NA;NA;NA;NA;NA;NA;NA;NA;NA;NA;NA;NA;NA;NA;NA;NA;NA;NA;NA;NA;NA;NA;NA;NA;NA;NA;NA;NA;NA;NA;NA
Rhacodactylus_leachianus;Squamata;Gekkota;Diplodactylidae;Extant;1_Unicuspid;0;0;0;Omnivorous;Omnivorous;1;0;Berkovitz & Shellis 2017;978-0-12-802850-6;NA;Meiri 2018;10.1111/geb.12773;1.56E+00;9.67E-01;4.37E-02;7.42E-03;2.21E-02;4.55E-11;2.61E-02;5.96E-11;NA;NA;NA;NA;NA;NA;NA;NA;NA;NA;NA;NA;NA;NA;NA;NA;NA;NA;NA;NA;NA;NA;NA;NA;NA;NA;NA;NA;NA;NA;NA;NA;NA;NA;NA;NA;NA;NA;NA;NA;NA;NA;NA;NA;NA;NA;NA;NA;NA;NA;NA;NA;NA;NA;NA;NA;NA;NA;NA;NA;NA;NA;NA;NA;NA;NA;NA;NA;NA;NA;NA;NA;NA;NA;NA;NA;NA;NA;NA;NA;NA;NA;NA;NA;NA;NA;NA;NA;NA;NA;NA;NA;NA;NA;NA;NA;NA;NA;NA;NA;NA;NA;NA;NA;NA;NA;NA;NA;NA;NA;NA;NA;NA;NA;NA;NA;NA;NA;NA;NA;NA;NA;NA;NA;NA;NA;NA
Rhacodactylus_trachyrhynchus;Squamata;Gekkota;Diplodactylidae;Extant;1_Unicuspid;0;0;0;Omnivorous;Omnivorous;1;0;Berkovitz & Shellis 2017;978-0-12-802850-6;NA;Meiri 2018;10.1111/geb.12773;1.78E+00;9.89E-01;4.37E-02;7.42E-03;2.65E-02;5.46E-11;2.84E-02;6.37E-11;NA;NA;NA;NA;NA;NA;NA;NA;NA;NA;NA;NA;NA;NA;NA;NA;NA;NA;NA;NA;NA;NA;NA;NA;NA;NA;NA;NA;NA;NA;NA;NA;NA;NA;NA;NA;NA;NA;NA;NA;NA;NA;NA;NA;NA;NA;NA;NA;NA;NA;NA;NA;NA;NA;NA;NA;NA;NA;NA;NA;NA;NA;NA;NA;NA;NA;NA;NA;NA;NA;NA;NA;NA;NA;NA;NA;NA;NA;NA;NA;NA;NA;NA;NA;NA;NA;NA;NA;NA;NA;NA;NA;NA;NA;NA;NA;NA;NA;NA;NA;NA;NA;NA;NA;NA;NA;NA;NA;NA;NA;NA;NA;NA;NA;NA;NA;NA;NA;NA;NA;NA;NA;NA;NA;NA;NA;NA
Rhampholeon_spectrum;Squamata;Iguania;Chamaeleonidae;Extant;3_Tricuspid;1;1;0;Insectivorous;Predatory;0;0;Rieppel 1987b;10.1111/j.1096-3642.1987.tb01343.x;MAK 26376;Meiri 2018;10.1111/geb.12773;1.04E+01;1.13E+01;4.37E-02;7.42E-03;2.47E-02;5.08E-11;1.20E-02;2.47E-11;NA;NA;NA;NA;NA;NA;NA;NA;NA;NA;NA;NA;NA;NA;NA;NA;NA;NA;NA;NA;NA;NA;NA;NA;NA;NA;NA;NA;NA;NA;NA;NA;NA;NA;NA;NA;NA;NA;NA;NA;NA;NA;NA;NA;NA;NA;NA;NA;NA;NA;NA;NA;NA;NA;NA;NA;NA;NA;NA;NA;NA;NA;NA;NA;NA;NA;NA;NA;NA;NA;NA;NA;NA;NA;NA;NA;NA;NA;NA;NA;NA;NA;NA;NA;NA;NA;NA;NA;NA;NA;NA;NA;NA;NA;NA;NA;NA;NA;NA;NA;NA;NA;NA;NA;NA;NA;NA;NA;NA;NA;NA;NA;NA;NA;NA;NA;NA;NA;NA;NA;NA;NA;NA;NA;NA;NA;NA
Rhineura_floridana;Squamata;Lacertoidea;Rhineuridae;Extant;1_Unicuspid;0;0;0;Insectivorous;Predatory;0;0;Gauthier et al. 2012;10.3374/014.053.0101;FMNH 31774;Meiri 2018;10.1111/geb.12773;7.31E+00;6.63E-01;4.37E-02;7.42E-03;9.78E-03;2.02E-11;1.17E-02;2.42E-11;NA;NA;NA;NA;NA;NA;NA;NA;NA;NA;NA;NA;NA;NA;NA;NA;NA;NA;NA;NA;NA;NA;NA;NA;NA;NA;NA;NA;NA;NA;NA;NA;NA;NA;NA;NA;NA;NA;NA;NA;NA;NA;NA;NA;NA;NA;NA;NA;NA;NA;NA;NA;NA;NA;NA;NA;NA;NA;NA;NA;NA;NA;NA;NA;NA;NA;NA;NA;NA;NA;NA;NA;NA;NA;NA;NA;NA;NA;NA;NA;NA;NA;NA;NA;NA;NA;NA;NA;NA;NA;NA;NA;NA;NA;NA;NA;NA;NA;NA;NA;NA;NA;NA;NA;NA;NA;NA;NA;NA;NA;NA;NA;NA;NA;NA;NA;NA;NA;NA;NA;NA;NA;NA;NA;NA;NA;NA
Rhineura_hatcherii;Squamata;Lacertoidea;Rhineuridae;Fossil;1_Unicuspid;0;0;0;Insectivorous;Predatory;0;0;Kearney et al. 2005;10.1002/jmor.10210;BADL 18306;This study;This study;8.21E+00;6.99E-01;4.37E-02;7.42E-03;2.93E-02;6.05E-11;2.69E-02;5.55E-11;NA;NA;NA;NA;NA;NA;NA;NA;NA;NA;NA;NA;NA;NA;NA;NA;NA;NA;NA;NA;NA;NA;NA;NA;NA;NA;NA;NA;NA;NA;NA;NA;NA;NA;NA;NA;NA;NA;NA;NA;NA;NA;NA;NA;NA;NA;NA;NA;NA;NA;NA;NA;NA;NA;NA;NA;NA;NA;NA;NA;NA;NA;NA;NA;NA;NA;NA;NA;NA;NA;NA;NA;NA;NA;NA;NA;NA;NA;NA;NA;NA;NA;NA;NA;NA;NA;NA;NA;NA;NA;NA;NA;NA;NA;NA;NA;NA;NA;NA;NA;NA;NA;NA;NA;NA;NA;NA;NA;NA;NA;NA;NA;NA;NA;NA;NA;NA;NA;NA;NA;NA;NA;NA;NA;NA;NA;NA
Rieppeleon_brachyurus;Squamata;Iguania;Chamaeleonidae;Extant;3_Tricuspid;1;1;0;Insectivorous;Predatory;0;0;Rieppel & Crumly 1997;10.1111/j.1469-7998.1997.tb02788.x;NMZB 87;Meiri 2018;10.1111/geb.12773;1.22E+01;1.45E+01;4.37E-02;7.42E-03;2.48E-02;5.12E-11;1.57E-02;3.24E-11;NA;NA;NA;NA;NA;NA;NA;NA;NA;NA;NA;NA;NA;NA;NA;NA;NA;NA;NA;NA;NA;NA;NA;NA;NA;NA;NA;NA;NA;NA;NA;NA;NA;NA;NA;NA;NA;NA;NA;NA;NA;NA;NA;NA;NA;NA;NA;NA;NA;NA;NA;NA;NA;NA;NA;NA;NA;NA;NA;NA;NA;NA;NA;NA;NA;NA;NA;NA;NA;NA;NA;NA;NA;NA;NA;NA;NA;NA;NA;NA;NA;NA;NA;NA;NA;NA;NA;NA;NA;NA;NA;NA;NA;NA;NA;NA;NA;NA;NA;NA;NA;NA;NA;NA;NA;NA;NA;NA;NA;NA;NA;NA;NA;NA;NA;NA;NA;NA;NA;NA;NA;NA;NA;NA;NA;NA;NA
Rieppeleon_kerstenii;Squamata;Iguania;Chamaeleonidae;Extant;3_Tricuspid;1;1;0;Insectivorous;Predatory;0;0;Rieppel 1987b;10.1111/j.1096-3642.1987.tb01343.x;CAS 151159;Meiri 2018;10.1111/geb.12773;1.06E+01;1.09E+01;4.37E-02;7.42E-03;2.48E-02;5.12E-11;1.57E-02;3.24E-11;NA;NA;NA;NA;NA;NA;NA;NA;NA;NA;NA;NA;NA;NA;NA;NA;NA;NA;NA;NA;NA;NA;NA;NA;NA;NA;NA;NA;NA;NA;NA;NA;NA;NA;NA;NA;NA;NA;NA;NA;NA;NA;NA;NA;NA;NA;NA;NA;NA;NA;NA;NA;NA;NA;NA;NA;NA;NA;NA;NA;NA;NA;NA;NA;NA;NA;NA;NA;NA;NA;NA;NA;NA;NA;NA;NA;NA;NA;NA;NA;NA;NA;NA;NA;NA;NA;NA;NA;NA;NA;NA;NA;NA;NA;NA;NA;NA;NA;NA;NA;NA;NA;NA;NA;NA;NA;NA;NA;NA;NA;NA;NA;NA;NA;NA;NA;NA;NA;NA;NA;NA;NA;NA;NA;NA;NA;NA
Saara_hardwickii;Squamata;Iguania;Agamidae;Extant;1_Unicuspid;0;0;0;Herbivorous;Herbivorous;1;1;Digimorph;http://www.digimorph.org;UCA.5;Meiri 2018;10.1111/geb.12773;1.17E+01;3.34E+00;4.37E-02;7.42E-03;5.74E-03;1.18E-11;8.96E-03;2.95E-11;NA;NA;NA;NA;NA;NA;NA;NA;NA;NA;NA;NA;NA;NA;NA;NA;NA;NA;NA;NA;NA;NA;NA;NA;NA;NA;NA;NA;NA;NA;NA;NA;NA;NA;NA;NA;NA;NA;NA;NA;NA;NA;NA;NA;NA;NA;NA;NA;NA;NA;NA;NA;NA;NA;NA;NA;NA;NA;NA;NA;NA;NA;NA;NA;NA;NA;NA;NA;NA;NA;NA;NA;NA;NA;NA;NA;NA;NA;NA;NA;NA;NA;NA;NA;NA;NA;NA;NA;NA;NA;NA;NA;NA;NA;NA;NA;NA;NA;NA;NA;NA;NA;NA;NA;NA;NA;NA;NA;NA;NA;NA;NA;NA;NA;NA;NA;NA;NA;NA;NA;NA;NA;NA;NA;NA;NA;NA
Saichangurvel_davidsoni;Squamata;Iguania;Temujiniidae;Fossil;3_Tricuspid;1;1;0;Insectivorous;Predatory;0;0;Conrad & Norell 2007;"10.1206/0003-0082(2007)3584[1:ACLCIS]2.0.CO;2";IGM 3/858;This study;This study;1.56E+01;5.16E+00;5.30E-02;3.82E-02;3.26E-02;6.72E-11;2.92E-02;6.01E-11;-1.79E+00;2.12E-01;4.62E-01;4.98E-01;-5.49E-01;7.46E-02;3.87E-03;4.56E-02;-4.02E-03;-2.75E-02;-9.21E-02;3.43E-02;1.14E-02;8.76E-02;-4.51E-02;1.12E-03;6.23E-02;7.03E-03;-2.11E-02;-1.24E-02;3.60E-02;4.91E-02;-5.14E-02;2.82E-02;-5.25E-02;3.40E-02;2.90E-02;1.97E-02;-9.06E-03;-1.32E-02;-1.10E-02;-1.52E-04;-6.52E-03;-1.65E-02;4.38E-03;5.75E-03;-7.38E-03;1.87E-03;-3.37E-03;-3.68E-03;-1.09E-03;1.31E-03;4.95E+00;-4.17E+00;2.08E+00;4.62E+00;2.01E+00;-1.04E+00;-4.30E+00;-1.04E+00;1.62E+00;1.34E+01;-2.65E+00;-9.07E+00;-4.19E+00;-2.35E+00;-9.22E+00;-6.02E+00;-4.70E+00;2.84E+00;-4.71E-01;9.78E+00;-4.45E+00;3.06E+00;-2.69E+00;1.62E+00;-9.35E+00;-8.83E+00;1.71E+01;1.13E+01;4.02E+00;-1.24E+01;1.73E+00;-1.40E+01;-9.78E+00;-1.19E+01;-7.15E+00;-3.57E+00;4.11E+00;-1.15E+01;6.85E+00;2.00E+01;-1.10E+01;1.41E+01;-1.21E+00;-2.50E-01;-1.45E-01;-5.34E-01;-1.80E-01;2.58E-01;4.63E-01;3.67E-01;-3.46E-02;1.45E-01;-1.19E-02;3.97E-02;6.03E-02;-7.04E-02;5.07E-02;1.94E-02;-2.19E-02;-2.20E-02;-3.09E-02;-2.44E-02;3.12E-04;-2.31E-02;6.25E-02;5.87E-02;-4.02E-02;-1.30E-02;9.26E-04;2.00E-02;5.92E-04;-1.99E-02;-1.31E-02;1.18E-02;6.21E-03;3.82E-03;3.48E-03;-6.78E-03;6.80E-03;1.11E-03;4.59E-03;3.88E-03;1.65E-04;1.68E-04;1.08E-01
Saltuarius_cornutus;Squamata;Gekkota;Carphodactylidae;Extant;1_Unicuspid;0;0;0;Insectivorous;Predatory;0;0;Gauthier et al. 2012;10.3374/014.053.0101;FMNH 57503;Meiri 2018;10.1111/geb.12773;1.25E+00;1.16E+00;4.37E-02;7.42E-03;8.92E-03;1.84E-11;1.11E-02;2.29E-11;NA;NA;NA;NA;NA;NA;NA;NA;NA;NA;NA;NA;NA;NA;NA;NA;NA;NA;NA;NA;NA;NA;NA;NA;NA;NA;NA;NA;NA;NA;NA;NA;NA;NA;NA;NA;NA;NA;NA;NA;NA;NA;NA;NA;NA;NA;NA;NA;NA;NA;NA;NA;NA;NA;NA;NA;NA;NA;NA;NA;NA;NA;NA;NA;NA;NA;NA;NA;NA;NA;NA;NA;NA;NA;NA;NA;NA;NA;NA;NA;NA;NA;NA;NA;NA;NA;NA;NA;NA;NA;NA;NA;NA;NA;NA;NA;NA;NA;NA;NA;NA;NA;NA;NA;NA;NA;NA;NA;NA;NA;NA;NA;NA;NA;NA;NA;NA;NA;NA;NA;NA;NA;NA;NA;NA;NA;NA
Salvator_merianae;Squamata;Lacertoidea;Teiidae;Extant;3_Tricuspid;1;1;0;Omnivorous;Omnivorous;1;0;Brizuela & Albino 2010;Cuad. Herpetol. 24(1):5-16;UNMdP-O 14;Meiri 2018;10.1111/geb.12773;1.24E+02;3.54E+00;4.48E-02;6.90E-03;2.41E-02;4.96E-11;2.48E-02;5.74E-11;NA;NA;NA;NA;NA;NA;NA;NA;NA;NA;NA;NA;NA;NA;NA;NA;NA;NA;NA;NA;NA;NA;NA;NA;NA;NA;NA;NA;NA;NA;NA;NA;NA;NA;NA;NA;NA;NA;NA;NA;NA;NA;NA;NA;NA;NA;NA;NA;NA;NA;NA;NA;NA;NA;NA;NA;NA;NA;NA;NA;NA;NA;NA;NA;NA;NA;NA;NA;NA;NA;NA;NA;NA;NA;NA;NA;NA;NA;NA;NA;NA;NA;NA;NA;NA;NA;NA;NA;NA;NA;NA;NA;NA;NA;NA;NA;NA;NA;NA;NA;NA;NA;NA;NA;NA;NA;NA;NA;NA;NA;NA;NA;NA;NA;NA;NA;NA;NA;NA;NA;NA;NA;NA;NA;NA;NA;NA
Salvator_rufescens;Squamata;Lacertoidea;Teiidae;Extant;3_Tricuspid;1;1;0;Omnivorous;Omnivorous;1;0;Melstrom 2017;10.1002/jmor.20645;MVZ 92987;Meiri 2018;10.1111/geb.12773;1.02E+02;3.67E+00;4.48E-02;6.90E-03;2.41E-02;4.96E-11;2.48E-02;5.74E-11;NA;NA;NA;NA;NA;NA;NA;NA;NA;NA;NA;NA;NA;NA;NA;NA;NA;NA;NA;NA;NA;NA;NA;NA;NA;NA;NA;NA;NA;NA;NA;NA;NA;NA;NA;NA;NA;NA;NA;NA;NA;NA;NA;NA;NA;NA;NA;NA;NA;NA;NA;NA;NA;NA;NA;NA;NA;NA;NA;NA;NA;NA;NA;NA;NA;NA;NA;NA;NA;NA;NA;NA;NA;NA;NA;NA;NA;NA;NA;NA;NA;NA;NA;NA;NA;NA;NA;NA;NA;NA;NA;NA;NA;NA;NA;NA;NA;NA;NA;NA;NA;NA;NA;NA;NA;NA;NA;NA;NA;NA;NA;NA;NA;NA;NA;NA;NA;NA;NA;NA;NA;NA;NA;NA;NA;NA;NA
Saniwa_sp;Squamata;Anguimorpha;Varanidae;Fossil;1_Unicuspid;0;0;0;Carnivorous;Predatory;0;0;Smith 2009;10.1017/S1477201909002752;UCMP 167572;This study;This study;5.46E+00;9.29E-01;4.37E-02;7.42E-03;3.15E-02;6.48E-11;2.80E-02;5.77E-11;NA;NA;NA;NA;NA;NA;NA;NA;NA;NA;NA;NA;NA;NA;NA;NA;NA;NA;NA;NA;NA;NA;NA;NA;NA;NA;NA;NA;NA;NA;NA;NA;NA;NA;NA;NA;NA;NA;NA;NA;NA;NA;NA;NA;NA;NA;NA;NA;NA;NA;NA;NA;NA;NA;NA;NA;NA;NA;NA;NA;NA;NA;NA;NA;NA;NA;NA;NA;NA;NA;NA;NA;NA;NA;NA;NA;NA;NA;NA;NA;NA;NA;NA;NA;NA;NA;NA;NA;NA;NA;NA;NA;NA;NA;NA;NA;NA;NA;NA;NA;NA;NA;NA;NA;NA;NA;NA;NA;NA;NA;NA;NA;NA;NA;NA;NA;NA;NA;NA;NA;NA;NA;NA;NA;NA;NA;NA
Sauromalus_ater;Squamata;Iguania;Iguanidae;Extant;4_Multicuspid;1;1;1;Herbivorous;Herbivorous;1;1;Melstrom 2017;10.1002/jmor.20645;UCMP 137811;Meiri 2018;10.1111/geb.12773;1.69E+01;2.26E+00;2.83E-01;3.12E-02;3.53E-02;7.28E-11;3.70E-02;7.88E-11;NA;NA;NA;NA;NA;NA;NA;NA;NA;NA;NA;NA;NA;NA;NA;NA;NA;NA;NA;NA;NA;NA;NA;NA;NA;NA;NA;NA;NA;NA;NA;NA;NA;NA;NA;NA;NA;NA;NA;NA;NA;NA;NA;NA;NA;NA;NA;NA;NA;NA;NA;NA;NA;NA;NA;NA;NA;NA;NA;NA;NA;NA;NA;NA;NA;NA;NA;NA;NA;NA;NA;NA;NA;NA;NA;NA;NA;NA;NA;NA;NA;NA;NA;NA;NA;NA;NA;NA;NA;NA;NA;NA;NA;NA;NA;NA;NA;NA;NA;NA;NA;NA;NA;NA;NA;NA;NA;NA;NA;NA;NA;NA;NA;NA;NA;NA;NA;NA;NA;NA;NA;NA;NA;NA;NA;NA;NA
Scaphiodontophis_annulatus;Squamata;Serpentes;Colubridae;Extant;1_Unicuspid;0;0;0;Carnivorous;Predatory;0;0;Da Silva et al. 2018;10.1038/s41467-017-02788-3;ZMB 64686;Greene 1997;9.78E+12;1.07E+00;2.37E-01;5.44E-02;2.45E-03;9.49E-03;1.96E-11;1.14E-02;2.34E-11;NA;NA;NA;NA;NA;NA;NA;NA;NA;NA;NA;NA;NA;NA;NA;NA;NA;NA;NA;NA;NA;NA;NA;NA;NA;NA;NA;NA;NA;NA;NA;NA;NA;NA;NA;NA;NA;NA;NA;NA;NA;NA;NA;NA;NA;NA;NA;NA;NA;NA;NA;NA;NA;NA;NA;NA;NA;NA;NA;NA;NA;NA;NA;NA;NA;NA;NA;NA;NA;NA;NA;NA;NA;NA;NA;NA;NA;NA;NA;NA;NA;NA;NA;NA;NA;NA;NA;NA;NA;NA;NA;NA;NA;NA;NA;NA;NA;NA;NA;NA;NA;NA;NA;NA;NA;NA;NA;NA;NA;NA;NA;NA;NA;NA;NA;NA;NA;NA;NA;NA;NA;NA;NA;NA;NA;NA;NA
Sceloporus_variabilis;Squamata;Iguania;Phrynosomatidae;Extant;1_Unicuspid;0;0;0;Insectivorous;Predatory;0;0;Gauthier et al. 2012;10.3374/014.053.0101;FMNH 122866;Meiri 2018;10.1111/geb.12773;3.98E+01;9.98E+00;4.90E-02;5.54E-03;2.48E-02;5.12E-11;1.36E-02;2.80E-11;NA;NA;NA;NA;NA;NA;NA;NA;NA;NA;NA;NA;NA;NA;NA;NA;NA;NA;NA;NA;NA;NA;NA;NA;NA;NA;NA;NA;NA;NA;NA;NA;NA;NA;NA;NA;NA;NA;NA;NA;NA;NA;NA;NA;NA;NA;NA;NA;NA;NA;NA;NA;NA;NA;NA;NA;NA;NA;NA;NA;NA;NA;NA;NA;NA;NA;NA;NA;NA;NA;NA;NA;NA;NA;NA;NA;NA;NA;NA;NA;NA;NA;NA;NA;NA;NA;NA;NA;NA;NA;NA;NA;NA;NA;NA;NA;NA;NA;NA;NA;NA;NA;NA;NA;NA;NA;NA;NA;NA;NA;NA;NA;NA;NA;NA;NA;NA;NA;NA;NA;NA;NA;NA;NA;NA;NA;NA
Scelotes_arenicolus;Squamata;Scincoidea;Scincidae;Extant;1_Unicuspid;0;0;0;Insectivorous;Predatory;0;0;This study;This study;ZMB E47;Combrink & Kyle 2006;A handbook on the rare, threatened and endemic species of the Greater St Lucia Wetland Park. Greater St Lucia Wetland Park. Unpublished internal report.;5.86E+00;2.47E+01;4.37E-02;7.42E-03;7.02E-03;1.45E-11;9.43E-03;1.94E-11;NA;NA;NA;NA;NA;NA;NA;NA;NA;NA;NA;NA;NA;NA;NA;NA;NA;NA;NA;NA;NA;NA;NA;NA;NA;NA;NA;NA;NA;NA;NA;NA;NA;NA;NA;NA;NA;NA;NA;NA;NA;NA;NA;NA;NA;NA;NA;NA;NA;NA;NA;NA;NA;NA;NA;NA;NA;NA;NA;NA;NA;NA;NA;NA;NA;NA;NA;NA;NA;NA;NA;NA;NA;NA;NA;NA;NA;NA;NA;NA;NA;NA;NA;NA;NA;NA;NA;NA;NA;NA;NA;NA;NA;NA;NA;NA;NA;NA;NA;NA;NA;NA;NA;NA;NA;NA;NA;NA;NA;NA;NA;NA;NA;NA;NA;NA;NA;NA;NA;NA;NA;NA;NA;NA;NA;NA;NA
Scincella_lateralis;Squamata;Scincoidea;Scincidae;Extant;1_Unicuspid;0;0;0;Insectivorous;Predatory;0;0;Townsend et al. 1999;10.2307/1447615;LSUC;Meiri 2018;10.1111/geb.12773;1.46E+01;4.52E+01;4.37E-02;7.42E-03;9.40E-03;1.94E-11;1.15E-02;2.38E-11;NA;NA;NA;NA;NA;NA;NA;NA;NA;NA;NA;NA;NA;NA;NA;NA;NA;NA;NA;NA;NA;NA;NA;NA;NA;NA;NA;NA;NA;NA;NA;NA;NA;NA;NA;NA;NA;NA;NA;NA;NA;NA;NA;NA;NA;NA;NA;NA;NA;NA;NA;NA;NA;NA;NA;NA;NA;NA;NA;NA;NA;NA;NA;NA;NA;NA;NA;NA;NA;NA;NA;NA;NA;NA;NA;NA;NA;NA;NA;NA;NA;NA;NA;NA;NA;NA;NA;NA;NA;NA;NA;NA;NA;NA;NA;NA;NA;NA;NA;NA;NA;NA;NA;NA;NA;NA;NA;NA;NA;NA;NA;NA;NA;NA;NA;NA;NA;NA;NA;NA;NA;NA;NA;NA;NA;NA;NA
Scincus_scincus;Squamata;Scincoidea;Scincidae;Extant;1_Unicuspid;0;0;0;Omnivorous;Omnivorous;1;0;Gauthier et al. 2012;10.3374/014.053.0101;YPM 12686;Meiri 2018;10.1111/geb.12773;6.56E+00;2.82E+01;4.37E-02;7.42E-03;1.03E-02;2.11E-11;1.63E-02;4.25E-11;NA;NA;NA;NA;NA;NA;NA;NA;NA;NA;NA;NA;NA;NA;NA;NA;NA;NA;NA;NA;NA;NA;NA;NA;NA;NA;NA;NA;NA;NA;NA;NA;NA;NA;NA;NA;NA;NA;NA;NA;NA;NA;NA;NA;NA;NA;NA;NA;NA;NA;NA;NA;NA;NA;NA;NA;NA;NA;NA;NA;NA;NA;NA;NA;NA;NA;NA;NA;NA;NA;NA;NA;NA;NA;NA;NA;NA;NA;NA;NA;NA;NA;NA;NA;NA;NA;NA;NA;NA;NA;NA;NA;NA;NA;NA;NA;NA;NA;NA;NA;NA;NA;NA;NA;NA;NA;NA;NA;NA;NA;NA;NA;NA;NA;NA;NA;NA;NA;NA;NA;NA;NA;NA;NA;NA;NA;NA
Scriptosaura_catimbau;Squamata;Lacertoidea;Gymnophthalmidae;Extant;1_Unicuspid;0;0;0;Insectivorous;Predatory;0;0;Roscito & Rodrigues 2010;10.1002/jmor.10878;MZUSP/MTR;Meiri 2018;10.1111/geb.12773;1.21E+02;6.49E+00;4.48E-02;6.90E-03;2.39E-02;4.92E-11;1.46E-02;3.01E-11;NA;NA;NA;NA;NA;NA;NA;NA;NA;NA;NA;NA;NA;NA;NA;NA;NA;NA;NA;NA;NA;NA;NA;NA;NA;NA;NA;NA;NA;NA;NA;NA;NA;NA;NA;NA;NA;NA;NA;NA;NA;NA;NA;NA;NA;NA;NA;NA;NA;NA;NA;NA;NA;NA;NA;NA;NA;NA;NA;NA;NA;NA;NA;NA;NA;NA;NA;NA;NA;NA;NA;NA;NA;NA;NA;NA;NA;NA;NA;NA;NA;NA;NA;NA;NA;NA;NA;NA;NA;NA;NA;NA;NA;NA;NA;NA;NA;NA;NA;NA;NA;NA;NA;NA;NA;NA;NA;NA;NA;NA;NA;NA;NA;NA;NA;NA;NA;NA;NA;NA;NA;NA;NA;NA;NA;NA;NA
Shinisaurus_crocodilurus;Squamata;Anguimorpha;Shinisauridae;Extant;1_Unicuspid;0;0;0;Insectivorous;Predatory;0;0;Bever et al. 2005;https://palaeo-electronica.org/2005_1/bever4/issue1_05.htm;FMNH 215541;Meiri 2018;10.1111/geb.12773;6.29E+00;3.95E-01;4.37E-02;7.42E-03;5.64E-03;1.16E-11;4.85E-03;9.99E-12;NA;NA;NA;NA;NA;NA;NA;NA;NA;NA;NA;NA;NA;NA;NA;NA;NA;NA;NA;NA;NA;NA;NA;NA;NA;NA;NA;NA;NA;NA;NA;NA;NA;NA;NA;NA;NA;NA;NA;NA;NA;NA;NA;NA;NA;NA;NA;NA;NA;NA;NA;NA;NA;NA;NA;NA;NA;NA;NA;NA;NA;NA;NA;NA;NA;NA;NA;NA;NA;NA;NA;NA;NA;NA;NA;NA;NA;NA;NA;NA;NA;NA;NA;NA;NA;NA;NA;NA;NA;NA;NA;NA;NA;NA;NA;NA;NA;NA;NA;NA;NA;NA;NA;NA;NA;NA;NA;NA;NA;NA;NA;NA;NA;NA;NA;NA;NA;NA;NA;NA;NA;NA;NA;NA;NA;NA;NA
Sibynophis_collaris;Squamata;Serpentes;Colubridae;Extant;1_Unicuspid;0;0;0;Carnivorous;Predatory;0;0;Da Silva et al. 2018;10.1038/s41467-017-02788-3;ZMB 28550;Watanabe et al. 2019;10.1073/pnas.1820967116;1.19E+00;2.30E-01;5.44E-02;2.45E-03;9.49E-03;1.96E-11;1.14E-02;2.34E-11;NA;NA;NA;NA;NA;NA;NA;NA;NA;NA;NA;NA;NA;NA;NA;NA;NA;NA;NA;NA;NA;NA;NA;NA;NA;NA;NA;NA;NA;NA;NA;NA;NA;NA;NA;NA;NA;NA;NA;NA;NA;NA;NA;NA;NA;NA;NA;NA;NA;NA;NA;NA;NA;NA;NA;NA;NA;NA;NA;NA;NA;NA;NA;NA;NA;NA;NA;NA;NA;NA;NA;NA;NA;NA;NA;NA;NA;NA;NA;NA;NA;NA;NA;NA;NA;NA;NA;NA;NA;NA;NA;NA;NA;NA;NA;NA;NA;NA;NA;NA;NA;NA;NA;NA;NA;NA;NA;NA;NA;NA;NA;NA;NA;NA;NA;NA;NA;NA;NA;NA;NA;NA;NA;NA;NA;NA;NA
Silvascincus_murrayi;Squamata;Scincoidea;Scincidae;Extant;1_Unicuspid;0;0;0;Insectivorous;Predatory;0;0;Hutchinson 1993;978-0-644-32429-8;NA;Meiri 2018;10.1111/geb.12773;2.02E+01;1.46E+02;4.37E-02;7.42E-03;1.77E-02;3.65E-11;1.95E-02;4.02E-11;NA;NA;NA;NA;NA;NA;NA;NA;NA;NA;NA;NA;NA;NA;NA;NA;NA;NA;NA;NA;NA;NA;NA;NA;NA;NA;NA;NA;NA;NA;NA;NA;NA;NA;NA;NA;NA;NA;NA;NA;NA;NA;NA;NA;NA;NA;NA;NA;NA;NA;NA;NA;NA;NA;NA;NA;NA;NA;NA;NA;NA;NA;NA;NA;NA;NA;NA;NA;NA;NA;NA;NA;NA;NA;NA;NA;NA;NA;NA;NA;NA;NA;NA;NA;NA;NA;NA;NA;NA;NA;NA;NA;NA;NA;NA;NA;NA;NA;NA;NA;NA;NA;NA;NA;NA;NA;NA;NA;NA;NA;NA;NA;NA;NA;NA;NA;NA;NA;NA;NA;NA;NA;NA;NA;NA;NA;NA
Sineoamphisbaena_hexatabularis;Squamata;Polyglyphanodontia;Polyglyphanodontidae;Fossil;1_Unicuspid;0;0;0;Insectivorous;Predatory;0;0;Wu et al. 1996;Can. J. Earth Sci. 33(4):541-577;IVPP V10593;This study;This study;8.28E+01;5.61E+00;7.22E-02;9.18E-02;2.95E-02;6.07E-11;1.78E-02;3.66E-11;NA;NA;NA;NA;NA;NA;NA;NA;NA;NA;NA;NA;NA;NA;NA;NA;NA;NA;NA;NA;NA;NA;NA;NA;NA;NA;NA;NA;NA;NA;NA;NA;NA;NA;NA;NA;NA;NA;NA;NA;NA;NA;NA;NA;NA;NA;NA;NA;NA;NA;NA;NA;NA;NA;NA;NA;NA;NA;NA;NA;NA;NA;NA;NA;NA;NA;NA;NA;NA;NA;NA;NA;NA;NA;NA;NA;NA;NA;NA;NA;NA;NA;NA;NA;NA;NA;NA;NA;NA;NA;NA;NA;NA;NA;NA;NA;NA;NA;NA;NA;NA;NA;NA;NA;NA;NA;NA;NA;NA;NA;NA;NA;NA;NA;NA;NA;NA;NA;NA;NA;NA;NA;NA;NA;NA;NA;NA
Slavoia_darevskii;Squamata;Lacertoidea;Slavoiidae;Fossil;1_Unicuspid;0;0;0;Insectivorous;Predatory;0;0;Sulimski 1984;Acta Palaeonto. Pol. 46:153-155;ZPAL MgR-l/8;This study;This study;1.71E+01;8.81E-01;4.24E-02;1.12E-02;8.87E-03;1.83E-11;7.75E-03;1.60E-11;NA;NA;NA;NA;NA;NA;NA;NA;NA;NA;NA;NA;NA;NA;NA;NA;NA;NA;NA;NA;NA;NA;NA;NA;NA;NA;NA;NA;NA;NA;NA;NA;NA;NA;NA;NA;NA;NA;NA;NA;NA;NA;NA;NA;NA;NA;NA;NA;NA;NA;NA;NA;NA;NA;NA;NA;NA;NA;NA;NA;NA;NA;NA;NA;NA;NA;NA;NA;NA;NA;NA;NA;NA;NA;NA;NA;NA;NA;NA;NA;NA;NA;NA;NA;NA;NA;NA;NA;NA;NA;NA;NA;NA;NA;NA;NA;NA;NA;NA;NA;NA;NA;NA;NA;NA;NA;NA;NA;NA;NA;NA;NA;NA;NA;NA;NA;NA;NA;NA;NA;NA;NA;NA;NA;NA;NA;NA
Smaug_giganteus;Squamata;Scincoidea;Cordylidae;Extant;1_Unicuspid;0;0;0;Insectivorous;Predatory;0;0;Evans 2008;978-0-91698-476-2;NA;Meiri 2018;10.1111/geb.12773;7.40E+00;1.41E+01;4.37E-02;7.42E-03;1.02E-02;2.11E-11;1.40E-02;2.89E-11;NA;NA;NA;NA;NA;NA;NA;NA;NA;NA;NA;NA;NA;NA;NA;NA;NA;NA;NA;NA;NA;NA;NA;NA;NA;NA;NA;NA;NA;NA;NA;NA;NA;NA;NA;NA;NA;NA;NA;NA;NA;NA;NA;NA;NA;NA;NA;NA;NA;NA;NA;NA;NA;NA;NA;NA;NA;NA;NA;NA;NA;NA;NA;NA;NA;NA;NA;NA;NA;NA;NA;NA;NA;NA;NA;NA;NA;NA;NA;NA;NA;NA;NA;NA;NA;NA;NA;NA;NA;NA;NA;NA;NA;NA;NA;NA;NA;NA;NA;NA;NA;NA;NA;NA;NA;NA;NA;NA;NA;NA;NA;NA;NA;NA;NA;NA;NA;NA;NA;NA;NA;NA;NA;NA;NA;NA;NA
Smaug_mossambicus;Squamata;Scincoidea;Cordylidae;Extant;1_Unicuspid;0;0;0;Insectivorous;Predatory;0;0;Gauthier et al. 2012;10.3374/014.053.0101;YPM 12670;Watanabe et al. 2019;10.1073/pnas.1820967116;7.82E+00;1.76E+01;4.37E-02;7.42E-03;1.07E-02;2.21E-11;1.47E-02;3.02E-11;NA;NA;NA;NA;NA;NA;NA;NA;NA;NA;NA;NA;NA;NA;NA;NA;NA;NA;NA;NA;NA;NA;NA;NA;NA;NA;NA;NA;NA;NA;NA;NA;NA;NA;NA;NA;NA;NA;NA;NA;NA;NA;NA;NA;NA;NA;NA;NA;NA;NA;NA;NA;NA;NA;NA;NA;NA;NA;NA;NA;NA;NA;NA;NA;NA;NA;NA;NA;NA;NA;NA;NA;NA;NA;NA;NA;NA;NA;NA;NA;NA;NA;NA;NA;NA;NA;NA;NA;NA;NA;NA;NA;NA;NA;NA;NA;NA;NA;NA;NA;NA;NA;NA;NA;NA;NA;NA;NA;NA;NA;NA;NA;NA;NA;NA;NA;NA;NA;NA;NA;NA;NA;NA;NA;NA;NA;NA
Sophineta_cracoviensis;Lepidosauromorpha;NA;NA;Fossil;1_Unicuspid;0;0;0;Insectivorous;Predatory;0;0;Evans & Borsuk-Bia?ynicka 2009;Palaeontologia Polonica 65:179-202;ZPAL RV/175;This study;This study;1.23E+00;1.32E+00;9.17E-03;1.35E-02;1.03E-02;2.13E-11;1.20E-02;2.48E-11;NA;NA;NA;NA;NA;NA;NA;NA;NA;NA;NA;NA;NA;NA;NA;NA;NA;NA;NA;NA;NA;NA;NA;NA;NA;NA;NA;NA;NA;NA;NA;NA;NA;NA;NA;NA;NA;NA;NA;NA;NA;NA;NA;NA;NA;NA;NA;NA;NA;NA;NA;NA;NA;NA;NA;NA;NA;NA;NA;NA;NA;NA;NA;NA;NA;NA;NA;NA;NA;NA;NA;NA;NA;NA;NA;NA;NA;NA;NA;NA;NA;NA;NA;NA;NA;NA;NA;NA;NA;NA;NA;NA;NA;NA;NA;NA;NA;NA;NA;NA;NA;NA;NA;NA;NA;NA;NA;NA;NA;NA;NA;NA;NA;NA;NA;NA;NA;NA;NA;NA;NA;NA;NA;NA;NA;NA;NA
Spathorhynchus_fossorium;Squamata;Lacertoidea;Rhineuridae;Fossil;1_Unicuspid;0;0;0;Insectivorous;Predatory;0;0;Müller et al. 2016;10.1111/joa.12513;USNM 26317;This study;This study;6.56E+00;5.70E-01;4.37E-02;7.42E-03;2.87E-02;5.92E-11;2.51E-02;5.17E-11;NA;NA;NA;NA;NA;NA;NA;NA;NA;NA;NA;NA;NA;NA;NA;NA;NA;NA;NA;NA;NA;NA;NA;NA;NA;NA;NA;NA;NA;NA;NA;NA;NA;NA;NA;NA;NA;NA;NA;NA;NA;NA;NA;NA;NA;NA;NA;NA;NA;NA;NA;NA;NA;NA;NA;NA;NA;NA;NA;NA;NA;NA;NA;NA;NA;NA;NA;NA;NA;NA;NA;NA;NA;NA;NA;NA;NA;NA;NA;NA;NA;NA;NA;NA;NA;NA;NA;NA;NA;NA;NA;NA;NA;NA;NA;NA;NA;NA;NA;NA;NA;NA;NA;NA;NA;NA;NA;NA;NA;NA;NA;NA;NA;NA;NA;NA;NA;NA;NA;NA;NA;NA;NA;NA;NA;NA;NA
Sphaerodactylus_roosevelti;Squamata;Gekkota;Sphaerodactylidae;Extant;1_Unicuspid;0;0;0;Insectivorous;Predatory;0;0;Daza et al. 2008;10.1002/jmor.10664;UPRRP 6381;Meiri 2018;10.1111/geb.12773;1.20E+00;1.49E+00;4.37E-02;7.42E-03;5.84E-03;1.20E-11;5.87E-03;1.21E-11;NA;NA;NA;NA;NA;NA;NA;NA;NA;NA;NA;NA;NA;NA;NA;NA;NA;NA;NA;NA;NA;NA;NA;NA;NA;NA;NA;NA;NA;NA;NA;NA;NA;NA;NA;NA;NA;NA;NA;NA;NA;NA;NA;NA;NA;NA;NA;NA;NA;NA;NA;NA;NA;NA;NA;NA;NA;NA;NA;NA;NA;NA;NA;NA;NA;NA;NA;NA;NA;NA;NA;NA;NA;NA;NA;NA;NA;NA;NA;NA;NA;NA;NA;NA;NA;NA;NA;NA;NA;NA;NA;NA;NA;NA;NA;NA;NA;NA;NA;NA;NA;NA;NA;NA;NA;NA;NA;NA;NA;NA;NA;NA;NA;NA;NA;NA;NA;NA;NA;NA;NA;NA;NA;NA;NA;NA;NA
Sphenodon_punctatus;Rhynchocephalia;NA;Sphenodontidae;Extant;1_Unicuspid;0;0;0;Insectivorous;Predatory;0;0;Gauthier et al. 2012;10.3374/014.053.0101;YPM 9194;Jones et al. 2012;10.1002/ar.22487;1.35E+00;1.52E+00;9.17E-03;1.35E-02;5.29E-03;1.09E-11;4.64E-03;9.57E-12;NA;NA;NA;NA;NA;NA;NA;NA;NA;NA;NA;NA;NA;NA;NA;NA;NA;NA;NA;NA;NA;NA;NA;NA;NA;NA;NA;NA;NA;NA;NA;NA;NA;NA;NA;NA;NA;NA;NA;NA;NA;NA;NA;NA;NA;NA;NA;NA;NA;NA;NA;NA;NA;NA;NA;NA;NA;NA;NA;NA;NA;NA;NA;NA;NA;NA;NA;NA;NA;NA;NA;NA;NA;NA;NA;NA;NA;NA;NA;NA;NA;NA;NA;NA;NA;NA;NA;NA;NA;NA;NA;NA;NA;NA;NA;NA;NA;NA;NA;NA;NA;NA;NA;NA;NA;NA;NA;NA;NA;NA;NA;NA;NA;NA;NA;NA;NA;NA;NA;NA;NA;NA;NA;NA;NA;NA;NA
Sphenomorphus_solomonis;Squamata;Scincoidea;Scincidae;Extant;1_Unicuspid;0;0;0;Insectivorous;Predatory;0;0;Gauthier et al. 2012;10.3374/014.053.0101;CAS 110021;Meiri 2018;10.1111/geb.12773;1.06E+01;1.01E+02;4.37E-02;7.42E-03;8.93E-03;1.84E-11;1.09E-02;2.26E-11;NA;NA;NA;NA;NA;NA;NA;NA;NA;NA;NA;NA;NA;NA;NA;NA;NA;NA;NA;NA;NA;NA;NA;NA;NA;NA;NA;NA;NA;NA;NA;NA;NA;NA;NA;NA;NA;NA;NA;NA;NA;NA;NA;NA;NA;NA;NA;NA;NA;NA;NA;NA;NA;NA;NA;NA;NA;NA;NA;NA;NA;NA;NA;NA;NA;NA;NA;NA;NA;NA;NA;NA;NA;NA;NA;NA;NA;NA;NA;NA;NA;NA;NA;NA;NA;NA;NA;NA;NA;NA;NA;NA;NA;NA;NA;NA;NA;NA;NA;NA;NA;NA;NA;NA;NA;NA;NA;NA;NA;NA;NA;NA;NA;NA;NA;NA;NA;NA;NA;NA;NA;NA;NA;NA;NA;NA;NA
Stefanikia_siderea;Squamata;Lacertoidea;Eolacertidae;Fossil;2_Bicuspid;1;0;0;Insectivorous;Predatory;0;0;?er?anský & Smith 2018;10.1080/08912963.2017.1327530;SMF ME 11241;This study;This study;2.76E+01;1.13E+00;4.37E-02;7.42E-03;2.71E-02;5.58E-11;2.34E-02;4.83E-11;NA;NA;NA;NA;NA;NA;NA;NA;NA;NA;NA;NA;NA;NA;NA;NA;NA;NA;NA;NA;NA;NA;NA;NA;NA;NA;NA;NA;NA;NA;NA;NA;NA;NA;NA;NA;NA;NA;NA;NA;NA;NA;NA;NA;NA;NA;NA;NA;NA;NA;NA;NA;NA;NA;NA;NA;NA;NA;NA;NA;NA;NA;NA;NA;NA;NA;NA;NA;NA;NA;NA;NA;NA;NA;NA;NA;NA;NA;NA;NA;NA;NA;NA;NA;NA;NA;NA;NA;NA;NA;NA;NA;NA;NA;NA;NA;NA;NA;NA;NA;NA;NA;NA;NA;NA;NA;NA;NA;NA;NA;NA;NA;NA;NA;NA;NA;NA;NA;NA;NA;NA;NA;NA;NA;NA;NA;NA
Stenocercus_guentheri;Squamata;Iguania;Tropiduridae;Extant;3_Tricuspid;1;1;0;Insectivorous;Predatory;0;0;Gauthier et al. 2012;10.3374/014.053.0101;FMNH 27674;Watanabe et al. 2019;10.1073/pnas.1820967116;1.16E+01;3.97E+00;4.90E-02;5.54E-03;2.36E-02;4.87E-11;9.99E-03;2.06E-11;-1.68E-01;-2.99E-01;3.24E-01;1.75E-01;-8.04E-02;4.25E-02;4.79E-02;-2.48E-01;-2.21E-03;1.01E-01;2.06E-01;-6.09E-02;8.52E-02;9.35E-02;-2.84E-02;-3.21E-02;-1.54E-02;8.71E-04;-7.95E-02;7.54E-02;-5.37E-02;5.59E-02;6.70E-03;1.54E-02;-2.58E-02;-5.12E-02;2.62E-02;-2.81E-02;-6.46E-03;-2.90E-02;-3.81E-02;-9.88E-03;1.55E-03;-4.46E-03;-1.31E-03;-3.69E-03;1.27E-02;-1.19E-04;3.13E-03;-4.42E-03;1.08E-03;4.73E-03;9.71E+00;-1.41E+01;5.00E+00;9.02E+00;1.00E+00;1.35E-01;3.41E+00;4.88E+00;-8.64E+00;8.74E+00;-1.58E+01;-8.83E+00;-1.49E+00;-3.11E+00;-1.42E+01;1.01E+01;-1.50E+01;5.40E+00;7.03E+00;-6.23E+00;-3.42E+00;1.61E+00;-4.95E-01;1.05E+01;8.15E+00;1.72E+00;1.30E+01;-9.71E+00;-1.00E+01;9.82E+00;3.22E+00;-2.16E+01;8.20E+00;1.91E+01;-1.58E+01;1.49E+01;6.97E+00;9.58E+00;-5.01E+00;1.40E+01;-1.17E+00;-8.02E+00;4.19E-01;2.57E-01;-2.11E-01;-1.80E-01;3.52E-02;1.25E-01;2.56E-01;6.53E-02;9.35E-02;-2.34E-01;-1.88E-01;1.47E-01;1.21E-02;-8.13E-03;7.00E-02;1.96E-02;-3.67E-02;-1.08E-01;2.25E-02;8.30E-02;-7.20E-02;-3.78E-03;-1.25E-02;3.89E-02;3.32E-02;7.10E-03;2.56E-02;-2.05E-02;-3.18E-02;-5.28E-02;-2.21E-02;1.82E-02;-1.31E-02;-4.73E-03;4.22E-03;-3.20E-03;-1.10E-02;-9.79E-03;-7.91E-03;1.15E-02;5.71E-03;-5.61E-03;1.07E-01
Stenodactylus_sthenodactylus;Squamata;Gekkota;Gekkonidae;Extant;1_Unicuspid;0;0;0;Insectivorous;Predatory;0;0;This study;This study;http://id.luomus.fi/KS.MS1050;Meiri 2018;10.1111/geb.12773;1.62E+00;2.36E+00;4.37E-02;7.42E-03;8.88E-03;1.83E-11;1.08E-02;2.23E-11;NA;NA;NA;NA;NA;NA;NA;NA;NA;NA;NA;NA;NA;NA;NA;NA;NA;NA;NA;NA;NA;NA;NA;NA;NA;NA;NA;NA;NA;NA;NA;NA;NA;NA;NA;NA;NA;NA;NA;NA;NA;NA;NA;NA;NA;NA;NA;NA;NA;NA;NA;NA;NA;NA;NA;NA;NA;NA;NA;NA;NA;NA;NA;NA;NA;NA;NA;NA;NA;NA;NA;NA;NA;NA;NA;NA;NA;NA;NA;NA;NA;NA;NA;NA;NA;NA;NA;NA;NA;NA;NA;NA;NA;NA;NA;NA;NA;NA;NA;NA;NA;NA;NA;NA;NA;NA;NA;NA;NA;NA;NA;NA;NA;NA;NA;NA;NA;NA;NA;NA;NA;NA;NA;NA;NA;NA;NA
Strophurus_ciliaris;Squamata;Gekkota;Diplodactylidae;Extant;1_Unicuspid;0;0;0;Insectivorous;Predatory;0;0;Gauthier et al. 2012;10.3374/014.053.0101;FMNH 215488;Meiri 2018;10.1111/geb.12773;1.28E+00;9.12E-01;4.37E-02;7.42E-03;8.20E-03;1.69E-11;1.04E-02;2.14E-11;NA;NA;NA;NA;NA;NA;NA;NA;NA;NA;NA;NA;NA;NA;NA;NA;NA;NA;NA;NA;NA;NA;NA;NA;NA;NA;NA;NA;NA;NA;NA;NA;NA;NA;NA;NA;NA;NA;NA;NA;NA;NA;NA;NA;NA;NA;NA;NA;NA;NA;NA;NA;NA;NA;NA;NA;NA;NA;NA;NA;NA;NA;NA;NA;NA;NA;NA;NA;NA;NA;NA;NA;NA;NA;NA;NA;NA;NA;NA;NA;NA;NA;NA;NA;NA;NA;NA;NA;NA;NA;NA;NA;NA;NA;NA;NA;NA;NA;NA;NA;NA;NA;NA;NA;NA;NA;NA;NA;NA;NA;NA;NA;NA;NA;NA;NA;NA;NA;NA;NA;NA;NA;NA;NA;NA;NA;NA
Takydromus_sexlineatus;Squamata;Lacertoidea;Lacertidae;Extant;3_Tricuspid;1;1;0;Insectivorous;Predatory;0;0;Ollonen et al. 2018;10.3389/fphys.2018.00278;Di-Poï lab;Meiri 2018;10.1111/geb.12773;2.80E+02;6.09E+01;4.37E-02;7.42E-03;2.44E-02;5.03E-11;1.43E-02;2.94E-11;1.32E+00;-1.38E+00;8.52E-01;-6.20E-01;1.14E-01;-4.99E-02;2.61E-01;-9.54E-02;2.17E-01;2.17E-01;1.35E-02;2.65E-01;7.20E-02;1.12E-01;-4.54E-02;-4.41E-02;4.75E-02;-6.48E-02;2.85E-03;-3.33E-02;-1.72E-02;-3.76E-02;2.98E-02;2.15E-02;1.89E-02;-1.23E-02;3.49E-03;-3.53E-02;-7.80E-03;-1.82E-02;1.77E-02;2.77E-02;-1.87E-03;1.64E-02;1.36E-03;-4.49E-03;1.38E-02;7.76E-04;8.16E-03;-2.14E-03;5.57E-03;-3.69E-03;1.37E+01;1.22E+01;2.56E+01;2.56E+01;-1.06E+01;-2.06E+01;2.97E+00;-1.37E+01;-7.09E+00;-1.19E+01;-3.37E+00;8.22E+00;1.71E+00;5.67E+00;-2.10E+01;5.89E-01;-5.63E+00;-8.28E+00;9.38E+00;-1.23E+01;-2.77E+00;1.01E+01;-3.59E-01;-3.64E+00;1.06E+01;2.05E+01;-1.06E+00;-1.20E+01;2.33E+01;7.66E-01;1.64E+01;8.64E+00;-1.42E-01;7.42E+00;-1.22E+00;-9.91E-01;-6.41E+00;1.72E+00;6.94E+00;-1.83E+00;4.39E+00;2.23E-01;1.81E+00;1.53E+00;-6.92E-01;3.96E-01;-1.42E-01;-3.77E-02;3.59E-02;-1.85E-01;-7.61E-02;-2.04E-01;2.45E-01;1.73E-02;1.50E-01;1.73E-01;1.78E-01;5.90E-02;-4.41E-02;-9.59E-03;-1.14E-01;-1.89E-03;-7.62E-03;8.01E-02;-5.90E-02;-3.99E-02;1.14E-02;4.00E-02;5.72E-03;-1.63E-02;-6.36E-02;-1.79E-02;3.40E-02;-5.25E-03;6.03E-03;-1.17E-02;3.56E-04;4.68E-03;-1.67E-02;1.05E-04;-3.02E-03;-1.97E-04;1.30E-02;9.74E-04;3.73E-01
Takydromus_wolteri;Squamata;Lacertoidea;Lacertidae;Extant;1_Unicuspid;0;0;0;Insectivorous;Predatory;0;0;Evans 2008;978-0-91698-476-2;CAS 31564;Meiri 2018;10.1111/geb.12773;2.68E+02;8.61E+01;4.37E-02;7.42E-03;2.81E-02;5.80E-11;1.43E-02;2.94E-11;NA;NA;NA;NA;NA;NA;NA;NA;NA;NA;NA;NA;NA;NA;NA;NA;NA;NA;NA;NA;NA;NA;NA;NA;NA;NA;NA;NA;NA;NA;NA;NA;NA;NA;NA;NA;NA;NA;NA;NA;NA;NA;NA;NA;NA;NA;NA;NA;NA;NA;NA;NA;NA;NA;NA;NA;NA;NA;NA;NA;NA;NA;NA;NA;NA;NA;NA;NA;NA;NA;NA;NA;NA;NA;NA;NA;NA;NA;NA;NA;NA;NA;NA;NA;NA;NA;NA;NA;NA;NA;NA;NA;NA;NA;NA;NA;NA;NA;NA;NA;NA;NA;NA;NA;NA;NA;NA;NA;NA;NA;NA;NA;NA;NA;NA;NA;NA;NA;NA;NA;NA;NA;NA;NA;NA;NA;NA
Tarentola_mauritanica;Squamata;Gekkota;Phyllodactylidae;Extant;1_Unicuspid;0;0;0;Insectivorous;Predatory;0;0;This study;This study;ZMB 17966;Meiri 2018;10.1111/geb.12773;1.06E+00;8.72E-01;4.37E-02;7.42E-03;5.90E-03;1.22E-11;6.05E-03;1.25E-11;NA;NA;NA;NA;NA;NA;NA;NA;NA;NA;NA;NA;NA;NA;NA;NA;NA;NA;NA;NA;NA;NA;NA;NA;NA;NA;NA;NA;NA;NA;NA;NA;NA;NA;NA;NA;NA;NA;NA;NA;NA;NA;NA;NA;NA;NA;NA;NA;NA;NA;NA;NA;NA;NA;NA;NA;NA;NA;NA;NA;NA;NA;NA;NA;NA;NA;NA;NA;NA;NA;NA;NA;NA;NA;NA;NA;NA;NA;NA;NA;NA;NA;NA;NA;NA;NA;NA;NA;NA;NA;NA;NA;NA;NA;NA;NA;NA;NA;NA;NA;NA;NA;NA;NA;NA;NA;NA;NA;NA;NA;NA;NA;NA;NA;NA;NA;NA;NA;NA;NA;NA;NA;NA;NA;NA;NA;NA
Tchingisaurus_multivagus;Squamata;Polyglyphanodontia;Polyglyphanodontidae;Fossil;3_Tricuspid;1;1;0;Herbivorous;Herbivorous;1;1;Gao & Norell 2000;"10.1206/0003-0090(2000)249<0001:TCASOL>2.0.CO;14";IGM 3/129;Gao & Norell 2000;"10.1206/0003-0090(2000)249<0001:TCASOL>2.0.CO;14";9.05E+01;5.60E+00;7.22E-02;9.18E-02;1.98E-02;4.09E-11;2.95E-02;6.57E-11;NA;NA;NA;NA;NA;NA;NA;NA;NA;NA;NA;NA;NA;NA;NA;NA;NA;NA;NA;NA;NA;NA;NA;NA;NA;NA;NA;NA;NA;NA;NA;NA;NA;NA;NA;NA;NA;NA;NA;NA;NA;NA;NA;NA;NA;NA;NA;NA;NA;NA;NA;NA;NA;NA;NA;NA;NA;NA;NA;NA;NA;NA;NA;NA;NA;NA;NA;NA;NA;NA;NA;NA;NA;NA;NA;NA;NA;NA;NA;NA;NA;NA;NA;NA;NA;NA;NA;NA;NA;NA;NA;NA;NA;NA;NA;NA;NA;NA;NA;NA;NA;NA;NA;NA;NA;NA;NA;NA;NA;NA;NA;NA;NA;NA;NA;NA;NA;NA;NA;NA;NA;NA;NA;NA;NA;NA;NA
Teius_oculatus;Squamata;Lacertoidea;Teiidae;Extant;2_Bicuspid;1;0;0;Omnivorous;Omnivorous;1;0;Brizuela & Albino 2009;Trop. Zool. 22:183-193;UNNE 4462;Meiri 2018;10.1111/geb.12773;5.48E+01;3.16E+00;4.48E-02;6.90E-03;2.67E-02;5.50E-11;2.05E-02;4.98E-11;NA;NA;NA;NA;NA;NA;NA;NA;NA;NA;NA;NA;NA;NA;NA;NA;NA;NA;NA;NA;NA;NA;NA;NA;NA;NA;NA;NA;NA;NA;NA;NA;NA;NA;NA;NA;NA;NA;NA;NA;NA;NA;NA;NA;NA;NA;NA;NA;NA;NA;NA;NA;NA;NA;NA;NA;NA;NA;NA;NA;NA;NA;NA;NA;NA;NA;NA;NA;NA;NA;NA;NA;NA;NA;NA;NA;NA;NA;NA;NA;NA;NA;NA;NA;NA;NA;NA;NA;NA;NA;NA;NA;NA;NA;NA;NA;NA;NA;NA;NA;NA;NA;NA;NA;NA;NA;NA;NA;NA;NA;NA;NA;NA;NA;NA;NA;NA;NA;NA;NA;NA;NA;NA;NA;NA;NA;NA
Teius_suquiensis;Squamata;Lacertoidea;Teiidae;Extant;2_Bicuspid;1;0;0;Omnivorous;Omnivorous;1;0;Brizuela & Albino 2009;Trop. Zool. 22:183-193;UNRC 784;Meiri 2018;10.1111/geb.12773;8.52E+01;3.32E+00;4.48E-02;6.90E-03;2.86E-02;5.90E-11;2.41E-02;5.61E-11;-6.13E-02;-5.45E-01;-4.94E-01;-4.19E-01;1.69E-01;2.86E-01;-1.42E-01;-3.63E-01;-1.81E-01;8.57E-02;1.32E-02;7.49E-02;-4.23E-02;-2.14E-02;1.18E-01;1.74E-02;-6.01E-02;-9.34E-02;-4.36E-04;4.59E-02;2.46E-02;-5.50E-02;-6.79E-02;-4.93E-02;4.21E-02;-1.22E-02;1.27E-02;2.79E-04;1.59E-02;4.08E-02;-4.80E-02;2.37E-02;-7.53E-03;-3.00E-04;-3.20E-03;-5.73E-03;8.01E-03;7.64E-03;-3.27E-03;5.99E-03;-8.48E-03;-3.63E-03;4.17E+00;2.18E+01;-6.19E+00;2.93E+00;-1.21E+01;-2.82E+00;-2.99E+00;-8.44E-01;1.56E+00;1.39E+01;-8.49E+00;4.64E+00;1.10E+01;7.64E+00;8.14E+00;-1.02E+01;-7.49E+00;5.95E+00;3.86E+00;-1.41E+01;-3.64E+00;-1.30E+01;-3.65E+00;-1.43E+01;-1.50E+01;-2.11E+01;-1.89E+01;-5.36E+00;4.03E+00;2.47E+01;9.74E+00;-2.53E+00;-4.19E+00;1.63E+01;1.32E+01;-5.78E+00;2.84E+00;2.35E+00;-3.89E+00;-8.22E+00;1.10E+00;-2.77E+01;5.97E-01;3.57E-01;5.09E-01;3.13E-01;2.14E-01;3.24E-01;-3.17E-01;-4.74E-02;2.85E-01;-3.37E-01;-2.14E-02;3.51E-02;9.44E-02;1.43E-01;-1.75E-01;-2.85E-02;5.34E-02;-2.19E-02;-2.61E-02;9.48E-02;3.44E-02;1.79E-02;3.57E-02;-7.48E-02;-2.74E-03;5.60E-04;2.85E-02;-4.17E-02;3.34E-02;1.01E-02;-4.68E-02;-5.35E-02;-4.63E-03;-4.14E-03;7.95E-03;1.33E-02;-8.91E-03;-1.94E-02;-1.04E-02;-3.54E-03;-1.17E-02;5.80E-03;1.03E-01
Teius_teyou;Squamata;Lacertoidea;Teiidae;Extant;3_Tricuspid;1;1;0;Omnivorous;Omnivorous;1;0;Brizuela & Albino 2009;Trop. Zool. 22:183-193;UNNE 8715;Meiri 2018;10.1111/geb.12773;7.87E+01;3.75E+00;4.48E-02;6.90E-03;2.86E-02;5.90E-11;2.41E-02;5.61E-11;NA;NA;NA;NA;NA;NA;NA;NA;NA;NA;NA;NA;NA;NA;NA;NA;NA;NA;NA;NA;NA;NA;NA;NA;NA;NA;NA;NA;NA;NA;NA;NA;NA;NA;NA;NA;NA;NA;NA;NA;NA;NA;NA;NA;NA;NA;NA;NA;NA;NA;NA;NA;NA;NA;NA;NA;NA;NA;NA;NA;NA;NA;NA;NA;NA;NA;NA;NA;NA;NA;NA;NA;NA;NA;NA;NA;NA;NA;NA;NA;NA;NA;NA;NA;NA;NA;NA;NA;NA;NA;NA;NA;NA;NA;NA;NA;NA;NA;NA;NA;NA;NA;NA;NA;NA;NA;NA;NA;NA;NA;NA;NA;NA;NA;NA;NA;NA;NA;NA;NA;NA;NA;NA;NA;NA;NA;NA
Temujinia_ellisoni;Squamata;Iguania;Temujiniidae;Fossil;3_Tricuspid;1;1;0;Insectivorous;Predatory;0;0;Gao & Norell 2000;"10.1206/0003-0090(2000)249<0001:TCASOL>2.0.CO;14";IGM 3/63;Gao & Norell 2000;"10.1206/0003-0090(2000)249<0001:TCASOL>2.0.CO;14";1.52E+01;5.41E+00;5.30E-02;3.82E-02;3.26E-02;6.72E-11;2.92E-02;6.01E-11;NA;NA;NA;NA;NA;NA;NA;NA;NA;NA;NA;NA;NA;NA;NA;NA;NA;NA;NA;NA;NA;NA;NA;NA;NA;NA;NA;NA;NA;NA;NA;NA;NA;NA;NA;NA;NA;NA;NA;NA;NA;NA;NA;NA;NA;NA;NA;NA;NA;NA;NA;NA;NA;NA;NA;NA;NA;NA;NA;NA;NA;NA;NA;NA;NA;NA;NA;NA;NA;NA;NA;NA;NA;NA;NA;NA;NA;NA;NA;NA;NA;NA;NA;NA;NA;NA;NA;NA;NA;NA;NA;NA;NA;NA;NA;NA;NA;NA;NA;NA;NA;NA;NA;NA;NA;NA;NA;NA;NA;NA;NA;NA;NA;NA;NA;NA;NA;NA;NA;NA;NA;NA;NA;NA;NA;NA;NA
Tepexisaurus_tepexii;Squamata;Lacertoidea;Slavoiidae;Fossil;1_Unicuspid;0;0;0;Insectivorous;Predatory;0;0;Reynoso & Callison 2000;10.1006/zjls.1999.0207;IGM 7466;This study;This study;1.95E+01;8.09E-01;4.24E-02;1.12E-02;1.64E-02;3.38E-11;1.32E-02;2.73E-11;NA;NA;NA;NA;NA;NA;NA;NA;NA;NA;NA;NA;NA;NA;NA;NA;NA;NA;NA;NA;NA;NA;NA;NA;NA;NA;NA;NA;NA;NA;NA;NA;NA;NA;NA;NA;NA;NA;NA;NA;NA;NA;NA;NA;NA;NA;NA;NA;NA;NA;NA;NA;NA;NA;NA;NA;NA;NA;NA;NA;NA;NA;NA;NA;NA;NA;NA;NA;NA;NA;NA;NA;NA;NA;NA;NA;NA;NA;NA;NA;NA;NA;NA;NA;NA;NA;NA;NA;NA;NA;NA;NA;NA;NA;NA;NA;NA;NA;NA;NA;NA;NA;NA;NA;NA;NA;NA;NA;NA;NA;NA;NA;NA;NA;NA;NA;NA;NA;NA;NA;NA;NA;NA;NA;NA;NA;NA
Teratoscincus_bedriagai;Squamata;Gekkota;Sphaerodactylidae;Extant;1_Unicuspid;0;0;0;Insectivorous;Predatory;0;0;Nikitina & Ananjeva 2007;10.1134/S1062359009020125;NA;Meiri 2018;10.1111/geb.12773;1.25E+00;1.66E+00;4.37E-02;7.42E-03;1.08E-02;2.22E-11;2.08E-02;4.29E-11;NA;NA;NA;NA;NA;NA;NA;NA;NA;NA;NA;NA;NA;NA;NA;NA;NA;NA;NA;NA;NA;NA;NA;NA;NA;NA;NA;NA;NA;NA;NA;NA;NA;NA;NA;NA;NA;NA;NA;NA;NA;NA;NA;NA;NA;NA;NA;NA;NA;NA;NA;NA;NA;NA;NA;NA;NA;NA;NA;NA;NA;NA;NA;NA;NA;NA;NA;NA;NA;NA;NA;NA;NA;NA;NA;NA;NA;NA;NA;NA;NA;NA;NA;NA;NA;NA;NA;NA;NA;NA;NA;NA;NA;NA;NA;NA;NA;NA;NA;NA;NA;NA;NA;NA;NA;NA;NA;NA;NA;NA;NA;NA;NA;NA;NA;NA;NA;NA;NA;NA;NA;NA;NA;NA;NA;NA;NA
Teratoscincus_roborowskii;Squamata;Gekkota;Sphaerodactylidae;Extant;1_Unicuspid;0;0;0;Omnivorous;Omnivorous;1;0;Nikitina & Ananjeva 2007;10.1134/S1062359009020125;NA;Meiri 2018;10.1111/geb.12773;1.44E+00;4.49E+00;4.37E-02;7.42E-03;1.10E-02;2.26E-11;3.54E-02;7.61E-11;NA;NA;NA;NA;NA;NA;NA;NA;NA;NA;NA;NA;NA;NA;NA;NA;NA;NA;NA;NA;NA;NA;NA;NA;NA;NA;NA;NA;NA;NA;NA;NA;NA;NA;NA;NA;NA;NA;NA;NA;NA;NA;NA;NA;NA;NA;NA;NA;NA;NA;NA;NA;NA;NA;NA;NA;NA;NA;NA;NA;NA;NA;NA;NA;NA;NA;NA;NA;NA;NA;NA;NA;NA;NA;NA;NA;NA;NA;NA;NA;NA;NA;NA;NA;NA;NA;NA;NA;NA;NA;NA;NA;NA;NA;NA;NA;NA;NA;NA;NA;NA;NA;NA;NA;NA;NA;NA;NA;NA;NA;NA;NA;NA;NA;NA;NA;NA;NA;NA;NA;NA;NA;NA;NA;NA;NA;NA
Teratoscincus_scincus;Squamata;Gekkota;Sphaerodactylidae;Extant;1_Unicuspid;0;0;0;Insectivorous;Predatory;0;0;This study;This study;http://id.luomus.fi/KS.MS1247;Meiri 2018;10.1111/geb.12773;1.39E+00;2.72E+00;4.37E-02;7.42E-03;1.10E-02;2.26E-11;2.12E-02;4.37E-11;NA;NA;NA;NA;NA;NA;NA;NA;NA;NA;NA;NA;NA;NA;NA;NA;NA;NA;NA;NA;NA;NA;NA;NA;NA;NA;NA;NA;NA;NA;NA;NA;NA;NA;NA;NA;NA;NA;NA;NA;NA;NA;NA;NA;NA;NA;NA;NA;NA;NA;NA;NA;NA;NA;NA;NA;NA;NA;NA;NA;NA;NA;NA;NA;NA;NA;NA;NA;NA;NA;NA;NA;NA;NA;NA;NA;NA;NA;NA;NA;NA;NA;NA;NA;NA;NA;NA;NA;NA;NA;NA;NA;NA;NA;NA;NA;NA;NA;NA;NA;NA;NA;NA;NA;NA;NA;NA;NA;NA;NA;NA;NA;NA;NA;NA;NA;NA;NA;NA;NA;NA;NA;NA;NA;NA;NA;NA
Thecadactylus_solimoensis;Squamata;Gekkota;Phyllodactylidae;Extant;1_Unicuspid;0;0;0;Insectivorous;Predatory;0;0;Berkovitz & Shellis 2017;978-0-12-802850-6;NA;Meiri 2018;10.1111/geb.12773;1.05E+00;7.00E-01;4.37E-02;7.42E-03;5.90E-03;1.22E-11;6.05E-03;1.25E-11;NA;NA;NA;NA;NA;NA;NA;NA;NA;NA;NA;NA;NA;NA;NA;NA;NA;NA;NA;NA;NA;NA;NA;NA;NA;NA;NA;NA;NA;NA;NA;NA;NA;NA;NA;NA;NA;NA;NA;NA;NA;NA;NA;NA;NA;NA;NA;NA;NA;NA;NA;NA;NA;NA;NA;NA;NA;NA;NA;NA;NA;NA;NA;NA;NA;NA;NA;NA;NA;NA;NA;NA;NA;NA;NA;NA;NA;NA;NA;NA;NA;NA;NA;NA;NA;NA;NA;NA;NA;NA;NA;NA;NA;NA;NA;NA;NA;NA;NA;NA;NA;NA;NA;NA;NA;NA;NA;NA;NA;NA;NA;NA;NA;NA;NA;NA;NA;NA;NA;NA;NA;NA;NA;NA;NA;NA;NA
Tiliqua_nigrolutea;Squamata;Scincoidea;Scincidae;Extant;1_Unicuspid;0;0;0;Omnivorous;Omnivorous;1;0;This study;This study;ZMB 1;Meiri 2018;10.1111/geb.12773;1.21E+02;1.41E+02;1.15E-01;1.31E-02;3.30E-02;6.81E-11;3.82E-02;8.10E-11;NA;NA;NA;NA;NA;NA;NA;NA;NA;NA;NA;NA;NA;NA;NA;NA;NA;NA;NA;NA;NA;NA;NA;NA;NA;NA;NA;NA;NA;NA;NA;NA;NA;NA;NA;NA;NA;NA;NA;NA;NA;NA;NA;NA;NA;NA;NA;NA;NA;NA;NA;NA;NA;NA;NA;NA;NA;NA;NA;NA;NA;NA;NA;NA;NA;NA;NA;NA;NA;NA;NA;NA;NA;NA;NA;NA;NA;NA;NA;NA;NA;NA;NA;NA;NA;NA;NA;NA;NA;NA;NA;NA;NA;NA;NA;NA;NA;NA;NA;NA;NA;NA;NA;NA;NA;NA;NA;NA;NA;NA;NA;NA;NA;NA;NA;NA;NA;NA;NA;NA;NA;NA;NA;NA;NA;NA;NA
Tiliqua_rugosa;Squamata;Scincoidea;Scincidae;Extant;1_Unicuspid;0;0;0;Herbivorous;Herbivorous;1;1;Melstrom 2017;10.1002/jmor.20645;MCZ R-24456;Meiri 2018;10.1111/geb.12773;3.97E+01;7.20E+01;1.15E-01;1.31E-02;2.10E-02;4.34E-11;2.92E-02;6.52E-11;NA;NA;NA;NA;NA;NA;NA;NA;NA;NA;NA;NA;NA;NA;NA;NA;NA;NA;NA;NA;NA;NA;NA;NA;NA;NA;NA;NA;NA;NA;NA;NA;NA;NA;NA;NA;NA;NA;NA;NA;NA;NA;NA;NA;NA;NA;NA;NA;NA;NA;NA;NA;NA;NA;NA;NA;NA;NA;NA;NA;NA;NA;NA;NA;NA;NA;NA;NA;NA;NA;NA;NA;NA;NA;NA;NA;NA;NA;NA;NA;NA;NA;NA;NA;NA;NA;NA;NA;NA;NA;NA;NA;NA;NA;NA;NA;NA;NA;NA;NA;NA;NA;NA;NA;NA;NA;NA;NA;NA;NA;NA;NA;NA;NA;NA;NA;NA;NA;NA;NA;NA;NA;NA;NA;NA;NA;NA
Tiliqua_scincoides;Squamata;Scincoidea;Scincidae;Extant;2_Bicuspid;1;0;0;Omnivorous;Omnivorous;1;0;This study;This study;ZMB 17061;Meiri 2018;10.1111/geb.12773;1.17E+02;1.41E+02;1.15E-01;1.31E-02;1.85E-02;3.80E-11;3.82E-02;8.10E-11;NA;NA;NA;NA;NA;NA;NA;NA;NA;NA;NA;NA;NA;NA;NA;NA;NA;NA;NA;NA;NA;NA;NA;NA;NA;NA;NA;NA;NA;NA;NA;NA;NA;NA;NA;NA;NA;NA;NA;NA;NA;NA;NA;NA;NA;NA;NA;NA;NA;NA;NA;NA;NA;NA;NA;NA;NA;NA;NA;NA;NA;NA;NA;NA;NA;NA;NA;NA;NA;NA;NA;NA;NA;NA;NA;NA;NA;NA;NA;NA;NA;NA;NA;NA;NA;NA;NA;NA;NA;NA;NA;NA;NA;NA;NA;NA;NA;NA;NA;NA;NA;NA;NA;NA;NA;NA;NA;NA;NA;NA;NA;NA;NA;NA;NA;NA;NA;NA;NA;NA;NA;NA;NA;NA;NA;NA;NA
Timon_lepidus;Squamata;Lacertoidea;Lacertidae;Extant;3_Tricuspid;1;1;0;Omnivorous;Omnivorous;1;0;Villa & Delfino 2019;10.1093/zoolinnean/zlz035;NHMW 625;Meiri 2018;10.1111/geb.12773;3.20E+02;2.08E+02;4.37E-02;7.42E-03;2.48E-02;5.11E-11;4.23E-02;8.82E-11;NA;NA;NA;NA;NA;NA;NA;NA;NA;NA;NA;NA;NA;NA;NA;NA;NA;NA;NA;NA;NA;NA;NA;NA;NA;NA;NA;NA;NA;NA;NA;NA;NA;NA;NA;NA;NA;NA;NA;NA;NA;NA;NA;NA;NA;NA;NA;NA;NA;NA;NA;NA;NA;NA;NA;NA;NA;NA;NA;NA;NA;NA;NA;NA;NA;NA;NA;NA;NA;NA;NA;NA;NA;NA;NA;NA;NA;NA;NA;NA;NA;NA;NA;NA;NA;NA;NA;NA;NA;NA;NA;NA;NA;NA;NA;NA;NA;NA;NA;NA;NA;NA;NA;NA;NA;NA;NA;NA;NA;NA;NA;NA;NA;NA;NA;NA;NA;NA;NA;NA;NA;NA;NA;NA;NA;NA;NA
Timon_sp;Squamata;Lacertoidea;Lacertidae;Fossil;3_Tricuspid;1;1;0;Insectivorous;Predatory;0;0;Tschopp et al. 2018;10.1093/zoolinnean/zly003;MT-IX-006;This study;This study;4.01E+02;1.23E+02;4.37E-02;7.42E-03;2.48E-02;5.11E-11;3.05E-02;6.28E-11;NA;NA;NA;NA;NA;NA;NA;NA;NA;NA;NA;NA;NA;NA;NA;NA;NA;NA;NA;NA;NA;NA;NA;NA;NA;NA;NA;NA;NA;NA;NA;NA;NA;NA;NA;NA;NA;NA;NA;NA;NA;NA;NA;NA;NA;NA;NA;NA;NA;NA;NA;NA;NA;NA;NA;NA;NA;NA;NA;NA;NA;NA;NA;NA;NA;NA;NA;NA;NA;NA;NA;NA;NA;NA;NA;NA;NA;NA;NA;NA;NA;NA;NA;NA;NA;NA;NA;NA;NA;NA;NA;NA;NA;NA;NA;NA;NA;NA;NA;NA;NA;NA;NA;NA;NA;NA;NA;NA;NA;NA;NA;NA;NA;NA;NA;NA;NA;NA;NA;NA;NA;NA;NA;NA;NA;NA;NA
Tracheloptychus_petersi;Squamata;Scincoidea;Gerrhosauridae;Extant;2_Bicuspid;1;0;0;Insectivorous;Predatory;0;0;Gauthier et al. 2012;10.3374/014.053.0101;YPM 12691;Vitt & Caldwell 2008;978-0123869197;2.35E+01;9.36E+00;4.37E-02;7.42E-03;2.20E-02;4.54E-11;1.65E-02;3.40E-11;NA;NA;NA;NA;NA;NA;NA;NA;NA;NA;NA;NA;NA;NA;NA;NA;NA;NA;NA;NA;NA;NA;NA;NA;NA;NA;NA;NA;NA;NA;NA;NA;NA;NA;NA;NA;NA;NA;NA;NA;NA;NA;NA;NA;NA;NA;NA;NA;NA;NA;NA;NA;NA;NA;NA;NA;NA;NA;NA;NA;NA;NA;NA;NA;NA;NA;NA;NA;NA;NA;NA;NA;NA;NA;NA;NA;NA;NA;NA;NA;NA;NA;NA;NA;NA;NA;NA;NA;NA;NA;NA;NA;NA;NA;NA;NA;NA;NA;NA;NA;NA;NA;NA;NA;NA;NA;NA;NA;NA;NA;NA;NA;NA;NA;NA;NA;NA;NA;NA;NA;NA;NA;NA;NA;NA;NA;NA
Trachylepis_laevis;Squamata;Scincoidea;Scincidae;Extant;1_Unicuspid;0;0;0;Insectivorous;Predatory;0;0;Paluh & Bauer 2017;10.1371/journal.pone.0184414;CAS 254838;Meiri 2018;10.1111/geb.12773;8.53E+01;7.16E+01;4.37E-02;7.42E-03;2.05E-02;4.22E-11;1.84E-02;3.79E-11;NA;NA;NA;NA;NA;NA;NA;NA;NA;NA;NA;NA;NA;NA;NA;NA;NA;NA;NA;NA;NA;NA;NA;NA;NA;NA;NA;NA;NA;NA;NA;NA;NA;NA;NA;NA;NA;NA;NA;NA;NA;NA;NA;NA;NA;NA;NA;NA;NA;NA;NA;NA;NA;NA;NA;NA;NA;NA;NA;NA;NA;NA;NA;NA;NA;NA;NA;NA;NA;NA;NA;NA;NA;NA;NA;NA;NA;NA;NA;NA;NA;NA;NA;NA;NA;NA;NA;NA;NA;NA;NA;NA;NA;NA;NA;NA;NA;NA;NA;NA;NA;NA;NA;NA;NA;NA;NA;NA;NA;NA;NA;NA;NA;NA;NA;NA;NA;NA;NA;NA;NA;NA;NA;NA;NA;NA;NA
Trachylepis_sulcata;Squamata;Scincoidea;Scincidae;Extant;2_Bicuspid;1;0;0;Insectivorous;Predatory;0;0;Paluh & Bauer 2017;10.1371/journal.pone.0184414;MCZA-28066;Meiri 2018;10.1111/geb.12773;6.68E+01;7.54E+01;4.37E-02;7.42E-03;1.96E-02;4.03E-11;1.84E-02;3.79E-11;NA;NA;NA;NA;NA;NA;NA;NA;NA;NA;NA;NA;NA;NA;NA;NA;NA;NA;NA;NA;NA;NA;NA;NA;NA;NA;NA;NA;NA;NA;NA;NA;NA;NA;NA;NA;NA;NA;NA;NA;NA;NA;NA;NA;NA;NA;NA;NA;NA;NA;NA;NA;NA;NA;NA;NA;NA;NA;NA;NA;NA;NA;NA;NA;NA;NA;NA;NA;NA;NA;NA;NA;NA;NA;NA;NA;NA;NA;NA;NA;NA;NA;NA;NA;NA;NA;NA;NA;NA;NA;NA;NA;NA;NA;NA;NA;NA;NA;NA;NA;NA;NA;NA;NA;NA;NA;NA;NA;NA;NA;NA;NA;NA;NA;NA;NA;NA;NA;NA;NA;NA;NA;NA;NA;NA;NA;NA
Trimorphodon_biscutatus;Squamata;Serpentes;Colubridae;Extant;1_Unicuspid;0;0;0;Carnivorous;Predatory;0;0;Gauthier et al. 2012;10.3374/014.053.0101;FMNH 42171;Watanabe et al. 2019;10.1073/pnas.1820967116;1.45E+00;4.02E-01;5.44E-02;2.45E-03;2.25E-02;4.64E-11;2.23E-02;4.61E-11;NA;NA;NA;NA;NA;NA;NA;NA;NA;NA;NA;NA;NA;NA;NA;NA;NA;NA;NA;NA;NA;NA;NA;NA;NA;NA;NA;NA;NA;NA;NA;NA;NA;NA;NA;NA;NA;NA;NA;NA;NA;NA;NA;NA;NA;NA;NA;NA;NA;NA;NA;NA;NA;NA;NA;NA;NA;NA;NA;NA;NA;NA;NA;NA;NA;NA;NA;NA;NA;NA;NA;NA;NA;NA;NA;NA;NA;NA;NA;NA;NA;NA;NA;NA;NA;NA;NA;NA;NA;NA;NA;NA;NA;NA;NA;NA;NA;NA;NA;NA;NA;NA;NA;NA;NA;NA;NA;NA;NA;NA;NA;NA;NA;NA;NA;NA;NA;NA;NA;NA;NA;NA;NA;NA;NA;NA;NA
Trioceros_jacksonii;Squamata;Iguania;Chamaeleonidae;Extant;4_Multicuspid;1;1;1;Insectivorous;Predatory;0;0;Macrì et al. 2019;10.1038/s41467-019-13405-w;NA;Meiri 2018;10.1111/geb.12773;1.81E+01;8.96E+01;4.37E-02;7.42E-03;2.71E-02;5.59E-11;1.87E-02;3.84E-11;NA;NA;NA;NA;NA;NA;NA;NA;NA;NA;NA;NA;NA;NA;NA;NA;NA;NA;NA;NA;NA;NA;NA;NA;NA;NA;NA;NA;NA;NA;NA;NA;NA;NA;NA;NA;NA;NA;NA;NA;NA;NA;NA;NA;NA;NA;NA;NA;NA;NA;NA;NA;NA;NA;NA;NA;NA;NA;NA;NA;NA;NA;NA;NA;NA;NA;NA;NA;NA;NA;NA;NA;NA;NA;NA;NA;NA;NA;NA;NA;NA;NA;NA;NA;NA;NA;NA;NA;NA;NA;NA;NA;NA;NA;NA;NA;NA;NA;NA;NA;NA;NA;NA;NA;NA;NA;NA;NA;NA;NA;NA;NA;NA;NA;NA;NA;NA;NA;NA;NA;NA;NA;NA;NA;NA;NA;NA
Trioceros_melleri;Squamata;Iguania;Chamaeleonidae;Extant;3_Tricuspid;1;1;0;Omnivorous;Omnivorous;1;0;Savalli (unpublished);https://www.savalli.us/BIO370/Anatomy/5.LizardSkull.html;NA;Meiri 2018;10.1111/geb.12773;1.44E+01;1.07E+02;4.37E-02;7.42E-03;2.82E-02;5.82E-11;3.36E-02;7.29E-11;NA;NA;NA;NA;NA;NA;NA;NA;NA;NA;NA;NA;NA;NA;NA;NA;NA;NA;NA;NA;NA;NA;NA;NA;NA;NA;NA;NA;NA;NA;NA;NA;NA;NA;NA;NA;NA;NA;NA;NA;NA;NA;NA;NA;NA;NA;NA;NA;NA;NA;NA;NA;NA;NA;NA;NA;NA;NA;NA;NA;NA;NA;NA;NA;NA;NA;NA;NA;NA;NA;NA;NA;NA;NA;NA;NA;NA;NA;NA;NA;NA;NA;NA;NA;NA;NA;NA;NA;NA;NA;NA;NA;NA;NA;NA;NA;NA;NA;NA;NA;NA;NA;NA;NA;NA;NA;NA;NA;NA;NA;NA;NA;NA;NA;NA;NA;NA;NA;NA;NA;NA;NA;NA;NA;NA;NA;NA
Trioceros_oweni;Squamata;Iguania;Chamaeleonidae;Extant;3_Tricuspid;1;1;0;Insectivorous;Predatory;0;0;Berkovitz & Shellis 2017;978-0-12-802850-6;LDHRN-NH 34.54;Meiri 2018;10.1111/geb.12773;1.48E+01;1.10E+02;4.37E-02;7.42E-03;2.82E-02;5.82E-11;2.35E-02;4.84E-11;NA;NA;NA;NA;NA;NA;NA;NA;NA;NA;NA;NA;NA;NA;NA;NA;NA;NA;NA;NA;NA;NA;NA;NA;NA;NA;NA;NA;NA;NA;NA;NA;NA;NA;NA;NA;NA;NA;NA;NA;NA;NA;NA;NA;NA;NA;NA;NA;NA;NA;NA;NA;NA;NA;NA;NA;NA;NA;NA;NA;NA;NA;NA;NA;NA;NA;NA;NA;NA;NA;NA;NA;NA;NA;NA;NA;NA;NA;NA;NA;NA;NA;NA;NA;NA;NA;NA;NA;NA;NA;NA;NA;NA;NA;NA;NA;NA;NA;NA;NA;NA;NA;NA;NA;NA;NA;NA;NA;NA;NA;NA;NA;NA;NA;NA;NA;NA;NA;NA;NA;NA;NA;NA;NA;NA;NA;NA
Trogonophis_wiegmanni;Squamata;Lacertoidea;Trogonophidae;Extant;2_Bicuspid;1;0;0;Insectivorous;Predatory;0;0;Gauthier et al. 2012;10.3374/014.053.0101;FMNH 109462;Meiri 2018;10.1111/geb.12773;2.07E+01;5.69E-01;4.37E-02;7.42E-03;2.05E-02;4.22E-11;1.09E-02;2.24E-11;-2.40E+00;4.19E-01;5.11E-01;5.57E-01;4.83E-01;2.95E-03;3.10E-01;-9.04E-02;1.61E-01;2.69E-01;2.37E-02;-6.15E-03;6.03E-02;1.45E-01;-9.83E-02;3.60E-02;-1.54E-02;4.23E-02;1.09E-02;3.07E-02;4.53E-02;1.67E-02;8.35E-03;-1.01E-02;-3.28E-03;1.02E-02;-1.65E-02;5.96E-03;-1.53E-02;3.93E-03;-9.28E-03;1.55E-02;-1.59E-02;-1.32E-02;1.02E-02;1.35E-02;4.67E-03;1.02E-02;6.29E-03;-6.50E-03;-5.78E-03;-8.46E-03;1.11E+00;-2.73E+00;2.73E+00;4.64E+00;4.11E+00;5.48E+00;2.57E+00;4.04E-01;-1.01E+01;-3.12E+00;-4.51E+00;-5.75E+00;-3.97E+00;-8.59E+00;-1.81E+01;-6.05E+00;1.05E+01;1.25E+00;-8.02E-01;3.90E+00;-8.21E+00;-9.62E+00;2.21E+00;1.14E+01;8.08E+00;1.49E+00;1.53E+00;-1.28E+01;2.09E+01;4.56E+00;-8.82E+00;-8.90E-01;-8.34E-01;-9.11E-01;-1.92E+01;-3.92E+00;2.79E+01;-8.70E+00;1.10E+01;-6.43E+00;-1.58E+01;-5.84E+00;-1.79E+00;-4.80E-01;-3.45E-01;-4.70E-01;6.29E-01;-1.96E-01;3.29E-01;-8.41E-02;-2.60E-01;-2.54E-01;-1.15E-02;1.15E-03;-2.75E-02;-6.26E-02;1.37E-01;-3.57E-02;9.29E-03;1.68E-03;5.61E-02;5.50E-03;5.12E-02;-4.93E-02;3.44E-03;8.45E-03;-1.66E-03;-3.96E-02;-1.99E-02;1.18E-02;-2.88E-03;1.84E-02;-1.75E-02;-2.32E-03;2.11E-02;6.13E-03;-2.66E-03;6.50E-03;9.25E-03;-2.80E-03;-1.25E-02;8.54E-03;-9.25E-03;1.23E-02;5.11E-01
Tropidolaemus_wagleri;Squamata;Serpentes;Viperidae;Extant;1_Unicuspid;0;0;0;Carnivorous;Predatory;0;0;Hill 2019;10.1371/journal.pone.0206023;APPSU 25797;Tan et al. 2017;10.1038/srep43237;1.26E+00;2.84E-01;5.44E-02;2.45E-03;1.20E-02;2.47E-11;1.40E-02;2.88E-11;NA;NA;NA;NA;NA;NA;NA;NA;NA;NA;NA;NA;NA;NA;NA;NA;NA;NA;NA;NA;NA;NA;NA;NA;NA;NA;NA;NA;NA;NA;NA;NA;NA;NA;NA;NA;NA;NA;NA;NA;NA;NA;NA;NA;NA;NA;NA;NA;NA;NA;NA;NA;NA;NA;NA;NA;NA;NA;NA;NA;NA;NA;NA;NA;NA;NA;NA;NA;NA;NA;NA;NA;NA;NA;NA;NA;NA;NA;NA;NA;NA;NA;NA;NA;NA;NA;NA;NA;NA;NA;NA;NA;NA;NA;NA;NA;NA;NA;NA;NA;NA;NA;NA;NA;NA;NA;NA;NA;NA;NA;NA;NA;NA;NA;NA;NA;NA;NA;NA;NA;NA;NA;NA;NA;NA;NA;NA
Tropidophis_haetianus;Squamata;Lacertoidea;Trogonophidae;Extant;1_Unicuspid;0;0;0;Carnivorous;Predatory;0;0;Gauthier et al. 2012;10.3374/014.053.0101;TNHC 64040;Watanabe et al. 2019;10.1073/pnas.1820967116;1.01E+00;2.33E-01;5.17E-02;2.93E-03;5.80E-03;1.20E-11;5.91E-03;1.22E-11;NA;NA;NA;NA;NA;NA;NA;NA;NA;NA;NA;NA;NA;NA;NA;NA;NA;NA;NA;NA;NA;NA;NA;NA;NA;NA;NA;NA;NA;NA;NA;NA;NA;NA;NA;NA;NA;NA;NA;NA;NA;NA;NA;NA;NA;NA;NA;NA;NA;NA;NA;NA;NA;NA;NA;NA;NA;NA;NA;NA;NA;NA;NA;NA;NA;NA;NA;NA;NA;NA;NA;NA;NA;NA;NA;NA;NA;NA;NA;NA;NA;NA;NA;NA;NA;NA;NA;NA;NA;NA;NA;NA;NA;NA;NA;NA;NA;NA;NA;NA;NA;NA;NA;NA;NA;NA;NA;NA;NA;NA;NA;NA;NA;NA;NA;NA;NA;NA;NA;NA;NA;NA;NA;NA;NA;NA;NA
Tropidophorus_misaminius;Squamata;Scincoidea;Scincidae;Extant;1_Unicuspid;0;0;0;Insectivorous;Predatory;0;0;Evans 2008;978-0-91698-476-2;CAS 62004;Metzger & Herrel 2005;10.1111/j.1095-8312.2005.00546.x;8.17E+00;3.29E+01;4.37E-02;7.42E-03;6.91E-03;1.42E-11;8.06E-03;1.66E-11;NA;NA;NA;NA;NA;NA;NA;NA;NA;NA;NA;NA;NA;NA;NA;NA;NA;NA;NA;NA;NA;NA;NA;NA;NA;NA;NA;NA;NA;NA;NA;NA;NA;NA;NA;NA;NA;NA;NA;NA;NA;NA;NA;NA;NA;NA;NA;NA;NA;NA;NA;NA;NA;NA;NA;NA;NA;NA;NA;NA;NA;NA;NA;NA;NA;NA;NA;NA;NA;NA;NA;NA;NA;NA;NA;NA;NA;NA;NA;NA;NA;NA;NA;NA;NA;NA;NA;NA;NA;NA;NA;NA;NA;NA;NA;NA;NA;NA;NA;NA;NA;NA;NA;NA;NA;NA;NA;NA;NA;NA;NA;NA;NA;NA;NA;NA;NA;NA;NA;NA;NA;NA;NA;NA;NA;NA;NA
Tropidurus_etheridgei;Squamata;Iguania;Tropiduridae;Extant;3_Tricuspid;1;1;0;Omnivorous;Omnivorous;1;0;Borsuk-Bia?ynicka & Alifanov 1991;Acta Palaeonto. Pol. 36(3):325-342;ZPALzp.RI/46;Meiri 2018;10.1111/geb.12773;2.45E+01;9.82E+00;4.90E-02;5.54E-03;2.89E-02;5.96E-11;2.65E-02;6.04E-11;NA;NA;NA;NA;NA;NA;NA;NA;NA;NA;NA;NA;NA;NA;NA;NA;NA;NA;NA;NA;NA;NA;NA;NA;NA;NA;NA;NA;NA;NA;NA;NA;NA;NA;NA;NA;NA;NA;NA;NA;NA;NA;NA;NA;NA;NA;NA;NA;NA;NA;NA;NA;NA;NA;NA;NA;NA;NA;NA;NA;NA;NA;NA;NA;NA;NA;NA;NA;NA;NA;NA;NA;NA;NA;NA;NA;NA;NA;NA;NA;NA;NA;NA;NA;NA;NA;NA;NA;NA;NA;NA;NA;NA;NA;NA;NA;NA;NA;NA;NA;NA;NA;NA;NA;NA;NA;NA;NA;NA;NA;NA;NA;NA;NA;NA;NA;NA;NA;NA;NA;NA;NA;NA;NA;NA;NA;NA
Tropidurus_torquatus;Squamata;Iguania;Tropiduridae;Extant;3_Tricuspid;1;1;0;Omnivorous;Omnivorous;1;0;Da Silva et al. 2018;10.1038/s41467-017-02788-3;http://id.luomus.fi/KS.MS1195;Meiri 2018;10.1111/geb.12773;2.44E+01;8.52E+00;4.90E-02;5.54E-03;2.89E-02;5.96E-11;2.65E-02;6.04E-11;1.19E+00;-1.41E-01;-2.27E-01;4.49E-01;-4.59E-02;2.86E-01;-3.32E-01;-1.65E-01;-1.77E-02;4.87E-02;2.01E-01;1.79E-02;1.20E-01;-1.50E-02;1.92E-02;5.94E-02;-4.34E-04;9.79E-04;1.10E-02;-7.53E-02;-6.91E-02;5.20E-03;1.84E-02;1.02E-02;2.20E-02;1.71E-02;-6.70E-03;1.90E-02;-5.92E-03;-1.34E-02;2.45E-03;4.84E-03;-2.52E-03;-7.37E-03;-5.43E-03;-3.42E-03;8.02E-03;6.02E-03;-5.69E-03;-1.14E-04;5.08E-04;-7.84E-03;1.60E+01;-7.88E-01;-4.26E+00;-1.16E+00;-1.97E+01;1.09E+01;-1.28E+01;-7.32E+00;5.70E+00;-7.20E+00;-6.87E+00;-2.03E+00;1.26E+01;-8.95E-01;-1.15E+01;7.72E+00;2.76E+00;-4.65E-01;-1.67E+00;8.28E+00;6.28E+00;2.74E+00;1.76E+00;3.58E+00;2.54E-01;-8.96E+00;2.50E+00;1.63E-01;-6.55E-01;9.08E+00;6.15E+00;-1.15E+01;5.02E+00;-1.37E+01;-1.46E+01;1.13E+01;-6.45E+00;9.75E+00;-5.72E+00;-1.35E+01;1.23E+01;3.19E+00;1.84E+00;-6.31E-02;8.84E-02;-4.03E-01;7.53E-02;4.91E-01;8.88E-02;-2.53E-02;1.72E-01;-1.66E-01;-1.37E-01;2.78E-01;1.37E-02;9.43E-03;-3.98E-02;-2.03E-02;5.75E-02;6.87E-03;3.26E-03;-4.57E-02;-8.15E-02;3.52E-02;-4.23E-02;5.79E-03;-1.21E-03;1.76E-02;-3.79E-02;3.71E-03;8.99E-03;-1.41E-02;6.23E-03;5.31E-03;5.63E-03;2.59E-03;6.55E-03;-1.61E-03;-7.07E-03;-1.35E-02;-1.04E-03;1.20E-03;-5.70E-04;5.76E-03;1.11E-01
Tupinambis_quadrilineatus;Squamata;Lacertoidea;Teiidae;Extant;3_Tricuspid;1;1;0;Herbivorous;Herbivorous;1;1;Brizuela & Albino 2010;Cuad. Herpetol. 24(1):5-16;MZUSP;Meiri 2018;10.1111/geb.12773;1.22E+02;5.44E+00;4.48E-02;6.90E-03;2.31E-02;4.76E-11;2.50E-02;5.77E-11;NA;NA;NA;NA;NA;NA;NA;NA;NA;NA;NA;NA;NA;NA;NA;NA;NA;NA;NA;NA;NA;NA;NA;NA;NA;NA;NA;NA;NA;NA;NA;NA;NA;NA;NA;NA;NA;NA;NA;NA;NA;NA;NA;NA;NA;NA;NA;NA;NA;NA;NA;NA;NA;NA;NA;NA;NA;NA;NA;NA;NA;NA;NA;NA;NA;NA;NA;NA;NA;NA;NA;NA;NA;NA;NA;NA;NA;NA;NA;NA;NA;NA;NA;NA;NA;NA;NA;NA;NA;NA;NA;NA;NA;NA;NA;NA;NA;NA;NA;NA;NA;NA;NA;NA;NA;NA;NA;NA;NA;NA;NA;NA;NA;NA;NA;NA;NA;NA;NA;NA;NA;NA;NA;NA;NA;NA;NA
Tupinambis_teguixin;Squamata;Lacertoidea;Teiidae;Extant;3_Tricuspid;1;1;0;Omnivorous;Omnivorous;1;0;This study;This study;ZMB 19043;Meiri 2018;10.1111/geb.12773;1.32E+02;5.31E+00;4.48E-02;6.90E-03;2.31E-02;4.76E-11;2.50E-02;5.77E-11;-3.26E+00;-7.54E-01;6.42E-01;4.34E-01;2.54E-01;-2.87E-01;2.25E-01;-2.26E-01;-6.74E-02;-1.58E-01;-3.28E-02;-1.48E-01;6.94E-02;-1.04E-01;-6.61E-02;1.99E-02;1.36E-01;-5.28E-02;-1.51E-02;-1.29E-02;-5.11E-02;-2.57E-02;-2.53E-02;-3.03E-02;5.01E-02;4.23E-03;-1.26E-03;2.26E-02;2.63E-02;5.52E-03;2.01E-02;-1.73E-02;-6.41E-03;2.20E-02;1.50E-02;8.43E-03;-8.79E-03;2.92E-03;-1.47E-03;-1.87E-03;-8.92E-03;-2.00E-03;-1.23E+01;1.28E+01;1.39E+01;2.71E+00;8.35E+00;1.52E+00;-1.27E+01;-1.64E+01;-6.46E+00;-1.97E+01;-1.01E+01;-2.26E+01;1.92E+00;2.75E+00;7.96E+00;1.05E+01;-8.01E-01;-1.54E+00;-5.60E+00;-7.57E+00;2.65E+00;-1.82E+01;1.15E+01;-1.66E-01;3.52E+00;1.07E+01;-7.59E+00;6.09E+00;-9.17E+00;4.87E+00;-1.02E+01;-1.31E+01;-1.31E+01;-1.01E+01;3.83E+00;-7.93E+00;-1.28E+01;1.32E+00;-1.12E+01;-1.09E+01;-2.31E+01;-2.92E-01;-2.62E+00;6.74E-01;-1.71E-02;-6.33E-01;4.58E-01;-4.81E-01;1.67E-01;1.34E-01;7.08E-02;6.43E-05;-1.61E-01;-8.15E-03;-1.79E-01;-1.32E-01;-4.02E-02;1.25E-01;1.31E-01;-2.03E-02;-5.08E-02;3.05E-02;-6.17E-02;4.94E-02;1.15E-03;-6.21E-02;-1.78E-03;9.13E-03;-1.52E-02;-3.58E-02;5.19E-02;2.02E-02;2.65E-02;1.52E-02;-3.60E-03;-2.59E-02;-8.15E-03;1.89E-02;1.99E-02;7.78E-03;1.62E-03;-3.38E-03;-1.17E-02;1.22E-03;1.48E-01
Tylosaurus_proriger;Squamata;Mosasauria;Mosasauridae;Fossil;1_Unicuspid;0;0;0;Carnivorous;Predatory;0;0;Everhart 2005;"10.1660/0022-8443(2005)108[0149:EROTGT]2.0.CO;2";FHSM VP-2297;Everhart 2004;The Mosasaur 7:41-46;7.69E+00;4.55E-01;4.36E-02;5.88E-02;1.86E-02;3.84E-11;1.96E-02;4.03E-11;NA;NA;NA;NA;NA;NA;NA;NA;NA;NA;NA;NA;NA;NA;NA;NA;NA;NA;NA;NA;NA;NA;NA;NA;NA;NA;NA;NA;NA;NA;NA;NA;NA;NA;NA;NA;NA;NA;NA;NA;NA;NA;NA;NA;NA;NA;NA;NA;NA;NA;NA;NA;NA;NA;NA;NA;NA;NA;NA;NA;NA;NA;NA;NA;NA;NA;NA;NA;NA;NA;NA;NA;NA;NA;NA;NA;NA;NA;NA;NA;NA;NA;NA;NA;NA;NA;NA;NA;NA;NA;NA;NA;NA;NA;NA;NA;NA;NA;NA;NA;NA;NA;NA;NA;NA;NA;NA;NA;NA;NA;NA;NA;NA;NA;NA;NA;NA;NA;NA;NA;NA;NA;NA;NA;NA;NA;NA
Typhlosaurus_braini;Squamata;Scincoidea;Scincidae;Extant;1_Unicuspid;0;0;0;Insectivorous;Predatory;0;0;Rieppel 1981;10.1111/j.1469-7998.1981.tb03480.x;TM 53119;Meiri 2018;10.1111/geb.12773;7.62E+00;9.42E+00;4.37E-02;7.42E-03;2.31E-02;4.76E-11;2.31E-02;4.76E-11;NA;NA;NA;NA;NA;NA;NA;NA;NA;NA;NA;NA;NA;NA;NA;NA;NA;NA;NA;NA;NA;NA;NA;NA;NA;NA;NA;NA;NA;NA;NA;NA;NA;NA;NA;NA;NA;NA;NA;NA;NA;NA;NA;NA;NA;NA;NA;NA;NA;NA;NA;NA;NA;NA;NA;NA;NA;NA;NA;NA;NA;NA;NA;NA;NA;NA;NA;NA;NA;NA;NA;NA;NA;NA;NA;NA;NA;NA;NA;NA;NA;NA;NA;NA;NA;NA;NA;NA;NA;NA;NA;NA;NA;NA;NA;NA;NA;NA;NA;NA;NA;NA;NA;NA;NA;NA;NA;NA;NA;NA;NA;NA;NA;NA;NA;NA;NA;NA;NA;NA;NA;NA;NA;NA;NA;NA;NA
Typhlosaurus_vermis;Squamata;Scincoidea;Scincidae;Extant;1_Unicuspid;0;0;0;Insectivorous;Predatory;0;0;Rieppel 1981;10.1111/j.1469-7998.1981.tb03480.x;MCZ 41938;Meiri 2018;10.1111/geb.12773;8.05E+00;1.29E+01;4.37E-02;7.42E-03;2.31E-02;4.76E-11;2.31E-02;4.76E-11;NA;NA;NA;NA;NA;NA;NA;NA;NA;NA;NA;NA;NA;NA;NA;NA;NA;NA;NA;NA;NA;NA;NA;NA;NA;NA;NA;NA;NA;NA;NA;NA;NA;NA;NA;NA;NA;NA;NA;NA;NA;NA;NA;NA;NA;NA;NA;NA;NA;NA;NA;NA;NA;NA;NA;NA;NA;NA;NA;NA;NA;NA;NA;NA;NA;NA;NA;NA;NA;NA;NA;NA;NA;NA;NA;NA;NA;NA;NA;NA;NA;NA;NA;NA;NA;NA;NA;NA;NA;NA;NA;NA;NA;NA;NA;NA;NA;NA;NA;NA;NA;NA;NA;NA;NA;NA;NA;NA;NA;NA;NA;NA;NA;NA;NA;NA;NA;NA;NA;NA;NA;NA;NA;NA;NA;NA;NA
Uma_scoparia;Squamata;Iguania;Phrynosomatidae;Extant;3_Tricuspid;1;1;0;Omnivorous;Omnivorous;1;0;Gauthier et al. 2012;10.3374/014.053.0101;FMNH 1203;Meiri 2018;10.1111/geb.12773;1.64E+01;5.11E+00;4.90E-02;5.54E-03;2.20E-02;4.53E-11;3.15E-02;6.92E-11;-2.62E-01;-8.60E-01;3.52E-01;2.21E-01;6.31E-03;-1.66E-01;-1.56E-01;2.82E-02;-1.02E-01;9.98E-02;-4.25E-02;1.28E-02;-3.46E-02;3.02E-03;9.69E-03;-5.86E-02;-7.16E-02;2.64E-02;-5.70E-04;-5.40E-02;1.12E-02;2.30E-02;-2.67E-02;-1.93E-02;3.35E-02;-4.86E-03;-3.33E-02;1.12E-02;3.10E-03;-8.27E-04;-3.13E-03;-4.75E-03;-5.06E-04;-1.03E-02;1.26E-02;8.02E-05;-9.59E-03;-1.16E-02;1.03E-03;-8.67E-04;8.40E-03;-1.88E-03;-1.40E-01;-8.35E-01;1.43E+01;2.55E+00;-6.11E+00;1.45E+01;1.33E+01;-5.82E+00;5.47E-01;2.48E+00;1.38E+00;8.17E+00;7.59E+00;-1.01E+01;1.43E+01;-4.19E-01;1.29E+01;7.52E+00;2.55E+00;-1.10E+00;-2.97E+00;-3.05E+00;1.07E+00;-5.72E+00;3.02E+00;-6.55E+00;2.26E+00;2.95E+00;3.15E+00;2.68E+00;5.12E+00;-6.62E+00;-2.54E+00;4.48E+00;-4.91E+00;-5.11E+00;-2.25E+00;1.52E-01;4.14E+00;-7.32E+00;-1.64E+00;9.81E+00;3.59E-01;7.43E-01;-8.63E-02;-4.75E-01;-4.64E-02;-7.80E-02;-5.45E-02;9.46E-02;1.11E-02;-1.01E-01;7.84E-03;1.97E-02;8.79E-02;-1.40E-02;-8.74E-02;-4.13E-02;-7.68E-02;-9.48E-03;2.93E-02;-2.60E-02;-2.70E-02;-2.45E-02;-8.00E-03;-3.00E-02;-3.32E-03;-1.76E-02;-3.38E-02;-9.34E-03;1.11E-02;7.50E-03;-1.13E-02;6.30E-03;1.68E-03;2.13E-03;8.65E-03;4.09E-03;8.26E-03;1.38E-02;4.04E-03;-3.19E-03;8.56E-03;-2.91E-03;1.10E-01
Ungaliophis_continentalis;Squamata;Serpentes;Boidae;Extant;1_Unicuspid;0;0;0;Carnivorous;Predatory;0;0;Gauthier et al. 2012;10.3374/014.053.0101;UTA 50569;Watanabe et al. 2019;10.1073/pnas.1820967116;1.06E+00;2.31E-01;5.44E-02;2.45E-03;9.09E-03;1.87E-11;1.08E-02;2.22E-11;NA;NA;NA;NA;NA;NA;NA;NA;NA;NA;NA;NA;NA;NA;NA;NA;NA;NA;NA;NA;NA;NA;NA;NA;NA;NA;NA;NA;NA;NA;NA;NA;NA;NA;NA;NA;NA;NA;NA;NA;NA;NA;NA;NA;NA;NA;NA;NA;NA;NA;NA;NA;NA;NA;NA;NA;NA;NA;NA;NA;NA;NA;NA;NA;NA;NA;NA;NA;NA;NA;NA;NA;NA;NA;NA;NA;NA;NA;NA;NA;NA;NA;NA;NA;NA;NA;NA;NA;NA;NA;NA;NA;NA;NA;NA;NA;NA;NA;NA;NA;NA;NA;NA;NA;NA;NA;NA;NA;NA;NA;NA;NA;NA;NA;NA;NA;NA;NA;NA;NA;NA;NA;NA;NA;NA;NA;NA
Uranoscodon_superciliosus;Squamata;Iguania;Tropiduridae;Extant;3_Tricuspid;1;1;0;Insectivorous;Predatory;0;0;Gauthier et al. 2012;10.3374/014.053.0101;YPM 12871;Meiri 2018;10.1111/geb.12773;1.44E+01;5.57E+00;4.90E-02;5.54E-03;2.53E-02;5.21E-11;1.44E-02;2.96E-11;2.27E+00;1.66E-01;-3.45E-01;5.82E-02;2.51E-02;1.59E-01;1.08E-01;-1.13E-01;1.99E-01;-4.25E-02;3.36E-01;-6.89E-02;-1.44E-02;8.43E-02;-1.84E-02;-1.09E-01;6.37E-02;-3.39E-02;-4.88E-02;-7.90E-02;4.55E-02;3.55E-03;-1.55E-02;3.06E-02;-1.64E-02;3.60E-02;-8.68E-03;3.51E-02;2.10E-02;-1.11E-02;-1.71E-02;6.91E-03;-1.67E-02;2.70E-02;-4.66E-03;-1.31E-02;-4.85E-03;-1.36E-03;8.77E-03;-9.19E-03;-2.86E-03;5.20E-04;6.14E+00;-1.75E+01;-7.59E+00;1.25E+01;2.74E+00;-5.80E+00;7.47E+00;-1.70E+01;-2.93E+00;3.21E+00;-5.29E+00;-5.02E+00;4.51E+00;9.89E+00;-1.21E+01;5.04E+00;8.99E+00;3.19E-01;1.07E+00;1.10E+01;-8.79E+00;-4.31E+00;1.07E+01;1.49E+01;-7.53E+00;-5.91E+00;-4.98E+00;7.73E-01;-1.08E+00;-8.29E-01;1.24E+01;3.74E+00;-3.01E+01;-3.73E+00;-7.86E+00;3.21E+01;-9.43E+00;-6.50E+00;-2.32E+00;-1.44E+00;1.20E+01;-2.41E+00;2.89E+00;-2.88E-01;-2.40E-02;2.32E-01;2.45E-02;3.06E-01;2.85E-01;-2.26E-01;2.03E-02;-8.24E-02;-2.61E-01;1.76E-01;7.65E-02;-5.21E-02;1.56E-02;6.99E-02;-1.15E-01;-6.64E-02;-1.27E-01;-5.23E-02;3.38E-03;6.96E-02;-2.66E-02;2.82E-02;-3.21E-02;3.64E-03;-3.43E-02;-4.07E-03;1.30E-02;-1.67E-02;-5.97E-03;-2.47E-03;-6.37E-03;-2.88E-02;5.16E-04;-1.54E-02;-4.32E-03;1.59E-04;-5.34E-03;9.83E-03;2.75E-03;-2.41E-04;1.09E-01
Uromastyx_aegyptia;Squamata;Iguania;Agamidae;Extant;1_Unicuspid;0;0;0;Herbivorous;Herbivorous;1;1;Gauthier et al. 2012;10.3374/014.053.0101;FMNH 78661;Meiri 2018;10.1111/geb.12773;1.46E+01;3.34E+00;4.37E-02;7.42E-03;5.74E-03;1.18E-11;8.96E-03;2.95E-11;NA;NA;NA;NA;NA;NA;NA;NA;NA;NA;NA;NA;NA;NA;NA;NA;NA;NA;NA;NA;NA;NA;NA;NA;NA;NA;NA;NA;NA;NA;NA;NA;NA;NA;NA;NA;NA;NA;NA;NA;NA;NA;NA;NA;NA;NA;NA;NA;NA;NA;NA;NA;NA;NA;NA;NA;NA;NA;NA;NA;NA;NA;NA;NA;NA;NA;NA;NA;NA;NA;NA;NA;NA;NA;NA;NA;NA;NA;NA;NA;NA;NA;NA;NA;NA;NA;NA;NA;NA;NA;NA;NA;NA;NA;NA;NA;NA;NA;NA;NA;NA;NA;NA;NA;NA;NA;NA;NA;NA;NA;NA;NA;NA;NA;NA;NA;NA;NA;NA;NA;NA;NA;NA;NA;NA;NA;NA
Uropeltis_woodmasoni;Squamata;Serpentes;Uropeltidae;Extant;1_Unicuspid;0;0;0;Insectivorous;Predatory;0;0;Olori & Bell 2012;10.1371/journal.pone.0032450;TMM M-10006;Durso (unpublished);https://eol.org/pages/8114/articles;9.95E-01;2.87E-01;5.44E-02;2.45E-03;8.92E-03;1.84E-11;1.10E-02;2.26E-11;NA;NA;NA;NA;NA;NA;NA;NA;NA;NA;NA;NA;NA;NA;NA;NA;NA;NA;NA;NA;NA;NA;NA;NA;NA;NA;NA;NA;NA;NA;NA;NA;NA;NA;NA;NA;NA;NA;NA;NA;NA;NA;NA;NA;NA;NA;NA;NA;NA;NA;NA;NA;NA;NA;NA;NA;NA;NA;NA;NA;NA;NA;NA;NA;NA;NA;NA;NA;NA;NA;NA;NA;NA;NA;NA;NA;NA;NA;NA;NA;NA;NA;NA;NA;NA;NA;NA;NA;NA;NA;NA;NA;NA;NA;NA;NA;NA;NA;NA;NA;NA;NA;NA;NA;NA;NA;NA;NA;NA;NA;NA;NA;NA;NA;NA;NA;NA;NA;NA;NA;NA;NA;NA;NA;NA;NA;NA
Urostrophus_vautieri;Squamata;Iguania;Leiosauridae;Extant;3_Tricuspid;1;1;0;Insectivorous;Predatory;0;0;Gauthier et al. 2012;10.3374/014.053.0101;FMNH 83576;Watanabe et al. 2019;10.1073/pnas.1820967116;3.07E+01;8.79E+00;4.90E-02;5.54E-03;2.46E-02;5.07E-11;1.60E-02;3.30E-11;-7.56E-01;2.82E-03;-1.41E-01;1.37E-01;1.44E-01;1.31E-01;-5.52E-02;-1.98E-02;-1.13E-01;1.28E-01;8.68E-02;-4.01E-02;1.24E-01;1.16E-02;-6.37E-02;4.90E-02;-9.75E-03;-2.35E-03;-5.92E-03;2.76E-02;-1.86E-02;-1.21E-02;1.46E-04;-1.73E-03;-1.48E-02;2.20E-02;2.95E-02;5.66E-03;1.74E-02;1.11E-02;-1.65E-02;9.97E-04;-1.19E-02;6.77E-03;5.36E-03;1.19E-02;6.08E-03;-1.61E-02;4.14E-03;-6.76E-04;1.74E-02;-4.96E-03;1.25E+01;9.26E+00;-6.12E+00;-2.16E+00;-1.05E+01;8.61E-01;-6.50E+00;-8.00E-01;-7.80E+00;-4.05E+00;-8.31E+00;-1.76E+00;-3.52E+00;6.10E+00;-3.85E-01;7.07E+00;-5.82E+00;-7.51E-01;1.17E+01;2.43E+00;1.71E+00;-1.82E+00;2.71E+00;4.61E+00;5.87E+00;-5.74E+00;-4.78E-01;2.65E+00;-5.61E+00;6.58E+00;-5.67E+00;-1.00E+01;3.41E-01;-3.29E+00;-4.17E+00;6.65E+00;1.69E+01;-7.78E+00;6.44E+00;-3.23E+00;-1.34E-01;-5.39E+00;-9.66E-02;-1.76E-01;1.84E-01;-1.61E-01;2.13E-01;1.36E-01;-6.95E-02;6.18E-02;-4.15E-02;-2.00E-01;-5.06E-02;1.48E-01;-5.28E-02;-6.58E-02;3.06E-02;-4.07E-02;5.53E-02;-1.47E-02;3.64E-02;3.48E-02;3.34E-03;6.16E-03;7.87E-03;1.76E-02;-5.89E-03;2.55E-02;4.96E-04;-1.46E-02;2.41E-02;-1.72E-03;-2.03E-02;-5.12E-03;4.66E-03;-1.31E-02;-1.07E-02;1.08E-02;-1.05E-02;1.34E-02;-8.59E-03;-5.22E-03;8.96E-03;-2.41E-03;1.03E-01
Uta_stansburiana;Squamata;Iguania;Phrynosomatidae;Extant;3_Tricuspid;1;1;0;Insectivorous;Predatory;0;0;Gauthier et al. 2012;10.3374/014.053.0101;FMNH 213914;Meiri 2018;10.1111/geb.12773;2.71E+01;6.77E+00;4.90E-02;5.54E-03;2.27E-02;4.69E-11;1.31E-02;2.70E-11;1.78E+00;-4.25E-01;-1.04E-01;2.29E-01;-2.80E-01;1.12E-01;1.74E-02;-1.26E-01;-6.19E-02;-1.20E-01;1.76E-01;-1.19E-02;8.09E-02;-6.86E-02;-1.05E-01;-3.64E-02;6.80E-02;5.29E-02;-1.29E-02;7.64E-03;-1.07E-01;6.61E-04;-3.15E-02;5.72E-02;-4.32E-02;2.64E-02;-1.85E-02;1.71E-02;-2.14E-02;5.86E-03;8.50E-04;3.28E-03;3.55E-03;2.14E-03;3.84E-03;-3.91E-03;4.16E-03;1.05E-03;-8.04E-04;1.85E-02;-2.76E-03;-3.29E-03;5.98E+00;-1.95E+01;1.19E+00;1.64E+01;-8.21E+00;2.40E+00;-1.72E+01;-1.26E+01;-1.69E+00;-1.07E+01;-3.86E+00;9.43E-01;6.13E+00;-5.84E+00;-1.29E+01;1.09E+01;-8.05E+00;2.18E+00;-1.05E+01;9.54E+00;3.46E+00;9.84E+00;-9.31E-01;6.76E+00;4.29E+00;-8.98E+00;-9.66E-01;9.40E+00;-1.45E+01;-2.81E+00;-1.33E+01;-1.86E+01;4.58E+00;-5.38E+00;2.19E+00;1.26E+01;-1.55E+01;-1.27E+01;-4.54E+00;1.19E+01;7.76E+00;-6.81E-01;2.40E+00;3.07E-01;1.96E-02;-9.37E-02;-1.22E-01;3.03E-01;3.06E-01;1.27E-01;1.69E-01;-4.38E-03;-1.13E-01;2.26E-01;-1.61E-02;-1.37E-01;-1.09E-02;9.29E-02;-2.11E-02;-3.54E-03;-9.73E-03;4.02E-02;-1.13E-01;9.53E-02;2.69E-02;6.05E-02;-1.51E-02;1.31E-02;-4.55E-02;2.60E-02;-2.91E-02;-3.65E-03;4.35E-03;3.15E-03;-7.51E-03;-4.96E-03;1.29E-02;-7.01E-04;-3.56E-03;-4.06E-03;-2.40E-03;-1.80E-02;-3.06E-03;-4.61E-04;1.09E-01
Varanus_acanthurus;Squamata;Anguimorpha;Varanidae;Extant;1_Unicuspid;0;0;0;Carnivorous;Predatory;0;0;This study;This study;Di-Poï lab;Meiri 2018;10.1111/geb.12773;5.32E+00;1.87E+00;1.54E-01;1.48E-02;2.20E-02;4.54E-11;2.19E-02;4.52E-11;NA;NA;NA;NA;NA;NA;NA;NA;NA;NA;NA;NA;NA;NA;NA;NA;NA;NA;NA;NA;NA;NA;NA;NA;NA;NA;NA;NA;NA;NA;NA;NA;NA;NA;NA;NA;NA;NA;NA;NA;NA;NA;NA;NA;NA;NA;NA;NA;NA;NA;NA;NA;NA;NA;NA;NA;NA;NA;NA;NA;NA;NA;NA;NA;NA;NA;NA;NA;NA;NA;NA;NA;NA;NA;NA;NA;NA;NA;NA;NA;NA;NA;NA;NA;NA;NA;NA;NA;NA;NA;NA;NA;NA;NA;NA;NA;NA;NA;NA;NA;NA;NA;NA;NA;NA;NA;NA;NA;NA;NA;NA;NA;NA;NA;NA;NA;NA;NA;NA;NA;NA;NA;NA;NA;NA;NA;NA
Varanus_albigularis;Squamata;Anguimorpha;Varanidae;Extant;1_Unicuspid;0;0;0;Carnivorous;Predatory;0;0;Berkovitz & Shellis 2017;978-0-12-802850-6;NA;Meiri 2018;10.1111/geb.12773;6.86E+00;3.97E+00;1.54E-01;1.48E-02;2.82E-02;5.82E-11;2.62E-02;5.41E-11;NA;NA;NA;NA;NA;NA;NA;NA;NA;NA;NA;NA;NA;NA;NA;NA;NA;NA;NA;NA;NA;NA;NA;NA;NA;NA;NA;NA;NA;NA;NA;NA;NA;NA;NA;NA;NA;NA;NA;NA;NA;NA;NA;NA;NA;NA;NA;NA;NA;NA;NA;NA;NA;NA;NA;NA;NA;NA;NA;NA;NA;NA;NA;NA;NA;NA;NA;NA;NA;NA;NA;NA;NA;NA;NA;NA;NA;NA;NA;NA;NA;NA;NA;NA;NA;NA;NA;NA;NA;NA;NA;NA;NA;NA;NA;NA;NA;NA;NA;NA;NA;NA;NA;NA;NA;NA;NA;NA;NA;NA;NA;NA;NA;NA;NA;NA;NA;NA;NA;NA;NA;NA;NA;NA;NA;NA;NA
Varanus_dumerilii;Squamata;Anguimorpha;Varanidae;Extant;1_Unicuspid;0;0;0;Insectivorous;Predatory;0;0;Larson (unpublished);NA;YPM R11038;Meiri 2018;10.1111/geb.12773;6.53E+00;3.14E+00;1.54E-01;1.48E-02;2.81E-02;5.79E-11;2.59E-02;5.34E-11;NA;NA;NA;NA;NA;NA;NA;NA;NA;NA;NA;NA;NA;NA;NA;NA;NA;NA;NA;NA;NA;NA;NA;NA;NA;NA;NA;NA;NA;NA;NA;NA;NA;NA;NA;NA;NA;NA;NA;NA;NA;NA;NA;NA;NA;NA;NA;NA;NA;NA;NA;NA;NA;NA;NA;NA;NA;NA;NA;NA;NA;NA;NA;NA;NA;NA;NA;NA;NA;NA;NA;NA;NA;NA;NA;NA;NA;NA;NA;NA;NA;NA;NA;NA;NA;NA;NA;NA;NA;NA;NA;NA;NA;NA;NA;NA;NA;NA;NA;NA;NA;NA;NA;NA;NA;NA;NA;NA;NA;NA;NA;NA;NA;NA;NA;NA;NA;NA;NA;NA;NA;NA;NA;NA;NA;NA;NA
Varanus_exanthematicus;Squamata;Anguimorpha;Varanidae;Extant;1_Unicuspid;0;0;0;Carnivorous;Predatory;0;0;Gauthier et al. 2012;10.3374/014.053.0101;FMNH 58299;Meiri 2018;10.1111/geb.12773;7.07E+00;3.64E+00;1.54E-01;1.48E-02;2.82E-02;5.82E-11;2.62E-02;5.41E-11;NA;NA;NA;NA;NA;NA;NA;NA;NA;NA;NA;NA;NA;NA;NA;NA;NA;NA;NA;NA;NA;NA;NA;NA;NA;NA;NA;NA;NA;NA;NA;NA;NA;NA;NA;NA;NA;NA;NA;NA;NA;NA;NA;NA;NA;NA;NA;NA;NA;NA;NA;NA;NA;NA;NA;NA;NA;NA;NA;NA;NA;NA;NA;NA;NA;NA;NA;NA;NA;NA;NA;NA;NA;NA;NA;NA;NA;NA;NA;NA;NA;NA;NA;NA;NA;NA;NA;NA;NA;NA;NA;NA;NA;NA;NA;NA;NA;NA;NA;NA;NA;NA;NA;NA;NA;NA;NA;NA;NA;NA;NA;NA;NA;NA;NA;NA;NA;NA;NA;NA;NA;NA;NA;NA;NA;NA;NA
Varanus_gouldii;Squamata;Anguimorpha;Varanidae;Extant;1_Unicuspid;0;0;0;Carnivorous;Predatory;0;0;Gauthier et al. 2012;10.3374/014.053.0101;TMM M-1295;Meiri 2018;10.1111/geb.12773;5.98E+00;2.30E+00;1.54E-01;1.48E-02;2.66E-02;5.48E-11;2.50E-02;5.16E-11;NA;NA;NA;NA;NA;NA;NA;NA;NA;NA;NA;NA;NA;NA;NA;NA;NA;NA;NA;NA;NA;NA;NA;NA;NA;NA;NA;NA;NA;NA;NA;NA;NA;NA;NA;NA;NA;NA;NA;NA;NA;NA;NA;NA;NA;NA;NA;NA;NA;NA;NA;NA;NA;NA;NA;NA;NA;NA;NA;NA;NA;NA;NA;NA;NA;NA;NA;NA;NA;NA;NA;NA;NA;NA;NA;NA;NA;NA;NA;NA;NA;NA;NA;NA;NA;NA;NA;NA;NA;NA;NA;NA;NA;NA;NA;NA;NA;NA;NA;NA;NA;NA;NA;NA;NA;NA;NA;NA;NA;NA;NA;NA;NA;NA;NA;NA;NA;NA;NA;NA;NA;NA;NA;NA;NA;NA;NA
Varanus_griseus;Squamata;Anguimorpha;Varanidae;Extant;1_Unicuspid;0;0;0;Carnivorous;Predatory;0;0;Boulenger 1890;10.5962/bhl.title.5490;NA;Meiri 2018;10.1111/geb.12773;5.79E+00;1.74E+00;1.54E-01;1.48E-02;2.15E-02;4.43E-11;2.16E-02;4.44E-11;NA;NA;NA;NA;NA;NA;NA;NA;NA;NA;NA;NA;NA;NA;NA;NA;NA;NA;NA;NA;NA;NA;NA;NA;NA;NA;NA;NA;NA;NA;NA;NA;NA;NA;NA;NA;NA;NA;NA;NA;NA;NA;NA;NA;NA;NA;NA;NA;NA;NA;NA;NA;NA;NA;NA;NA;NA;NA;NA;NA;NA;NA;NA;NA;NA;NA;NA;NA;NA;NA;NA;NA;NA;NA;NA;NA;NA;NA;NA;NA;NA;NA;NA;NA;NA;NA;NA;NA;NA;NA;NA;NA;NA;NA;NA;NA;NA;NA;NA;NA;NA;NA;NA;NA;NA;NA;NA;NA;NA;NA;NA;NA;NA;NA;NA;NA;NA;NA;NA;NA;NA;NA;NA;NA;NA;NA;NA
Varanus_komodoensis;Squamata;Anguimorpha;Varanidae;Extant;1_Unicuspid;0;0;0;Carnivorous;Predatory;0;0;Gauthier et al. 2012;10.3374/014.053.0101;TNHC 95803;Meiri 2018;10.1111/geb.12773;7.39E+00;2.51E+00;1.54E-01;1.48E-02;3.22E-02;6.63E-11;2.87E-02;5.91E-11;NA;NA;NA;NA;NA;NA;NA;NA;NA;NA;NA;NA;NA;NA;NA;NA;NA;NA;NA;NA;NA;NA;NA;NA;NA;NA;NA;NA;NA;NA;NA;NA;NA;NA;NA;NA;NA;NA;NA;NA;NA;NA;NA;NA;NA;NA;NA;NA;NA;NA;NA;NA;NA;NA;NA;NA;NA;NA;NA;NA;NA;NA;NA;NA;NA;NA;NA;NA;NA;NA;NA;NA;NA;NA;NA;NA;NA;NA;NA;NA;NA;NA;NA;NA;NA;NA;NA;NA;NA;NA;NA;NA;NA;NA;NA;NA;NA;NA;NA;NA;NA;NA;NA;NA;NA;NA;NA;NA;NA;NA;NA;NA;NA;NA;NA;NA;NA;NA;NA;NA;NA;NA;NA;NA;NA;NA;NA
Varanus_niloticus;Squamata;Anguimorpha;Varanidae;Extant;1_Unicuspid;0;0;0;Carnivorous;Predatory;0;0;D'Amore 2015;10.1111/joa.12293;AMNH 10506;Meiri 2018;10.1111/geb.12773;6.00E+00;2.72E+00;1.54E-01;1.48E-02;2.41E-02;4.96E-11;2.34E-02;4.82E-11;NA;NA;NA;NA;NA;NA;NA;NA;NA;NA;NA;NA;NA;NA;NA;NA;NA;NA;NA;NA;NA;NA;NA;NA;NA;NA;NA;NA;NA;NA;NA;NA;NA;NA;NA;NA;NA;NA;NA;NA;NA;NA;NA;NA;NA;NA;NA;NA;NA;NA;NA;NA;NA;NA;NA;NA;NA;NA;NA;NA;NA;NA;NA;NA;NA;NA;NA;NA;NA;NA;NA;NA;NA;NA;NA;NA;NA;NA;NA;NA;NA;NA;NA;NA;NA;NA;NA;NA;NA;NA;NA;NA;NA;NA;NA;NA;NA;NA;NA;NA;NA;NA;NA;NA;NA;NA;NA;NA;NA;NA;NA;NA;NA;NA;NA;NA;NA;NA;NA;NA;NA;NA;NA;NA;NA;NA;NA
Varanus_olivaceus;Squamata;Anguimorpha;Varanidae;Extant;1_Unicuspid;0;0;0;Herbivorous;Herbivorous;1;1;Berkovitz & Shellis 2017;978-0-12-802850-6;NA;Meiri 2018;10.1111/geb.12773;5.89E+00;5.83E+00;1.54E-01;1.48E-02;2.51E-02;5.17E-11;3.95E-02;8.32E-11;NA;NA;NA;NA;NA;NA;NA;NA;NA;NA;NA;NA;NA;NA;NA;NA;NA;NA;NA;NA;NA;NA;NA;NA;NA;NA;NA;NA;NA;NA;NA;NA;NA;NA;NA;NA;NA;NA;NA;NA;NA;NA;NA;NA;NA;NA;NA;NA;NA;NA;NA;NA;NA;NA;NA;NA;NA;NA;NA;NA;NA;NA;NA;NA;NA;NA;NA;NA;NA;NA;NA;NA;NA;NA;NA;NA;NA;NA;NA;NA;NA;NA;NA;NA;NA;NA;NA;NA;NA;NA;NA;NA;NA;NA;NA;NA;NA;NA;NA;NA;NA;NA;NA;NA;NA;NA;NA;NA;NA;NA;NA;NA;NA;NA;NA;NA;NA;NA;NA;NA;NA;NA;NA;NA;NA;NA;NA
Varanus_palawanensis;Squamata;Anguimorpha;Varanidae;Extant;1_Unicuspid;0;0;0;Insectivorous;Predatory;0;0;Conrad 2015;10.1670/13-117;UNSM R 287381;Meiri 2018;10.1111/geb.12773;9.15E+00;3.60E+00;1.54E-01;1.48E-02;4.04E-02;8.33E-11;3.35E-02;6.91E-11;NA;NA;NA;NA;NA;NA;NA;NA;NA;NA;NA;NA;NA;NA;NA;NA;NA;NA;NA;NA;NA;NA;NA;NA;NA;NA;NA;NA;NA;NA;NA;NA;NA;NA;NA;NA;NA;NA;NA;NA;NA;NA;NA;NA;NA;NA;NA;NA;NA;NA;NA;NA;NA;NA;NA;NA;NA;NA;NA;NA;NA;NA;NA;NA;NA;NA;NA;NA;NA;NA;NA;NA;NA;NA;NA;NA;NA;NA;NA;NA;NA;NA;NA;NA;NA;NA;NA;NA;NA;NA;NA;NA;NA;NA;NA;NA;NA;NA;NA;NA;NA;NA;NA;NA;NA;NA;NA;NA;NA;NA;NA;NA;NA;NA;NA;NA;NA;NA;NA;NA;NA;NA;NA;NA;NA;NA;NA
Varanus_rudicollis;Squamata;Anguimorpha;Varanidae;Extant;1_Unicuspid;0;0;0;Carnivorous;Predatory;0;0;Melstrom 2017;10.1002/jmor.20645;UCMP 137816;Meiri 2018;10.1111/geb.12773;7.43E+00;2.79E+00;1.54E-01;1.48E-02;3.27E-02;6.73E-11;2.88E-02;5.93E-11;NA;NA;NA;NA;NA;NA;NA;NA;NA;NA;NA;NA;NA;NA;NA;NA;NA;NA;NA;NA;NA;NA;NA;NA;NA;NA;NA;NA;NA;NA;NA;NA;NA;NA;NA;NA;NA;NA;NA;NA;NA;NA;NA;NA;NA;NA;NA;NA;NA;NA;NA;NA;NA;NA;NA;NA;NA;NA;NA;NA;NA;NA;NA;NA;NA;NA;NA;NA;NA;NA;NA;NA;NA;NA;NA;NA;NA;NA;NA;NA;NA;NA;NA;NA;NA;NA;NA;NA;NA;NA;NA;NA;NA;NA;NA;NA;NA;NA;NA;NA;NA;NA;NA;NA;NA;NA;NA;NA;NA;NA;NA;NA;NA;NA;NA;NA;NA;NA;NA;NA;NA;NA;NA;NA;NA;NA;NA
Varanus_salvator;Squamata;Anguimorpha;Varanidae;Extant;1_Unicuspid;0;0;0;Carnivorous;Predatory;0;0;Gauthier et al. 2012;10.3374/014.053.0101;FMNH 35144;Meiri 2018;10.1111/geb.12773;8.82E+00;4.15E+00;1.54E-01;1.48E-02;4.04E-02;8.33E-11;3.35E-02;6.91E-11;NA;NA;NA;NA;NA;NA;NA;NA;NA;NA;NA;NA;NA;NA;NA;NA;NA;NA;NA;NA;NA;NA;NA;NA;NA;NA;NA;NA;NA;NA;NA;NA;NA;NA;NA;NA;NA;NA;NA;NA;NA;NA;NA;NA;NA;NA;NA;NA;NA;NA;NA;NA;NA;NA;NA;NA;NA;NA;NA;NA;NA;NA;NA;NA;NA;NA;NA;NA;NA;NA;NA;NA;NA;NA;NA;NA;NA;NA;NA;NA;NA;NA;NA;NA;NA;NA;NA;NA;NA;NA;NA;NA;NA;NA;NA;NA;NA;NA;NA;NA;NA;NA;NA;NA;NA;NA;NA;NA;NA;NA;NA;NA;NA;NA;NA;NA;NA;NA;NA;NA;NA;NA;NA;NA;NA;NA;NA
Varanus_semotus;Squamata;Anguimorpha;Varanidae;Extant;1_Unicuspid;0;0;0;Carnivorous;Predatory;0;0;Weijola et al. 2016;10.3897/zookeys.568.6872;NA;Meiri 2018;10.1111/geb.12773;5.99E+00;5.18E+00;1.54E-01;1.48E-02;2.51E-02;5.17E-11;2.48E-02;5.12E-11;NA;NA;NA;NA;NA;NA;NA;NA;NA;NA;NA;NA;NA;NA;NA;NA;NA;NA;NA;NA;NA;NA;NA;NA;NA;NA;NA;NA;NA;NA;NA;NA;NA;NA;NA;NA;NA;NA;NA;NA;NA;NA;NA;NA;NA;NA;NA;NA;NA;NA;NA;NA;NA;NA;NA;NA;NA;NA;NA;NA;NA;NA;NA;NA;NA;NA;NA;NA;NA;NA;NA;NA;NA;NA;NA;NA;NA;NA;NA;NA;NA;NA;NA;NA;NA;NA;NA;NA;NA;NA;NA;NA;NA;NA;NA;NA;NA;NA;NA;NA;NA;NA;NA;NA;NA;NA;NA;NA;NA;NA;NA;NA;NA;NA;NA;NA;NA;NA;NA;NA;NA;NA;NA;NA;NA;NA;NA
Varanus_varius;Squamata;Anguimorpha;Varanidae;Extant;1_Unicuspid;0;0;0;Carnivorous;Predatory;0;0;Melstrom 2017;10.1002/jmor.20645;MVZ 77092;Meiri 2018;10.1111/geb.12773;7.34E+00;2.83E+00;1.54E-01;1.48E-02;3.22E-02;6.63E-11;2.87E-02;5.91E-11;NA;NA;NA;NA;NA;NA;NA;NA;NA;NA;NA;NA;NA;NA;NA;NA;NA;NA;NA;NA;NA;NA;NA;NA;NA;NA;NA;NA;NA;NA;NA;NA;NA;NA;NA;NA;NA;NA;NA;NA;NA;NA;NA;NA;NA;NA;NA;NA;NA;NA;NA;NA;NA;NA;NA;NA;NA;NA;NA;NA;NA;NA;NA;NA;NA;NA;NA;NA;NA;NA;NA;NA;NA;NA;NA;NA;NA;NA;NA;NA;NA;NA;NA;NA;NA;NA;NA;NA;NA;NA;NA;NA;NA;NA;NA;NA;NA;NA;NA;NA;NA;NA;NA;NA;NA;NA;NA;NA;NA;NA;NA;NA;NA;NA;NA;NA;NA;NA;NA;NA;NA;NA;NA;NA;NA;NA;NA
Wonambi_barriei;Squamata;Serpentes;Madtsoiidae;Fossil;1_Unicuspid;0;0;0;Carnivorous;Predatory;0;0;Scanlon & Lee 2000;10.1038/35000188;QM F39932;Scanlon 2006;10.1038/nature04137;2.71E+00;3.27E-01;4.37E-02;7.42E-03;8.88E-03;1.83E-11;1.32E-02;2.73E-11;NA;NA;NA;NA;NA;NA;NA;NA;NA;NA;NA;NA;NA;NA;NA;NA;NA;NA;NA;NA;NA;NA;NA;NA;NA;NA;NA;NA;NA;NA;NA;NA;NA;NA;NA;NA;NA;NA;NA;NA;NA;NA;NA;NA;NA;NA;NA;NA;NA;NA;NA;NA;NA;NA;NA;NA;NA;NA;NA;NA;NA;NA;NA;NA;NA;NA;NA;NA;NA;NA;NA;NA;NA;NA;NA;NA;NA;NA;NA;NA;NA;NA;NA;NA;NA;NA;NA;NA;NA;NA;NA;NA;NA;NA;NA;NA;NA;NA;NA;NA;NA;NA;NA;NA;NA;NA;NA;NA;NA;NA;NA;NA;NA;NA;NA;NA;NA;NA;NA;NA;NA;NA;NA;NA;NA;NA;NA
Wonambi_naracoortensis;Squamata;Serpentes;Madtsoiidae;Fossil;1_Unicuspid;0;0;0;Carnivorous;Predatory;0;0;Scanlon 2005;Acta Palaeontol. Pol. 50(1):139–180;P16172;Scanlon 2006;10.1038/nature04137;2.53E+00;3.28E-01;4.37E-02;7.42E-03;7.12E-03;1.47E-11;1.01E-02;2.08E-11;NA;NA;NA;NA;NA;NA;NA;NA;NA;NA;NA;NA;NA;NA;NA;NA;NA;NA;NA;NA;NA;NA;NA;NA;NA;NA;NA;NA;NA;NA;NA;NA;NA;NA;NA;NA;NA;NA;NA;NA;NA;NA;NA;NA;NA;NA;NA;NA;NA;NA;NA;NA;NA;NA;NA;NA;NA;NA;NA;NA;NA;NA;NA;NA;NA;NA;NA;NA;NA;NA;NA;NA;NA;NA;NA;NA;NA;NA;NA;NA;NA;NA;NA;NA;NA;NA;NA;NA;NA;NA;NA;NA;NA;NA;NA;NA;NA;NA;NA;NA;NA;NA;NA;NA;NA;NA;NA;NA;NA;NA;NA;NA;NA;NA;NA;NA;NA;NA;NA;NA;NA;NA;NA;NA;NA;NA;NA
Xantusia_bezyi;Squamata;Scincoidea;Xantusiidae;Extant;1_Unicuspid;0;0;0;Insectivorous;Predatory;0;0;Gauthier et al. 2012;10.3374/014.053.0101;LACM 134503;Meiri 2018;10.1111/geb.12773;4.19E+01;3.53E+01;4.37E-02;7.42E-03;2.26E-02;4.66E-11;2.28E-02;4.69E-11;NA;NA;NA;NA;NA;NA;NA;NA;NA;NA;NA;NA;NA;NA;NA;NA;NA;NA;NA;NA;NA;NA;NA;NA;NA;NA;NA;NA;NA;NA;NA;NA;NA;NA;NA;NA;NA;NA;NA;NA;NA;NA;NA;NA;NA;NA;NA;NA;NA;NA;NA;NA;NA;NA;NA;NA;NA;NA;NA;NA;NA;NA;NA;NA;NA;NA;NA;NA;NA;NA;NA;NA;NA;NA;NA;NA;NA;NA;NA;NA;NA;NA;NA;NA;NA;NA;NA;NA;NA;NA;NA;NA;NA;NA;NA;NA;NA;NA;NA;NA;NA;NA;NA;NA;NA;NA;NA;NA;NA;NA;NA;NA;NA;NA;NA;NA;NA;NA;NA;NA;NA;NA;NA;NA;NA;NA;NA
Xantusia_downsi;Squamata;Scincoidea;Xantusiidae;Fossil;1_Unicuspid;0;0;0;Insectivorous;Predatory;0;0;Norell 1989;Contributions in science, 414:1-31;LACM 123301;This study;This study;2.89E+01;2.67E+01;4.37E-02;7.42E-03;1.25E-02;2.57E-11;1.42E-02;2.93E-11;NA;NA;NA;NA;NA;NA;NA;NA;NA;NA;NA;NA;NA;NA;NA;NA;NA;NA;NA;NA;NA;NA;NA;NA;NA;NA;NA;NA;NA;NA;NA;NA;NA;NA;NA;NA;NA;NA;NA;NA;NA;NA;NA;NA;NA;NA;NA;NA;NA;NA;NA;NA;NA;NA;NA;NA;NA;NA;NA;NA;NA;NA;NA;NA;NA;NA;NA;NA;NA;NA;NA;NA;NA;NA;NA;NA;NA;NA;NA;NA;NA;NA;NA;NA;NA;NA;NA;NA;NA;NA;NA;NA;NA;NA;NA;NA;NA;NA;NA;NA;NA;NA;NA;NA;NA;NA;NA;NA;NA;NA;NA;NA;NA;NA;NA;NA;NA;NA;NA;NA;NA;NA;NA;NA;NA;NA;NA
Xantusia_extorris;Squamata;Scincoidea;Xantusiidae;Extant;1_Unicuspid;0;0;0;Insectivorous;Predatory;0;0;Gauthier et al. 2012;10.3374/014.053.0101;LACM 2014;Cruz Sáenz & Lazcano 2012;Rev. Mex. Biodivers. 83(1):129-132;4.23E+01;3.46E+01;4.37E-02;7.42E-03;1.87E-02;3.86E-11;1.97E-02;4.06E-11;NA;NA;NA;NA;NA;NA;NA;NA;NA;NA;NA;NA;NA;NA;NA;NA;NA;NA;NA;NA;NA;NA;NA;NA;NA;NA;NA;NA;NA;NA;NA;NA;NA;NA;NA;NA;NA;NA;NA;NA;NA;NA;NA;NA;NA;NA;NA;NA;NA;NA;NA;NA;NA;NA;NA;NA;NA;NA;NA;NA;NA;NA;NA;NA;NA;NA;NA;NA;NA;NA;NA;NA;NA;NA;NA;NA;NA;NA;NA;NA;NA;NA;NA;NA;NA;NA;NA;NA;NA;NA;NA;NA;NA;NA;NA;NA;NA;NA;NA;NA;NA;NA;NA;NA;NA;NA;NA;NA;NA;NA;NA;NA;NA;NA;NA;NA;NA;NA;NA;NA;NA;NA;NA;NA;NA;NA;NA
Xantusia_henshawi;Squamata;Scincoidea;Xantusiidae;Extant;1_Unicuspid;0;0;0;Insectivorous;Predatory;0;0;Gauthier et al. 2012;10.3374/014.053.0101;LACM 100716;Meiri 2018;10.1111/geb.12773;4.43E+01;3.39E+01;4.37E-02;7.42E-03;1.82E-02;3.75E-11;1.93E-02;3.99E-11;NA;NA;NA;NA;NA;NA;NA;NA;NA;NA;NA;NA;NA;NA;NA;NA;NA;NA;NA;NA;NA;NA;NA;NA;NA;NA;NA;NA;NA;NA;NA;NA;NA;NA;NA;NA;NA;NA;NA;NA;NA;NA;NA;NA;NA;NA;NA;NA;NA;NA;NA;NA;NA;NA;NA;NA;NA;NA;NA;NA;NA;NA;NA;NA;NA;NA;NA;NA;NA;NA;NA;NA;NA;NA;NA;NA;NA;NA;NA;NA;NA;NA;NA;NA;NA;NA;NA;NA;NA;NA;NA;NA;NA;NA;NA;NA;NA;NA;NA;NA;NA;NA;NA;NA;NA;NA;NA;NA;NA;NA;NA;NA;NA;NA;NA;NA;NA;NA;NA;NA;NA;NA;NA;NA;NA;NA;NA
Xantusia_riversiana;Squamata;Scincoidea;Xantusiidae;Extant;3_Tricuspid;1;1;0;Omnivorous;Omnivorous;1;0;Digimorph;http://www.digimorph.org;LACM 108770;Meiri 2018;10.1111/geb.12773;5.27E+01;3.49E+01;4.37E-02;7.42E-03;1.92E-02;3.97E-11;3.47E-02;7.47E-11;-2.13E-01;-1.62E+00;5.00E-01;-3.89E-01;-1.66E-02;-8.93E-02;3.20E-01;1.82E-01;1.32E-01;2.23E-01;6.38E-02;2.22E-01;1.18E-02;7.87E-02;-2.28E-02;1.35E-01;9.43E-02;3.77E-02;1.26E-02;-1.14E-02;1.03E-01;-2.29E-02;9.93E-03;8.51E-03;-2.14E-02;2.11E-02;1.12E-03;-1.17E-02;-2.24E-02;1.67E-02;-8.90E-03;-1.49E-02;2.32E-03;-3.89E-03;-3.04E-02;-4.20E-03;-5.51E-03;-1.63E-02;-4.20E-03;4.08E-03;-5.91E-03;2.14E-04;2.23E+01;1.79E+01;2.84E+01;1.64E+01;-8.41E+00;-7.14E+00;-1.02E+01;-1.20E+01;-4.34E+00;1.80E+01;8.84E+00;-4.19E+00;-2.53E+01;6.99E+00;-9.09E+00;-2.68E+01;-1.29E-01;-5.43E+00;-2.79E+00;1.04E+01;-5.04E+00;2.97E+00;-7.53E+00;4.86E+00;4.69E+00;1.43E+01;-4.70E+00;-2.35E-01;1.58E+01;-8.42E-01;1.29E-01;1.29E+01;6.12E+00;-2.42E-01;6.08E+00;1.13E+01;1.06E+01;-4.09E+00;1.70E+01;-5.77E+00;1.37E-01;8.26E+00;3.65E-01;1.62E+00;-6.29E-02;1.01E-01;-1.05E-01;-1.44E-01;1.00E-02;-5.48E-02;-3.24E-01;-1.19E-01;1.75E-01;9.05E-02;1.87E-01;7.48E-02;1.79E-01;9.04E-02;8.11E-02;4.64E-02;-7.62E-03;-3.35E-02;1.33E-01;-1.87E-02;1.30E-02;7.21E-03;-1.34E-02;6.43E-03;1.37E-02;2.42E-02;-1.97E-02;1.92E-02;-1.84E-02;3.33E-03;-1.90E-02;1.73E-02;-8.32E-03;-4.39E-02;-2.02E-02;1.07E-02;1.17E-02;-9.51E-03;-4.03E-03;1.92E-03;8.30E-02
Xantusia_vigilis;Squamata;Scincoidea;Xantusiidae;Extant;1_Unicuspid;0;0;0;Insectivorous;Predatory;0;0;Gauthier et al. 2012;10.3374/014.053.0101;LACM 123 671;Meiri 2018;10.1111/geb.12773;4.00E+01;4.10E+01;4.37E-02;7.42E-03;2.26E-02;4.66E-11;2.28E-02;4.69E-11;NA;NA;NA;NA;NA;NA;NA;NA;NA;NA;NA;NA;NA;NA;NA;NA;NA;NA;NA;NA;NA;NA;NA;NA;NA;NA;NA;NA;NA;NA;NA;NA;NA;NA;NA;NA;NA;NA;NA;NA;NA;NA;NA;NA;NA;NA;NA;NA;NA;NA;NA;NA;NA;NA;NA;NA;NA;NA;NA;NA;NA;NA;NA;NA;NA;NA;NA;NA;NA;NA;NA;NA;NA;NA;NA;NA;NA;NA;NA;NA;NA;NA;NA;NA;NA;NA;NA;NA;NA;NA;NA;NA;NA;NA;NA;NA;NA;NA;NA;NA;NA;NA;NA;NA;NA;NA;NA;NA;NA;NA;NA;NA;NA;NA;NA;NA;NA;NA;NA;NA;NA;NA;NA;NA;NA;NA;NA
Xenopeltis_unicolor;Squamata;Serpentes;Xenopeltidae;Extant;1_Unicuspid;0;0;0;Carnivorous;Predatory;0;0;Gauthier et al. 2012;10.3374/014.053.0101;FMNH 148900;Watanabe et al. 2019;10.1073/pnas.1820967116;9.61E-01;2.70E-01;5.44E-02;2.45E-03;7.46E-03;1.54E-11;8.61E-03;1.77E-11;NA;NA;NA;NA;NA;NA;NA;NA;NA;NA;NA;NA;NA;NA;NA;NA;NA;NA;NA;NA;NA;NA;NA;NA;NA;NA;NA;NA;NA;NA;NA;NA;NA;NA;NA;NA;NA;NA;NA;NA;NA;NA;NA;NA;NA;NA;NA;NA;NA;NA;NA;NA;NA;NA;NA;NA;NA;NA;NA;NA;NA;NA;NA;NA;NA;NA;NA;NA;NA;NA;NA;NA;NA;NA;NA;NA;NA;NA;NA;NA;NA;NA;NA;NA;NA;NA;NA;NA;NA;NA;NA;NA;NA;NA;NA;NA;NA;NA;NA;NA;NA;NA;NA;NA;NA;NA;NA;NA;NA;NA;NA;NA;NA;NA;NA;NA;NA;NA;NA;NA;NA;NA;NA;NA;NA;NA;NA
Xenosaurus_grandis;Squamata;Anguimorpha;Xenosauridae;Extant;2_Bicuspid;1;0;0;Insectivorous;Predatory;0;0;Gauthier et al. 2012;10.3374/014.053.0101;FMNH 123702;Meiri 2018;10.1111/geb.12773;3.25E+01;5.25E-01;4.37E-02;7.42E-03;1.93E-02;3.98E-11;1.31E-02;2.70E-11;NA;NA;NA;NA;NA;NA;NA;NA;NA;NA;NA;NA;NA;NA;NA;NA;NA;NA;NA;NA;NA;NA;NA;NA;NA;NA;NA;NA;NA;NA;NA;NA;NA;NA;NA;NA;NA;NA;NA;NA;NA;NA;NA;NA;NA;NA;NA;NA;NA;NA;NA;NA;NA;NA;NA;NA;NA;NA;NA;NA;NA;NA;NA;NA;NA;NA;NA;NA;NA;NA;NA;NA;NA;NA;NA;NA;NA;NA;NA;NA;NA;NA;NA;NA;NA;NA;NA;NA;NA;NA;NA;NA;NA;NA;NA;NA;NA;NA;NA;NA;NA;NA;NA;NA;NA;NA;NA;NA;NA;NA;NA;NA;NA;NA;NA;NA;NA;NA;NA;NA;NA;NA;NA;NA;NA;NA;NA
Xenosaurus_platyceps;Squamata;Anguimorpha;Xenosauridae;Extant;1_Unicuspid;0;0;0;Insectivorous;Predatory;0;0;Gauthier et al. 2012;10.3374/014.053.0101;NA;Meiri 2018;10.1111/geb.12773;2.19E+01;5.27E-01;4.37E-02;7.42E-03;2.62E-02;5.40E-11;1.31E-02;2.70E-11;NA;NA;NA;NA;NA;NA;NA;NA;NA;NA;NA;NA;NA;NA;NA;NA;NA;NA;NA;NA;NA;NA;NA;NA;NA;NA;NA;NA;NA;NA;NA;NA;NA;NA;NA;NA;NA;NA;NA;NA;NA;NA;NA;NA;NA;NA;NA;NA;NA;NA;NA;NA;NA;NA;NA;NA;NA;NA;NA;NA;NA;NA;NA;NA;NA;NA;NA;NA;NA;NA;NA;NA;NA;NA;NA;NA;NA;NA;NA;NA;NA;NA;NA;NA;NA;NA;NA;NA;NA;NA;NA;NA;NA;NA;NA;NA;NA;NA;NA;NA;NA;NA;NA;NA;NA;NA;NA;NA;NA;NA;NA;NA;NA;NA;NA;NA;NA;NA;NA;NA;NA;NA;NA;NA;NA;NA;NA
Xerotyphlops_vermicularis;Squamata;Serpentes;Typhlopidae;Extant;1_Unicuspid;0;0;0;Insectivorous;Predatory;0;0;This study;This study;http://id.luomus.fi/KS.MS1567;Torres et al. 2000;Insectes Soc. 47(1):1-6;1.82E+00;3.57E-01;4.37E-02;7.42E-03;6.52E-03;1.34E-11;8.74E-03;1.80E-11;NA;NA;NA;NA;NA;NA;NA;NA;NA;NA;NA;NA;NA;NA;NA;NA;NA;NA;NA;NA;NA;NA;NA;NA;NA;NA;NA;NA;NA;NA;NA;NA;NA;NA;NA;NA;NA;NA;NA;NA;NA;NA;NA;NA;NA;NA;NA;NA;NA;NA;NA;NA;NA;NA;NA;NA;NA;NA;NA;NA;NA;NA;NA;NA;NA;NA;NA;NA;NA;NA;NA;NA;NA;NA;NA;NA;NA;NA;NA;NA;NA;NA;NA;NA;NA;NA;NA;NA;NA;NA;NA;NA;NA;NA;NA;NA;NA;NA;NA;NA;NA;NA;NA;NA;NA;NA;NA;NA;NA;NA;NA;NA;NA;NA;NA;NA;NA;NA;NA;NA;NA;NA;NA;NA;NA;NA;NA
Yurlunggur_sp;Squamata;Serpentes;Madtsoiidae;Fossil;1_Unicuspid;0;0;0;Carnivorous;Predatory;0;0;Scanlon 2006;10.1038/nature04137;QM F45391;Scanlon 2006;10.1038/nature04137;2.53E+00;2.97E-01;4.37E-02;7.42E-03;1.14E-02;2.34E-11;1.68E-02;3.46E-11;NA;NA;NA;NA;NA;NA;NA;NA;NA;NA;NA;NA;NA;NA;NA;NA;NA;NA;NA;NA;NA;NA;NA;NA;NA;NA;NA;NA;NA;NA;NA;NA;NA;NA;NA;NA;NA;NA;NA;NA;NA;NA;NA;NA;NA;NA;NA;NA;NA;NA;NA;NA;NA;NA;NA;NA;NA;NA;NA;NA;NA;NA;NA;NA;NA;NA;NA;NA;NA;NA;NA;NA;NA;NA;NA;NA;NA;NA;NA;NA;NA;NA;NA;NA;NA;NA;NA;NA;NA;NA;NA;NA;NA;NA;NA;NA;NA;NA;NA;NA;NA;NA;NA;NA;NA;NA;NA;NA;NA;NA;NA;NA;NA;NA;NA;NA;NA;NA;NA;NA;NA;NA;NA;NA;NA;NA;NA
Zapsosaurus_sceliphros;Squamata;Iguania;NA;Fossil;3_Tricuspid;1;1;0;Omnivorous;Omnivorous;1;0;Gao & Norell 2000;"10.1206/0003-0090(2000)249<0001:TCASOL>2.0.CO;14";IGM 3/71;Gao & Norell 2000;"10.1206/0003-0090(2000)249<0001:TCASOL>2.0.CO;14";3.15E+01;7.28E+00;5.30E-02;3.82E-02;2.34E-02;4.82E-11;2.74E-02;6.19E-11;NA;NA;NA;NA;NA;NA;NA;NA;NA;NA;NA;NA;NA;NA;NA;NA;NA;NA;NA;NA;NA;NA;NA;NA;NA;NA;NA;NA;NA;NA;NA;NA;NA;NA;NA;NA;NA;NA;NA;NA;NA;NA;NA;NA;NA;NA;NA;NA;NA;NA;NA;NA;NA;NA;NA;NA;NA;NA;NA;NA;NA;NA;NA;NA;NA;NA;NA;NA;NA;NA;NA;NA;NA;NA;NA;NA;NA;NA;NA;NA;NA;NA;NA;NA;NA;NA;NA;NA;NA;NA;NA;NA;NA;NA;NA;NA;NA;NA;NA;NA;NA;NA;NA;NA;NA;NA;NA;NA;NA;NA;NA;NA;NA;NA;NA;NA;NA;NA;NA;NA;NA;NA;NA;NA;NA;NA;NA
Zonosaurus_ornatus;Squamata;Scincoidea;Gerrhosauridae;Extant;3_Tricuspid;1;1;0;Insectivorous;Predatory;0;0;Gauthier et al. 2012;10.3374/014.053.0101;YPM 12671;Meiri 2018;10.1111/geb.12773;2.31E+01;9.78E+00;4.37E-02;7.42E-03;2.20E-02;4.54E-11;1.65E-02;3.40E-11;5.94E-01;1.06E-01;-5.71E-01;3.61E-01;-3.14E-01;1.65E-01;-1.28E-01;-2.04E-01;3.30E-02;-7.90E-02;8.88E-02;4.24E-02;7.36E-02;7.09E-02;-5.10E-02;2.26E-02;6.02E-02;2.04E-03;2.13E-02;-3.99E-02;3.28E-02;-4.80E-02;9.67E-03;8.62E-03;-2.62E-03;-5.14E-02;2.02E-02;-3.78E-02;7.58E-03;-3.37E-03;-1.00E-02;-8.89E-03;9.95E-03;-3.71E-03;2.13E-02;-8.82E-03;-1.99E-02;1.43E-02;-5.53E-03;-1.94E-03;9.27E-03;-1.15E-03;2.18E+01;4.60E+00;-9.48E+00;1.45E+00;-2.79E+00;-4.57E+00;-7.21E+00;-2.22E-02;8.41E+00;4.78E+00;5.72E-01;8.22E+00;-1.04E+01;2.29E+00;-1.10E+01;-6.27E+00;-6.58E+00;1.12E+01;8.21E+00;-8.30E+00;-1.25E+00;-3.16E+00;7.38E+00;2.03E+01;-6.23E-01;-2.21E-01;6.94E+00;-5.62E+00;3.32E+00;8.92E+00;-8.59E+00;-8.16E+00;-9.52E+00;-1.01E+01;-1.89E+00;-1.85E+00;-1.82E+01;1.89E+01;3.75E+00;4.19E+00;9.32E+00;1.17E+00;1.27E+00;-3.52E-01;4.88E-01;-2.16E-01;-3.61E-02;4.25E-01;2.95E-01;5.02E-02;2.29E-01;-5.13E-02;-1.08E-01;1.38E-01;2.82E-02;-1.80E-02;3.67E-02;3.34E-02;-7.31E-05;1.95E-02;-4.09E-02;-3.09E-02;2.39E-02;6.88E-02;-2.99E-02;-2.20E-03;4.78E-02;-9.63E-04;4.20E-02;-1.83E-02;-3.14E-02;-1.41E-02;4.48E-03;2.16E-03;-2.22E-02;1.32E-02;8.28E-03;9.63E-03;3.28E-02;-6.27E-03;5.60E-03;-6.78E-03;1.60E-02;1.28E-03;9.15E-02
Zootoca_vivipara;Squamata;Lacertoidea;Lacertidae;Extant;3_Tricuspid;1;1;0;Insectivorous;Predatory;0;0;Da Silva et al. 2018;10.1038/s41467-017-02788-3;ZMB 27791;Meiri 2018;10.1111/geb.12773;8.89E+01;2.62E+01;4.37E-02;7.42E-03;2.55E-02;5.25E-11;1.47E-02;3.03E-11;6.04E+00;-1.47E+00;-1.33E+00;5.78E-01;7.82E-02;-2.58E-01;1.75E-01;2.24E-01;5.43E-01;5.18E-02;-4.80E-03;-9.10E-02;-1.16E-01;5.94E-02;2.78E-02;-1.65E-01;-2.31E-02;3.53E-02;-3.50E-02;1.90E-02;-3.85E-02;-5.09E-02;-2.31E-02;-5.49E-02;8.24E-04;-6.95E-03;2.90E-02;1.07E-02;3.40E-02;-1.39E-02;3.68E-03;1.95E-03;2.95E-04;-1.99E-02;-1.08E-02;8.96E-03;3.09E-03;-1.12E-03;5.25E-03;4.56E-03;5.72E-03;1.43E-03;2.39E+01;-1.48E+01;1.36E+00;2.74E+01;2.51E+01;-9.77E+00;-2.42E+00;-3.87E+00;9.59E+00;-1.36E+01;-1.63E+01;3.29E+00;3.87E+00;-3.71E+00;3.34E+01;1.37E+01;1.68E+01;4.74E+00;4.17E+00;-6.04E-02;7.55E-01;-2.36E+00;-1.98E+01;6.13E+00;-1.02E+01;-5.57E+00;5.50E+00;-2.98E-01;1.04E+01;-1.28E+00;-1.61E+01;1.62E+01;-2.19E+01;2.18E+01;-7.04E+00;7.16E+00;8.09E+00;1.37E+01;-5.24E+00;4.26E+00;3.58E+01;4.95E+00;6.85E+00;9.96E-01;8.86E-01;-2.60E-01;-9.19E-02;6.44E-02;4.16E-01;-5.87E-01;-2.79E-01;-2.71E-02;-6.14E-02;-1.88E-01;5.24E-02;-8.16E-03;-3.97E-02;1.84E-02;-2.37E-01;2.99E-03;-4.69E-02;4.43E-02;-3.43E-02;8.48E-02;4.71E-03;-2.51E-02;4.16E-03;6.65E-02;4.88E-03;-3.16E-02;1.70E-02;-3.55E-02;8.38E-03;-2.97E-03;2.67E-02;2.11E-02;-2.18E-03;-3.02E-04;-9.44E-03;-5.54E-03;-2.15E-03;-4.65E-03;1.09E-02;-5.14E-03;4.44E-01
