binominal,F01286,F01287,F01289,F01290,F00056,F00004,F00679,F00727
Abelia_biflora,Abelia,biflora,Caprifoliaceae,Dipsacales,1.0,"Wang R, Wang Q, Zhao N, Xu Z, Zhu X, Jiao C, Yu G, He N. 2018. Different phylogenetic and environmental controls of first-order root morphological and nutrient traits: Evidence of multidimensional root traits. Special Focus on Functional Traits Along A Transect 32(1): 29-39.",-0.6363888467413364,3.43227790769518
Abies_alba,Abies,alba,Pinaceae,Pinales,,"<StringArray>
['Withington JM, Reich PB, Oleksyn J, Eissenstat DM. 2006. Comparisons of structure and life span in roots and leaves among temperate trees. Ecological Monographs 76: 381-397.', 'Liese R, Alings K, Meier IC. 2017. Root branching is a leading root trait of the plant economics spectrum in temperate trees. Frontiers in Plant Science 8:315.']
Length: 2, dtype: str",-0.5923972774598022,3.4665688891036184
Abies_fargesii,Abies,fargesii,Pinaceae,Pinales,1.0,"Pu X, Yin C, Xioa Q, Qiao M, Liu Q. 2016. Fine roots branch orders of Abies faxoniana respond differentially to warming in a subalpine coniferous forest ecosystem. Agroforestry Systems online article. doi:10.1007/s10457-016-9970-7",-1.2913342598586361,3.422801478311455
Abies_nephrolepis,Abies,nephrolepis,Pinaceae,Pinales,1.0,"Wang R, Wang Q, Zhao N, Xu Z, Zhu X, Jiao C, Yu G, He N. 2018. Different phylogenetic and environmental controls of first-order root morphological and nutrient traits: Evidence of multidimensional root traits. Special Focus on Functional Traits Along A Transect 32(1): 29-39.",-0.8789147480343529,3.2975338379252603
Acacia_auriculiformis,Acacia,auriculiformis,Fabaceae,Fabales,1.0,"<StringArray>
['Kong D, Ma C, Zhang Q, Li L, Chen X, Zeng H, Guo D. 2014. Leading dimensions in absorptive root trait variation across 96 subtropical forest species. New Phytologist 203: 863-872.', 'Kong DL, Wang JJ, Kardol P, Wu HF, Zeng H, Deng XB, Deng Y. 2016. Economic strategies of plant absorptive roots vary with root diameter. Biogeosciences 13: 415-424.']
Length: 2, dtype: str",-1.0942219403668167,4.34756458111878
Acacia_crassicarpa,Acacia,crassicarpa,Fabaceae,Fabales,1.0,"Kong D, Ma C, Zhang Q, Li L, Chen X, Zeng H, Guo D. 2014. Leading dimensions in absorptive root trait variation across 96 subtropical forest species. New Phytologist 203: 863-872.",-1.487530062200767,4.684720464746101
Acacia_mangium,Acacia,mangium,Fabaceae,Fabales,1.0,"Kong D, Ma C, Zhang Q, Li L, Chen X, Zeng H, Guo D. 2014. Leading dimensions in absorptive root trait variation across 96 subtropical forest species. New Phytologist 203: 863-872.",-1.3761460300680755,4.597037202757902
Acer_barbinerve,Acer,barbinerve,Sapindaceae,Sapindales,1.0,"Wang R, Wang Q, Zhao N, Xu Z, Zhu X, Jiao C, Yu G, He N. 2018. Different phylogenetic and environmental controls of first-order root morphological and nutrient traits: Evidence of multidimensional root traits. Special Focus on Functional Traits Along A Transect 32(1): 29-39.",-1.3771364233351249,4.96758145600384
Acer_campbellii,Acer,campbellii,Sapindaceae,Sapindales,1.0,"Wang R, Wang Q, Zhao N, Xu Z, Zhu X, Jiao C, Yu G, He N. 2018. Different phylogenetic and environmental controls of first-order root morphological and nutrient traits: Evidence of multidimensional root traits. Special Focus on Functional Traits Along A Transect 32(1): 29-39.",-1.6620478627063977,4.370364110801968
Acer_campestre,Acer,campestre,Sapindaceae,Sapindales,,"Liese R, Alings K, Meier IC. 2017. Root branching is a leading root trait of the plant economics spectrum in temperate trees. Frontiers in Plant Science 8:315.",-0.8651224452997557,3.4330189939851112
Acer_caudatum,Acer,caudatum,Sapindaceae,Sapindales,1.0,"<StringArray>
['Shi W, Wang ZQ, Liu JL, Gu JC, Guo DL. 2008. Fine root morphology of twenty hardwood species in Maoershan Natural Secondary Forest in Northeastern China. Journal of Plant Ecology (Chinese Version) 32: 1217-1226.', 'Wang R, Wang Q, Zhao N, Xu Z, Zhu X, Jiao C, Yu G, He N. 2018. Different phylogenetic and environmental controls of first-order root morphological and nutrient traits: Evidence of multidimensional root traits. Special Focus on Functional Traits Along A Transect 32(1): 29-39.']
Length: 2, dtype: str",-1.4677192400521906,4.452395919427671
Acer_coriaceifolium,Acer,coriaceifolium,Sapindaceae,Sapindales,1.0,"Liu B, Li H, Zhu B, Koide RT, Eissenstat DM, Guo D. 2015. Complementarity between roots and AM fungi in nutrient foraging strategies. New Phytologist 208: 125-136.",-1.4271163556401458,4.870606649492553
Acer_davidii,Acer,davidii,Sapindaceae,Sapindales,1.0,"<StringArray>
['Chen W, Zeng H, Eissenstat DM, Guo D. 2013. Variation of first-order root traits across climatic gradients and evolutionary trends in geological time. Global Ecology and Biogeography 22: 846-856.', 'Wang R, Wang Q, Zhao N, Xu Z, Zhu X, Jiao C, Yu G, He N. 2018. Different phylogenetic and environmental controls of first-order root morphological and nutrient traits: Evidence of multidimensional root traits. Special Focus on Functional Traits Along A Transect 32(1): 29-39.']
Length: 2, dtype: str",-1.335563441435354,4.514543248584607
Acer_fabri,Acer,fabri,Sapindaceae,Sapindales,1.0,"<StringArray>
['Liu B, Li H, Zhu B, Koide RT, Eissenstat DM, Guo D. 2015. Complementarity between roots and AM fungi in nutrient foraging strategies. New Phytologist 208: 125-136.', 'Kong D, Ma C, Zhang Q, Li L, Chen X, Zeng H, Guo D. 2014. Leading dimensions in absorptive root trait variation across 96 subtropical forest species. New Phytologist 203: 863-872.']
Length: 2, dtype: str",-1.6989797610955957,4.926383741648665
Acer_negundo,Acer,negundo,Sapindaceae,Sapindales,1.0,"McCormack ML, Adams TS, Smithwick EAH, Eissenstat DM. 2012. Predicting fine root lifespan from plant functional traits in temperate trees. New Phytologist 195:823-831.",-1.4842747694800944,3.7960133963209044
Acer_pictum,Acer,pictum,Sapindaceae,Sapindales,1.0,"<StringArray>
[                                                                'Shi W, Wang ZQ, Liu JL, Gu JC, Guo DL. 2008. Fine root morphology of twenty hardwood species in Maoershan Natural Secondary Forest in Northeastern China. Journal of Plant Ecology (Chinese Version) 32: 1217-1226.',
                                                                                                                            'Razaq M, Zhang P, Shen H, Salahuddin. 2017. Influence of nitrogen and phosphorous on the growth and root morphology of Acer mono. PLoS ONE 12: e0171321.',
 'Wang R, Wang Q, Zhao N, Xu Z, Zhu X, Jiao C, Yu G, He N. 2018. Different phylogenetic and environmental controls of first-order root morphological and nutrient traits: Evidence of multidimensional root traits. Special Focus on Functional Traits Along A Transect 32(1): 29-39.']
Length: 3, dtype: str",-1.1592108241529209,4.461404079115766
Acer_platanoides,Acer,platanoides,Sapindaceae,Sapindales,1.0,"Kubisch P, Hertel D, Leuschner C. 2015. Do ectomycorrhizal and arbuscular mycorrhizal temperate tree species systematically differ in root order-related fine root morphology and biomass? Frontiers in Plant Science 6(64): 1-12.",-1.1155014103466747,3.3947978251119246
Acer_pseudoplatanus,Acer,pseudoplatanus,Sapindaceae,Sapindales,1.0,"Kubisch P, Hertel D, Leuschner C. 2015. Do ectomycorrhizal and arbuscular mycorrhizal temperate tree species systematically differ in root order-related fine root morphology and biomass? Frontiers in Plant Science 6(64): 1-12.",-1.3223499439271242,4.137269697670223
Acer_rubrum,Acer,rubrum,Sapindaceae,Sapindales,1.0,"McCormack ML, Adams TS, Smithwick EAH, Eissenstat DM. 2012. Predicting fine root lifespan from plant functional traits in temperate trees. New Phytologist 195:823-831.",-1.3599770528025172,3.832907645412601
Acer_saccharum,Acer,saccharum,Sapindaceae,Sapindales,1.0,"<StringArray>
[' Valverde-Barrantes OJ, Smemo KA, Blackwood CB. 2014. Fine root morphology is phylogenetically structured, but nitrogen is related to the plant economics spectrum in temperate trees. Functional Ecology 29: 796-807.',
                                                'McCormack ML, Adams TS, Smithwick EAH, Eissenstat DM. 2012. Predicting fine root lifespan from plant functional traits in temperate trees. New Phytologist 195:823-831.',
                                                   'Pregitzer KS, DeForest JL, Burton AJ, Allen MF, Ruess RW, Hendrick RL. 2002. Fine root architecture of nine North American trees. Ecological Monographs 72: 293-309.',
                                                                                                                                                                                           'Valverde et al (unpublished)']
Length: 4, dtype: str",-1.4958900398408617,3.959630610332453
Acer_tataricum,Acer,tataricum,Sapindaceae,Sapindales,1.0,"<StringArray>
['Shi W, Wang ZQ, Liu JL, Gu JC, Guo DL. 2008. Fine root morphology of twenty hardwood species in Maoershan Natural Secondary Forest in Northeastern China. Journal of Plant Ecology (Chinese Version) 32: 1217-1226.', 'Wang R, Wang Q, Zhao N, Xu Z, Zhu X, Jiao C, Yu G, He N. 2018. Different phylogenetic and environmental controls of first-order root morphological and nutrient traits: Evidence of multidimensional root traits. Special Focus on Functional Traits Along A Transect 32(1): 29-39.']
Length: 2, dtype: str",-1.5155295123913795,4.876593896355516
Acer_tegmentosum,Acer,tegmentosum,Sapindaceae,Sapindales,1.0,"<StringArray>
['Shi W, Wang ZQ, Liu JL, Gu JC, Guo DL. 2008. Fine root morphology of twenty hardwood species in Maoershan Natural Secondary Forest in Northeastern China. Journal of Plant Ecology (Chinese Version) 32: 1217-1226.', 'Wang R, Wang Q, Zhao N, Xu Z, Zhu X, Jiao C, Yu G, He N. 2018. Different phylogenetic and environmental controls of first-order root morphological and nutrient traits: Evidence of multidimensional root traits. Special Focus on Functional Traits Along A Transect 32(1): 29-39.']
Length: 2, dtype: str",-1.163794021421928,4.450033256242896
Acer_triflorum,Acer,triflorum,Sapindaceae,Sapindales,1.0,"Wang R, Wang Q, Zhao N, Xu Z, Zhu X, Jiao C, Yu G, He N. 2018. Different phylogenetic and environmental controls of first-order root morphological and nutrient traits: Evidence of multidimensional root traits. Special Focus on Functional Traits Along A Transect 32(1): 29-39.",-1.452006904485272,4.70622041830678
Acer_truncatum,Acer,truncatum,Sapindaceae,Sapindales,1.0,"Chen W, Zeng H, Eissenstat DM, Guo D. 2013. Variation of first-order root traits across climatic gradients and evolutionary trends in geological time. Global Ecology and Biogeography 22: 846-856.",-1.3578264410526426,4.081728383535411
Achillea_millefolium,Achillea,millefolium,Asteraceae,Asterales,,"<StringArray>
['Craine JM, Froehle J, Tilman DG, Wedin DA, Chapin FS. 2001. The relationships among root and leaf traits of 76 grassland species and relative abundance among fertility and disturbance gradients. Oikos 93: 274-285',
                 'Poon GT, Maherali H. 2015. Competitive interactions between a nonmycorrhizal invasive plant, Alliaria petiolata, and a suite of mycorrhizal grassland, old field, and forest species. PeerJ 3: e1090',
                                                                                                                                                                                              'Comas - Pasture species',
                                                         'Kembel SW, Cahill JF, Jr. 2011. Independent Evolution of Leaf and Root Traits within and among Temperate Grassland Plant Communities. PLoS ONE 6(6): e19992.']
Length: 4, dtype: str",-1.501316212543988,5.84927128443819
Acronychia_pedunculata,Acronychia,pedunculata,Rutaceae,Sapindales,1.0,"<StringArray>
['Kong D, Ma C, Zhang Q, Li L, Chen X, Zeng H, Guo D. 2014. Leading dimensions in absorptive root trait variation across 96 subtropical forest species. New Phytologist 203: 863-872.', 'Chen W, Zeng H, Eissenstat DM, Guo D. 2013. Variation of first-order root traits across climatic gradients and evolutionary trends in geological time. Global Ecology and Biogeography 22: 846-856.']
Length: 2, dtype: str",-1.2423152366141288,4.43844831886184
Actaea_cimicifuga,Actaea,cimicifuga,Ranunculaceae,Ranunculales,1.0,"Wang R, Wang Q, Zhao N, Xu Z, Zhu X, Jiao C, Yu G, He N. 2018. Different phylogenetic and environmental controls of first-order root morphological and nutrient traits: Evidence of multidimensional root traits. Special Focus on Functional Traits Along A Transect 32(1): 29-39.",-1.3203193721963578,4.763139807722203
Actinidia_kolomikta,Actinidia,kolomikta,Actinidiaceae,Ericales,1.0,"Wang R, Wang Q, Zhao N, Xu Z, Zhu X, Jiao C, Yu G, He N. 2018. Different phylogenetic and environmental controls of first-order root morphological and nutrient traits: Evidence of multidimensional root traits. Special Focus on Functional Traits Along A Transect 32(1): 29-39.",-1.4696759700589417,5.413981572847829
Adenocaulon_himalaicum,Adenocaulon,himalaicum,Asteraceae,Asterales,1.0,"Wang R, Wang Q, Zhao N, Xu Z, Zhu X, Jiao C, Yu G, He N. 2018. Different phylogenetic and environmental controls of first-order root morphological and nutrient traits: Evidence of multidimensional root traits. Special Focus on Functional Traits Along A Transect 32(1): 29-39.",-1.7521542146356957,5.262232519941716
Adiantum_pedatum,Adiantum,pedatum,Pteridaceae,Polypodiales,1.0,"<StringArray>
['Dong X, Wang H, Gu J, Wang Y, Wang Z. 2014. Root morphology, histology and chemistry of nine fern species (pteridophyta) in a temperate forest. Plant Soil 393: 215-227.', 'Wang R, Wang Q, Zhao N, Xu Z, Zhu X, Jiao C, Yu G, He N. 2018. Different phylogenetic and environmental controls of first-order root morphological and nutrient traits: Evidence of multidimensional root traits. Special Focus on Functional Traits Along A Transect 32(1): 29-39.']
Length: 2, dtype: str",-1.2092224596858088,5.095985882628778
Adina_pilulifera,Adina,pilulifera,Rubiaceae,Gentianales,1.0,"Wang R, Wang Q, Zhao N, Xu Z, Zhu X, Jiao C, Yu G, He N. 2018. Different phylogenetic and environmental controls of first-order root morphological and nutrient traits: Evidence of multidimensional root traits. Special Focus on Functional Traits Along A Transect 32(1): 29-39.",-1.9834043534828938,6.363496743711504
Adinandra_millettii,Adinandra,millettii,Pentaphylacaceae,Ericales,,"Fu X, Wang J, Wang H, Dai X, Yang F, Zhao M. 2016. Response of the fine root production, phenology, and turnover rate of six shrub species from a subtropical forest to a soil moisture gradient and shading. Plant Soil 399: 135-146. ",-0.7985076962177716,5.384495062789089
Aesculus_hippocastanum,Aesculus,hippocastanum,Sapindaceae,Sapindales,1.0,"<StringArray>
[' Valverde-Barrantes OJ, Smemo KA, Blackwood CB. 2014. Fine root morphology is phylogenetically structured, but nitrogen is related to the plant economics spectrum in temperate trees. Functional Ecology 29: 796-807.', 'Valverde et al (unpublished)']
Length: 2, dtype: str",-1.3023237776603893,2.9681729912394377
Aesculus_parviflora,Aesculus,parviflora,Sapindaceae,Sapindales,1.0,"<StringArray>
[' Valverde-Barrantes OJ, Smemo KA, Blackwood CB. 2014. Fine root morphology is phylogenetically structured, but nitrogen is related to the plant economics spectrum in temperate trees. Functional Ecology 29: 796-807.', 'Valverde et al (unpublished)']
Length: 2, dtype: str",-1.580007225195049,3.765818153565306
Afrocarpus_falcatus,Afrocarpus,falcatus,Podocarpaceae,Pinales,,"Assefa D, Godbold DL, Belay B, Abiya A, Rewald B. 2018. Fine root morphology, biochemistry and litter quality indices of fast- and slow-growing woody species in Ethiopian highland forest. Ecosystems 21: 482-494.",-0.2744368457017603,2.4475508632442313
Agastache_foeniculum,Agastache,foeniculum,Lamiaceae,Lamiales,,"Craine JM, Froehle J, Tilman DG, Wedin DA, Chapin FS. 2001. The relationships among root and leaf traits of 76 grassland species and relative abundance among fertility and disturbance gradients. Oikos 93: 274-285",-0.8675005677047231,3.6888794541139363
Agathis_australis,Agathis,australis,Araucariaceae,Pinales,,"Kramer-Walter KR, Bellingham PJ, Millar TR, Smissen RD, Richardson SJ, Laughlin DC. 2016. Root traits are multidimensional: specific root length is independent from root tissue density and the plant economic spectrum. Journal of Ecology 104: 1299-1310.",-0.4628506065533998,2.638282937179391
Agathis_kinabaluensis,Agathis,kinabaluensis,Araucariaceae,Pinales,,"Ushio M, Fujiki Y, Hidaka A, Kitayama K. 2015. Linkage of root physiology and morphology as an adaptation to soil phosphorus impoverishment in tropical montane forests. Functional Ecology 29: 1235-1245.",-0.2940355464239563,2.4272333975591565
Aglaia_exstipulata,Aglaia,exstipulata,Meliaceae,Sapindales,,"Makita N, Kosugi Y, Dannoura M, Takanashi S, Niiyama K, Kassim AR, Nik AR. 2012. Patterns of root respiration rates and morphological traits in 13 tree species in a tropical forest. Tree Physiology 32: 303-312.",-0.08790268317591103,0.6983538030461193
Aglaia_odoratissima,Aglaia,odoratissima,Meliaceae,Sapindales,,"Makita N, Kosugi Y, Dannoura M, Takanashi S, Niiyama K, Kassim AR, Nik AR. 2012. Patterns of root respiration rates and morphological traits in 13 tree species in a tropical forest. Tree Physiology 32: 303-312.",-0.1690697511182067,1.6522278025290842
Agrimonia_pilosa,Agrimonia,pilosa,Rosaceae,Rosales,1.0,"Wang R, Wang Q, Zhao N, Xu Z, Zhu X, Jiao C, Yu G, He N. 2018. Different phylogenetic and environmental controls of first-order root morphological and nutrient traits: Evidence of multidimensional root traits. Special Focus on Functional Traits Along A Transect 32(1): 29-39.",-1.4850103340590484,5.086378117704167
Agropyron_cristatum,Agropyron,cristatum,Poaceae,Poales,,"Zhou M, Wang J, Bai W, Zhang Y, Zhang W-H. 2019. The response of root traits to precipitation change of herbaceous species in temperate steppes. Functional Ecology, in press.",-1.4696759700589417,5.203457085524077
Agrostis_capillaris,Agrostis,capillaris,Poaceae,Poales,,"<StringArray>
['Fort F, Jouany C, Cruz P. 2013.Root and leaf functional trait relations in Poaceae species: implications of differing resource-acquisition strategies. Journal of Plant Ecology 6:211-219', 'Smith SW, Woodin SJ, Pakeman RJ, Johnson D, van der Wal R. 2014. Root traits predict decomposition across a landscape-scale grazing experiment. New Phytologist 203: 851-862.']
Length: 2, dtype: str",-1.6433394641097816,4.928122872521792
Agrostis_scabra,Agrostis,scabra,Poaceae,Poales,,"Craine JM, Froehle J, Tilman DG, Wedin DA, Chapin FS. 2001. The relationships among root and leaf traits of 76 grassland species and relative abundance among fertility and disturbance gradients. Oikos 93: 274-285",-1.5606477482646683,4.941642422609304
Aidia_oxyodonta,Aidia,oxyodonta,Rubiaceae,Gentianales,1.0,"Chen W, Zeng H, Eissenstat DM, Guo D. 2013. Variation of first-order root traits across climatic gradients and evolutionary trends in geological time. Global Ecology and Biogeography 22: 846-856.",-2.5966569634591274,5.251540174989108
Aira_elegantissima,Aira,elegantissima,Poaceae,Poales,,"Mokany K, Ash J. 2008. Are traits measured on pot grown plants representative of those in natural communities? Journal of Vegetation Science 19: 119-126.",-1.4784096500276964,6.634436229366123
Alangium_chinense,Alangium,chinense,Cornaceae,Cornales,1.0,"Kong D, Ma C, Zhang Q, Li L, Chen X, Zeng H, Guo D. 2014. Leading dimensions in absorptive root trait variation across 96 subtropical forest species. New Phytologist 203: 863-872.",-2.3735441819345398,5.135268885097667
Alchemilla_alpina,Alchemilla,alpina,Rosaceae,Rosales,,"Roumet C, Birouste M, Picon-Cochard C, Ghestem M, Osman N, Vrignon-Brenas S, Cao K-F, Stokes A. 2016. Root structure-function relationships in 74 species: evidence of root economics spectrum related to carbon economy. New Phytologist 210: 815-826.",-0.9834994815676051,3.8146306594194965
Alchornea_tiliifolia,Alchornea,tiliifolia,Euphorbiaceae,Malpighiales,1.0,"Chen W, Zeng H, Eissenstat DM, Guo D. 2013. Variation of first-order root traits across climatic gradients and evolutionary trends in geological time. Global Ecology and Biogeography 22: 846-856.",-1.8971199848858813,5.63645607098297
Alchornea_trewioides,Alchornea,trewioides,Euphorbiaceae,Malpighiales,1.0,"Wang R, Wang Q, Zhao N, Xu Z, Zhu X, Jiao C, Yu G, He N. 2018. Different phylogenetic and environmental controls of first-order root morphological and nutrient traits: Evidence of multidimensional root traits. Special Focus on Functional Traits Along A Transect 32(1): 29-39.",-1.369240606554063,4.527772527776599
Alectryon_excelsus,Alectryon,excelsus,Sapindaceae,Sapindales,,"Kramer-Walter KR, Bellingham PJ, Millar TR, Smissen RD, Richardson SJ, Laughlin DC. 2016. Root traits are multidimensional: specific root length is independent from root tissue density and the plant economic spectrum. Journal of Ecology 104: 1299-1310.",-0.7658791767260443,3.6063919629954304
Aleurites_moluccana,Aleurites,moluccana,Euphorbiaceae,Malpighiales,,"Rajab YA, Holscher D, Leuschner C, Barus H, Tjoa A, Hertel D. 2018. Effects of shade tree cover and diversity on root system structure and dynamics in cacao agroforests: The role of root competition and space partitioning. Plant Soil 422: 349-369.",-0.05129329438755058,2.0980179272527715
Alliaria_petiolata,Alliaria,petiolata,Brassicaceae,Brassicales,,"Poon GT, Maherali H. 2015. Competitive interactions between a nonmycorrhizal invasive plant, Alliaria petiolata, and a suite of mycorrhizal grassland, old field, and forest species. PeerJ 3: e1090",-1.7885645783315358,6.239676908885172
Allium_bidentatum,Allium,bidentatum,Amaryllidaceae,Asparagales,,"Zhou M, Wang J, Bai W, Zhang Y, Zhang W-H. 2019. The response of root traits to precipitation change of herbaceous species in temperate steppes. Functional Ecology, in press.",-0.6931471805599453,3.362629788512897
Allium_tenuissimum,Allium,tenuissimum,Amaryllidaceae,Asparagales,,"Zhou M, Wang J, Bai W, Zhang Y, Zhang W-H. 2019. The response of root traits to precipitation change of herbaceous species in temperate steppes. Functional Ecology, in press.",-0.916290731874155,3.887935209899056
Allium_textile,Allium,textile,Amaryllidaceae,Asparagales,,"Kembel SW, Cahill JF, Jr. 2011. Independent Evolution of Leaf and Root Traits within and among Temperate Grassland Plant Communities. PLoS ONE 6(6): e19992.",-1.168659288052703,5.23566960080539
Allophylus_abyssinicus,Allophylus,abyssinicus,Sapindaceae,Sapindales,,"Assefa D, Godbold DL, Belay B, Abiya A, Rewald B. 2018. Fine root morphology, biochemistry and litter quality indices of fast- and slow-growing woody species in Ethiopian highland forest. Ecosystems 21: 482-494.",-0.5978370007556204,2.3561258599220753
Allophylus_cobbe,Allophylus,cobbe,Sapindaceae,Sapindales,1.0,"Kong D, Ma C, Zhang Q, Li L, Chen X, Zeng H, Guo D. 2014. Leading dimensions in absorptive root trait variation across 96 subtropical forest species. New Phytologist 203: 863-872.",-1.8568101214823827,4.318421011584911
Alniphyllum_fortunei,Alniphyllum,fortunei,Styracaceae,Ericales,1.0,"<StringArray>
[                                                                                                                'Liu B, Li H, Zhu B, Koide RT, Eissenstat DM, Guo D. 2015. Complementarity between roots and AM fungi in nutrient foraging strategies. New Phytologist 208: 125-136.',
                                                                                                 'Kong D, Ma C, Zhang Q, Li L, Chen X, Zeng H, Guo D. 2014. Leading dimensions in absorptive root trait variation across 96 subtropical forest species. New Phytologist 203: 863-872.',
 'Wang R, Wang Q, Zhao N, Xu Z, Zhu X, Jiao C, Yu G, He N. 2018. Different phylogenetic and environmental controls of first-order root morphological and nutrient traits: Evidence of multidimensional root traits. Special Focus on Functional Traits Along A Transect 32(1): 29-39.']
Length: 3, dtype: str",-1.2536037968925091,4.480711519573874
Alnus_formosana,Alnus,formosana,Betulaceae,Fagales,1.0,"Miao Y, Chen YL, Li XW, Fan C, Liu YK, Yang ZJ, Zhang J, Cai XL. 2013. Effects of fertilization on Alnus formosana fine root morphological characteristics, biomass and issue content of C, N under A. formosana-Hemarthria compressa compound mode. Chinese Journal of Plant Ecology 37: 674-683.",-1.2321424604362348,5.312971321708953
Alnus_glutinosa,Alnus,glutinosa,Betulaceae,Fagales,,"de la Riva, Navarro-Fernandez, Perez-Ramos, Villar, Maranon. Unpublished.",-0.9526305986530476,3.2857469622150157
Alnus_hirsuta,Alnus,hirsuta,Betulaceae,Fagales,1.0,"Shi W, Wang ZQ, Liu JL, Gu JC, Guo DL. 2008. Fine root morphology of twenty hardwood species in Maoershan Natural Secondary Forest in Northeastern China. Journal of Plant Ecology (Chinese Version) 32: 1217-1226.",-1.4116079229593492,4.243669755378868
Alnus_mandshurica,Alnus,mandshurica,Betulaceae,Fagales,1.0,"Shi W, Wang ZQ, Liu JL, Gu JC, Guo DL. 2008. Fine root morphology of twenty hardwood species in Maoershan Natural Secondary Forest in Northeastern China. Journal of Plant Ecology (Chinese Version) 32: 1217-1226.",-1.6251807227509556,4.691245507264235
Alopecurus_pratensis,Alopecurus,pratensis,Poaceae,Poales,,"Roumet C, Birouste M, Picon-Cochard C, Ghestem M, Osman N, Vrignon-Brenas S, Cao K-F, Stokes A. 2016. Root structure-function relationships in 74 species: evidence of root economics spectrum related to carbon economy. New Phytologist 210: 815-826.",-1.5141277326297755,5.4785534168509695
Alpinia_japonica,Alpinia,japonica,Zingiberaceae,Zingiberales,1.0,"Wang R, Wang Q, Zhao N, Xu Z, Zhu X, Jiao C, Yu G, He N. 2018. Different phylogenetic and environmental controls of first-order root morphological and nutrient traits: Evidence of multidimensional root traits. Special Focus on Functional Traits Along A Transect 32(1): 29-39.",-1.7781524658218382,5.505626207959451
Alseis_blackiana,Alseis,blackiana,Rubiaceae,Gentianales,,"Collins CG, Wright SJ, Wurzburger N. 2016. Root and leaf traits reflect distinct resource acquisition strategies in tropical lianas and trees. Oecologia 180: 1037-1047.",-0.4266678815496418,2.549350172624313
Alstonia_scholaris,Alstonia,scholaris,Apocynaceae,Gentianales,1.0,"Kong D, Ma C, Zhang Q, Li L, Chen X, Zeng H, Guo D. 2014. Leading dimensions in absorptive root trait variation across 96 subtropical forest species. New Phytologist 203: 863-872.",-0.6468362776966949,3.248822901236153
Alternanthera_sessilis,Alternanthera,sessilis,Amaranthaceae,Caryophyllales,,"Roumet C, Birouste M, Picon-Cochard C, Ghestem M, Osman N, Vrignon-Brenas S, Cao K-F, Stokes A. 2016. Root structure-function relationships in 74 species: evidence of root economics spectrum related to carbon economy. New Phytologist 210: 815-826.",-1.2310014767138553,3.82929335782915
Altingia_gracilipes,Altingia,gracilipes,Altingiaceae,Saxifragales,1.0,"Xiong D, Huang J, Yang Z, Lu Z, Chen G, Yang Y. 2012. Fine root architecture and morphology among different branch orders of six subtropical tree species. Acta Ecologica Sinica 32: 1888-1897.",-0.8076354230135604,2.566897930067926
Altingia_obovata,Altingia,obovata,Altingiaceae,Saxifragales,1.0,"Xu Y, Gu JC, Dong XY, Liu Y, Wang ZQ. 2011. Fine root morphology, anatomy and tissue nitrogen and carbon contents of the first five orders in four tropical hardwood species in Hainan Island, China. Chinese Journal of Plant Ecology 35:955-964.",-1.1718990345819649,3.918454412918559
Ambrosia_artemisiifolia,Ambrosia,artemisiifolia,Asteraceae,Asterales,,"Craine JM, Froehle J, Tilman DG, Wedin DA, Chapin FS. 2001. The relationships among root and leaf traits of 76 grassland species and relative abundance among fertility and disturbance gradients. Oikos 93: 274-285",-1.0216512475319814,4.859812404361672
Amelanchier_alnifolia,Amelanchier,alnifolia,Rosaceae,Rosales,,"Kembel SW, Cahill JF, Jr. 2011. Independent Evolution of Leaf and Root Traits within and among Temperate Grassland Plant Communities. PLoS ONE 6(6): e19992.",-0.9779888454580034,3.038581000863127
Anaphalis_aureopunctata,Anaphalis,aureopunctata,Asteraceae,Asterales,1.0,"Wang R, Wang Q, Zhao N, Xu Z, Zhu X, Jiao C, Yu G, He N. 2018. Different phylogenetic and environmental controls of first-order root morphological and nutrient traits: Evidence of multidimensional root traits. Special Focus on Functional Traits Along A Transect 32(1): 29-39.",-1.98813938327305,6.172024135880895
Anaphalis_hancockii,Anaphalis,hancockii,Asteraceae,Asterales,1.0,"Wang R, Wang Q, Zhao N, Xu Z, Zhu X, Jiao C, Yu G, He N. 2018. Different phylogenetic and environmental controls of first-order root morphological and nutrient traits: Evidence of multidimensional root traits. Special Focus on Functional Traits Along A Transect 32(1): 29-39.",-1.7220468568167546,5.7678769869239215
Anaxagorea_javanica,Anaxagorea,javanica,Annonaceae,Magnoliales,,"Makita N, Kosugi Y, Dannoura M, Takanashi S, Niiyama K, Kassim AR, Nik AR. 2012. Patterns of root respiration rates and morphological traits in 13 tree species in a tropical forest. Tree Physiology 32: 303-312.",-0.2086860662252831,1.8703129747441396
Andropogon_gerardii,Andropogon,gerardii,Poaceae,Poales,,"Craine JM, Froehle J, Tilman DG, Wedin DA, Chapin FS. 2001. The relationships among root and leaf traits of 76 grassland species and relative abundance among fertility and disturbance gradients. Oikos 93: 274-285",-1.171182981502945,4.02535169073515
Androsace_occidentalis,Androsace,occidentalis,Primulaceae,Ericales,,"Kembel SW, Cahill JF, Jr. 2011. Independent Evolution of Leaf and Root Traits within and among Temperate Grassland Plant Communities. PLoS ONE 6(6): e19992.",-2.163941784752468,5.334918413389103
Anemone_cylindrica,Anemone,cylindrica,Ranunculaceae,Ranunculales,,"Craine JM, Froehle J, Tilman DG, Wedin DA, Chapin FS. 2001. The relationships among root and leaf traits of 76 grassland species and relative abundance among fertility and disturbance gradients. Oikos 93: 274-285",-1.0216512475319814,3.9512437185814275
Anemone_patens,Anemone,patens,Ranunculaceae,Ranunculales,,"Kembel SW, Cahill JF, Jr. 2011. Independent Evolution of Leaf and Root Traits within and among Temperate Grassland Plant Communities. PLoS ONE 6(6): e19992.",-0.9946577609482603,3.501256317347026
Antennaria_neglecta,Antennaria,neglecta,Asteraceae,Asterales,,"Kembel SW, Cahill JF, Jr. 2011. Independent Evolution of Leaf and Root Traits within and among Temperate Grassland Plant Communities. PLoS ONE 6(6): e19992.",-1.2911660160283132,4.826183259044324
Antennaria_parvifolia,Antennaria,parvifolia,Asteraceae,Asterales,,"Kembel SW, Cahill JF, Jr. 2011. Independent Evolution of Leaf and Root Traits within and among Temperate Grassland Plant Communities. PLoS ONE 6(6): e19992.",-1.0511086660241429,3.805296934268106
Anthoxanthum_odoratum,Anthoxanthum,odoratum,Poaceae,Poales,,"<StringArray>
['Smith SW, Woodin SJ, Pakeman RJ, Johnson D, van der Wal R. 2014. Root traits predict decomposition across a landscape-scale grazing experiment. New Phytologist 203: 851-862.', 'Roumet C, Birouste M, Picon-Cochard C, Ghestem M, Osman N, Vrignon-Brenas S, Cao K-F, Stokes A. 2016. Root structure-function relationships in 74 species: evidence of root economics spectrum related to carbon economy. New Phytologist 210: 815-826.']
Length: 2, dtype: str",-1.5050778971098577,5.298242363735396
Anthyllis_cytisoides,Anthyllis,cytisoides,Fabaceae,Fabales,,"de la Riva, Navarro-Fernandez, Perez-Ramos, Villar, Maranon. Unpublished.",-1.250627749698357,2.2408114559060697
Anthyllis_terniflora,Anthyllis,terniflora,Fabaceae,Fabales,,"de la Riva, Navarro-Fernandez, Perez-Ramos, Villar, Maranon. Unpublished.",-1.0109448769163498,1.7962250888235667
Antidesma_maclurei,Antidesma,maclurei,Phyllanthaceae,Malpighiales,1.0,"Kong D, Ma C, Zhang Q, Li L, Chen X, Zeng H, Guo D. 2014. Leading dimensions in absorptive root trait variation across 96 subtropical forest species. New Phytologist 203: 863-872.",-0.909985650739561,2.995232148512309
Aphanamixis_polystachya,Aphanamixis,polystachya,Meliaceae,Sapindales,1.0,"Chen W, Zeng H, Eissenstat DM, Guo D. 2013. Variation of first-order root traits across climatic gradients and evolutionary trends in geological time. Global Ecology and Biogeography 22: 846-856.",-1.7514081723485555,5.14913363092185
Apodytes_dimidiata,Apodytes,dimidiata,Icacinaceae,Icacinales,,"Assefa D, Godbold DL, Belay B, Abiya A, Rewald B. 2018. Fine root morphology, biochemistry and litter quality indices of fast- and slow-growing woody species in Ethiopian highland forest. Ecosystems 21: 482-494.",-0.5978370007556204,2.5572273113676265
Aporosa_octandra,Aporosa,octandra,Phyllanthaceae,Malpighiales,1.0,"Kong D, Ma C, Zhang Q, Li L, Chen X, Zeng H, Guo D. 2014. Leading dimensions in absorptive root trait variation across 96 subtropical forest species. New Phytologist 203: 863-872.",-1.0034293896909183,3.3724549127965013
Aporosa_subcaudata,Aporosa,subcaudata,Phyllanthaceae,Malpighiales,,"Makita N, Kosugi Y, Dannoura M, Takanashi S, Niiyama K, Kassim AR, Nik AR. 2012. Patterns of root respiration rates and morphological traits in 13 tree species in a tropical forest. Tree Physiology 32: 303-312.",-0.6995677483628681,2.4220089311308337
Aporosa_yunnanensis,Aporosa,yunnanensis,Phyllanthaceae,Malpighiales,1.0,"<StringArray>
['Kong D, Ma C, Zhang Q, Li L, Chen X, Zeng H, Guo D. 2014. Leading dimensions in absorptive root trait variation across 96 subtropical forest species. New Phytologist 203: 863-872.', 'Wang R, Wang Q, Zhao N, Xu Z, Zhu X, Jiao C, Yu G, He N. 2018. Different phylogenetic and environmental controls of first-order root morphological and nutrient traits: Evidence of multidimensional root traits. Special Focus on Functional Traits Along A Transect 32(1): 29-39.']
Length: 2, dtype: str",-1.341952169769155,4.181223737980477
Aquilegia_vulgaris,Aquilegia,vulgaris,Ranunculaceae,Ranunculales,,"Poon GT, Maherali H. 2015. Competitive interactions between a nonmycorrhizal invasive plant, Alliaria petiolata, and a suite of mycorrhizal grassland, old field, and forest species. PeerJ 3: e1090",-1.7338679908122774,6.126973886492961
Arbutus_unedo,Arbutus,unedo,Ericaceae,Ericales,,"de la Riva, Navarro-Fernandez, Perez-Ramos, Villar, Maranon. Unpublished.",-0.6933805417865585,2.4945979586490235
Archidendron_clypearia,Archidendron,clypearia,Fabaceae,Fabales,1.0,"Kong D, Ma C, Zhang Q, Li L, Chen X, Zeng H, Guo D. 2014. Leading dimensions in absorptive root trait variation across 96 subtropical forest species. New Phytologist 203: 863-872.",-1.306263961214402,4.2531984503199265
Archidendron_lucidum,Archidendron,lucidum,Fabaceae,Fabales,1.0,"Kong D, Ma C, Zhang Q, Li L, Chen X, Zeng H, Guo D. 2014. Leading dimensions in absorptive root trait variation across 96 subtropical forest species. New Phytologist 203: 863-872.",-1.3449221180141588,4.07567129695648
Arctotheca_calendula,Arctotheca,calendula,Asteraceae,Asterales,,"Hill JO, Simpson RJ, Moore AD, Chapman DF. 2006. Morphology and response of roots of pasture species to phosphorus and nitrogen nutrition. Plant and Soil 286: 7-19.",-1.4392780258348463,5.49875783799931
Ardisia_depressa,Ardisia,depressa,Primulaceae,Ericales,1.0,"Chen W, Zeng H, Eissenstat DM, Guo D. 2013. Variation of first-order root traits across climatic gradients and evolutionary trends in geological time. Global Ecology and Biogeography 22: 846-856.",-1.4508328822574619,4.163815965105749
Ardisia_japonica,Ardisia,japonica,Primulaceae,Ericales,1.0,"Wang R, Wang Q, Zhao N, Xu Z, Zhu X, Jiao C, Yu G, He N. 2018. Different phylogenetic and environmental controls of first-order root morphological and nutrient traits: Evidence of multidimensional root traits. Special Focus on Functional Traits Along A Transect 32(1): 29-39.",-1.469241281940817,4.620057234933822
Ardisia_quinquegona,Ardisia,quinquegona,Primulaceae,Ericales,1.0,"Wang J-J, Tharayil N, Chow AT, Suseela V, Zeng H. 2015. Phenolic profile within the fine-root branching orders of an evergreen species highlights a disconnect in root tissue quality predicted by elemental- and molecular-level carbon composition. New Phytologist 206: 1261-1273.",-0.8675005677047231,3.0007198150650303
Arenaria_serpyllifolia,Arenaria,serpyllifolia,Caryophyllaceae,Caryophyllales,,"<StringArray>
['Birouste M, Kazakou E, Blanchard A, Roumet C. 2012. Plant traits and decomposition: are the relationships for roots comparable to those for leaves? Annals of Botany 109: 463-472. ', 'Roumet C, Birouste M, Picon-Cochard C, Ghestem M, Osman N, Vrignon-Brenas S, Cao K-F, Stokes A. 2016. Root structure-function relationships in 74 species: evidence of root economics spectrum related to carbon economy. New Phytologist 210: 815-826.']
Length: 2, dtype: str",-1.4208858058895097,6.441751639101684
Aristida_ramosa,Aristida,ramosa,Poaceae,Poales,,"Mokany K, Ash J. 2008. Are traits measured on pot grown plants representative of those in natural communities? Journal of Vegetation Science 19: 119-126.",-0.804078741267227,4.383899879055562
Aristotelia_serrata,Aristotelia,serrata,Elaeocarpaceae,Oxalidales,,"<StringArray>
['Holdaway RJ, Richardson SJ, Dickie IA, Peltzer DA, Coomes DA. 2011. Species- and community-level patterns in fine root traits along a 120 000-year soil chronosequence in temperate rain forest. Journal of Ecology 99: 954-963.', 'Kramer-Walter KR, Bellingham PJ, Millar TR, Smissen RD, Richardson SJ, Laughlin DC. 2016. Root traits are multidimensional: specific root length is independent from root tissue density and the plant economic spectrum. Journal of Ecology 104: 1299-1310.']
Length: 2, dtype: str",-1.0205407532479542,4.317114146402651
Armeria_velutina,Armeria,velutina,Plumbaginaceae,Caryophyllales,,"de la Riva, Navarro-Fernandez, Perez-Ramos, Villar, Maranon. Unpublished.",-0.676437566996998,2.3518964032480256
Arnica_fulgens,Arnica,fulgens,Asteraceae,Asterales,,"Kembel SW, Cahill JF, Jr. 2011. Independent Evolution of Leaf and Root Traits within and among Temperate Grassland Plant Communities. PLoS ONE 6(6): e19992.",-0.6627149734397434,2.7651715000311867
Arnica_sororia,Arnica,sororia,Asteraceae,Asterales,,"Kembel SW, Cahill JF, Jr. 2011. Independent Evolution of Leaf and Root Traits within and among Temperate Grassland Plant Communities. PLoS ONE 6(6): e19992.",-1.4134600291926602,4.3422566039633335
Arrhenatherum_elatius,Arrhenatherum,elatius,Poaceae,Poales,,"Roumet C, Birouste M, Picon-Cochard C, Ghestem M, Osman N, Vrignon-Brenas S, Cao K-F, Stokes A. 2016. Root structure-function relationships in 74 species: evidence of root economics spectrum related to carbon economy. New Phytologist 210: 815-826.",-1.4740332754278973,5.193123503669531
Artemisia_barrelieri,Artemisia,barrelieri,Asteraceae,Asterales,,"de la Riva, Navarro-Fernandez, Perez-Ramos, Villar, Maranon. Unpublished.",-0.8560191135325868,1.6239199287813029
Artemisia_cana,Artemisia,cana,Asteraceae,Asterales,,"Kembel SW, Cahill JF, Jr. 2011. Independent Evolution of Leaf and Root Traits within and among Temperate Grassland Plant Communities. PLoS ONE 6(6): e19992.",-1.171182981502945,4.023913586086754
Artemisia_codonocephala,Artemisia,codonocephala,Asteraceae,Asterales,,"Roumet C, Birouste M, Picon-Cochard C, Ghestem M, Osman N, Vrignon-Brenas S, Cao K-F, Stokes A. 2016. Root structure-function relationships in 74 species: evidence of root economics spectrum related to carbon economy. New Phytologist 210: 815-826.",-0.5568695622673976,2.506341930508065
Artemisia_frigida,Artemisia,frigida,Asteraceae,Asterales,,"<StringArray>
['Kembel SW, Cahill JF, Jr. 2011. Independent Evolution of Leaf and Root Traits within and among Temperate Grassland Plant Communities. PLoS ONE 6(6): e19992.', 'Zhou M, Wang J, Bai W, Zhang Y, Zhang W-H. 2019. The response of root traits to precipitation change of herbaceous species in temperate steppes. Functional Ecology, in press.']
Length: 2, dtype: str",-1.1719503009068022,4.163993645323009
Artemisia_halodendron,Artemisia,halodendron,Asteraceae,Asterales,1.0,"Huang G, Zhao  X-Y, Zhao H-L, Huang Y-X, Zuo X-A. 2010. Linking root morphology, longevity and function to root branch order: a case study in three shrubs. Plant Soil 336: 197-208.",-1.0216512475319814,2.792391349535961
Artemisia_igniaria,Artemisia,igniaria,Asteraceae,Asterales,1.0,"Wang R, Wang Q, Zhao N, Xu Z, Zhu X, Jiao C, Yu G, He N. 2018. Different phylogenetic and environmental controls of first-order root morphological and nutrient traits: Evidence of multidimensional root traits. Special Focus on Functional Traits Along A Transect 32(1): 29-39.",-1.7885645783315358,5.318869012769295
Artemisia_ludoviciana,Artemisia,ludoviciana,Asteraceae,Asterales,,"<StringArray>
['Craine JM, Froehle J, Tilman DG, Wedin DA, Chapin FS. 2001. The relationships among root and leaf traits of 76 grassland species and relative abundance among fertility and disturbance gradients. Oikos 93: 274-285', 'Kembel SW, Cahill JF, Jr. 2011. Independent Evolution of Leaf and Root Traits within and among Temperate Grassland Plant Communities. PLoS ONE 6(6): e19992.']
Length: 2, dtype: str",-1.0911119159188427,4.435120834310792
Artemisia_mongolica,Artemisia,mongolica,Asteraceae,Asterales,1.0,"Wang R, Wang Q, Zhao N, Xu Z, Zhu X, Jiao C, Yu G, He N. 2018. Different phylogenetic and environmental controls of first-order root morphological and nutrient traits: Evidence of multidimensional root traits. Special Focus on Functional Traits Along A Transect 32(1): 29-39.",-1.795165262362888,5.276430365583576
Arthraxon_hispidus,Arthraxon,hispidus,Poaceae,Poales,,"Roumet C, Birouste M, Picon-Cochard C, Ghestem M, Osman N, Vrignon-Brenas S, Cao K-F, Stokes A. 2016. Root structure-function relationships in 74 species: evidence of root economics spectrum related to carbon economy. New Phytologist 210: 815-826.",-0.5141645250315053,2.569554123848285
Artocarpus_styracifolius,Artocarpus,styracifolius,Moraceae,Rosales,1.0,"Kong D, Ma C, Zhang Q, Li L, Chen X, Zeng H, Guo D. 2014. Leading dimensions in absorptive root trait variation across 96 subtropical forest species. New Phytologist 203: 863-872.",-1.262449734084912,3.5421180727185324
Ascarina_lucida,Ascarina,lucida,Chloranthaceae,Chloranthales,,"Holdaway RJ, Richardson SJ, Dickie IA, Peltzer DA, Coomes DA. 2011. Species- and community-level patterns in fine root traits along a 120 000-year soil chronosequence in temperate rain forest. Journal of Ecology 99: 954-963.",-0.6348782724359695,3.100092288878234
Asclepias_incarnata,Asclepias,incarnata,Apocynaceae,Gentianales,,"Craine JM, Froehle J, Tilman DG, Wedin DA, Chapin FS. 2001. The relationships among root and leaf traits of 76 grassland species and relative abundance among fertility and disturbance gradients. Oikos 93: 274-285",-1.0216512475319814,4.248495242049359
Asclepias_syriaca,Asclepias,syriaca,Apocynaceae,Gentianales,,"Craine JM, Froehle J, Tilman DG, Wedin DA, Chapin FS. 2001. The relationships among root and leaf traits of 76 grassland species and relative abundance among fertility and disturbance gradients. Oikos 93: 274-285",-0.843970070294529,3.871201010907891
Asclepias_tuberosa,Asclepias,tuberosa,Apocynaceae,Gentianales,,"Craine JM, Froehle J, Tilman DG, Wedin DA, Chapin FS. 2001. The relationships among root and leaf traits of 76 grassland species and relative abundance among fertility and disturbance gradients. Oikos 93: 274-285",-0.6931471805599453,3.1354942159291497
Asimina_triloba,Asimina,triloba,Annonaceae,Magnoliales,1.0,"<StringArray>
[' Valverde-Barrantes OJ, Smemo KA, Blackwood CB. 2014. Fine root morphology is phylogenetically structured, but nitrogen is related to the plant economics spectrum in temperate trees. Functional Ecology 29: 796-807.', 'Valverde et al (unpublished)']
Length: 2, dtype: str",-0.6446978458948621,2.606252773433732
Asparagus_schoberioides,Asparagus,schoberioides,Asparagaceae,Asparagales,1.0,"Wang R, Wang Q, Zhao N, Xu Z, Zhu X, Jiao C, Yu G, He N. 2018. Different phylogenetic and environmental controls of first-order root morphological and nutrient traits: Evidence of multidimensional root traits. Special Focus on Functional Traits Along A Transect 32(1): 29-39.",-1.0708998501015738,4.78553148940686
Asplenium_bulbiferum,Asplenium,bulbiferum,Aspleniaceae,Polypodiales,,"Holdaway RJ, Richardson SJ, Dickie IA, Peltzer DA, Coomes DA. 2011. Species- and community-level patterns in fine root traits along a 120 000-year soil chronosequence in temperate rain forest. Journal of Ecology 99: 954-963.",-0.843970070294529,3.459466289786131
Astelia_fragrans,Astelia,fragrans,Asteliaceae,Asparagales,,"Holdaway RJ, Richardson SJ, Dickie IA, Peltzer DA, Coomes DA. 2011. Species- and community-level patterns in fine root traits along a 120 000-year soil chronosequence in temperate rain forest. Journal of Ecology 99: 954-963.",-0.06187540371808753,2.5572273113676265
Astelia_nervosa,Astelia,nervosa,Asteliaceae,Asparagales,,"Holdaway RJ, Richardson SJ, Dickie IA, Peltzer DA, Coomes DA. 2011. Species- and community-level patterns in fine root traits along a 120 000-year soil chronosequence in temperate rain forest. Journal of Ecology 99: 954-963.",-0.05129329438755058,2.6741486494265287
Aster_laevis,Aster,laevis,Asteraceae,Asterales,,"Kembel SW, Cahill JF, Jr. 2011. Independent Evolution of Leaf and Root Traits within and among Temperate Grassland Plant Communities. PLoS ONE 6(6): e19992.",-1.0552654841647438,3.527019276121148
Aster_lanceolatus,Aster,lanceolatus,Asteraceae,Asterales,,"Craine JM, Froehle J, Tilman DG, Wedin DA, Chapin FS. 2001. The relationships among root and leaf traits of 76 grassland species and relative abundance among fertility and disturbance gradients. Oikos 93: 274-285",-1.0216512475319814,4.219507705176107
Aster_tataricus,Aster,tataricus,Asteraceae,Asterales,1.0,"Wang R, Wang Q, Zhao N, Xu Z, Zhu X, Jiao C, Yu G, He N. 2018. Different phylogenetic and environmental controls of first-order root morphological and nutrient traits: Evidence of multidimensional root traits. Special Focus on Functional Traits Along A Transect 32(1): 29-39.",-1.6245515502441485,5.694102440602895
Astilbe_rivularis,Astilbe,rivularis,Saxifragaceae,Saxifragales,1.0,"Wang R, Wang Q, Zhao N, Xu Z, Zhu X, Jiao C, Yu G, He N. 2018. Different phylogenetic and environmental controls of first-order root morphological and nutrient traits: Evidence of multidimensional root traits. Special Focus on Functional Traits Along A Transect 32(1): 29-39.",-0.9564618965634318,3.6047036853482144
Astilbe_rubra,Astilbe,rubra,Saxifragaceae,Saxifragales,1.0,"Wang R, Wang Q, Zhao N, Xu Z, Zhu X, Jiao C, Yu G, He N. 2018. Different phylogenetic and environmental controls of first-order root morphological and nutrient traits: Evidence of multidimensional root traits. Special Focus on Functional Traits Along A Transect 32(1): 29-39.",-1.7620065110787073,5.3774425203207885
Astragalus_aboriginum,Astragalus,aboriginum,Fabaceae,Fabales,,"Kembel SW, Cahill JF, Jr. 2011. Independent Evolution of Leaf and Root Traits within and among Temperate Grassland Plant Communities. PLoS ONE 6(6): e19992.",-1.5329399414613754,3.7607826164598617
Astragalus_agrestis,Astragalus,agrestis,Fabaceae,Fabales,,"Kembel SW, Cahill JF, Jr. 2011. Independent Evolution of Leaf and Root Traits within and among Temperate Grassland Plant Communities. PLoS ONE 6(6): e19992.",-0.9450760833059084,3.0361683041597565
Astragalus_bisulcatus,Astragalus,bisulcatus,Fabaceae,Fabales,,"Kembel SW, Cahill JF, Jr. 2011. Independent Evolution of Leaf and Root Traits within and among Temperate Grassland Plant Communities. PLoS ONE 6(6): e19992.",-1.0367648853420295,4.505276183130613
Astragalus_canadensis,Astragalus,canadensis,Fabaceae,Fabales,,"Craine JM, Froehle J, Tilman DG, Wedin DA, Chapin FS. 2001. The relationships among root and leaf traits of 76 grassland species and relative abundance among fertility and disturbance gradients. Oikos 93: 274-285",-0.8675005677047231,3.5263605246161616
Astragalus_pelecinus,Astragalus,pelecinus,Fabaceae,Fabales,,"Yang Z, Culvenor RA, Haling RE, Stefanski A, Ryan MH, Sandral GA, Kidd DR, Lambers H, Simpson RJ. 2015. Variation in root traits associated with nutrient foraging among temperate legumes and grasses. Grass and Forage Science, early view article",-1.2761870875639385,5.576852994134958
Astragalus_scaberrimus,Astragalus,scaberrimus,Fabaceae,Fabales,,"Zhou M, Wang J, Bai W, Zhang Y, Zhang W-H. 2019. The response of root traits to precipitation change of herbaceous species in temperate steppes. Functional Ecology, in press.",-1.2552660987134865,4.091757886325333
Astrantia_minor,Astrantia,minor,Apiaceae,Apiales,,"Roumet C, Birouste M, Picon-Cochard C, Ghestem M, Osman N, Vrignon-Brenas S, Cao K-F, Stokes A. 2016. Root structure-function relationships in 74 species: evidence of root economics spectrum related to carbon economy. New Phytologist 210: 815-826.",-0.43540898448123644,2.3580197998821464
Athyrium_multidentatum,Athyrium,multidentatum,Athyriaceae,Polypodiales,1.0,"Dong X, Wang H, Gu J, Wang Y, Wang Z. 2014. Root morphology, histology and chemistry of nine fern species (pteridophyta) in a temperate forest. Plant Soil 393: 215-227.",-1.4987590025403477,4.919563036334691
Athyrium_sinense,Athyrium,sinense,Athyriaceae,Polypodiales,1.0,"Dong X, Wang H, Gu J, Wang Y, Wang Z. 2014. Root morphology, histology and chemistry of nine fern species (pteridophyta) in a temperate forest. Plant Soil 393: 215-227.",-1.3262144109042224,4.755675483475596
Athyrium_spinulosum,Athyrium,spinulosum,Athyriaceae,Polypodiales,1.0,"Dong X, Wang H, Gu J, Wang Y, Wang Z. 2014. Root morphology, histology and chemistry of nine fern species (pteridophyta) in a temperate forest. Plant Soil 393: 215-227.",-1.7369169717199753,5.462427447342916
Atractylis_humilis,Atractylis,humilis,Asteraceae,Asterales,,"de la Riva, Navarro-Fernandez, Perez-Ramos, Villar, Maranon. Unpublished.",-0.9342637838644055,1.7067240685289604
Ballota_hirsuta,Ballota,hirsuta,Lamiaceae,Lamiales,,"de la Riva, Navarro-Fernandez, Perez-Ramos, Villar, Maranon. Unpublished.",-1.0362714932615358,1.6660532864879638
Baptisia_alba,Baptisia,alba,Fabaceae,Fabales,,"Craine JM, Froehle J, Tilman DG, Wedin DA, Chapin FS. 2001. The relationships among root and leaf traits of 76 grassland species and relative abundance among fertility and disturbance gradients. Oikos 93: 274-285",-1.4271163556401458,5.765191102784844
Barringtonia_racemosa,Barringtonia,racemosa,Lecythidaceae,Ericales,1.0,"<StringArray>
['Kong D, Ma C, Zhang Q, Li L, Chen X, Zeng H, Guo D. 2014. Leading dimensions in absorptive root trait variation across 96 subtropical forest species. New Phytologist 203: 863-872.', 'Chen W, Zeng H, Eissenstat DM, Guo D. 2013. Variation of first-order root traits across climatic gradients and evolutionary trends in geological time. Global Ecology and Biogeography 22: 846-856.']
Length: 2, dtype: str",-0.848957732212552,3.0684273961771193
Bauhinia_championii,Bauhinia,championii,Fabaceae,Fabales,,"Roumet C, Birouste M, Picon-Cochard C, Ghestem M, Osman N, Vrignon-Brenas S, Cao K-F, Stokes A. 2016. Root structure-function relationships in 74 species: evidence of root economics spectrum related to carbon economy. New Phytologist 210: 815-826.",-0.7507762933965817,2.189416394888408
Beilschmiedia_tarairi,Beilschmiedia,tarairi,Lauraceae,Laurales,,"Kramer-Walter KR, Bellingham PJ, Millar TR, Smissen RD, Richardson SJ, Laughlin DC. 2016. Root traits are multidimensional: specific root length is independent from root tissue density and the plant economic spectrum. Journal of Ecology 104: 1299-1310.",-0.139491978818599,2.1843886504843235
Beilschmiedia_tawa,Beilschmiedia,tawa,Lauraceae,Laurales,,"Kramer-Walter KR, Bellingham PJ, Millar TR, Smissen RD, Richardson SJ, Laughlin DC. 2016. Root traits are multidimensional: specific root length is independent from root tissue density and the plant economic spectrum. Journal of Ecology 104: 1299-1310.",-0.22334357131687682,2.088905305193164
Berberis_thunbergii,Berberis,thunbergii,Berberidaceae,Ranunculales,,"Caplan JS, Stone BWG, Faillace CA, Lafond JJ, Baumgarten JM, Mozdzer TJ, Dighton J, Meiners SJ, Grabosky JC, Ehrenfeld JG. 2017. Nutrient foraging strategies are associated with productivity and population growth in forest shrubs. Annals of Botany 119: 977-988.",-1.2462824778086572,3.3507880182468757
Berteroa_incana,Berteroa,incana,Brassicaceae,Brassicales,,"Craine JM, Froehle J, Tilman DG, Wedin DA, Chapin FS. 2001. The relationships among root and leaf traits of 76 grassland species and relative abundance among fertility and disturbance gradients. Oikos 93: 274-285",-1.6607312068216509,5.4680601411351315
Betula_albosinensis,Betula,albosinensis,Betulaceae,Fagales,1.0,"Chen W, Zeng H, Eissenstat DM, Guo D. 2013. Variation of first-order root traits across climatic gradients and evolutionary trends in geological time. Global Ecology and Biogeography 22: 846-856.",-1.5585694665318883,4.046792440037325
Betula_alleghaniensis,Betula,alleghaniensis,Betulaceae,Fagales,,"Chen W, Koide RT, Adams TS, DeForest JL, Cheng L, Eissenstat DM. 2016. Root morphology and mycorrhizal symbioses together shape nutrient foraging strategies of temperate trees. Proceedings of the National Academy of Sciences 113: 8741-8746.",-1.4271163556401458,4.373238128640803
Betula_costata,Betula,costata,Betulaceae,Fagales,1.0,"<StringArray>
['Shi W, Wang ZQ, Liu JL, Gu JC, Guo DL. 2008. Fine root morphology of twenty hardwood species in Maoershan Natural Secondary Forest in Northeastern China. Journal of Plant Ecology (Chinese Version) 32: 1217-1226.', 'Wang R, Wang Q, Zhao N, Xu Z, Zhu X, Jiao C, Yu G, He N. 2018. Different phylogenetic and environmental controls of first-order root morphological and nutrient traits: Evidence of multidimensional root traits. Special Focus on Functional Traits Along A Transect 32(1): 29-39.']
Length: 2, dtype: str",-1.3381893249303756,4.5926809503540955
Betula_dahurica,Betula,dahurica,Betulaceae,Fagales,1.0,"<StringArray>
['Chen W, Zeng H, Eissenstat DM, Guo D. 2013. Variation of first-order root traits across climatic gradients and evolutionary trends in geological time. Global Ecology and Biogeography 22: 846-856.', 'Wang R, Wang Q, Zhao N, Xu Z, Zhu X, Jiao C, Yu G, He N. 2018. Different phylogenetic and environmental controls of first-order root morphological and nutrient traits: Evidence of multidimensional root traits. Special Focus on Functional Traits Along A Transect 32(1): 29-39.']
Length: 2, dtype: str",-1.1547054191239419,4.001737692895865
Betula_fruticosa,Betula,fruticosa,Betulaceae,Fagales,1.0,"Wang R, Wang Q, Zhao N, Xu Z, Zhu X, Jiao C, Yu G, He N. 2018. Different phylogenetic and environmental controls of first-order root morphological and nutrient traits: Evidence of multidimensional root traits. Special Focus on Functional Traits Along A Transect 32(1): 29-39.",-1.2718948208113945,3.88699799929116
Betula_lenta,Betula,lenta,Betulaceae,Fagales,,"Comas LH, Eissenstat DM. 2009. Patterns in root trait variation among 25 co-existing North American forest species. New Phytologist 182: 919-928.",-1.3093333199837622,4.697749367281185
Betula_pendula,Betula,pendula,Betulaceae,Fagales,,"Ostonen I, Truu M, Helmisaari H-S, Lukac M, Borken W, Vanguelova E, Godbold DL, Lohmus K, Zang U, Tedersoo L, Preem J-K, Rosenvald K, Aosaar J, Armolaitis K, Frey J, Kabral N, Kukumagi M, Leppalammi-Kujansuu J, Lindroos A-J, Merila P, Napa U, Nojd P, Parts K, Uri V, Varik M, Truu J. 2017. Adaptive root foraging strategies along a boreal-temperate forest gradient. New Phytologist 215: 977-991.",-1.2426270113074775,4.212127597878484
Betula_platyphylla,Betula,platyphylla,Betulaceae,Fagales,1.0,"<StringArray>
[                                                                'Shi W, Wang ZQ, Liu JL, Gu JC, Guo DL. 2008. Fine root morphology of twenty hardwood species in Maoershan Natural Secondary Forest in Northeastern China. Journal of Plant Ecology (Chinese Version) 32: 1217-1226.',
 'Wang R, Wang Q, Zhao N, Xu Z, Zhu X, Jiao C, Yu G, He N. 2018. Different phylogenetic and environmental controls of first-order root morphological and nutrient traits: Evidence of multidimensional root traits. Special Focus on Functional Traits Along A Transect 32(1): 29-39.',
                                                                           'Wang Y, Gao G, Wang N, Wang Z, Gu J. 2019. Effects of morphology and stand structure on root biomass and length differed between absorptive and transport roots in temperate trees. Plant Soil, in press.']
Length: 3, dtype: str",-1.3813632486636274,4.626467453243464
Bituminaria_bituminosa,Bituminaria,bituminosa,Fabaceae,Fabales,,"<StringArray>
[                                                                    'Birouste M, Kazakou E, Blanchard A, Roumet C. 2012. Plant traits and decomposition: are the relationships for roots comparable to those for leaves? Annals of Botany 109: 463-472. ',
    'Yang Z, Culvenor RA, Haling RE, Stefanski A, Ryan MH, Sandral GA, Kidd DR, Lambers H, Simpson RJ. 2015. Variation in root traits associated with nutrient foraging among temperate legumes and grasses. Grass and Forage Science, early view article',
 'Roumet C, Birouste M, Picon-Cochard C, Ghestem M, Osman N, Vrignon-Brenas S, Cao K-F, Stokes A. 2016. Root structure-function relationships in 74 species: evidence of root economics spectrum related to carbon economy. New Phytologist 210: 815-826.']
Length: 3, dtype: str",-0.8863825531716747,4.7239729257472645
Blastus_cochinchinesis,Blastus,cochinchinesis,Melastomataceae,Myrtales,1.0,"Wang R, Wang Q, Zhao N, Xu Z, Zhu X, Jiao C, Yu G, He N. 2018. Different phylogenetic and environmental controls of first-order root morphological and nutrient traits: Evidence of multidimensional root traits. Special Focus on Functional Traits Along A Transect 32(1): 29-39.",-1.5941390392811776,5.32488948298348
Blastus_pauciflorus,Blastus,pauciflorus,Melastomataceae,Myrtales,1.0,"Wang R, Wang Q, Zhao N, Xu Z, Zhu X, Jiao C, Yu G, He N. 2018. Different phylogenetic and environmental controls of first-order root morphological and nutrient traits: Evidence of multidimensional root traits. Special Focus on Functional Traits Along A Transect 32(1): 29-39.",-1.81533541052795,5.490746388301094
Blechnum_chambersii,Blechnum,chambersii,Blechnaceae,Polypodiales,,"Holdaway RJ, Richardson SJ, Dickie IA, Peltzer DA, Coomes DA. 2011. Species- and community-level patterns in fine root traits along a 120 000-year soil chronosequence in temperate rain forest. Journal of Ecology 99: 954-963.",-0.8915981192837836,3.4781584227982836
Blechnum_discolor,Blechnum,discolor,Blechnaceae,Polypodiales,,"Holdaway RJ, Richardson SJ, Dickie IA, Peltzer DA, Coomes DA. 2011. Species- and community-level patterns in fine root traits along a 120 000-year soil chronosequence in temperate rain forest. Journal of Ecology 99: 954-963.",-1.0216512475319814,3.269568939183719
Blechnum_fluviatile,Blechnum,fluviatile,Blechnaceae,Polypodiales,,"Holdaway RJ, Richardson SJ, Dickie IA, Peltzer DA, Coomes DA. 2011. Species- and community-level patterns in fine root traits along a 120 000-year soil chronosequence in temperate rain forest. Journal of Ecology 99: 954-963.",-1.171182981502945,3.758871825933971
Blechnum_novae-zelandiae,Blechnum,novae-zelandiae,Blechnaceae,Polypodiales,,"Holdaway RJ, Richardson SJ, Dickie IA, Peltzer DA, Coomes DA. 2011. Species- and community-level patterns in fine root traits along a 120 000-year soil chronosequence in temperate rain forest. Journal of Ecology 99: 954-963.",-1.1086626245216111,3.332204510175204
Blechnum_orientale,Blechnum,orientale,Blechnaceae,Polypodiales,1.0,"Wang R, Wang Q, Zhao N, Xu Z, Zhu X, Jiao C, Yu G, He N. 2018. Different phylogenetic and environmental controls of first-order root morphological and nutrient traits: Evidence of multidimensional root traits. Special Focus on Functional Traits Along A Transect 32(1): 29-39.",-1.5663784229736533,5.222220751507993
Blechnum_procerum,Blechnum,procerum,Blechnaceae,Polypodiales,,"Holdaway RJ, Richardson SJ, Dickie IA, Peltzer DA, Coomes DA. 2011. Species- and community-level patterns in fine root traits along a 120 000-year soil chronosequence in temperate rain forest. Journal of Ecology 99: 954-963.",-1.3093333199837622,3.4372078191851885
Blumeodendron_tokbrai,Blumeodendron,tokbrai,Euphorbiaceae,Malpighiales,,"Makita N, Kosugi Y, Dannoura M, Takanashi S, Niiyama K, Kassim AR, Nik AR. 2012. Patterns of root respiration rates and morphological traits in 13 tree species in a tropical forest. Tree Physiology 32: 303-312.",-0.7907600094269457,3.21107720250907
Bothriochloa_macra,Bothriochloa,macra,Poaceae,Poales,,"Mokany K, Ash J. 2008. Are traits measured on pot grown plants representative of those in natural communities? Journal of Vegetation Science 19: 119-126.",-1.0078579253996456,4.5976419195673
Bouteloua_curtipendula,Bouteloua,curtipendula,Poaceae,Poales,,"Craine JM, Froehle J, Tilman DG, Wedin DA, Chapin FS. 2001. The relationships among root and leaf traits of 76 grassland species and relative abundance among fertility and disturbance gradients. Oikos 93: 274-285",-1.1394342831883648,4.174387269895637
Brachypodium_phoenicoides,Brachypodium,phoenicoides,Poaceae,Poales,,"<StringArray>
[                                                                    'Birouste M, Kazakou E, Blanchard A, Roumet C. 2012. Plant traits and decomposition: are the relationships for roots comparable to those for leaves? Annals of Botany 109: 463-472. ',
                                                                      'Roumet C, Lafont F, Sari M, Warembourg F, Garnier E. 2008. Root traits and taxonomic affiliation of nine herbaceous species grown in glasshouse conditions. Plant Soil 312:69-83. ',
 'Roumet C, Birouste M, Picon-Cochard C, Ghestem M, Osman N, Vrignon-Brenas S, Cao K-F, Stokes A. 2016. Root structure-function relationships in 74 species: evidence of root economics spectrum related to carbon economy. New Phytologist 210: 815-826.']
Length: 3, dtype: str",-1.0827389395118194,4.8902990016521555
Brachypodium_pinnatum,Brachypodium,pinnatum,Poaceae,Poales,,"<StringArray>
['Ryser P, Lambers H. 1995. Root and leaf attributes accounting for the performance of fast and slow-growing grasses at different nutrient supply. Plant and Soil 170: 251-265, 1995.', 'Fort F, Jouany C, Cruz P. 2013.Root and leaf functional trait relations in Poaceae species: implications of differing resource-acquisition strategies. Journal of Plant Ecology 6:211-219']
Length: 2, dtype: str",-1.7092582477163114,5.465948207931988
Brachypodium_sylvaticum,Brachypodium,sylvaticum,Poaceae,Poales,,"Fort F, Jouany C, Cruz P. 2013.Root and leaf functional trait relations in Poaceae species: implications of differing resource-acquisition strategies. Journal of Plant Ecology 6:211-219",-2.0402208285265546,5.081404364984463
Bromus_catharticus,Bromus,catharticus,Poaceae,Poales,,Comas - Pasture species,-1.186624165991323,5.342224871341821
Bromus_erectus,Bromus,erectus,Poaceae,Poales,,"<StringArray>
[                                                                    'Birouste M, Kazakou E, Blanchard A, Roumet C. 2012. Plant traits and decomposition: are the relationships for roots comparable to those for leaves? Annals of Botany 109: 463-472. ',
                                                               'Fort F, Jouany C, Cruz P. 2013.Root and leaf functional trait relations in Poaceae species: implications of differing resource-acquisition strategies. Journal of Plant Ecology 6:211-219',
                        'Perez-Ramos IM, Volaire F, Fattet M, Blanchard A, Roumet C. Tradeoffs between functional strategies for resource-use and drought-survival in Mediterranean rangeland species. Environmental and Experimental Botany 87: 126-136.',
 'Roumet C, Birouste M, Picon-Cochard C, Ghestem M, Osman N, Vrignon-Brenas S, Cao K-F, Stokes A. 2016. Root structure-function relationships in 74 species: evidence of root economics spectrum related to carbon economy. New Phytologist 210: 815-826.',
                                                         'Poirier V, Roumet C, Angers DA, Munson AD. 2018. Species and root traits impact macroaggregation in the rhizospheric soil of a Mediterranean common garden experiment. Plant Soil 424: 289-302.']
Length: 5, dtype: str",-1.2709269391230391,4.632993780436972
Bromus_hordeaceus,Bromus,hordeaceus,Poaceae,Poales,,"Hill JO, Simpson RJ, Moore AD, Chapman DF. 2006. Morphology and response of roots of pasture species to phosphorus and nitrogen nutrition. Plant and Soil 286: 7-19.",-1.713374115591908,5.742076504217209
Bromus_inermis,Bromus,inermis,Poaceae,Poales,,"<StringArray>
['Poon GT, Maherali H. 2015. Competitive interactions between a nonmycorrhizal invasive plant, Alliaria petiolata, and a suite of mycorrhizal grassland, old field, and forest species. PeerJ 3: e1090',
                                                                                                                                                                              'Comas - Pasture species',
                                         'Kembel SW, Cahill JF, Jr. 2011. Independent Evolution of Leaf and Root Traits within and among Temperate Grassland Plant Communities. PLoS ONE 6(6): e19992.']
Length: 3, dtype: str",-1.5464631132727118,5.125546462525955
Bromus_madritensis,Bromus,madritensis,Poaceae,Poales,,"<StringArray>
[                                                                    'Birouste M, Kazakou E, Blanchard A, Roumet C. 2012. Plant traits and decomposition: are the relationships for roots comparable to those for leaves? Annals of Botany 109: 463-472. ',
                                                                      'Roumet C, Lafont F, Sari M, Warembourg F, Garnier E. 2008. Root traits and taxonomic affiliation of nine herbaceous species grown in glasshouse conditions. Plant Soil 312:69-83. ',
 'Roumet C, Birouste M, Picon-Cochard C, Ghestem M, Osman N, Vrignon-Brenas S, Cao K-F, Stokes A. 2016. Root structure-function relationships in 74 species: evidence of root economics spectrum related to carbon economy. New Phytologist 210: 815-826.']
Length: 3, dtype: str",-1.2909841813155658,5.832048641385611
Calamagrostis_canadensis,Calamagrostis,canadensis,Poaceae,Poales,,"Craine JM, Froehle J, Tilman DG, Wedin DA, Chapin FS. 2001. The relationships among root and leaf traits of 76 grassland species and relative abundance among fertility and disturbance gradients. Oikos 93: 274-285",-1.5141277326297755,5.517452896464707
Calamovilfa_longifolia,Calamovilfa,longifolia,Poaceae,Poales,,"Craine JM, Froehle J, Tilman DG, Wedin DA, Chapin FS. 2001. The relationships among root and leaf traits of 76 grassland species and relative abundance among fertility and disturbance gradients. Oikos 93: 274-285",-0.7339691750802004,3.4965075614664802
Calamus_rhabdocladus,Calamus,rhabdocladus,Arecaceae,Arecales,1.0,"Wang R, Wang Q, Zhao N, Xu Z, Zhu X, Jiao C, Yu G, He N. 2018. Different phylogenetic and environmental controls of first-order root morphological and nutrient traits: Evidence of multidimensional root traits. Special Focus on Functional Traits Along A Transect 32(1): 29-39.",-1.520054351299415,4.637108263275592
Caldcluvia_rosifolia,Caldcluvia,rosifolia,Cunoniaceae,Oxalidales,,"Kramer-Walter KR, Bellingham PJ, Millar TR, Smissen RD, Richardson SJ, Laughlin DC. 2016. Root traits are multidimensional: specific root length is independent from root tissue density and the plant economic spectrum. Journal of Ecology 104: 1299-1310.",-1.0198793140602396,3.9510243683276944
Calluna_vulgaris,Calluna,vulgaris,Ericaceae,Ericales,,"de la Riva, Navarro-Fernandez, Perez-Ramos, Villar, Maranon. Unpublished.",-1.1501161315352253,2.611930551632364
Calpurnia_aurea,Calpurnia,aurea,Fabaceae,Fabales,,"Assefa D, Godbold DL, Belay B, Abiya A, Rewald B. 2018. Fine root morphology, biochemistry and litter quality indices of fast- and slow-growing woody species in Ethiopian highland forest. Ecosystems 21: 482-494.",-0.6348782724359695,2.830267833826459
Caltha_palustris,Caltha,palustris,Ranunculaceae,Ranunculales,1.0,"Wang R, Wang Q, Zhao N, Xu Z, Zhu X, Jiao C, Yu G, He N. 2018. Different phylogenetic and environmental controls of first-order root morphological and nutrient traits: Evidence of multidimensional root traits. Special Focus on Functional Traits Along A Transect 32(1): 29-39.",-1.5616005830199404,5.84841055554281
Campanula_rotundifolia,Campanula,rotundifolia,Campanulaceae,Asterales,,"Kembel SW, Cahill JF, Jr. 2011. Independent Evolution of Leaf and Root Traits within and among Temperate Grassland Plant Communities. PLoS ONE 6(6): e19992.",-1.954984527976418,6.285440420788243
Canarium_album,Canarium,album,Burseraceae,Sapindales,1.0,"<StringArray>
['Kong D, Ma C, Zhang Q, Li L, Chen X, Zeng H, Guo D. 2014. Leading dimensions in absorptive root trait variation across 96 subtropical forest species. New Phytologist 203: 863-872.', 'Chen W, Zeng H, Eissenstat DM, Guo D. 2013. Variation of first-order root traits across climatic gradients and evolutionary trends in geological time. Global Ecology and Biogeography 22: 846-856.']
Length: 2, dtype: str",-1.6404940454660997,4.647678586222547
Caragana_microphylla,Caragana,microphylla,Fabaceae,Fabales,1.0,"Huang G, Zhao  X-Y, Zhao H-L, Huang Y-X, Zuo X-A. 2010. Linking root morphology, longevity and function to root branch order: a case study in three shrubs. Plant Soil 336: 197-208.",-0.8915981192837836,3.2204745462318978
Carallia_brachiata,Carallia,brachiata,Rhizophoraceae,Malpighiales,1.0,"Kong D, Ma C, Zhang Q, Li L, Chen X, Zeng H, Guo D. 2014. Leading dimensions in absorptive root trait variation across 96 subtropical forest species. New Phytologist 203: 863-872.",-1.5405650481477249,4.693547296605504
Carex_doisutepensis,Carex,doisutepensis,Cyperaceae,Poales,,"Roumet C, Birouste M, Picon-Cochard C, Ghestem M, Osman N, Vrignon-Brenas S, Cao K-F, Stokes A. 2016. Root structure-function relationships in 74 species: evidence of root economics spectrum related to carbon economy. New Phytologist 210: 815-826.",-0.42159449003804794,3.1376657694426577
Carex_filifolia,Carex,filifolia,Cyperaceae,Poales,,"Kembel SW, Cahill JF, Jr. 2011. Independent Evolution of Leaf and Root Traits within and among Temperate Grassland Plant Communities. PLoS ONE 6(6): e19992.",-1.7039055877450273,4.678025021150672
Carex_flacca,Carex,flacca,Cyperaceae,Poales,,"<StringArray>
['Roumet C, Birouste M, Picon-Cochard C, Ghestem M, Osman N, Vrignon-Brenas S, Cao K-F, Stokes A. 2016. Root structure-function relationships in 74 species: evidence of root economics spectrum related to carbon economy. New Phytologist 210: 815-826.',
                                                                 'Fort F, Volaire F, Guilioni L, Barkaoui K, Navas ML, Roumet C. 2017. Root traits are related to plant water-use among rangeland Mediterranean species. Functional Ecology 31: 1700-1709',
                                                         'Poirier V, Roumet C, Angers DA, Munson AD. 2018. Species and root traits impact macroaggregation in the rhizospheric soil of a Mediterranean common garden experiment. Plant Soil 424: 289-302.']
Length: 3, dtype: str",-0.8895505779036719,4.1069991583341805
Carex_humilis,Carex,humilis,Cyperaceae,Poales,,"<StringArray>
[                       'Perez-Ramos IM, Volaire F, Fattet M, Blanchard A, Roumet C. Tradeoffs between functional strategies for resource-use and drought-survival in Mediterranean rangeland species. Environmental and Experimental Botany 87: 126-136.',
 'Roumet C, Birouste M, Picon-Cochard C, Ghestem M, Osman N, Vrignon-Brenas S, Cao K-F, Stokes A. 2016. Root structure-function relationships in 74 species: evidence of root economics spectrum related to carbon economy. New Phytologist 210: 815-826.',
                                                         'Poirier V, Roumet C, Angers DA, Munson AD. 2018. Species and root traits impact macroaggregation in the rhizospheric soil of a Mediterranean common garden experiment. Plant Soil 424: 289-302.']
Length: 3, dtype: str",-1.296453657120101,4.4513486186640385
Carex_korshinskyi,Carex,korshinskyi,Cyperaceae,Poales,,"Zhou M, Wang J, Bai W, Zhang Y, Zhang W-H. 2019. The response of root traits to precipitation change of herbaceous species in temperate steppes. Functional Ecology, in press.",-1.40649706843741,5.531609248914061
Carex_lasiocarpa,Carex,lasiocarpa,Cyperaceae,Poales,,"Craine JM, Froehle J, Tilman DG, Wedin DA, Chapin FS. 2001. The relationships among root and leaf traits of 76 grassland species and relative abundance among fertility and disturbance gradients. Oikos 93: 274-285",-1.4696759700589417,5.529429087511423
Carex_moorcroftii,Carex,moorcroftii,Cyperaceae,Poales,,"Hong J, Ma X, Yan Y, Zhang X, Wang X. 2017. Which root traits determine nitrogen uptake by alpine plant species on the Tibetan Plateau? Plant Soil, in press. ",-0.5447271754416722,-1.1307843023744606
Carex_nigra,Carex,nigra,Cyperaceae,Poales,,"Smith SW, Woodin SJ, Pakeman RJ, Johnson D, van der Wal R. 2014. Root traits predict decomposition across a landscape-scale grazing experiment. New Phytologist 203: 851-862.",-1.1394342831883648,2.2126603854660587
Carex_obtusata,Carex,obtusata,Cyperaceae,Poales,,"Kembel SW, Cahill JF, Jr. 2011. Independent Evolution of Leaf and Root Traits within and among Temperate Grassland Plant Communities. PLoS ONE 6(6): e19992.",-1.7993213221070719,4.619216429009954
Carpinus_betulus,Carpinus,betulus,Betulaceae,Fagales,1.0,"Kubisch P, Hertel D, Leuschner C. 2015. Do ectomycorrhizal and arbuscular mycorrhizal temperate tree species systematically differ in root order-related fine root morphology and biomass? Frontiers in Plant Science 6(64): 1-12.",-1.3223499439271242,3.718345652310577
Carpinus_caroliniana,Carpinus,caroliniana,Betulaceae,Fagales,,"Valverde-Barrantes OJ, Smemo KA,  Feinstein LM, Kershner MW, Blackwood CB. 2015. Aggregated and complementary: symmetric proliferation, overyielding, and mass effects explain fine-root biomass in soil patches in a diverse temperate deciduous forest landscape. New Phytologist 205(2): 731-742.",-0.46063762749541176,3.0393599951522816
Carpinus_cordata,Carpinus,cordata,Betulaceae,Fagales,1.0,"Chen W, Zeng H, Eissenstat DM, Guo D. 2013. Variation of first-order root traits across climatic gradients and evolutionary trends in geological time. Global Ecology and Biogeography 22: 846-856.",-1.9205402575773922,4.15396636985902
Carpodetus_serratus,Carpodetus,serratus,Rousseaceae,Asterales,,"<StringArray>
['Holdaway RJ, Richardson SJ, Dickie IA, Peltzer DA, Coomes DA. 2011. Species- and community-level patterns in fine root traits along a 120 000-year soil chronosequence in temperate rain forest. Journal of Ecology 99: 954-963.', 'Kramer-Walter KR, Bellingham PJ, Millar TR, Smissen RD, Richardson SJ, Laughlin DC. 2016. Root traits are multidimensional: specific root length is independent from root tissue density and the plant economic spectrum. Journal of Ecology 104: 1299-1310.']
Length: 2, dtype: str",-0.6597607615423119,3.4448828229628194
Carya_cordiformis,Carya,cordiformis,Juglandaceae,Fagales,,"Valverde-Barrantes OJ, Smemo KA,  Feinstein LM, Kershner MW, Blackwood CB. 2015. Aggregated and complementary: symmetric proliferation, overyielding, and mass effects explain fine-root biomass in soil patches in a diverse temperate deciduous forest landscape. New Phytologist 205(2): 731-742.",-0.4942250485172908,3.1219220039762328
Carya_glabra,Carya,glabra,Juglandaceae,Fagales,1.0,"McCormack ML, Adams TS, Smithwick EAH, Eissenstat DM. 2012. Predicting fine root lifespan from plant functional traits in temperate trees. New Phytologist 195:823-831.",-1.8325814637483102,4.510603063381709
Carya_ovata,Carya,ovata,Juglandaceae,Fagales,,"<StringArray>
['Comas LH, Eissenstat DM. 2009. Patterns in root trait variation among 25 co-existing North American forest species. New Phytologist 182: 919-928.', 'Valverde-Barrantes OJ, Smemo KA,  Feinstein LM, Kershner MW, Blackwood CB. 2015. Aggregated and complementary: symmetric proliferation, overyielding, and mass effects explain fine-root biomass in soil patches in a diverse temperate deciduous forest landscape. New Phytologist 205(2): 731-742.']
Length: 2, dtype: str",-0.5419758262936542,3.067860515438203
Caryota_maxima,Caryota,maxima,Arecaceae,Arecales,1.0,"Wang R, Wang Q, Zhao N, Xu Z, Zhu X, Jiao C, Yu G, He N. 2018. Different phylogenetic and environmental controls of first-order root morphological and nutrient traits: Evidence of multidimensional root traits. Special Focus on Functional Traits Along A Transect 32(1): 29-39.",-1.2301456786299592,4.05301196636022
Castanea_henryi,Castanea,henryi,Fagaceae,Fagales,1.0,"Kong D, Ma C, Zhang Q, Li L, Chen X, Zeng H, Guo D. 2014. Leading dimensions in absorptive root trait variation across 96 subtropical forest species. New Phytologist 203: 863-872.",-1.7836127440922864,3.7125959807312525
Castanopsis_carlesii,Castanopsis,carlesii,Fagaceae,Fagales,1.0,"<StringArray>
['Xiong D, Huang J, Yang Z, Lu Z, Chen G, Yang Y. 2012. Fine root architecture and morphology among different branch orders of six subtropical tree species. Acta Ecologica Sinica 32: 1888-1897.', 'Wang R, Wang Q, Zhao N, Xu Z, Zhu X, Jiao C, Yu G, He N. 2018. Different phylogenetic and environmental controls of first-order root morphological and nutrient traits: Evidence of multidimensional root traits. Special Focus on Functional Traits Along A Transect 32(1): 29-39.']
Length: 2, dtype: str",-1.2976009475472772,4.312779107215744
Castanopsis_echinocarpa,Castanopsis,echinocarpa,Fagaceae,Fagales,1.0,"Kong D, Ma C, Zhang Q, Li L, Chen X, Zeng H, Guo D. 2014. Leading dimensions in absorptive root trait variation across 96 subtropical forest species. New Phytologist 203: 863-872.",-1.8113705148771706,4.402809173856411
Castanopsis_eyrei,Castanopsis,eyrei,Fagaceae,Fagales,1.0,"Wang R, Wang Q, Zhao N, Xu Z, Zhu X, Jiao C, Yu G, He N. 2018. Different phylogenetic and environmental controls of first-order root morphological and nutrient traits: Evidence of multidimensional root traits. Special Focus on Functional Traits Along A Transect 32(1): 29-39.",-1.636638003622972,4.6279072887905155
Castanopsis_faberi,Castanopsis,faberi,Fagaceae,Fagales,1.0,"<StringArray>
['Xiong D, Huang J, Yang Z, Lu Z, Chen G, Yang Y. 2012. Fine root architecture and morphology among different branch orders of six subtropical tree species. Acta Ecologica Sinica 32: 1888-1897.', 'Wang R, Wang Q, Zhao N, Xu Z, Zhu X, Jiao C, Yu G, He N. 2018. Different phylogenetic and environmental controls of first-order root morphological and nutrient traits: Evidence of multidimensional root traits. Special Focus on Functional Traits Along A Transect 32(1): 29-39.']
Length: 2, dtype: str",-1.3810052173341962,4.552548744178532
Castanopsis_fargesii,Castanopsis,fargesii,Fagaceae,Fagales,1.0,"Wang R, Wang Q, Zhao N, Xu Z, Zhu X, Jiao C, Yu G, He N. 2018. Different phylogenetic and environmental controls of first-order root morphological and nutrient traits: Evidence of multidimensional root traits. Special Focus on Functional Traits Along A Transect 32(1): 29-39.",-1.5960282255241827,4.743054926652544
Castanopsis_fissa,Castanopsis,fissa,Fagaceae,Fagales,1.0,"<StringArray>
['Kong D, Ma C, Zhang Q, Li L, Chen X, Zeng H, Guo D. 2014. Leading dimensions in absorptive root trait variation across 96 subtropical forest species. New Phytologist 203: 863-872.', 'Wang R, Wang Q, Zhao N, Xu Z, Zhu X, Jiao C, Yu G, He N. 2018. Different phylogenetic and environmental controls of first-order root morphological and nutrient traits: Evidence of multidimensional root traits. Special Focus on Functional Traits Along A Transect 32(1): 29-39.']
Length: 2, dtype: str",-1.5831003121148188,4.537328196268297
Castanopsis_hystrix,Castanopsis,hystrix,Fagaceae,Fagales,1.0,"Kong D, Ma C, Zhang Q, Li L, Chen X, Zeng H, Guo D. 2014. Leading dimensions in absorptive root trait variation across 96 subtropical forest species. New Phytologist 203: 863-872.",-1.7868316309917582,4.257171777528256
Castanopsis_wattii,Castanopsis,wattii,Fagaceae,Fagales,1.0,"Kong D, Ma C, Zhang Q, Li L, Chen X, Zeng H, Guo D. 2014. Leading dimensions in absorptive root trait variation across 96 subtropical forest species. New Phytologist 203: 863-872.",-1.82504741609423,4.52526080275979
Catalpa_bignonioides,Catalpa,bignonioides,Bignoniaceae,Lamiales,1.0,"<StringArray>
[' Valverde-Barrantes OJ, Smemo KA, Blackwood CB. 2014. Fine root morphology is phylogenetically structured, but nitrogen is related to the plant economics spectrum in temperate trees. Functional Ecology 29: 796-807.', 'Valverde et al (unpublished)']
Length: 2, dtype: str",-1.2548979384226286,3.617987853502602
Catunaregam_spinosa,Catunaregam,spinosa,Rubiaceae,Gentianales,1.0,"Kong D, Ma C, Zhang Q, Li L, Chen X, Zeng H, Guo D. 2014. Leading dimensions in absorptive root trait variation across 96 subtropical forest species. New Phytologist 203: 863-872.",-1.3587181053497872,4.38502214365368
Caulophyllum_robustum,Caulophyllum,robustum,Berberidaceae,Ranunculales,1.0,"Wang R, Wang Q, Zhao N, Xu Z, Zhu X, Jiao C, Yu G, He N. 2018. Different phylogenetic and environmental controls of first-order root morphological and nutrient traits: Evidence of multidimensional root traits. Special Focus on Functional Traits Along A Transect 32(1): 29-39.",-1.0277811079075183,4.518592891171162
Ceiba_pentandra,Ceiba,pentandra,Malvaceae,Malvales,,"Rajab YA, Holscher D, Leuschner C, Barus H, Tjoa A, Hertel D. 2018. Effects of shade tree cover and diversity on root system structure and dynamics in cacao agroforests: The role of root competition and space partitioning. Plant Soil 422: 349-369.",0.0,1.9600947840472698
Celtis_australis,Celtis,australis,Cannabaceae,Rosales,,"de la Riva, Navarro-Fernandez, Perez-Ramos, Villar, Maranon. Unpublished.",-1.2670013549319075,3.1154290151287816
Celtis_sinensis,Celtis,sinensis,Cannabaceae,Rosales,1.0,"Kong D, Ma C, Zhang Q, Li L, Chen X, Zeng H, Guo D. 2014. Leading dimensions in absorptive root trait variation across 96 subtropical forest species. New Phytologist 203: 863-872.",-1.963046135002048,4.727387818712341
Centaurea_pectinata,Centaurea,pectinata,Asteraceae,Asterales,,"<StringArray>
['Roumet C, Birouste M, Picon-Cochard C, Ghestem M, Osman N, Vrignon-Brenas S, Cao K-F, Stokes A. 2016. Root structure-function relationships in 74 species: evidence of root economics spectrum related to carbon economy. New Phytologist 210: 815-826.',
                                                                 'Fort F, Volaire F, Guilioni L, Barkaoui K, Navas ML, Roumet C. 2017. Root traits are related to plant water-use among rangeland Mediterranean species. Functional Ecology 31: 1700-1709',
                                                         'Poirier V, Roumet C, Angers DA, Munson AD. 2018. Species and root traits impact macroaggregation in the rhizospheric soil of a Mediterranean common garden experiment. Plant Soil 424: 289-302.']
Length: 3, dtype: str",-0.6178281686681016,3.7740270390550457
Cerastium_arvense,Cerastium,arvense,Caryophyllaceae,Caryophyllales,,"Kembel SW, Cahill JF, Jr. 2011. Independent Evolution of Leaf and Root Traits within and among Temperate Grassland Plant Communities. PLoS ONE 6(6): e19992.",-1.667243592764639,4.517229830868229
Cerastium_fontanum,Cerastium,fontanum,Caryophyllaceae,Caryophyllales,,"Smith SW, Woodin SJ, Pakeman RJ, Johnson D, van der Wal R. 2014. Root traits predict decomposition across a landscape-scale grazing experiment. New Phytologist 203: 851-862.",-1.2729656758128873,1.9740810260220096
Cercidiphyllum_japonicum,Cercidiphyllum,japonicum,Cercidiphyllaceae,Saxifragales,1.0,"<StringArray>
[' Valverde-Barrantes OJ, Smemo KA, Blackwood CB. 2014. Fine root morphology is phylogenetically structured, but nitrogen is related to the plant economics spectrum in temperate trees. Functional Ecology 29: 796-807.', 'Valverde et al (unpublished)']
Length: 2, dtype: str",-1.5443634646183895,3.308795169285806
Cercis_canadensis,Cercis,canadensis,Fabaceae,Fabales,,"Comas LH, Eissenstat DM. 2009. Patterns in root trait variation among 25 co-existing North American forest species. New Phytologist 182: 919-928.",-0.5978370007556204,3.299533727885655
Chamaecrista_fasciculata,Chamaecrista,fasciculata,Fabaceae,Fabales,,"Craine JM, Froehle J, Tilman DG, Wedin DA, Chapin FS. 2001. The relationships among root and leaf traits of 76 grassland species and relative abundance among fertility and disturbance gradients. Oikos 93: 274-285",-1.0788096613719298,4.248495242049359
Chamaecyparis_obtusa,Chamaecyparis,obtusa,Cupressaceae,Pinales,1.0,"Doi R, Tanikawa T, Miyatani K, Hirano Y. 2017. Intraspecific variation in morphological traits of root branch orders in Chamaecyparis obtusa. Plant Soil 416: 503-513.",-0.9662227829984146,3.3772673323464906
Chamaerhodos_erecta,Chamaerhodos,erecta,Rosaceae,Rosales,,"Zhou M, Wang J, Bai W, Zhang Y, Zhang W-H. 2019. The response of root traits to precipitation change of herbaceous species in temperate steppes. Functional Ecology, in press.",-1.448169764837978,4.658710952916121
Chenopodium_album,Chenopodium,album,Amaranthaceae,Caryophyllales,,"<StringArray>
['Craine JM, Froehle J, Tilman DG, Wedin DA, Chapin FS. 2001. The relationships among root and leaf traits of 76 grassland species and relative abundance among fertility and disturbance gradients. Oikos 93: 274-285', 'Kembel SW, Cahill JF, Jr. 2011. Independent Evolution of Leaf and Root Traits within and among Temperate Grassland Plant Communities. PLoS ONE 6(6): e19992.']
Length: 2, dtype: str",-1.5808504555821878,4.955499329608534
Chenopodium_serotinum,Chenopodium,serotinum,Amaranthaceae,Caryophyllales,1.0,"Chen W, Zeng H, Eissenstat DM, Guo D. 2013. Variation of first-order root traits across climatic gradients and evolutionary trends in geological time. Global Ecology and Biogeography 22: 846-856.",-2.0527423348664056,4.593390003903858
Chionanthus_mildbraedii,Chionanthus,mildbraedii,Oleaceae,Lamiales,,"Assefa D, Godbold DL, Belay B, Abiya A, Rewald B. 2018. Fine root morphology, biochemistry and litter quality indices of fast- and slow-growing woody species in Ethiopian highland forest. Ecosystems 21: 482-494.",-0.527632742082372,2.247072383063787
Chionanthus_virginicus,Chionanthus,virginicus,Oleaceae,Lamiales,1.0,"<StringArray>
[' Valverde-Barrantes OJ, Smemo KA, Blackwood CB. 2014. Fine root morphology is phylogenetically structured, but nitrogen is related to the plant economics spectrum in temperate trees. Functional Ecology 29: 796-807.', 'Valverde et al (unpublished)']
Length: 2, dtype: str",-0.8996099946685299,2.6306437235740203
Chloranthus_henryi,Chloranthus,henryi,Chloranthaceae,Chloranthales,1.0,"Wang R, Wang Q, Zhao N, Xu Z, Zhu X, Jiao C, Yu G, He N. 2018. Different phylogenetic and environmental controls of first-order root morphological and nutrient traits: Evidence of multidimensional root traits. Special Focus on Functional Traits Along A Transect 32(1): 29-39.",-0.7721903879003982,3.6183868591394077
Chloris_anomala,Chloris,anomala,Poaceae,Poales,,"Roumet C, Birouste M, Picon-Cochard C, Ghestem M, Osman N, Vrignon-Brenas S, Cao K-F, Stokes A. 2016. Root structure-function relationships in 74 species: evidence of root economics spectrum related to carbon economy. New Phytologist 210: 815-826.",-0.5727010274840783,2.9947317732204075
Choerospondias_axillaris,Choerospondias,axillaris,Anacardiaceae,Sapindales,1.0,"<StringArray>
['Liu B, Li H, Zhu B, Koide RT, Eissenstat DM, Guo D. 2015. Complementarity between roots and AM fungi in nutrient foraging strategies. New Phytologist 208: 125-136.', 'Wang R, Wang Q, Zhao N, Xu Z, Zhu X, Jiao C, Yu G, He N. 2018. Different phylogenetic and environmental controls of first-order root morphological and nutrient traits: Evidence of multidimensional root traits. Special Focus on Functional Traits Along A Transect 32(1): 29-39.']
Length: 2, dtype: str",-1.3309542660867262,4.328852849323624
Chomelia_psilocarpa,Chomelia,psilocarpa,Rubiaceae,Gentianales,,"Collins CG, Wright SJ, Wurzburger N. 2016. Root and leaf traits reflect distinct resource acquisition strategies in tropical lianas and trees. Oecologia 180: 1037-1047.",-0.6148457794040797,2.942511704428173
Chondrosum_gracile,Chondrosum,gracile,Poaceae,Poales,,"Kembel SW, Cahill JF, Jr. 2011. Independent Evolution of Leaf and Root Traits within and among Temperate Grassland Plant Communities. PLoS ONE 6(6): e19992.",-1.5829988599044778,4.481377676912836
Cibotium_barometz,Cibotium,barometz,Cibotiaceae,Cyatheales,1.0,"Wang R, Wang Q, Zhao N, Xu Z, Zhu X, Jiao C, Yu G, He N. 2018. Different phylogenetic and environmental controls of first-order root morphological and nutrient traits: Evidence of multidimensional root traits. Special Focus on Functional Traits Along A Transect 32(1): 29-39.",-1.3933189760568552,4.430282550681985
Cichorium_intybus,Cichorium,intybus,Asteraceae,Asterales,,Comas - Pasture species,-1.0377053528236775,5.937234329179472
Cinnamomum_austrosinense,Cinnamomum,austrosinense,Lauraceae,Laurales,1.0,"<StringArray>
['Liu B, Li H, Zhu B, Koide RT, Eissenstat DM, Guo D. 2015. Complementarity between roots and AM fungi in nutrient foraging strategies. New Phytologist 208: 125-136.', 'Wang R, Wang Q, Zhao N, Xu Z, Zhu X, Jiao C, Yu G, He N. 2018. Different phylogenetic and environmental controls of first-order root morphological and nutrient traits: Evidence of multidimensional root traits. Special Focus on Functional Traits Along A Transect 32(1): 29-39.']
Length: 2, dtype: str",-0.8884931884766529,3.609875282402276
Cinnamomum_camphora,Cinnamomum,camphora,Lauraceae,Laurales,1.0,"<StringArray>
['Kong D, Ma C, Zhang Q, Li L, Chen X, Zeng H, Guo D. 2014. Leading dimensions in absorptive root trait variation across 96 subtropical forest species. New Phytologist 203: 863-872.', 'Chen W, Zeng H, Eissenstat DM, Guo D. 2013. Variation of first-order root traits across climatic gradients and evolutionary trends in geological time. Global Ecology and Biogeography 22: 846-856.']
Length: 2, dtype: str",-0.8834878042983222,3.987099616121477
Cinnamomum_cassia,Cinnamomum,cassia,Lauraceae,Laurales,1.0,"Kong D, Ma C, Zhang Q, Li L, Chen X, Zeng H, Guo D. 2014. Leading dimensions in absorptive root trait variation across 96 subtropical forest species. New Phytologist 203: 863-872.",-0.6264422577659549,3.1245651453969594
Cinnamomum_chekiangense,Cinnamomum,chekiangense,Lauraceae,Laurales,1.0,"Xiong D, Huang J, Yang Z, Lu Z, Chen G, Yang Y. 2012. Fine root architecture and morphology among different branch orders of six subtropical tree species. Acta Ecologica Sinica 32: 1888-1897.",-0.694258888278042,3.1433109627963254
Cinnamomum_micranthum,Cinnamomum,micranthum,Lauraceae,Laurales,1.0,"<StringArray>
['Xiong D, Huang J, Yang Z, Lu Z, Chen G, Yang Y. 2012. Fine root architecture and morphology among different branch orders of six subtropical tree species. Acta Ecologica Sinica 32: 1888-1897.', 'Kong D, Ma C, Zhang Q, Li L, Chen X, Zeng H, Guo D. 2014. Leading dimensions in absorptive root trait variation across 96 subtropical forest species. New Phytologist 203: 863-872.']
Length: 2, dtype: str",-0.9052790226506572,3.0521128978690735
Cinnamomum_porrectum,Cinnamomum,porrectum,Lauraceae,Laurales,1.0,"<StringArray>
[                                                                                                                'Liu B, Li H, Zhu B, Koide RT, Eissenstat DM, Guo D. 2015. Complementarity between roots and AM fungi in nutrient foraging strategies. New Phytologist 208: 125-136.',
                                                                                                 'Kong D, Ma C, Zhang Q, Li L, Chen X, Zeng H, Guo D. 2014. Leading dimensions in absorptive root trait variation across 96 subtropical forest species. New Phytologist 203: 863-872.',
 'Wang R, Wang Q, Zhao N, Xu Z, Zhu X, Jiao C, Yu G, He N. 2018. Different phylogenetic and environmental controls of first-order root morphological and nutrient traits: Evidence of multidimensional root traits. Special Focus on Functional Traits Along A Transect 32(1): 29-39.']
Length: 3, dtype: str",-0.9567655644398732,3.826317205982951
Cinnamomum_subcuneatum,Cinnamomum,subcuneatum,Lauraceae,Laurales,,"Ushio M, Fujiki Y, Hidaka A, Kitayama K. 2015. Linkage of root physiology and morphology as an adaptation to soil phosphorus impoverishment in tropical montane forests. Functional Ecology 29: 1235-1245.",-0.15969937875767493,2.3134459003267915
Cinnamomum_tenuifolium,Cinnamomum,tenuifolium,Lauraceae,Laurales,1.0,"Wang R, Wang Q, Zhao N, Xu Z, Zhu X, Jiao C, Yu G, He N. 2018. Different phylogenetic and environmental controls of first-order root morphological and nutrient traits: Evidence of multidimensional root traits. Special Focus on Functional Traits Along A Transect 32(1): 29-39.",-0.5539941191673694,2.9971382247412675
Cistus_albidus,Cistus,albidus,Cistaceae,Malvales,,"de la Riva, Navarro-Fernandez, Perez-Ramos, Villar, Maranon. Unpublished.",-0.8367866307615561,1.9409949168545357
Cistus_crispus,Cistus,crispus,Cistaceae,Malvales,,"de la Riva, Navarro-Fernandez, Perez-Ramos, Villar, Maranon. Unpublished.",-0.8227007808152502,2.52003676585818
Cistus_ladanifer,Cistus,ladanifer,Cistaceae,Malvales,,"de la Riva, Navarro-Fernandez, Perez-Ramos, Villar, Maranon. Unpublished.",-0.9332461662735686,2.226795782089849
Cistus_libanotis,Cistus,libanotis,Cistaceae,Malvales,,"de la Riva, Navarro-Fernandez, Perez-Ramos, Villar, Maranon. Unpublished.",-0.8528172307941627,2.3383594434867416
Cistus_monspeliensis,Cistus,monspeliensis,Cistaceae,Malvales,,"de la Riva, Navarro-Fernandez, Perez-Ramos, Villar, Maranon. Unpublished.",-0.6041447309050415,2.2929109689902534
Cistus_salviifolius,Cistus,salviifolius,Cistaceae,Malvales,,"de la Riva, Navarro-Fernandez, Perez-Ramos, Villar, Maranon. Unpublished.",-0.8010943721145385,2.2678828720579176
Citrus_aurantium,Citrus,aurantium,Rutaceae,Sapindales,,"Graham JH, Syvertsen JP. 1985. Host determinants of mycorrhizal dependency of citrus rootstock seedlings. New Phytologist 101: 667-676.",-0.4474596648108411,3.0301337002713233
Citrus_trifoliata,Citrus,trifoliata,Rutaceae,Sapindales,,"Graham JH, Syvertsen JP. 1985. Host determinants of mycorrhizal dependency of citrus rootstock seedlings. New Phytologist 101: 667-676.",-0.7236063880446539,3.484312288372662
Cleistogenes_squarrosa,Cleistogenes,squarrosa,Poaceae,Poales,,"Zhou M, Wang J, Bai W, Zhang Y, Zhang W-H. 2019. The response of root traits to precipitation change of herbaceous species in temperate steppes. Functional Ecology, in press.",-1.491654876777717,5.365742342862826
Clinopodium_nepeta,Clinopodium,nepeta,Lamiaceae,Lamiales,,"<StringArray>
['Birouste M, Kazakou E, Blanchard A, Roumet C. 2012. Plant traits and decomposition: are the relationships for roots comparable to those for leaves? Annals of Botany 109: 463-472. ', 'Roumet C, Birouste M, Picon-Cochard C, Ghestem M, Osman N, Vrignon-Brenas S, Cao K-F, Stokes A. 2016. Root structure-function relationships in 74 species: evidence of root economics spectrum related to carbon economy. New Phytologist 210: 815-826.']
Length: 2, dtype: str",-1.311186888633085,4.860587297852597
Clitoria_javitensis,Clitoria,javitensis,Fabaceae,Fabales,,"Collins CG, Wright SJ, Wurzburger N. 2016. Root and leaf traits reflect distinct resource acquisition strategies in tropical lianas and trees. Oecologia 180: 1037-1047.",-0.3222197900242901,2.520045233152446
Coccoloba_excelsa,Coccoloba,excelsa,Polygonaceae,Caryophyllales,,"Collins CG, Wright SJ, Wurzburger N. 2016. Root and leaf traits reflect distinct resource acquisition strategies in tropical lianas and trees. Oecologia 180: 1037-1047.",-0.8871032927541169,2.9170122877272475
Coccoloba_manzinellensis,Coccoloba,manzinellensis,Polygonaceae,Caryophyllales,,"Collins CG, Wright SJ, Wurzburger N. 2016. Root and leaf traits reflect distinct resource acquisition strategies in tropical lianas and trees. Oecologia 180: 1037-1047.",-0.7342801898986285,2.498546556996704
Cocos_nucifera,Cocos,nucifera,Arecaceae,Arecales,,"Rajab YA, Holscher D, Leuschner C, Barus H, Tjoa A, Hertel D. 2018. Effects of shade tree cover and diversity on root system structure and dynamics in cacao agroforests: The role of root competition and space partitioning. Plant Soil 422: 349-369.",-0.5978370007556204,3.0397491589707655
Coffea_arabica,Coffea,arabica,Rubiaceae,Gentianales,,"Prieto I, Roumet C, Cardinael R, Dupraz C, Jourdan C, Kim JH, Maeght JL, Mao Z, Pierret A, Portillo N, Roupsard O, Thammahacksa C, Stokes A. 2015. Root functional parameters along a land-use gradient: evidence of a community-level economics spectrum. Journal of Ecology 103: 361-363.",-0.2744368457017603,2.2063494851132197
Comandra_umbellata,Comandra,umbellata,Santalaceae,Santalales,,"Kembel SW, Cahill JF, Jr. 2011. Independent Evolution of Leaf and Root Traits within and among Temperate Grassland Plant Communities. PLoS ONE 6(6): e19992.",-1.1351132759510045,3.445590362853224
Combretum_collinum,Combretum,collinum,Combretaceae,Myrtales,,"Assefa D, Godbold DL, Belay B, Abiya A, Rewald B. 2018. Fine root morphology, biochemistry and litter quality indices of fast- and slow-growing woody species in Ethiopian highland forest. Ecosystems 21: 482-494.",-0.6348782724359695,2.5249283241374862
Combretum_decandrum,Combretum,decandrum,Combretaceae,Myrtales,,"Collins CG, Wright SJ, Wurzburger N. 2016. Root and leaf traits reflect distinct resource acquisition strategies in tropical lianas and trees. Oecologia 180: 1037-1047.",-0.4721526131384609,2.3587757453038294
Convallaria_majalis,Convallaria,majalis,Asparagaceae,Asparagales,1.0,"Wang R, Wang Q, Zhao N, Xu Z, Zhu X, Jiao C, Yu G, He N. 2018. Different phylogenetic and environmental controls of first-order root morphological and nutrient traits: Evidence of multidimensional root traits. Special Focus on Functional Traits Along A Transect 32(1): 29-39.",-0.8673815271712808,4.235455147957244
Coprosma_ciliata,Coprosma,ciliata,Rubiaceae,Gentianales,,"Holdaway RJ, Richardson SJ, Dickie IA, Peltzer DA, Coomes DA. 2011. Species- and community-level patterns in fine root traits along a 120 000-year soil chronosequence in temperate rain forest. Journal of Ecology 99: 954-963.",-1.6094379124341003,4.516338972281476
Coprosma_foetidissima,Coprosma,foetidissima,Rubiaceae,Gentianales,,"Holdaway RJ, Richardson SJ, Dickie IA, Peltzer DA, Coomes DA. 2011. Species- and community-level patterns in fine root traits along a 120 000-year soil chronosequence in temperate rain forest. Journal of Ecology 99: 954-963.",-0.9942522733438669,3.7954891891721947
Coprosma_linariifolia,Coprosma,linariifolia,Rubiaceae,Gentianales,,"Kramer-Walter KR, Bellingham PJ, Millar TR, Smissen RD, Richardson SJ, Laughlin DC. 2016. Root traits are multidimensional: specific root length is independent from root tissue density and the plant economic spectrum. Journal of Ecology 104: 1299-1310.",-0.5827820659672622,3.1038419942108035
Coprosma_lucida,Coprosma,lucida,Rubiaceae,Gentianales,,"Holdaway RJ, Richardson SJ, Dickie IA, Peltzer DA, Coomes DA. 2011. Species- and community-level patterns in fine root traits along a 120 000-year soil chronosequence in temperate rain forest. Journal of Ecology 99: 954-963.",-0.7985076962177716,3.258096538021482
Coprosma_rhamnoides,Coprosma,rhamnoides,Rubiaceae,Gentianales,,"Holdaway RJ, Richardson SJ, Dickie IA, Peltzer DA, Coomes DA. 2011. Species- and community-level patterns in fine root traits along a 120 000-year soil chronosequence in temperate rain forest. Journal of Ecology 99: 954-963.",-1.6094379124341003,5.064491966886966
Coreopsis_palmata,Coreopsis,palmata,Asteraceae,Asterales,,"Craine JM, Froehle J, Tilman DG, Wedin DA, Chapin FS. 2001. The relationships among root and leaf traits of 76 grassland species and relative abundance among fertility and disturbance gradients. Oikos 93: 274-285",-1.1086626245216111,4.727387818712341
Coriaria_arborea,Coriaria,arborea,Coriariaceae,Cucurbitales,,"Holdaway RJ, Richardson SJ, Dickie IA, Peltzer DA, Coomes DA. 2011. Species- and community-level patterns in fine root traits along a 120 000-year soil chronosequence in temperate rain forest. Journal of Ecology 99: 954-963.",-1.171182981502945,3.3105430133940246
Coriaria_nepalensis,Coriaria,nepalensis,Coriariaceae,Cucurbitales,1.0,"Wang R, Wang Q, Zhao N, Xu Z, Zhu X, Jiao C, Yu G, He N. 2018. Different phylogenetic and environmental controls of first-order root morphological and nutrient traits: Evidence of multidimensional root traits. Special Focus on Functional Traits Along A Transect 32(1): 29-39.",-0.8209805520698302,3.4438022240442625
Cornus_bretschneideri,Cornus,bretschneideri,Cornaceae,Cornales,1.0,"<StringArray>
['Chen W, Zeng H, Eissenstat DM, Guo D. 2013. Variation of first-order root traits across climatic gradients and evolutionary trends in geological time. Global Ecology and Biogeography 22: 846-856.', 'Wang R, Wang Q, Zhao N, Xu Z, Zhu X, Jiao C, Yu G, He N. 2018. Different phylogenetic and environmental controls of first-order root morphological and nutrient traits: Evidence of multidimensional root traits. Special Focus on Functional Traits Along A Transect 32(1): 29-39.']
Length: 2, dtype: str",-1.0965224683645178,4.016434478887856
Cornus_controversa,Cornus,controversa,Cornaceae,Cornales,1.0,"Wang R, Wang Q, Zhao N, Xu Z, Zhu X, Jiao C, Yu G, He N. 2018. Different phylogenetic and environmental controls of first-order root morphological and nutrient traits: Evidence of multidimensional root traits. Special Focus on Functional Traits Along A Transect 32(1): 29-39.",-0.4253362377505763,2.6876847819083753
Cornus_florida,Cornus,florida,Cornaceae,Cornales,1.0,"<StringArray>
[' Valverde-Barrantes OJ, Smemo KA, Blackwood CB. 2014. Fine root morphology is phylogenetically structured, but nitrogen is related to the plant economics spectrum in temperate trees. Functional Ecology 29: 796-807.', 'Valverde et al (unpublished)']
Length: 2, dtype: str",-1.329626564279449,3.6647548980239155
Cornus_kousa,Cornus,kousa,Cornaceae,Cornales,1.0,"Wang R, Wang Q, Zhao N, Xu Z, Zhu X, Jiao C, Yu G, He N. 2018. Different phylogenetic and environmental controls of first-order root morphological and nutrient traits: Evidence of multidimensional root traits. Special Focus on Functional Traits Along A Transect 32(1): 29-39.",-0.970351008724099,3.943419006364818
Cornus_officinalis,Cornus,officinalis,Cornaceae,Cornales,1.0,"Chen W, Zeng H, Eissenstat DM, Guo D. 2013. Variation of first-order root traits across climatic gradients and evolutionary trends in geological time. Global Ecology and Biogeography 22: 846-856.",-0.9043839670766713,3.379880541003345
Cornus_ulotricha,Cornus,ulotricha,Cornaceae,Cornales,1.0,"Wang R, Wang Q, Zhao N, Xu Z, Zhu X, Jiao C, Yu G, He N. 2018. Different phylogenetic and environmental controls of first-order root morphological and nutrient traits: Evidence of multidimensional root traits. Special Focus on Functional Traits Along A Transect 32(1): 29-39.",-0.492515122207834,2.5869264582422264
Coronilla_juncea,Coronilla,juncea,Fabaceae,Fabales,,"de la Riva, Navarro-Fernandez, Perez-Ramos, Villar, Maranon. Unpublished.",-1.2036395265358157,2.056111871040096
Coronilla_minima,Coronilla,minima,Fabaceae,Fabales,,"<StringArray>
['Roumet C, Birouste M, Picon-Cochard C, Ghestem M, Osman N, Vrignon-Brenas S, Cao K-F, Stokes A. 2016. Root structure-function relationships in 74 species: evidence of root economics spectrum related to carbon economy. New Phytologist 210: 815-826.',
                                                                 'Fort F, Volaire F, Guilioni L, Barkaoui K, Navas ML, Roumet C. 2017. Root traits are related to plant water-use among rangeland Mediterranean species. Functional Ecology 31: 1700-1709',
                                                         'Poirier V, Roumet C, Angers DA, Munson AD. 2018. Species and root traits impact macroaggregation in the rhizospheric soil of a Mediterranean common garden experiment. Plant Soil 424: 289-302.']
Length: 3, dtype: str",-0.6213593853935282,3.6998855391456513
Corylus_ferox,Corylus,ferox,Betulaceae,Fagales,1.0,"Wang R, Wang Q, Zhao N, Xu Z, Zhu X, Jiao C, Yu G, He N. 2018. Different phylogenetic and environmental controls of first-order root morphological and nutrient traits: Evidence of multidimensional root traits. Special Focus on Functional Traits Along A Transect 32(1): 29-39.",-1.373575588712116,4.2238506926503625
Corylus_sieboldiana,Corylus,sieboldiana,Betulaceae,Fagales,1.0,"Wang R, Wang Q, Zhao N, Xu Z, Zhu X, Jiao C, Yu G, He N. 2018. Different phylogenetic and environmental controls of first-order root morphological and nutrient traits: Evidence of multidimensional root traits. Special Focus on Functional Traits Along A Transect 32(1): 29-39.",-1.5768093122842057,4.889169309200653
Corynocarpus_laevigatus,Corynocarpus,laevigatus,Corynocarpaceae,Cucurbitales,,"Kramer-Walter KR, Bellingham PJ, Millar TR, Smissen RD, Richardson SJ, Laughlin DC. 2016. Root traits are multidimensional: specific root length is independent from root tissue density and the plant economic spectrum. Journal of Ecology 104: 1299-1310.",-0.5310283310835102,3.1696648970181456
Cotoneaster_acutifolius,Cotoneaster,acutifolius,Rosaceae,Rosales,1.0,"Wang R, Wang Q, Zhao N, Xu Z, Zhu X, Jiao C, Yu G, He N. 2018. Different phylogenetic and environmental controls of first-order root morphological and nutrient traits: Evidence of multidimensional root traits. Special Focus on Functional Traits Along A Transect 32(1): 29-39.",-1.5925807953676774,4.631792642548199
Cotoneaster_adpressus,Cotoneaster,adpressus,Rosaceae,Rosales,1.0,"Wang R, Wang Q, Zhao N, Xu Z, Zhu X, Jiao C, Yu G, He N. 2018. Different phylogenetic and environmental controls of first-order root morphological and nutrient traits: Evidence of multidimensional root traits. Special Focus on Functional Traits Along A Transect 32(1): 29-39.",-1.4120225096926218,4.483807694240553
Cotoneaster_multiflorus,Cotoneaster,multiflorus,Rosaceae,Rosales,1.0,"Wang R, Wang Q, Zhao N, Xu Z, Zhu X, Jiao C, Yu G, He N. 2018. Different phylogenetic and environmental controls of first-order root morphological and nutrient traits: Evidence of multidimensional root traits. Special Focus on Functional Traits Along A Transect 32(1): 29-39.",-1.4711988682103345,4.984803505157494
Crataegus_monogyna,Crataegus,monogyna,Rosaceae,Rosales,,"de la Riva, Navarro-Fernandez, Perez-Ramos, Villar, Maranon. Unpublished.",-0.8412412388046728,2.3113937952094306
Crataegus_pinnatifida,Crataegus,pinnatifida,Rosaceae,Rosales,1.0,"Wang R, Wang Q, Zhao N, Xu Z, Zhu X, Jiao C, Yu G, He N. 2018. Different phylogenetic and environmental controls of first-order root morphological and nutrient traits: Evidence of multidimensional root traits. Special Focus on Functional Traits Along A Transect 32(1): 29-39.",-1.540145085938151,4.65663128004649
Cratoxylum_cochinchinense,Cratoxylum,cochinchinense,Hypericaceae,Malpighiales,1.0,"Kong D, Ma C, Zhang Q, Li L, Chen X, Zeng H, Guo D. 2014. Leading dimensions in absorptive root trait variation across 96 subtropical forest species. New Phytologist 203: 863-872.",-2.1126261090708796,3.48216274048526
Crepis_foetida,Crepis,foetida,Asteraceae,Asterales,,"<StringArray>
['Birouste M, Kazakou E, Blanchard A, Roumet C. 2012. Plant traits and decomposition: are the relationships for roots comparable to those for leaves? Annals of Botany 109: 463-472. ', 'Roumet C, Birouste M, Picon-Cochard C, Ghestem M, Osman N, Vrignon-Brenas S, Cao K-F, Stokes A. 2016. Root structure-function relationships in 74 species: evidence of root economics spectrum related to carbon economy. New Phytologist 210: 815-826.']
Length: 2, dtype: str",-1.2605431558143303,5.690798547097907
Crepis_sancta,Crepis,sancta,Asteraceae,Asterales,,"Roumet C, Lafont F, Sari M, Warembourg F, Garnier E. 2008. Root traits and taxonomic affiliation of nine herbaceous species grown in glasshouse conditions. Plant Soil 312:69-83. ",-1.2378743560016174,5.786897381366708
Crepis_tectorum,Crepis,tectorum,Asteraceae,Asterales,,"Craine JM, Froehle J, Tilman DG, Wedin DA, Chapin FS. 2001. The relationships among root and leaf traits of 76 grassland species and relative abundance among fertility and disturbance gradients. Oikos 93: 274-285",-1.0788096613719298,4.77912349311153
Cryptocarya_chinensis,Cryptocarya,chinensis,Lauraceae,Laurales,1.0,"<StringArray>
[                                                                                                'Kong D, Ma C, Zhang Q, Li L, Chen X, Zeng H, Guo D. 2014. Leading dimensions in absorptive root trait variation across 96 subtropical forest species. New Phytologist 203: 863-872.',
                                                                                                                'Kong DL, Wang JJ, Kardol P, Wu HF, Zeng H, Deng XB, Deng Y. 2016. Economic strategies of plant absorptive roots vary with root diameter. Biogeosciences 13: 415-424.',
 'Wang R, Wang Q, Zhao N, Xu Z, Zhu X, Jiao C, Yu G, He N. 2018. Different phylogenetic and environmental controls of first-order root morphological and nutrient traits: Evidence of multidimensional root traits. Special Focus on Functional Traits Along A Transect 32(1): 29-39.']
Length: 3, dtype: str",-0.26669352554264664,2.375976312484794
Cryptocarya_concinna,Cryptocarya,concinna,Lauraceae,Laurales,1.0,"<StringArray>
['Kong D, Ma C, Zhang Q, Li L, Chen X, Zeng H, Guo D. 2014. Leading dimensions in absorptive root trait variation across 96 subtropical forest species. New Phytologist 203: 863-872.', 'Chen W, Zeng H, Eissenstat DM, Guo D. 2013. Variation of first-order root traits across climatic gradients and evolutionary trends in geological time. Global Ecology and Biogeography 22: 846-856.']
Length: 2, dtype: str",-0.7738150836274001,3.2437199559302883
Cryptomeria_japonica,Cryptomeria,japonica,Cupressaceae,Pinales,1.0,"Wang R, Wang Q, Zhao N, Xu Z, Zhu X, Jiao C, Yu G, He N. 2018. Different phylogenetic and environmental controls of first-order root morphological and nutrient traits: Evidence of multidimensional root traits. Special Focus on Functional Traits Along A Transect 32(1): 29-39.",-0.9226023583489199,3.9264710491615933
Cunninghamia_lanceolata,Cunninghamia,lanceolata,Cupressaceae,Pinales,1.0,"<StringArray>
[                                                                                                                'Liu B, Li H, Zhu B, Koide RT, Eissenstat DM, Guo D. 2015. Complementarity between roots and AM fungi in nutrient foraging strategies. New Phytologist 208: 125-136.',
                                                                                                                'Kong DL, Wang JJ, Kardol P, Wu HF, Zeng H, Deng XB, Deng Y. 2016. Economic strategies of plant absorptive roots vary with root diameter. Biogeosciences 13: 415-424.',
                                                                             'Wang Z-H, Li R-X, Guan Z-W. 2013. Effects of thinning on fine-root morphology, biomass and N concentration of different branch orders of Chinese fir. Chinese Journal of Applied Ecology 24: 1487-1493.',
 'Wang R, Wang Q, Zhao N, Xu Z, Zhu X, Jiao C, Yu G, He N. 2018. Different phylogenetic and environmental controls of first-order root morphological and nutrient traits: Evidence of multidimensional root traits. Special Focus on Functional Traits Along A Transect 32(1): 29-39.']
Length: 4, dtype: str",-0.8286264774997983,3.175672175300385
Cupressus_funebris,Cupressus,funebris,Cupressaceae,Pinales,1.0,"Su Y, Li X, Liu Y, Li J, Yin H, Wang Z. 2015. Fine root morphology and biomass characteristics at preliminary stage of gap border trees of reformed low beneficial Cupressus funebris forests. Acta Botanica Boreali-Occidentalia Sinica 35: 0587-0593.",-0.9717786574920971,3.0719339992840538
Cyathea_dealbata,Cyathea,dealbata,Cyatheaceae,Cyatheales,,"Kramer-Walter KR, Bellingham PJ, Millar TR, Smissen RD, Richardson SJ, Laughlin DC. 2016. Root traits are multidimensional: specific root length is independent from root tissue density and the plant economic spectrum. Journal of Ecology 104: 1299-1310.",-0.46426015461866993,2.7746455279300806
Cyathea_medullaris,Cyathea,medullaris,Cyatheaceae,Cyatheales,,"Kramer-Walter KR, Bellingham PJ, Millar TR, Smissen RD, Richardson SJ, Laughlin DC. 2016. Root traits are multidimensional: specific root length is independent from root tissue density and the plant economic spectrum. Journal of Ecology 104: 1299-1310.",-0.588805183416047,3.2221471559730768
Cyathea_smithii,Cyathea,smithii,Cyatheaceae,Cyatheales,,"<StringArray>
['Holdaway RJ, Richardson SJ, Dickie IA, Peltzer DA, Coomes DA. 2011. Species- and community-level patterns in fine root traits along a 120 000-year soil chronosequence in temperate rain forest. Journal of Ecology 99: 954-963.', 'Kramer-Walter KR, Bellingham PJ, Millar TR, Smissen RD, Richardson SJ, Laughlin DC. 2016. Root traits are multidimensional: specific root length is independent from root tissue density and the plant economic spectrum. Journal of Ecology 104: 1299-1310.']
Length: 2, dtype: str",-0.5526153482906783,2.8366148034445104
Cydonia_oblonga,Cydonia,oblonga,Rosaceae,Rosales,,"de la Riva, Navarro-Fernandez, Perez-Ramos, Villar, Maranon. Unpublished.",-0.9182927345448282,2.2425130299388965
Cyperus_difformis,Cyperus,difformis,Cyperaceae,Poales,,"Roumet C, Birouste M, Picon-Cochard C, Ghestem M, Osman N, Vrignon-Brenas S, Cao K-F, Stokes A. 2016. Root structure-function relationships in 74 species: evidence of root economics spectrum related to carbon economy. New Phytologist 210: 815-826.",-0.6674794338113675,4.195245147157833
Cystopteris_sudetica,Cystopteris,sudetica,Cystopteridaceae,Polypodiales,1.0,"Dong X, Wang H, Gu J, Wang Y, Wang Z. 2014. Root morphology, histology and chemistry of nine fern species (pteridophyta) in a temperate forest. Plant Soil 393: 215-227.",-1.0793671726348102,5.5278101436016644
Cytisus_grandiflorus,Cytisus,grandiflorus,Fabaceae,Fabales,,"de la Riva, Navarro-Fernandez, Perez-Ramos, Villar, Maranon. Unpublished.",-0.2984060358147566,1.1790898931449363
Dacrycarpus_dacrydioides,Dacrycarpus,dacrydioides,Podocarpaceae,Pinales,,"Kramer-Walter KR, Bellingham PJ, Millar TR, Smissen RD, Richardson SJ, Laughlin DC. 2016. Root traits are multidimensional: specific root length is independent from root tissue density and the plant economic spectrum. Journal of Ecology 104: 1299-1310.",-0.5039101966079766,2.8782873307037025
Dacrycarpus_imbricatus,Dacrycarpus,imbricatus,Podocarpaceae,Pinales,1.0,"Chen W, Zeng H, Eissenstat DM, Guo D. 2013. Variation of first-order root traits across climatic gradients and evolutionary trends in geological time. Global Ecology and Biogeography 22: 846-856.",-0.7139503089104293,3.647729825198227
Dacrydium_cupressinum,Dacrydium,cupressinum,Podocarpaceae,Pinales,,"<StringArray>
['Holdaway RJ, Richardson SJ, Dickie IA, Peltzer DA, Coomes DA. 2011. Species- and community-level patterns in fine root traits along a 120 000-year soil chronosequence in temperate rain forest. Journal of Ecology 99: 954-963.', 'Kramer-Walter KR, Bellingham PJ, Millar TR, Smissen RD, Richardson SJ, Laughlin DC. 2016. Root traits are multidimensional: specific root length is independent from root tissue density and the plant economic spectrum. Journal of Ecology 104: 1299-1310.']
Length: 2, dtype: str",-0.672834879248067,3.2849865081609457
Dacrydium_gracile,Dacrydium,gracile,Podocarpaceae,Pinales,,"Ushio M, Fujiki Y, Hidaka A, Kitayama K. 2015. Linkage of root physiology and morphology as an adaptation to soil phosphorus impoverishment in tropical montane forests. Functional Ecology 29: 1235-1245.",-0.6022101855678432,2.8637767814029216
Dacrydium_pectinatum,Dacrydium,pectinatum,Podocarpaceae,Pinales,,"Ushio M, Fujiki Y, Hidaka A, Kitayama K. 2015. Linkage of root physiology and morphology as an adaptation to soil phosphorus impoverishment in tropical montane forests. Functional Ecology 29: 1235-1245.",-0.5807117512301572,2.705563779182268
Dactylis_glomerata,Dactylis,glomerata,Poaceae,Poales,,"<StringArray>
[                                                                    'Ryser P, Lambers H. 1995. Root and leaf attributes accounting for the performance of fast and slow-growing grasses at different nutrient supply. Plant and Soil 170: 251-265, 1995.',
                                                                     'Birouste M, Kazakou E, Blanchard A, Roumet C. 2012. Plant traits and decomposition: are the relationships for roots comparable to those for leaves? Annals of Botany 109: 463-472. ',
                                                               'Fort F, Jouany C, Cruz P. 2013.Root and leaf functional trait relations in Poaceae species: implications of differing resource-acquisition strategies. Journal of Plant Ecology 6:211-219',
    'Yang Z, Culvenor RA, Haling RE, Stefanski A, Ryan MH, Sandral GA, Kidd DR, Lambers H, Simpson RJ. 2015. Variation in root traits associated with nutrient foraging among temperate legumes and grasses. Grass and Forage Science, early view article',
 'Roumet C, Birouste M, Picon-Cochard C, Ghestem M, Osman N, Vrignon-Brenas S, Cao K-F, Stokes A. 2016. Root structure-function relationships in 74 species: evidence of root economics spectrum related to carbon economy. New Phytologist 210: 815-826.',
                                                                                                                                                                                                                                 'Comas - Pasture species']
Length: 6, dtype: str",-1.5883836306715444,5.8174593452660055
Dalea_purpurea,Dalea,purpurea,Fabaceae,Fabales,,"<StringArray>
['Craine JM, Froehle J, Tilman DG, Wedin DA, Chapin FS. 2001. The relationships among root and leaf traits of 76 grassland species and relative abundance among fertility and disturbance gradients. Oikos 93: 274-285', 'Kembel SW, Cahill JF, Jr. 2011. Independent Evolution of Leaf and Root Traits within and among Temperate Grassland Plant Communities. PLoS ONE 6(6): e19992.']
Length: 2, dtype: str",-0.9786981920027721,3.9247991068600374
Danthonia_intermedia,Danthonia,intermedia,Poaceae,Poales,,"Kembel SW, Cahill JF, Jr. 2011. Independent Evolution of Leaf and Root Traits within and among Temperate Grassland Plant Communities. PLoS ONE 6(6): e19992.",-0.9744496460476871,2.7450339821360643
Daphniphyllum_pentandrum,Daphniphyllum,pentandrum,Daphniphyllaceae,Saxifragales,1.0,"Wang R, Wang Q, Zhao N, Xu Z, Zhu X, Jiao C, Yu G, He N. 2018. Different phylogenetic and environmental controls of first-order root morphological and nutrient traits: Evidence of multidimensional root traits. Special Focus on Functional Traits Along A Transect 32(1): 29-39.",-1.299994470510012,4.145923991344203
Daucus_carota,Daucus,carota,Apiaceae,Apiales,,"<StringArray>
[                                                                    'Birouste M, Kazakou E, Blanchard A, Roumet C. 2012. Plant traits and decomposition: are the relationships for roots comparable to those for leaves? Annals of Botany 109: 463-472. ',
 'Roumet C, Birouste M, Picon-Cochard C, Ghestem M, Osman N, Vrignon-Brenas S, Cao K-F, Stokes A. 2016. Root structure-function relationships in 74 species: evidence of root economics spectrum related to carbon economy. New Phytologist 210: 815-826.',
                                                    'Poon GT, Maherali H. 2015. Competitive interactions between a nonmycorrhizal invasive plant, Alliaria petiolata, and a suite of mycorrhizal grassland, old field, and forest species. PeerJ 3: e1090']
Length: 3, dtype: str",-1.6269474565705004,5.8395161225355094
Decaspermum_gracilentum,Decaspermum,gracilentum,Myrtaceae,Myrtales,1.0,"Kong D, Ma C, Zhang Q, Li L, Chen X, Zeng H, Guo D. 2014. Leading dimensions in absorptive root trait variation across 96 subtropical forest species. New Phytologist 203: 863-872.",-1.8620746431430808,4.158726821151369
Dendropanax_dentiger,Dendropanax,dentiger,Araliaceae,Apiales,1.0,"Wang R, Wang Q, Zhao N, Xu Z, Zhu X, Jiao C, Yu G, He N. 2018. Different phylogenetic and environmental controls of first-order root morphological and nutrient traits: Evidence of multidimensional root traits. Special Focus on Functional Traits Along A Transect 32(1): 29-39.",-2.0612087734187763,5.4083710520356005
Deschampsia_cespitosa,Deschampsia,cespitosa,Poaceae,Poales,,"Fort F, Jouany C, Cruz P. 2013.Root and leaf functional trait relations in Poaceae species: implications of differing resource-acquisition strategies. Journal of Plant Ecology 6:211-219",-1.7147984280919266,4.852030263919617
Descurainia_sophia,Descurainia,sophia,Brassicaceae,Brassicales,,"Kembel SW, Cahill JF, Jr. 2011. Independent Evolution of Leaf and Root Traits within and among Temperate Grassland Plant Communities. PLoS ONE 6(6): e19992.",-2.0722673379318355,5.1278286821668875
Desmodium_canadense,Desmodium,canadense,Fabaceae,Fabales,,"Craine JM, Froehle J, Tilman DG, Wedin DA, Chapin FS. 2001. The relationships among root and leaf traits of 76 grassland species and relative abundance among fertility and disturbance gradients. Oikos 93: 274-285",-1.0788096613719298,4.836281906951478
Deutzia_glabrata,Deutzia,glabrata,Hydrangeaceae,Cornales,1.0,"Wang R, Wang Q, Zhao N, Xu Z, Zhu X, Jiao C, Yu G, He N. 2018. Different phylogenetic and environmental controls of first-order root morphological and nutrient traits: Evidence of multidimensional root traits. Special Focus on Functional Traits Along A Transect 32(1): 29-39.",-1.6928195213731514,5.368792365008639
Deutzia_grandiflora,Deutzia,grandiflora,Hydrangeaceae,Cornales,1.0,"Wang R, Wang Q, Zhao N, Xu Z, Zhu X, Jiao C, Yu G, He N. 2018. Different phylogenetic and environmental controls of first-order root morphological and nutrient traits: Evidence of multidimensional root traits. Special Focus on Functional Traits Along A Transect 32(1): 29-39.",-1.113599030976433,5.05188206654559
Dicksonia_squarrosa,Dicksonia,squarrosa,Dicksoniaceae,Cyatheales,,"<StringArray>
['Holdaway RJ, Richardson SJ, Dickie IA, Peltzer DA, Coomes DA. 2011. Species- and community-level patterns in fine root traits along a 120 000-year soil chronosequence in temperate rain forest. Journal of Ecology 99: 954-963.', 'Kramer-Walter KR, Bellingham PJ, Millar TR, Smissen RD, Richardson SJ, Laughlin DC. 2016. Root traits are multidimensional: specific root length is independent from root tissue density and the plant economic spectrum. Journal of Ecology 104: 1299-1310.']
Length: 2, dtype: str",-0.416563973274428,2.803815831516592
Dicranopteris_linearis,Dicranopteris,linearis,Gleicheniaceae,Gleicheniales,1.0,"Kong DL, Wang JJ, Kardol P, Wu HF, Zeng H, Deng XB, Deng Y. 2016. Economic strategies of plant absorptive roots vary with root diameter. Biogeosciences 13: 415-424.",-1.625567294363984,4.318820558770089
Dicranopteris_pedata,Dicranopteris,pedata,Gleicheniaceae,Gleicheniales,1.0,"Wang R, Wang Q, Zhao N, Xu Z, Zhu X, Jiao C, Yu G, He N. 2018. Different phylogenetic and environmental controls of first-order root morphological and nutrient traits: Evidence of multidimensional root traits. Special Focus on Functional Traits Along A Transect 32(1): 29-39.",-1.5874318321714858,4.394205548089184
Digitaria_setigera,Digitaria,setigera,Poaceae,Poales,,"Roumet C, Birouste M, Picon-Cochard C, Ghestem M, Osman N, Vrignon-Brenas S, Cao K-F, Stokes A. 2016. Root structure-function relationships in 74 species: evidence of root economics spectrum related to carbon economy. New Phytologist 210: 815-826.",-1.0356374895067213,3.586015818654697
Dioscorea_nipponica,Dioscorea,nipponica,Dioscoreaceae,Dioscoreales,1.0,"Wang R, Wang Q, Zhao N, Xu Z, Zhu X, Jiao C, Yu G, He N. 2018. Different phylogenetic and environmental controls of first-order root morphological and nutrient traits: Evidence of multidimensional root traits. Special Focus on Functional Traits Along A Transect 32(1): 29-39.",-1.6004781710626284,5.5768851853391865
Diospyros_strigosa,Diospyros,strigosa,Ebenaceae,Ericales,1.0,"Chen W, Zeng H, Eissenstat DM, Guo D. 2013. Variation of first-order root traits across climatic gradients and evolutionary trends in geological time. Global Ecology and Biogeography 22: 846-856.",-1.032480649404884,3.6889593264240585
Diospyros_virginiana,Diospyros,virginiana,Ebenaceae,Ericales,1.0,"<StringArray>
[' Valverde-Barrantes OJ, Smemo KA, Blackwood CB. 2014. Fine root morphology is phylogenetically structured, but nitrogen is related to the plant economics spectrum in temperate trees. Functional Ecology 29: 796-807.', 'Valverde et al (unpublished)']
Length: 2, dtype: str",-0.9851420196345553,3.1937893193621996
Diplospora_dubia,Diplospora,dubia,Rubiaceae,Gentianales,1.0,"Wang R, Wang Q, Zhao N, Xu Z, Zhu X, Jiao C, Yu G, He N. 2018. Different phylogenetic and environmental controls of first-order root morphological and nutrient traits: Evidence of multidimensional root traits. Special Focus on Functional Traits Along A Transect 32(1): 29-39.",-1.1996488328458814,4.423027436687124
Doellingeria_scabra,Doellingeria,scabra,Asteraceae,Asterales,1.0,"Wang R, Wang Q, Zhao N, Xu Z, Zhu X, Jiao C, Yu G, He N. 2018. Different phylogenetic and environmental controls of first-order root morphological and nutrient traits: Evidence of multidimensional root traits. Special Focus on Functional Traits Along A Transect 32(1): 29-39.",-1.554476354360126,5.389988204702237
Doellingeria_umbellata,Doellingeria,umbellata,Asteraceae,Asterales,,"Poon GT, Maherali H. 2015. Competitive interactions between a nonmycorrhizal invasive plant, Alliaria petiolata, and a suite of mycorrhizal grassland, old field, and forest species. PeerJ 3: e1090",-1.0376112671107107,4.744941478302148
Dovyalis_abyssinica,Dovyalis,abyssinica,Salicaceae,Malpighiales,,"Assefa D, Godbold DL, Belay B, Abiya A, Rewald B. 2018. Fine root morphology, biochemistry and litter quality indices of fast- and slow-growing woody species in Ethiopian highland forest. Ecosystems 21: 482-494.",-0.4780358009429998,2.3758355547336385
Draba_nemorosa,Draba,nemorosa,Brassicaceae,Brassicales,,"Kembel SW, Cahill JF, Jr. 2011. Independent Evolution of Leaf and Root Traits within and among Temperate Grassland Plant Communities. PLoS ONE 6(6): e19992.",-2.007306943920637,5.604183683891964
Dracophyllum_longifolium,Dracophyllum,longifolium,Ericaceae,Ericales,,"Kramer-Walter KR, Bellingham PJ, Millar TR, Smissen RD, Richardson SJ, Laughlin DC. 2016. Root traits are multidimensional: specific root length is independent from root tissue density and the plant economic spectrum. Journal of Ecology 104: 1299-1310.",-1.5132190546935576,4.871479538812571
Dryopteris_lepidopoda,Dryopteris,lepidopoda,Dryopteridaceae,Polypodiales,1.0,"Wang R, Wang Q, Zhao N, Xu Z, Zhu X, Jiao C, Yu G, He N. 2018. Different phylogenetic and environmental controls of first-order root morphological and nutrient traits: Evidence of multidimensional root traits. Special Focus on Functional Traits Along A Transect 32(1): 29-39.",-1.610104634643966,4.809019966164863
Dryopteris_sparsa,Dryopteris,sparsa,Dryopteridaceae,Polypodiales,1.0,"Wang R, Wang Q, Zhao N, Xu Z, Zhu X, Jiao C, Yu G, He N. 2018. Different phylogenetic and environmental controls of first-order root morphological and nutrient traits: Evidence of multidimensional root traits. Special Focus on Functional Traits Along A Transect 32(1): 29-39.",-1.6156866451625458,5.246567760697824
Duchesnea_indica,Duchesnea,indica,Rosaceae,Rosales,1.0,"Wang R, Wang Q, Zhao N, Xu Z, Zhu X, Jiao C, Yu G, He N. 2018. Different phylogenetic and environmental controls of first-order root morphological and nutrient traits: Evidence of multidimensional root traits. Special Focus on Functional Traits Along A Transect 32(1): 29-39.",-1.640928579525471,5.319102395933146
Dysoxylum_excelsum,Dysoxylum,excelsum,Meliaceae,Sapindales,1.0,"Chen W, Zeng H, Eissenstat DM, Guo D. 2013. Variation of first-order root traits across climatic gradients and evolutionary trends in geological time. Global Ecology and Biogeography 22: 846-856.",-0.12044771501308699,2.208367212623428
Dysoxylum_spectabile,Dysoxylum,spectabile,Meliaceae,Sapindales,,"Kramer-Walter KR, Bellingham PJ, Millar TR, Smissen RD, Richardson SJ, Laughlin DC. 2016. Root traits are multidimensional: specific root length is independent from root tissue density and the plant economic spectrum. Journal of Ecology 104: 1299-1310.",-0.08204192700361627,2.0624450465768707
Echinacea_serotina,Echinacea,serotina,Asteraceae,Asterales,,"Craine JM, Froehle J, Tilman DG, Wedin DA, Chapin FS. 2001. The relationships among root and leaf traits of 76 grassland species and relative abundance among fertility and disturbance gradients. Oikos 93: 274-285",-0.8915981192837836,3.5553480614894135
Eclipta_prostrata,Eclipta,prostrata,Asteraceae,Asterales,,"Roumet C, Birouste M, Picon-Cochard C, Ghestem M, Osman N, Vrignon-Brenas S, Cao K-F, Stokes A. 2016. Root structure-function relationships in 74 species: evidence of root economics spectrum related to carbon economy. New Phytologist 210: 815-826.",-0.7194911558995473,3.4210000089583352
Ehrharta_stipoides,Ehrharta,stipoides,Poaceae,Poales,,"Hill JO, Simpson RJ, Moore AD, Chapman DF. 2006. Morphology and response of roots of pasture species to phosphorus and nitrogen nutrition. Plant and Soil 286: 7-19.",-1.7282920177308392,5.2733117457256995
Ekebergia_capensis,Ekebergia,capensis,Meliaceae,Sapindales,,"Assefa D, Godbold DL, Belay B, Abiya A, Rewald B. 2018. Fine root morphology, biochemistry and litter quality indices of fast- and slow-growing woody species in Ethiopian highland forest. Ecosystems 21: 482-494.",-0.3011050927839216,1.9892432737616872
Elaeagnus_commutata,Elaeagnus,commutata,Elaeagnaceae,Rosales,,"Kembel SW, Cahill JF, Jr. 2011. Independent Evolution of Leaf and Root Traits within and among Temperate Grassland Plant Communities. PLoS ONE 6(6): e19992.",-0.920298753271694,2.917456692508743
Elaeocarpus_dentatus,Elaeocarpus,dentatus,Elaeocarpaceae,Oxalidales,,"Kramer-Walter KR, Bellingham PJ, Millar TR, Smissen RD, Richardson SJ, Laughlin DC. 2016. Root traits are multidimensional: specific root length is independent from root tissue density and the plant economic spectrum. Journal of Ecology 104: 1299-1310.",-0.5211164887848129,3.3367627618187212
Elaeocarpus_dubius,Elaeocarpus,dubius,Elaeocarpaceae,Oxalidales,1.0,"<StringArray>
['Kong D, Ma C, Zhang Q, Li L, Chen X, Zeng H, Guo D. 2014. Leading dimensions in absorptive root trait variation across 96 subtropical forest species. New Phytologist 203: 863-872.', 'Wang R, Wang Q, Zhao N, Xu Z, Zhu X, Jiao C, Yu G, He N. 2018. Different phylogenetic and environmental controls of first-order root morphological and nutrient traits: Evidence of multidimensional root traits. Special Focus on Functional Traits Along A Transect 32(1): 29-39.']
Length: 2, dtype: str",-1.2108631550306903,4.067165311631414
Elaeocarpus_glabripetalus,Elaeocarpus,glabripetalus,Elaeocarpaceae,Oxalidales,1.0,"Liu B, Li H, Zhu B, Koide RT, Eissenstat DM, Guo D. 2015. Complementarity between roots and AM fungi in nutrient foraging strategies. New Phytologist 208: 125-136.",-1.2729656758128873,4.33990170837321
Elaeocarpus_hookerianus,Elaeocarpus,hookerianus,Elaeocarpaceae,Oxalidales,,"Kramer-Walter KR, Bellingham PJ, Millar TR, Smissen RD, Richardson SJ, Laughlin DC. 2016. Root traits are multidimensional: specific root length is independent from root tissue density and the plant economic spectrum. Journal of Ecology 104: 1299-1310.",-0.8581790688169394,3.5092922518629455
Elaeocarpus_sylvestris,Elaeocarpus,sylvestris,Elaeocarpaceae,Oxalidales,1.0,"<StringArray>
['Xu Y, Gu JC, Dong XY, Liu Y, Wang ZQ. 2011. Fine root morphology, anatomy and tissue nitrogen and carbon contents of the first five orders in four tropical hardwood species in Hainan Island, China. Chinese Journal of Plant Ecology 35:955-964.', 'Wang R, Wang Q, Zhao N, Xu Z, Zhu X, Jiao C, Yu G, He N. 2018. Different phylogenetic and environmental controls of first-order root morphological and nutrient traits: Evidence of multidimensional root traits. Special Focus on Functional Traits Along A Transect 32(1): 29-39.']
Length: 2, dtype: str",-1.448288382511074,4.497762533430192
Eleutherococcus_senticosus,Eleutherococcus,senticosus,Araliaceae,Apiales,1.0,"Wang R, Wang Q, Zhao N, Xu Z, Zhu X, Jiao C, Yu G, He N. 2018. Different phylogenetic and environmental controls of first-order root morphological and nutrient traits: Evidence of multidimensional root traits. Special Focus on Functional Traits Along A Transect 32(1): 29-39.",-1.493879571799828,5.263640884001318
Elymus_canadensis,Elymus,canadensis,Poaceae,Poales,,"<StringArray>
['Craine JM, Froehle J, Tilman DG, Wedin DA, Chapin FS. 2001. The relationships among root and leaf traits of 76 grassland species and relative abundance among fertility and disturbance gradients. Oikos 93: 274-285', 'Poon GT, Maherali H. 2015. Competitive interactions between a nonmycorrhizal invasive plant, Alliaria petiolata, and a suite of mycorrhizal grassland, old field, and forest species. PeerJ 3: e1090']
Length: 2, dtype: str",-1.7432550601684398,5.098901371555127
Elymus_lanceolatus,Elymus,lanceolatus,Poaceae,Poales,,"Kembel SW, Cahill JF, Jr. 2011. Independent Evolution of Leaf and Root Traits within and among Temperate Grassland Plant Communities. PLoS ONE 6(6): e19992.",-1.5087482869191498,4.551559169124093
Elymus_repens,Elymus,repens,Poaceae,Poales,,"<StringArray>
[                                   'Craine JM, Froehle J, Tilman DG, Wedin DA, Chapin FS. 2001. The relationships among root and leaf traits of 76 grassland species and relative abundance among fertility and disturbance gradients. Oikos 93: 274-285',
 'Roumet C, Birouste M, Picon-Cochard C, Ghestem M, Osman N, Vrignon-Brenas S, Cao K-F, Stokes A. 2016. Root structure-function relationships in 74 species: evidence of root economics spectrum related to carbon economy. New Phytologist 210: 815-826.',
                                                                                            'Kembel SW, Cahill JF, Jr. 2011. Independent Evolution of Leaf and Root Traits within and among Temperate Grassland Plant Communities. PLoS ONE 6(6): e19992.',
                                                                                                                                                                                                                             'Craine J. Unpublished data.']
Length: 4, dtype: str",-1.1912997042025673,4.663275528495375
Elymus_riparius,Elymus,riparius,Poaceae,Poales,,"Poon GT, Maherali H. 2015. Competitive interactions between a nonmycorrhizal invasive plant, Alliaria petiolata, and a suite of mycorrhizal grassland, old field, and forest species. PeerJ 3: e1090",-1.8244892938509738,5.299063020678885
Elymus_virginicus,Elymus,virginicus,Poaceae,Poales,,"<StringArray>
['Poon GT, Maherali H. 2015. Competitive interactions between a nonmycorrhizal invasive plant, Alliaria petiolata, and a suite of mycorrhizal grassland, old field, and forest species. PeerJ 3: e1090', 'Comas - Pasture species']
Length: 2, dtype: str",-1.625035109610525,5.642148918759129
Embelia_vestita,Embelia,vestita,Primulaceae,Ericales,1.0,"Wang R, Wang Q, Zhao N, Xu Z, Zhu X, Jiao C, Yu G, He N. 2018. Different phylogenetic and environmental controls of first-order root morphological and nutrient traits: Evidence of multidimensional root traits. Special Focus on Functional Traits Along A Transect 32(1): 29-39.",-1.5709386132834906,4.568821127540797
Endospermum_chinense,Endospermum,chinense,Euphorbiaceae,Malpighiales,1.0,"<StringArray>
['Xu Y, Gu JC, Dong XY, Liu Y, Wang ZQ. 2011. Fine root morphology, anatomy and tissue nitrogen and carbon contents of the first five orders in four tropical hardwood species in Hainan Island, China. Chinese Journal of Plant Ecology 35:955-964.', 'Kong DL, Wang JJ, Kardol P, Wu HF, Zeng H, Deng XB, Deng Y. 2016. Economic strategies of plant absorptive roots vary with root diameter. Biogeosciences 13: 415-424.']
Length: 2, dtype: str",-0.47590623298654317,3.3480188003603257
Engelhardia_roxburghiana,Engelhardia,roxburghiana,Juglandaceae,Fagales,1.0,"<StringArray>
['Kong D, Ma C, Zhang Q, Li L, Chen X, Zeng H, Guo D. 2014. Leading dimensions in absorptive root trait variation across 96 subtropical forest species. New Phytologist 203: 863-872.', 'Wang R, Wang Q, Zhao N, Xu Z, Zhu X, Jiao C, Yu G, He N. 2018. Different phylogenetic and environmental controls of first-order root morphological and nutrient traits: Evidence of multidimensional root traits. Special Focus on Functional Traits Along A Transect 32(1): 29-39.']
Length: 2, dtype: str",-1.7344344026087857,4.668942788885158
Ephedra_fragilis,Ephedra,fragilis,Ephedraceae,Gnetales,,"de la Riva, Navarro-Fernandez, Perez-Ramos, Villar, Maranon. Unpublished.",-0.6789813257443353,1.2210552998275395
Equisetum_hyemale,Equisetum,hyemale,Equisetaceae,Equisetales,1.0,"Dong X, Wang H, Gu J, Wang Y, Wang Z. 2014. Root morphology, histology and chemistry of nine fern species (pteridophyta) in a temperate forest. Plant Soil 393: 215-227.",-0.7367031130518447,4.454200748655468
Equisetum_pratense,Equisetum,pratense,Equisetaceae,Equisetales,1.0,"Dong X, Wang H, Gu J, Wang Y, Wang Z. 2014. Root morphology, histology and chemistry of nine fern species (pteridophyta) in a temperate forest. Plant Soil 393: 215-227.",-1.413391453656634,5.540388917685265
Eragrostis_trichodes,Eragrostis,trichodes,Poaceae,Poales,,"Craine JM, Froehle J, Tilman DG, Wedin DA, Chapin FS. 2001. The relationships among root and leaf traits of 76 grassland species and relative abundance among fertility and disturbance gradients. Oikos 93: 274-285",-1.5606477482646683,4.290459441148391
Erica_arborea,Erica,arborea,Ericaceae,Ericales,,"de la Riva, Navarro-Fernandez, Perez-Ramos, Villar, Maranon. Unpublished.",-0.9663348068612736,2.649813790196861
Erica_scoparia,Erica,scoparia,Ericaceae,Ericales,,"de la Riva, Navarro-Fernandez, Perez-Ramos, Villar, Maranon. Unpublished.",-1.3508306968443216,3.00616006713636
Erigeron_canadensis,Erigeron,canadensis,Asteraceae,Asterales,,"Craine JM, Froehle J, Tilman DG, Wedin DA, Chapin FS. 2001. The relationships among root and leaf traits of 76 grassland species and relative abundance among fertility and disturbance gradients. Oikos 93: 274-285",-1.0498221244986778,4.77912349311153
Erigeron_glabellus,Erigeron,glabellus,Asteraceae,Asterales,,"Kembel SW, Cahill JF, Jr. 2011. Independent Evolution of Leaf and Root Traits within and among Temperate Grassland Plant Communities. PLoS ONE 6(6): e19992.",-1.1847149888114397,3.9811057282116824
Erigeron_pumilus,Erigeron,pumilus,Asteraceae,Asterales,,"Kembel SW, Cahill JF, Jr. 2011. Independent Evolution of Leaf and Root Traits within and among Temperate Grassland Plant Communities. PLoS ONE 6(6): e19992.",-1.6947235067164608,4.437386082817152
Eriobotrya_japonica,Eriobotrya,japonica,Rosaceae,Rosales,1.0,"Kong D, Ma C, Zhang Q, Li L, Chen X, Zeng H, Guo D. 2014. Leading dimensions in absorptive root trait variation across 96 subtropical forest species. New Phytologist 203: 863-872.",-1.1430658694224145,3.8318969609488613
Erysimum_inconspicuum,Erysimum,inconspicuum,Brassicaceae,Brassicales,,"Kembel SW, Cahill JF, Jr. 2011. Independent Evolution of Leaf and Root Traits within and among Temperate Grassland Plant Communities. PLoS ONE 6(6): e19992.",-2.104554242494911,5.885458494246953
Eucalyptus_grandis,Eucalyptus,grandis,Myrtaceae,Myrtales,,"Germon A, Guerrini IA, Bordron B, Bouillet J-P, Nouvellon Y, de Moraes Goncalves JL, Jourdan C Paula RR, Laclau J-P. 2018. Consequences of mixing Acacia mangium and Eucalyptus grandis trees on soil exploration by fine-roots down to a depth of 17 m. Plant Soil 424: 203-220.",-0.9505222458837193,3.2622681366723527
Eucalyptus_urophylla,Eucalyptus,urophylla,Myrtaceae,Myrtales,1.0,"Kong D, Ma C, Zhang Q, Li L, Chen X, Zeng H, Guo D. 2014. Leading dimensions in absorptive root trait variation across 96 subtropical forest species. New Phytologist 203: 863-872.",-1.93489108257288,4.6654182663334485
Euonymus_alatus,Euonymus,alatus,Celastraceae,Celastrales,1.0,"<StringArray>
[                                                                'Shi W, Wang ZQ, Liu JL, Gu JC, Guo DL. 2008. Fine root morphology of twenty hardwood species in Maoershan Natural Secondary Forest in Northeastern China. Journal of Plant Ecology (Chinese Version) 32: 1217-1226.',
                                                                                 'Chen W, Zeng H, Eissenstat DM, Guo D. 2013. Variation of first-order root traits across climatic gradients and evolutionary trends in geological time. Global Ecology and Biogeography 22: 846-856.',
 'Wang R, Wang Q, Zhao N, Xu Z, Zhu X, Jiao C, Yu G, He N. 2018. Different phylogenetic and environmental controls of first-order root morphological and nutrient traits: Evidence of multidimensional root traits. Special Focus on Functional Traits Along A Transect 32(1): 29-39.']
Length: 3, dtype: str",-1.4928307530344898,4.674651038255275
Euonymus_verrucosus,Euonymus,verrucosus,Celastraceae,Celastrales,1.0,"<StringArray>
['Shi W, Wang ZQ, Liu JL, Gu JC, Guo DL. 2008. Fine root morphology of twenty hardwood species in Maoershan Natural Secondary Forest in Northeastern China. Journal of Plant Ecology (Chinese Version) 32: 1217-1226.', 'Wang R, Wang Q, Zhao N, Xu Z, Zhu X, Jiao C, Yu G, He N. 2018. Different phylogenetic and environmental controls of first-order root morphological and nutrient traits: Evidence of multidimensional root traits. Special Focus on Functional Traits Along A Transect 32(1): 29-39.']
Length: 2, dtype: str",-1.455286072607515,5.222932387752917
Euphorbia_cyparissias,Euphorbia,cyparissias,Euphorbiaceae,Malpighiales,,"Roumet C, Birouste M, Picon-Cochard C, Ghestem M, Osman N, Vrignon-Brenas S, Cao K-F, Stokes A. 2016. Root structure-function relationships in 74 species: evidence of root economics spectrum related to carbon economy. New Phytologist 210: 815-826.",-0.3581045367483269,1.8468787684491346
Euptelea_pleiosperma,Euptelea,pleiosperma,Eupteleaceae,Ranunculales,1.0,"Wang R, Wang Q, Zhao N, Xu Z, Zhu X, Jiao C, Yu G, He N. 2018. Different phylogenetic and environmental controls of first-order root morphological and nutrient traits: Evidence of multidimensional root traits. Special Focus on Functional Traits Along A Transect 32(1): 29-39.",-1.1412850573146909,4.099012521328839
Eurotia_lanata,Eurotia,lanata,Amaranthaceae,Caryophyllales,,"Kembel SW, Cahill JF, Jr. 2011. Independent Evolution of Leaf and Root Traits within and among Temperate Grassland Plant Communities. PLoS ONE 6(6): e19992.",-1.4045601699267831,4.37709589063546
Eurya_japonica,Eurya,japonica,Pentaphylacaceae,Ericales,1.0,"Chen W, Zeng H, Eissenstat DM, Guo D. 2013. Variation of first-order root traits across climatic gradients and evolutionary trends in geological time. Global Ecology and Biogeography 22: 846-856.",-1.739216953941945,4.842998700292426
Fagus_engleriana,Fagus,engleriana,Fagaceae,Fagales,1.0,"Wang R, Wang Q, Zhao N, Xu Z, Zhu X, Jiao C, Yu G, He N. 2018. Different phylogenetic and environmental controls of first-order root morphological and nutrient traits: Evidence of multidimensional root traits. Special Focus on Functional Traits Along A Transect 32(1): 29-39.",-1.6918688864132598,4.5383184974605015
Fagus_grandifolia,Fagus,grandifolia,Fagaceae,Fagales,,"<StringArray>
[                                                                                                                                                   'Comas LH, Eissenstat DM. 2009. Patterns in root trait variation among 25 co-existing North American forest species. New Phytologist 182: 919-928.',
 'Valverde-Barrantes OJ, Smemo KA,  Feinstein LM, Kershner MW, Blackwood CB. 2015. Aggregated and complementary: symmetric proliferation, overyielding, and mass effects explain fine-root biomass in soil patches in a diverse temperate deciduous forest landscape. New Phytologist 205(2): 731-742.',
                                                                                                                                            'Fahey TJ, Yavitt JB. 2005. An in situ approach for measuring root-associated respiration and nitrate uptake of forest trees. Plant and Soil 272: 125-131.']
Length: 3, dtype: str",-0.5125189758696612,2.9809269817890933
Fagus_sylvatica,Fagus,sylvatica,Fagaceae,Fagales,,"<StringArray>
[                                 'Kubisch P, Hertel D, Leuschner C. 2015. Do ectomycorrhizal and arbuscular mycorrhizal temperate tree species systematically differ in root order-related fine root morphology and biomass? Frontiers in Plant Science 6(64): 1-12.',
 'Hertel D, Strecker T, Muller-Haubold H, Leuschner C. 2013. Fine root biomass and dynamics in beech forests across a precipitation gradient â is optimal resource partitioning theory applicable to water-limited mature trees? Journal of Ecology 101: 1183-1200.',
                                                                                       'Withington JM, Reich PB, Oleksyn J, Eissenstat DM. 2006. Comparisons of structure and life span in roots and leaves among temperate trees. Ecological Monographs 76: 381-397.',
                                                                                                     'Liese R, Alings K, Meier IC. 2017. Root branching is a leading root trait of the plant economics spectrum in temperate trees. Frontiers in Plant Science 8:315.',
                                               'Weemstra M, Sterck FJ, Visser EJW, Kuyper TW, Goudzwaard L, Mommer L. 2017. Fine-root trait plasticity of beech (Fagus sylvatica) and spruce (Picea abies) forests on two contrasting soils. Plant Soil 415: 175-188.',
                                                                                                  'Liese R, Lubbe T, Albers NW, Meier IC. 2018. The mycorrhizal type governs root exudation and nitrogen uptake of temperate tree species. Tree Physiology 38: 83-95.',
                          'Klingenberg E, Leuschner C. 2018. A belowground perspective of temperate old-growth forests: Fine root system structure in beech primeval and production forests. Forest Ecology and Management. Forest Ecology and Management 425: 68-74.']
Length: 7, dtype: str",-0.9192162786827299,3.2326123571815595
Fallopia_convolvulus,Fallopia,convolvulus,Polygonaceae,Caryophyllales,,"Craine JM, Froehle J, Tilman DG, Wedin DA, Chapin FS. 2001. The relationships among root and leaf traits of 76 grassland species and relative abundance among fertility and disturbance gradients. Oikos 93: 274-285",-1.3862943611198906,5.303304908059076
Festuca_arundinacea,Festuca,arundinacea,Poaceae,Poales,,"<StringArray>
[                                                              'Fort F, Jouany C, Cruz P. 2013.Root and leaf functional trait relations in Poaceae species: implications of differing resource-acquisition strategies. Journal of Plant Ecology 6:211-219',
 'Roumet C, Birouste M, Picon-Cochard C, Ghestem M, Osman N, Vrignon-Brenas S, Cao K-F, Stokes A. 2016. Root structure-function relationships in 74 species: evidence of root economics spectrum related to carbon economy. New Phytologist 210: 815-826.',
                                                                                                                                                                                                                                 'Comas - Pasture species']
Length: 3, dtype: str",-1.4034913859484122,5.324563186555312
Festuca_christianii-bernardii,Festuca,christianii-bernardii,Poaceae,Poales,,"<StringArray>
[                       'Perez-Ramos IM, Volaire F, Fattet M, Blanchard A, Roumet C. Tradeoffs between functional strategies for resource-use and drought-survival in Mediterranean rangeland species. Environmental and Experimental Botany 87: 126-136.',
 'Roumet C, Birouste M, Picon-Cochard C, Ghestem M, Osman N, Vrignon-Brenas S, Cao K-F, Stokes A. 2016. Root structure-function relationships in 74 species: evidence of root economics spectrum related to carbon economy. New Phytologist 210: 815-826.',
                                                         'Poirier V, Roumet C, Angers DA, Munson AD. 2018. Species and root traits impact macroaggregation in the rhizospheric soil of a Mediterranean common garden experiment. Plant Soil 424: 289-302.']
Length: 3, dtype: str",-1.4034405199548612,5.271703847697988
Festuca_hallii,Festuca,hallii,Poaceae,Poales,,"Kembel SW, Cahill JF, Jr. 2011. Independent Evolution of Leaf and Root Traits within and among Temperate Grassland Plant Communities. PLoS ONE 6(6): e19992.",-1.6001808911714235,4.418167587152136
Festuca_ovina,Festuca,ovina,Poaceae,Poales,,"<StringArray>
['Craine JM, Froehle J, Tilman DG, Wedin DA, Chapin FS. 2001. The relationships among root and leaf traits of 76 grassland species and relative abundance among fertility and disturbance gradients. Oikos 93: 274-285', 'Smith SW, Woodin SJ, Pakeman RJ, Johnson D, van der Wal R. 2014. Root traits predict decomposition across a landscape-scale grazing experiment. New Phytologist 203: 851-862.']
Length: 2, dtype: str",-1.5371172508544741,4.529206647181052
Festuca_rubra,Festuca,rubra,Poaceae,Poales,,"<StringArray>
[                                   'Craine JM, Froehle J, Tilman DG, Wedin DA, Chapin FS. 2001. The relationships among root and leaf traits of 76 grassland species and relative abundance among fertility and disturbance gradients. Oikos 93: 274-285',
                                                               'Fort F, Jouany C, Cruz P. 2013.Root and leaf functional trait relations in Poaceae species: implications of differing resource-acquisition strategies. Journal of Plant Ecology 6:211-219',
 'Roumet C, Birouste M, Picon-Cochard C, Ghestem M, Osman N, Vrignon-Brenas S, Cao K-F, Stokes A. 2016. Root structure-function relationships in 74 species: evidence of root economics spectrum related to carbon economy. New Phytologist 210: 815-826.']
Length: 3, dtype: str",-1.6519975268528964,5.189655109840973
Ficus_carica,Ficus,carica,Moraceae,Rosales,,"de la Riva, Navarro-Fernandez, Perez-Ramos, Villar, Maranon. Unpublished.",-1.0000120724285002,3.0623500711846616
Ficus_tikoua,Ficus,tikoua,Moraceae,Rosales,,"Roumet C, Birouste M, Picon-Cochard C, Ghestem M, Osman N, Vrignon-Brenas S, Cao K-F, Stokes A. 2016. Root structure-function relationships in 74 species: evidence of root economics spectrum related to carbon economy. New Phytologist 210: 815-826.",-0.5887871652357024,1.8794650496471605
Ficus_variolosa,Ficus,variolosa,Moraceae,Rosales,1.0,"Kong D, Ma C, Zhang Q, Li L, Chen X, Zeng H, Guo D. 2014. Leading dimensions in absorptive root trait variation across 96 subtropical forest species. New Phytologist 203: 863-872.",-2.0180078354957436,4.965986542427374
Filipendula_palmata,Filipendula,palmata,Rosaceae,Rosales,1.0,"Wang R, Wang Q, Zhao N, Xu Z, Zhu X, Jiao C, Yu G, He N. 2018. Different phylogenetic and environmental controls of first-order root morphological and nutrient traits: Evidence of multidimensional root traits. Special Focus on Functional Traits Along A Transect 32(1): 29-39.",-1.6982691261407161,5.396386363677473
Fragaria_virginiana,Fragaria,virginiana,Rosaceae,Rosales,,"Poon GT, Maherali H. 2015. Competitive interactions between a nonmycorrhizal invasive plant, Alliaria petiolata, and a suite of mycorrhizal grassland, old field, and forest species. PeerJ 3: e1090",-1.7567785003328094,5.480531035188941
Fraxinus_americana,Fraxinus,americana,Oleaceae,Lamiales,1.0,"<StringArray>
[' Valverde-Barrantes OJ, Smemo KA, Blackwood CB. 2014. Fine root morphology is phylogenetically structured, but nitrogen is related to the plant economics spectrum in temperate trees. Functional Ecology 29: 796-807.', 'Valverde et al (unpublished)']
Length: 2, dtype: str",-1.4840603659955758,3.6618163611850068
Fraxinus_angustifolia,Fraxinus,angustifolia,Oleaceae,Lamiales,,"de la Riva, Navarro-Fernandez, Perez-Ramos, Villar, Maranon. Unpublished.",-0.7818964304125747,2.937420688479367
Fraxinus_chinensis,Fraxinus,chinensis,Oleaceae,Lamiales,1.0,"<StringArray>
['Chen W, Zeng H, Eissenstat DM, Guo D. 2013. Variation of first-order root traits across climatic gradients and evolutionary trends in geological time. Global Ecology and Biogeography 22: 846-856.', 'Wang R, Wang Q, Zhao N, Xu Z, Zhu X, Jiao C, Yu G, He N. 2018. Different phylogenetic and environmental controls of first-order root morphological and nutrient traits: Evidence of multidimensional root traits. Special Focus on Functional Traits Along A Transect 32(1): 29-39.']
Length: 2, dtype: str",-1.000980131286906,3.7757211092432925
Fraxinus_excelsior,Fraxinus,excelsior,Oleaceae,Lamiales,1.0,"Kubisch P, Hertel D, Leuschner C. 2015. Do ectomycorrhizal and arbuscular mycorrhizal temperate tree species systematically differ in root order-related fine root morphology and biomass? Frontiers in Plant Science 6(64): 1-12.",-0.9843478065341427,3.491128883489728
Fraxinus_mandshurica,Fraxinus,mandshurica,Oleaceae,Lamiales,1.0,"<StringArray>
[                                                                                                'Wang Z, Guo D, Wang X, Gu J, Mei L. 2006. Fine root architecture, morphology, and biomass of different branch orders of two Chinese temperate tree species. Plant Soil 288:155-171.',
                                                                 'Shi W, Wang ZQ, Liu JL, Gu JC, Guo DL. 2008. Fine root morphology of twenty hardwood species in Maoershan Natural Secondary Forest in Northeastern China. Journal of Plant Ecology (Chinese Version) 32: 1217-1226.',
           'Jia SX, Zhao YL, Ding GQ, Sun Y, Xu Y, Wang ZQ. 2010. Relationship among fine-root morphology, anatomy, tissue nitrogen concentration and respiration in different branch root orders in Larix gmelinii and Fraxinus mandshurica. Chinese Bulletin of Botany 45: 174-181.',
                                                                       'Wang Y, Dong X, Wang H, Wang Z, Gu J. 2016. Root tip morphology, anatomy, chemistry and potential hydraulic conductivity vary with soil depth in three temperate hardwood species. Tree Physiology 36:99-108.',
                                                                                                     'Wang W, Wang Y, Hoch G, Wang Z, Gu J. 2018. Linkage of root morphology to anatomy with increasing nitrogen availability in six temperate tree species. Plant Soil 425: 198-200.',
 'Wang R, Wang Q, Zhao N, Xu Z, Zhu X, Jiao C, Yu G, He N. 2018. Different phylogenetic and environmental controls of first-order root morphological and nutrient traits: Evidence of multidimensional root traits. Special Focus on Functional Traits Along A Transect 32(1): 29-39.',
                                                                           'Wang Y, Gao G, Wang N, Wang Z, Gu J. 2019. Effects of morphology and stand structure on root biomass and length differed between absorptive and transport roots in temperate trees. Plant Soil, in press.']
Length: 7, dtype: str",-1.291650484943504,4.640616940124867
Fraxinus_nigra,Fraxinus,nigra,Oleaceae,Lamiales,,"Valverde-Barrantes OJ, Smemo KA,  Feinstein LM, Kershner MW, Blackwood CB. 2015. Aggregated and complementary: symmetric proliferation, overyielding, and mass effects explain fine-root biomass in soil patches in a diverse temperate deciduous forest landscape. New Phytologist 205(2): 731-742.",-0.5509148621262682,3.2953635102374483
Fuchsia_excorticata,Fuchsia,excorticata,Onagraceae,Myrtales,,"Kramer-Walter KR, Bellingham PJ, Millar TR, Smissen RD, Richardson SJ, Laughlin DC. 2016. Root traits are multidimensional: specific root length is independent from root tissue density and the plant economic spectrum. Journal of Ecology 104: 1299-1310.",-1.0700664819963401,4.431153827467956
Fumana_thymifolia,Fumana,thymifolia,Cistaceae,Malvales,,"de la Riva, Navarro-Fernandez, Perez-Ramos, Villar, Maranon. Unpublished.",-0.8833396317344692,1.7075845310126203
Gahnia_procera,Gahnia,procera,Cyperaceae,Poales,,"Holdaway RJ, Richardson SJ, Dickie IA, Peltzer DA, Coomes DA. 2011. Species- and community-level patterns in fine root traits along a 120 000-year soil chronosequence in temperate rain forest. Journal of Ecology 99: 954-963.",-1.1394342831883648,4.072439726834051
Gahnia_xanthocarpa,Gahnia,xanthocarpa,Cyperaceae,Poales,,"Holdaway RJ, Richardson SJ, Dickie IA, Peltzer DA, Coomes DA. 2011. Species- and community-level patterns in fine root traits along a 120 000-year soil chronosequence in temperate rain forest. Journal of Ecology 99: 954-963.",-0.7765287894989963,3.8199077165203406
Galearia_maingayi,Galearia,maingayi,Pandaceae,Malpighiales,,"Makita N, Kosugi Y, Dannoura M, Takanashi S, Niiyama K, Kassim AR, Nik AR. 2012. Patterns of root respiration rates and morphological traits in 13 tree species in a tropical forest. Tree Physiology 32: 303-312.",-0.6011150951134516,1.7291067837174938
Galium_aparine,Galium,aparine,Rubiaceae,Gentianales,1.0,"Wang R, Wang Q, Zhao N, Xu Z, Zhu X, Jiao C, Yu G, He N. 2018. Different phylogenetic and environmental controls of first-order root morphological and nutrient traits: Evidence of multidimensional root traits. Special Focus on Functional Traits Along A Transect 32(1): 29-39.",-1.6654793033177253,5.483130261962464
Galium_boreale,Galium,boreale,Rubiaceae,Gentianales,,"Kembel SW, Cahill JF, Jr. 2011. Independent Evolution of Leaf and Root Traits within and among Temperate Grassland Plant Communities. PLoS ONE 6(6): e19992.",-1.7265336843103476,5.15235633994251
Garcinia_cowa,Garcinia,cowa,Clusiaceae,Malpighiales,1.0,"Kong D, Ma C, Zhang Q, Li L, Chen X, Zeng H, Guo D. 2014. Leading dimensions in absorptive root trait variation across 96 subtropical forest species. New Phytologist 203: 863-872.",-1.2279581670764472,4.46900676117522
Garcinia_oblongifolia,Garcinia,oblongifolia,Clusiaceae,Malpighiales,1.0,"Kong D, Ma C, Zhang Q, Li L, Chen X, Zeng H, Guo D. 2014. Leading dimensions in absorptive root trait variation across 96 subtropical forest species. New Phytologist 203: 863-872.",-1.6597317064885675,4.5094299137072555
Genista_hirsuta,Genista,hirsuta,Fabaceae,Fabales,,"de la Riva, Navarro-Fernandez, Perez-Ramos, Villar, Maranon. Unpublished.",-0.8415601857027184,2.4158881056500805
Genista_triacanthos,Genista,triacanthos,Fabaceae,Fabales,,"de la Riva, Navarro-Fernandez, Perez-Ramos, Villar, Maranon. Unpublished.",-0.8679173212010655,2.5533958239963295
Gentiana_andrewsii,Gentiana,andrewsii,Gentianaceae,Gentianales,,"Craine JM, Froehle J, Tilman DG, Wedin DA, Chapin FS. 2001. The relationships among root and leaf traits of 76 grassland species and relative abundance among fertility and disturbance gradients. Oikos 93: 274-285",-1.171182981502945,4.859812404361672
Geranium_rotundifolium,Geranium,rotundifolium,Geraniaceae,Geraniales,,"<StringArray>
['Birouste M, Kazakou E, Blanchard A, Roumet C. 2012. Plant traits and decomposition: are the relationships for roots comparable to those for leaves? Annals of Botany 109: 463-472. ', 'Roumet C, Birouste M, Picon-Cochard C, Ghestem M, Osman N, Vrignon-Brenas S, Cao K-F, Stokes A. 2016. Root structure-function relationships in 74 species: evidence of root economics spectrum related to carbon economy. New Phytologist 210: 815-826.']
Length: 2, dtype: str",-1.3509272172825992,5.428577790382191
Ginkgo_biloba,Ginkgo,biloba,Ginkgoaceae,Ginkgoales,1.0,"Chen W, Zeng H, Eissenstat DM, Guo D. 2013. Variation of first-order root traits across climatic gradients and evolutionary trends in geological time. Global Ecology and Biogeography 22: 846-856.",-0.390084006069862,2.9920254116226643
Gironniera_subaequalis,Gironniera,subaequalis,Cannabaceae,Rosales,1.0,"Kong D, Ma C, Zhang Q, Li L, Chen X, Zeng H, Guo D. 2014. Leading dimensions in absorptive root trait variation across 96 subtropical forest species. New Phytologist 203: 863-872.",-2.080241861850605,4.213312081286144
Gleditsia_triacanthos,Gleditsia,triacanthos,Fabaceae,Fabales,1.0,"<StringArray>
[' Valverde-Barrantes OJ, Smemo KA, Blackwood CB. 2014. Fine root morphology is phylogenetically structured, but nitrogen is related to the plant economics spectrum in temperate trees. Functional Ecology 29: 796-807.', 'Valverde et al (unpublished)']
Length: 2, dtype: str",-0.9694534699515954,3.0039883357858987
Gleichenia_microphylla,Gleichenia,microphylla,Gleicheniaceae,Gleicheniales,,"Holdaway RJ, Richardson SJ, Dickie IA, Peltzer DA, Coomes DA. 2011. Species- and community-level patterns in fine root traits along a 120 000-year soil chronosequence in temperate rain forest. Journal of Ecology 99: 954-963.",-1.3093333199837622,3.756538102587751
Gliricidia_sepium,Gliricidia,sepium,Fabaceae,Fabales,,"Rajab YA, Holscher D, Leuschner C, Barus H, Tjoa A, Hertel D. 2018. Effects of shade tree cover and diversity on root system structure and dynamics in cacao agroforests: The role of root competition and space partitioning. Plant Soil 422: 349-369.",-0.2930296787783762,3.475067230228611
Gnetum_gnemon,Gnetum,gnemon,Gnetaceae,Gnetales,,"Rajab YA, Holscher D, Leuschner C, Barus H, Tjoa A, Hertel D. 2018. Effects of shade tree cover and diversity on root system structure and dynamics in cacao agroforests: The role of root competition and space partitioning. Plant Soil 422: 349-369.",-1.2039728043259361,4.872904620630176
Goniothalamus_griffithii,Goniothalamus,griffithii,Annonaceae,Magnoliales,1.0,"Chen W, Zeng H, Eissenstat DM, Guo D. 2013. Variation of first-order root traits across climatic gradients and evolutionary trends in geological time. Global Ecology and Biogeography 22: 846-856.",-0.48672807274248575,2.8085239973722764
Gordonia_axillaris,Gordonia,axillaris,Theaceae,Ericales,1.0,"<StringArray>
['Kong D, Ma C, Zhang Q, Li L, Chen X, Zeng H, Guo D. 2014. Leading dimensions in absorptive root trait variation across 96 subtropical forest species. New Phytologist 203: 863-872.', 'Kong DL, Wang JJ, Kardol P, Wu HF, Zeng H, Deng XB, Deng Y. 2016. Economic strategies of plant absorptive roots vary with root diameter. Biogeosciences 13: 415-424.']
Length: 2, dtype: str",-0.6129321800373665,2.7930039069823738
Gutierrezia_sarothrae,Gutierrezia,sarothrae,Asteraceae,Asterales,,"Kembel SW, Cahill JF, Jr. 2011. Independent Evolution of Leaf and Root Traits within and among Temperate Grassland Plant Communities. PLoS ONE 6(6): e19992.",-1.3238831009984935,4.4387154166359855
Hakea_ceratophylla,Hakea,ceratophylla,Proteaceae,Proteales,,"Poot P, Lambers H. 2003. Are trade-offs in allocation pattern and root morphology related to species abundance? A congeneric comparison between rare and common species in the south-western Australian flora. Journal of Ecology 91: 58-67.",-0.4942963218147801,3.9889840465642745
Hakea_cyclocarpa,Hakea,cyclocarpa,Proteaceae,Proteales,,"Poot P, Lambers H. 2003. Are trade-offs in allocation pattern and root morphology related to species abundance? A congeneric comparison between rare and common species in the south-western Australian flora. Journal of Ecology 91: 58-67.",-0.4942963218147801,4.1588830833596715
Hakea_linearis,Hakea,linearis,Proteaceae,Proteales,,"Poot P, Lambers H. 2003. Are trade-offs in allocation pattern and root morphology related to species abundance? A congeneric comparison between rare and common species in the south-western Australian flora. Journal of Ecology 91: 58-67.",-0.527632742082372,3.8066624897703196
Hakea_lissocarpha,Hakea,lissocarpha,Proteaceae,Proteales,,"Poot P, Lambers H. 2003. Are trade-offs in allocation pattern and root morphology related to species abundance? A congeneric comparison between rare and common species in the south-western Australian flora. Journal of Ecology 91: 58-67.",-0.4942963218147801,4.060443010546419
Hakea_oldfieldii,Hakea,oldfieldii,Proteaceae,Proteales,,"Poot P, Lambers H. 2003. Are trade-offs in allocation pattern and root morphology related to species abundance? A congeneric comparison between rare and common species in the south-western Australian flora. Journal of Ecology 91: 58-67.",-0.616186139423817,4.499809670330265
Hakea_tuberculata,Hakea,tuberculata,Proteaceae,Proteales,,"Poot P, Lambers H. 2003. Are trade-offs in allocation pattern and root morphology related to species abundance? A congeneric comparison between rare and common species in the south-western Australian flora. Journal of Ecology 91: 58-67.",-0.579818495252942,4.343805421853684
Hakea_varia,Hakea,varia,Proteaceae,Proteales,,"Poot P, Lambers H. 2003. Are trade-offs in allocation pattern and root morphology related to species abundance? A congeneric comparison between rare and common species in the south-western Australian flora. Journal of Ecology 91: 58-67.",-0.5447271754416722,4.02535169073515
Halesia_tetraptera,Halesia,tetraptera,Styracaceae,Ericales,1.0,"<StringArray>
[' Valverde-Barrantes OJ, Smemo KA, Blackwood CB. 2014. Fine root morphology is phylogenetically structured, but nitrogen is related to the plant economics spectrum in temperate trees. Functional Ecology 29: 796-807.', 'Valverde et al (unpublished)']
Length: 2, dtype: str",-1.4942022073600143,3.9224840718732885
Halimium_commutatum,Halimium,commutatum,Cistaceae,Malvales,,"de la Riva, Navarro-Fernandez, Perez-Ramos, Villar, Maranon. Unpublished.",-0.660486398320397,1.881847792780877
Halimium_halimifolium,Halimium,halimifolium,Cistaceae,Malvales,,"de la Riva, Navarro-Fernandez, Perez-Ramos, Villar, Maranon. Unpublished.",-0.8786939327095946,2.2403200814738007
Halocarpus_biformis,Halocarpus,biformis,Podocarpaceae,Pinales,,"Kramer-Walter KR, Bellingham PJ, Millar TR, Smissen RD, Richardson SJ, Laughlin DC. 2016. Root traits are multidimensional: specific root length is independent from root tissue density and the plant economic spectrum. Journal of Ecology 104: 1299-1310.",-0.446729908986019,2.394426509026899
Halocarpus_kirkii,Halocarpus,kirkii,Podocarpaceae,Pinales,,"Kramer-Walter KR, Bellingham PJ, Millar TR, Smissen RD, Richardson SJ, Laughlin DC. 2016. Root traits are multidimensional: specific root length is independent from root tissue density and the plant economic spectrum. Journal of Ecology 104: 1299-1310.",-0.4363367717752515,2.6595837293320734
Hamamelis_virginiana,Hamamelis,virginiana,Hamamelidaceae,Saxifragales,1.0,"<StringArray>
[' Valverde-Barrantes OJ, Smemo KA, Blackwood CB. 2014. Fine root morphology is phylogenetically structured, but nitrogen is related to the plant economics spectrum in temperate trees. Functional Ecology 29: 796-807.', 'Valverde et al (unpublished)']
Length: 2, dtype: str",-1.327613047480723,3.1902668572109327
Handroanthus_guayacan,Handroanthus,guayacan,Bignoniaceae,Lamiales,,"Collins CG, Wright SJ, Wurzburger N. 2016. Root and leaf traits reflect distinct resource acquisition strategies in tropical lianas and trees. Oecologia 180: 1037-1047.",-0.11118243854320953,2.3960405798500517
Haplopappus_spinulosus,Haplopappus,spinulosus,Asteraceae,Asterales,,"Kembel SW, Cahill JF, Jr. 2011. Independent Evolution of Leaf and Root Traits within and among Temperate Grassland Plant Communities. PLoS ONE 6(6): e19992.",-1.1510641486705337,4.751151876003154
Hedeoma_hispida,Hedeoma,hispida,Lamiaceae,Lamiales,,"Craine JM, Froehle J, Tilman DG, Wedin DA, Chapin FS. 2001. The relationships among root and leaf traits of 76 grassland species and relative abundance among fertility and disturbance gradients. Oikos 93: 274-285",-1.5141277326297755,5.111987788356544
Hedera_helix,Hedera,helix,Araliaceae,Apiales,,"de la Riva, Navarro-Fernandez, Perez-Ramos, Villar, Maranon. Unpublished.",-0.6044039707255567,2.6615401246560184
Hedycarya_arborea,Hedycarya,arborea,Monimiaceae,Laurales,,"<StringArray>
['Holdaway RJ, Richardson SJ, Dickie IA, Peltzer DA, Coomes DA. 2011. Species- and community-level patterns in fine root traits along a 120 000-year soil chronosequence in temperate rain forest. Journal of Ecology 99: 954-963.', 'Kramer-Walter KR, Bellingham PJ, Millar TR, Smissen RD, Richardson SJ, Laughlin DC. 2016. Root traits are multidimensional: specific root length is independent from root tissue density and the plant economic spectrum. Journal of Ecology 104: 1299-1310.']
Length: 2, dtype: str",-0.05593563233030319,2.606995283041733
Helianthemum_almeriense,Helianthemum,almeriense,Cistaceae,Malvales,,"de la Riva, Navarro-Fernandez, Perez-Ramos, Villar, Maranon. Unpublished.",-0.528183741312198,0.925675274184316
Helianthemum_apenninum,Helianthemum,apenninum,Cistaceae,Malvales,,"<StringArray>
['Roumet C, Birouste M, Picon-Cochard C, Ghestem M, Osman N, Vrignon-Brenas S, Cao K-F, Stokes A. 2016. Root structure-function relationships in 74 species: evidence of root economics spectrum related to carbon economy. New Phytologist 210: 815-826.', 'Fort F, Volaire F, Guilioni L, Barkaoui K, Navas ML, Roumet C. 2017. Root traits are related to plant water-use among rangeland Mediterranean species. Functional Ecology 31: 1700-1709']
Length: 2, dtype: str",-1.1464856597707636,4.275281848253369
Helianthemum_oelandicum,Helianthemum,oelandicum,Cistaceae,Malvales,,"<StringArray>
['Roumet C, Birouste M, Picon-Cochard C, Ghestem M, Osman N, Vrignon-Brenas S, Cao K-F, Stokes A. 2016. Root structure-function relationships in 74 species: evidence of root economics spectrum related to carbon economy. New Phytologist 210: 815-826.',
                                                                 'Fort F, Volaire F, Guilioni L, Barkaoui K, Navas ML, Roumet C. 2017. Root traits are related to plant water-use among rangeland Mediterranean species. Functional Ecology 31: 1700-1709',
                                                         'Poirier V, Roumet C, Angers DA, Munson AD. 2018. Species and root traits impact macroaggregation in the rhizospheric soil of a Mediterranean common garden experiment. Plant Soil 424: 289-302.']
Length: 3, dtype: str",-0.9465345285408214,3.8838190465245344
Helianthemum_syriacum,Helianthemum,syriacum,Cistaceae,Malvales,,"de la Riva, Navarro-Fernandez, Perez-Ramos, Villar, Maranon. Unpublished.",-0.7452829349804738,1.3568929599401491
Helianthus_agrestis,Helianthus,agrestis,Asteraceae,Asterales,,"Bowsher AW, Mason CM, Goolsby EW, Donavan LA. 2016. Fine root tradeoffs between nitrogen concentration and xylem vessel traits preclude unified whole-plant resource strategies in Helianthus. Ecology and Evolution 6: 1016-1031.",-0.6488566675108559,5.413118182025214
Helianthus_angustifolius,Helianthus,angustifolius,Asteraceae,Asterales,,"Bowsher AW, Mason CM, Goolsby EW, Donavan LA. 2016. Fine root tradeoffs between nitrogen concentration and xylem vessel traits preclude unified whole-plant resource strategies in Helianthus. Ecology and Evolution 6: 1016-1031.",-0.5983864213564506,5.7826039240768505
Helianthus_annuus,Helianthus,annuus,Asteraceae,Asterales,,"Bowsher AW, Mason CM, Goolsby EW, Donavan LA. 2016. Fine root tradeoffs between nitrogen concentration and xylem vessel traits preclude unified whole-plant resource strategies in Helianthus. Ecology and Evolution 6: 1016-1031.",-0.5339972407402029,5.49425414742403
Helianthus_argophyllus,Helianthus,argophyllus,Asteraceae,Asterales,,"Bowsher AW, Mason CM, Goolsby EW, Donavan LA. 2016. Fine root tradeoffs between nitrogen concentration and xylem vessel traits preclude unified whole-plant resource strategies in Helianthus. Ecology and Evolution 6: 1016-1031.",-0.7637472571951524,5.63981268065158
Helianthus_atrorubens,Helianthus,atrorubens,Asteraceae,Asterales,,"Bowsher AW, Mason CM, Goolsby EW, Donavan LA. 2016. Fine root tradeoffs between nitrogen concentration and xylem vessel traits preclude unified whole-plant resource strategies in Helianthus. Ecology and Evolution 6: 1016-1031.",-0.6416097839677622,5.60285655606624
Helianthus_carnosus,Helianthus,carnosus,Asteraceae,Asterales,,"Bowsher AW, Mason CM, Goolsby EW, Donavan LA. 2016. Fine root tradeoffs between nitrogen concentration and xylem vessel traits preclude unified whole-plant resource strategies in Helianthus. Ecology and Evolution 6: 1016-1031.",-0.4752483078936949,5.6008018408809885
Helianthus_cusickii,Helianthus,cusickii,Asteraceae,Asterales,,"Bowsher AW, Mason CM, Goolsby EW, Donavan LA. 2016. Fine root tradeoffs between nitrogen concentration and xylem vessel traits preclude unified whole-plant resource strategies in Helianthus. Ecology and Evolution 6: 1016-1031.",-0.5165030599496425,5.1800404589569835
Helianthus_debilis,Helianthus,debilis,Asteraceae,Asterales,,"Bowsher AW, Mason CM, Goolsby EW, Donavan LA. 2016. Fine root tradeoffs between nitrogen concentration and xylem vessel traits preclude unified whole-plant resource strategies in Helianthus. Ecology and Evolution 6: 1016-1031.",-0.8116420645202245,5.774240938304763
Helianthus_floridanus,Helianthus,floridanus,Asteraceae,Asterales,,"Bowsher AW, Mason CM, Goolsby EW, Donavan LA. 2016. Fine root tradeoffs between nitrogen concentration and xylem vessel traits preclude unified whole-plant resource strategies in Helianthus. Ecology and Evolution 6: 1016-1031.",-0.4061756504836199,5.50577859046014
Helianthus_giganteus,Helianthus,giganteus,Asteraceae,Asterales,,"<StringArray>
['Craine JM, Froehle J, Tilman DG, Wedin DA, Chapin FS. 2001. The relationships among root and leaf traits of 76 grassland species and relative abundance among fertility and disturbance gradients. Oikos 93: 274-285', 'Bowsher AW, Mason CM, Goolsby EW, Donavan LA. 2016. Fine root tradeoffs between nitrogen concentration and xylem vessel traits preclude unified whole-plant resource strategies in Helianthus. Ecology and Evolution 6: 1016-1031.']
Length: 2, dtype: str",-0.7564867052255949,5.156696196880458
Helianthus_grosseserratus,Helianthus,grosseserratus,Asteraceae,Asterales,,"Bowsher AW, Mason CM, Goolsby EW, Donavan LA. 2016. Fine root tradeoffs between nitrogen concentration and xylem vessel traits preclude unified whole-plant resource strategies in Helianthus. Ecology and Evolution 6: 1016-1031.",-0.6766220851749594,5.358588984889605
Helianthus_heterophyllus,Helianthus,heterophyllus,Asteraceae,Asterales,,"Bowsher AW, Mason CM, Goolsby EW, Donavan LA. 2016. Fine root tradeoffs between nitrogen concentration and xylem vessel traits preclude unified whole-plant resource strategies in Helianthus. Ecology and Evolution 6: 1016-1031.",-0.45917382781447247,5.604109458172135
Helianthus_longifolius,Helianthus,longifolius,Asteraceae,Asterales,,"Bowsher AW, Mason CM, Goolsby EW, Donavan LA. 2016. Fine root tradeoffs between nitrogen concentration and xylem vessel traits preclude unified whole-plant resource strategies in Helianthus. Ecology and Evolution 6: 1016-1031.",-0.7639208367031093,5.85574027569081
Helianthus_maximiliani,Helianthus,maximiliani,Asteraceae,Asterales,,"Bowsher AW, Mason CM, Goolsby EW, Donavan LA. 2016. Fine root tradeoffs between nitrogen concentration and xylem vessel traits preclude unified whole-plant resource strategies in Helianthus. Ecology and Evolution 6: 1016-1031.",-0.641252355128475,5.588259383400662
Helianthus_mollis,Helianthus,mollis,Asteraceae,Asterales,,"Bowsher AW, Mason CM, Goolsby EW, Donavan LA. 2016. Fine root tradeoffs between nitrogen concentration and xylem vessel traits preclude unified whole-plant resource strategies in Helianthus. Ecology and Evolution 6: 1016-1031.",-0.790852825200569,5.658174741178069
Helianthus_neglectus,Helianthus,neglectus,Asteraceae,Asterales,,"Bowsher AW, Mason CM, Goolsby EW, Donavan LA. 2016. Fine root tradeoffs between nitrogen concentration and xylem vessel traits preclude unified whole-plant resource strategies in Helianthus. Ecology and Evolution 6: 1016-1031.",-0.9305335053418341,5.5967724511598815
Helianthus_niveus,Helianthus,niveus,Asteraceae,Asterales,,"Bowsher AW, Mason CM, Goolsby EW, Donavan LA. 2016. Fine root tradeoffs between nitrogen concentration and xylem vessel traits preclude unified whole-plant resource strategies in Helianthus. Ecology and Evolution 6: 1016-1031.",-0.5583792527602542,5.549348421349137
Helianthus_occidentalis,Helianthus,occidentalis,Asteraceae,Asterales,,"Bowsher AW, Mason CM, Goolsby EW, Donavan LA. 2016. Fine root tradeoffs between nitrogen concentration and xylem vessel traits preclude unified whole-plant resource strategies in Helianthus. Ecology and Evolution 6: 1016-1031.",-0.7811273685135821,5.692788933181335
Helianthus_pauciflorus,Helianthus,pauciflorus,Asteraceae,Asterales,,"Craine JM, Froehle J, Tilman DG, Wedin DA, Chapin FS. 2001. The relationships among root and leaf traits of 76 grassland species and relative abundance among fertility and disturbance gradients. Oikos 93: 274-285",-1.0216512475319814,3.9512437185814275
Helianthus_petiolaris,Helianthus,petiolaris,Asteraceae,Asterales,,"Bowsher AW, Mason CM, Goolsby EW, Donavan LA. 2016. Fine root tradeoffs between nitrogen concentration and xylem vessel traits preclude unified whole-plant resource strategies in Helianthus. Ecology and Evolution 6: 1016-1031.",-0.7987436685014857,5.6947249118337
Helianthus_porteri,Helianthus,porteri,Asteraceae,Asterales,,"Bowsher AW, Mason CM, Goolsby EW, Donavan LA. 2016. Fine root tradeoffs between nitrogen concentration and xylem vessel traits preclude unified whole-plant resource strategies in Helianthus. Ecology and Evolution 6: 1016-1031.",-0.7703298974643312,5.974860797941202
Helianthus_praecox,Helianthus,praecox,Asteraceae,Asterales,,"Bowsher AW, Mason CM, Goolsby EW, Donavan LA. 2016. Fine root tradeoffs between nitrogen concentration and xylem vessel traits preclude unified whole-plant resource strategies in Helianthus. Ecology and Evolution 6: 1016-1031.",-0.8292986425705315,5.948844061271341
Helianthus_radula,Helianthus,radula,Asteraceae,Asterales,,"Bowsher AW, Mason CM, Goolsby EW, Donavan LA. 2016. Fine root tradeoffs between nitrogen concentration and xylem vessel traits preclude unified whole-plant resource strategies in Helianthus. Ecology and Evolution 6: 1016-1031.",-0.570062640522608,5.563677139995326
Helianthus_salicifolius,Helianthus,salicifolius,Asteraceae,Asterales,,"Bowsher AW, Mason CM, Goolsby EW, Donavan LA. 2016. Fine root tradeoffs between nitrogen concentration and xylem vessel traits preclude unified whole-plant resource strategies in Helianthus. Ecology and Evolution 6: 1016-1031.",-0.9083546435927543,5.513247278087744
Helianthus_silphioides,Helianthus,silphioides,Asteraceae,Asterales,,"Bowsher AW, Mason CM, Goolsby EW, Donavan LA. 2016. Fine root tradeoffs between nitrogen concentration and xylem vessel traits preclude unified whole-plant resource strategies in Helianthus. Ecology and Evolution 6: 1016-1031.",-0.6064274202529941,5.455534767746079
Helianthus_verticillatus,Helianthus,verticillatus,Asteraceae,Asterales,,"Bowsher AW, Mason CM, Goolsby EW, Donavan LA. 2016. Fine root tradeoffs between nitrogen concentration and xylem vessel traits preclude unified whole-plant resource strategies in Helianthus. Ecology and Evolution 6: 1016-1031.",-0.6069735118499393,5.432564128235085
Helichrysum_italicum,Helichrysum,italicum,Asteraceae,Asterales,,"de la Riva, Navarro-Fernandez, Perez-Ramos, Villar, Maranon. Unpublished.",-1.1509060833892437,2.91169127715811
Helichrysum_stoechas,Helichrysum,stoechas,Asteraceae,Asterales,,"de la Riva, Navarro-Fernandez, Perez-Ramos, Villar, Maranon. Unpublished.",-0.7093781936703626,1.8107268950627968
Helicia_formosana,Helicia,formosana,Proteaceae,Proteales,1.0,"Kong D, Ma C, Zhang Q, Li L, Chen X, Zeng H, Guo D. 2014. Leading dimensions in absorptive root trait variation across 96 subtropical forest species. New Phytologist 203: 863-872.",-1.691407475301351,4.5830268213024015
Heliopsis_helianthoides,Heliopsis,helianthoides,Asteraceae,Asterales,,"Craine JM, Froehle J, Tilman DG, Wedin DA, Chapin FS. 2001. The relationships among root and leaf traits of 76 grassland species and relative abundance among fertility and disturbance gradients. Oikos 93: 274-285",-0.9675840262617056,4.1588830833596715
Hesperis_matronalis,Hesperis,matronalis,Brassicaceae,Brassicales,,"Poon GT, Maherali H. 2015. Competitive interactions between a nonmycorrhizal invasive plant, Alliaria petiolata, and a suite of mycorrhizal grassland, old field, and forest species. PeerJ 3: e1090",-1.8363385126260223,6.077521545790148
Heterotheca_villosa,Heterotheca,villosa,Asteraceae,Asterales,,"Kembel SW, Cahill JF, Jr. 2011. Independent Evolution of Leaf and Root Traits within and among Temperate Grassland Plant Communities. PLoS ONE 6(6): e19992.",-1.516403046466911,4.649990266460689
Heuchera_richardsonii,Heuchera,richardsonii,Saxifragaceae,Saxifragales,,"Kembel SW, Cahill JF, Jr. 2011. Independent Evolution of Leaf and Root Traits within and among Temperate Grassland Plant Communities. PLoS ONE 6(6): e19992.",-1.5789087073992776,4.5134432929167865
Hoheria_lyallii,Hoheria,lyallii,Malvaceae,Malvales,,"Kramer-Walter KR, Bellingham PJ, Millar TR, Smissen RD, Richardson SJ, Laughlin DC. 2016. Root traits are multidimensional: specific root length is independent from root tissue density and the plant economic spectrum. Journal of Ecology 104: 1299-1310.",-0.6172449007720592,3.6376550512630836
Hoheria_sexstylosa,Hoheria,sexstylosa,Malvaceae,Malvales,,"Kramer-Walter KR, Bellingham PJ, Millar TR, Smissen RD, Richardson SJ, Laughlin DC. 2016. Root traits are multidimensional: specific root length is independent from root tissue density and the plant economic spectrum. Journal of Ecology 104: 1299-1310.",-0.24613500752528245,3.1747385806282606
Holcus_lanatus,Holcus,lanatus,Poaceae,Poales,,"<StringArray>
[                                                              'Fort F, Jouany C, Cruz P. 2013.Root and leaf functional trait relations in Poaceae species: implications of differing resource-acquisition strategies. Journal of Plant Ecology 6:211-219',
                                                                                    'Hill JO, Simpson RJ, Moore AD, Chapman DF. 2006. Morphology and response of roots of pasture species to phosphorus and nitrogen nutrition. Plant and Soil 286: 7-19.',
                                                                           'Smith SW, Woodin SJ, Pakeman RJ, Johnson D, van der Wal R. 2014. Root traits predict decomposition across a landscape-scale grazing experiment. New Phytologist 203: 851-862.',
 'Roumet C, Birouste M, Picon-Cochard C, Ghestem M, Osman N, Vrignon-Brenas S, Cao K-F, Stokes A. 2016. Root structure-function relationships in 74 species: evidence of root economics spectrum related to carbon economy. New Phytologist 210: 815-826.']
Length: 4, dtype: str",-1.804930353376222,5.832711321341544
Hordeum_murinum,Hordeum,murinum,Poaceae,Poales,,"Hill JO, Simpson RJ, Moore AD, Chapman DF. 2006. Morphology and response of roots of pasture species to phosphorus and nitrogen nutrition. Plant and Soil 286: 7-19.",-1.5251787917211486,5.322975965389215
Hosta_ventricosa,Hosta,ventricosa,Asparagaceae,Asparagales,1.0,"Wang R, Wang Q, Zhao N, Xu Z, Zhu X, Jiao C, Yu G, He N. 2018. Different phylogenetic and environmental controls of first-order root morphological and nutrient traits: Evidence of multidimensional root traits. Special Focus on Functional Traits Along A Transect 32(1): 29-39.",-0.8988192509621502,4.101969221654853
Hymenoxys_richardsonii,Hymenoxys,richardsonii,Asteraceae,Asterales,,"Kembel SW, Cahill JF, Jr. 2011. Independent Evolution of Leaf and Root Traits within and among Temperate Grassland Plant Communities. PLoS ONE 6(6): e19992.",-1.26443077336305,4.235371220014702
Hypericum_perforatum,Hypericum,perforatum,Hypericaceae,Malpighiales,,"Poon GT, Maherali H. 2015. Competitive interactions between a nonmycorrhizal invasive plant, Alliaria petiolata, and a suite of mycorrhizal grassland, old field, and forest species. PeerJ 3: e1090",-1.7208165004174896,6.446661646330484
Hypobathrum_racemosum,Hypobathrum,racemosum,Rubiaceae,Gentianales,,"Makita N, Kosugi Y, Dannoura M, Takanashi S, Niiyama K, Kassim AR, Nik AR. 2012. Patterns of root respiration rates and morphological traits in 13 tree species in a tropical forest. Tree Physiology 32: 303-312.",-0.7714871720111968,2.4349198419260096
Hypochaeris_radicata,Hypochaeris,radicata,Asteraceae,Asterales,,"Mokany K, Ash J. 2008. Are traits measured on pot grown plants representative of those in natural communities? Journal of Vegetation Science 19: 119-126.",-0.9377697635512792,3.9917579734469997
Ilex_macropoda,Ilex,macropoda,Aquifoliaceae,Aquifoliales,,"Sun L, Kominami Y, Yoshimura K, Kitayama K. 2017. Root-exudate flux variations among four co-existing canopy species in a temperate forest, Japan. Ecological Research 32: 331-339.",-1.171182981502945,4.40745068701404
Ilex_opaca,Ilex,opaca,Aquifoliaceae,Aquifoliales,1.0,"<StringArray>
[' Valverde-Barrantes OJ, Smemo KA, Blackwood CB. 2014. Fine root morphology is phylogenetically structured, but nitrogen is related to the plant economics spectrum in temperate trees. Functional Ecology 29: 796-807.', 'Valverde et al (unpublished)']
Length: 2, dtype: str",-1.5076300700532768,3.7947634753438058
Ilex_pedunculosa,Ilex,pedunculosa,Aquifoliaceae,Aquifoliales,,"Sun L, Kominami Y, Yoshimura K, Kitayama K. 2017. Root-exudate flux variations among four co-existing canopy species in a temperate forest, Japan. Ecological Research 32: 331-339.",-1.2039728043259361,4.00369019395397
Ilex_verticillata,Ilex,verticillata,Aquifoliaceae,Aquifoliales,,"Valverde-Barrantes OJ, Smemo KA,  Feinstein LM, Kershner MW, Blackwood CB. 2015. Aggregated and complementary: symmetric proliferation, overyielding, and mass effects explain fine-root biomass in soil patches in a diverse temperate deciduous forest landscape. New Phytologist 205(2): 731-742.",-0.44926026810783587,3.423506973046555
Inula_conyza,Inula,conyza,Asteraceae,Asterales,,"<StringArray>
[                                                                    'Birouste M, Kazakou E, Blanchard A, Roumet C. 2012. Plant traits and decomposition: are the relationships for roots comparable to those for leaves? Annals of Botany 109: 463-472. ',
                                                                      'Roumet C, Lafont F, Sari M, Warembourg F, Garnier E. 2008. Root traits and taxonomic affiliation of nine herbaceous species grown in glasshouse conditions. Plant Soil 312:69-83. ',
 'Roumet C, Birouste M, Picon-Cochard C, Ghestem M, Osman N, Vrignon-Brenas S, Cao K-F, Stokes A. 2016. Root structure-function relationships in 74 species: evidence of root economics spectrum related to carbon economy. New Phytologist 210: 815-826.']
Length: 3, dtype: str",-0.8818893051568227,5.108910770030852
Iris_japonica,Iris,japonica,Iridaceae,Asparagales,1.0,"Wang R, Wang Q, Zhao N, Xu Z, Zhu X, Jiao C, Yu G, He N. 2018. Different phylogenetic and environmental controls of first-order root morphological and nutrient traits: Evidence of multidimensional root traits. Special Focus on Functional Traits Along A Transect 32(1): 29-39.",-0.8584936331479384,4.227644446633998
Iris_versicolor,Iris,versicolor,Iridaceae,Asparagales,,"Craine JM, Froehle J, Tilman DG, Wedin DA, Chapin FS. 2001. The relationships among root and leaf traits of 76 grassland species and relative abundance among fertility and disturbance gradients. Oikos 93: 274-285",-1.2729656758128873,4.77912349311153
Itea_chinensis,Itea,chinensis,Iteaceae,Saxifragales,1.0,"Kong D, Ma C, Zhang Q, Li L, Chen X, Zeng H, Guo D. 2014. Leading dimensions in absorptive root trait variation across 96 subtropical forest species. New Phytologist 203: 863-872.",-2.126449295287177,4.703475874772215
Jasminum_fruticans,Jasminum,fruticans,Oleaceae,Lamiales,,"de la Riva, Navarro-Fernandez, Perez-Ramos, Villar, Maranon. Unpublished.",-0.7999531848777546,2.6862280519037403
Juglans_mandshurica,Juglans,mandshurica,Juglandaceae,Fagales,1.0,"<StringArray>
[                                                                'Shi W, Wang ZQ, Liu JL, Gu JC, Guo DL. 2008. Fine root morphology of twenty hardwood species in Maoershan Natural Secondary Forest in Northeastern China. Journal of Plant Ecology (Chinese Version) 32: 1217-1226.',
                                                                       'Wang Y, Dong X, Wang H, Wang Z, Gu J. 2016. Root tip morphology, anatomy, chemistry and potential hydraulic conductivity vary with soil depth in three temperate hardwood species. Tree Physiology 36:99-108.',
                                                                                                     'Wang W, Wang Y, Hoch G, Wang Z, Gu J. 2018. Linkage of root morphology to anatomy with increasing nitrogen availability in six temperate tree species. Plant Soil 425: 198-200.',
                                                                            'Salahuddin, Rewald B, Razaq M, Lixue Y, Li J, Khan F, Jie Z. 2018. Root order-based traits of Manchurian walnut & larch and their plasticity under interspecific competition. Scientific Reports 8: 9815',
 'Wang R, Wang Q, Zhao N, Xu Z, Zhu X, Jiao C, Yu G, He N. 2018. Different phylogenetic and environmental controls of first-order root morphological and nutrient traits: Evidence of multidimensional root traits. Special Focus on Functional Traits Along A Transect 32(1): 29-39.',
                                                                           'Wang Y, Gao G, Wang N, Wang Z, Gu J. 2019. Effects of morphology and stand structure on root biomass and length differed between absorptive and transport roots in temperate trees. Plant Soil, in press.']
Length: 6, dtype: str",-1.3541877262568558,4.692767599845721
Juglans_nigra,Juglans,nigra,Juglandaceae,Fagales,1.0,"<StringArray>
[' Valverde-Barrantes OJ, Smemo KA, Blackwood CB. 2014. Fine root morphology is phylogenetically structured, but nitrogen is related to the plant economics spectrum in temperate trees. Functional Ecology 29: 796-807.',
                                                'McCormack ML, Adams TS, Smithwick EAH, Eissenstat DM. 2012. Predicting fine root lifespan from plant functional traits in temperate trees. New Phytologist 195:823-831.',
                                                                                                                                                                                           'Valverde et al (unpublished)']
Length: 3, dtype: str",-1.3238942246980918,3.203079613447119
Juncus_effusus,Juncus,effusus,Juncaceae,Poales,,"Smith SW, Woodin SJ, Pakeman RJ, Johnson D, van der Wal R. 2014. Root traits predict decomposition across a landscape-scale grazing experiment. New Phytologist 203: 851-862.",-1.155182640156504,3.6723689019869465
Juniperus_monosperma,Juniperus,monosperma,Cupressaceae,Pinales,1.0,"Pregitzer KS, DeForest JL, Burton AJ, Allen MF, Ruess RW, Hendrick RL. 2002. Fine root architecture of nine North American trees. Ecological Monographs 72: 293-309.",-0.916290731874155,3.044522437723423
Juniperus_phoenicea,Juniperus,phoenicea,Cupressaceae,Pinales,,"de la Riva, Navarro-Fernandez, Perez-Ramos, Villar, Maranon. Unpublished.",-0.6554661135922568,2.083632139845222
Juniperus_sabina,Juniperus,sabina,Cupressaceae,Pinales,1.0,"Wang R, Wang Q, Zhao N, Xu Z, Zhu X, Jiao C, Yu G, He N. 2018. Different phylogenetic and environmental controls of first-order root morphological and nutrient traits: Evidence of multidimensional root traits. Special Focus on Functional Traits Along A Transect 32(1): 29-39.",-0.9167908569158374,3.6432834618664827
Knema_erratica,Knema,erratica,Myristicaceae,Magnoliales,1.0,"Chen W, Zeng H, Eissenstat DM, Guo D. 2013. Variation of first-order root traits across climatic gradients and evolutionary trends in geological time. Global Ecology and Biogeography 22: 846-856.",-0.1646799239417102,1.563217773907763
Knightia_excelsa,Knightia,excelsa,Proteaceae,Proteales,,"Kramer-Walter KR, Bellingham PJ, Millar TR, Smissen RD, Richardson SJ, Laughlin DC. 2016. Root traits are multidimensional: specific root length is independent from root tissue density and the plant economic spectrum. Journal of Ecology 104: 1299-1310.",-0.9589894864072704,3.8155490559505125
Koeleria_macrantha,Koeleria,macrantha,Poaceae,Poales,,"Kembel SW, Cahill JF, Jr. 2011. Independent Evolution of Leaf and Root Traits within and among Temperate Grassland Plant Communities. PLoS ONE 6(6): e19992.",-1.77009582763489,4.825694901543437
Koeleria_pyramidata,Koeleria,pyramidata,Poaceae,Poales,,"<StringArray>
['Craine JM, Froehle J, Tilman DG, Wedin DA, Chapin FS. 2001. The relationships among root and leaf traits of 76 grassland species and relative abundance among fertility and disturbance gradients. Oikos 93: 274-285', 'Craine J. Unpublished data.']
Length: 2, dtype: str",-1.099255783666613,4.111387138818783
Koeleria_vallesiana,Koeleria,vallesiana,Poaceae,Poales,,"<StringArray>
['Roumet C, Birouste M, Picon-Cochard C, Ghestem M, Osman N, Vrignon-Brenas S, Cao K-F, Stokes A. 2016. Root structure-function relationships in 74 species: evidence of root economics spectrum related to carbon economy. New Phytologist 210: 815-826.',
                                                                 'Fort F, Volaire F, Guilioni L, Barkaoui K, Navas ML, Roumet C. 2017. Root traits are related to plant water-use among rangeland Mediterranean species. Functional Ecology 31: 1700-1709',
                                                         'Poirier V, Roumet C, Angers DA, Munson AD. 2018. Species and root traits impact macroaggregation in the rhizospheric soil of a Mediterranean common garden experiment. Plant Soil 424: 289-302.']
Length: 3, dtype: str",-1.2531959867342348,4.52323665416606
Koelreuteria_paniculata,Koelreuteria,paniculata,Sapindaceae,Sapindales,1.0,"<StringArray>
[' Valverde-Barrantes OJ, Smemo KA, Blackwood CB. 2014. Fine root morphology is phylogenetically structured, but nitrogen is related to the plant economics spectrum in temperate trees. Functional Ecology 29: 796-807.', 'Valverde et al (unpublished)']
Length: 2, dtype: str",-1.3987718016265513,4.5802430498867315
Kunzea_ericoides,Kunzea,ericoides,Myrtaceae,Myrtales,,"Kramer-Walter KR, Bellingham PJ, Millar TR, Smissen RD, Richardson SJ, Laughlin DC. 2016. Root traits are multidimensional: specific root length is independent from root tissue density and the plant economic spectrum. Journal of Ecology 104: 1299-1310.",-0.6225334012319539,3.6755373147169257
Lactuca_tatarica,Lactuca,tatarica,Asteraceae,Asterales,,"Kembel SW, Cahill JF, Jr. 2011. Independent Evolution of Leaf and Root Traits within and among Temperate Grassland Plant Communities. PLoS ONE 6(6): e19992.",-1.0896773246105305,4.34629184061853
Lamium_album,Lamium,album,Lamiaceae,Lamiales,1.0,"Wang R, Wang Q, Zhao N, Xu Z, Zhu X, Jiao C, Yu G, He N. 2018. Different phylogenetic and environmental controls of first-order root morphological and nutrient traits: Evidence of multidimensional root traits. Special Focus on Functional Traits Along A Transect 32(1): 29-39.",-1.9995219185039625,5.792156286415493
Lansium_parasiticum,Lansium,parasiticum,Meliaceae,Sapindales,,"Rajab YA, Holscher D, Leuschner C, Barus H, Tjoa A, Hertel D. 2018. Effects of shade tree cover and diversity on root system structure and dynamics in cacao agroforests: The role of root competition and space partitioning. Plant Soil 422: 349-369.",-0.6931471805599453,3.039749158970765
Larix_decidua,Larix,decidua,Pinaceae,Pinales,,"<StringArray>
['Withington JM, Reich PB, Oleksyn J, Eissenstat DM. 2006. Comparisons of structure and life span in roots and leaves among temperate trees. Ecological Monographs 76: 381-397.', 'Liese R, Alings K, Meier IC. 2017. Root branching is a leading root trait of the plant economics spectrum in temperate trees. Frontiers in Plant Science 8:315.']
Length: 2, dtype: str",-0.6838571336528526,3.13824405484261
Larix_gmelinii,Larix,gmelinii,Pinaceae,Pinales,1.0,"<StringArray>
[                                                                                                'Wang Z, Guo D, Wang X, Gu J, Mei L. 2006. Fine root architecture, morphology, and biomass of different branch orders of two Chinese temperate tree species. Plant Soil 288:155-171.',
           'Jia SX, Zhao YL, Ding GQ, Sun Y, Xu Y, Wang ZQ. 2010. Relationship among fine-root morphology, anatomy, tissue nitrogen concentration and respiration in different branch root orders in Larix gmelinii and Fraxinus mandshurica. Chinese Bulletin of Botany 45: 174-181.',
                                                                                 'Chen W, Zeng H, Eissenstat DM, Guo D. 2013. Variation of first-order root traits across climatic gradients and evolutionary trends in geological time. Global Ecology and Biogeography 22: 846-856.',
                                                                                                     'Wang W, Wang Y, Hoch G, Wang Z, Gu J. 2018. Linkage of root morphology to anatomy with increasing nitrogen availability in six temperate tree species. Plant Soil 425: 198-200.',
                                                                            'Salahuddin, Rewald B, Razaq M, Lixue Y, Li J, Khan F, Jie Z. 2018. Root order-based traits of Manchurian walnut & larch and their plasticity under interspecific competition. Scientific Reports 8: 9815',
 'Wang R, Wang Q, Zhao N, Xu Z, Zhu X, Jiao C, Yu G, He N. 2018. Different phylogenetic and environmental controls of first-order root morphological and nutrient traits: Evidence of multidimensional root traits. Special Focus on Functional Traits Along A Transect 32(1): 29-39.',
                                                                           'Wang Y, Gao G, Wang N, Wang Z, Gu J. 2019. Effects of morphology and stand structure on root biomass and length differed between absorptive and transport roots in temperate trees. Plant Soil, in press.']
Length: 7, dtype: str",-1.0788368689315948,3.619499135719005
Larix_kaempferi,Larix,kaempferi,Pinaceae,Pinales,,"Yin L, Dijkstra FA, Wang P, Zhu B, Cheng W. 2018. Rhizosphere priming effects on soil carbon and nitrogen dynamics among tree species with and without intraspecific competition. New Phytologist , in press.",-0.4462871026284195,2.7847025526232927
Lathyrus_venosus,Lathyrus,venosus,Fabaceae,Fabales,,"Kembel SW, Cahill JF, Jr. 2011. Independent Evolution of Leaf and Root Traits within and among Temperate Grassland Plant Communities. PLoS ONE 6(6): e19992.",-0.9875182411625228,3.84651487154136
Launaea_arborescens,Launaea,arborescens,Asteraceae,Asterales,,"de la Riva, Navarro-Fernandez, Perez-Ramos, Villar, Maranon. Unpublished.",-0.9779666873982497,1.8622937900490932
Laurelia_novae-zelandiae,Laurelia,novae-zelandiae,Atherospermataceae,Laurales,,"Kramer-Walter KR, Bellingham PJ, Millar TR, Smissen RD, Richardson SJ, Laughlin DC. 2016. Root traits are multidimensional: specific root length is independent from root tissue density and the plant economic spectrum. Journal of Ecology 104: 1299-1310.",-0.04908520769049141,2.371936588214485
Lavandula_multifida,Lavandula,multifida,Lamiaceae,Lamiales,,"de la Riva, Navarro-Fernandez, Perez-Ramos, Villar, Maranon. Unpublished.",-1.0219174866741803,2.8012134656292926
Leiospermum_racemosum,Leiospermum,racemosum,Cunoniaceae,Oxalidales,,"Holdaway RJ, Richardson SJ, Dickie IA, Peltzer DA, Coomes DA. 2011. Species- and community-level patterns in fine root traits along a 120 000-year soil chronosequence in temperate rain forest. Journal of Ecology 99: 954-963.",-1.4696759700589417,3.7256934272366524
Leontopodium_nanum,Leontopodium,nanum,Asteraceae,Asterales,,"Hong J, Ma X, Yan Y, Zhang X, Wang X. 2017. Which root traits determine nitrogen uptake by alpine plant species on the Tibetan Plateau? Plant Soil, in press. ",-1.6094379124341003,-0.9673735221034713
Lepidium_densiflorum,Lepidium,densiflorum,Brassicaceae,Brassicales,,"Kembel SW, Cahill JF, Jr. 2011. Independent Evolution of Leaf and Root Traits within and among Temperate Grassland Plant Communities. PLoS ONE 6(6): e19992.",-1.7984820149888818,4.559569288282495
Lepidothamnus_intermedius,Lepidothamnus,intermedius,Podocarpaceae,Pinales,,"Holdaway RJ, Richardson SJ, Dickie IA, Peltzer DA, Coomes DA. 2011. Species- and community-level patterns in fine root traits along a 120 000-year soil chronosequence in temperate rain forest. Journal of Ecology 99: 954-963.",-1.2378743560016174,3.068052935133617
Leptecophylla_juniperina,Leptecophylla,juniperina,Ericaceae,Ericales,,"Holdaway RJ, Richardson SJ, Dickie IA, Peltzer DA, Coomes DA. 2011. Species- and community-level patterns in fine root traits along a 120 000-year soil chronosequence in temperate rain forest. Journal of Ecology 99: 954-963.",-2.3025850929940455,4.853591544486569
Leptospermum_scoparium,Leptospermum,scoparium,Myrtaceae,Myrtales,,"<StringArray>
['Holdaway RJ, Richardson SJ, Dickie IA, Peltzer DA, Coomes DA. 2011. Species- and community-level patterns in fine root traits along a 120 000-year soil chronosequence in temperate rain forest. Journal of Ecology 99: 954-963.', 'Kramer-Walter KR, Bellingham PJ, Millar TR, Smissen RD, Richardson SJ, Laughlin DC. 2016. Root traits are multidimensional: specific root length is independent from root tissue density and the plant economic spectrum. Journal of Ecology 104: 1299-1310.']
Length: 2, dtype: str",-1.0209570441025055,4.570324634660773
Lespedeza_bicolor,Lespedeza,bicolor,Fabaceae,Fabales,1.0,"Wang R, Wang Q, Zhao N, Xu Z, Zhu X, Jiao C, Yu G, He N. 2018. Different phylogenetic and environmental controls of first-order root morphological and nutrient traits: Evidence of multidimensional root traits. Special Focus on Functional Traits Along A Transect 32(1): 29-39.",-1.406905315024015,4.931618323063865
Lespedeza_capitata,Lespedeza,capitata,Fabaceae,Fabales,,"Craine JM, Froehle J, Tilman DG, Wedin DA, Chapin FS. 2001. The relationships among root and leaf traits of 76 grassland species and relative abundance among fertility and disturbance gradients. Oikos 93: 274-285",-0.9942522733438669,4.290459441148391
Lespedeza_davidii,Lespedeza,davidii,Fabaceae,Fabales,,"Fu X, Wang J, Wang H, Dai X, Yang F, Zhao M. 2016. Response of the fine root production, phenology, and turnover rate of six shrub species from a subtropical forest to a soil moisture gradient and shading. Plant Soil 399: 135-146. ",-0.7550225842780328,5.209486152841421
Lespedeza_davurica,Lespedeza,davurica,Fabaceae,Fabales,,"Zhou M, Wang J, Bai W, Zhang Y, Zhang W-H. 2019. The response of root traits to precipitation change of herbaceous species in temperate steppes. Functional Ecology, in press.",-1.171182981502945,3.6942400603560324
Lespedeza_thunbergii,Lespedeza,thunbergii,Fabaceae,Fabales,1.0,"Wang R, Wang Q, Zhao N, Xu Z, Zhu X, Jiao C, Yu G, He N. 2018. Different phylogenetic and environmental controls of first-order root morphological and nutrient traits: Evidence of multidimensional root traits. Special Focus on Functional Traits Along A Transect 32(1): 29-39.",-1.474470052023616,4.757488255324351
Leucaena_Leucocephala,Leucaena,Leucocephala,Fabaceae,Fabales,,"Rajab YA, Holscher D, Leuschner C, Barus H, Tjoa A, Hertel D. 2018. Effects of shade tree cover and diversity on root system structure and dynamics in cacao agroforests: The role of root competition and space partitioning. Plant Soil 422: 349-369.",-0.6286086594223742,3.0220495818713644
Leucanthemum_vulgare,Leucanthemum,vulgare,Asteraceae,Asterales,,"Poon GT, Maherali H. 2015. Competitive interactions between a nonmycorrhizal invasive plant, Alliaria petiolata, and a suite of mycorrhizal grassland, old field, and forest species. PeerJ 3: e1090",-1.322155920003659,5.469632869487687
Leymus_chinensis,Leymus,chinensis,Poaceae,Poales,,"Zhou M, Wang J, Bai W, Zhang Y, Zhang W-H. 2019. The response of root traits to precipitation change of herbaceous species in temperate steppes. Functional Ecology, in press.",-1.4784096500276962,4.652635663623805
Liatris_aspera,Liatris,aspera,Asteraceae,Asterales,,"Craine JM, Froehle J, Tilman DG, Wedin DA, Chapin FS. 2001. The relationships among root and leaf traits of 76 grassland species and relative abundance among fertility and disturbance gradients. Oikos 93: 274-285",-0.7985076962177716,4.382026634673881
Lindera_benzoin,Lindera,benzoin,Lauraceae,Laurales,,"<StringArray>
['Comas LH, Eissenstat DM. 2009. Patterns in root trait variation among 25 co-existing North American forest species. New Phytologist 182: 919-928.', 'Caplan JS, Stone BWG, Faillace CA, Lafond JJ, Baumgarten JM, Mozdzer TJ, Dighton J, Meiners SJ, Grabosky JC, Ehrenfeld JG. 2017. Nutrient foraging strategies are associated with productivity and population growth in forest shrubs. Annals of Botany 119: 977-988.']
Length: 2, dtype: str",-0.32877255752628815,2.547008672983871
Lindera_communis,Lindera,communis,Lauraceae,Laurales,1.0,"Chen W, Zeng H, Eissenstat DM, Guo D. 2013. Variation of first-order root traits across climatic gradients and evolutionary trends in geological time. Global Ecology and Biogeography 22: 846-856.",-0.9288695140810151,3.6575779940959783
Lindera_obtusiloba,Lindera,obtusiloba,Lauraceae,Laurales,1.0,"Wang R, Wang Q, Zhao N, Xu Z, Zhu X, Jiao C, Yu G, He N. 2018. Different phylogenetic and environmental controls of first-order root morphological and nutrient traits: Evidence of multidimensional root traits. Special Focus on Functional Traits Along A Transect 32(1): 29-39.",-1.3417991212333393,4.527325535091816
Linum_lewisii,Linum,lewisii,Linaceae,Malpighiales,,"Kembel SW, Cahill JF, Jr. 2011. Independent Evolution of Leaf and Root Traits within and among Temperate Grassland Plant Communities. PLoS ONE 6(6): e19992.",-1.3145319948929999,4.093923640313569
Liquidambar_formosana,Liquidambar,formosana,Altingiaceae,Saxifragales,1.0,"<StringArray>
['Liu B, Li H, Zhu B, Koide RT, Eissenstat DM, Guo D. 2015. Complementarity between roots and AM fungi in nutrient foraging strategies. New Phytologist 208: 125-136.', 'Wang R, Wang Q, Zhao N, Xu Z, Zhu X, Jiao C, Yu G, He N. 2018. Different phylogenetic and environmental controls of first-order root morphological and nutrient traits: Evidence of multidimensional root traits. Special Focus on Functional Traits Along A Transect 32(1): 29-39.']
Length: 2, dtype: str",-1.2954181787876518,4.269078494900241
Liquidambar_styraciflua,Liquidambar,styraciflua,Altingiaceae,Saxifragales,1.0,"<StringArray>
[' Valverde-Barrantes OJ, Smemo KA, Blackwood CB. 2014. Fine root morphology is phylogenetically structured, but nitrogen is related to the plant economics spectrum in temperate trees. Functional Ecology 29: 796-807.', 'Valverde et al (unpublished)']
Length: 2, dtype: str",-1.2045901448413856,3.4570150883595043
Liriodendron_chinense,Liriodendron,chinense,Magnoliaceae,Magnoliales,1.0,"<StringArray>
['Kong D, Ma C, Zhang Q, Li L, Chen X, Zeng H, Guo D. 2014. Leading dimensions in absorptive root trait variation across 96 subtropical forest species. New Phytologist 203: 863-872.', 'Chen W, Zeng H, Eissenstat DM, Guo D. 2013. Variation of first-order root traits across climatic gradients and evolutionary trends in geological time. Global Ecology and Biogeography 22: 846-856.']
Length: 2, dtype: str",-0.5832977551499219,3.0536237519697687
Liriodendron_tulipifera,Liriodendron,tulipifera,Magnoliaceae,Magnoliales,1.0,"<StringArray>
[' Valverde-Barrantes OJ, Smemo KA, Blackwood CB. 2014. Fine root morphology is phylogenetically structured, but nitrogen is related to the plant economics spectrum in temperate trees. Functional Ecology 29: 796-807.',
                                                'McCormack ML, Adams TS, Smithwick EAH, Eissenstat DM. 2012. Predicting fine root lifespan from plant functional traits in temperate trees. New Phytologist 195:823-831.',
                                                   'Pregitzer KS, DeForest JL, Burton AJ, Allen MF, Ruess RW, Hendrick RL. 2002. Fine root architecture of nine North American trees. Ecological Monographs 72: 293-309.',
                                                                                                                                                                                           'Valverde et al (unpublished)']
Length: 4, dtype: str",-0.5541500314341674,2.4702260315786053
Lithocarpus_chiungchungensis,Lithocarpus,chiungchungensis,Fagaceae,Fagales,1.0,"Kong D, Ma C, Zhang Q, Li L, Chen X, Zeng H, Guo D. 2014. Leading dimensions in absorptive root trait variation across 96 subtropical forest species. New Phytologist 203: 863-872.",-1.5162208307229665,4.326910252115215
Lithocarpus_cleistocarpus,Lithocarpus,cleistocarpus,Fagaceae,Fagales,1.0,"Wang R, Wang Q, Zhao N, Xu Z, Zhu X, Jiao C, Yu G, He N. 2018. Different phylogenetic and environmental controls of first-order root morphological and nutrient traits: Evidence of multidimensional root traits. Special Focus on Functional Traits Along A Transect 32(1): 29-39.",-1.2941710722440847,4.231227348294458
Lithocarpus_clementianus,Lithocarpus,clementianus,Fagaceae,Fagales,,"Ushio M, Fujiki Y, Hidaka A, Kitayama K. 2015. Linkage of root physiology and morphology as an adaptation to soil phosphorus impoverishment in tropical montane forests. Functional Ecology 29: 1235-1245.",-0.8480481417779078,3.385169620584958
Lithocarpus_confertus,Lithocarpus,confertus,Fagaceae,Fagales,,"Ushio M, Fujiki Y, Hidaka A, Kitayama K. 2015. Linkage of root physiology and morphology as an adaptation to soil phosphorus impoverishment in tropical montane forests. Functional Ecology 29: 1235-1245.",-0.6655320135269719,3.01950739220476
Lithocarpus_fenestratus,Lithocarpus,fenestratus,Fagaceae,Fagales,1.0,"Chen W, Zeng H, Eissenstat DM, Guo D. 2013. Variation of first-order root traits across climatic gradients and evolutionary trends in geological time. Global Ecology and Biogeography 22: 846-856.",-0.5181440045736706,2.6272016132388893
Lithocarpus_lampadarius,Lithocarpus,lampadarius,Fagaceae,Fagales,,"Ushio M, Fujiki Y, Hidaka A, Kitayama K. 2015. Linkage of root physiology and morphology as an adaptation to soil phosphorus impoverishment in tropical montane forests. Functional Ecology 29: 1235-1245.",-0.6866682144622362,2.9859786108603728
Lithocarpus_rigidus,Lithocarpus,rigidus,Fagaceae,Fagales,,"Ushio M, Fujiki Y, Hidaka A, Kitayama K. 2015. Linkage of root physiology and morphology as an adaptation to soil phosphorus impoverishment in tropical montane forests. Functional Ecology 29: 1235-1245.",-0.5811586786118981,2.732385026117004
Litsea_baviensis,Litsea,baviensis,Lauraceae,Laurales,1.0,"Kong D, Ma C, Zhang Q, Li L, Chen X, Zeng H, Guo D. 2014. Leading dimensions in absorptive root trait variation across 96 subtropical forest species. New Phytologist 203: 863-872.",-0.34822503093608975,2.5664866367804233
Litsea_cubeba,Litsea,cubeba,Lauraceae,Laurales,1.0,"Kong D, Ma C, Zhang Q, Li L, Chen X, Zeng H, Guo D. 2014. Leading dimensions in absorptive root trait variation across 96 subtropical forest species. New Phytologist 203: 863-872.",-0.9015745480384745,3.688629422858727
Litsea_elongata,Litsea,elongata,Lauraceae,Laurales,1.0,"Wang R, Wang Q, Zhao N, Xu Z, Zhu X, Jiao C, Yu G, He N. 2018. Different phylogenetic and environmental controls of first-order root morphological and nutrient traits: Evidence of multidimensional root traits. Special Focus on Functional Traits Along A Transect 32(1): 29-39.",-1.1427732889689353,3.875894198777764
Litsea_ichangensis,Litsea,ichangensis,Lauraceae,Laurales,1.0,"Wang R, Wang Q, Zhao N, Xu Z, Zhu X, Jiao C, Yu G, He N. 2018. Different phylogenetic and environmental controls of first-order root morphological and nutrient traits: Evidence of multidimensional root traits. Special Focus on Functional Traits Along A Transect 32(1): 29-39.",-0.9069903646768557,4.118515873267373
Litsea_verticillata,Litsea,verticillata,Lauraceae,Laurales,1.0,"Kong D, Ma C, Zhang Q, Li L, Chen X, Zeng H, Guo D. 2014. Leading dimensions in absorptive root trait variation across 96 subtropical forest species. New Phytologist 203: 863-872.",-0.6474283949149995,2.7466296830696852
Lobelia_siphilitica,Lobelia,siphilitica,Campanulaceae,Asterales,,"Poon GT, Maherali H. 2015. Competitive interactions between a nonmycorrhizal invasive plant, Alliaria petiolata, and a suite of mycorrhizal grassland, old field, and forest species. PeerJ 3: e1090",-1.670887874750323,6.215416816801312
Lolium_multiflorum,Lolium,multiflorum,Poaceae,Poales,,"Roumet C, Lafont F, Sari M, Warembourg F, Garnier E. 2008. Root traits and taxonomic affiliation of nine herbaceous species grown in glasshouse conditions. Plant Soil 312:69-83. ",-1.0498221244986778,5.645446897643238
Lolium_perenne,Lolium,perenne,Poaceae,Poales,,"<StringArray>
[                                                              'Fort F, Jouany C, Cruz P. 2013.Root and leaf functional trait relations in Poaceae species: implications of differing resource-acquisition strategies. Journal of Plant Ecology 6:211-219',
 'Roumet C, Birouste M, Picon-Cochard C, Ghestem M, Osman N, Vrignon-Brenas S, Cao K-F, Stokes A. 2016. Root structure-function relationships in 74 species: evidence of root economics spectrum related to carbon economy. New Phytologist 210: 815-826.',
                                                                                                                                                                                                                                 'Comas - Pasture species']
Length: 3, dtype: str",-1.419276794624461,5.380603529331644
Lolium_rigidum,Lolium,rigidum,Poaceae,Poales,,"Hill JO, Simpson RJ, Moore AD, Chapman DF. 2006. Morphology and response of roots of pasture species to phosphorus and nitrogen nutrition. Plant and Soil 286: 7-19.",-1.6419560886563702,5.541041358744827
Lomandra_filiformis,Lomandra,filiformis,Asparagaceae,Asparagales,,"Mokany K, Ash J. 2008. Are traits measured on pot grown plants representative of those in natural communities? Journal of Vegetation Science 19: 119-126.",-0.6635883783184009,3.1654750481410856
Lonicera_chrysantha,Lonicera,chrysantha,Caprifoliaceae,Dipsacales,1.0,"Wang R, Wang Q, Zhao N, Xu Z, Zhu X, Jiao C, Yu G, He N. 2018. Different phylogenetic and environmental controls of first-order root morphological and nutrient traits: Evidence of multidimensional root traits. Special Focus on Functional Traits Along A Transect 32(1): 29-39.",-1.372292841484077,5.141958617938513
Lonicera_maackii,Lonicera,maackii,Caprifoliaceae,Dipsacales,,"Caplan JS, Stone BWG, Faillace CA, Lafond JJ, Baumgarten JM, Mozdzer TJ, Dighton J, Meiners SJ, Grabosky JC, Ehrenfeld JG. 2017. Nutrient foraging strategies are associated with productivity and population growth in forest shrubs. Annals of Botany 119: 977-988.",-1.3618199759166192,3.417016919112529
Loropetalum_chinense,Loropetalum,chinense,Hamamelidaceae,Saxifragales,,"Fu X, Wang J, Wang H, Dai X, Yang F, Zhao M. 2016. Response of the fine root production, phenology, and turnover rate of six shrub species from a subtropical forest to a soil moisture gradient and shading. Plant Soil 399: 135-146. ",-0.5621189181535413,4.51085950651685
Lotus_corniculatus,Lotus,corniculatus,Fabaceae,Fabales,,"<StringArray>
[   'Yang Z, Culvenor RA, Haling RE, Stefanski A, Ryan MH, Sandral GA, Kidd DR, Lambers H, Simpson RJ. 2015. Variation in root traits associated with nutrient foraging among temperate legumes and grasses. Grass and Forage Science, early view article',
 'Roumet C, Birouste M, Picon-Cochard C, Ghestem M, Osman N, Vrignon-Brenas S, Cao K-F, Stokes A. 2016. Root structure-function relationships in 74 species: evidence of root economics spectrum related to carbon economy. New Phytologist 210: 815-826.',
                                                                 'Fort F, Volaire F, Guilioni L, Barkaoui K, Navas ML, Roumet C. 2017. Root traits are related to plant water-use among rangeland Mediterranean species. Functional Ecology 31: 1700-1709',
                                                                                                                                                                                                                                 'Comas - Pasture species']
Length: 4, dtype: str",-0.8220255618634535,5.007580493301723
Lotus_tenuis,Lotus,tenuis,Fabaceae,Fabales,,"Roumet C, Lafont F, Sari M, Warembourg F, Garnier E. 2008. Root traits and taxonomic affiliation of nine herbaceous species grown in glasshouse conditions. Plant Soil 312:69-83. ",-0.6539264674066639,4.709530201312334
Lupinus_perennis,Lupinus,perennis,Fabaceae,Fabales,,"Craine JM, Froehle J, Tilman DG, Wedin DA, Chapin FS. 2001. The relationships among root and leaf traits of 76 grassland species and relative abundance among fertility and disturbance gradients. Oikos 93: 274-285",-1.0788096613719298,4.762173934797756
Luzula_sylvatica,Luzula,sylvatica,Juncaceae,Poales,,"Roumet C, Birouste M, Picon-Cochard C, Ghestem M, Osman N, Vrignon-Brenas S, Cao K-F, Stokes A. 2016. Root structure-function relationships in 74 species: evidence of root economics spectrum related to carbon economy. New Phytologist 210: 815-826.",-0.9493305859523552,4.280824129164719
Lycopodium_volubile,Lycopodium,volubile,Lycopodiaceae,Lycopodiales,,"Holdaway RJ, Richardson SJ, Dickie IA, Peltzer DA, Coomes DA. 2011. Species- and community-level patterns in fine root traits along a 120 000-year soil chronosequence in temperate rain forest. Journal of Ecology 99: 954-963.",-0.8209805520698302,4.0163830207523885
Lysimachia_nemorum,Lysimachia,nemorum,Primulaceae,Ericales,,"Roumet C, Birouste M, Picon-Cochard C, Ghestem M, Osman N, Vrignon-Brenas S, Cao K-F, Stokes A. 2016. Root structure-function relationships in 74 species: evidence of root economics spectrum related to carbon economy. New Phytologist 210: 815-826.",-0.7635696448564911,4.456206032848133
Macaranga_sampsonii,Macaranga,sampsonii,Euphorbiaceae,Malpighiales,1.0,"<StringArray>
['Kong D, Ma C, Zhang Q, Li L, Chen X, Zeng H, Guo D. 2014. Leading dimensions in absorptive root trait variation across 96 subtropical forest species. New Phytologist 203: 863-872.', 'Chen W, Zeng H, Eissenstat DM, Guo D. 2013. Variation of first-order root traits across climatic gradients and evolutionary trends in geological time. Global Ecology and Biogeography 22: 846-856.']
Length: 2, dtype: str",-1.9736662040725328,4.72974804048834
Machilus_breviflora,Machilus,breviflora,Lauraceae,Laurales,1.0,"<StringArray>
['Chen W, Zeng H, Eissenstat DM, Guo D. 2013. Variation of first-order root traits across climatic gradients and evolutionary trends in geological time. Global Ecology and Biogeography 22: 846-856.', 'Wang R, Wang Q, Zhao N, Xu Z, Zhu X, Jiao C, Yu G, He N. 2018. Different phylogenetic and environmental controls of first-order root morphological and nutrient traits: Evidence of multidimensional root traits. Special Focus on Functional Traits Along A Transect 32(1): 29-39.']
Length: 2, dtype: str",-0.5813032827187808,2.9749723561768375
Machilus_kwangtungensis,Machilus,kwangtungensis,Lauraceae,Laurales,1.0,"Kong D, Ma C, Zhang Q, Li L, Chen X, Zeng H, Guo D. 2014. Leading dimensions in absorptive root trait variation across 96 subtropical forest species. New Phytologist 203: 863-872.",-0.8534802654634799,3.475067230228611
Machilus_nanmu,Machilus,nanmu,Lauraceae,Laurales,1.0,"Wang R, Wang Q, Zhao N, Xu Z, Zhu X, Jiao C, Yu G, He N. 2018. Different phylogenetic and environmental controls of first-order root morphological and nutrient traits: Evidence of multidimensional root traits. Special Focus on Functional Traits Along A Transect 32(1): 29-39.",-0.7322952643508026,3.344264745685408
Machilus_oculodracontis,Machilus,oculodracontis,Lauraceae,Laurales,1.0,"Liu B, Li H, Zhu B, Koide RT, Eissenstat DM, Guo D. 2015. Complementarity between roots and AM fungi in nutrient foraging strategies. New Phytologist 208: 125-136.",-0.7550225842780328,3.3214324131932926
Machilus_robusta,Machilus,robusta,Lauraceae,Laurales,1.0,"Kong D, Ma C, Zhang Q, Li L, Chen X, Zeng H, Guo D. 2014. Leading dimensions in absorptive root trait variation across 96 subtropical forest species. New Phytologist 203: 863-872.",-0.7361590711532363,2.8903717578961645
Machilus_shweliensis,Machilus,shweliensis,Lauraceae,Laurales,1.0,"Chen W, Zeng H, Eissenstat DM, Guo D. 2013. Variation of first-order root traits across climatic gradients and evolutionary trends in geological time. Global Ecology and Biogeography 22: 846-856.",-0.9159902970092291,3.6154750805305236
Machilus_velutina,Machilus,velutina,Lauraceae,Laurales,1.0,"Kong D, Ma C, Zhang Q, Li L, Chen X, Zeng H, Guo D. 2014. Leading dimensions in absorptive root trait variation across 96 subtropical forest species. New Phytologist 203: 863-872.",-0.7905174809562218,3.0809921175048145
Macropanax_undulatus,Macropanax,undulatus,Araliaceae,Apiales,1.0,"Kong D, Ma C, Zhang Q, Li L, Chen X, Zeng H, Guo D. 2014. Leading dimensions in absorptive root trait variation across 96 subtropical forest species. New Phytologist 203: 863-872.",-1.3329431856228962,3.3568971227655755
Madhuca_endertii,Madhuca,endertii,Sapotaceae,Ericales,,"Ushio M, Fujiki Y, Hidaka A, Kitayama K. 2015. Linkage of root physiology and morphology as an adaptation to soil phosphorus impoverishment in tropical montane forests. Functional Ecology 29: 1235-1245.",-0.22752814963203385,2.199416617504179
Magnolia_acuminata,Magnolia,acuminata,Magnoliaceae,Magnoliales,1.0,"<StringArray>
[' Valverde-Barrantes OJ, Smemo KA, Blackwood CB. 2014. Fine root morphology is phylogenetically structured, but nitrogen is related to the plant economics spectrum in temperate trees. Functional Ecology 29: 796-807.', 'Valverde et al (unpublished)']
Length: 2, dtype: str",-0.6130406749215425,2.5162880457595
Magnolia_baillonii,Magnolia,baillonii,Magnoliaceae,Magnoliales,1.0,"<StringArray>
['Kong D, Ma C, Zhang Q, Li L, Chen X, Zeng H, Guo D. 2014. Leading dimensions in absorptive root trait variation across 96 subtropical forest species. New Phytologist 203: 863-872.', 'Kong DL, Wang JJ, Kardol P, Wu HF, Zeng H, Deng XB, Deng Y. 2016. Economic strategies of plant absorptive roots vary with root diameter. Biogeosciences 13: 415-424.']
Length: 2, dtype: str",-0.5538201153388461,2.9616582932202395
Magnolia_balansae,Magnolia,balansae,Magnoliaceae,Magnoliales,1.0,"Kong D, Ma C, Zhang Q, Li L, Chen X, Zeng H, Guo D. 2014. Leading dimensions in absorptive root trait variation across 96 subtropical forest species. New Phytologist 203: 863-872.",-0.5446582123024426,3.0037004432031678
Magnolia_carsonii,Magnolia,carsonii,Magnoliaceae,Magnoliales,,"Ushio M, Fujiki Y, Hidaka A, Kitayama K. 2015. Linkage of root physiology and morphology as an adaptation to soil phosphorus impoverishment in tropical montane forests. Functional Ecology 29: 1235-1245.",-0.16193086714622057,2.520012337312146
Magnolia_cavaleriei,Magnolia,cavaleriei,Magnoliaceae,Magnoliales,1.0,"Kong D, Ma C, Zhang Q, Li L, Chen X, Zeng H, Guo D. 2014. Leading dimensions in absorptive root trait variation across 96 subtropical forest species. New Phytologist 203: 863-872.",-0.29785362777327734,2.7343675094195836
Magnolia_champaca,Magnolia,champaca,Magnoliaceae,Magnoliales,1.0,"Kong D, Ma C, Zhang Q, Li L, Chen X, Zeng H, Guo D. 2014. Leading dimensions in absorptive root trait variation across 96 subtropical forest species. New Phytologist 203: 863-872.",-0.7689057449610968,2.990719731730447
Magnolia_championii,Magnolia,championii,Magnoliaceae,Magnoliales,1.0,"Chen W, Zeng H, Eissenstat DM, Guo D. 2013. Variation of first-order root traits across climatic gradients and evolutionary trends in geological time. Global Ecology and Biogeography 22: 846-856.",-0.6106459590482015,3.4469034297516927
Magnolia_chapensis,Magnolia,chapensis,Magnoliaceae,Magnoliales,1.0,"<StringArray>
['Kong D, Ma C, Zhang Q, Li L, Chen X, Zeng H, Guo D. 2014. Leading dimensions in absorptive root trait variation across 96 subtropical forest species. New Phytologist 203: 863-872.', 'Wang R, Wang Q, Zhao N, Xu Z, Zhu X, Jiao C, Yu G, He N. 2018. Different phylogenetic and environmental controls of first-order root morphological and nutrient traits: Evidence of multidimensional root traits. Special Focus on Functional Traits Along A Transect 32(1): 29-39.']
Length: 2, dtype: str",-0.4996109934663938,3.1461840358843185
Magnolia_dandyi,Magnolia,dandyi,Magnoliaceae,Magnoliales,1.0,"Kong D, Ma C, Zhang Q, Li L, Chen X, Zeng H, Guo D. 2014. Leading dimensions in absorptive root trait variation across 96 subtropical forest species. New Phytologist 203: 863-872.",-0.4720857954500601,2.872999508171694
Magnolia_denudata,Magnolia,denudata,Magnoliaceae,Magnoliales,1.0,"<StringArray>
[' Valverde-Barrantes OJ, Smemo KA, Blackwood CB. 2014. Fine root morphology is phylogenetically structured, but nitrogen is related to the plant economics spectrum in temperate trees. Functional Ecology 29: 796-807.', 'Valverde et al (unpublished)']
Length: 2, dtype: str",-0.6998722331194441,3.0397837995190997
Magnolia_ernestii,Magnolia,ernestii,Magnoliaceae,Magnoliales,1.0,"<StringArray>
['Kong D, Ma C, Zhang Q, Li L, Chen X, Zeng H, Guo D. 2014. Leading dimensions in absorptive root trait variation across 96 subtropical forest species. New Phytologist 203: 863-872.', 'Chen W, Zeng H, Eissenstat DM, Guo D. 2013. Variation of first-order root traits across climatic gradients and evolutionary trends in geological time. Global Ecology and Biogeography 22: 846-856.']
Length: 2, dtype: str",-0.30001784621290184,2.7662562141665723
Magnolia_fulva,Magnolia,fulva,Magnoliaceae,Magnoliales,1.0,"Kong D, Ma C, Zhang Q, Li L, Chen X, Zeng H, Guo D. 2014. Leading dimensions in absorptive root trait variation across 96 subtropical forest species. New Phytologist 203: 863-872.",-0.40936771337543165,2.9647574692545606
Magnolia_grandiflora,Magnolia,grandiflora,Magnoliaceae,Magnoliales,1.0,"<StringArray>
['Kong D, Ma C, Zhang Q, Li L, Chen X, Zeng H, Guo D. 2014. Leading dimensions in absorptive root trait variation across 96 subtropical forest species. New Phytologist 203: 863-872.', 'Valverde et al (unpublished)']
Length: 2, dtype: str",-1.041747653810314,2.2423041621091158
Magnolia_kobus,Magnolia,kobus,Magnoliaceae,Magnoliales,1.0,"<StringArray>
[' Valverde-Barrantes OJ, Smemo KA, Blackwood CB. 2014. Fine root morphology is phylogenetically structured, but nitrogen is related to the plant economics spectrum in temperate trees. Functional Ecology 29: 796-807.', 'Valverde et al (unpublished)']
Length: 2, dtype: str",-0.8268555031213605,3.3077062234344843
Magnolia_lotungensis,Magnolia,lotungensis,Magnoliaceae,Magnoliales,1.0,"Kong D, Ma C, Zhang Q, Li L, Chen X, Zeng H, Guo D. 2014. Leading dimensions in absorptive root trait variation across 96 subtropical forest species. New Phytologist 203: 863-872.",-0.36118509941661847,2.485739636091892
Magnolia_macclurei,Magnolia,macclurei,Magnoliaceae,Magnoliales,1.0,"<StringArray>
['Kong D, Ma C, Zhang Q, Li L, Chen X, Zeng H, Guo D. 2014. Leading dimensions in absorptive root trait variation across 96 subtropical forest species. New Phytologist 203: 863-872.', 'Chen W, Zeng H, Eissenstat DM, Guo D. 2013. Variation of first-order root traits across climatic gradients and evolutionary trends in geological time. Global Ecology and Biogeography 22: 846-856.']
Length: 2, dtype: str",-0.6534563394725827,3.1094353932159864
Magnolia_macrophylla,Magnolia,macrophylla,Magnoliaceae,Magnoliales,1.0,Valverde et al (unpublished),-1.6124218098313137,2.5572273113676265
Magnolia_maudiae,Magnolia,maudiae,Magnoliaceae,Magnoliales,1.0,"<StringArray>
[                                                                                                'Kong D, Ma C, Zhang Q, Li L, Chen X, Zeng H, Guo D. 2014. Leading dimensions in absorptive root trait variation across 96 subtropical forest species. New Phytologist 203: 863-872.',
                                                                                 'Chen W, Zeng H, Eissenstat DM, Guo D. 2013. Variation of first-order root traits across climatic gradients and evolutionary trends in geological time. Global Ecology and Biogeography 22: 846-856.',
 'Wang R, Wang Q, Zhao N, Xu Z, Zhu X, Jiao C, Yu G, He N. 2018. Different phylogenetic and environmental controls of first-order root morphological and nutrient traits: Evidence of multidimensional root traits. Special Focus on Functional Traits Along A Transect 32(1): 29-39.']
Length: 3, dtype: str",-0.505556198273215,3.0279321607862917
Magnolia_odora,Magnolia,odora,Magnoliaceae,Magnoliales,1.0,"<StringArray>
[                                                                                    'Xiong D, Huang J, Yang Z, Lu Z, Chen G, Yang Y. 2012. Fine root architecture and morphology among different branch orders of six subtropical tree species. Acta Ecologica Sinica 32: 1888-1897.',
                                                                                                 'Kong D, Ma C, Zhang Q, Li L, Chen X, Zeng H, Guo D. 2014. Leading dimensions in absorptive root trait variation across 96 subtropical forest species. New Phytologist 203: 863-872.',
                                                                                 'Chen W, Zeng H, Eissenstat DM, Guo D. 2013. Variation of first-order root traits across climatic gradients and evolutionary trends in geological time. Global Ecology and Biogeography 22: 846-856.',
 'Wang R, Wang Q, Zhao N, Xu Z, Zhu X, Jiao C, Yu G, He N. 2018. Different phylogenetic and environmental controls of first-order root morphological and nutrient traits: Evidence of multidimensional root traits. Special Focus on Functional Traits Along A Transect 32(1): 29-39.']
Length: 4, dtype: str",-0.5681852001907166,3.013179113823393
Magnolia_opipara,Magnolia,opipara,Magnoliaceae,Magnoliales,1.0,"Kong D, Ma C, Zhang Q, Li L, Chen X, Zeng H, Guo D. 2014. Leading dimensions in absorptive root trait variation across 96 subtropical forest species. New Phytologist 203: 863-872.",-0.5746888174329436,2.5392369943330477
Magnolia_stellata,Magnolia,stellata,Magnoliaceae,Magnoliales,1.0,"<StringArray>
[' Valverde-Barrantes OJ, Smemo KA, Blackwood CB. 2014. Fine root morphology is phylogenetically structured, but nitrogen is related to the plant economics spectrum in temperate trees. Functional Ecology 29: 796-807.', 'Valverde et al (unpublished)']
Length: 2, dtype: str",-0.8363605843814319,3.439265294378326
Magnolia_tripetala,Magnolia,tripetala,Magnoliaceae,Magnoliales,1.0,"<StringArray>
[' Valverde-Barrantes OJ, Smemo KA, Blackwood CB. 2014. Fine root morphology is phylogenetically structured, but nitrogen is related to the plant economics spectrum in temperate trees. Functional Ecology 29: 796-807.', 'Valverde et al (unpublished)']
Length: 2, dtype: str",-0.6780381096103252,2.890204449456444
Magnolia_virginiana,Magnolia,virginiana,Magnoliaceae,Magnoliales,1.0,Valverde et al (unpublished),-2.2178719549334867,3.0022112396517002
Magnolia_yunnanensis,Magnolia,yunnanensis,Magnoliaceae,Magnoliales,1.0,"Kong D, Ma C, Zhang Q, Li L, Chen X, Zeng H, Guo D. 2014. Leading dimensions in absorptive root trait variation across 96 subtropical forest species. New Phytologist 203: 863-872.",-0.3274768169962273,2.847232265235547
Magnolia_yuyuanensis,Magnolia,yuyuanensis,Magnoliaceae,Magnoliales,1.0,"Liu B, Li H, Zhu B, Koide RT, Eissenstat DM, Guo D. 2015. Complementarity between roots and AM fungi in nutrient foraging strategies. New Phytologist 208: 125-136.",-0.6733445532637656,3.5779478934066544
Mallotus_paniculatus,Mallotus,paniculatus,Euphorbiaceae,Malpighiales,1.0,"Wang R, Wang Q, Zhao N, Xu Z, Zhu X, Jiao C, Yu G, He N. 2018. Different phylogenetic and environmental controls of first-order root morphological and nutrient traits: Evidence of multidimensional root traits. Special Focus on Functional Traits Along A Transect 32(1): 29-39.",-1.4447712908788664,4.575959027819343
Malus_baccata,Malus,baccata,Rosaceae,Rosales,1.0,"Chen W, Zeng H, Eissenstat DM, Guo D. 2013. Variation of first-order root traits across climatic gradients and evolutionary trends in geological time. Global Ecology and Biogeography 22: 846-856.",-1.4443581616398693,4.268713712142645
Malus_domestica,Malus,domestica,Rosaceae,Rosales,1.0,"Lavely EL, Chen W, Peterson KA, Klodd AE, Volder E, Marini RP, Eissenstat D. 2020. On characterizing root function in perennial horticultural crops. American Journal of Botany",-1.6901058155015551,4.032426399670245
Manglietia_paruicula,Manglietia,paruicula,Magnoliaceae,Magnoliales,1.0,"Kong D, Ma C, Zhang Q, Li L, Chen X, Zeng H, Guo D. 2014. Leading dimensions in absorptive root trait variation across 96 subtropical forest species. New Phytologist 203: 863-872.",-0.6853972886998859,3.0828269804049246
Manoao_colensoi,Manoao,colensoi,Podocarpaceae,Pinales,,"Holdaway RJ, Richardson SJ, Dickie IA, Peltzer DA, Coomes DA. 2011. Species- and community-level patterns in fine root traits along a 120 000-year soil chronosequence in temperate rain forest. Journal of Ecology 99: 954-963.",-0.7550225842780328,2.9391619220655967
Matteuccia_struthiopteris,Matteuccia,struthiopteris,Onocleaceae,Polypodiales,1.0,"<StringArray>
['Dong X, Wang H, Gu J, Wang Y, Wang Z. 2014. Root morphology, histology and chemistry of nine fern species (pteridophyta) in a temperate forest. Plant Soil 393: 215-227.', 'Wang R, Wang Q, Zhao N, Xu Z, Zhu X, Jiao C, Yu G, He N. 2018. Different phylogenetic and environmental controls of first-order root morphological and nutrient traits: Evidence of multidimensional root traits. Special Focus on Functional Traits Along A Transect 32(1): 29-39.']
Length: 2, dtype: str",-1.3744473706573064,5.184337650070223
Maytenus_arbutifolia,Maytenus,arbutifolia,Celastraceae,Celastrales,,"Assefa D, Godbold DL, Belay B, Abiya A, Rewald B. 2018. Fine root morphology, biochemistry and litter quality indices of fast- and slow-growing woody species in Ethiopian highland forest. Ecosystems 21: 482-494.",-0.6539264674066639,2.7650604558189897
Maytenus_schippii,Maytenus,schippii,Celastraceae,Celastrales,,"Collins CG, Wright SJ, Wurzburger N. 2016. Root and leaf traits reflect distinct resource acquisition strategies in tropical lianas and trees. Oecologia 180: 1037-1047.",-0.29536004344466127,1.9193782260458543
Medicago_minima,Medicago,minima,Fabaceae,Fabales,,"<StringArray>
[                                                                    'Birouste M, Kazakou E, Blanchard A, Roumet C. 2012. Plant traits and decomposition: are the relationships for roots comparable to those for leaves? Annals of Botany 109: 463-472. ',
                                                                      'Roumet C, Lafont F, Sari M, Warembourg F, Garnier E. 2008. Root traits and taxonomic affiliation of nine herbaceous species grown in glasshouse conditions. Plant Soil 312:69-83. ',
 'Roumet C, Birouste M, Picon-Cochard C, Ghestem M, Osman N, Vrignon-Brenas S, Cao K-F, Stokes A. 2016. Root structure-function relationships in 74 species: evidence of root economics spectrum related to carbon economy. New Phytologist 210: 815-826.']
Length: 3, dtype: str",-1.2006450142332614,5.35413043136725
Medicago_ruthenica,Medicago,ruthenica,Fabaceae,Fabales,,"Zhou M, Wang J, Bai W, Zhang Y, Zhang W-H. 2019. The response of root traits to precipitation change of herbaceous species in temperate steppes. Functional Ecology, in press.",-1.3470736479666092,4.1892000932347795
Medicago_sativa,Medicago,sativa,Fabaceae,Fabales,,"<StringArray>
['Yang Z, Culvenor RA, Haling RE, Stefanski A, Ryan MH, Sandral GA, Kidd DR, Lambers H, Simpson RJ. 2015. Variation in root traits associated with nutrient foraging among temperate legumes and grasses. Grass and Forage Science, early view article', 'Comas - Pasture species']
Length: 2, dtype: str",-1.1085270226048554,5.505876391130344
Melicope_pteleifolia,Melicope,pteleifolia,Rutaceae,Sapindales,1.0,"Kong D, Ma C, Zhang Q, Li L, Chen X, Zeng H, Guo D. 2014. Leading dimensions in absorptive root trait variation across 96 subtropical forest species. New Phytologist 203: 863-872.",-1.3705391291753843,4.576667825515379
Melicytus_ramiflorus,Melicytus,ramiflorus,Violaceae,Malpighiales,,"<StringArray>
['Holdaway RJ, Richardson SJ, Dickie IA, Peltzer DA, Coomes DA. 2011. Species- and community-level patterns in fine root traits along a 120 000-year soil chronosequence in temperate rain forest. Journal of Ecology 99: 954-963.', 'Kramer-Walter KR, Bellingham PJ, Millar TR, Smissen RD, Richardson SJ, Laughlin DC. 2016. Root traits are multidimensional: specific root length is independent from root tissue density and the plant economic spectrum. Journal of Ecology 104: 1299-1310.']
Length: 2, dtype: str",-0.7467765347450437,4.038309379748019
Melilotus_officinalis,Melilotus,officinalis,Fabaceae,Fabales,,"Craine JM, Froehle J, Tilman DG, Wedin DA, Chapin FS. 2001. The relationships among root and leaf traits of 76 grassland species and relative abundance among fertility and disturbance gradients. Oikos 93: 274-285",-1.2378743560016174,4.605170185988092
Memecylon_nigrescens,Memecylon,nigrescens,Melastomataceae,Myrtales,1.0,"Chen W, Zeng H, Eissenstat DM, Guo D. 2013. Variation of first-order root traits across climatic gradients and evolutionary trends in geological time. Global Ecology and Biogeography 22: 846-856.",-1.5957335476830126,4.477906235168379
Merremia_umbellata,Merremia,umbellata,Convolvulaceae,Solanales,,"Roumet C, Birouste M, Picon-Cochard C, Ghestem M, Osman N, Vrignon-Brenas S, Cao K-F, Stokes A. 2016. Root structure-function relationships in 74 species: evidence of root economics spectrum related to carbon economy. New Phytologist 210: 815-826.",-0.6500876910994983,3.455685566946225
Metrosideros_diffusa,Metrosideros,diffusa,Myrtaceae,Myrtales,,"Holdaway RJ, Richardson SJ, Dickie IA, Peltzer DA, Coomes DA. 2011. Species- and community-level patterns in fine root traits along a 120 000-year soil chronosequence in temperate rain forest. Journal of Ecology 99: 954-963.",-1.7719568419318752,4.439115601658009
Metrosideros_excelsa,Metrosideros,excelsa,Myrtaceae,Myrtales,,"Kramer-Walter KR, Bellingham PJ, Millar TR, Smissen RD, Richardson SJ, Laughlin DC. 2016. Root traits are multidimensional: specific root length is independent from root tissue density and the plant economic spectrum. Journal of Ecology 104: 1299-1310.",-0.7215809492224928,3.1890902893846174
Metrosideros_fulgens,Metrosideros,fulgens,Myrtaceae,Myrtales,,"Holdaway RJ, Richardson SJ, Dickie IA, Peltzer DA, Coomes DA. 2011. Species- and community-level patterns in fine root traits along a 120 000-year soil chronosequence in temperate rain forest. Journal of Ecology 99: 954-963.",-1.6607312068216509,4.33729074083249
Metrosideros_robusta,Metrosideros,robusta,Myrtaceae,Myrtales,,"Kramer-Walter KR, Bellingham PJ, Millar TR, Smissen RD, Richardson SJ, Laughlin DC. 2016. Root traits are multidimensional: specific root length is independent from root tissue density and the plant economic spectrum. Journal of Ecology 104: 1299-1310.",-0.8516740887881828,3.8622916936231837
Metrosideros_umbellata,Metrosideros,umbellata,Myrtaceae,Myrtales,,"<StringArray>
['Holdaway RJ, Richardson SJ, Dickie IA, Peltzer DA, Coomes DA. 2011. Species- and community-level patterns in fine root traits along a 120 000-year soil chronosequence in temperate rain forest. Journal of Ecology 99: 954-963.', 'Kramer-Walter KR, Bellingham PJ, Millar TR, Smissen RD, Richardson SJ, Laughlin DC. 2016. Root traits are multidimensional: specific root length is independent from root tissue density and the plant economic spectrum. Journal of Ecology 104: 1299-1310.']
Length: 2, dtype: str",-1.0356374895067213,3.4657359027997265
Microcos_paniculata,Microcos,paniculata,Malvaceae,Malvales,1.0,"Kong D, Ma C, Zhang Q, Li L, Chen X, Zeng H, Guo D. 2014. Leading dimensions in absorptive root trait variation across 96 subtropical forest species. New Phytologist 203: 863-872.",-2.1468642179972703,4.7482310288287435
Microtropis_discolor,Microtropis,discolor,Celastraceae,Celastrales,1.0,"Kong D, Ma C, Zhang Q, Li L, Chen X, Zeng H, Guo D. 2014. Leading dimensions in absorptive root trait variation across 96 subtropical forest species. New Phytologist 203: 863-872.",-0.7789447490587033,4.376888456817758
Millettia_leptobotrya,Millettia,leptobotrya,Fabaceae,Fabales,1.0,"Kong D, Ma C, Zhang Q, Li L, Chen X, Zeng H, Guo D. 2014. Leading dimensions in absorptive root trait variation across 96 subtropical forest species. New Phytologist 203: 863-872.",-1.0741733667910915,3.2433732964685884
Molinia_caerulea,Molinia,caerulea,Poaceae,Poales,,"Smith SW, Woodin SJ, Pakeman RJ, Johnson D, van der Wal R. 2014. Root traits predict decomposition across a landscape-scale grazing experiment. New Phytologist 203: 851-862.",-1.2378743560016174,3.332025922800857
Monarda_fistulosa,Monarda,fistulosa,Lamiaceae,Lamiales,,"Craine JM, Froehle J, Tilman DG, Wedin DA, Chapin FS. 2001. The relationships among root and leaf traits of 76 grassland species and relative abundance among fertility and disturbance gradients. Oikos 93: 274-285",-1.171182981502945,4.795790545596741
Musineon_divaricatum,Musineon,divaricatum,Apiaceae,Apiales,,"Kembel SW, Cahill JF, Jr. 2011. Independent Evolution of Leaf and Root Traits within and among Temperate Grassland Plant Communities. PLoS ONE 6(6): e19992.",-0.6659211943063538,3.5699012105435526
Myrsine_coriacea,Myrsine,coriacea,Primulaceae,Ericales,,"Kramer-Walter KR, Bellingham PJ, Millar TR, Smissen RD, Richardson SJ, Laughlin DC. 2016. Root traits are multidimensional: specific root length is independent from root tissue density and the plant economic spectrum. Journal of Ecology 104: 1299-1310.",-0.7367508180420773,3.3762833229293965
Myrsine_seguinii,Myrsine,seguinii,Primulaceae,Ericales,1.0,"Chen W, Zeng H, Eissenstat DM, Guo D. 2013. Variation of first-order root traits across climatic gradients and evolutionary trends in geological time. Global Ecology and Biogeography 22: 846-856.",-1.264814462401369,4.033761541634073
Myrtus_communis,Myrtus,communis,Myrtaceae,Myrtales,,"de la Riva, Navarro-Fernandez, Perez-Ramos, Villar, Maranon. Unpublished.",-0.8600876353155976,2.3155834521037053
Mytilaria_laosensis,Mytilaria,laosensis,Hamamelidaceae,Saxifragales,,"Liu R, Huang Z, McCormack ML, Zhou X, Wan X, Yu Z, Wang M, Zheng L. 2017. Plasticity of fine-root functional traits in the litter layer in response to nitrogen addition in a subtropical forest plantation. Plant Soil 415: 317-330",-0.916290731874155,3.7524409356036807
Nabalus_tatarinowii,Nabalus,tatarinowii,Asteraceae,Asterales,1.0,"Wang R, Wang Q, Zhao N, Xu Z, Zhu X, Jiao C, Yu G, He N. 2018. Different phylogenetic and environmental controls of first-order root morphological and nutrient traits: Evidence of multidimensional root traits. Special Focus on Functional Traits Along A Transect 32(1): 29-39.",-1.7237270588362281,5.837122182327003
Nardus_stricta,Nardus,stricta,Poaceae,Poales,,"<StringArray>
['Smith SW, Woodin SJ, Pakeman RJ, Johnson D, van der Wal R. 2014. Root traits predict decomposition across a landscape-scale grazing experiment. New Phytologist 203: 851-862.', 'Roumet C, Birouste M, Picon-Cochard C, Ghestem M, Osman N, Vrignon-Brenas S, Cao K-F, Stokes A. 2016. Root structure-function relationships in 74 species: evidence of root economics spectrum related to carbon economy. New Phytologist 210: 815-826.']
Length: 2, dtype: str",-1.1530684744641684,3.6251406131469297
Nassella_viridula,Nassella,viridula,Poaceae,Poales,,"Kembel SW, Cahill JF, Jr. 2011. Independent Evolution of Leaf and Root Traits within and among Temperate Grassland Plant Communities. PLoS ONE 6(6): e19992.",-1.4407505469159494,4.005383297618432
Neolitsea_phanerophlebia,Neolitsea,phanerophlebia,Lauraceae,Laurales,1.0,"Liu B, Li H, Zhu B, Koide RT, Eissenstat DM, Guo D. 2015. Complementarity between roots and AM fungi in nutrient foraging strategies. New Phytologist 208: 125-136.",-0.6539264674066639,3.6054978451748854
Neomyrtus_pedunculata,Neomyrtus,pedunculata,Myrtaceae,Myrtales,,"Holdaway RJ, Richardson SJ, Dickie IA, Peltzer DA, Coomes DA. 2011. Species- and community-level patterns in fine root traits along a 120 000-year soil chronosequence in temperate rain forest. Journal of Ecology 99: 954-963.",-1.5606477482646683,3.744787086052232
Neopanax_arboreus,Neopanax,arboreus,Araliaceae,Apiales,,"Kramer-Walter KR, Bellingham PJ, Millar TR, Smissen RD, Richardson SJ, Laughlin DC. 2016. Root traits are multidimensional: specific root length is independent from root tissue density and the plant economic spectrum. Journal of Ecology 104: 1299-1310.",-0.2453709015909429,2.884487803959676
Neopanax_colensoi,Neopanax,colensoi,Araliaceae,Apiales,,"Holdaway RJ, Richardson SJ, Dickie IA, Peltzer DA, Coomes DA. 2011. Species- and community-level patterns in fine root traits along a 120 000-year soil chronosequence in temperate rain forest. Journal of Ecology 99: 954-963.",-0.8209805520698302,3.104586678466073
Nephelium_lappaceum,Nephelium,lappaceum,Sapindaceae,Sapindales,1.0,"Kong D, Ma C, Zhang Q, Li L, Chen X, Zeng H, Guo D. 2014. Leading dimensions in absorptive root trait variation across 96 subtropical forest species. New Phytologist 203: 863-872.",-1.839794918266612,4.068171687918078
Nerium_oleander,Nerium,oleander,Apocynaceae,Gentianales,,"de la Riva, Navarro-Fernandez, Perez-Ramos, Villar, Maranon. Unpublished.",-0.7908886461457182,2.6517353083394815
Nestegis_lanceolata,Nestegis,lanceolata,Oleaceae,Lamiales,,"Kramer-Walter KR, Bellingham PJ, Millar TR, Smissen RD, Richardson SJ, Laughlin DC. 2016. Root traits are multidimensional: specific root length is independent from root tissue density and the plant economic spectrum. Journal of Ecology 104: 1299-1310.",-0.29476161886174657,2.3945741502437707
Nothofagus_fusca,Nothofagus,fusca,Nothofagaceae,Fagales,,"Kramer-Walter KR, Bellingham PJ, Millar TR, Smissen RD, Richardson SJ, Laughlin DC. 2016. Root traits are multidimensional: specific root length is independent from root tissue density and the plant economic spectrum. Journal of Ecology 104: 1299-1310.",-1.1821705436429357,4.035806379416535
Nothofagus_menziesii,Nothofagus,menziesii,Nothofagaceae,Fagales,,"Kramer-Walter KR, Bellingham PJ, Millar TR, Smissen RD, Richardson SJ, Laughlin DC. 2016. Root traits are multidimensional: specific root length is independent from root tissue density and the plant economic spectrum. Journal of Ecology 104: 1299-1310.",-1.1839523358351252,3.7903915385757774
Nothofagus_obliqua,Nothofagus,obliqua,Nothofagaceae,Fagales,,"Kramer-Walter KR, Bellingham PJ, Millar TR, Smissen RD, Richardson SJ, Laughlin DC. 2016. Root traits are multidimensional: specific root length is independent from root tissue density and the plant economic spectrum. Journal of Ecology 104: 1299-1310.",-1.0216512475319814,3.5667118201397288
Nothofagus_solandri,Nothofagus,solandri,Nothofagaceae,Fagales,,"Kramer-Walter KR, Bellingham PJ, Millar TR, Smissen RD, Richardson SJ, Laughlin DC. 2016. Root traits are multidimensional: specific root length is independent from root tissue density and the plant economic spectrum. Journal of Ecology 104: 1299-1310.",-1.4407505469159494,4.601569864094061
Nyssa_aquatica,Nyssa,aquatica,Cornaceae,Cornales,1.0,Valverde et al (unpublished),-1.7146544384589315,2.608107083328578
Nyssa_sylvatica,Nyssa,sylvatica,Cornaceae,Cornales,1.0," Valverde-Barrantes OJ, Smemo KA, Blackwood CB. 2014. Fine root morphology is phylogenetically structured, but nitrogen is related to the plant economics spectrum in temperate trees. Functional Ecology 29: 796-807.",-0.12972911046985044,2.6080681658227656
Ocotea_lancifolia,Ocotea,lancifolia,Lauraceae,Laurales,1.0,"<StringArray>
['Kong D, Ma C, Zhang Q, Li L, Chen X, Zeng H, Guo D. 2014. Leading dimensions in absorptive root trait variation across 96 subtropical forest species. New Phytologist 203: 863-872.', 'Chen W, Zeng H, Eissenstat DM, Guo D. 2013. Variation of first-order root traits across climatic gradients and evolutionary trends in geological time. Global Ecology and Biogeography 22: 846-856.']
Length: 2, dtype: str",-1.053227209511861,3.52542448828846
Oenothera_biennis,Oenothera,biennis,Onagraceae,Myrtales,,"Craine JM, Froehle J, Tilman DG, Wedin DA, Chapin FS. 2001. The relationships among root and leaf traits of 76 grassland species and relative abundance among fertility and disturbance gradients. Oikos 93: 274-285",-1.1394342831883648,4.553876891600541
Olea_europaea,Olea,europaea,Oleaceae,Lamiales,,"Polverigiani S, McCormack ML, Mueller CW, Eissenstat DM. 2011. Growth and physiology of olive pioneer and fibrous roots exposed to soil moisture deficits. Tree Physiology 31: 1228-1237.",-0.4155154439616658,2.4097725102789664
Olea_rosea,Olea,rosea,Oleaceae,Lamiales,1.0,"Kong D, Ma C, Zhang Q, Li L, Chen X, Zeng H, Guo D. 2014. Leading dimensions in absorptive root trait variation across 96 subtropical forest species. New Phytologist 203: 863-872.",-0.9304910812752964,3.364187556028255
Olearia_avicenniaefolia,Olearia,avicenniaefolia,Asteraceae,Asterales,,"Holdaway RJ, Richardson SJ, Dickie IA, Peltzer DA, Coomes DA. 2011. Species- and community-level patterns in fine root traits along a 120 000-year soil chronosequence in temperate rain forest. Journal of Ecology 99: 954-963.",-0.7339691750802004,2.9856819377004897
Olearia_rani,Olearia,rani,Asteraceae,Asterales,,"Kramer-Walter KR, Bellingham PJ, Millar TR, Smissen RD, Richardson SJ, Laughlin DC. 2016. Root traits are multidimensional: specific root length is independent from root tissue density and the plant economic spectrum. Journal of Ecology 104: 1299-1310.",-0.6216951131533057,3.80891799302419
Onoclea_sensibilis,Onoclea,sensibilis,Onocleaceae,Polypodiales,1.0,"Dong X, Wang H, Gu J, Wang Y, Wang Z. 2014. Root morphology, histology and chemistry of nine fern species (pteridophyta) in a temperate forest. Plant Soil 393: 215-227.",-1.3859732726743033,4.997815198049815
Oreocnide_frutescens,Oreocnide,frutescens,Urticaceae,Rosales,1.0,"Wang R, Wang Q, Zhao N, Xu Z, Zhu X, Jiao C, Yu G, He N. 2018. Different phylogenetic and environmental controls of first-order root morphological and nutrient traits: Evidence of multidimensional root traits. Special Focus on Functional Traits Along A Transect 32(1): 29-39.",-1.4304552569056603,4.544155511736094
Ornithopus_compressus,Ornithopus,compressus,Fabaceae,Fabales,,"Yang Z, Culvenor RA, Haling RE, Stefanski A, Ryan MH, Sandral GA, Kidd DR, Lambers H, Simpson RJ. 2015. Variation in root traits associated with nutrient foraging among temperate legumes and grasses. Grass and Forage Science, early view article",-1.288688645348188,5.5812293835404105
Ornithopus_sativus,Ornithopus,sativus,Fabaceae,Fabales,,"Yang Z, Culvenor RA, Haling RE, Stefanski A, Ryan MH, Sandral GA, Kidd DR, Lambers H, Simpson RJ. 2015. Variation in root traits associated with nutrient foraging among temperate legumes and grasses. Grass and Forage Science, early view article",-1.3290938140564474,5.704335240852814
Orophea_creaghii,Orophea,creaghii,Annonaceae,Magnoliales,1.0,"Kong D, Ma C, Zhang Q, Li L, Chen X, Zeng H, Guo D. 2014. Leading dimensions in absorptive root trait variation across 96 subtropical forest species. New Phytologist 203: 863-872.",-0.9179420946233856,3.813527758679047
Orthocarpus_luteus,Orthocarpus,luteus,Orobanchaceae,Lamiales,,"Kembel SW, Cahill JF, Jr. 2011. Independent Evolution of Leaf and Root Traits within and among Temperate Grassland Plant Communities. PLoS ONE 6(6): e19992.",-1.5789087073992776,4.435217814437088
Osmanthus_didymopetalus,Osmanthus,didymopetalus,Oleaceae,Lamiales,1.0,"Kong D, Ma C, Zhang Q, Li L, Chen X, Zeng H, Guo D. 2014. Leading dimensions in absorptive root trait variation across 96 subtropical forest species. New Phytologist 203: 863-872.",-0.32921265129195343,1.4861396960896067
Osmunda_japonica,Osmunda,japonica,Osmundaceae,Osmundales,1.0,"Wang R, Wang Q, Zhao N, Xu Z, Zhu X, Jiao C, Yu G, He N. 2018. Different phylogenetic and environmental controls of first-order root morphological and nutrient traits: Evidence of multidimensional root traits. Special Focus on Functional Traits Along A Transect 32(1): 29-39.",-0.8704214961323867,3.1579435469054666
Osyris_alba,Osyris,alba,Santalaceae,Santalales,,"de la Riva, Navarro-Fernandez, Perez-Ramos, Villar, Maranon. Unpublished.",-0.4605682824592504,1.773033775520673
Oxytropis_sericea,Oxytropis,sericea,Fabaceae,Fabales,,"Kembel SW, Cahill JF, Jr. 2011. Independent Evolution of Leaf and Root Traits within and among Temperate Grassland Plant Communities. PLoS ONE 6(6): e19992.",-1.266380264454553,4.571144285822836
Panicum_capillare,Panicum,capillare,Poaceae,Poales,,"Craine JM, Froehle J, Tilman DG, Wedin DA, Chapin FS. 2001. The relationships among root and leaf traits of 76 grassland species and relative abundance among fertility and disturbance gradients. Oikos 93: 274-285",-1.6094379124341003,5.384495062789089
Panicum_virgatum,Panicum,virgatum,Poaceae,Poales,,"<StringArray>
['Craine JM, Froehle J, Tilman DG, Wedin DA, Chapin FS. 2001. The relationships among root and leaf traits of 76 grassland species and relative abundance among fertility and disturbance gradients. Oikos 93: 274-285', 'Poon GT, Maherali H. 2015. Competitive interactions between a nonmycorrhizal invasive plant, Alliaria petiolata, and a suite of mycorrhizal grassland, old field, and forest species. PeerJ 3: e1090']
Length: 2, dtype: str",-1.431570705989526,5.4060253962374105
Pappobolus_microphyllus,Pappobolus,microphyllus,Asteraceae,Asterales,,"Bowsher AW, Mason CM, Goolsby EW, Donavan LA. 2016. Fine root tradeoffs between nitrogen concentration and xylem vessel traits preclude unified whole-plant resource strategies in Helianthus. Ecology and Evolution 6: 1016-1031.",-0.7462131821068964,5.638532589448084
Parthenocissus_quinquefolia,Parthenocissus,quinquefolia,Vitaceae,Vitales,1.0,"Wang R, Wang Q, Zhao N, Xu Z, Zhu X, Jiao C, Yu G, He N. 2018. Different phylogenetic and environmental controls of first-order root morphological and nutrient traits: Evidence of multidimensional root traits. Special Focus on Functional Traits Along A Transect 32(1): 29-39.",-1.7385977314684775,5.027890960377734
Payena_microphylla,Payena,microphylla,Sapotaceae,Ericales,,"Ushio M, Fujiki Y, Hidaka A, Kitayama K. 2015. Linkage of root physiology and morphology as an adaptation to soil phosphorus impoverishment in tropical montane forests. Functional Ecology 29: 1235-1245.",-0.20948722486672405,2.1418880322967535
Pennantia_corymbosa,Pennantia,corymbosa,Pennantiaceae,Apiales,,"Kramer-Walter KR, Bellingham PJ, Millar TR, Smissen RD, Richardson SJ, Laughlin DC. 2016. Root traits are multidimensional: specific root length is independent from root tissue density and the plant economic spectrum. Journal of Ecology 104: 1299-1310.",-0.6970978312566852,3.5384101215550334
Pennisetum_glaucum,Pennisetum,glaucum,Poaceae,Poales,,"Craine JM, Froehle J, Tilman DG, Wedin DA, Chapin FS. 2001. The relationships among root and leaf traits of 76 grassland species and relative abundance among fertility and disturbance gradients. Oikos 93: 274-285",-1.5141277326297755,4.997212273764115
Penstemon_confertus,Penstemon,confertus,Plantaginaceae,Lamiales,,"Kembel SW, Cahill JF, Jr. 2011. Independent Evolution of Leaf and Root Traits within and among Temperate Grassland Plant Communities. PLoS ONE 6(6): e19992.",-1.2395999819690873,4.381321386044519
Penstemon_grandiflorus,Penstemon,grandiflorus,Plantaginaceae,Lamiales,,"Craine JM, Froehle J, Tilman DG, Wedin DA, Chapin FS. 2001. The relationships among root and leaf traits of 76 grassland species and relative abundance among fertility and disturbance gradients. Oikos 93: 274-285",-0.8915981192837836,3.9318256327243257
Penstemon_nitidus,Penstemon,nitidus,Plantaginaceae,Lamiales,,"Kembel SW, Cahill JF, Jr. 2011. Independent Evolution of Leaf and Root Traits within and among Temperate Grassland Plant Communities. PLoS ONE 6(6): e19992.",-1.119631655892185,3.2524364348165227
Penstemon_procerus,Penstemon,procerus,Plantaginaceae,Lamiales,,"Kembel SW, Cahill JF, Jr. 2011. Independent Evolution of Leaf and Root Traits within and among Temperate Grassland Plant Communities. PLoS ONE 6(6): e19992.",-0.9401992769258307,3.8642920528859657
Pentaphylax_euryoides,Pentaphylax,euryoides,Pentaphylacaceae,Ericales,1.0,"Kong D, Ma C, Zhang Q, Li L, Chen X, Zeng H, Guo D. 2014. Leading dimensions in absorptive root trait variation across 96 subtropical forest species. New Phytologist 203: 863-872.",-2.1147786059695215,4.583333491378917
Pentaspadon_motleyi,Pentaspadon,motleyi,Anacardiaceae,Sapindales,,"Makita N, Kosugi Y, Dannoura M, Takanashi S, Niiyama K, Kassim AR, Nik AR. 2012. Patterns of root respiration rates and morphological traits in 13 tree species in a tropical forest. Tree Physiology 32: 303-312.",-1.2089853461494804,3.666321662240143
Persea_americana,Persea,americana,Lauraceae,Laurales,,"Rajab YA, Holscher D, Leuschner C, Barus H, Tjoa A, Hertel D. 2018. Effects of shade tree cover and diversity on root system structure and dynamics in cacao agroforests: The role of root competition and space partitioning. Plant Soil 422: 349-369.",-0.916290731874155,3.7074558396868715
Pertusadina_metcalfii,Pertusadina,metcalfii,Rubiaceae,Gentianales,1.0,"Kong D, Ma C, Zhang Q, Li L, Chen X, Zeng H, Guo D. 2014. Leading dimensions in absorptive root trait variation across 96 subtropical forest species. New Phytologist 203: 863-872.",-1.8679496075861015,4.604770105966751
Phalaris_aquatica,Phalaris,aquatica,Poaceae,Poales,,"<StringArray>
['Hill JO, Simpson RJ, Moore AD, Chapman DF. 2006. Morphology and response of roots of pasture species to phosphorus and nitrogen nutrition. Plant and Soil 286: 7-19.', 'Yang Z, Culvenor RA, Haling RE, Stefanski A, Ryan MH, Sandral GA, Kidd DR, Lambers H, Simpson RJ. 2015. Variation in root traits associated with nutrient foraging among temperate legumes and grasses. Grass and Forage Science, early view article']
Length: 2, dtype: str",-1.2505441172175538,5.088858965504056
Phalaris_arundinacea,Phalaris,arundinacea,Poaceae,Poales,,Comas - Pasture species,-1.1736052677095397,5.389871424131001
Phellodendron_amurense,Phellodendron,amurense,Rutaceae,Sapindales,1.0,"<StringArray>
[                                                                'Shi W, Wang ZQ, Liu JL, Gu JC, Guo DL. 2008. Fine root morphology of twenty hardwood species in Maoershan Natural Secondary Forest in Northeastern China. Journal of Plant Ecology (Chinese Version) 32: 1217-1226.',
                                                                       'Wang Y, Dong X, Wang H, Wang Z, Gu J. 2016. Root tip morphology, anatomy, chemistry and potential hydraulic conductivity vary with soil depth in three temperate hardwood species. Tree Physiology 36:99-108.',
                                                                                                     'Wang W, Wang Y, Hoch G, Wang Z, Gu J. 2018. Linkage of root morphology to anatomy with increasing nitrogen availability in six temperate tree species. Plant Soil 425: 198-200.',
 'Wang R, Wang Q, Zhao N, Xu Z, Zhu X, Jiao C, Yu G, He N. 2018. Different phylogenetic and environmental controls of first-order root morphological and nutrient traits: Evidence of multidimensional root traits. Special Focus on Functional Traits Along A Transect 32(1): 29-39.']
Length: 4, dtype: str",-0.6963355101710184,3.595633792866697
Philadelphus_incanus,Philadelphus,incanus,Hydrangeaceae,Cornales,1.0,"Wang R, Wang Q, Zhao N, Xu Z, Zhu X, Jiao C, Yu G, He N. 2018. Different phylogenetic and environmental controls of first-order root morphological and nutrient traits: Evidence of multidimensional root traits. Special Focus on Functional Traits Along A Transect 32(1): 29-39.",-1.6596791288708472,5.174868459551634
Phillyrea_angustifolia,Phillyrea,angustifolia,Oleaceae,Lamiales,,"de la Riva, Navarro-Fernandez, Perez-Ramos, Villar, Maranon. Unpublished.",-0.8836521297586326,2.5256984990538918
Phillyrea_latifolia,Phillyrea,latifolia,Oleaceae,Lamiales,,"de la Riva, Navarro-Fernandez, Perez-Ramos, Villar, Maranon. Unpublished.",-0.8748489294744942,2.546835568051659
Phleum_pratense,Phleum,pratense,Poaceae,Poales,,"<StringArray>
[                                   'Craine JM, Froehle J, Tilman DG, Wedin DA, Chapin FS. 2001. The relationships among root and leaf traits of 76 grassland species and relative abundance among fertility and disturbance gradients. Oikos 93: 274-285',
                                                               'Fort F, Jouany C, Cruz P. 2013.Root and leaf functional trait relations in Poaceae species: implications of differing resource-acquisition strategies. Journal of Plant Ecology 6:211-219',
 'Roumet C, Birouste M, Picon-Cochard C, Ghestem M, Osman N, Vrignon-Brenas S, Cao K-F, Stokes A. 2016. Root structure-function relationships in 74 species: evidence of root economics spectrum related to carbon economy. New Phytologist 210: 815-826.',
                                                                                                                                                                                                                                 'Comas - Pasture species']
Length: 4, dtype: str",-1.6590221417898607,5.5734990134065425
Phlomis_purpurea,Phlomis,purpurea,Lamiaceae,Lamiales,,"de la Riva, Navarro-Fernandez, Perez-Ramos, Villar, Maranon. Unpublished.",-0.8047214058324258,2.070783309506272
Phlomoides_umbrosa,Phlomoides,umbrosa,Lamiaceae,Lamiales,1.0,"Wang R, Wang Q, Zhao N, Xu Z, Zhu X, Jiao C, Yu G, He N. 2018. Different phylogenetic and environmental controls of first-order root morphological and nutrient traits: Evidence of multidimensional root traits. Special Focus on Functional Traits Along A Transect 32(1): 29-39.",-1.408335491996771,4.810882612537776
Phlox_hoodii,Phlox,hoodii,Polemoniaceae,Ericales,,"Kembel SW, Cahill JF, Jr. 2011. Independent Evolution of Leaf and Root Traits within and among Temperate Grassland Plant Communities. PLoS ONE 6(6): e19992.",-1.3291581697490815,4.673338915563373
Phyllocladus_hypophyllus,Phyllocladus,hypophyllus,Podocarpaceae,Pinales,,"Ushio M, Fujiki Y, Hidaka A, Kitayama K. 2015. Linkage of root physiology and morphology as an adaptation to soil phosphorus impoverishment in tropical montane forests. Functional Ecology 29: 1235-1245.",-0.5340089592216478,2.981436828851437
Phyllocladus_trichomanoides,Phyllocladus,trichomanoides,Podocarpaceae,Pinales,,"<StringArray>
['Holdaway RJ, Richardson SJ, Dickie IA, Peltzer DA, Coomes DA. 2011. Species- and community-level patterns in fine root traits along a 120 000-year soil chronosequence in temperate rain forest. Journal of Ecology 99: 954-963.', 'Kramer-Walter KR, Bellingham PJ, Millar TR, Smissen RD, Richardson SJ, Laughlin DC. 2016. Root traits are multidimensional: specific root length is independent from root tissue density and the plant economic spectrum. Journal of Ecology 104: 1299-1310.']
Length: 2, dtype: str",-0.45599398885193027,2.7593291180767983
Physalis_virginiana,Physalis,virginiana,Solanaceae,Solanales,,"Craine JM, Froehle J, Tilman DG, Wedin DA, Chapin FS. 2001. The relationships among root and leaf traits of 76 grassland species and relative abundance among fertility and disturbance gradients. Oikos 93: 274-285",-1.2039728043259361,3.9889840465642745
Picea_abies,Picea,abies,Pinaceae,Pinales,,"<StringArray>
[                                        'Withington JM, Reich PB, Oleksyn J, Eissenstat DM. 2006. Comparisons of structure and life span in roots and leaves among temperate trees. Ecological Monographs 76: 381-397.',
                                                       'Liese R, Alings K, Meier IC. 2017. Root branching is a leading root trait of the plant economics spectrum in temperate trees. Frontiers in Plant Science 8:315.',
 'Weemstra M, Sterck FJ, Visser EJW, Kuyper TW, Goudzwaard L, Mommer L. 2017. Fine-root trait plasticity of beech (Fagus sylvatica) and spruce (Picea abies) forests on two contrasting soils. Plant Soil 415: 175-188.',
                                                                   'Borken W, Kossmann G, Matzner E. 2007. Biomass, morphology and nutrient contents of fine roots in four Norway spruce stands. Plant Soil 292: 79-93.']
Length: 4, dtype: str",-0.7387695605474307,2.725403759224066
Picea_glauca,Picea,glauca,Pinaceae,Pinales,1.0,"Pregitzer KS, DeForest JL, Burton AJ, Allen MF, Ruess RW, Hendrick RL. 2002. Fine root architecture of nine North American trees. Ecological Monographs 72: 293-309.",-1.4696759700589417,3.6635616461296463
Picea_koraiensis,Picea,koraiensis,Pinaceae,Pinales,1.0,"<StringArray>
[                                                                                                    'Wang W, Wang Y, Hoch G, Wang Z, Gu J. 2018. Linkage of root morphology to anatomy with increasing nitrogen availability in six temperate tree species. Plant Soil 425: 198-200.',
 'Wang R, Wang Q, Zhao N, Xu Z, Zhu X, Jiao C, Yu G, He N. 2018. Different phylogenetic and environmental controls of first-order root morphological and nutrient traits: Evidence of multidimensional root traits. Special Focus on Functional Traits Along A Transect 32(1): 29-39.',
                                                                           'Wang Y, Gao G, Wang N, Wang Z, Gu J. 2019. Effects of morphology and stand structure on root biomass and length differed between absorptive and transport roots in temperate trees. Plant Soil, in press.']
Length: 3, dtype: str",-1.1149587109178323,3.995752803698256
Picea_meyeri,Picea,meyeri,Pinaceae,Pinales,1.0,"Chen W, Zeng H, Eissenstat DM, Guo D. 2013. Variation of first-order root traits across climatic gradients and evolutionary trends in geological time. Global Ecology and Biogeography 22: 846-856.",-1.2763853806295908,3.881446682632099
Picea_rubens,Picea,rubens,Pinaceae,Pinales,,"Chen W, Koide RT, Adams TS, DeForest JL, Cheng L, Eissenstat DM. 2016. Root morphology and mycorrhizal symbioses together shape nutrient foraging strategies of temperate trees. Proceedings of the National Academy of Sciences 113: 8741-8746.",-0.7985076962177716,2.91235066461494
Picea_wilsonii,Picea,wilsonii,Pinaceae,Pinales,1.0,"Chen W, Zeng H, Eissenstat DM, Guo D. 2013. Variation of first-order root traits across climatic gradients and evolutionary trends in geological time. Global Ecology and Biogeography 22: 846-856.",-1.3316569104612996,4.1970957847334915
Picris_hieracioides,Picris,hieracioides,Asteraceae,Asterales,,"<StringArray>
[                                                                    'Birouste M, Kazakou E, Blanchard A, Roumet C. 2012. Plant traits and decomposition: are the relationships for roots comparable to those for leaves? Annals of Botany 109: 463-472. ',
                                                                      'Roumet C, Lafont F, Sari M, Warembourg F, Garnier E. 2008. Root traits and taxonomic affiliation of nine herbaceous species grown in glasshouse conditions. Plant Soil 312:69-83. ',
 'Roumet C, Birouste M, Picon-Cochard C, Ghestem M, Osman N, Vrignon-Brenas S, Cao K-F, Stokes A. 2016. Root structure-function relationships in 74 species: evidence of root economics spectrum related to carbon economy. New Phytologist 210: 815-826.']
Length: 3, dtype: str",-1.1006142913387829,5.24830395451591
Pilosella_officinarum,Pilosella,officinarum,Asteraceae,Asterales,,"<StringArray>
['Roumet C, Birouste M, Picon-Cochard C, Ghestem M, Osman N, Vrignon-Brenas S, Cao K-F, Stokes A. 2016. Root structure-function relationships in 74 species: evidence of root economics spectrum related to carbon economy. New Phytologist 210: 815-826.',
                                                                 'Fort F, Volaire F, Guilioni L, Barkaoui K, Navas ML, Roumet C. 2017. Root traits are related to plant water-use among rangeland Mediterranean species. Functional Ecology 31: 1700-1709',
                                                         'Poirier V, Roumet C, Angers DA, Munson AD. 2018. Species and root traits impact macroaggregation in the rhizospheric soil of a Mediterranean common garden experiment. Plant Soil 424: 289-302.']
Length: 3, dtype: str",-0.8544203935788969,4.017628367688596
Pilosella_peleteriana,Pilosella,peleteriana,Asteraceae,Asterales,,"Roumet C, Birouste M, Picon-Cochard C, Ghestem M, Osman N, Vrignon-Brenas S, Cao K-F, Stokes A. 2016. Root structure-function relationships in 74 species: evidence of root economics spectrum related to carbon economy. New Phytologist 210: 815-826.",-0.4231200433468851,2.598979106047848
Pinus_armandii,Pinus,armandii,Pinaceae,Pinales,1.0,"<StringArray>
['Chen W, Zeng H, Eissenstat DM, Guo D. 2013. Variation of first-order root traits across climatic gradients and evolutionary trends in geological time. Global Ecology and Biogeography 22: 846-856.', 'Wang R, Wang Q, Zhao N, Xu Z, Zhu X, Jiao C, Yu G, He N. 2018. Different phylogenetic and environmental controls of first-order root morphological and nutrient traits: Evidence of multidimensional root traits. Special Focus on Functional Traits Along A Transect 32(1): 29-39.']
Length: 2, dtype: str",-1.2796438161078532,3.811007680407921
Pinus_edulis,Pinus,edulis,Pinaceae,Pinales,1.0,"Pregitzer KS, DeForest JL, Burton AJ, Allen MF, Ruess RW, Hendrick RL. 2002. Fine root architecture of nine North American trees. Ecological Monographs 72: 293-309.",-0.9675840262617056,2.995732273553991
Pinus_elliottii,Pinus,elliottii,Pinaceae,Pinales,1.0,"<StringArray>
['Kou L, Guo D, Yang H, Gao W, Li S. 2015. Growth, morphological traits and mycorrhizal colonization of fine roots respond differently to nitrogen addition in a slash pine plantation in subtropical China. Plant Soil 391: 207-218.', 'Pregitzer KS, DeForest JL, Burton AJ, Allen MF, Ruess RW, Hendrick RL. 2002. Fine root architecture of nine North American trees. Ecological Monographs 72: 293-309.']
Length: 2, dtype: str",-1.2021226652226176,3.811269146776913
Pinus_koraiensis,Pinus,koraiensis,Pinaceae,Pinales,1.0,"<StringArray>
[                                                                                                    'Wang W, Wang Y, Hoch G, Wang Z, Gu J. 2018. Linkage of root morphology to anatomy with increasing nitrogen availability in six temperate tree species. Plant Soil 425: 198-200.',
 'Wang R, Wang Q, Zhao N, Xu Z, Zhu X, Jiao C, Yu G, He N. 2018. Different phylogenetic and environmental controls of first-order root morphological and nutrient traits: Evidence of multidimensional root traits. Special Focus on Functional Traits Along A Transect 32(1): 29-39.',
                                                                           'Wang Y, Gao G, Wang N, Wang Z, Gu J. 2019. Effects of morphology and stand structure on root biomass and length differed between absorptive and transport roots in temperate trees. Plant Soil, in press.']
Length: 3, dtype: str",-0.7108580843877791,3.1706704202695604
Pinus_massoniana,Pinus,massoniana,Pinaceae,Pinales,1.0,"Wang R, Wang Q, Zhao N, Xu Z, Zhu X, Jiao C, Yu G, He N. 2018. Different phylogenetic and environmental controls of first-order root morphological and nutrient traits: Evidence of multidimensional root traits. Special Focus on Functional Traits Along A Transect 32(1): 29-39.",-1.2347757134809811,4.091879989155383
Pinus_nigra,Pinus,nigra,Pinaceae,Pinales,,"Withington JM, Reich PB, Oleksyn J, Eissenstat DM. 2006. Comparisons of structure and life span in roots and leaves among temperate trees. Ecological Monographs 76: 381-397.",-0.7985076962177716,3.5085558999826545
Pinus_palustris,Pinus,palustris,Pinaceae,Pinales,1.0,"Guo DL, Mitchell RJ, and Hendricks JJ. 2004. Fine root branch orders respond differentially to carbon source-sink manipulation in a longleaf pine forest. Oecologia 140:450-457.",-1.0498221244986778,3.493472657771326
Pinus_pinaster,Pinus,pinaster,Pinaceae,Pinales,,"Bakker MR, Augusto L, Achat DL. 2006. Fine root distribution of trees and understory in mature stands of maritime pine (Pinus pinaster) on dry and humid sites. Plant Soil 286: 37-51. ",-0.4726622291068139,2.057569730247584
Pinus_pinea,Pinus,pinea,Pinaceae,Pinales,,"de la Riva, Navarro-Fernandez, Perez-Ramos, Villar, Maranon. Unpublished.",-1.1525670162660357,2.9320806795136076
Pinus_pumila,Pinus,pumila,Pinaceae,Pinales,1.0,"Wang R, Wang Q, Zhao N, Xu Z, Zhu X, Jiao C, Yu G, He N. 2018. Different phylogenetic and environmental controls of first-order root morphological and nutrient traits: Evidence of multidimensional root traits. Special Focus on Functional Traits Along A Transect 32(1): 29-39.",-1.2647849437226935,3.97293082855107
Pinus_pungens,Pinus,pungens,Pinaceae,Pinales,,"Comas LH, Eissenstat DM. 2009. Patterns in root trait variation among 25 co-existing North American forest species. New Phytologist 182: 919-928.",-0.7339691750802004,3.4468078929142076
Pinus_resinosa,Pinus,resinosa,Pinaceae,Pinales,1.0,"Pregitzer KS, DeForest JL, Burton AJ, Allen MF, Ruess RW, Hendrick RL. 2002. Fine root architecture of nine North American trees. Ecological Monographs 72: 293-309.",-1.3862943611198906,3.4657359027997265
Pinus_strobus,Pinus,strobus,Pinaceae,Pinales,1.0,"McCormack ML, Adams TS, Smithwick EAH, Eissenstat DM. 2012. Predicting fine root lifespan from plant functional traits in temperate trees. New Phytologist 195:823-831.",-1.3470736479666092,3.509752788216501
Pinus_sylvestris,Pinus,sylvestris,Pinaceae,Pinales,1.0,"<StringArray>
['Zadworny M, McCormack ML, Mucha J, Reich PB, Oleksyn. 2016. Scots pine fine roots adjust along a 2000-km latitudinal climatic gradient. New Phytologist 212: 389-399. Zadworny M, McCormack ML, Zytkowiak R, Karolewski P, Mucha J, Oleksyn J. 2017. Patterns of structural and defense investments in fine roots of Scots pine (Pinus sylvestris L.) across a strong temperature and latitudinal gradient in Europe. Global Change Biology 23: 1218-1231.',
                                                                                                                                                                        'Wang R, Wang Q, Zhao N, Xu Z, Zhu X, Jiao C, Yu G, He N. 2018. Different phylogenetic and environmental controls of first-order root morphological and nutrient traits: Evidence of multidimensional root traits. Special Focus on Functional Traits Along A Transect 32(1): 29-39.',
                                                                                                                                                                                                                                                  'Wang Y, Gao G, Wang N, Wang Z, Gu J. 2019. Effects of morphology and stand structure on root biomass and length differed between absorptive and transport roots in temperate trees. Plant Soil, in press.']
Length: 3, dtype: str",-1.1100468663279959,3.469023988791029
Pinus_tabuliformis,Pinus,tabuliformis,Pinaceae,Pinales,1.0,"<StringArray>
[                                                                                                                             'Wang G, Fahey TJ, Xue S, Liu F. 2013. Root morphology and architecture respond to N addition in Pinus tabuliformis, west China. Oecologia 171:583-590.',
                                                                                 'Chen W, Zeng H, Eissenstat DM, Guo D. 2013. Variation of first-order root traits across climatic gradients and evolutionary trends in geological time. Global Ecology and Biogeography 22: 846-856.',
 'Wang R, Wang Q, Zhao N, Xu Z, Zhu X, Jiao C, Yu G, He N. 2018. Different phylogenetic and environmental controls of first-order root morphological and nutrient traits: Evidence of multidimensional root traits. Special Focus on Functional Traits Along A Transect 32(1): 29-39.']
Length: 3, dtype: str",-1.5681338938394511,4.4370164110224835
Pinus_taeda,Pinus,taeda,Pinaceae,Pinales,,"Beidler KV, Taylor BN, Strand AE, Cooper ER, Schonholz M, Pritchard SG. 2015. Changes in root architecture under elevated concentrations of CO2 and nitrogen reflect alternate soil exploration strategies. New Phytologist 205: 1153-1163.",-0.3339036546541068,3.068401711513366
Pinus_virginiana,Pinus,virginiana,Pinaceae,Pinales,1.0,"McCormack ML, Adams TS, Smithwick EAH, Eissenstat DM. 2012. Predicting fine root lifespan from plant functional traits in temperate trees. New Phytologist 195:823-831.",-1.4696759700589417,3.500942158534346
Pistacia_chinensis,Pistacia,chinensis,Anacardiaceae,Sapindales,1.0,"Kong D, Ma C, Zhang Q, Li L, Chen X, Zeng H, Guo D. 2014. Leading dimensions in absorptive root trait variation across 96 subtropical forest species. New Phytologist 203: 863-872.",-1.4309988829043705,4.505128831807865
Pistacia_lentiscus,Pistacia,lentiscus,Anacardiaceae,Sapindales,,"de la Riva, Navarro-Fernandez, Perez-Ramos, Villar, Maranon. Unpublished.",-0.8466947089862523,2.4433962786339625
Pistacia_terebinthus,Pistacia,terebinthus,Anacardiaceae,Sapindales,,"de la Riva, Navarro-Fernandez, Perez-Ramos, Villar, Maranon. Unpublished.",-0.7980633505095052,2.158969708422966
Pittosporum_eugenioides,Pittosporum,eugenioides,Pittosporaceae,Apiales,,"Kramer-Walter KR, Bellingham PJ, Millar TR, Smissen RD, Richardson SJ, Laughlin DC. 2016. Root traits are multidimensional: specific root length is independent from root tissue density and the plant economic spectrum. Journal of Ecology 104: 1299-1310.",-0.8771768620352551,3.90262338923604
Pittosporum_tenuifolium,Pittosporum,tenuifolium,Pittosporaceae,Apiales,,"Kramer-Walter KR, Bellingham PJ, Millar TR, Smissen RD, Richardson SJ, Laughlin DC. 2016. Root traits are multidimensional: specific root length is independent from root tissue density and the plant economic spectrum. Journal of Ecology 104: 1299-1310.",-0.8525449355741938,3.935679341115721
Plagianthus_regius,Plagianthus,regius,Malvaceae,Malvales,,"Kramer-Walter KR, Bellingham PJ, Millar TR, Smissen RD, Richardson SJ, Laughlin DC. 2016. Root traits are multidimensional: specific root length is independent from root tissue density and the plant economic spectrum. Journal of Ecology 104: 1299-1310.",-0.8291578344906496,4.06592529618082
Plantago_lanceolata,Plantago,lanceolata,Plantaginaceae,Lamiales,,"<StringArray>
['Poon GT, Maherali H. 2015. Competitive interactions between a nonmycorrhizal invasive plant, Alliaria petiolata, and a suite of mycorrhizal grassland, old field, and forest species. PeerJ 3: e1090', 'Comas - Pasture species']
Length: 2, dtype: str",-1.6252427086668626,5.880221476480564
Plantago_patagonica,Plantago,patagonica,Plantaginaceae,Lamiales,,"Kembel SW, Cahill JF, Jr. 2011. Independent Evolution of Leaf and Root Traits within and among Temperate Grassland Plant Communities. PLoS ONE 6(6): e19992.",-1.7531158475600377,5.146203713904753
Plantago_varia,Plantago,varia,Plantaginaceae,Lamiales,,"Mokany K, Ash J. 2008. Are traits measured on pot grown plants representative of those in natural communities? Journal of Vegetation Science 19: 119-126.",-0.5996568374726066,3.224857896545748
Platanus_acerifolia,Platanus,acerifolia,Platanaceae,Proteales,1.0,Valverde et al (unpublished),-1.2656322739126677,3.175132901920282
Platanus_occidentalis,Platanus,occidentalis,Platanaceae,Proteales,1.0," Valverde-Barrantes OJ, Smemo KA, Blackwood CB. 2014. Fine root morphology is phylogenetically structured, but nitrogen is related to the plant economics spectrum in temperate trees. Functional Ecology 29: 796-807.",-0.7200046347298279,2.4830207392427712
Platycladus_orientalis,Platycladus,orientalis,Cupressaceae,Pinales,1.0,"<StringArray>
['Li R, Ling N, Hao J, Min J, Chen X, Guan Q. 2013. Effects of stand ages on carbon storage, fine root morphology and biomass in Platycladus orientalis  plantation. Journal of Nanjing Forestry University (Natural Sciences edition) 37: 21-27.', 'Li R, Peng T, Liu N, Wang D, Jiangang M, Guan Q. 2013. Response of carbon storage, fine root biomass and morphology to thinning in Platycladus orientalis plantation. Journal of Northeast Forestry university 41: 34-38.']
Length: 2, dtype: str",-1.0101436406805016,2.873941216500069
Platypodium_elegans,Platypodium,elegans,Fabaceae,Fabales,,"Collins CG, Wright SJ, Wurzburger N. 2016. Root and leaf traits reflect distinct resource acquisition strategies in tropical lianas and trees. Oecologia 180: 1037-1047.",-0.13361083520857264,1.8629676225874312
Pleioblastus_amarus,Pleioblastus,amarus,Poaceae,Poales,,"Chen G-T, Tu L-H, Peng Y, Hu H-L, Hu T-X, Xu Z-F, Liu L, Tang Y. 2017. Effect of nitrogen additions on root morphology and chemistry in a subtropical bamboo forest. Plant Soil 412: 441-451.",-1.2205860710937597,3.4458147012160816
Poa_cusickii,Poa,cusickii,Poaceae,Poales,,"Kembel SW, Cahill JF, Jr. 2011. Independent Evolution of Leaf and Root Traits within and among Temperate Grassland Plant Communities. PLoS ONE 6(6): e19992.",-1.7814131771739108,4.899614377441543
Poa_glauca,Poa,glauca,Poaceae,Poales,,"Hong J, Ma X, Yan Y, Zhang X, Wang X. 2017. Which root traits determine nitrogen uptake by alpine plant species on the Tibetan Plateau? Plant Soil, in press. ",-1.0498221244986778,-0.09018732406558425
Poa_labillardierei,Poa,labillardierei,Poaceae,Poales,,"Mokany K, Ash J. 2008. Are traits measured on pot grown plants representative of those in natural communities? Journal of Vegetation Science 19: 119-126.",-1.3684544429915595,5.002603122398992
Poa_nemoralis,Poa,nemoralis,Poaceae,Poales,,"Craine JM, Froehle J, Tilman DG, Wedin DA, Chapin FS. 2001. The relationships among root and leaf traits of 76 grassland species and relative abundance among fertility and disturbance gradients. Oikos 93: 274-285",-1.3862943611198906,5.1298987149230735
Poa_pratensis,Poa,pratensis,Poaceae,Poales,,"<StringArray>
[                                   'Craine JM, Froehle J, Tilman DG, Wedin DA, Chapin FS. 2001. The relationships among root and leaf traits of 76 grassland species and relative abundance among fertility and disturbance gradients. Oikos 93: 274-285',
 'Roumet C, Birouste M, Picon-Cochard C, Ghestem M, Osman N, Vrignon-Brenas S, Cao K-F, Stokes A. 2016. Root structure-function relationships in 74 species: evidence of root economics spectrum related to carbon economy. New Phytologist 210: 815-826.',
                                                                                                                                                                                                                                 'Comas - Pasture species',
                                                                                            'Kembel SW, Cahill JF, Jr. 2011. Independent Evolution of Leaf and Root Traits within and among Temperate Grassland Plant Communities. PLoS ONE 6(6): e19992.']
Length: 4, dtype: str",-1.5937614330490928,5.832412080274224
Poa_trivialis,Poa,trivialis,Poaceae,Poales,,"Roumet C, Birouste M, Picon-Cochard C, Ghestem M, Osman N, Vrignon-Brenas S, Cao K-F, Stokes A. 2016. Root structure-function relationships in 74 species: evidence of root economics spectrum related to carbon economy. New Phytologist 210: 815-826.",-1.6820086052689358,6.071776449314649
Podocarpus_chinensis,Podocarpus,chinensis,Podocarpaceae,Pinales,1.0,"Liu B, Li H, Zhu B, Koide RT, Eissenstat DM, Guo D. 2015. Complementarity between roots and AM fungi in nutrient foraging strategies. New Phytologist 208: 125-136.",-0.23572233352106983,2.7343675094195836
Podocarpus_cunninghamii,Podocarpus,cunninghamii,Podocarpaceae,Pinales,,"<StringArray>
['Holdaway RJ, Richardson SJ, Dickie IA, Peltzer DA, Coomes DA. 2011. Species- and community-level patterns in fine root traits along a 120 000-year soil chronosequence in temperate rain forest. Journal of Ecology 99: 954-963.', 'Kramer-Walter KR, Bellingham PJ, Millar TR, Smissen RD, Richardson SJ, Laughlin DC. 2016. Root traits are multidimensional: specific root length is independent from root tissue density and the plant economic spectrum. Journal of Ecology 104: 1299-1310.']
Length: 2, dtype: str",-0.13666009142607263,2.1514330926453265
Podocarpus_gibbsii,Podocarpus,gibbsii,Podocarpaceae,Pinales,,"Ushio M, Fujiki Y, Hidaka A, Kitayama K. 2015. Linkage of root physiology and morphology as an adaptation to soil phosphorus impoverishment in tropical montane forests. Functional Ecology 29: 1235-1245.",-0.4652151125139384,2.689342973636514
Podocarpus_neriifolius,Podocarpus,neriifolius,Podocarpaceae,Pinales,1.0,"Wang R, Wang Q, Zhao N, Xu Z, Zhu X, Jiao C, Yu G, He N. 2018. Different phylogenetic and environmental controls of first-order root morphological and nutrient traits: Evidence of multidimensional root traits. Special Focus on Functional Traits Along A Transect 32(1): 29-39.",-1.4276719266077862,4.671921721289969
Podocarpus_totara,Podocarpus,totara,Podocarpaceae,Pinales,,"Kramer-Walter KR, Bellingham PJ, Millar TR, Smissen RD, Richardson SJ, Laughlin DC. 2016. Root traits are multidimensional: specific root length is independent from root tissue density and the plant economic spectrum. Journal of Ecology 104: 1299-1310.",-0.13137860948506097,2.3990297137002687
Podophyllum_peltatum,Podophyllum,peltatum,Berberidaceae,Ranunculales,,"Valverde-Barrantes OJ, Smemo KA,  Feinstein LM, Kershner MW, Blackwood CB. 2015. Aggregated and complementary: symmetric proliferation, overyielding, and mass effects explain fine-root biomass in soil patches in a diverse temperate deciduous forest landscape. New Phytologist 205(2): 731-742.",-0.17559224945598745,2.8144171099764566
Polystichum_chilense,Polystichum,chilense,Dryopteridaceae,Polypodiales,,"Holdaway RJ, Richardson SJ, Dickie IA, Peltzer DA, Coomes DA. 2011. Species- and community-level patterns in fine root traits along a 120 000-year soil chronosequence in temperate rain forest. Journal of Ecology 99: 954-963.",-1.2039728043259361,3.7773481021015445
Populus_alba,Populus,alba,Salicaceae,Malpighiales,,"de la Riva, Navarro-Fernandez, Perez-Ramos, Villar, Maranon. Unpublished.",-0.6362943689671625,2.228302173091705
Populus_balsamifera,Populus,balsamifera,Salicaceae,Malpighiales,1.0,"Pregitzer KS, DeForest JL, Burton AJ, Allen MF, Ruess RW, Hendrick RL. 2002. Fine root architecture of nine North American trees. Ecological Monographs 72: 293-309.",-1.8325814637483102,4.499809670330265
Populus_cathayana,Populus,cathayana,Salicaceae,Malpighiales,1.0,"<StringArray>
['Chen W, Zeng H, Eissenstat DM, Guo D. 2013. Variation of first-order root traits across climatic gradients and evolutionary trends in geological time. Global Ecology and Biogeography 22: 846-856.', 'Wang R, Wang Q, Zhao N, Xu Z, Zhu X, Jiao C, Yu G, He N. 2018. Different phylogenetic and environmental controls of first-order root morphological and nutrient traits: Evidence of multidimensional root traits. Special Focus on Functional Traits Along A Transect 32(1): 29-39.']
Length: 2, dtype: str",-1.504183627418549,5.049500526873019
Populus_deltoides,Populus,deltoides,Salicaceae,Malpighiales,1.0,"<StringArray>
[' Valverde-Barrantes OJ, Smemo KA, Blackwood CB. 2014. Fine root morphology is phylogenetically structured, but nitrogen is related to the plant economics spectrum in temperate trees. Functional Ecology 29: 796-807.', 'Valverde et al (unpublished)']
Length: 2, dtype: str",-1.3741855298226626,4.468836545016303
Populus_grandidentata,Populus,grandidentata,Salicaceae,Malpighiales,,"<StringArray>
['Comas LH, Eissenstat DM. 2009. Patterns in root trait variation among 25 co-existing North American forest species. New Phytologist 182: 919-928.', 'Valverde-Barrantes OJ, Smemo KA,  Feinstein LM, Kershner MW, Blackwood CB. 2015. Aggregated and complementary: symmetric proliferation, overyielding, and mass effects explain fine-root biomass in soil patches in a diverse temperate deciduous forest landscape. New Phytologist 205(2): 731-742.']
Length: 2, dtype: str",-0.6463017633284405,3.7898378154128265
Populus_koreana,Populus,koreana,Salicaceae,Malpighiales,1.0,"Wang R, Wang Q, Zhao N, Xu Z, Zhu X, Jiao C, Yu G, He N. 2018. Different phylogenetic and environmental controls of first-order root morphological and nutrient traits: Evidence of multidimensional root traits. Special Focus on Functional Traits Along A Transect 32(1): 29-39.",-1.5373498360398465,5.251494573334607
Populus_tremula,Populus,tremula,Salicaceae,Malpighiales,1.0,"Hajek P, Hertel D, Leuschner C. 2014. Root order- and root age-dependent response of two poplar species to belowground competition. Plant Soil 337:337-355.",-1.736009111122361,5.796687139386251
Populus_tremuloides,Populus,tremuloides,Salicaceae,Malpighiales,1.0,"<StringArray>
['Zadworny M, Eissenstat DM. 2011. Contrasting the morphology, anatomy and fungal colonization of new pioneer and fibrous roots. New Phytologist 190:213-221.', 'McCormack ML, Adams TS, Smithwick EAH, Eissenstat DM. 2012. Predicting fine root lifespan from plant functional traits in temperate trees. New Phytologist 195:823-831.']
Length: 2, dtype: str",-1.6094379124341003,3.904343594084277
Populus_trichocarpa,Populus,trichocarpa,Salicaceae,Malpighiales,1.0,"Hajek P, Hertel D, Leuschner C. 2014. Root order- and root age-dependent response of two poplar species to belowground competition. Plant Soil 337:337-355.",-1.9162996216143233,5.79136831956124
Potentilla_acaulis,Potentilla,acaulis,Rosaceae,Rosales,,"Zhou M, Wang J, Bai W, Zhang Y, Zhang W-H. 2019. The response of root traits to precipitation change of herbaceous species in temperate steppes. Functional Ecology, in press.",-1.4271163556401458,4.434559785122148
Potentilla_arguta,Potentilla,arguta,Rosaceae,Rosales,,"<StringArray>
['Craine JM, Froehle J, Tilman DG, Wedin DA, Chapin FS. 2001. The relationships among root and leaf traits of 76 grassland species and relative abundance among fertility and disturbance gradients. Oikos 93: 274-285', 'Kembel SW, Cahill JF, Jr. 2011. Independent Evolution of Leaf and Root Traits within and among Temperate Grassland Plant Communities. PLoS ONE 6(6): e19992.']
Length: 2, dtype: str",-1.0319354308715785,3.876772620209502
Potentilla_neumanniana,Potentilla,neumanniana,Rosaceae,Rosales,,"<StringArray>
[                       'Perez-Ramos IM, Volaire F, Fattet M, Blanchard A, Roumet C. Tradeoffs between functional strategies for resource-use and drought-survival in Mediterranean rangeland species. Environmental and Experimental Botany 87: 126-136.',
 'Roumet C, Birouste M, Picon-Cochard C, Ghestem M, Osman N, Vrignon-Brenas S, Cao K-F, Stokes A. 2016. Root structure-function relationships in 74 species: evidence of root economics spectrum related to carbon economy. New Phytologist 210: 815-826.',
                                                                 'Fort F, Volaire F, Guilioni L, Barkaoui K, Navas ML, Roumet C. 2017. Root traits are related to plant water-use among rangeland Mediterranean species. Functional Ecology 31: 1700-1709',
                                                         'Poirier V, Roumet C, Angers DA, Munson AD. 2018. Species and root traits impact macroaggregation in the rhizospheric soil of a Mediterranean common garden experiment. Plant Soil 424: 289-302.']
Length: 4, dtype: str",-0.9037745874519166,4.122104655280028
Potentilla_tanacetifolia,Potentilla,tanacetifolia,Rosaceae,Rosales,,"Zhou M, Wang J, Bai W, Zhang Y, Zhang W-H. 2019. The response of root traits to precipitation change of herbaceous species in temperate steppes. Functional Ecology, in press.",-1.3862943611198906,4.235771783916321
Prionostemma_aspera,Prionostemma,aspera,Celastraceae,Celastrales,,"Collins CG, Wright SJ, Wurzburger N. 2016. Root and leaf traits reflect distinct resource acquisition strategies in tropical lianas and trees. Oecologia 180: 1037-1047.",-0.36564172851786464,2.5234223284853243
Prumnopitys_ferruginea,Prumnopitys,ferruginea,Podocarpaceae,Pinales,,"<StringArray>
['Holdaway RJ, Richardson SJ, Dickie IA, Peltzer DA, Coomes DA. 2011. Species- and community-level patterns in fine root traits along a 120 000-year soil chronosequence in temperate rain forest. Journal of Ecology 99: 954-963.', 'Kramer-Walter KR, Bellingham PJ, Millar TR, Smissen RD, Richardson SJ, Laughlin DC. 2016. Root traits are multidimensional: specific root length is independent from root tissue density and the plant economic spectrum. Journal of Ecology 104: 1299-1310.']
Length: 2, dtype: str",-0.12335913013844098,1.9429713186126407
Prumnopitys_taxifolia,Prumnopitys,taxifolia,Podocarpaceae,Pinales,,"Kramer-Walter KR, Bellingham PJ, Millar TR, Smissen RD, Richardson SJ, Laughlin DC. 2016. Root traits are multidimensional: specific root length is independent from root tissue density and the plant economic spectrum. Journal of Ecology 104: 1299-1310.",-0.28741544133435,2.3979538000726293
Prunella_vulgaris,Prunella,vulgaris,Lamiaceae,Lamiales,,"<StringArray>
['Roumet C, Birouste M, Picon-Cochard C, Ghestem M, Osman N, Vrignon-Brenas S, Cao K-F, Stokes A. 2016. Root structure-function relationships in 74 species: evidence of root economics spectrum related to carbon economy. New Phytologist 210: 815-826.', 'Poon GT, Maherali H. 2015. Competitive interactions between a nonmycorrhizal invasive plant, Alliaria petiolata, and a suite of mycorrhizal grassland, old field, and forest species. PeerJ 3: e1090']
Length: 2, dtype: str",-1.4656262104020212,5.566303758415884
Prunus_alabamensis,Prunus,alabamensis,Rosaceae,Rosales,1.0,"Wang R, Wang Q, Zhao N, Xu Z, Zhu X, Jiao C, Yu G, He N. 2018. Different phylogenetic and environmental controls of first-order root morphological and nutrient traits: Evidence of multidimensional root traits. Special Focus on Functional Traits Along A Transect 32(1): 29-39.",-1.6424777665123005,4.963876121865704
Prunus_armeniaca,Prunus,armeniaca,Rosaceae,Rosales,1.0,"Wang R, Wang Q, Zhao N, Xu Z, Zhu X, Jiao C, Yu G, He N. 2018. Different phylogenetic and environmental controls of first-order root morphological and nutrient traits: Evidence of multidimensional root traits. Special Focus on Functional Traits Along A Transect 32(1): 29-39.",-0.8141855089370014,3.518862936047514
Prunus_avium,Prunus,avium,Rosaceae,Rosales,1.0,"Wang R, Wang Q, Zhao N, Xu Z, Zhu X, Jiao C, Yu G, He N. 2018. Different phylogenetic and environmental controls of first-order root morphological and nutrient traits: Evidence of multidimensional root traits. Special Focus on Functional Traits Along A Transect 32(1): 29-39.",-1.6066293601120614,4.956418997863008
Prunus_padus,Prunus,padus,Rosaceae,Rosales,1.0,"Wang R, Wang Q, Zhao N, Xu Z, Zhu X, Jiao C, Yu G, He N. 2018. Different phylogenetic and environmental controls of first-order root morphological and nutrient traits: Evidence of multidimensional root traits. Special Focus on Functional Traits Along A Transect 32(1): 29-39.",-1.9166426513747452,5.50616332770253
Prunus_persica,Prunus,persica,Rosaceae,Rosales,1.0,"Lavely EL, Chen W, Peterson KA, Klodd AE, Volder E, Marini RP, Eissenstat D. 2020. On characterizing root function in perennial horticultural crops. American Journal of Botany",-1.9207298505250152,4.334166494167092
Prunus_sargentii,Prunus,sargentii,Rosaceae,Rosales,1.0,"<StringArray>
[' Valverde-Barrantes OJ, Smemo KA, Blackwood CB. 2014. Fine root morphology is phylogenetically structured, but nitrogen is related to the plant economics spectrum in temperate trees. Functional Ecology 29: 796-807.', 'Valverde et al (unpublished)']
Length: 2, dtype: str",-1.8415134857539672,4.399899946952382
Prunus_serotina,Prunus,serotina,Rosaceae,Rosales,,"<StringArray>
[                                                                                                                                                   'Comas LH, Eissenstat DM. 2009. Patterns in root trait variation among 25 co-existing North American forest species. New Phytologist 182: 919-928.',
                                                     'Chen W, Koide RT, Adams TS, DeForest JL, Cheng L, Eissenstat DM. 2016. Root morphology and mycorrhizal symbioses together shape nutrient foraging strategies of temperate trees. Proceedings of the National Academy of Sciences 113: 8741-8746.',
 'Valverde-Barrantes OJ, Smemo KA,  Feinstein LM, Kershner MW, Blackwood CB. 2015. Aggregated and complementary: symmetric proliferation, overyielding, and mass effects explain fine-root biomass in soil patches in a diverse temperate deciduous forest landscape. New Phytologist 205(2): 731-742.']
Length: 3, dtype: str",-0.4574632348724531,3.0232165875237538
Prunus_sibirica,Prunus,sibirica,Rosaceae,Rosales,1.0,"Shi W, Wang ZQ, Liu JL, Gu JC, Guo DL. 2008. Fine root morphology of twenty hardwood species in Maoershan Natural Secondary Forest in Northeastern China. Journal of Plant Ecology (Chinese Version) 32: 1217-1226.",-1.4765528573907178,4.701501623222388
Prunus_virginiana,Prunus,virginiana,Rosaceae,Rosales,,"Poon GT, Maherali H. 2015. Competitive interactions between a nonmycorrhizal invasive plant, Alliaria petiolata, and a suite of mycorrhizal grassland, old field, and forest species. PeerJ 3: e1090",-1.0328245481301066,3.979612123671706
Pseudopanax_crassifolius,Pseudopanax,crassifolius,Araliaceae,Apiales,,"<StringArray>
['Holdaway RJ, Richardson SJ, Dickie IA, Peltzer DA, Coomes DA. 2011. Species- and community-level patterns in fine root traits along a 120 000-year soil chronosequence in temperate rain forest. Journal of Ecology 99: 954-963.', 'Kramer-Walter KR, Bellingham PJ, Millar TR, Smissen RD, Richardson SJ, Laughlin DC. 2016. Root traits are multidimensional: specific root length is independent from root tissue density and the plant economic spectrum. Journal of Ecology 104: 1299-1310.']
Length: 2, dtype: str",-0.4002910168344353,3.1820720849325004
Pseudosclerochloa_rupestris,Pseudosclerochloa,rupestris,Poaceae,Poales,,"Kembel SW, Cahill JF, Jr. 2011. Independent Evolution of Leaf and Root Traits within and among Temperate Grassland Plant Communities. PLoS ONE 6(6): e19992.",-1.8078888511579385,4.960266555333299
Pseudotsuga_menziesii,Pseudotsuga,menziesii,Pinaceae,Pinales,,"Withington JM, Reich PB, Oleksyn J, Eissenstat DM. 2006. Comparisons of structure and life span in roots and leaves among temperate trees. Ecological Monographs 76: 381-397.",-0.5621189181535413,3.2068032436339315
Pseudowintera_colorata,Pseudowintera,colorata,Winteraceae,Canellales,,"<StringArray>
['Holdaway RJ, Richardson SJ, Dickie IA, Peltzer DA, Coomes DA. 2011. Species- and community-level patterns in fine root traits along a 120 000-year soil chronosequence in temperate rain forest. Journal of Ecology 99: 954-963.', 'Kramer-Walter KR, Bellingham PJ, Millar TR, Smissen RD, Richardson SJ, Laughlin DC. 2016. Root traits are multidimensional: specific root length is independent from root tissue density and the plant economic spectrum. Journal of Ecology 104: 1299-1310.']
Length: 2, dtype: str",-0.17895579874622952,2.608424832700646
Psychotria_asiatica,Psychotria,asiatica,Rubiaceae,Gentianales,1.0,"<StringArray>
['Kong D, Ma C, Zhang Q, Li L, Chen X, Zeng H, Guo D. 2014. Leading dimensions in absorptive root trait variation across 96 subtropical forest species. New Phytologist 203: 863-872.', 'Wang R, Wang Q, Zhao N, Xu Z, Zhu X, Jiao C, Yu G, He N. 2018. Different phylogenetic and environmental controls of first-order root morphological and nutrient traits: Evidence of multidimensional root traits. Special Focus on Functional Traits Along A Transect 32(1): 29-39.']
Length: 2, dtype: str",-1.5670970719445754,4.474935068958718
Pteridium_aquilinum,Pteridium,aquilinum,Dennstaedtiaceae,Polypodiales,1.0,"Wang R, Wang Q, Zhao N, Xu Z, Zhu X, Jiao C, Yu G, He N. 2018. Different phylogenetic and environmental controls of first-order root morphological and nutrient traits: Evidence of multidimensional root traits. Special Focus on Functional Traits Along A Transect 32(1): 29-39.",-1.3819040128185978,4.6935390431844075
Pterocarpus_indicus,Pterocarpus,indicus,Fabaceae,Fabales,,"Rajab YA, Holscher D, Leuschner C, Barus H, Tjoa A, Hertel D. 2018. Effects of shade tree cover and diversity on root system structure and dynamics in cacao agroforests: The role of root competition and space partitioning. Plant Soil 422: 349-369.",0.0,1.5260563034950494
Pterospermum_acerifolium,Pterospermum,acerifolium,Malvaceae,Malvales,1.0,"Kong D, Ma C, Zhang Q, Li L, Chen X, Zeng H, Guo D. 2014. Leading dimensions in absorptive root trait variation across 96 subtropical forest species. New Phytologist 203: 863-872.",-1.2703263048759572,3.2449333591874905
Pueraria_stricta,Pueraria,stricta,Fabaceae,Fabales,,"Roumet C, Birouste M, Picon-Cochard C, Ghestem M, Osman N, Vrignon-Brenas S, Cao K-F, Stokes A. 2016. Root structure-function relationships in 74 species: evidence of root economics spectrum related to carbon economy. New Phytologist 210: 815-826.",-0.41703174447962976,1.601405740736836
Pycnanthemum_virginianum,Pycnanthemum,virginianum,Lamiaceae,Lamiales,,"Craine JM, Froehle J, Tilman DG, Wedin DA, Chapin FS. 2001. The relationships among root and leaf traits of 76 grassland species and relative abundance among fertility and disturbance gradients. Oikos 93: 274-285",-1.0788096613719298,4.430816798843313
Pyrus_betulifolia,Pyrus,betulifolia,Rosaceae,Rosales,1.0,"Chen W, Zeng H, Eissenstat DM, Guo D. 2013. Variation of first-order root traits across climatic gradients and evolutionary trends in geological time. Global Ecology and Biogeography 22: 846-856.",-0.7421504359316949,2.872843822791624
Pyrus_bourgaeana,Pyrus,bourgaeana,Rosaceae,Rosales,,"de la Riva, Navarro-Fernandez, Perez-Ramos, Villar, Maranon. Unpublished.",-0.8459487708179082,2.2300474258504153
Quercus_alba,Quercus,alba,Fagaceae,Fagales,1.0,"<StringArray>
['McCormack ML, Adams TS, Smithwick EAH, Eissenstat DM. 2012. Predicting fine root lifespan from plant functional traits in temperate trees. New Phytologist 195:823-831.', 'Pregitzer KS, DeForest JL, Burton AJ, Allen MF, Ruess RW, Hendrick RL. 2002. Fine root architecture of nine North American trees. Ecological Monographs 72: 293-309.']
Length: 2, dtype: str",-1.7719568419318754,4.291417885803127
Quercus_aliena,Quercus,aliena,Fagaceae,Fagales,1.0,"<StringArray>
['Chen W, Zeng H, Eissenstat DM, Guo D. 2013. Variation of first-order root traits across climatic gradients and evolutionary trends in geological time. Global Ecology and Biogeography 22: 846-856.', 'Wang R, Wang Q, Zhao N, Xu Z, Zhu X, Jiao C, Yu G, He N. 2018. Different phylogenetic and environmental controls of first-order root morphological and nutrient traits: Evidence of multidimensional root traits. Special Focus on Functional Traits Along A Transect 32(1): 29-39.']
Length: 2, dtype: str",-1.744729564835804,4.617689267645409
Quercus_asymmetrica,Quercus,asymmetrica,Fagaceae,Fagales,1.0,"Kong D, Ma C, Zhang Q, Li L, Chen X, Zeng H, Guo D. 2014. Leading dimensions in absorptive root trait variation across 96 subtropical forest species. New Phytologist 203: 863-872.",-1.0583152319035727,3.810654511039857
Quercus_bicolor,Quercus,bicolor,Fagaceae,Fagales,,"Valverde-Barrantes OJ, Smemo KA,  Feinstein LM, Kershner MW, Blackwood CB. 2015. Aggregated and complementary: symmetric proliferation, overyielding, and mass effects explain fine-root biomass in soil patches in a diverse temperate deciduous forest landscape. New Phytologist 205(2): 731-742.",-0.6127744574174347,3.4530200829815474
Quercus_canariensis,Quercus,canariensis,Fagaceae,Fagales,,"de la Riva, Navarro-Fernandez, Perez-Ramos, Villar, Maranon. Unpublished.",-0.8824933522908643,2.552651901209491
Quercus_coccifera,Quercus,coccifera,Fagaceae,Fagales,,"de la Riva, Navarro-Fernandez, Perez-Ramos, Villar, Maranon. Unpublished.",-0.7487744150182892,2.2988541711526858
Quercus_faginea,Quercus,faginea,Fagaceae,Fagales,,"de la Riva, Navarro-Fernandez, Perez-Ramos, Villar, Maranon. Unpublished.",-0.6774214800984629,2.1051146846126847
Quercus_glauca,Quercus,glauca,Fagaceae,Fagales,,"Sun L, Kominami Y, Yoshimura K, Kitayama K. 2017. Root-exudate flux variations among four co-existing canopy species in a temperate forest, Japan. Ecological Research 32: 331-339.",-1.5141277326297755,4.179145163914566
Quercus_ilex,Quercus,ilex,Fagaceae,Fagales,,"de la Riva, Navarro-Fernandez, Perez-Ramos, Villar, Maranon. Unpublished.",-0.597405275780442,1.9956557032249547
Quercus_lowii,Quercus,lowii,Fagaceae,Fagales,,"Ushio M, Fujiki Y, Hidaka A, Kitayama K. 2015. Linkage of root physiology and morphology as an adaptation to soil phosphorus impoverishment in tropical montane forests. Functional Ecology 29: 1235-1245.",-1.0023934309275668,3.4331481428939825
Quercus_macrocarpa,Quercus,macrocarpa,Fagaceae,Fagales,,"Poon GT, Maherali H. 2015. Competitive interactions between a nonmycorrhizal invasive plant, Alliaria petiolata, and a suite of mycorrhizal grassland, old field, and forest species. PeerJ 3: e1090",-1.2463237448664664,3.863577169390978
Quercus_mongolica,Quercus,mongolica,Fagaceae,Fagales,1.0,"<StringArray>
['Shi W, Wang ZQ, Liu JL, Gu JC, Guo DL. 2008. Fine root morphology of twenty hardwood species in Maoershan Natural Secondary Forest in Northeastern China. Journal of Plant Ecology (Chinese Version) 32: 1217-1226.', 'Wang R, Wang Q, Zhao N, Xu Z, Zhu X, Jiao C, Yu G, He N. 2018. Different phylogenetic and environmental controls of first-order root morphological and nutrient traits: Evidence of multidimensional root traits. Special Focus on Functional Traits Along A Transect 32(1): 29-39.']
Length: 2, dtype: str",-1.5231202030595645,4.597080072390454
Quercus_multinervis,Quercus,multinervis,Fagaceae,Fagales,1.0,"Wang R, Wang Q, Zhao N, Xu Z, Zhu X, Jiao C, Yu G, He N. 2018. Different phylogenetic and environmental controls of first-order root morphological and nutrient traits: Evidence of multidimensional root traits. Special Focus on Functional Traits Along A Transect 32(1): 29-39.",-1.4628514838420459,4.345563147836171
Quercus_oxyodon,Quercus,oxyodon,Fagaceae,Fagales,1.0,"Wang R, Wang Q, Zhao N, Xu Z, Zhu X, Jiao C, Yu G, He N. 2018. Different phylogenetic and environmental controls of first-order root morphological and nutrient traits: Evidence of multidimensional root traits. Special Focus on Functional Traits Along A Transect 32(1): 29-39.",-1.7080159257951957,5.158334149593464
Quercus_palustris,Quercus,palustris,Fagaceae,Fagales,,"Valverde-Barrantes OJ, Smemo KA,  Feinstein LM, Kershner MW, Blackwood CB. 2015. Aggregated and complementary: symmetric proliferation, overyielding, and mass effects explain fine-root biomass in soil patches in a diverse temperate deciduous forest landscape. New Phytologist 205(2): 731-742.",-0.6864695258067048,3.6298774545165577
Quercus_robur,Quercus,robur,Fagaceae,Fagales,1.0," Zadworny M, McCormack ML, Rawlik K, Jagodzinski AM. 2015. Seasonal variation in chemistry, but not morphology, in roots of Quercus robur growing in different soil types. Tree Physiology 35: 644-652.",-1.4639744985838203,3.5859468125793654
Quercus_rubra,Quercus,rubra,Fagaceae,Fagales,1.0,"McCormack ML, Adams TS, Smithwick EAH, Eissenstat DM. 2012. Predicting fine root lifespan from plant functional traits in temperate trees. New Phytologist 195:823-831.",-1.791759469228055,4.161951288268011
Quercus_serrata,Quercus,serrata,Fagaceae,Fagales,1.0,"Wang R, Wang Q, Zhao N, Xu Z, Zhu X, Jiao C, Yu G, He N. 2018. Different phylogenetic and environmental controls of first-order root morphological and nutrient traits: Evidence of multidimensional root traits. Special Focus on Functional Traits Along A Transect 32(1): 29-39.",-1.6972450605110259,4.854558315702191
Quercus_suber,Quercus,suber,Fagaceae,Fagales,,"de la Riva, Navarro-Fernandez, Perez-Ramos, Villar, Maranon. Unpublished.",-1.0632692763961136,2.9451271123484846
Quercus_variabilis,Quercus,variabilis,Fagaceae,Fagales,1.0,"Chen W, Zeng H, Eissenstat DM, Guo D. 2013. Variation of first-order root traits across climatic gradients and evolutionary trends in geological time. Global Ecology and Biogeography 22: 846-856.",-1.968788933876298,4.384073327019456
Quercus_wutaishanica,Quercus,wutaishanica,Fagaceae,Fagales,1.0,"<StringArray>
['Chen W, Zeng H, Eissenstat DM, Guo D. 2013. Variation of first-order root traits across climatic gradients and evolutionary trends in geological time. Global Ecology and Biogeography 22: 846-856.', 'Wang R, Wang Q, Zhao N, Xu Z, Zhu X, Jiao C, Yu G, He N. 2018. Different phylogenetic and environmental controls of first-order root morphological and nutrient traits: Evidence of multidimensional root traits. Special Focus on Functional Traits Along A Transect 32(1): 29-39.']
Length: 2, dtype: str",-1.245372950897588,4.012031738872642
Quintinia_serrata,Quintinia,serrata,Paracryphiaceae,Paracryphiales,,"<StringArray>
['Holdaway RJ, Richardson SJ, Dickie IA, Peltzer DA, Coomes DA. 2011. Species- and community-level patterns in fine root traits along a 120 000-year soil chronosequence in temperate rain forest. Journal of Ecology 99: 954-963.', 'Kramer-Walter KR, Bellingham PJ, Millar TR, Smissen RD, Richardson SJ, Laughlin DC. 2016. Root traits are multidimensional: specific root length is independent from root tissue density and the plant economic spectrum. Journal of Ecology 104: 1299-1310.']
Length: 2, dtype: str",-0.9810959552402707,3.6095164482813833
Ranunculus_acris,Ranunculus,acris,Ranunculaceae,Ranunculales,,"Smith SW, Woodin SJ, Pakeman RJ, Johnson D, van der Wal R. 2014. Root traits predict decomposition across a landscape-scale grazing experiment. New Phytologist 203: 851-862.",-1.171182981502945,1.9358598132018119
Rapanea_australis,Rapanea,australis,Primulaceae,Ericales,,"<StringArray>
['Holdaway RJ, Richardson SJ, Dickie IA, Peltzer DA, Coomes DA. 2011. Species- and community-level patterns in fine root traits along a 120 000-year soil chronosequence in temperate rain forest. Journal of Ecology 99: 954-963.', 'Kramer-Walter KR, Bellingham PJ, Millar TR, Smissen RD, Richardson SJ, Laughlin DC. 2016. Root traits are multidimensional: specific root length is independent from root tissue density and the plant economic spectrum. Journal of Ecology 104: 1299-1310.']
Length: 2, dtype: str",-0.9020796887801914,3.6431529372184897
Rapanea_divaricata,Rapanea,divaricata,Primulaceae,Ericales,,"<StringArray>
['Holdaway RJ, Richardson SJ, Dickie IA, Peltzer DA, Coomes DA. 2011. Species- and community-level patterns in fine root traits along a 120 000-year soil chronosequence in temperate rain forest. Journal of Ecology 99: 954-963.', 'Kramer-Walter KR, Bellingham PJ, Millar TR, Smissen RD, Richardson SJ, Laughlin DC. 2016. Root traits are multidimensional: specific root length is independent from root tissue density and the plant economic spectrum. Journal of Ecology 104: 1299-1310.']
Length: 2, dtype: str",-0.9680665988214664,3.6504980557807416
Ratibida_pinnata,Ratibida,pinnata,Asteraceae,Asterales,,"Craine JM, Froehle J, Tilman DG, Wedin DA, Chapin FS. 2001. The relationships among root and leaf traits of 76 grassland species and relative abundance among fertility and disturbance gradients. Oikos 93: 274-285",-0.8209805520698302,4.02535169073515
Raukaua_simplex,Raukaua,simplex,Araliaceae,Apiales,,"Holdaway RJ, Richardson SJ, Dickie IA, Peltzer DA, Coomes DA. 2011. Species- and community-level patterns in fine root traits along a 120 000-year soil chronosequence in temperate rain forest. Journal of Ecology 99: 954-963.",-1.0216512475319814,3.459466289786131
Rhamnus_alaternus,Rhamnus,alaternus,Rhamnaceae,Rosales,,"de la Riva, Navarro-Fernandez, Perez-Ramos, Villar, Maranon. Unpublished.",-1.0199166417197731,2.7821448194524847
Rhamnus_davurica,Rhamnus,davurica,Rhamnaceae,Rosales,1.0,"Wang R, Wang Q, Zhao N, Xu Z, Zhu X, Jiao C, Yu G, He N. 2018. Different phylogenetic and environmental controls of first-order root morphological and nutrient traits: Evidence of multidimensional root traits. Special Focus on Functional Traits Along A Transect 32(1): 29-39.",-1.7120245012092015,5.19709489569434
Rhamnus_lycioides,Rhamnus,lycioides,Rhamnaceae,Rosales,,"de la Riva, Navarro-Fernandez, Perez-Ramos, Villar, Maranon. Unpublished.",-1.1427993135577832,3.222429909620088
Rhaphiolepis_indica,Rhaphiolepis,indica,Rosaceae,Rosales,1.0,"Kong D, Ma C, Zhang Q, Li L, Chen X, Zeng H, Guo D. 2014. Leading dimensions in absorptive root trait variation across 96 subtropical forest species. New Phytologist 203: 863-872.",-1.932332740641626,4.463491407656154
Rhododendron_hypoglaucum,Rhododendron,hypoglaucum,Ericaceae,Ericales,1.0,"Wang R, Wang Q, Zhao N, Xu Z, Zhu X, Jiao C, Yu G, He N. 2018. Different phylogenetic and environmental controls of first-order root morphological and nutrient traits: Evidence of multidimensional root traits. Special Focus on Functional Traits Along A Transect 32(1): 29-39.",-1.9471859625593653,5.096447499700531
Rhododendron_ponticum,Rhododendron,ponticum,Ericaceae,Ericales,,"de la Riva, Navarro-Fernandez, Perez-Ramos, Villar, Maranon. Unpublished.",-0.8505029913361519,2.854882490144274
Rhodoleia_championii,Rhodoleia,championii,Hamamelidaceae,Saxifragales,1.0,"Chen W, Zeng H, Eissenstat DM, Guo D. 2013. Variation of first-order root traits across climatic gradients and evolutionary trends in geological time. Global Ecology and Biogeography 22: 846-856.",-1.1874435023747254,3.8406558890797298
Rhopalostylis_sapida,Rhopalostylis,sapida,Arecaceae,Arecales,,"Kramer-Walter KR, Bellingham PJ, Millar TR, Smissen RD, Richardson SJ, Laughlin DC. 2016. Root traits are multidimensional: specific root length is independent from root tissue density and the plant economic spectrum. Journal of Ecology 104: 1299-1310.",-0.6680644001924823,3.1034160946192193
Rhus_chinensis,Rhus,chinensis,Anacardiaceae,Sapindales,,"Roumet C, Birouste M, Picon-Cochard C, Ghestem M, Osman N, Vrignon-Brenas S, Cao K-F, Stokes A. 2016. Root structure-function relationships in 74 species: evidence of root economics spectrum related to carbon economy. New Phytologist 210: 815-826.",-0.35953617621976464,1.6789639750827108
Rhus_typhina,Rhus,typhina,Anacardiaceae,Sapindales,,"Comas LH, Eissenstat DM. 2009. Patterns in root trait variation among 25 co-existing North American forest species. New Phytologist 182: 919-928.",-0.7985076962177716,4.3294166844015844
Rosa_acicularis,Rosa,acicularis,Rosaceae,Rosales,1.0,"Wang R, Wang Q, Zhao N, Xu Z, Zhu X, Jiao C, Yu G, He N. 2018. Different phylogenetic and environmental controls of first-order root morphological and nutrient traits: Evidence of multidimensional root traits. Special Focus on Functional Traits Along A Transect 32(1): 29-39.",-1.2337449626596062,4.022385435031041
Rosa_arkansana,Rosa,arkansana,Rosaceae,Rosales,,"Kembel SW, Cahill JF, Jr. 2011. Independent Evolution of Leaf and Root Traits within and among Temperate Grassland Plant Communities. PLoS ONE 6(6): e19992.",-1.1856418476412125,3.726321455046138
Rosa_canina,Rosa,canina,Rosaceae,Rosales,,"de la Riva, Navarro-Fernandez, Perez-Ramos, Villar, Maranon. Unpublished.",-0.6529173613408791,2.540897280645857
Rosa_xanthina,Rosa,xanthina,Rosaceae,Rosales,1.0,"Wang R, Wang Q, Zhao N, Xu Z, Zhu X, Jiao C, Yu G, He N. 2018. Different phylogenetic and environmental controls of first-order root morphological and nutrient traits: Evidence of multidimensional root traits. Special Focus on Functional Traits Along A Transect 32(1): 29-39.",-1.6906479678596436,5.22768711832685
Rosmarinus_officinalis,Rosmarinus,officinalis,Lamiaceae,Lamiales,,"de la Riva, Navarro-Fernandez, Perez-Ramos, Villar, Maranon. Unpublished.",-0.8572359690928401,2.467363963126187
Rubia_peregrina,Rubia,peregrina,Rubiaceae,Gentianales,,"<StringArray>
['Birouste M, Kazakou E, Blanchard A, Roumet C. 2012. Plant traits and decomposition: are the relationships for roots comparable to those for leaves? Annals of Botany 109: 463-472. ', 'Roumet C, Birouste M, Picon-Cochard C, Ghestem M, Osman N, Vrignon-Brenas S, Cao K-F, Stokes A. 2016. Root structure-function relationships in 74 species: evidence of root economics spectrum related to carbon economy. New Phytologist 210: 815-826.']
Length: 2, dtype: str",-1.0147308046874075,4.645351975620923
Rubus_allegheniensis,Rubus,allegheniensis,Rosaceae,Rosales,,"Caplan JS, Stone BWG, Faillace CA, Lafond JJ, Baumgarten JM, Mozdzer TJ, Dighton J, Meiners SJ, Grabosky JC, Ehrenfeld JG. 2017. Nutrient foraging strategies are associated with productivity and population growth in forest shrubs. Annals of Botany 119: 977-988.",-1.6349964724737638,3.2664288641140624
Rubus_corchorifolius,Rubus,corchorifolius,Rosaceae,Rosales,,"Fu X, Wang J, Wang H, Dai X, Yang F, Zhao M. 2016. Response of the fine root production, phenology, and turnover rate of six shrub species from a subtropical forest to a soil moisture gradient and shading. Plant Soil 399: 135-146. ",-1.2039728043259361,6.100094711633431
Rubus_crataegifolius,Rubus,crataegifolius,Rosaceae,Rosales,1.0,"Wang R, Wang Q, Zhao N, Xu Z, Zhu X, Jiao C, Yu G, He N. 2018. Different phylogenetic and environmental controls of first-order root morphological and nutrient traits: Evidence of multidimensional root traits. Special Focus on Functional Traits Along A Transect 32(1): 29-39.",-1.8898134097034431,5.64788850177962
Rubus_idaeus,Rubus,idaeus,Rosaceae,Rosales,1.0,"Wang R, Wang Q, Zhao N, Xu Z, Zhu X, Jiao C, Yu G, He N. 2018. Different phylogenetic and environmental controls of first-order root morphological and nutrient traits: Evidence of multidimensional root traits. Special Focus on Functional Traits Along A Transect 32(1): 29-39.",-1.708982042770487,5.145917113662598
Rubus_irritans,Rubus,irritans,Rosaceae,Rosales,1.0,"Wang R, Wang Q, Zhao N, Xu Z, Zhu X, Jiao C, Yu G, He N. 2018. Different phylogenetic and environmental controls of first-order root morphological and nutrient traits: Evidence of multidimensional root traits. Special Focus on Functional Traits Along A Transect 32(1): 29-39.",-1.731605546408308,5.260971191549772
Rubus_phoenicolasius,Rubus,phoenicolasius,Rosaceae,Rosales,,"Caplan JS, Stone BWG, Faillace CA, Lafond JJ, Baumgarten JM, Mozdzer TJ, Dighton J, Meiners SJ, Grabosky JC, Ehrenfeld JG. 2017. Nutrient foraging strategies are associated with productivity and population growth in forest shrubs. Annals of Botany 119: 977-988.",-1.5050154951529964,3.195567292117267
Rubus_rosifolius,Rubus,rosifolius,Rosaceae,Rosales,1.0,"Wang R, Wang Q, Zhao N, Xu Z, Zhu X, Jiao C, Yu G, He N. 2018. Different phylogenetic and environmental controls of first-order root morphological and nutrient traits: Evidence of multidimensional root traits. Special Focus on Functional Traits Along A Transect 32(1): 29-39.",-2.1346726844885096,5.766636300616433
Rubus_ulmifolius,Rubus,ulmifolius,Rosaceae,Rosales,,"de la Riva, Navarro-Fernandez, Perez-Ramos, Villar, Maranon. Unpublished.",-1.102742682010621,2.9745224117776665
Rudbeckia_hirta,Rudbeckia,hirta,Asteraceae,Asterales,,"Poon GT, Maherali H. 2015. Competitive interactions between a nonmycorrhizal invasive plant, Alliaria petiolata, and a suite of mycorrhizal grassland, old field, and forest species. PeerJ 3: e1090",-1.3327915096025842,5.69426756890243
Rumex_acetosa,Rumex,acetosa,Polygonaceae,Caryophyllales,,"Smith SW, Woodin SJ, Pakeman RJ, Johnson D, van der Wal R. 2014. Root traits predict decomposition across a landscape-scale grazing experiment. New Phytologist 203: 851-862.",-1.171182981502945,1.5810384379124025
Rumex_acetosella,Rumex,acetosella,Polygonaceae,Caryophyllales,,"Craine JM, Froehle J, Tilman DG, Wedin DA, Chapin FS. 2001. The relationships among root and leaf traits of 76 grassland species and relative abundance among fertility and disturbance gradients. Oikos 93: 274-285",-1.0788096613719298,4.844187086458591
Rungia_pectinata,Rungia,pectinata,Acanthaceae,Lamiales,,"Roumet C, Birouste M, Picon-Cochard C, Ghestem M, Osman N, Vrignon-Brenas S, Cao K-F, Stokes A. 2016. Root structure-function relationships in 74 species: evidence of root economics spectrum related to carbon economy. New Phytologist 210: 815-826.",-0.8119307165499123,2.9161477942111484
Rytidosperma_caespitosum,Rytidosperma,caespitosum,Poaceae,Poales,,"Mokany K, Ash J. 2008. Are traits measured on pot grown plants representative of those in natural communities? Journal of Vegetation Science 19: 119-126.",-1.305636458102436,5.128121989551922
Rytidosperma_carphoides,Rytidosperma,carphoides,Poaceae,Poales,,"Mokany K, Ash J. 2008. Are traits measured on pot grown plants representative of those in natural communities? Journal of Vegetation Science 19: 119-126.",-1.1583622930738837,4.672361435528415
Rytidosperma_pallidum,Rytidosperma,pallidum,Poaceae,Poales,,"Mokany K, Ash J. 2008. Are traits measured on pot grown plants representative of those in natural communities? Journal of Vegetation Science 19: 119-126.",-0.770028224895903,3.7281001672672174
Rytidosperma_richardsonii,Rytidosperma,richardsonii,Poaceae,Poales,,"Hill JO, Simpson RJ, Moore AD, Chapman DF. 2006. Morphology and response of roots of pasture species to phosphorus and nitrogen nutrition. Plant and Soil 286: 7-19.",-1.5609454600367378,5.204880305864415
Salix_atrocinerea,Salix,atrocinerea,Salicaceae,Malpighiales,,"de la Riva, Navarro-Fernandez, Perez-Ramos, Villar, Maranon. Unpublished.",-0.9680446586523068,3.163929590823813
Salix_caprea,Salix,caprea,Salicaceae,Malpighiales,1.0,"Chen W, Zeng H, Eissenstat DM, Guo D. 2013. Variation of first-order root traits across climatic gradients and evolutionary trends in geological time. Global Ecology and Biogeography 22: 846-856.",-2.1647526195430937,4.840606305943966
Salix_gordejevii,Salix,gordejevii,Salicaceae,Malpighiales,1.0,"Huang G, Zhao  X-Y, Zhao H-L, Huang Y-X, Zuo X-A. 2010. Linking root morphology, longevity and function to root branch order: a case study in three shrubs. Plant Soil 336: 197-208.",-1.9661128563728327,5.255879483850069
Salix_pierotii,Salix,pierotii,Salicaceae,Malpighiales,1.0,"Shi W, Wang ZQ, Liu JL, Gu JC, Guo DL. 2008. Fine root morphology of twenty hardwood species in Maoershan Natural Secondary Forest in Northeastern China. Journal of Plant Ecology (Chinese Version) 32: 1217-1226.",-1.4975478730892593,5.140414486095638
Salix_raddeana,Salix,raddeana,Salicaceae,Malpighiales,1.0,"Wang R, Wang Q, Zhao N, Xu Z, Zhu X, Jiao C, Yu G, He N. 2018. Different phylogenetic and environmental controls of first-order root morphological and nutrient traits: Evidence of multidimensional root traits. Special Focus on Functional Traits Along A Transect 32(1): 29-39.",-2.11279152136139,5.802261266376117
Salix_viminalis,Salix,viminalis,Salicaceae,Malpighiales,1.0,"Wang R, Wang Q, Zhao N, Xu Z, Zhu X, Jiao C, Yu G, He N. 2018. Different phylogenetic and environmental controls of first-order root morphological and nutrient traits: Evidence of multidimensional root traits. Special Focus on Functional Traits Along A Transect 32(1): 29-39.",-1.9608886690906258,5.764240858969673
Salvia_chinensis,Salvia,chinensis,Lamiaceae,Lamiales,1.0,"Wang R, Wang Q, Zhao N, Xu Z, Zhu X, Jiao C, Yu G, He N. 2018. Different phylogenetic and environmental controls of first-order root morphological and nutrient traits: Evidence of multidimensional root traits. Special Focus on Functional Traits Along A Transect 32(1): 29-39.",-1.8375940055718543,5.797148617256237
Sambucus_canadensis,Sambucus,canadensis,Adoxaceae,Dipsacales,,"Poon GT, Maherali H. 2015. Competitive interactions between a nonmycorrhizal invasive plant, Alliaria petiolata, and a suite of mycorrhizal grassland, old field, and forest species. PeerJ 3: e1090",-0.893453497971398,5.167856335421548
Sambucus_williamsii,Sambucus,williamsii,Adoxaceae,Dipsacales,1.0,"<StringArray>
['Chen W, Zeng H, Eissenstat DM, Guo D. 2013. Variation of first-order root traits across climatic gradients and evolutionary trends in geological time. Global Ecology and Biogeography 22: 846-856.', 'Wang R, Wang Q, Zhao N, Xu Z, Zhu X, Jiao C, Yu G, He N. 2018. Different phylogenetic and environmental controls of first-order root morphological and nutrient traits: Evidence of multidimensional root traits. Special Focus on Functional Traits Along A Transect 32(1): 29-39.']
Length: 2, dtype: str",-1.14348459495051,4.858619698797443
Sanguisorba_minor,Sanguisorba,minor,Rosaceae,Rosales,,"<StringArray>
['Roumet C, Birouste M, Picon-Cochard C, Ghestem M, Osman N, Vrignon-Brenas S, Cao K-F, Stokes A. 2016. Root structure-function relationships in 74 species: evidence of root economics spectrum related to carbon economy. New Phytologist 210: 815-826.',
                                                                 'Fort F, Volaire F, Guilioni L, Barkaoui K, Navas ML, Roumet C. 2017. Root traits are related to plant water-use among rangeland Mediterranean species. Functional Ecology 31: 1700-1709',
                                                         'Poirier V, Roumet C, Angers DA, Munson AD. 2018. Species and root traits impact macroaggregation in the rhizospheric soil of a Mediterranean common garden experiment. Plant Soil 424: 289-302.',
                                                                                                                                                                                                                                 'Comas - Pasture species']
Length: 4, dtype: str",-0.5253898507700704,4.409100289823117
Sanguisorba_officinalis,Sanguisorba,officinalis,Rosaceae,Rosales,1.0,"Chen W, Zeng H, Eissenstat DM, Guo D. 2013. Variation of first-order root traits across climatic gradients and evolutionary trends in geological time. Global Ecology and Biogeography 22: 846-856.",-0.9260254609710522,3.902578546600146
Sanicula_orthacantha,Sanicula,orthacantha,Apiaceae,Apiales,1.0,"Wang R, Wang Q, Zhao N, Xu Z, Zhu X, Jiao C, Yu G, He N. 2018. Different phylogenetic and environmental controls of first-order root morphological and nutrient traits: Evidence of multidimensional root traits. Special Focus on Functional Traits Along A Transect 32(1): 29-39.",-1.6361669721761247,5.021999850863013
Saprosma_ternatum,Saprosma,ternatum,Rubiaceae,Gentianales,1.0,"Kong D, Ma C, Zhang Q, Li L, Chen X, Zeng H, Guo D. 2014. Leading dimensions in absorptive root trait variation across 96 subtropical forest species. New Phytologist 203: 863-872.",-1.9306078290468707,4.761746493030188
Sarcandra_glabra,Sarcandra,glabra,Chloranthaceae,Chloranthales,1.0,"Wang R, Wang Q, Zhao N, Xu Z, Zhu X, Jiao C, Yu G, He N. 2018. Different phylogenetic and environmental controls of first-order root morphological and nutrient traits: Evidence of multidimensional root traits. Special Focus on Functional Traits Along A Transect 32(1): 29-39.",-0.6918563140866899,3.4173372896126404
Sassafras_albidum,Sassafras,albidum,Lauraceae,Laurales,1.0,"<StringArray>
[' Valverde-Barrantes OJ, Smemo KA, Blackwood CB. 2014. Fine root morphology is phylogenetically structured, but nitrogen is related to the plant economics spectrum in temperate trees. Functional Ecology 29: 796-807.',
                                                'McCormack ML, Adams TS, Smithwick EAH, Eissenstat DM. 2012. Predicting fine root lifespan from plant functional traits in temperate trees. New Phytologist 195:823-831.',
                                                                                                                                                                                           'Valverde et al (unpublished)']
Length: 3, dtype: str",-0.6044815872076233,2.8023645316374526
Saussurea_amurensis,Saussurea,amurensis,Asteraceae,Asterales,1.0,"Wang R, Wang Q, Zhao N, Xu Z, Zhu X, Jiao C, Yu G, He N. 2018. Different phylogenetic and environmental controls of first-order root morphological and nutrient traits: Evidence of multidimensional root traits. Special Focus on Functional Traits Along A Transect 32(1): 29-39.",-1.6039529822035308,5.5051756973674
Saussurea_mongolica,Saussurea,mongolica,Asteraceae,Asterales,1.0,"Wang R, Wang Q, Zhao N, Xu Z, Zhu X, Jiao C, Yu G, He N. 2018. Different phylogenetic and environmental controls of first-order root morphological and nutrient traits: Evidence of multidimensional root traits. Special Focus on Functional Traits Along A Transect 32(1): 29-39.",-1.5260163042950279,5.015324960401109
Saussurea_nivea,Saussurea,nivea,Asteraceae,Asterales,1.0,"Wang R, Wang Q, Zhao N, Xu Z, Zhu X, Jiao C, Yu G, He N. 2018. Different phylogenetic and environmental controls of first-order root morphological and nutrient traits: Evidence of multidimensional root traits. Special Focus on Functional Traits Along A Transect 32(1): 29-39.",-1.3178883284558303,4.7660689036512505
Schefflera_digitata,Schefflera,digitata,Araliaceae,Apiales,,"<StringArray>
['Holdaway RJ, Richardson SJ, Dickie IA, Peltzer DA, Coomes DA. 2011. Species- and community-level patterns in fine root traits along a 120 000-year soil chronosequence in temperate rain forest. Journal of Ecology 99: 954-963.', 'Kramer-Walter KR, Bellingham PJ, Millar TR, Smissen RD, Richardson SJ, Laughlin DC. 2016. Root traits are multidimensional: specific root length is independent from root tissue density and the plant economic spectrum. Journal of Ecology 104: 1299-1310.']
Length: 2, dtype: str",-0.5290320257079781,3.8132561635075457
Schefflera_heptaphylla,Schefflera,heptaphylla,Araliaceae,Apiales,1.0,"Wang R, Wang Q, Zhao N, Xu Z, Zhu X, Jiao C, Yu G, He N. 2018. Different phylogenetic and environmental controls of first-order root morphological and nutrient traits: Evidence of multidimensional root traits. Special Focus on Functional Traits Along A Transect 32(1): 29-39.",-1.3072983548933927,5.059335988231617
Schefflera_minutistellata,Schefflera,minutistellata,Araliaceae,Apiales,1.0,"Kong D, Ma C, Zhang Q, Li L, Chen X, Zeng H, Guo D. 2014. Leading dimensions in absorptive root trait variation across 96 subtropical forest species. New Phytologist 203: 863-872.",-1.1007245178543839,3.635214929528243
Schima_superba,Schima,superba,Theaceae,Ericales,1.0,"<StringArray>
['Liu B, Li H, Zhu B, Koide RT, Eissenstat DM, Guo D. 2015. Complementarity between roots and AM fungi in nutrient foraging strategies. New Phytologist 208: 125-136.', 'Wang R, Wang Q, Zhao N, Xu Z, Zhu X, Jiao C, Yu G, He N. 2018. Different phylogenetic and environmental controls of first-order root morphological and nutrient traits: Evidence of multidimensional root traits. Special Focus on Functional Traits Along A Transect 32(1): 29-39.']
Length: 2, dtype: str",-1.5822552319060437,4.9393758659092235
Schima_wallichii,Schima,wallichii,Theaceae,Ericales,1.0,"Kong D, Ma C, Zhang Q, Li L, Chen X, Zeng H, Guo D. 2014. Leading dimensions in absorptive root trait variation across 96 subtropical forest species. New Phytologist 203: 863-872.",-1.4276998591785621,4.58934563564112
Schizachyrium_scoparium,Schizachyrium,scoparium,Poaceae,Poales,,"<StringArray>
['Craine JM, Froehle J, Tilman DG, Wedin DA, Chapin FS. 2001. The relationships among root and leaf traits of 76 grassland species and relative abundance among fertility and disturbance gradients. Oikos 93: 274-285', 'Craine J. Unpublished data.']
Length: 2, dtype: str",-0.9569695074840612,3.986735115817894
Schoepfia_jasminodora,Schoepfia,jasminodora,Schoepfiaceae,Santalales,1.0,"Wang R, Wang Q, Zhao N, Xu Z, Zhu X, Jiao C, Yu G, He N. 2018. Different phylogenetic and environmental controls of first-order root morphological and nutrient traits: Evidence of multidimensional root traits. Special Focus on Functional Traits Along A Transect 32(1): 29-39.",-1.6557436653106117,4.400389762662409
Serissa_japonica,Serissa,japonica,Rubiaceae,Gentianales,,"Fu X, Wang J, Wang H, Dai X, Yang F, Zhao M. 2016. Response of the fine root production, phenology, and turnover rate of six shrub species from a subtropical forest to a soil moisture gradient and shading. Plant Soil 399: 135-146. ",-1.1086626245216111,6.228905403123016
Shorea_acuminata,Shorea,acuminata,Dipterocarpaceae,Malvales,,"Makita N, Kosugi Y, Dannoura M, Takanashi S, Niiyama K, Kassim AR, Nik AR. 2012. Patterns of root respiration rates and morphological traits in 13 tree species in a tropical forest. Tree Physiology 32: 303-312.",-0.8721661967494261,3.313569615107139
Shorea_leprosula,Shorea,leprosula,Dipterocarpaceae,Malvales,,"Makita N, Kosugi Y, Dannoura M, Takanashi S, Niiyama K, Kassim AR, Nik AR. 2012. Patterns of root respiration rates and morphological traits in 13 tree species in a tropical forest. Tree Physiology 32: 303-312.",-1.0734262544155966,3.218846728444904
Shorea_multiflora,Shorea,multiflora,Dipterocarpaceae,Malvales,,"Makita N, Kosugi Y, Dannoura M, Takanashi S, Niiyama K, Kassim AR, Nik AR. 2012. Patterns of root respiration rates and morphological traits in 13 tree species in a tropical forest. Tree Physiology 32: 303-312.",-0.12590341688915566,0.6628897455013167
Sibbaldianthe_bifurca,Sibbaldianthe,bifurca,Rosaceae,Rosales,,"Zhou M, Wang J, Bai W, Zhang Y, Zhang W-H. 2019. The response of root traits to precipitation change of herbaceous species in temperate steppes. Functional Ecology, in press.",-1.3280254529959148,3.9446837876676946
Sida_acuta,Sida,acuta,Malvaceae,Malvales,,"Roumet C, Birouste M, Picon-Cochard C, Ghestem M, Osman N, Vrignon-Brenas S, Cao K-F, Stokes A. 2016. Root structure-function relationships in 74 species: evidence of root economics spectrum related to carbon economy. New Phytologist 210: 815-826.",-0.8964881045779755,2.949164637737656
Sideritis_pusilla,Sideritis,pusilla,Lamiaceae,Lamiales,,"de la Riva, Navarro-Fernandez, Perez-Ramos, Villar, Maranon. Unpublished.",-1.1562149188045685,1.9670460126870186
Silene_rupestris,Silene,rupestris,Caryophyllaceae,Caryophyllales,,"Roumet C, Birouste M, Picon-Cochard C, Ghestem M, Osman N, Vrignon-Brenas S, Cao K-F, Stokes A. 2016. Root structure-function relationships in 74 species: evidence of root economics spectrum related to carbon economy. New Phytologist 210: 815-826.",-0.5516476182862459,2.8707357833793057
Smilax_aspera,Smilax,aspera,Smilacaceae,Liliales,,"de la Riva, Navarro-Fernandez, Perez-Ramos, Villar, Maranon. Unpublished.",-0.7548763183796662,2.3310310236994383
Smilax_trinervula,Smilax,trinervula,Smilacaceae,Liliales,1.0,"Wang R, Wang Q, Zhao N, Xu Z, Zhu X, Jiao C, Yu G, He N. 2018. Different phylogenetic and environmental controls of first-order root morphological and nutrient traits: Evidence of multidimensional root traits. Special Focus on Functional Traits Along A Transect 32(1): 29-39.",-1.1739827035212294,4.697894312108901
Solanum_americanum,Solanum,americanum,Solanaceae,Solanales,,"Roumet C, Birouste M, Picon-Cochard C, Ghestem M, Osman N, Vrignon-Brenas S, Cao K-F, Stokes A. 2016. Root structure-function relationships in 74 species: evidence of root economics spectrum related to carbon economy. New Phytologist 210: 815-826.",-0.8843076860211043,3.7395725684294545
Solidago_canadensis,Solidago,canadensis,Asteraceae,Asterales,,"Poon GT, Maherali H. 2015. Competitive interactions between a nonmycorrhizal invasive plant, Alliaria petiolata, and a suite of mycorrhizal grassland, old field, and forest species. PeerJ 3: e1090",-1.5813364823232257,6.046421490121615
Solidago_decurrens,Solidago,decurrens,Asteraceae,Asterales,1.0,"Wang R, Wang Q, Zhao N, Xu Z, Zhu X, Jiao C, Yu G, He N. 2018. Different phylogenetic and environmental controls of first-order root morphological and nutrient traits: Evidence of multidimensional root traits. Special Focus on Functional Traits Along A Transect 32(1): 29-39.",-1.3934196860624792,5.312633154910845
Solidago_missouriensis,Solidago,missouriensis,Asteraceae,Asterales,,"Kembel SW, Cahill JF, Jr. 2011. Independent Evolution of Leaf and Root Traits within and among Temperate Grassland Plant Communities. PLoS ONE 6(6): e19992.",-1.1278866303423978,4.607294958060293
Solidago_nemoralis,Solidago,nemoralis,Asteraceae,Asterales,,"<StringArray>
['Craine JM, Froehle J, Tilman DG, Wedin DA, Chapin FS. 2001. The relationships among root and leaf traits of 76 grassland species and relative abundance among fertility and disturbance gradients. Oikos 93: 274-285', 'Comas - Pasture species']
Length: 2, dtype: str",-1.0028703838886066,5.764657181120432
Solidago_ptarmicoides,Solidago,ptarmicoides,Asteraceae,Asterales,,"Craine JM, Froehle J, Tilman DG, Wedin DA, Chapin FS. 2001. The relationships among root and leaf traits of 76 grassland species and relative abundance among fertility and disturbance gradients. Oikos 93: 274-285",-0.941608539858445,3.5263605246161616
Solidago_rigida,Solidago,rigida,Asteraceae,Asterales,,"<StringArray>
['Craine JM, Froehle J, Tilman DG, Wedin DA, Chapin FS. 2001. The relationships among root and leaf traits of 76 grassland species and relative abundance among fertility and disturbance gradients. Oikos 93: 274-285',
                                                         'Kembel SW, Cahill JF, Jr. 2011. Independent Evolution of Leaf and Root Traits within and among Temperate Grassland Plant Communities. PLoS ONE 6(6): e19992.',
                                                                                                                                                                                          'Craine J. Unpublished data.']
Length: 3, dtype: str",-0.7290367532474269,3.586696471228973
Solidago_speciosa,Solidago,speciosa,Asteraceae,Asterales,,"Craine JM, Froehle J, Tilman DG, Wedin DA, Chapin FS. 2001. The relationships among root and leaf traits of 76 grassland species and relative abundance among fertility and disturbance gradients. Oikos 93: 274-285",-0.9675840262617056,3.828641396489095
Sophora_microphylla,Sophora,microphylla,Fabaceae,Fabales,,"Kramer-Walter KR, Bellingham PJ, Millar TR, Smissen RD, Richardson SJ, Laughlin DC. 2016. Root traits are multidimensional: specific root length is independent from root tissue density and the plant economic spectrum. Journal of Ecology 104: 1299-1310.",-0.6643653791344931,3.267919444914978
Sorbus_aucuparia,Sorbus,aucuparia,Rosaceae,Rosales,1.0,"Chen W, Zeng H, Eissenstat DM, Guo D. 2013. Variation of first-order root traits across climatic gradients and evolutionary trends in geological time. Global Ecology and Biogeography 22: 846-856.",-1.6193553480283234,4.090652672911127
Sorbus_discolor,Sorbus,discolor,Rosaceae,Rosales,1.0,"Wang R, Wang Q, Zhao N, Xu Z, Zhu X, Jiao C, Yu G, He N. 2018. Different phylogenetic and environmental controls of first-order root morphological and nutrient traits: Evidence of multidimensional root traits. Special Focus on Functional Traits Along A Transect 32(1): 29-39.",-1.5904934964331625,4.795288438983798
Sorghastrum_nutans,Sorghastrum,nutans,Poaceae,Poales,,"Craine JM, Froehle J, Tilman DG, Wedin DA, Chapin FS. 2001. The relationships among root and leaf traits of 76 grassland species and relative abundance among fertility and disturbance gradients. Oikos 93: 274-285",-1.3093333199837622,4.672828834461906
Sphaeralcea_coccinea,Sphaeralcea,coccinea,Malvaceae,Malvales,,"Kembel SW, Cahill JF, Jr. 2011. Independent Evolution of Leaf and Root Traits within and among Temperate Grassland Plant Communities. PLoS ONE 6(6): e19992.",-1.1510641486705337,4.1833313048084735
Spiraea_dahurica,Spiraea,dahurica,Rosaceae,Rosales,1.0,"Wang R, Wang Q, Zhao N, Xu Z, Zhu X, Jiao C, Yu G, He N. 2018. Different phylogenetic and environmental controls of first-order root morphological and nutrient traits: Evidence of multidimensional root traits. Special Focus on Functional Traits Along A Transect 32(1): 29-39.",-2.101550554639839,5.672998477663331
Spiraea_pubescens,Spiraea,pubescens,Rosaceae,Rosales,1.0,"Wang R, Wang Q, Zhao N, Xu Z, Zhu X, Jiao C, Yu G, He N. 2018. Different phylogenetic and environmental controls of first-order root morphological and nutrient traits: Evidence of multidimensional root traits. Special Focus on Functional Traits Along A Transect 32(1): 29-39.",-0.9885926436295602,5.011736909095579
Sporobolus_heterolepis,Sporobolus,heterolepis,Poaceae,Poales,,"Craine JM, Froehle J, Tilman DG, Wedin DA, Chapin FS. 2001. The relationships among root and leaf traits of 76 grassland species and relative abundance among fertility and disturbance gradients. Oikos 93: 274-285",-1.0498221244986778,3.9512437185814275
Stauracanthus_genistoides,Stauracanthus,genistoides,Fabaceae,Fabales,,"de la Riva, Navarro-Fernandez, Perez-Ramos, Villar, Maranon. Unpublished.",-0.816445396904439,2.5758454344059665
Sterculia_lanceolata,Sterculia,lanceolata,Malvaceae,Malvales,1.0,"<StringArray>
['Kong D, Ma C, Zhang Q, Li L, Chen X, Zeng H, Guo D. 2014. Leading dimensions in absorptive root trait variation across 96 subtropical forest species. New Phytologist 203: 863-872.', 'Wang R, Wang Q, Zhao N, Xu Z, Zhu X, Jiao C, Yu G, He N. 2018. Different phylogenetic and environmental controls of first-order root morphological and nutrient traits: Evidence of multidimensional root traits. Special Focus on Functional Traits Along A Transect 32(1): 29-39.']
Length: 2, dtype: str",-1.4071979262257608,4.586304361684933
Sterculia_nobilis,Sterculia,nobilis,Malvaceae,Malvales,1.0,"Chen W, Zeng H, Eissenstat DM, Guo D. 2013. Variation of first-order root traits across climatic gradients and evolutionary trends in geological time. Global Ecology and Biogeography 22: 846-856.",-1.387284951592667,4.567675981560511
Sticherus_cunninghamii,Sticherus,cunninghamii,Gleicheniaceae,Gleicheniales,,"Holdaway RJ, Richardson SJ, Dickie IA, Peltzer DA, Coomes DA. 2011. Species- and community-level patterns in fine root traits along a 120 000-year soil chronosequence in temperate rain forest. Journal of Ecology 99: 954-963.",-1.2378743560016174,2.8213788864092133
Stipa_comata,Stipa,comata,Poaceae,Poales,,"Kembel SW, Cahill JF, Jr. 2011. Independent Evolution of Leaf and Root Traits within and among Temperate Grassland Plant Communities. PLoS ONE 6(6): e19992.",-1.5216232860523249,4.70389731137906
Stipa_krylovii,Stipa,krylovii,Poaceae,Poales,,"Zhou M, Wang J, Bai W, Zhang Y, Zhang W-H. 2019. The response of root traits to precipitation change of herbaceous species in temperate steppes. Functional Ecology, in press.",-1.3093333199837622,4.746669748261791
Stipa_pennata,Stipa,pennata,Poaceae,Poales,,"<StringArray>
['Roumet C, Birouste M, Picon-Cochard C, Ghestem M, Osman N, Vrignon-Brenas S, Cao K-F, Stokes A. 2016. Root structure-function relationships in 74 species: evidence of root economics spectrum related to carbon economy. New Phytologist 210: 815-826.',
                                                                 'Fort F, Volaire F, Guilioni L, Barkaoui K, Navas ML, Roumet C. 2017. Root traits are related to plant water-use among rangeland Mediterranean species. Functional Ecology 31: 1700-1709',
                                                         'Poirier V, Roumet C, Angers DA, Munson AD. 2018. Species and root traits impact macroaggregation in the rhizospheric soil of a Mediterranean common garden experiment. Plant Soil 424: 289-302.']
Length: 3, dtype: str",-0.9369468409423073,3.9280901425386214
Stipa_purpurea,Stipa,purpurea,Poaceae,Poales,,"Hong J, Ma X, Yan Y, Zhang X, Wang X. 2017. Which root traits determine nitrogen uptake by alpine plant species on the Tibetan Plateau? Plant Soil, in press. ",-0.527632742082372,0.03683325004534898
Stipa_spartea,Stipa,spartea,Poaceae,Poales,,"Kembel SW, Cahill JF, Jr. 2011. Independent Evolution of Leaf and Root Traits within and among Temperate Grassland Plant Communities. PLoS ONE 6(6): e19992.",-1.3878956424868645,4.016647616554643
Strobilanthes_dimorphotricha,Strobilanthes,dimorphotricha,Acanthaceae,Lamiales,1.0,"Wang R, Wang Q, Zhao N, Xu Z, Zhu X, Jiao C, Yu G, He N. 2018. Different phylogenetic and environmental controls of first-order root morphological and nutrient traits: Evidence of multidimensional root traits. Special Focus on Functional Traits Along A Transect 32(1): 29-39.",-1.3137876703331426,4.915893556164899
Strobilanthes_villosum,Strobilanthes,villosum,Acanthaceae,Lamiales,1.0,"Wang R, Wang Q, Zhao N, Xu Z, Zhu X, Jiao C, Yu G, He N. 2018. Different phylogenetic and environmental controls of first-order root morphological and nutrient traits: Evidence of multidimensional root traits. Special Focus on Functional Traits Along A Transect 32(1): 29-39.",-1.461209304941529,5.23327101995561
Styphnolobium_japonicum,Styphnolobium,japonicum,Fabaceae,Fabales,1.0,"<StringArray>
[' Valverde-Barrantes OJ, Smemo KA, Blackwood CB. 2014. Fine root morphology is phylogenetically structured, but nitrogen is related to the plant economics spectrum in temperate trees. Functional Ecology 29: 796-807.', 'Valverde et al (unpublished)']
Length: 2, dtype: str",-1.2579213752280378,3.6059748835478986
Styrax_suberifolius,Styrax,suberifolius,Styracaceae,Ericales,1.0,"Wang R, Wang Q, Zhao N, Xu Z, Zhu X, Jiao C, Yu G, He N. 2018. Different phylogenetic and environmental controls of first-order root morphological and nutrient traits: Evidence of multidimensional root traits. Special Focus on Functional Traits Along A Transect 32(1): 29-39.",-1.27421645771454,3.997357668802149
Symphoricarpos_occidentalis,Symphoricarpos,occidentalis,Caprifoliaceae,Dipsacales,,"Kembel SW, Cahill JF, Jr. 2011. Independent Evolution of Leaf and Root Traits within and among Temperate Grassland Plant Communities. PLoS ONE 6(6): e19992.",-1.1944075872235103,3.893871976060932
Symphyotrichum_ciliolatum,Symphyotrichum,ciliolatum,Asteraceae,Asterales,,"Kembel SW, Cahill JF, Jr. 2011. Independent Evolution of Leaf and Root Traits within and among Temperate Grassland Plant Communities. PLoS ONE 6(6): e19992.",-1.7406861990440543,4.71076309414069
Symphyotrichum_ericoides,Symphyotrichum,ericoides,Asteraceae,Asterales,,"<StringArray>
['Craine JM, Froehle J, Tilman DG, Wedin DA, Chapin FS. 2001. The relationships among root and leaf traits of 76 grassland species and relative abundance among fertility and disturbance gradients. Oikos 93: 274-285', 'Kembel SW, Cahill JF, Jr. 2011. Independent Evolution of Leaf and Root Traits within and among Temperate Grassland Plant Communities. PLoS ONE 6(6): e19992.']
Length: 2, dtype: str",-1.119938075382862,4.491497441499515
Symphyotrichum_falcatum,Symphyotrichum,falcatum,Asteraceae,Asterales,,"Kembel SW, Cahill JF, Jr. 2011. Independent Evolution of Leaf and Root Traits within and among Temperate Grassland Plant Communities. PLoS ONE 6(6): e19992.",-1.1673837560953204,4.13519143659285
Symphyotrichum_laeve,Symphyotrichum,laeve,Asteraceae,Asterales,,"Craine JM, Froehle J, Tilman DG, Wedin DA, Chapin FS. 2001. The relationships among root and leaf traits of 76 grassland species and relative abundance among fertility and disturbance gradients. Oikos 93: 274-285",-1.2039728043259361,4.48863636973214
Symphyotrichum_novae-angliae,Symphyotrichum,novae-angliae,Asteraceae,Asterales,,"Craine JM, Froehle J, Tilman DG, Wedin DA, Chapin FS. 2001. The relationships among root and leaf traits of 76 grassland species and relative abundance among fertility and disturbance gradients. Oikos 93: 274-285",-0.7765287894989963,3.9512437185814275
Symphyotrichum_oolentangiense,Symphyotrichum,oolentangiense,Asteraceae,Asterales,,"Craine JM, Froehle J, Tilman DG, Wedin DA, Chapin FS. 2001. The relationships among root and leaf traits of 76 grassland species and relative abundance among fertility and disturbance gradients. Oikos 93: 274-285",-1.0498221244986778,4.465908118654584
Symphyotrichum_puniceum,Symphyotrichum,puniceum,Asteraceae,Asterales,,"Craine JM, Froehle J, Tilman DG, Wedin DA, Chapin FS. 2001. The relationships among root and leaf traits of 76 grassland species and relative abundance among fertility and disturbance gradients. Oikos 93: 274-285",-1.2729656758128873,4.955827057601261
Syringa_reticulata,Syringa,reticulata,Oleaceae,Lamiales,1.0,"<StringArray>
[                                                             ' Valverde-Barrantes OJ, Smemo KA, Blackwood CB. 2014. Fine root morphology is phylogenetically structured, but nitrogen is related to the plant economics spectrum in temperate trees. Functional Ecology 29: 796-807.',
                                                                                 'Chen W, Zeng H, Eissenstat DM, Guo D. 2013. Variation of first-order root traits across climatic gradients and evolutionary trends in geological time. Global Ecology and Biogeography 22: 846-856.',
                                                                                                                                                                                                                                                        'Valverde et al (unpublished)',
 'Wang R, Wang Q, Zhao N, Xu Z, Zhu X, Jiao C, Yu G, He N. 2018. Different phylogenetic and environmental controls of first-order root morphological and nutrient traits: Evidence of multidimensional root traits. Special Focus on Functional Traits Along A Transect 32(1): 29-39.']
Length: 4, dtype: str",-1.4476489026379078,4.767641232081141
Syzygium_acuminatissimum,Syzygium,acuminatissimum,Myrtaceae,Myrtales,1.0,"Wang R, Wang Q, Zhao N, Xu Z, Zhu X, Jiao C, Yu G, He N. 2018. Different phylogenetic and environmental controls of first-order root morphological and nutrient traits: Evidence of multidimensional root traits. Special Focus on Functional Traits Along A Transect 32(1): 29-39.",-1.0788096613719298,3.8528019063502166
Syzygium_castaneum,Syzygium,castaneum,Myrtaceae,Myrtales,,"Ushio M, Fujiki Y, Hidaka A, Kitayama K. 2015. Linkage of root physiology and morphology as an adaptation to soil phosphorus impoverishment in tropical montane forests. Functional Ecology 29: 1235-1245.",-0.7258582186077501,3.295399059743442
Syzygium_globiflorum,Syzygium,globiflorum,Myrtaceae,Myrtales,1.0,"Kong D, Ma C, Zhang Q, Li L, Chen X, Zeng H, Guo D. 2014. Leading dimensions in absorptive root trait variation across 96 subtropical forest species. New Phytologist 203: 863-872.",-1.629079552689389,3.7106409458954492
Syzygium_hancei,Syzygium,hancei,Myrtaceae,Myrtales,1.0,"<StringArray>
['Kong D, Ma C, Zhang Q, Li L, Chen X, Zeng H, Guo D. 2014. Leading dimensions in absorptive root trait variation across 96 subtropical forest species. New Phytologist 203: 863-872.', 'Chen W, Zeng H, Eissenstat DM, Guo D. 2013. Variation of first-order root traits across climatic gradients and evolutionary trends in geological time. Global Ecology and Biogeography 22: 846-856.']
Length: 2, dtype: str",-1.9681870166711393,4.548605694165069
Syzygium_jambos,Syzygium,jambos,Myrtaceae,Myrtales,1.0,"Wang R, Wang Q, Zhao N, Xu Z, Zhu X, Jiao C, Yu G, He N. 2018. Different phylogenetic and environmental controls of first-order root morphological and nutrient traits: Evidence of multidimensional root traits. Special Focus on Functional Traits Along A Transect 32(1): 29-39.",-1.4927666056304074,4.971446208016166
Syzygium_kunstleri,Syzygium,kunstleri,Myrtaceae,Myrtales,,"Ushio M, Fujiki Y, Hidaka A, Kitayama K. 2015. Linkage of root physiology and morphology as an adaptation to soil phosphorus impoverishment in tropical montane forests. Functional Ecology 29: 1235-1245.",-0.6145670804370882,3.0724849596523827
Syzygium_levinei,Syzygium,levinei,Myrtaceae,Myrtales,1.0,"<StringArray>
['Kong D, Ma C, Zhang Q, Li L, Chen X, Zeng H, Guo D. 2014. Leading dimensions in absorptive root trait variation across 96 subtropical forest species. New Phytologist 203: 863-872.', 'Chen W, Zeng H, Eissenstat DM, Guo D. 2013. Variation of first-order root traits across climatic gradients and evolutionary trends in geological time. Global Ecology and Biogeography 22: 846-856.']
Length: 2, dtype: str",-1.9217542658442424,4.809510050898489
Syzygium_maire,Syzygium,maire,Myrtaceae,Myrtales,,"Kramer-Walter KR, Bellingham PJ, Millar TR, Smissen RD, Richardson SJ, Laughlin DC. 2016. Root traits are multidimensional: specific root length is independent from root tissue density and the plant economic spectrum. Journal of Ecology 104: 1299-1310.",-1.1034740880850173,4.267999807329096
Syzygium_malaccense,Syzygium,malaccense,Myrtaceae,Myrtales,,"Rajab YA, Holscher D, Leuschner C, Barus H, Tjoa A, Hertel D. 2018. Effects of shade tree cover and diversity on root system structure and dynamics in cacao agroforests: The role of root competition and space partitioning. Plant Soil 422: 349-369.",-1.2039728043259361,5.0795392727434665
Syzygium_napiforme,Syzygium,napiforme,Myrtaceae,Myrtales,,"Ushio M, Fujiki Y, Hidaka A, Kitayama K. 2015. Linkage of root physiology and morphology as an adaptation to soil phosphorus impoverishment in tropical montane forests. Functional Ecology 29: 1235-1245.",-0.8559602709658569,3.2558199100079093
Syzygium_pachysepalum,Syzygium,pachysepalum,Myrtaceae,Myrtales,,"Ushio M, Fujiki Y, Hidaka A, Kitayama K. 2015. Linkage of root physiology and morphology as an adaptation to soil phosphorus impoverishment in tropical montane forests. Functional Ecology 29: 1235-1245.",-0.7011793522572096,2.9680612716289456
Syzygium_subdecussatum,Syzygium,subdecussatum,Myrtaceae,Myrtales,,"Ushio M, Fujiki Y, Hidaka A, Kitayama K. 2015. Linkage of root physiology and morphology as an adaptation to soil phosphorus impoverishment in tropical montane forests. Functional Ecology 29: 1235-1245.",-0.4242657375718818,2.4527922932307433
Syzygium_szemaoense,Syzygium,szemaoense,Myrtaceae,Myrtales,1.0,"Chen W, Zeng H, Eissenstat DM, Guo D. 2013. Variation of first-order root traits across climatic gradients and evolutionary trends in geological time. Global Ecology and Biogeography 22: 846-856.",-1.6347557204183902,4.083806472419144
Tanaecium_pyramidatum,Tanaecium,pyramidatum,Bignoniaceae,Lamiales,,"Collins CG, Wright SJ, Wurzburger N. 2016. Root and leaf traits reflect distinct resource acquisition strategies in tropical lianas and trees. Oecologia 180: 1037-1047.",-0.33678361735516227,2.966051958452808
Taraxacum_campylodes,Taraxacum,campylodes,Asteraceae,Asterales,,"<StringArray>
['Roumet C, Birouste M, Picon-Cochard C, Ghestem M, Osman N, Vrignon-Brenas S, Cao K-F, Stokes A. 2016. Root structure-function relationships in 74 species: evidence of root economics spectrum related to carbon economy. New Phytologist 210: 815-826.',
                                                    'Poon GT, Maherali H. 2015. Competitive interactions between a nonmycorrhizal invasive plant, Alliaria petiolata, and a suite of mycorrhizal grassland, old field, and forest species. PeerJ 3: e1090',
                                                                                                                                                                                                                                 'Comas - Pasture species',
                                                                                            'Kembel SW, Cahill JF, Jr. 2011. Independent Evolution of Leaf and Root Traits within and among Temperate Grassland Plant Communities. PLoS ONE 6(6): e19992.']
Length: 4, dtype: str",-1.3798402338800921,5.2339855443800944
Terminalia_amazonia,Terminalia,amazonia,Combretaceae,Myrtales,,"Collins CG, Wright SJ, Wurzburger N. 2016. Root and leaf traits reflect distinct resource acquisition strategies in tropical lianas and trees. Oecologia 180: 1037-1047.",-0.47658662231622245,2.5408591540055725
Ternstroemia_coriacea,Ternstroemia,coriacea,Pentaphylacaceae,Ericales,,"Ushio M, Fujiki Y, Hidaka A, Kitayama K. 2015. Linkage of root physiology and morphology as an adaptation to soil phosphorus impoverishment in tropical montane forests. Functional Ecology 29: 1235-1245.",-0.27575350158650713,2.191122665144751
Tetractomia_tetrandra,Tetractomia,tetrandra,Rutaceae,Sapindales,,"Ushio M, Fujiki Y, Hidaka A, Kitayama K. 2015. Linkage of root physiology and morphology as an adaptation to soil phosphorus impoverishment in tropical montane forests. Functional Ecology 29: 1235-1245.",-0.6866682144622362,3.6368951315477167
Teucrium_chamaedrys,Teucrium,chamaedrys,Lamiaceae,Lamiales,,"<StringArray>
['Birouste M, Kazakou E, Blanchard A, Roumet C. 2012. Plant traits and decomposition: are the relationships for roots comparable to those for leaves? Annals of Botany 109: 463-472. ', 'Roumet C, Birouste M, Picon-Cochard C, Ghestem M, Osman N, Vrignon-Brenas S, Cao K-F, Stokes A. 2016. Root structure-function relationships in 74 species: evidence of root economics spectrum related to carbon economy. New Phytologist 210: 815-826.']
Length: 2, dtype: str",-1.156771202841642,4.885109863301713
Teucrium_charidemi,Teucrium,charidemi,Lamiaceae,Lamiales,,"de la Riva, Navarro-Fernandez, Perez-Ramos, Villar, Maranon. Unpublished.",-0.7959554005416274,1.2958499515570632
Teucrium_fruticans,Teucrium,fruticans,Lamiaceae,Lamiales,,"de la Riva, Navarro-Fernandez, Perez-Ramos, Villar, Maranon. Unpublished.",-0.9641032490961401,2.7007519797555455
Thalictrum_simplex,Thalictrum,simplex,Ranunculaceae,Ranunculales,1.0,"Wang R, Wang Q, Zhao N, Xu Z, Zhu X, Jiao C, Yu G, He N. 2018. Different phylogenetic and environmental controls of first-order root morphological and nutrient traits: Evidence of multidimensional root traits. Special Focus on Functional Traits Along A Transect 32(1): 29-39.",-1.6109390385603677,5.557027124896727
Themeda_triandra,Themeda,triandra,Poaceae,Poales,,"Mokany K, Ash J. 2008. Are traits measured on pot grown plants representative of those in natural communities? Journal of Vegetation Science 19: 119-126.",-0.9942522733438669,4.1198498526304625
Theobroma_cacao,Theobroma,cacao,Malvaceae,Malvales,,"Rajab YA, Holscher D, Leuschner C, Barus H, Tjoa A, Hertel D. 2018. Effects of shade tree cover and diversity on root system structure and dynamics in cacao agroforests: The role of root competition and space partitioning. Plant Soil 422: 349-369.",-0.579818495252942,3.4671238280745746
Thermopsis_rhombifolia,Thermopsis,rhombifolia,Fabaceae,Fabales,,"Kembel SW, Cahill JF, Jr. 2011. Independent Evolution of Leaf and Root Traits within and among Temperate Grassland Plant Communities. PLoS ONE 6(6): e19992.",-1.3938226275406822,4.643452580211669
Thuja_occidentalis,Thuja,occidentalis,Cupressaceae,Pinales,,"Poon GT, Maherali H. 2015. Competitive interactions between a nonmycorrhizal invasive plant, Alliaria petiolata, and a suite of mycorrhizal grassland, old field, and forest species. PeerJ 3: e1090",-1.152076358537434,4.691342262708767
Thymelaea_hirsuta,Thymelaea,hirsuta,Thymelaeaceae,Malvales,,"de la Riva, Navarro-Fernandez, Perez-Ramos, Villar, Maranon. Unpublished.",-0.9167908569158374,1.6748172628506357
Thymus_dolomiticus,Thymus,dolomiticus,Lamiaceae,Lamiales,,"<StringArray>
['Roumet C, Birouste M, Picon-Cochard C, Ghestem M, Osman N, Vrignon-Brenas S, Cao K-F, Stokes A. 2016. Root structure-function relationships in 74 species: evidence of root economics spectrum related to carbon economy. New Phytologist 210: 815-826.',
                                                                 'Fort F, Volaire F, Guilioni L, Barkaoui K, Navas ML, Roumet C. 2017. Root traits are related to plant water-use among rangeland Mediterranean species. Functional Ecology 31: 1700-1709',
                                                         'Poirier V, Roumet C, Angers DA, Munson AD. 2018. Species and root traits impact macroaggregation in the rhizospheric soil of a Mediterranean common garden experiment. Plant Soil 424: 289-302.']
Length: 3, dtype: str",-1.0663393725796793,4.168172739022467
Thymus_hyemalis,Thymus,hyemalis,Lamiaceae,Lamiales,,"de la Riva, Navarro-Fernandez, Perez-Ramos, Villar, Maranon. Unpublished.",-0.8740098021176559,1.5996100623338587
Thymus_mastichina,Thymus,mastichina,Lamiaceae,Lamiales,,"de la Riva, Navarro-Fernandez, Perez-Ramos, Villar, Maranon. Unpublished.",-1.269667549188171,3.057933054461179
Tilia_americana,Tilia,americana,Malvaceae,Malvales,,"<StringArray>
['Comas LH, Eissenstat DM. 2009. Patterns in root trait variation among 25 co-existing North American forest species. New Phytologist 182: 919-928.', 'Valverde-Barrantes OJ, Smemo KA,  Feinstein LM, Kershner MW, Blackwood CB. 2015. Aggregated and complementary: symmetric proliferation, overyielding, and mass effects explain fine-root biomass in soil patches in a diverse temperate deciduous forest landscape. New Phytologist 205(2): 731-742.']
Length: 2, dtype: str",-0.8043581098959471,4.613627495710977
Tilia_amurensis,Tilia,amurensis,Malvaceae,Malvales,1.0,"Wang R, Wang Q, Zhao N, Xu Z, Zhu X, Jiao C, Yu G, He N. 2018. Different phylogenetic and environmental controls of first-order root morphological and nutrient traits: Evidence of multidimensional root traits. Special Focus on Functional Traits Along A Transect 32(1): 29-39.",-1.57310598318671,4.875551748934549
Tilia_cordata,Tilia,cordata,Malvaceae,Malvales,1.0,"Kubisch P, Hertel D, Leuschner C. 2015. Do ectomycorrhizal and arbuscular mycorrhizal temperate tree species systematically differ in root order-related fine root morphology and biomass? Frontiers in Plant Science 6(64): 1-12.",-1.163224834945474,3.5012812495682604
Tilia_mandshurica,Tilia,mandshurica,Malvaceae,Malvales,1.0,"<StringArray>
['Shi W, Wang ZQ, Liu JL, Gu JC, Guo DL. 2008. Fine root morphology of twenty hardwood species in Maoershan Natural Secondary Forest in Northeastern China. Journal of Plant Ecology (Chinese Version) 32: 1217-1226.', 'Chen W, Zeng H, Eissenstat DM, Guo D. 2013. Variation of first-order root traits across climatic gradients and evolutionary trends in geological time. Global Ecology and Biogeography 22: 846-856.']
Length: 2, dtype: str",-1.315749261895315,4.466575846709062
Tilia_mongolica,Tilia,mongolica,Malvaceae,Malvales,1.0,"Chen W, Zeng H, Eissenstat DM, Guo D. 2013. Variation of first-order root traits across climatic gradients and evolutionary trends in geological time. Global Ecology and Biogeography 22: 846-856.",-1.679311455527048,4.22991586656124
Tilia_oliveri,Tilia,oliveri,Malvaceae,Malvales,1.0,"Wang R, Wang Q, Zhao N, Xu Z, Zhu X, Jiao C, Yu G, He N. 2018. Different phylogenetic and environmental controls of first-order root morphological and nutrient traits: Evidence of multidimensional root traits. Special Focus on Functional Traits Along A Transect 32(1): 29-39.",-1.5751572659572675,5.008139589748644
Tordylium_maximum,Tordylium,maximum,Apiaceae,Apiales,,"<StringArray>
['Birouste M, Kazakou E, Blanchard A, Roumet C. 2012. Plant traits and decomposition: are the relationships for roots comparable to those for leaves? Annals of Botany 109: 463-472. ', 'Roumet C, Birouste M, Picon-Cochard C, Ghestem M, Osman N, Vrignon-Brenas S, Cao K-F, Stokes A. 2016. Root structure-function relationships in 74 species: evidence of root economics spectrum related to carbon economy. New Phytologist 210: 815-826.']
Length: 2, dtype: str",-1.2694006096483912,5.590464455958976
Toxicoscordion_venenosum,Toxicoscordion,venenosum,Melanthiaceae,Liliales,,"Kembel SW, Cahill JF, Jr. 2011. Independent Evolution of Leaf and Root Traits within and among Temperate Grassland Plant Communities. PLoS ONE 6(6): e19992.",-1.0546911016101816,4.410553351099985
Trachelospermum_axillare,Trachelospermum,axillare,Apocynaceae,Gentianales,1.0,"Wang R, Wang Q, Zhao N, Xu Z, Zhu X, Jiao C, Yu G, He N. 2018. Different phylogenetic and environmental controls of first-order root morphological and nutrient traits: Evidence of multidimensional root traits. Special Focus on Functional Traits Along A Transect 32(1): 29-39.",-1.2330583852210326,4.350516641221867
Tragopogon_dubius,Tragopogon,dubius,Asteraceae,Asterales,,"Kembel SW, Cahill JF, Jr. 2011. Independent Evolution of Leaf and Root Traits within and among Temperate Grassland Plant Communities. PLoS ONE 6(6): e19992.",-1.2559680994443163,4.741745898589571
Trichophorum_cespitosum,Trichophorum,cespitosum,Cyperaceae,Poales,,"Roumet C, Birouste M, Picon-Cochard C, Ghestem M, Osman N, Vrignon-Brenas S, Cao K-F, Stokes A. 2016. Root structure-function relationships in 74 species: evidence of root economics spectrum related to carbon economy. New Phytologist 210: 815-826.",-0.8556661100577202,3.5686872687855304
Trifolium_angustifolium,Trifolium,angustifolium,Fabaceae,Fabales,,"<StringArray>
[                                                                    'Birouste M, Kazakou E, Blanchard A, Roumet C. 2012. Plant traits and decomposition: are the relationships for roots comparable to those for leaves? Annals of Botany 109: 463-472. ',
                                                                      'Roumet C, Lafont F, Sari M, Warembourg F, Garnier E. 2008. Root traits and taxonomic affiliation of nine herbaceous species grown in glasshouse conditions. Plant Soil 312:69-83. ',
 'Roumet C, Birouste M, Picon-Cochard C, Ghestem M, Osman N, Vrignon-Brenas S, Cao K-F, Stokes A. 2016. Root structure-function relationships in 74 species: evidence of root economics spectrum related to carbon economy. New Phytologist 210: 815-826.']
Length: 3, dtype: str",-0.8964881045779756,4.852498904090656
Trifolium_dubium,Trifolium,dubium,Fabaceae,Fabales,,"Mokany K, Ash J. 2008. Are traits measured on pot grown plants representative of those in natural communities? Journal of Vegetation Science 19: 119-126.",-1.2482730632225159,5.241747015059643
Trifolium_hirtum,Trifolium,hirtum,Fabaceae,Fabales,,"Yang Z, Culvenor RA, Haling RE, Stefanski A, Ryan MH, Sandral GA, Kidd DR, Lambers H, Simpson RJ. 2015. Variation in root traits associated with nutrient foraging among temperate legumes and grasses. Grass and Forage Science, early view article",-1.2435592187397728,5.602828405411903
Trifolium_incarnatum,Trifolium,incarnatum,Fabaceae,Fabales,,"Yang Z, Culvenor RA, Haling RE, Stefanski A, Ryan MH, Sandral GA, Kidd DR, Lambers H, Simpson RJ. 2015. Variation in root traits associated with nutrient foraging among temperate legumes and grasses. Grass and Forage Science, early view article",-1.2900321110419712,5.572457321732169
Trifolium_pratense,Trifolium,pratense,Fabaceae,Fabales,,"<StringArray>
['Craine JM, Froehle J, Tilman DG, Wedin DA, Chapin FS. 2001. The relationships among root and leaf traits of 76 grassland species and relative abundance among fertility and disturbance gradients. Oikos 93: 274-285',
                 'Poon GT, Maherali H. 2015. Competitive interactions between a nonmycorrhizal invasive plant, Alliaria petiolata, and a suite of mycorrhizal grassland, old field, and forest species. PeerJ 3: e1090',
                                                                                                                                                                                              'Comas - Pasture species']
Length: 3, dtype: str",-1.3192233351956377,5.018514850711326
Trifolium_purpureum,Trifolium,purpureum,Fabaceae,Fabales,,"<StringArray>
['Yang Z, Culvenor RA, Haling RE, Stefanski A, Ryan MH, Sandral GA, Kidd DR, Lambers H, Simpson RJ. 2015. Variation in root traits associated with nutrient foraging among temperate legumes and grasses. Grass and Forage Science, early view article', 'Comas - Pasture species']
Length: 2, dtype: str",-1.0822821765210842,5.300096768473002
Trifolium_repens,Trifolium,repens,Fabaceae,Fabales,,Comas - Pasture species,-1.1188149949652209,6.218383034377429
Trifolium_spumosum,Trifolium,spumosum,Fabaceae,Fabales,,"Yang Z, Culvenor RA, Haling RE, Stefanski A, Ryan MH, Sandral GA, Kidd DR, Lambers H, Simpson RJ. 2015. Variation in root traits associated with nutrient foraging among temperate legumes and grasses. Grass and Forage Science, early view article",-1.1679268224185348,5.5040936397704145
Trifolium_subterraneum,Trifolium,subterraneum,Fabaceae,Fabales,,"<StringArray>
[                                                                                'Hill JO, Simpson RJ, Moore AD, Chapman DF. 2006. Morphology and response of roots of pasture species to phosphorus and nitrogen nutrition. Plant and Soil 286: 7-19.',
                                                                                            'Mokany K, Ash J. 2008. Are traits measured on pot grown plants representative of those in natural communities? Journal of Vegetation Science 19: 119-126.',
 'Yang Z, Culvenor RA, Haling RE, Stefanski A, Ryan MH, Sandral GA, Kidd DR, Lambers H, Simpson RJ. 2015. Variation in root traits associated with nutrient foraging among temperate legumes and grasses. Grass and Forage Science, early view article',
                                                                     'Jeffery RP, Simpson RJ, Lambers H, Kidd DR, Ryan MH. 2017. Root morphology acclimation to phosphorus supply by six cultivars of Trifolium subterraneum L. Plant Soil 412: 21-34.']
Length: 4, dtype: str",-0.9080440708248549,4.9321152611614165
Trisetum_flavescens,Trisetum,flavescens,Poaceae,Poales,,"Roumet C, Birouste M, Picon-Cochard C, Ghestem M, Osman N, Vrignon-Brenas S, Cao K-F, Stokes A. 2016. Root structure-function relationships in 74 species: evidence of root economics spectrum related to carbon economy. New Phytologist 210: 815-826.",-1.5511690043101247,5.764469839602284
Tristaniopsis_clementis,Tristaniopsis,clementis,Myrtaceae,Myrtales,,"Ushio M, Fujiki Y, Hidaka A, Kitayama K. 2015. Linkage of root physiology and morphology as an adaptation to soil phosphorus impoverishment in tropical montane forests. Functional Ecology 29: 1235-1245.",-1.1631508098056809,3.688795075554166
Tristaniopsis_elliptica,Tristaniopsis,elliptica,Myrtaceae,Myrtales,,"Ushio M, Fujiki Y, Hidaka A, Kitayama K. 2015. Linkage of root physiology and morphology as an adaptation to soil phosphorus impoverishment in tropical montane forests. Functional Ecology 29: 1235-1245.",-1.2131817434112457,3.7239147378724575
Triticum_durum,Triticum,durum,Poaceae,Poales,,"Prieto I, Roumet C, Cardinael R, Dupraz C, Jourdan C, Kim JH, Maeght JL, Mao Z, Pierret A, Portillo N, Roupsard O, Thammahacksa C, Stokes A. 2015. Root functional parameters along a land-use gradient: evidence of a community-level economics spectrum. Journal of Ecology 103: 361-363.",-0.6931471805599453,3.6222053208459437
Tsuga_canadensis,Tsuga,canadensis,Pinaceae,Pinales,,"Comas LH, Eissenstat DM. 2009. Patterns in root trait variation among 25 co-existing North American forest species. New Phytologist 182: 919-928.",-0.6931471805599453,2.9601050959108397
Ulex_parviflorus,Ulex,parviflorus,Fabaceae,Fabales,,"de la Riva, Navarro-Fernandez, Perez-Ramos, Villar, Maranon. Unpublished.",-0.9856966355221471,2.2180232141147225
Ulmus_americana,Ulmus,americana,Ulmaceae,Rosales,1.0,"<StringArray>
[' Valverde-Barrantes OJ, Smemo KA, Blackwood CB. 2014. Fine root morphology is phylogenetically structured, but nitrogen is related to the plant economics spectrum in temperate trees. Functional Ecology 29: 796-807.', 'Valverde et al (unpublished)']
Length: 2, dtype: str",-1.8338913525281542,4.2734639879399925
Ulmus_davidiana,Ulmus,davidiana,Ulmaceae,Rosales,1.0,"<StringArray>
[                                                                'Shi W, Wang ZQ, Liu JL, Gu JC, Guo DL. 2008. Fine root morphology of twenty hardwood species in Maoershan Natural Secondary Forest in Northeastern China. Journal of Plant Ecology (Chinese Version) 32: 1217-1226.',
                                                                                 'Chen W, Zeng H, Eissenstat DM, Guo D. 2013. Variation of first-order root traits across climatic gradients and evolutionary trends in geological time. Global Ecology and Biogeography 22: 846-856.',
 'Wang R, Wang Q, Zhao N, Xu Z, Zhu X, Jiao C, Yu G, He N. 2018. Different phylogenetic and environmental controls of first-order root morphological and nutrient traits: Evidence of multidimensional root traits. Special Focus on Functional Traits Along A Transect 32(1): 29-39.']
Length: 3, dtype: str",-1.4754319911661053,4.76263893805587
Ulmus_laciniata,Ulmus,laciniata,Ulmaceae,Rosales,1.0,"Shi W, Wang ZQ, Liu JL, Gu JC, Guo DL. 2008. Fine root morphology of twenty hardwood species in Maoershan Natural Secondary Forest in Northeastern China. Journal of Plant Ecology (Chinese Version) 32: 1217-1226.",-2.113139795401257,4.89896666181845
Ulmus_macrocarpa,Ulmus,macrocarpa,Ulmaceae,Rosales,1.0,"Chen W, Zeng H, Eissenstat DM, Guo D. 2013. Variation of first-order root traits across climatic gradients and evolutionary trends in geological time. Global Ecology and Biogeography 22: 846-856.",-1.503093628335168,4.177724226979262
Ulmus_minor,Ulmus,minor,Ulmaceae,Rosales,,"de la Riva, Navarro-Fernandez, Perez-Ramos, Villar, Maranon. Unpublished.",-1.0559839266124866,2.9924656414161306
Ulmus_pumila,Ulmus,pumila,Ulmaceae,Rosales,1.0,"<StringArray>
['Shi W, Wang ZQ, Liu JL, Gu JC, Guo DL. 2008. Fine root morphology of twenty hardwood species in Maoershan Natural Secondary Forest in Northeastern China. Journal of Plant Ecology (Chinese Version) 32: 1217-1226.', 'Wang R, Wang Q, Zhao N, Xu Z, Zhu X, Jiao C, Yu G, He N. 2018. Different phylogenetic and environmental controls of first-order root morphological and nutrient traits: Evidence of multidimensional root traits. Special Focus on Functional Traits Along A Transect 32(1): 29-39.']
Length: 2, dtype: str",-1.5314165285674806,4.741008005401787
Ulmus_rubra,Ulmus,rubra,Ulmaceae,Rosales,,"Comas LH, Eissenstat DM. 2009. Patterns in root trait variation among 25 co-existing North American forest species. New Phytologist 182: 919-928.",-0.9942522733438669,4.370712874773608
Vaccinium_bracteatum,Vaccinium,bracteatum,Ericaceae,Ericales,,"Fu X, Wang J, Wang H, Dai X, Yang F, Zhao M. 2016. Response of the fine root production, phenology, and turnover rate of six shrub species from a subtropical forest to a soil moisture gradient and shading. Plant Soil 399: 135-146. ",-1.3470736479666092,6.311553304478671
Vaccinium_corymbosum,Vaccinium,corymbosum,Ericaceae,Ericales,1.0,"Valenzuela-Estrada LR, Vera-Caraballo V, Ruth LE, Eissenstat DM. 2008. Root anatomy, morphology, and longevity among root orders in Vaccinium corymbosum (Ericaceae). American Journal of Botany 95:1506-1514.",-2.9752793675387763,6.73351651788659
Vaccinium_mandarinorum,Vaccinium,mandarinorum,Ericaceae,Ericales,1.0,"Kong D, Ma C, Zhang Q, Li L, Chen X, Zeng H, Guo D. 2014. Leading dimensions in absorptive root trait variation across 96 subtropical forest species. New Phytologist 203: 863-872.",-2.549509172973659,4.6701148746284735
Vepris_nobilis,Vepris,nobilis,Rutaceae,Sapindales,,"Assefa D, Godbold DL, Belay B, Abiya A, Rewald B. 2018. Fine root morphology, biochemistry and litter quality indices of fast- and slow-growing woody species in Ethiopian highland forest. Ecosystems 21: 482-494.",-0.2876820724517809,1.8484548129046001
Veratrum_nigrum,Veratrum,nigrum,Melanthiaceae,Liliales,1.0,"Wang R, Wang Q, Zhao N, Xu Z, Zhu X, Jiao C, Yu G, He N. 2018. Different phylogenetic and environmental controls of first-order root morphological and nutrient traits: Evidence of multidimensional root traits. Special Focus on Functional Traits Along A Transect 32(1): 29-39.",-1.0799868245449447,4.838767172507941
Verbascum_thapsus,Verbascum,thapsus,Scrophulariaceae,Lamiales,,"Craine JM, Froehle J, Tilman DG, Wedin DA, Chapin FS. 2001. The relationships among root and leaf traits of 76 grassland species and relative abundance among fertility and disturbance gradients. Oikos 93: 274-285",-1.1086626245216111,4.0943445622221
Verbena_hastata,Verbena,hastata,Verbenaceae,Lamiales,,"Craine JM, Froehle J, Tilman DG, Wedin DA, Chapin FS. 2001. The relationships among root and leaf traits of 76 grassland species and relative abundance among fertility and disturbance gradients. Oikos 93: 274-285",-1.1394342831883648,4.5217885770490405
Vernonia_fasciculata,Vernonia,fasciculata,Asteraceae,Asterales,,"Craine JM, Froehle J, Tilman DG, Wedin DA, Chapin FS. 2001. The relationships among root and leaf traits of 76 grassland species and relative abundance among fertility and disturbance gradients. Oikos 93: 274-285",-1.171182981502945,4.812184355372417
Veronica_persica,Veronica,persica,Plantaginaceae,Lamiales,,"<StringArray>
['Birouste M, Kazakou E, Blanchard A, Roumet C. 2012. Plant traits and decomposition: are the relationships for roots comparable to those for leaves? Annals of Botany 109: 463-472. ', 'Roumet C, Birouste M, Picon-Cochard C, Ghestem M, Osman N, Vrignon-Brenas S, Cao K-F, Stokes A. 2016. Root structure-function relationships in 74 species: evidence of root economics spectrum related to carbon economy. New Phytologist 210: 815-826.']
Length: 2, dtype: str",-1.3394107752210402,6.207130208566233
Veronica_spuria,Veronica,spuria,Plantaginaceae,Lamiales,1.0,"Wang R, Wang Q, Zhao N, Xu Z, Zhu X, Jiao C, Yu G, He N. 2018. Different phylogenetic and environmental controls of first-order root morphological and nutrient traits: Evidence of multidimensional root traits. Special Focus on Functional Traits Along A Transect 32(1): 29-39.",-1.67825222843446,5.424579170311993
Veronicastrum_virginicum,Veronicastrum,virginicum,Plantaginaceae,Lamiales,,"Craine JM, Froehle J, Tilman DG, Wedin DA, Chapin FS. 2001. The relationships among root and leaf traits of 76 grassland species and relative abundance among fertility and disturbance gradients. Oikos 93: 274-285",-1.2039728043259361,4.875197323201151
Viburnum_dentatum,Viburnum,dentatum,Adoxaceae,Dipsacales,,"Caplan JS, Stone BWG, Faillace CA, Lafond JJ, Baumgarten JM, Mozdzer TJ, Dighton J, Meiners SJ, Grabosky JC, Ehrenfeld JG. 2017. Nutrient foraging strategies are associated with productivity and population growth in forest shrubs. Annals of Botany 119: 977-988.",-0.6226359453929833,2.153714757644333
Viburnum_tinus,Viburnum,tinus,Adoxaceae,Dipsacales,,"de la Riva, Navarro-Fernandez, Perez-Ramos, Villar, Maranon. Unpublished.",-0.7912562736702646,2.4221381878376254
Vicia_americana,Vicia,americana,Fabaceae,Fabales,,"<StringArray>
['Comas - Pasture species', 'Kembel SW, Cahill JF, Jr. 2011. Independent Evolution of Leaf and Root Traits within and among Temperate Grassland Plant Communities. PLoS ONE 6(6): e19992.']
Length: 2, dtype: str",-1.0128612884947492,5.1088861286613305
Vicia_villosa,Vicia,villosa,Fabaceae,Fabales,,"Craine JM, Froehle J, Tilman DG, Wedin DA, Chapin FS. 2001. The relationships among root and leaf traits of 76 grassland species and relative abundance among fertility and disturbance gradients. Oikos 93: 274-285",-0.843970070294529,4.0943445622221
Viola_adunca,Viola,adunca,Violaceae,Malpighiales,,"Kembel SW, Cahill JF, Jr. 2011. Independent Evolution of Leaf and Root Traits within and among Temperate Grassland Plant Communities. PLoS ONE 6(6): e19992.",-1.4223361324671562,4.4214869056693535
Viola_thomasiana,Viola,thomasiana,Violaceae,Malpighiales,,"Roumet C, Birouste M, Picon-Cochard C, Ghestem M, Osman N, Vrignon-Brenas S, Cao K-F, Stokes A. 2016. Root structure-function relationships in 74 species: evidence of root economics spectrum related to carbon economy. New Phytologist 210: 815-826.",-0.8964881045779755,3.4339872044851463
Vitex_lucens,Vitex,lucens,Lamiaceae,Lamiales,,"Kramer-Walter KR, Bellingham PJ, Millar TR, Smissen RD, Richardson SJ, Laughlin DC. 2016. Root traits are multidimensional: specific root length is independent from root tissue density and the plant economic spectrum. Journal of Ecology 104: 1299-1310.",-0.6092043957761833,3.7222136089629787
Vitis_amurensis,Vitis,amurensis,Vitaceae,Vitales,1.0,"Wang R, Wang Q, Zhao N, Xu Z, Zhu X, Jiao C, Yu G, He N. 2018. Different phylogenetic and environmental controls of first-order root morphological and nutrient traits: Evidence of multidimensional root traits. Special Focus on Functional Traits Along A Transect 32(1): 29-39.",-1.2908023796606698,4.644499902046494
Vitis_vinifera,Vitis,vinifera,Vitaceae,Vitales,1.0,"Lavely EL, Chen W, Peterson KA, Klodd AE, Volder E, Marini RP, Eissenstat D. 2020. On characterizing root function in perennial horticultural crops. American Journal of Botany",-1.920805696404654,-3.0098311979334924
Vitis_vulpina,Vitis,vulpina,Vitaceae,Vitales,,"Valverde-Barrantes OJ, Smemo KA,  Feinstein LM, Kershner MW, Blackwood CB. 2015. Aggregated and complementary: symmetric proliferation, overyielding, and mass effects explain fine-root biomass in soil patches in a diverse temperate deciduous forest landscape. New Phytologist 205(2): 731-742.",-0.3879234382122918,3.05337155526361
Vulpia_bromoides,Vulpia,bromoides,Poaceae,Poales,,"Mokany K, Ash J. 2008. Are traits measured on pot grown plants representative of those in natural communities? Journal of Vegetation Science 19: 119-126.",-1.2224762758904957,6.0348831674755035
Weinmannia_blumei,Weinmannia,blumei,Cunoniaceae,Oxalidales,,"Ushio M, Fujiki Y, Hidaka A, Kitayama K. 2015. Linkage of root physiology and morphology as an adaptation to soil phosphorus impoverishment in tropical montane forests. Functional Ecology 29: 1235-1245.",-1.458865053954726,4.369488990861333
Weinmannia_racemosa,Weinmannia,racemosa,Cunoniaceae,Oxalidales,,"Kramer-Walter KR, Bellingham PJ, Millar TR, Smissen RD, Richardson SJ, Laughlin DC. 2016. Root traits are multidimensional: specific root length is independent from root tissue density and the plant economic spectrum. Journal of Ecology 104: 1299-1310.",-0.9713505090571825,4.006441160457682
Weinmannia_silvicola,Weinmannia,silvicola,Cunoniaceae,Oxalidales,,"Kramer-Walter KR, Bellingham PJ, Millar TR, Smissen RD, Richardson SJ, Laughlin DC. 2016. Root traits are multidimensional: specific root length is independent from root tissue density and the plant economic spectrum. Journal of Ecology 104: 1299-1310.",-0.9594070229477831,3.7858402033877927
Wendlandia_uvariifolia,Wendlandia,uvariifolia,Rubiaceae,Gentianales,1.0,"Kong D, Ma C, Zhang Q, Li L, Chen X, Zeng H, Guo D. 2014. Leading dimensions in absorptive root trait variation across 96 subtropical forest species. New Phytologist 203: 863-872.",-1.4953505863963323,3.8126445614478675
Withania_frutescens,Withania,frutescens,Solanaceae,Solanales,,"de la Riva, Navarro-Fernandez, Perez-Ramos, Villar, Maranon. Unpublished.",-0.9370037734716967,1.7633423174239145
Xanthophyllum_tenue,Xanthophyllum,tenue,Polygalaceae,Fabales,,"Ushio M, Fujiki Y, Hidaka A, Kitayama K. 2015. Linkage of root physiology and morphology as an adaptation to soil phosphorus impoverishment in tropical montane forests. Functional Ecology 29: 1235-1245.",-0.8306865945820068,3.2280040356950725
Zizia_aurea,Zizia,aurea,Apiaceae,Apiales,,"Craine JM, Froehle J, Tilman DG, Wedin DA, Chapin FS. 2001. The relationships among root and leaf traits of 76 grassland species and relative abundance among fertility and disturbance gradients. Oikos 93: 274-285",-1.171182981502945,4.605170185988092
