binominal,F01286,F01287,F01289,F01290,F00056,F00004,F00679,F00727,state
Abelia_biflora,Abelia,biflora,Caprifoliaceae,Dipsacales,1.0,"Wang R, Wang Q, Zhao N, Xu Z, Zhu X, Jiao C, Yu G, He N. 2018. Different phylogenetic and environmental controls of first-order root morphological and nutrient traits: Evidence of multidimensional root traits. Special Focus on Functional Traits Along A Transect 32(1): 29-39.",-0.6363888467413364,3.43227790769518,AM
Abies_alba,Abies,alba,Pinaceae,Pinales,,"<StringArray>
['Withington JM, Reich PB, Oleksyn J, Eissenstat DM. 2006. Comparisons of structure and life span in roots and leaves among temperate trees. Ecological Monographs 76: 381-397.', 'Liese R, Alings K, Meier IC. 2017. Root branching is a leading root trait of the plant economics spectrum in temperate trees. Frontiers in Plant Science 8:315.']
Length: 2, dtype: str",-0.5923972774598022,3.4665688891036184,EcM
Abies_fargesii,Abies,fargesii,Pinaceae,Pinales,1.0,"Pu X, Yin C, Xioa Q, Qiao M, Liu Q. 2016. Fine roots branch orders of Abies faxoniana respond differentially to warming in a subalpine coniferous forest ecosystem. Agroforestry Systems online article. doi:10.1007/s10457-016-9970-7",-1.291334259858636,3.422801478311455,EcM
Abies_nephrolepis,Abies,nephrolepis,Pinaceae,Pinales,1.0,"Wang R, Wang Q, Zhao N, Xu Z, Zhu X, Jiao C, Yu G, He N. 2018. Different phylogenetic and environmental controls of first-order root morphological and nutrient traits: Evidence of multidimensional root traits. Special Focus on Functional Traits Along A Transect 32(1): 29-39.",-0.8789147480343529,3.2975338379252603,EcM
Acacia_auriculiformis,Acacia,auriculiformis,Fabaceae,Fabales,1.0,"<StringArray>
['Kong D, Ma C, Zhang Q, Li L, Chen X, Zeng H, Guo D. 2014. Leading dimensions in absorptive root trait variation across 96 subtropical forest species. New Phytologist 203: 863-872.', 'Kong DL, Wang JJ, Kardol P, Wu HF, Zeng H, Deng XB, Deng Y. 2016. Economic strategies of plant absorptive roots vary with root diameter. Biogeosciences 13: 415-424.']
Length: 2, dtype: str",-1.0942219403668167,4.34756458111878,EcMAM
Acacia_crassicarpa,Acacia,crassicarpa,Fabaceae,Fabales,1.0,"Kong D, Ma C, Zhang Q, Li L, Chen X, Zeng H, Guo D. 2014. Leading dimensions in absorptive root trait variation across 96 subtropical forest species. New Phytologist 203: 863-872.",-1.487530062200767,4.684720464746101,EcMAM
Acacia_mangium,Acacia,mangium,Fabaceae,Fabales,1.0,"Kong D, Ma C, Zhang Q, Li L, Chen X, Zeng H, Guo D. 2014. Leading dimensions in absorptive root trait variation across 96 subtropical forest species. New Phytologist 203: 863-872.",-1.3761460300680757,4.597037202757902,EcMAM
Acer_barbinerve,Acer,barbinerve,Sapindaceae,Sapindales,1.0,"Wang R, Wang Q, Zhao N, Xu Z, Zhu X, Jiao C, Yu G, He N. 2018. Different phylogenetic and environmental controls of first-order root morphological and nutrient traits: Evidence of multidimensional root traits. Special Focus on Functional Traits Along A Transect 32(1): 29-39.",-1.3771364233351249,4.96758145600384,AM
Acer_campbellii,Acer,campbellii,Sapindaceae,Sapindales,1.0,"Wang R, Wang Q, Zhao N, Xu Z, Zhu X, Jiao C, Yu G, He N. 2018. Different phylogenetic and environmental controls of first-order root morphological and nutrient traits: Evidence of multidimensional root traits. Special Focus on Functional Traits Along A Transect 32(1): 29-39.",-1.6620478627063977,4.370364110801968,AM
Acer_campestre,Acer,campestre,Sapindaceae,Sapindales,,"Liese R, Alings K, Meier IC. 2017. Root branching is a leading root trait of the plant economics spectrum in temperate trees. Frontiers in Plant Science 8:315.",-0.8651224452997557,3.4330189939851112,AM
Acer_caudatum,Acer,caudatum,Sapindaceae,Sapindales,1.0,"<StringArray>
['Shi W, Wang ZQ, Liu JL, Gu JC, Guo DL. 2008. Fine root morphology of twenty hardwood species in Maoershan Natural Secondary Forest in Northeastern China. Journal of Plant Ecology (Chinese Version) 32: 1217-1226.', 'Wang R, Wang Q, Zhao N, Xu Z, Zhu X, Jiao C, Yu G, He N. 2018. Different phylogenetic and environmental controls of first-order root morphological and nutrient traits: Evidence of multidimensional root traits. Special Focus on Functional Traits Along A Transect 32(1): 29-39.']
Length: 2, dtype: str",-1.4677192400521906,4.452395919427671,AM
Acer_coriaceifolium,Acer,coriaceifolium,Sapindaceae,Sapindales,1.0,"Liu B, Li H, Zhu B, Koide RT, Eissenstat DM, Guo D. 2015. Complementarity between roots and AM fungi in nutrient foraging strategies. New Phytologist 208: 125-136.",-1.4271163556401458,4.870606649492553,AM
Acer_davidii,Acer,davidii,Sapindaceae,Sapindales,1.0,"<StringArray>
['Chen W, Zeng H, Eissenstat DM, Guo D. 2013. Variation of first-order root traits across climatic gradients and evolutionary trends in geological time. Global Ecology and Biogeography 22: 846-856.', 'Wang R, Wang Q, Zhao N, Xu Z, Zhu X, Jiao C, Yu G, He N. 2018. Different phylogenetic and environmental controls of first-order root morphological and nutrient traits: Evidence of multidimensional root traits. Special Focus on Functional Traits Along A Transect 32(1): 29-39.']
Length: 2, dtype: str",-1.335563441435354,4.514543248584607,AM
Acer_fabri,Acer,fabri,Sapindaceae,Sapindales,1.0,"<StringArray>
['Liu B, Li H, Zhu B, Koide RT, Eissenstat DM, Guo D. 2015. Complementarity between roots and AM fungi in nutrient foraging strategies. New Phytologist 208: 125-136.', 'Kong D, Ma C, Zhang Q, Li L, Chen X, Zeng H, Guo D. 2014. Leading dimensions in absorptive root trait variation across 96 subtropical forest species. New Phytologist 203: 863-872.']
Length: 2, dtype: str",-1.6989797610955957,4.926383741648665,AM
Acer_negundo,Acer,negundo,Sapindaceae,Sapindales,1.0,"McCormack ML, Adams TS, Smithwick EAH, Eissenstat DM. 2012. Predicting fine root lifespan from plant functional traits in temperate trees. New Phytologist 195:823-831.",-1.4842747694800944,3.796013396320904,AM
Acer_pictum,Acer,pictum,Sapindaceae,Sapindales,1.0,"<StringArray>
[                                                                'Shi W, Wang ZQ, Liu JL, Gu JC, Guo DL. 2008. Fine root morphology of twenty hardwood species in Maoershan Natural Secondary Forest in Northeastern China. Journal of Plant Ecology (Chinese Version) 32: 1217-1226.',
                                                                                                                            'Razaq M, Zhang P, Shen H, Salahuddin. 2017. Influence of nitrogen and phosphorous on the growth and root morphology of Acer mono. PLoS ONE 12: e0171321.',
 'Wang R, Wang Q, Zhao N, Xu Z, Zhu X, Jiao C, Yu G, He N. 2018. Different phylogenetic and environmental controls of first-order root morphological and nutrient traits: Evidence of multidimensional root traits. Special Focus on Functional Traits Along A Transect 32(1): 29-39.']
Length: 3, dtype: str",-1.1592108241529209,4.461404079115766,AM
Acer_platanoides,Acer,platanoides,Sapindaceae,Sapindales,1.0,"Kubisch P, Hertel D, Leuschner C. 2015. Do ectomycorrhizal and arbuscular mycorrhizal temperate tree species systematically differ in root order-related fine root morphology and biomass? Frontiers in Plant Science 6(64): 1-12.",-1.1155014103466747,3.3947978251119246,AM
Acer_pseudoplatanus,Acer,pseudoplatanus,Sapindaceae,Sapindales,1.0,"Kubisch P, Hertel D, Leuschner C. 2015. Do ectomycorrhizal and arbuscular mycorrhizal temperate tree species systematically differ in root order-related fine root morphology and biomass? Frontiers in Plant Science 6(64): 1-12.",-1.3223499439271242,4.137269697670223,AM
Acer_rubrum,Acer,rubrum,Sapindaceae,Sapindales,1.0,"McCormack ML, Adams TS, Smithwick EAH, Eissenstat DM. 2012. Predicting fine root lifespan from plant functional traits in temperate trees. New Phytologist 195:823-831.",-1.3599770528025172,3.832907645412601,AM
Acer_saccharum,Acer,saccharum,Sapindaceae,Sapindales,1.0,"<StringArray>
[' Valverde-Barrantes OJ, Smemo KA, Blackwood CB. 2014. Fine root morphology is phylogenetically structured, but nitrogen is related to the plant economics spectrum in temperate trees. Functional Ecology 29: 796-807.',
                                                'McCormack ML, Adams TS, Smithwick EAH, Eissenstat DM. 2012. Predicting fine root lifespan from plant functional traits in temperate trees. New Phytologist 195:823-831.',
                                                   'Pregitzer KS, DeForest JL, Burton AJ, Allen MF, Ruess RW, Hendrick RL. 2002. Fine root architecture of nine North American trees. Ecological Monographs 72: 293-309.',
                                                                                                                                                                                           'Valverde et al (unpublished)']
Length: 4, dtype: str",-1.4958900398408617,3.959630610332453,AM
Acer_tataricum,Acer,tataricum,Sapindaceae,Sapindales,1.0,"<StringArray>
['Shi W, Wang ZQ, Liu JL, Gu JC, Guo DL. 2008. Fine root morphology of twenty hardwood species in Maoershan Natural Secondary Forest in Northeastern China. Journal of Plant Ecology (Chinese Version) 32: 1217-1226.', 'Wang R, Wang Q, Zhao N, Xu Z, Zhu X, Jiao C, Yu G, He N. 2018. Different phylogenetic and environmental controls of first-order root morphological and nutrient traits: Evidence of multidimensional root traits. Special Focus on Functional Traits Along A Transect 32(1): 29-39.']
Length: 2, dtype: str",-1.5155295123913797,4.876593896355516,AM
Acer_tegmentosum,Acer,tegmentosum,Sapindaceae,Sapindales,1.0,"<StringArray>
['Shi W, Wang ZQ, Liu JL, Gu JC, Guo DL. 2008. Fine root morphology of twenty hardwood species in Maoershan Natural Secondary Forest in Northeastern China. Journal of Plant Ecology (Chinese Version) 32: 1217-1226.', 'Wang R, Wang Q, Zhao N, Xu Z, Zhu X, Jiao C, Yu G, He N. 2018. Different phylogenetic and environmental controls of first-order root morphological and nutrient traits: Evidence of multidimensional root traits. Special Focus on Functional Traits Along A Transect 32(1): 29-39.']
Length: 2, dtype: str",-1.163794021421928,4.450033256242896,AM
Acer_triflorum,Acer,triflorum,Sapindaceae,Sapindales,1.0,"Wang R, Wang Q, Zhao N, Xu Z, Zhu X, Jiao C, Yu G, He N. 2018. Different phylogenetic and environmental controls of first-order root morphological and nutrient traits: Evidence of multidimensional root traits. Special Focus on Functional Traits Along A Transect 32(1): 29-39.",-1.452006904485272,4.70622041830678,AM
Acer_truncatum,Acer,truncatum,Sapindaceae,Sapindales,1.0,"Chen W, Zeng H, Eissenstat DM, Guo D. 2013. Variation of first-order root traits across climatic gradients and evolutionary trends in geological time. Global Ecology and Biogeography 22: 846-856.",-1.3578264410526426,4.081728383535411,AM
Achillea_millefolium,Achillea,millefolium,Asteraceae,Asterales,,"<StringArray>
['Craine JM, Froehle J, Tilman DG, Wedin DA, Chapin FS. 2001. The relationships among root and leaf traits of 76 grassland species and relative abundance among fertility and disturbance gradients. Oikos 93: 274-285',
                 'Poon GT, Maherali H. 2015. Competitive interactions between a nonmycorrhizal invasive plant, Alliaria petiolata, and a suite of mycorrhizal grassland, old field, and forest species. PeerJ 3: e1090',
                                                                                                                                                                                              'Comas - Pasture species',
                                                         'Kembel SW, Cahill JF, Jr. 2011. Independent Evolution of Leaf and Root Traits within and among Temperate Grassland Plant Communities. PLoS ONE 6(6): e19992.']
Length: 4, dtype: str",-1.501316212543988,5.84927128443819,AM
Acronychia_pedunculata,Acronychia,pedunculata,Rutaceae,Sapindales,1.0,"<StringArray>
['Kong D, Ma C, Zhang Q, Li L, Chen X, Zeng H, Guo D. 2014. Leading dimensions in absorptive root trait variation across 96 subtropical forest species. New Phytologist 203: 863-872.', 'Chen W, Zeng H, Eissenstat DM, Guo D. 2013. Variation of first-order root traits across climatic gradients and evolutionary trends in geological time. Global Ecology and Biogeography 22: 846-856.']
Length: 2, dtype: str",-1.2423152366141288,4.43844831886184,AM
Actaea_cimicifuga,Actaea,cimicifuga,Ranunculaceae,Ranunculales,1.0,"Wang R, Wang Q, Zhao N, Xu Z, Zhu X, Jiao C, Yu G, He N. 2018. Different phylogenetic and environmental controls of first-order root morphological and nutrient traits: Evidence of multidimensional root traits. Special Focus on Functional Traits Along A Transect 32(1): 29-39.",-1.3203193721963578,4.763139807722203,AM
Actinidia_kolomikta,Actinidia,kolomikta,Actinidiaceae,Ericales,1.0,"Wang R, Wang Q, Zhao N, Xu Z, Zhu X, Jiao C, Yu G, He N. 2018. Different phylogenetic and environmental controls of first-order root morphological and nutrient traits: Evidence of multidimensional root traits. Special Focus on Functional Traits Along A Transect 32(1): 29-39.",-1.4696759700589417,5.413981572847829,AM
Adenocaulon_himalaicum,Adenocaulon,himalaicum,Asteraceae,Asterales,1.0,"Wang R, Wang Q, Zhao N, Xu Z, Zhu X, Jiao C, Yu G, He N. 2018. Different phylogenetic and environmental controls of first-order root morphological and nutrient traits: Evidence of multidimensional root traits. Special Focus on Functional Traits Along A Transect 32(1): 29-39.",-1.7521542146356957,5.262232519941716,AM
Adiantum_pedatum,Adiantum,pedatum,Pteridaceae,Polypodiales,1.0,"<StringArray>
['Dong X, Wang H, Gu J, Wang Y, Wang Z. 2014. Root morphology, histology and chemistry of nine fern species (pteridophyta) in a temperate forest. Plant Soil 393: 215-227.', 'Wang R, Wang Q, Zhao N, Xu Z, Zhu X, Jiao C, Yu G, He N. 2018. Different phylogenetic and environmental controls of first-order root morphological and nutrient traits: Evidence of multidimensional root traits. Special Focus on Functional Traits Along A Transect 32(1): 29-39.']
Length: 2, dtype: str",-1.2092224596858088,5.095985882628778,AM
Adina_pilulifera,Adina,pilulifera,Rubiaceae,Gentianales,1.0,"Wang R, Wang Q, Zhao N, Xu Z, Zhu X, Jiao C, Yu G, He N. 2018. Different phylogenetic and environmental controls of first-order root morphological and nutrient traits: Evidence of multidimensional root traits. Special Focus on Functional Traits Along A Transect 32(1): 29-39.",-1.9834043534828936,6.363496743711504,AM
Adinandra_millettii,Adinandra,millettii,Pentaphylacaceae,Ericales,,"Fu X, Wang J, Wang H, Dai X, Yang F, Zhao M. 2016. Response of the fine root production, phenology, and turnover rate of six shrub species from a subtropical forest to a soil moisture gradient and shading. Plant Soil 399: 135-146. ",-0.7985076962177716,5.384495062789089,AM
Aesculus_hippocastanum,Aesculus,hippocastanum,Sapindaceae,Sapindales,1.0,"<StringArray>
[' Valverde-Barrantes OJ, Smemo KA, Blackwood CB. 2014. Fine root morphology is phylogenetically structured, but nitrogen is related to the plant economics spectrum in temperate trees. Functional Ecology 29: 796-807.', 'Valverde et al (unpublished)']
Length: 2, dtype: str",-1.302323777660389,2.9681729912394377,AM
Aesculus_parviflora,Aesculus,parviflora,Sapindaceae,Sapindales,1.0,"<StringArray>
[' Valverde-Barrantes OJ, Smemo KA, Blackwood CB. 2014. Fine root morphology is phylogenetically structured, but nitrogen is related to the plant economics spectrum in temperate trees. Functional Ecology 29: 796-807.', 'Valverde et al (unpublished)']
Length: 2, dtype: str",-1.580007225195049,3.765818153565306,AM
Afrocarpus_falcatus,Afrocarpus,falcatus,Podocarpaceae,Pinales,,"Assefa D, Godbold DL, Belay B, Abiya A, Rewald B. 2018. Fine root morphology, biochemistry and litter quality indices of fast- and slow-growing woody species in Ethiopian highland forest. Ecosystems 21: 482-494.",-0.2744368457017603,2.4475508632442318,AM
Agastache_foeniculum,Agastache,foeniculum,Lamiaceae,Lamiales,,"Craine JM, Froehle J, Tilman DG, Wedin DA, Chapin FS. 2001. The relationships among root and leaf traits of 76 grassland species and relative abundance among fertility and disturbance gradients. Oikos 93: 274-285",-0.8675005677047231,3.688879454113936,AM
Agathis_australis,Agathis,australis,Araucariaceae,Pinales,,"Kramer-Walter KR, Bellingham PJ, Millar TR, Smissen RD, Richardson SJ, Laughlin DC. 2016. Root traits are multidimensional: specific root length is independent from root tissue density and the plant economic spectrum. Journal of Ecology 104: 1299-1310.",-0.4628506065533998,2.638282937179391,AM
Agathis_kinabaluensis,Agathis,kinabaluensis,Araucariaceae,Pinales,,"Ushio M, Fujiki Y, Hidaka A, Kitayama K. 2015. Linkage of root physiology and morphology as an adaptation to soil phosphorus impoverishment in tropical montane forests. Functional Ecology 29: 1235-1245.",-0.2940355464239563,2.4272333975591565,AM
Aglaia_exstipulata,Aglaia,exstipulata,Meliaceae,Sapindales,,"Makita N, Kosugi Y, Dannoura M, Takanashi S, Niiyama K, Kassim AR, Nik AR. 2012. Patterns of root respiration rates and morphological traits in 13 tree species in a tropical forest. Tree Physiology 32: 303-312.",-0.087902683175911,0.6983538030461193,AM
Aglaia_odoratissima,Aglaia,odoratissima,Meliaceae,Sapindales,,"Makita N, Kosugi Y, Dannoura M, Takanashi S, Niiyama K, Kassim AR, Nik AR. 2012. Patterns of root respiration rates and morphological traits in 13 tree species in a tropical forest. Tree Physiology 32: 303-312.",-0.1690697511182067,1.6522278025290842,AM
Agrimonia_pilosa,Agrimonia,pilosa,Rosaceae,Rosales,1.0,"Wang R, Wang Q, Zhao N, Xu Z, Zhu X, Jiao C, Yu G, He N. 2018. Different phylogenetic and environmental controls of first-order root morphological and nutrient traits: Evidence of multidimensional root traits. Special Focus on Functional Traits Along A Transect 32(1): 29-39.",-1.4850103340590484,5.086378117704167,AM
Agropyron_cristatum,Agropyron,cristatum,Poaceae,Poales,,"Zhou M, Wang J, Bai W, Zhang Y, Zhang W-H. 2019. The response of root traits to precipitation change of herbaceous species in temperate steppes. Functional Ecology, in press.",-1.4696759700589417,5.203457085524077,AM
Agrostis_capillaris,Agrostis,capillaris,Poaceae,Poales,,"<StringArray>
['Fort F, Jouany C, Cruz P. 2013.Root and leaf functional trait relations in Poaceae species: implications of differing resource-acquisition strategies. Journal of Plant Ecology 6:211-219', 'Smith SW, Woodin SJ, Pakeman RJ, Johnson D, van der Wal R. 2014. Root traits predict decomposition across a landscape-scale grazing experiment. New Phytologist 203: 851-862.']
Length: 2, dtype: str",-1.6433394641097816,4.928122872521792,AM
Agrostis_scabra,Agrostis,scabra,Poaceae,Poales,,"Craine JM, Froehle J, Tilman DG, Wedin DA, Chapin FS. 2001. The relationships among root and leaf traits of 76 grassland species and relative abundance among fertility and disturbance gradients. Oikos 93: 274-285",-1.5606477482646683,4.941642422609304,AM
Aidia_oxyodonta,Aidia,oxyodonta,Rubiaceae,Gentianales,1.0,"Chen W, Zeng H, Eissenstat DM, Guo D. 2013. Variation of first-order root traits across climatic gradients and evolutionary trends in geological time. Global Ecology and Biogeography 22: 846-856.",-2.5966569634591274,5.251540174989108,AM
Aira_elegantissima,Aira,elegantissima,Poaceae,Poales,,"Mokany K, Ash J. 2008. Are traits measured on pot grown plants representative of those in natural communities? Journal of Vegetation Science 19: 119-126.",-1.4784096500276964,6.634436229366123,NMAM
Alangium_chinense,Alangium,chinense,Cornaceae,Cornales,1.0,"Kong D, Ma C, Zhang Q, Li L, Chen X, Zeng H, Guo D. 2014. Leading dimensions in absorptive root trait variation across 96 subtropical forest species. New Phytologist 203: 863-872.",-2.37354418193454,5.135268885097667,AM
Alchemilla_alpina,Alchemilla,alpina,Rosaceae,Rosales,,"Roumet C, Birouste M, Picon-Cochard C, Ghestem M, Osman N, Vrignon-Brenas S, Cao K-F, Stokes A. 2016. Root structure-function relationships in 74 species: evidence of root economics spectrum related to carbon economy. New Phytologist 210: 815-826.",-0.9834994815676052,3.814630659419497,AM
Alchornea_tiliifolia,Alchornea,tiliifolia,Euphorbiaceae,Malpighiales,1.0,"Chen W, Zeng H, Eissenstat DM, Guo D. 2013. Variation of first-order root traits across climatic gradients and evolutionary trends in geological time. Global Ecology and Biogeography 22: 846-856.",-1.8971199848858813,5.63645607098297,AM
Alchornea_trewioides,Alchornea,trewioides,Euphorbiaceae,Malpighiales,1.0,"Wang R, Wang Q, Zhao N, Xu Z, Zhu X, Jiao C, Yu G, He N. 2018. Different phylogenetic and environmental controls of first-order root morphological and nutrient traits: Evidence of multidimensional root traits. Special Focus on Functional Traits Along A Transect 32(1): 29-39.",-1.369240606554063,4.527772527776599,AM
Alectryon_excelsus,Alectryon,excelsus,Sapindaceae,Sapindales,,"Kramer-Walter KR, Bellingham PJ, Millar TR, Smissen RD, Richardson SJ, Laughlin DC. 2016. Root traits are multidimensional: specific root length is independent from root tissue density and the plant economic spectrum. Journal of Ecology 104: 1299-1310.",-0.7658791767260443,3.6063919629954304,AM
Aleurites_moluccana,Aleurites,moluccana,Euphorbiaceae,Malpighiales,,"Rajab YA, Holscher D, Leuschner C, Barus H, Tjoa A, Hertel D. 2018. Effects of shade tree cover and diversity on root system structure and dynamics in cacao agroforests: The role of root competition and space partitioning. Plant Soil 422: 349-369.",-0.0512932943875505,2.0980179272527715,AM
Alliaria_petiolata,Alliaria,petiolata,Brassicaceae,Brassicales,,"Poon GT, Maherali H. 2015. Competitive interactions between a nonmycorrhizal invasive plant, Alliaria petiolata, and a suite of mycorrhizal grassland, old field, and forest species. PeerJ 3: e1090",-1.7885645783315358,6.239676908885172,NM
Allium_bidentatum,Allium,bidentatum,Amaryllidaceae,Asparagales,,"Zhou M, Wang J, Bai W, Zhang Y, Zhang W-H. 2019. The response of root traits to precipitation change of herbaceous species in temperate steppes. Functional Ecology, in press.",-0.6931471805599453,3.362629788512897,AM
Allium_tenuissimum,Allium,tenuissimum,Amaryllidaceae,Asparagales,,"Zhou M, Wang J, Bai W, Zhang Y, Zhang W-H. 2019. The response of root traits to precipitation change of herbaceous species in temperate steppes. Functional Ecology, in press.",-0.916290731874155,3.887935209899056,AM
Allium_textile,Allium,textile,Amaryllidaceae,Asparagales,,"Kembel SW, Cahill JF, Jr. 2011. Independent Evolution of Leaf and Root Traits within and among Temperate Grassland Plant Communities. PLoS ONE 6(6): e19992.",-1.168659288052703,5.23566960080539,AM
Allophylus_abyssinicus,Allophylus,abyssinicus,Sapindaceae,Sapindales,,"Assefa D, Godbold DL, Belay B, Abiya A, Rewald B. 2018. Fine root morphology, biochemistry and litter quality indices of fast- and slow-growing woody species in Ethiopian highland forest. Ecosystems 21: 482-494.",-0.5978370007556204,2.356125859922076,AM
Allophylus_cobbe,Allophylus,cobbe,Sapindaceae,Sapindales,1.0,"Kong D, Ma C, Zhang Q, Li L, Chen X, Zeng H, Guo D. 2014. Leading dimensions in absorptive root trait variation across 96 subtropical forest species. New Phytologist 203: 863-872.",-1.856810121482383,4.318421011584911,AM
Alniphyllum_fortunei,Alniphyllum,fortunei,Styracaceae,Ericales,1.0,"<StringArray>
[                                                                                                                'Liu B, Li H, Zhu B, Koide RT, Eissenstat DM, Guo D. 2015. Complementarity between roots and AM fungi in nutrient foraging strategies. New Phytologist 208: 125-136.',
                                                                                                 'Kong D, Ma C, Zhang Q, Li L, Chen X, Zeng H, Guo D. 2014. Leading dimensions in absorptive root trait variation across 96 subtropical forest species. New Phytologist 203: 863-872.',
 'Wang R, Wang Q, Zhao N, Xu Z, Zhu X, Jiao C, Yu G, He N. 2018. Different phylogenetic and environmental controls of first-order root morphological and nutrient traits: Evidence of multidimensional root traits. Special Focus on Functional Traits Along A Transect 32(1): 29-39.']
Length: 3, dtype: str",-1.2536037968925091,4.480711519573874,AM
Alnus_formosana,Alnus,formosana,Betulaceae,Fagales,1.0,"Miao Y, Chen YL, Li XW, Fan C, Liu YK, Yang ZJ, Zhang J, Cai XL. 2013. Effects of fertilization on Alnus formosana fine root morphological characteristics, biomass and issue content of C, N under A. formosana-Hemarthria compressa compound mode. Chinese Journal of Plant Ecology 37: 674-683.",-1.2321424604362348,5.312971321708953,EcM
Alnus_glutinosa,Alnus,glutinosa,Betulaceae,Fagales,,"de la Riva, Navarro-Fernandez, Perez-Ramos, Villar, Maranon. Unpublished.",-0.9526305986530476,3.285746962215016,EcM
Alnus_hirsuta,Alnus,hirsuta,Betulaceae,Fagales,1.0,"Shi W, Wang ZQ, Liu JL, Gu JC, Guo DL. 2008. Fine root morphology of twenty hardwood species in Maoershan Natural Secondary Forest in Northeastern China. Journal of Plant Ecology (Chinese Version) 32: 1217-1226.",-1.4116079229593492,4.243669755378868,EcM
Alnus_mandshurica,Alnus,mandshurica,Betulaceae,Fagales,1.0,"Shi W, Wang ZQ, Liu JL, Gu JC, Guo DL. 2008. Fine root morphology of twenty hardwood species in Maoershan Natural Secondary Forest in Northeastern China. Journal of Plant Ecology (Chinese Version) 32: 1217-1226.",-1.6251807227509556,4.691245507264235,EcM
Alopecurus_pratensis,Alopecurus,pratensis,Poaceae,Poales,,"Roumet C, Birouste M, Picon-Cochard C, Ghestem M, Osman N, Vrignon-Brenas S, Cao K-F, Stokes A. 2016. Root structure-function relationships in 74 species: evidence of root economics spectrum related to carbon economy. New Phytologist 210: 815-826.",-1.5141277326297755,5.4785534168509695,AM
Alpinia_japonica,Alpinia,japonica,Zingiberaceae,Zingiberales,1.0,"Wang R, Wang Q, Zhao N, Xu Z, Zhu X, Jiao C, Yu G, He N. 2018. Different phylogenetic and environmental controls of first-order root morphological and nutrient traits: Evidence of multidimensional root traits. Special Focus on Functional Traits Along A Transect 32(1): 29-39.",-1.7781524658218382,5.505626207959451,AM
Alseis_blackiana,Alseis,blackiana,Rubiaceae,Gentianales,,"Collins CG, Wright SJ, Wurzburger N. 2016. Root and leaf traits reflect distinct resource acquisition strategies in tropical lianas and trees. Oecologia 180: 1037-1047.",-0.4266678815496418,2.549350172624313,AM
Alstonia_scholaris,Alstonia,scholaris,Apocynaceae,Gentianales,1.0,"Kong D, Ma C, Zhang Q, Li L, Chen X, Zeng H, Guo D. 2014. Leading dimensions in absorptive root trait variation across 96 subtropical forest species. New Phytologist 203: 863-872.",-0.6468362776966949,3.248822901236153,AM
Alternanthera_sessilis,Alternanthera,sessilis,Amaranthaceae,Caryophyllales,,"Roumet C, Birouste M, Picon-Cochard C, Ghestem M, Osman N, Vrignon-Brenas S, Cao K-F, Stokes A. 2016. Root structure-function relationships in 74 species: evidence of root economics spectrum related to carbon economy. New Phytologist 210: 815-826.",-1.2310014767138553,3.82929335782915,NMAM
Altingia_gracilipes,Altingia,gracilipes,Altingiaceae,Saxifragales,1.0,"Xiong D, Huang J, Yang Z, Lu Z, Chen G, Yang Y. 2012. Fine root architecture and morphology among different branch orders of six subtropical tree species. Acta Ecologica Sinica 32: 1888-1897.",-0.8076354230135604,2.566897930067926,AM
Altingia_obovata,Altingia,obovata,Altingiaceae,Saxifragales,1.0,"Xu Y, Gu JC, Dong XY, Liu Y, Wang ZQ. 2011. Fine root morphology, anatomy and tissue nitrogen and carbon contents of the first five orders in four tropical hardwood species in Hainan Island, China. Chinese Journal of Plant Ecology 35:955-964.",-1.1718990345819649,3.918454412918559,AM
Ambrosia_artemisiifolia,Ambrosia,artemisiifolia,Asteraceae,Asterales,,"Craine JM, Froehle J, Tilman DG, Wedin DA, Chapin FS. 2001. The relationships among root and leaf traits of 76 grassland species and relative abundance among fertility and disturbance gradients. Oikos 93: 274-285",-1.0216512475319814,4.859812404361672,AM
Amelanchier_alnifolia,Amelanchier,alnifolia,Rosaceae,Rosales,,"Kembel SW, Cahill JF, Jr. 2011. Independent Evolution of Leaf and Root Traits within and among Temperate Grassland Plant Communities. PLoS ONE 6(6): e19992.",-0.9779888454580034,3.038581000863127,AM
Anaphalis_aureopunctata,Anaphalis,aureopunctata,Asteraceae,Asterales,1.0,"Wang R, Wang Q, Zhao N, Xu Z, Zhu X, Jiao C, Yu G, He N. 2018. Different phylogenetic and environmental controls of first-order root morphological and nutrient traits: Evidence of multidimensional root traits. Special Focus on Functional Traits Along A Transect 32(1): 29-39.",-1.98813938327305,6.172024135880895,AM
Anaphalis_hancockii,Anaphalis,hancockii,Asteraceae,Asterales,1.0,"Wang R, Wang Q, Zhao N, Xu Z, Zhu X, Jiao C, Yu G, He N. 2018. Different phylogenetic and environmental controls of first-order root morphological and nutrient traits: Evidence of multidimensional root traits. Special Focus on Functional Traits Along A Transect 32(1): 29-39.",-1.7220468568167546,5.7678769869239215,AM
Anaxagorea_javanica,Anaxagorea,javanica,Annonaceae,Magnoliales,,"Makita N, Kosugi Y, Dannoura M, Takanashi S, Niiyama K, Kassim AR, Nik AR. 2012. Patterns of root respiration rates and morphological traits in 13 tree species in a tropical forest. Tree Physiology 32: 303-312.",-0.2086860662252831,1.87031297474414,AM
Andropogon_gerardii,Andropogon,gerardii,Poaceae,Poales,,"Craine JM, Froehle J, Tilman DG, Wedin DA, Chapin FS. 2001. The relationships among root and leaf traits of 76 grassland species and relative abundance among fertility and disturbance gradients. Oikos 93: 274-285",-1.171182981502945,4.02535169073515,AM
Androsace_occidentalis,Androsace,occidentalis,Primulaceae,Ericales,,"Kembel SW, Cahill JF, Jr. 2011. Independent Evolution of Leaf and Root Traits within and among Temperate Grassland Plant Communities. PLoS ONE 6(6): e19992.",-2.163941784752468,5.334918413389103,AM
Anemone_cylindrica,Anemone,cylindrica,Ranunculaceae,Ranunculales,,"Craine JM, Froehle J, Tilman DG, Wedin DA, Chapin FS. 2001. The relationships among root and leaf traits of 76 grassland species and relative abundance among fertility and disturbance gradients. Oikos 93: 274-285",-1.0216512475319814,3.951243718581428,AM
Anemone_patens,Anemone,patens,Ranunculaceae,Ranunculales,,"Kembel SW, Cahill JF, Jr. 2011. Independent Evolution of Leaf and Root Traits within and among Temperate Grassland Plant Communities. PLoS ONE 6(6): e19992.",-0.9946577609482604,3.501256317347026,AM
Antennaria_neglecta,Antennaria,neglecta,Asteraceae,Asterales,,"Kembel SW, Cahill JF, Jr. 2011. Independent Evolution of Leaf and Root Traits within and among Temperate Grassland Plant Communities. PLoS ONE 6(6): e19992.",-1.2911660160283132,4.826183259044324,AM
Antennaria_parvifolia,Antennaria,parvifolia,Asteraceae,Asterales,,"Kembel SW, Cahill JF, Jr. 2011. Independent Evolution of Leaf and Root Traits within and among Temperate Grassland Plant Communities. PLoS ONE 6(6): e19992.",-1.0511086660241429,3.805296934268106,AM
Anthoxanthum_odoratum,Anthoxanthum,odoratum,Poaceae,Poales,,"<StringArray>
['Smith SW, Woodin SJ, Pakeman RJ, Johnson D, van der Wal R. 2014. Root traits predict decomposition across a landscape-scale grazing experiment. New Phytologist 203: 851-862.', 'Roumet C, Birouste M, Picon-Cochard C, Ghestem M, Osman N, Vrignon-Brenas S, Cao K-F, Stokes A. 2016. Root structure-function relationships in 74 species: evidence of root economics spectrum related to carbon economy. New Phytologist 210: 815-826.']
Length: 2, dtype: str",-1.5050778971098575,5.298242363735396,AM
Anthyllis_cytisoides,Anthyllis,cytisoides,Fabaceae,Fabales,,"de la Riva, Navarro-Fernandez, Perez-Ramos, Villar, Maranon. Unpublished.",-1.250627749698357,2.2408114559060697,AM
Anthyllis_terniflora,Anthyllis,terniflora,Fabaceae,Fabales,,"de la Riva, Navarro-Fernandez, Perez-Ramos, Villar, Maranon. Unpublished.",-1.0109448769163498,1.796225088823567,AM
Antidesma_maclurei,Antidesma,maclurei,Phyllanthaceae,Malpighiales,1.0,"Kong D, Ma C, Zhang Q, Li L, Chen X, Zeng H, Guo D. 2014. Leading dimensions in absorptive root trait variation across 96 subtropical forest species. New Phytologist 203: 863-872.",-0.909985650739561,2.995232148512309,AM
Aphanamixis_polystachya,Aphanamixis,polystachya,Meliaceae,Sapindales,1.0,"Chen W, Zeng H, Eissenstat DM, Guo D. 2013. Variation of first-order root traits across climatic gradients and evolutionary trends in geological time. Global Ecology and Biogeography 22: 846-856.",-1.7514081723485555,5.14913363092185,AM
Apodytes_dimidiata,Apodytes,dimidiata,Icacinaceae,Icacinales,,"Assefa D, Godbold DL, Belay B, Abiya A, Rewald B. 2018. Fine root morphology, biochemistry and litter quality indices of fast- and slow-growing woody species in Ethiopian highland forest. Ecosystems 21: 482-494.",-0.5978370007556204,2.5572273113676265,AM
Aporosa_octandra,Aporosa,octandra,Phyllanthaceae,Malpighiales,1.0,"Kong D, Ma C, Zhang Q, Li L, Chen X, Zeng H, Guo D. 2014. Leading dimensions in absorptive root trait variation across 96 subtropical forest species. New Phytologist 203: 863-872.",-1.0034293896909183,3.3724549127965013,AM
Aporosa_subcaudata,Aporosa,subcaudata,Phyllanthaceae,Malpighiales,,"Makita N, Kosugi Y, Dannoura M, Takanashi S, Niiyama K, Kassim AR, Nik AR. 2012. Patterns of root respiration rates and morphological traits in 13 tree species in a tropical forest. Tree Physiology 32: 303-312.",-0.6995677483628681,2.4220089311308337,AM
Aporosa_yunnanensis,Aporosa,yunnanensis,Phyllanthaceae,Malpighiales,1.0,"<StringArray>
['Kong D, Ma C, Zhang Q, Li L, Chen X, Zeng H, Guo D. 2014. Leading dimensions in absorptive root trait variation across 96 subtropical forest species. New Phytologist 203: 863-872.', 'Wang R, Wang Q, Zhao N, Xu Z, Zhu X, Jiao C, Yu G, He N. 2018. Different phylogenetic and environmental controls of first-order root morphological and nutrient traits: Evidence of multidimensional root traits. Special Focus on Functional Traits Along A Transect 32(1): 29-39.']
Length: 2, dtype: str",-1.341952169769155,4.181223737980477,AM
Aquilegia_vulgaris,Aquilegia,vulgaris,Ranunculaceae,Ranunculales,,"Poon GT, Maherali H. 2015. Competitive interactions between a nonmycorrhizal invasive plant, Alliaria petiolata, and a suite of mycorrhizal grassland, old field, and forest species. PeerJ 3: e1090",-1.7338679908122774,6.126973886492961,AM
Arbutus_unedo,Arbutus,unedo,Ericaceae,Ericales,,"de la Riva, Navarro-Fernandez, Perez-Ramos, Villar, Maranon. Unpublished.",-0.6933805417865585,2.4945979586490235,EcM
Archidendron_clypearia,Archidendron,clypearia,Fabaceae,Fabales,1.0,"Kong D, Ma C, Zhang Q, Li L, Chen X, Zeng H, Guo D. 2014. Leading dimensions in absorptive root trait variation across 96 subtropical forest species. New Phytologist 203: 863-872.",-1.306263961214402,4.253198450319927,AM
Archidendron_lucidum,Archidendron,lucidum,Fabaceae,Fabales,1.0,"Kong D, Ma C, Zhang Q, Li L, Chen X, Zeng H, Guo D. 2014. Leading dimensions in absorptive root trait variation across 96 subtropical forest species. New Phytologist 203: 863-872.",-1.3449221180141588,4.07567129695648,AM
Arctotheca_calendula,Arctotheca,calendula,Asteraceae,Asterales,,"Hill JO, Simpson RJ, Moore AD, Chapman DF. 2006. Morphology and response of roots of pasture species to phosphorus and nitrogen nutrition. Plant and Soil 286: 7-19.",-1.4392780258348463,5.49875783799931,AM
Ardisia_depressa,Ardisia,depressa,Primulaceae,Ericales,1.0,"Chen W, Zeng H, Eissenstat DM, Guo D. 2013. Variation of first-order root traits across climatic gradients and evolutionary trends in geological time. Global Ecology and Biogeography 22: 846-856.",-1.450832882257462,4.163815965105749,AM
Ardisia_japonica,Ardisia,japonica,Primulaceae,Ericales,1.0,"Wang R, Wang Q, Zhao N, Xu Z, Zhu X, Jiao C, Yu G, He N. 2018. Different phylogenetic and environmental controls of first-order root morphological and nutrient traits: Evidence of multidimensional root traits. Special Focus on Functional Traits Along A Transect 32(1): 29-39.",-1.469241281940817,4.620057234933822,AM
Ardisia_quinquegona,Ardisia,quinquegona,Primulaceae,Ericales,1.0,"Wang J-J, Tharayil N, Chow AT, Suseela V, Zeng H. 2015. Phenolic profile within the fine-root branching orders of an evergreen species highlights a disconnect in root tissue quality predicted by elemental- and molecular-level carbon composition. New Phytologist 206: 1261-1273.",-0.8675005677047231,3.0007198150650303,AM
Arenaria_serpyllifolia,Arenaria,serpyllifolia,Caryophyllaceae,Caryophyllales,,"<StringArray>
['Birouste M, Kazakou E, Blanchard A, Roumet C. 2012. Plant traits and decomposition: are the relationships for roots comparable to those for leaves? Annals of Botany 109: 463-472. ', 'Roumet C, Birouste M, Picon-Cochard C, Ghestem M, Osman N, Vrignon-Brenas S, Cao K-F, Stokes A. 2016. Root structure-function relationships in 74 species: evidence of root economics spectrum related to carbon economy. New Phytologist 210: 815-826.']
Length: 2, dtype: str",-1.4208858058895095,6.441751639101684,NMAM
Aristida_ramosa,Aristida,ramosa,Poaceae,Poales,,"Mokany K, Ash J. 2008. Are traits measured on pot grown plants representative of those in natural communities? Journal of Vegetation Science 19: 119-126.",-0.804078741267227,4.383899879055562,AM
Aristotelia_serrata,Aristotelia,serrata,Elaeocarpaceae,Oxalidales,,"<StringArray>
['Holdaway RJ, Richardson SJ, Dickie IA, Peltzer DA, Coomes DA. 2011. Species- and community-level patterns in fine root traits along a 120 000-year soil chronosequence in temperate rain forest. Journal of Ecology 99: 954-963.', 'Kramer-Walter KR, Bellingham PJ, Millar TR, Smissen RD, Richardson SJ, Laughlin DC. 2016. Root traits are multidimensional: specific root length is independent from root tissue density and the plant economic spectrum. Journal of Ecology 104: 1299-1310.']
Length: 2, dtype: str",-1.0205407532479542,4.317114146402651,AM
Armeria_velutina,Armeria,velutina,Plumbaginaceae,Caryophyllales,,"de la Riva, Navarro-Fernandez, Perez-Ramos, Villar, Maranon. Unpublished.",-0.676437566996998,2.3518964032480256,NMAM
Arnica_fulgens,Arnica,fulgens,Asteraceae,Asterales,,"Kembel SW, Cahill JF, Jr. 2011. Independent Evolution of Leaf and Root Traits within and among Temperate Grassland Plant Communities. PLoS ONE 6(6): e19992.",-0.6627149734397434,2.7651715000311867,AM
Arnica_sororia,Arnica,sororia,Asteraceae,Asterales,,"Kembel SW, Cahill JF, Jr. 2011. Independent Evolution of Leaf and Root Traits within and among Temperate Grassland Plant Communities. PLoS ONE 6(6): e19992.",-1.4134600291926602,4.3422566039633335,AM
Arrhenatherum_elatius,Arrhenatherum,elatius,Poaceae,Poales,,"Roumet C, Birouste M, Picon-Cochard C, Ghestem M, Osman N, Vrignon-Brenas S, Cao K-F, Stokes A. 2016. Root structure-function relationships in 74 species: evidence of root economics spectrum related to carbon economy. New Phytologist 210: 815-826.",-1.4740332754278973,5.193123503669531,AM
Artemisia_barrelieri,Artemisia,barrelieri,Asteraceae,Asterales,,"de la Riva, Navarro-Fernandez, Perez-Ramos, Villar, Maranon. Unpublished.",-0.8560191135325868,1.6239199287813029,AM
Artemisia_cana,Artemisia,cana,Asteraceae,Asterales,,"Kembel SW, Cahill JF, Jr. 2011. Independent Evolution of Leaf and Root Traits within and among Temperate Grassland Plant Communities. PLoS ONE 6(6): e19992.",-1.171182981502945,4.023913586086754,AM
Artemisia_codonocephala,Artemisia,codonocephala,Asteraceae,Asterales,,"Roumet C, Birouste M, Picon-Cochard C, Ghestem M, Osman N, Vrignon-Brenas S, Cao K-F, Stokes A. 2016. Root structure-function relationships in 74 species: evidence of root economics spectrum related to carbon economy. New Phytologist 210: 815-826.",-0.5568695622673976,2.506341930508065,AM
Artemisia_frigida,Artemisia,frigida,Asteraceae,Asterales,,"<StringArray>
['Kembel SW, Cahill JF, Jr. 2011. Independent Evolution of Leaf and Root Traits within and among Temperate Grassland Plant Communities. PLoS ONE 6(6): e19992.', 'Zhou M, Wang J, Bai W, Zhang Y, Zhang W-H. 2019. The response of root traits to precipitation change of herbaceous species in temperate steppes. Functional Ecology, in press.']
Length: 2, dtype: str",-1.1719503009068022,4.163993645323009,AM
Artemisia_halodendron,Artemisia,halodendron,Asteraceae,Asterales,1.0,"Huang G, Zhao  X-Y, Zhao H-L, Huang Y-X, Zuo X-A. 2010. Linking root morphology, longevity and function to root branch order: a case study in three shrubs. Plant Soil 336: 197-208.",-1.0216512475319814,2.792391349535961,AM
Artemisia_igniaria,Artemisia,igniaria,Asteraceae,Asterales,1.0,"Wang R, Wang Q, Zhao N, Xu Z, Zhu X, Jiao C, Yu G, He N. 2018. Different phylogenetic and environmental controls of first-order root morphological and nutrient traits: Evidence of multidimensional root traits. Special Focus on Functional Traits Along A Transect 32(1): 29-39.",-1.7885645783315358,5.318869012769295,AM
Artemisia_ludoviciana,Artemisia,ludoviciana,Asteraceae,Asterales,,"<StringArray>
['Craine JM, Froehle J, Tilman DG, Wedin DA, Chapin FS. 2001. The relationships among root and leaf traits of 76 grassland species and relative abundance among fertility and disturbance gradients. Oikos 93: 274-285', 'Kembel SW, Cahill JF, Jr. 2011. Independent Evolution of Leaf and Root Traits within and among Temperate Grassland Plant Communities. PLoS ONE 6(6): e19992.']
Length: 2, dtype: str",-1.0911119159188427,4.435120834310792,AM
Artemisia_mongolica,Artemisia,mongolica,Asteraceae,Asterales,1.0,"Wang R, Wang Q, Zhao N, Xu Z, Zhu X, Jiao C, Yu G, He N. 2018. Different phylogenetic and environmental controls of first-order root morphological and nutrient traits: Evidence of multidimensional root traits. Special Focus on Functional Traits Along A Transect 32(1): 29-39.",-1.795165262362888,5.276430365583576,AM
Arthraxon_hispidus,Arthraxon,hispidus,Poaceae,Poales,,"Roumet C, Birouste M, Picon-Cochard C, Ghestem M, Osman N, Vrignon-Brenas S, Cao K-F, Stokes A. 2016. Root structure-function relationships in 74 species: evidence of root economics spectrum related to carbon economy. New Phytologist 210: 815-826.",-0.5141645250315053,2.569554123848285,AM
Artocarpus_styracifolius,Artocarpus,styracifolius,Moraceae,Rosales,1.0,"Kong D, Ma C, Zhang Q, Li L, Chen X, Zeng H, Guo D. 2014. Leading dimensions in absorptive root trait variation across 96 subtropical forest species. New Phytologist 203: 863-872.",-1.262449734084912,3.5421180727185324,AM
Ascarina_lucida,Ascarina,lucida,Chloranthaceae,Chloranthales,,"Holdaway RJ, Richardson SJ, Dickie IA, Peltzer DA, Coomes DA. 2011. Species- and community-level patterns in fine root traits along a 120 000-year soil chronosequence in temperate rain forest. Journal of Ecology 99: 954-963.",-0.6348782724359695,3.100092288878234,AM
Asclepias_incarnata,Asclepias,incarnata,Apocynaceae,Gentianales,,"Craine JM, Froehle J, Tilman DG, Wedin DA, Chapin FS. 2001. The relationships among root and leaf traits of 76 grassland species and relative abundance among fertility and disturbance gradients. Oikos 93: 274-285",-1.0216512475319814,4.248495242049359,AM
Asclepias_syriaca,Asclepias,syriaca,Apocynaceae,Gentianales,,"Craine JM, Froehle J, Tilman DG, Wedin DA, Chapin FS. 2001. The relationships among root and leaf traits of 76 grassland species and relative abundance among fertility and disturbance gradients. Oikos 93: 274-285",-0.843970070294529,3.871201010907891,AM
Asclepias_tuberosa,Asclepias,tuberosa,Apocynaceae,Gentianales,,"Craine JM, Froehle J, Tilman DG, Wedin DA, Chapin FS. 2001. The relationships among root and leaf traits of 76 grassland species and relative abundance among fertility and disturbance gradients. Oikos 93: 274-285",-0.6931471805599453,3.1354942159291497,AM
Asimina_triloba,Asimina,triloba,Annonaceae,Magnoliales,1.0,"<StringArray>
[' Valverde-Barrantes OJ, Smemo KA, Blackwood CB. 2014. Fine root morphology is phylogenetically structured, but nitrogen is related to the plant economics spectrum in temperate trees. Functional Ecology 29: 796-807.', 'Valverde et al (unpublished)']
Length: 2, dtype: str",-0.6446978458948621,2.606252773433732,AM
Asparagus_schoberioides,Asparagus,schoberioides,Asparagaceae,Asparagales,1.0,"Wang R, Wang Q, Zhao N, Xu Z, Zhu X, Jiao C, Yu G, He N. 2018. Different phylogenetic and environmental controls of first-order root morphological and nutrient traits: Evidence of multidimensional root traits. Special Focus on Functional Traits Along A Transect 32(1): 29-39.",-1.0708998501015738,4.78553148940686,AM
Asplenium_bulbiferum,Asplenium,bulbiferum,Aspleniaceae,Polypodiales,,"Holdaway RJ, Richardson SJ, Dickie IA, Peltzer DA, Coomes DA. 2011. Species- and community-level patterns in fine root traits along a 120 000-year soil chronosequence in temperate rain forest. Journal of Ecology 99: 954-963.",-0.843970070294529,3.459466289786131,NMAM
Astelia_fragrans,Astelia,fragrans,Asteliaceae,Asparagales,,"Holdaway RJ, Richardson SJ, Dickie IA, Peltzer DA, Coomes DA. 2011. Species- and community-level patterns in fine root traits along a 120 000-year soil chronosequence in temperate rain forest. Journal of Ecology 99: 954-963.",-0.0618754037180875,2.5572273113676265,AM
Astelia_nervosa,Astelia,nervosa,Asteliaceae,Asparagales,,"Holdaway RJ, Richardson SJ, Dickie IA, Peltzer DA, Coomes DA. 2011. Species- and community-level patterns in fine root traits along a 120 000-year soil chronosequence in temperate rain forest. Journal of Ecology 99: 954-963.",-0.0512932943875505,2.6741486494265287,AM
Aster_laevis,Aster,laevis,Asteraceae,Asterales,,"Kembel SW, Cahill JF, Jr. 2011. Independent Evolution of Leaf and Root Traits within and among Temperate Grassland Plant Communities. PLoS ONE 6(6): e19992.",-1.0552654841647438,3.527019276121148,AM
Aster_lanceolatus,Aster,lanceolatus,Asteraceae,Asterales,,"Craine JM, Froehle J, Tilman DG, Wedin DA, Chapin FS. 2001. The relationships among root and leaf traits of 76 grassland species and relative abundance among fertility and disturbance gradients. Oikos 93: 274-285",-1.0216512475319814,4.219507705176107,AM
Aster_tataricus,Aster,tataricus,Asteraceae,Asterales,1.0,"Wang R, Wang Q, Zhao N, Xu Z, Zhu X, Jiao C, Yu G, He N. 2018. Different phylogenetic and environmental controls of first-order root morphological and nutrient traits: Evidence of multidimensional root traits. Special Focus on Functional Traits Along A Transect 32(1): 29-39.",-1.6245515502441483,5.694102440602895,AM
Astilbe_rivularis,Astilbe,rivularis,Saxifragaceae,Saxifragales,1.0,"Wang R, Wang Q, Zhao N, Xu Z, Zhu X, Jiao C, Yu G, He N. 2018. Different phylogenetic and environmental controls of first-order root morphological and nutrient traits: Evidence of multidimensional root traits. Special Focus on Functional Traits Along A Transect 32(1): 29-39.",-0.9564618965634318,3.6047036853482144,NMAM
Astilbe_rubra,Astilbe,rubra,Saxifragaceae,Saxifragales,1.0,"Wang R, Wang Q, Zhao N, Xu Z, Zhu X, Jiao C, Yu G, He N. 2018. Different phylogenetic and environmental controls of first-order root morphological and nutrient traits: Evidence of multidimensional root traits. Special Focus on Functional Traits Along A Transect 32(1): 29-39.",-1.762006511078707,5.3774425203207885,NMAM
Astragalus_aboriginum,Astragalus,aboriginum,Fabaceae,Fabales,,"Kembel SW, Cahill JF, Jr. 2011. Independent Evolution of Leaf and Root Traits within and among Temperate Grassland Plant Communities. PLoS ONE 6(6): e19992.",-1.5329399414613754,3.7607826164598617,AM
Astragalus_agrestis,Astragalus,agrestis,Fabaceae,Fabales,,"Kembel SW, Cahill JF, Jr. 2011. Independent Evolution of Leaf and Root Traits within and among Temperate Grassland Plant Communities. PLoS ONE 6(6): e19992.",-0.9450760833059084,3.0361683041597565,AM
Astragalus_bisulcatus,Astragalus,bisulcatus,Fabaceae,Fabales,,"Kembel SW, Cahill JF, Jr. 2011. Independent Evolution of Leaf and Root Traits within and among Temperate Grassland Plant Communities. PLoS ONE 6(6): e19992.",-1.0367648853420297,4.505276183130613,AM
Astragalus_canadensis,Astragalus,canadensis,Fabaceae,Fabales,,"Craine JM, Froehle J, Tilman DG, Wedin DA, Chapin FS. 2001. The relationships among root and leaf traits of 76 grassland species and relative abundance among fertility and disturbance gradients. Oikos 93: 274-285",-0.8675005677047231,3.5263605246161616,AM
Astragalus_pelecinus,Astragalus,pelecinus,Fabaceae,Fabales,,"Yang Z, Culvenor RA, Haling RE, Stefanski A, Ryan MH, Sandral GA, Kidd DR, Lambers H, Simpson RJ. 2015. Variation in root traits associated with nutrient foraging among temperate legumes and grasses. Grass and Forage Science, early view article",-1.2761870875639385,5.576852994134958,AM
Astragalus_scaberrimus,Astragalus,scaberrimus,Fabaceae,Fabales,,"Zhou M, Wang J, Bai W, Zhang Y, Zhang W-H. 2019. The response of root traits to precipitation change of herbaceous species in temperate steppes. Functional Ecology, in press.",-1.2552660987134865,4.091757886325333,AM
Astrantia_minor,Astrantia,minor,Apiaceae,Apiales,,"Roumet C, Birouste M, Picon-Cochard C, Ghestem M, Osman N, Vrignon-Brenas S, Cao K-F, Stokes A. 2016. Root structure-function relationships in 74 species: evidence of root economics spectrum related to carbon economy. New Phytologist 210: 815-826.",-0.4354089844812364,2.3580197998821464,AM
Athyrium_multidentatum,Athyrium,multidentatum,Athyriaceae,Polypodiales,1.0,"Dong X, Wang H, Gu J, Wang Y, Wang Z. 2014. Root morphology, histology and chemistry of nine fern species (pteridophyta) in a temperate forest. Plant Soil 393: 215-227.",-1.4987590025403477,4.919563036334691,AM
Athyrium_sinense,Athyrium,sinense,Athyriaceae,Polypodiales,1.0,"Dong X, Wang H, Gu J, Wang Y, Wang Z. 2014. Root morphology, histology and chemistry of nine fern species (pteridophyta) in a temperate forest. Plant Soil 393: 215-227.",-1.3262144109042224,4.755675483475596,AM
Athyrium_spinulosum,Athyrium,spinulosum,Athyriaceae,Polypodiales,1.0,"Dong X, Wang H, Gu J, Wang Y, Wang Z. 2014. Root morphology, histology and chemistry of nine fern species (pteridophyta) in a temperate forest. Plant Soil 393: 215-227.",-1.7369169717199753,5.462427447342916,AM
Atractylis_humilis,Atractylis,humilis,Asteraceae,Asterales,,"de la Riva, Navarro-Fernandez, Perez-Ramos, Villar, Maranon. Unpublished.",-0.9342637838644056,1.7067240685289604,AM
Ballota_hirsuta,Ballota,hirsuta,Lamiaceae,Lamiales,,"de la Riva, Navarro-Fernandez, Perez-Ramos, Villar, Maranon. Unpublished.",-1.0362714932615358,1.6660532864879638,AM
Baptisia_alba,Baptisia,alba,Fabaceae,Fabales,,"Craine JM, Froehle J, Tilman DG, Wedin DA, Chapin FS. 2001. The relationships among root and leaf traits of 76 grassland species and relative abundance among fertility and disturbance gradients. Oikos 93: 274-285",-1.4271163556401458,5.765191102784844,AM
Barringtonia_racemosa,Barringtonia,racemosa,Lecythidaceae,Ericales,1.0,"<StringArray>
['Kong D, Ma C, Zhang Q, Li L, Chen X, Zeng H, Guo D. 2014. Leading dimensions in absorptive root trait variation across 96 subtropical forest species. New Phytologist 203: 863-872.', 'Chen W, Zeng H, Eissenstat DM, Guo D. 2013. Variation of first-order root traits across climatic gradients and evolutionary trends in geological time. Global Ecology and Biogeography 22: 846-856.']
Length: 2, dtype: str",-0.848957732212552,3.06842739617712,AM
Bauhinia_championii,Bauhinia,championii,Fabaceae,Fabales,,"Roumet C, Birouste M, Picon-Cochard C, Ghestem M, Osman N, Vrignon-Brenas S, Cao K-F, Stokes A. 2016. Root structure-function relationships in 74 species: evidence of root economics spectrum related to carbon economy. New Phytologist 210: 815-826.",-0.7507762933965817,2.189416394888408,AM
Beilschmiedia_tarairi,Beilschmiedia,tarairi,Lauraceae,Laurales,,"Kramer-Walter KR, Bellingham PJ, Millar TR, Smissen RD, Richardson SJ, Laughlin DC. 2016. Root traits are multidimensional: specific root length is independent from root tissue density and the plant economic spectrum. Journal of Ecology 104: 1299-1310.",-0.139491978818599,2.1843886504843235,AM
Beilschmiedia_tawa,Beilschmiedia,tawa,Lauraceae,Laurales,,"Kramer-Walter KR, Bellingham PJ, Millar TR, Smissen RD, Richardson SJ, Laughlin DC. 2016. Root traits are multidimensional: specific root length is independent from root tissue density and the plant economic spectrum. Journal of Ecology 104: 1299-1310.",-0.2233435713168768,2.088905305193164,AM
Berberis_thunbergii,Berberis,thunbergii,Berberidaceae,Ranunculales,,"Caplan JS, Stone BWG, Faillace CA, Lafond JJ, Baumgarten JM, Mozdzer TJ, Dighton J, Meiners SJ, Grabosky JC, Ehrenfeld JG. 2017. Nutrient foraging strategies are associated with productivity and population growth in forest shrubs. Annals of Botany 119: 977-988.",-1.2462824778086572,3.350788018246876,AM
Berteroa_incana,Berteroa,incana,Brassicaceae,Brassicales,,"Craine JM, Froehle J, Tilman DG, Wedin DA, Chapin FS. 2001. The relationships among root and leaf traits of 76 grassland species and relative abundance among fertility and disturbance gradients. Oikos 93: 274-285",-1.6607312068216509,5.468060141135132,NM
Betula_albosinensis,Betula,albosinensis,Betulaceae,Fagales,1.0,"Chen W, Zeng H, Eissenstat DM, Guo D. 2013. Variation of first-order root traits across climatic gradients and evolutionary trends in geological time. Global Ecology and Biogeography 22: 846-856.",-1.5585694665318883,4.046792440037325,EcM
Betula_alleghaniensis,Betula,alleghaniensis,Betulaceae,Fagales,,"Chen W, Koide RT, Adams TS, DeForest JL, Cheng L, Eissenstat DM. 2016. Root morphology and mycorrhizal symbioses together shape nutrient foraging strategies of temperate trees. Proceedings of the National Academy of Sciences 113: 8741-8746.",-1.4271163556401458,4.373238128640803,EcM
Betula_costata,Betula,costata,Betulaceae,Fagales,1.0,"<StringArray>
['Shi W, Wang ZQ, Liu JL, Gu JC, Guo DL. 2008. Fine root morphology of twenty hardwood species in Maoershan Natural Secondary Forest in Northeastern China. Journal of Plant Ecology (Chinese Version) 32: 1217-1226.', 'Wang R, Wang Q, Zhao N, Xu Z, Zhu X, Jiao C, Yu G, He N. 2018. Different phylogenetic and environmental controls of first-order root morphological and nutrient traits: Evidence of multidimensional root traits. Special Focus on Functional Traits Along A Transect 32(1): 29-39.']
Length: 2, dtype: str",-1.3381893249303756,4.592680950354096,EcM
Betula_dahurica,Betula,dahurica,Betulaceae,Fagales,1.0,"<StringArray>
['Chen W, Zeng H, Eissenstat DM, Guo D. 2013. Variation of first-order root traits across climatic gradients and evolutionary trends in geological time. Global Ecology and Biogeography 22: 846-856.', 'Wang R, Wang Q, Zhao N, Xu Z, Zhu X, Jiao C, Yu G, He N. 2018. Different phylogenetic and environmental controls of first-order root morphological and nutrient traits: Evidence of multidimensional root traits. Special Focus on Functional Traits Along A Transect 32(1): 29-39.']
Length: 2, dtype: str",-1.154705419123942,4.001737692895865,EcM
Betula_fruticosa,Betula,fruticosa,Betulaceae,Fagales,1.0,"Wang R, Wang Q, Zhao N, Xu Z, Zhu X, Jiao C, Yu G, He N. 2018. Different phylogenetic and environmental controls of first-order root morphological and nutrient traits: Evidence of multidimensional root traits. Special Focus on Functional Traits Along A Transect 32(1): 29-39.",-1.2718948208113945,3.88699799929116,EcM
Betula_lenta,Betula,lenta,Betulaceae,Fagales,,"Comas LH, Eissenstat DM. 2009. Patterns in root trait variation among 25 co-existing North American forest species. New Phytologist 182: 919-928.",-1.3093333199837622,4.697749367281185,EcM
Betula_pendula,Betula,pendula,Betulaceae,Fagales,,"Ostonen I, Truu M, Helmisaari H-S, Lukac M, Borken W, Vanguelova E, Godbold DL, Lohmus K, Zang U, Tedersoo L, Preem J-K, Rosenvald K, Aosaar J, Armolaitis K, Frey J, Kabral N, Kukumagi M, Leppalammi-Kujansuu J, Lindroos A-J, Merila P, Napa U, Nojd P, Parts K, Uri V, Varik M, Truu J. 2017. Adaptive root foraging strategies along a boreal-temperate forest gradient. New Phytologist 215: 977-991.",-1.2426270113074775,4.212127597878484,EcM
Betula_platyphylla,Betula,platyphylla,Betulaceae,Fagales,1.0,"<StringArray>
[                                                                'Shi W, Wang ZQ, Liu JL, Gu JC, Guo DL. 2008. Fine root morphology of twenty hardwood species in Maoershan Natural Secondary Forest in Northeastern China. Journal of Plant Ecology (Chinese Version) 32: 1217-1226.',
 'Wang R, Wang Q, Zhao N, Xu Z, Zhu X, Jiao C, Yu G, He N. 2018. Different phylogenetic and environmental controls of first-order root morphological and nutrient traits: Evidence of multidimensional root traits. Special Focus on Functional Traits Along A Transect 32(1): 29-39.',
                                                                           'Wang Y, Gao G, Wang N, Wang Z, Gu J. 2019. Effects of morphology and stand structure on root biomass and length differed between absorptive and transport roots in temperate trees. Plant Soil, in press.']
Length: 3, dtype: str",-1.3813632486636274,4.626467453243464,EcM
Bituminaria_bituminosa,Bituminaria,bituminosa,Fabaceae,Fabales,,"<StringArray>
[                                                                    'Birouste M, Kazakou E, Blanchard A, Roumet C. 2012. Plant traits and decomposition: are the relationships for roots comparable to those for leaves? Annals of Botany 109: 463-472. ',
    'Yang Z, Culvenor RA, Haling RE, Stefanski A, Ryan MH, Sandral GA, Kidd DR, Lambers H, Simpson RJ. 2015. Variation in root traits associated with nutrient foraging among temperate legumes and grasses. Grass and Forage Science, early view article',
 'Roumet C, Birouste M, Picon-Cochard C, Ghestem M, Osman N, Vrignon-Brenas S, Cao K-F, Stokes A. 2016. Root structure-function relationships in 74 species: evidence of root economics spectrum related to carbon economy. New Phytologist 210: 815-826.']
Length: 3, dtype: str",-0.8863825531716747,4.7239729257472645,AM
Blastus_cochinchinesis,Blastus,cochinchinesis,Melastomataceae,Myrtales,1.0,"Wang R, Wang Q, Zhao N, Xu Z, Zhu X, Jiao C, Yu G, He N. 2018. Different phylogenetic and environmental controls of first-order root morphological and nutrient traits: Evidence of multidimensional root traits. Special Focus on Functional Traits Along A Transect 32(1): 29-39.",-1.5941390392811776,5.32488948298348,AM
Blastus_pauciflorus,Blastus,pauciflorus,Melastomataceae,Myrtales,1.0,"Wang R, Wang Q, Zhao N, Xu Z, Zhu X, Jiao C, Yu G, He N. 2018. Different phylogenetic and environmental controls of first-order root morphological and nutrient traits: Evidence of multidimensional root traits. Special Focus on Functional Traits Along A Transect 32(1): 29-39.",-1.81533541052795,5.490746388301094,AM
Blechnum_chambersii,Blechnum,chambersii,Blechnaceae,Polypodiales,,"Holdaway RJ, Richardson SJ, Dickie IA, Peltzer DA, Coomes DA. 2011. Species- and community-level patterns in fine root traits along a 120 000-year soil chronosequence in temperate rain forest. Journal of Ecology 99: 954-963.",-0.8915981192837836,3.478158422798284,AM
Blechnum_discolor,Blechnum,discolor,Blechnaceae,Polypodiales,,"Holdaway RJ, Richardson SJ, Dickie IA, Peltzer DA, Coomes DA. 2011. Species- and community-level patterns in fine root traits along a 120 000-year soil chronosequence in temperate rain forest. Journal of Ecology 99: 954-963.",-1.0216512475319814,3.269568939183719,AM
Blechnum_fluviatile,Blechnum,fluviatile,Blechnaceae,Polypodiales,,"Holdaway RJ, Richardson SJ, Dickie IA, Peltzer DA, Coomes DA. 2011. Species- and community-level patterns in fine root traits along a 120 000-year soil chronosequence in temperate rain forest. Journal of Ecology 99: 954-963.",-1.171182981502945,3.758871825933971,AM
Blechnum_novae-zelandiae,Blechnum,novae-zelandiae,Blechnaceae,Polypodiales,,"Holdaway RJ, Richardson SJ, Dickie IA, Peltzer DA, Coomes DA. 2011. Species- and community-level patterns in fine root traits along a 120 000-year soil chronosequence in temperate rain forest. Journal of Ecology 99: 954-963.",-1.1086626245216111,3.332204510175204,AM
Blechnum_orientale,Blechnum,orientale,Blechnaceae,Polypodiales,1.0,"Wang R, Wang Q, Zhao N, Xu Z, Zhu X, Jiao C, Yu G, He N. 2018. Different phylogenetic and environmental controls of first-order root morphological and nutrient traits: Evidence of multidimensional root traits. Special Focus on Functional Traits Along A Transect 32(1): 29-39.",-1.5663784229736533,5.222220751507993,AM
Blechnum_procerum,Blechnum,procerum,Blechnaceae,Polypodiales,,"Holdaway RJ, Richardson SJ, Dickie IA, Peltzer DA, Coomes DA. 2011. Species- and community-level patterns in fine root traits along a 120 000-year soil chronosequence in temperate rain forest. Journal of Ecology 99: 954-963.",-1.3093333199837622,3.4372078191851885,AM
Blumeodendron_tokbrai,Blumeodendron,tokbrai,Euphorbiaceae,Malpighiales,,"Makita N, Kosugi Y, Dannoura M, Takanashi S, Niiyama K, Kassim AR, Nik AR. 2012. Patterns of root respiration rates and morphological traits in 13 tree species in a tropical forest. Tree Physiology 32: 303-312.",-0.7907600094269457,3.21107720250907,AM
Bothriochloa_macra,Bothriochloa,macra,Poaceae,Poales,,"Mokany K, Ash J. 2008. Are traits measured on pot grown plants representative of those in natural communities? Journal of Vegetation Science 19: 119-126.",-1.0078579253996456,4.5976419195673,AM
Bouteloua_curtipendula,Bouteloua,curtipendula,Poaceae,Poales,,"Craine JM, Froehle J, Tilman DG, Wedin DA, Chapin FS. 2001. The relationships among root and leaf traits of 76 grassland species and relative abundance among fertility and disturbance gradients. Oikos 93: 274-285",-1.1394342831883648,4.174387269895637,AM
Brachypodium_phoenicoides,Brachypodium,phoenicoides,Poaceae,Poales,,"<StringArray>
[                                                                    'Birouste M, Kazakou E, Blanchard A, Roumet C. 2012. Plant traits and decomposition: are the relationships for roots comparable to those for leaves? Annals of Botany 109: 463-472. ',
                                                                      'Roumet C, Lafont F, Sari M, Warembourg F, Garnier E. 2008. Root traits and taxonomic affiliation of nine herbaceous species grown in glasshouse conditions. Plant Soil 312:69-83. ',
 'Roumet C, Birouste M, Picon-Cochard C, Ghestem M, Osman N, Vrignon-Brenas S, Cao K-F, Stokes A. 2016. Root structure-function relationships in 74 species: evidence of root economics spectrum related to carbon economy. New Phytologist 210: 815-826.']
Length: 3, dtype: str",-1.0827389395118194,4.890299001652156,AM
Brachypodium_pinnatum,Brachypodium,pinnatum,Poaceae,Poales,,"<StringArray>
['Ryser P, Lambers H. 1995. Root and leaf attributes accounting for the performance of fast and slow-growing grasses at different nutrient supply. Plant and Soil 170: 251-265, 1995.', 'Fort F, Jouany C, Cruz P. 2013.Root and leaf functional trait relations in Poaceae species: implications of differing resource-acquisition strategies. Journal of Plant Ecology 6:211-219']
Length: 2, dtype: str",-1.7092582477163114,5.465948207931988,AM
Brachypodium_sylvaticum,Brachypodium,sylvaticum,Poaceae,Poales,,"Fort F, Jouany C, Cruz P. 2013.Root and leaf functional trait relations in Poaceae species: implications of differing resource-acquisition strategies. Journal of Plant Ecology 6:211-219",-2.0402208285265546,5.081404364984463,AM
Bromus_catharticus,Bromus,catharticus,Poaceae,Poales,,Comas - Pasture species,-1.186624165991323,5.342224871341821,AM
Bromus_erectus,Bromus,erectus,Poaceae,Poales,,"<StringArray>
[                                                                    'Birouste M, Kazakou E, Blanchard A, Roumet C. 2012. Plant traits and decomposition: are the relationships for roots comparable to those for leaves? Annals of Botany 109: 463-472. ',
                                                               'Fort F, Jouany C, Cruz P. 2013.Root and leaf functional trait relations in Poaceae species: implications of differing resource-acquisition strategies. Journal of Plant Ecology 6:211-219',
                        'Perez-Ramos IM, Volaire F, Fattet M, Blanchard A, Roumet C. Tradeoffs between functional strategies for resource-use and drought-survival in Mediterranean rangeland species. Environmental and Experimental Botany 87: 126-136.',
 'Roumet C, Birouste M, Picon-Cochard C, Ghestem M, Osman N, Vrignon-Brenas S, Cao K-F, Stokes A. 2016. Root structure-function relationships in 74 species: evidence of root economics spectrum related to carbon economy. New Phytologist 210: 815-826.',
                                                         'Poirier V, Roumet C, Angers DA, Munson AD. 2018. Species and root traits impact macroaggregation in the rhizospheric soil of a Mediterranean common garden experiment. Plant Soil 424: 289-302.']
Length: 5, dtype: str",-1.2709269391230391,4.632993780436972,AM
Bromus_hordeaceus,Bromus,hordeaceus,Poaceae,Poales,,"Hill JO, Simpson RJ, Moore AD, Chapman DF. 2006. Morphology and response of roots of pasture species to phosphorus and nitrogen nutrition. Plant and Soil 286: 7-19.",-1.713374115591908,5.742076504217209,AM
Bromus_inermis,Bromus,inermis,Poaceae,Poales,,"<StringArray>
['Poon GT, Maherali H. 2015. Competitive interactions between a nonmycorrhizal invasive plant, Alliaria petiolata, and a suite of mycorrhizal grassland, old field, and forest species. PeerJ 3: e1090',
                                                                                                                                                                              'Comas - Pasture species',
                                         'Kembel SW, Cahill JF, Jr. 2011. Independent Evolution of Leaf and Root Traits within and among Temperate Grassland Plant Communities. PLoS ONE 6(6): e19992.']
Length: 3, dtype: str",-1.5464631132727118,5.125546462525955,AM
Bromus_madritensis,Bromus,madritensis,Poaceae,Poales,,"<StringArray>
[                                                                    'Birouste M, Kazakou E, Blanchard A, Roumet C. 2012. Plant traits and decomposition: are the relationships for roots comparable to those for leaves? Annals of Botany 109: 463-472. ',
                                                                      'Roumet C, Lafont F, Sari M, Warembourg F, Garnier E. 2008. Root traits and taxonomic affiliation of nine herbaceous species grown in glasshouse conditions. Plant Soil 312:69-83. ',
 'Roumet C, Birouste M, Picon-Cochard C, Ghestem M, Osman N, Vrignon-Brenas S, Cao K-F, Stokes A. 2016. Root structure-function relationships in 74 species: evidence of root economics spectrum related to carbon economy. New Phytologist 210: 815-826.']
Length: 3, dtype: str",-1.2909841813155658,5.832048641385611,AM
Calamagrostis_canadensis,Calamagrostis,canadensis,Poaceae,Poales,,"Craine JM, Froehle J, Tilman DG, Wedin DA, Chapin FS. 2001. The relationships among root and leaf traits of 76 grassland species and relative abundance among fertility and disturbance gradients. Oikos 93: 274-285",-1.5141277326297755,5.517452896464707,AM
Calamovilfa_longifolia,Calamovilfa,longifolia,Poaceae,Poales,,"Craine JM, Froehle J, Tilman DG, Wedin DA, Chapin FS. 2001. The relationships among root and leaf traits of 76 grassland species and relative abundance among fertility and disturbance gradients. Oikos 93: 274-285",-0.7339691750802004,3.49650756146648,NMAM
Calamus_rhabdocladus,Calamus,rhabdocladus,Arecaceae,Arecales,1.0,"Wang R, Wang Q, Zhao N, Xu Z, Zhu X, Jiao C, Yu G, He N. 2018. Different phylogenetic and environmental controls of first-order root morphological and nutrient traits: Evidence of multidimensional root traits. Special Focus on Functional Traits Along A Transect 32(1): 29-39.",-1.520054351299415,4.637108263275592,AM
Caldcluvia_rosifolia,Caldcluvia,rosifolia,Cunoniaceae,Oxalidales,,"Kramer-Walter KR, Bellingham PJ, Millar TR, Smissen RD, Richardson SJ, Laughlin DC. 2016. Root traits are multidimensional: specific root length is independent from root tissue density and the plant economic spectrum. Journal of Ecology 104: 1299-1310.",-1.0198793140602396,3.9510243683276944,AM
Calpurnia_aurea,Calpurnia,aurea,Fabaceae,Fabales,,"Assefa D, Godbold DL, Belay B, Abiya A, Rewald B. 2018. Fine root morphology, biochemistry and litter quality indices of fast- and slow-growing woody species in Ethiopian highland forest. Ecosystems 21: 482-494.",-0.6348782724359695,2.830267833826459,AM
Caltha_palustris,Caltha,palustris,Ranunculaceae,Ranunculales,1.0,"Wang R, Wang Q, Zhao N, Xu Z, Zhu X, Jiao C, Yu G, He N. 2018. Different phylogenetic and environmental controls of first-order root morphological and nutrient traits: Evidence of multidimensional root traits. Special Focus on Functional Traits Along A Transect 32(1): 29-39.",-1.5616005830199404,5.84841055554281,NMAM
Campanula_rotundifolia,Campanula,rotundifolia,Campanulaceae,Asterales,,"Kembel SW, Cahill JF, Jr. 2011. Independent Evolution of Leaf and Root Traits within and among Temperate Grassland Plant Communities. PLoS ONE 6(6): e19992.",-1.954984527976418,6.285440420788243,AM
Canarium_album,Canarium,album,Burseraceae,Sapindales,1.0,"<StringArray>
['Kong D, Ma C, Zhang Q, Li L, Chen X, Zeng H, Guo D. 2014. Leading dimensions in absorptive root trait variation across 96 subtropical forest species. New Phytologist 203: 863-872.', 'Chen W, Zeng H, Eissenstat DM, Guo D. 2013. Variation of first-order root traits across climatic gradients and evolutionary trends in geological time. Global Ecology and Biogeography 22: 846-856.']
Length: 2, dtype: str",-1.6404940454660997,4.647678586222547,AM
Caragana_microphylla,Caragana,microphylla,Fabaceae,Fabales,1.0,"Huang G, Zhao  X-Y, Zhao H-L, Huang Y-X, Zuo X-A. 2010. Linking root morphology, longevity and function to root branch order: a case study in three shrubs. Plant Soil 336: 197-208.",-0.8915981192837836,3.2204745462318978,AM
Carallia_brachiata,Carallia,brachiata,Rhizophoraceae,Malpighiales,1.0,"Kong D, Ma C, Zhang Q, Li L, Chen X, Zeng H, Guo D. 2014. Leading dimensions in absorptive root trait variation across 96 subtropical forest species. New Phytologist 203: 863-872.",-1.5405650481477249,4.693547296605504,AM
Carex_doisutepensis,Carex,doisutepensis,Cyperaceae,Poales,,"Roumet C, Birouste M, Picon-Cochard C, Ghestem M, Osman N, Vrignon-Brenas S, Cao K-F, Stokes A. 2016. Root structure-function relationships in 74 species: evidence of root economics spectrum related to carbon economy. New Phytologist 210: 815-826.",-0.4215944900380479,3.1376657694426577,NMAM
Carex_filifolia,Carex,filifolia,Cyperaceae,Poales,,"Kembel SW, Cahill JF, Jr. 2011. Independent Evolution of Leaf and Root Traits within and among Temperate Grassland Plant Communities. PLoS ONE 6(6): e19992.",-1.703905587745027,4.678025021150672,NMAM
Carex_flacca,Carex,flacca,Cyperaceae,Poales,,"<StringArray>
['Roumet C, Birouste M, Picon-Cochard C, Ghestem M, Osman N, Vrignon-Brenas S, Cao K-F, Stokes A. 2016. Root structure-function relationships in 74 species: evidence of root economics spectrum related to carbon economy. New Phytologist 210: 815-826.',
                                                                 'Fort F, Volaire F, Guilioni L, Barkaoui K, Navas ML, Roumet C. 2017. Root traits are related to plant water-use among rangeland Mediterranean species. Functional Ecology 31: 1700-1709',
                                                         'Poirier V, Roumet C, Angers DA, Munson AD. 2018. Species and root traits impact macroaggregation in the rhizospheric soil of a Mediterranean common garden experiment. Plant Soil 424: 289-302.']
Length: 3, dtype: str",-0.8895505779036719,4.1069991583341805,NMAM
Carex_humilis,Carex,humilis,Cyperaceae,Poales,,"<StringArray>
[                       'Perez-Ramos IM, Volaire F, Fattet M, Blanchard A, Roumet C. Tradeoffs between functional strategies for resource-use and drought-survival in Mediterranean rangeland species. Environmental and Experimental Botany 87: 126-136.',
 'Roumet C, Birouste M, Picon-Cochard C, Ghestem M, Osman N, Vrignon-Brenas S, Cao K-F, Stokes A. 2016. Root structure-function relationships in 74 species: evidence of root economics spectrum related to carbon economy. New Phytologist 210: 815-826.',
                                                         'Poirier V, Roumet C, Angers DA, Munson AD. 2018. Species and root traits impact macroaggregation in the rhizospheric soil of a Mediterranean common garden experiment. Plant Soil 424: 289-302.']
Length: 3, dtype: str",-1.296453657120101,4.451348618664039,NMAM
Carex_korshinskyi,Carex,korshinskyi,Cyperaceae,Poales,,"Zhou M, Wang J, Bai W, Zhang Y, Zhang W-H. 2019. The response of root traits to precipitation change of herbaceous species in temperate steppes. Functional Ecology, in press.",-1.40649706843741,5.531609248914061,NMAM
Carex_lasiocarpa,Carex,lasiocarpa,Cyperaceae,Poales,,"Craine JM, Froehle J, Tilman DG, Wedin DA, Chapin FS. 2001. The relationships among root and leaf traits of 76 grassland species and relative abundance among fertility and disturbance gradients. Oikos 93: 274-285",-1.4696759700589417,5.529429087511423,NMAM
Carex_moorcroftii,Carex,moorcroftii,Cyperaceae,Poales,,"Hong J, Ma X, Yan Y, Zhang X, Wang X. 2017. Which root traits determine nitrogen uptake by alpine plant species on the Tibetan Plateau? Plant Soil, in press. ",-0.5447271754416722,-1.1307843023744606,NMAM
Carex_nigra,Carex,nigra,Cyperaceae,Poales,,"Smith SW, Woodin SJ, Pakeman RJ, Johnson D, van der Wal R. 2014. Root traits predict decomposition across a landscape-scale grazing experiment. New Phytologist 203: 851-862.",-1.1394342831883648,2.2126603854660587,NMAM
Carex_obtusata,Carex,obtusata,Cyperaceae,Poales,,"Kembel SW, Cahill JF, Jr. 2011. Independent Evolution of Leaf and Root Traits within and among Temperate Grassland Plant Communities. PLoS ONE 6(6): e19992.",-1.799321322107072,4.619216429009954,NMAM
Carpinus_betulus,Carpinus,betulus,Betulaceae,Fagales,1.0,"Kubisch P, Hertel D, Leuschner C. 2015. Do ectomycorrhizal and arbuscular mycorrhizal temperate tree species systematically differ in root order-related fine root morphology and biomass? Frontiers in Plant Science 6(64): 1-12.",-1.3223499439271242,3.718345652310577,EcM
Carpinus_caroliniana,Carpinus,caroliniana,Betulaceae,Fagales,,"Valverde-Barrantes OJ, Smemo KA,  Feinstein LM, Kershner MW, Blackwood CB. 2015. Aggregated and complementary: symmetric proliferation, overyielding, and mass effects explain fine-root biomass in soil patches in a diverse temperate deciduous forest landscape. New Phytologist 205(2): 731-742.",-0.4606376274954117,3.0393599951522816,EcM
Carpinus_cordata,Carpinus,cordata,Betulaceae,Fagales,1.0,"Chen W, Zeng H, Eissenstat DM, Guo D. 2013. Variation of first-order root traits across climatic gradients and evolutionary trends in geological time. Global Ecology and Biogeography 22: 846-856.",-1.920540257577392,4.15396636985902,EcM
Carpodetus_serratus,Carpodetus,serratus,Rousseaceae,Asterales,,"<StringArray>
['Holdaway RJ, Richardson SJ, Dickie IA, Peltzer DA, Coomes DA. 2011. Species- and community-level patterns in fine root traits along a 120 000-year soil chronosequence in temperate rain forest. Journal of Ecology 99: 954-963.', 'Kramer-Walter KR, Bellingham PJ, Millar TR, Smissen RD, Richardson SJ, Laughlin DC. 2016. Root traits are multidimensional: specific root length is independent from root tissue density and the plant economic spectrum. Journal of Ecology 104: 1299-1310.']
Length: 2, dtype: str",-0.6597607615423119,3.4448828229628194,AM
Carya_cordiformis,Carya,cordiformis,Juglandaceae,Fagales,,"Valverde-Barrantes OJ, Smemo KA,  Feinstein LM, Kershner MW, Blackwood CB. 2015. Aggregated and complementary: symmetric proliferation, overyielding, and mass effects explain fine-root biomass in soil patches in a diverse temperate deciduous forest landscape. New Phytologist 205(2): 731-742.",-0.4942250485172908,3.1219220039762328,EcM
Carya_glabra,Carya,glabra,Juglandaceae,Fagales,1.0,"McCormack ML, Adams TS, Smithwick EAH, Eissenstat DM. 2012. Predicting fine root lifespan from plant functional traits in temperate trees. New Phytologist 195:823-831.",-1.8325814637483104,4.510603063381709,EcM
Carya_ovata,Carya,ovata,Juglandaceae,Fagales,,"<StringArray>
['Comas LH, Eissenstat DM. 2009. Patterns in root trait variation among 25 co-existing North American forest species. New Phytologist 182: 919-928.', 'Valverde-Barrantes OJ, Smemo KA,  Feinstein LM, Kershner MW, Blackwood CB. 2015. Aggregated and complementary: symmetric proliferation, overyielding, and mass effects explain fine-root biomass in soil patches in a diverse temperate deciduous forest landscape. New Phytologist 205(2): 731-742.']
Length: 2, dtype: str",-0.5419758262936542,3.067860515438203,EcM
Caryota_maxima,Caryota,maxima,Arecaceae,Arecales,1.0,"Wang R, Wang Q, Zhao N, Xu Z, Zhu X, Jiao C, Yu G, He N. 2018. Different phylogenetic and environmental controls of first-order root morphological and nutrient traits: Evidence of multidimensional root traits. Special Focus on Functional Traits Along A Transect 32(1): 29-39.",-1.2301456786299592,4.05301196636022,AM
Castanea_henryi,Castanea,henryi,Fagaceae,Fagales,1.0,"Kong D, Ma C, Zhang Q, Li L, Chen X, Zeng H, Guo D. 2014. Leading dimensions in absorptive root trait variation across 96 subtropical forest species. New Phytologist 203: 863-872.",-1.7836127440922864,3.712595980731253,EcM
Castanopsis_carlesii,Castanopsis,carlesii,Fagaceae,Fagales,1.0,"<StringArray>
['Xiong D, Huang J, Yang Z, Lu Z, Chen G, Yang Y. 2012. Fine root architecture and morphology among different branch orders of six subtropical tree species. Acta Ecologica Sinica 32: 1888-1897.', 'Wang R, Wang Q, Zhao N, Xu Z, Zhu X, Jiao C, Yu G, He N. 2018. Different phylogenetic and environmental controls of first-order root morphological and nutrient traits: Evidence of multidimensional root traits. Special Focus on Functional Traits Along A Transect 32(1): 29-39.']
Length: 2, dtype: str",-1.2976009475472772,4.312779107215744,EcM
Castanopsis_echinocarpa,Castanopsis,echinocarpa,Fagaceae,Fagales,1.0,"Kong D, Ma C, Zhang Q, Li L, Chen X, Zeng H, Guo D. 2014. Leading dimensions in absorptive root trait variation across 96 subtropical forest species. New Phytologist 203: 863-872.",-1.8113705148771704,4.402809173856411,EcM
Castanopsis_eyrei,Castanopsis,eyrei,Fagaceae,Fagales,1.0,"Wang R, Wang Q, Zhao N, Xu Z, Zhu X, Jiao C, Yu G, He N. 2018. Different phylogenetic and environmental controls of first-order root morphological and nutrient traits: Evidence of multidimensional root traits. Special Focus on Functional Traits Along A Transect 32(1): 29-39.",-1.636638003622972,4.627907288790516,EcM
Castanopsis_faberi,Castanopsis,faberi,Fagaceae,Fagales,1.0,"<StringArray>
['Xiong D, Huang J, Yang Z, Lu Z, Chen G, Yang Y. 2012. Fine root architecture and morphology among different branch orders of six subtropical tree species. Acta Ecologica Sinica 32: 1888-1897.', 'Wang R, Wang Q, Zhao N, Xu Z, Zhu X, Jiao C, Yu G, He N. 2018. Different phylogenetic and environmental controls of first-order root morphological and nutrient traits: Evidence of multidimensional root traits. Special Focus on Functional Traits Along A Transect 32(1): 29-39.']
Length: 2, dtype: str",-1.3810052173341962,4.552548744178532,EcM
Castanopsis_fargesii,Castanopsis,fargesii,Fagaceae,Fagales,1.0,"Wang R, Wang Q, Zhao N, Xu Z, Zhu X, Jiao C, Yu G, He N. 2018. Different phylogenetic and environmental controls of first-order root morphological and nutrient traits: Evidence of multidimensional root traits. Special Focus on Functional Traits Along A Transect 32(1): 29-39.",-1.5960282255241829,4.743054926652544,EcM
Castanopsis_fissa,Castanopsis,fissa,Fagaceae,Fagales,1.0,"<StringArray>
['Kong D, Ma C, Zhang Q, Li L, Chen X, Zeng H, Guo D. 2014. Leading dimensions in absorptive root trait variation across 96 subtropical forest species. New Phytologist 203: 863-872.', 'Wang R, Wang Q, Zhao N, Xu Z, Zhu X, Jiao C, Yu G, He N. 2018. Different phylogenetic and environmental controls of first-order root morphological and nutrient traits: Evidence of multidimensional root traits. Special Focus on Functional Traits Along A Transect 32(1): 29-39.']
Length: 2, dtype: str",-1.5831003121148188,4.537328196268297,EcM
Castanopsis_hystrix,Castanopsis,hystrix,Fagaceae,Fagales,1.0,"Kong D, Ma C, Zhang Q, Li L, Chen X, Zeng H, Guo D. 2014. Leading dimensions in absorptive root trait variation across 96 subtropical forest species. New Phytologist 203: 863-872.",-1.7868316309917582,4.257171777528256,EcM
Castanopsis_wattii,Castanopsis,wattii,Fagaceae,Fagales,1.0,"Kong D, Ma C, Zhang Q, Li L, Chen X, Zeng H, Guo D. 2014. Leading dimensions in absorptive root trait variation across 96 subtropical forest species. New Phytologist 203: 863-872.",-1.82504741609423,4.52526080275979,EcM
Catalpa_bignonioides,Catalpa,bignonioides,Bignoniaceae,Lamiales,1.0,"<StringArray>
[' Valverde-Barrantes OJ, Smemo KA, Blackwood CB. 2014. Fine root morphology is phylogenetically structured, but nitrogen is related to the plant economics spectrum in temperate trees. Functional Ecology 29: 796-807.', 'Valverde et al (unpublished)']
Length: 2, dtype: str",-1.2548979384226286,3.617987853502602,AM
Catunaregam_spinosa,Catunaregam,spinosa,Rubiaceae,Gentianales,1.0,"Kong D, Ma C, Zhang Q, Li L, Chen X, Zeng H, Guo D. 2014. Leading dimensions in absorptive root trait variation across 96 subtropical forest species. New Phytologist 203: 863-872.",-1.3587181053497872,4.38502214365368,AM
Caulophyllum_robustum,Caulophyllum,robustum,Berberidaceae,Ranunculales,1.0,"Wang R, Wang Q, Zhao N, Xu Z, Zhu X, Jiao C, Yu G, He N. 2018. Different phylogenetic and environmental controls of first-order root morphological and nutrient traits: Evidence of multidimensional root traits. Special Focus on Functional Traits Along A Transect 32(1): 29-39.",-1.0277811079075183,4.518592891171162,AM
Ceiba_pentandra,Ceiba,pentandra,Malvaceae,Malvales,,"Rajab YA, Holscher D, Leuschner C, Barus H, Tjoa A, Hertel D. 2018. Effects of shade tree cover and diversity on root system structure and dynamics in cacao agroforests: The role of root competition and space partitioning. Plant Soil 422: 349-369.",0.0,1.9600947840472696,AM
Celtis_australis,Celtis,australis,Cannabaceae,Rosales,,"de la Riva, Navarro-Fernandez, Perez-Ramos, Villar, Maranon. Unpublished.",-1.2670013549319077,3.1154290151287816,AM
Celtis_sinensis,Celtis,sinensis,Cannabaceae,Rosales,1.0,"Kong D, Ma C, Zhang Q, Li L, Chen X, Zeng H, Guo D. 2014. Leading dimensions in absorptive root trait variation across 96 subtropical forest species. New Phytologist 203: 863-872.",-1.963046135002048,4.727387818712341,AM
Centaurea_pectinata,Centaurea,pectinata,Asteraceae,Asterales,,"<StringArray>
['Roumet C, Birouste M, Picon-Cochard C, Ghestem M, Osman N, Vrignon-Brenas S, Cao K-F, Stokes A. 2016. Root structure-function relationships in 74 species: evidence of root economics spectrum related to carbon economy. New Phytologist 210: 815-826.',
                                                                 'Fort F, Volaire F, Guilioni L, Barkaoui K, Navas ML, Roumet C. 2017. Root traits are related to plant water-use among rangeland Mediterranean species. Functional Ecology 31: 1700-1709',
                                                         'Poirier V, Roumet C, Angers DA, Munson AD. 2018. Species and root traits impact macroaggregation in the rhizospheric soil of a Mediterranean common garden experiment. Plant Soil 424: 289-302.']
Length: 3, dtype: str",-0.6178281686681016,3.7740270390550457,AM
Cerastium_arvense,Cerastium,arvense,Caryophyllaceae,Caryophyllales,,"Kembel SW, Cahill JF, Jr. 2011. Independent Evolution of Leaf and Root Traits within and among Temperate Grassland Plant Communities. PLoS ONE 6(6): e19992.",-1.667243592764639,4.517229830868229,NMAM
Cerastium_fontanum,Cerastium,fontanum,Caryophyllaceae,Caryophyllales,,"Smith SW, Woodin SJ, Pakeman RJ, Johnson D, van der Wal R. 2014. Root traits predict decomposition across a landscape-scale grazing experiment. New Phytologist 203: 851-862.",-1.272965675812887,1.9740810260220096,NMAM
Cercidiphyllum_japonicum,Cercidiphyllum,japonicum,Cercidiphyllaceae,Saxifragales,1.0,"<StringArray>
[' Valverde-Barrantes OJ, Smemo KA, Blackwood CB. 2014. Fine root morphology is phylogenetically structured, but nitrogen is related to the plant economics spectrum in temperate trees. Functional Ecology 29: 796-807.', 'Valverde et al (unpublished)']
Length: 2, dtype: str",-1.5443634646183897,3.308795169285806,AM
Cercis_canadensis,Cercis,canadensis,Fabaceae,Fabales,,"Comas LH, Eissenstat DM. 2009. Patterns in root trait variation among 25 co-existing North American forest species. New Phytologist 182: 919-928.",-0.5978370007556204,3.299533727885655,AM
Chamaecrista_fasciculata,Chamaecrista,fasciculata,Fabaceae,Fabales,,"Craine JM, Froehle J, Tilman DG, Wedin DA, Chapin FS. 2001. The relationships among root and leaf traits of 76 grassland species and relative abundance among fertility and disturbance gradients. Oikos 93: 274-285",-1.0788096613719298,4.248495242049359,AM
Chamaecyparis_obtusa,Chamaecyparis,obtusa,Cupressaceae,Pinales,1.0,"Doi R, Tanikawa T, Miyatani K, Hirano Y. 2017. Intraspecific variation in morphological traits of root branch orders in Chamaecyparis obtusa. Plant Soil 416: 503-513.",-0.9662227829984146,3.3772673323464906,AM
Chamaerhodos_erecta,Chamaerhodos,erecta,Rosaceae,Rosales,,"Zhou M, Wang J, Bai W, Zhang Y, Zhang W-H. 2019. The response of root traits to precipitation change of herbaceous species in temperate steppes. Functional Ecology, in press.",-1.448169764837978,4.658710952916121,AM
Chenopodium_album,Chenopodium,album,Amaranthaceae,Caryophyllales,,"<StringArray>
['Craine JM, Froehle J, Tilman DG, Wedin DA, Chapin FS. 2001. The relationships among root and leaf traits of 76 grassland species and relative abundance among fertility and disturbance gradients. Oikos 93: 274-285', 'Kembel SW, Cahill JF, Jr. 2011. Independent Evolution of Leaf and Root Traits within and among Temperate Grassland Plant Communities. PLoS ONE 6(6): e19992.']
Length: 2, dtype: str",-1.5808504555821878,4.955499329608534,NMAM
Chenopodium_serotinum,Chenopodium,serotinum,Amaranthaceae,Caryophyllales,1.0,"Chen W, Zeng H, Eissenstat DM, Guo D. 2013. Variation of first-order root traits across climatic gradients and evolutionary trends in geological time. Global Ecology and Biogeography 22: 846-856.",-2.0527423348664056,4.593390003903858,NMAM
Chionanthus_mildbraedii,Chionanthus,mildbraedii,Oleaceae,Lamiales,,"Assefa D, Godbold DL, Belay B, Abiya A, Rewald B. 2018. Fine root morphology, biochemistry and litter quality indices of fast- and slow-growing woody species in Ethiopian highland forest. Ecosystems 21: 482-494.",-0.527632742082372,2.247072383063787,AM
Chionanthus_virginicus,Chionanthus,virginicus,Oleaceae,Lamiales,1.0,"<StringArray>
[' Valverde-Barrantes OJ, Smemo KA, Blackwood CB. 2014. Fine root morphology is phylogenetically structured, but nitrogen is related to the plant economics spectrum in temperate trees. Functional Ecology 29: 796-807.', 'Valverde et al (unpublished)']
Length: 2, dtype: str",-0.8996099946685299,2.6306437235740203,AM
Chloranthus_henryi,Chloranthus,henryi,Chloranthaceae,Chloranthales,1.0,"Wang R, Wang Q, Zhao N, Xu Z, Zhu X, Jiao C, Yu G, He N. 2018. Different phylogenetic and environmental controls of first-order root morphological and nutrient traits: Evidence of multidimensional root traits. Special Focus on Functional Traits Along A Transect 32(1): 29-39.",-0.7721903879003982,3.618386859139408,AM
Chloris_anomala,Chloris,anomala,Poaceae,Poales,,"Roumet C, Birouste M, Picon-Cochard C, Ghestem M, Osman N, Vrignon-Brenas S, Cao K-F, Stokes A. 2016. Root structure-function relationships in 74 species: evidence of root economics spectrum related to carbon economy. New Phytologist 210: 815-826.",-0.5727010274840783,2.9947317732204075,AM
Choerospondias_axillaris,Choerospondias,axillaris,Anacardiaceae,Sapindales,1.0,"<StringArray>
['Liu B, Li H, Zhu B, Koide RT, Eissenstat DM, Guo D. 2015. Complementarity between roots and AM fungi in nutrient foraging strategies. New Phytologist 208: 125-136.', 'Wang R, Wang Q, Zhao N, Xu Z, Zhu X, Jiao C, Yu G, He N. 2018. Different phylogenetic and environmental controls of first-order root morphological and nutrient traits: Evidence of multidimensional root traits. Special Focus on Functional Traits Along A Transect 32(1): 29-39.']
Length: 2, dtype: str",-1.3309542660867262,4.328852849323624,AM
Chomelia_psilocarpa,Chomelia,psilocarpa,Rubiaceae,Gentianales,,"Collins CG, Wright SJ, Wurzburger N. 2016. Root and leaf traits reflect distinct resource acquisition strategies in tropical lianas and trees. Oecologia 180: 1037-1047.",-0.6148457794040797,2.942511704428173,AM
Chondrosum_gracile,Chondrosum,gracile,Poaceae,Poales,,"Kembel SW, Cahill JF, Jr. 2011. Independent Evolution of Leaf and Root Traits within and among Temperate Grassland Plant Communities. PLoS ONE 6(6): e19992.",-1.5829988599044778,4.481377676912836,AM
Cibotium_barometz,Cibotium,barometz,Cibotiaceae,Cyatheales,1.0,"Wang R, Wang Q, Zhao N, Xu Z, Zhu X, Jiao C, Yu G, He N. 2018. Different phylogenetic and environmental controls of first-order root morphological and nutrient traits: Evidence of multidimensional root traits. Special Focus on Functional Traits Along A Transect 32(1): 29-39.",-1.3933189760568552,4.430282550681985,AM
Cichorium_intybus,Cichorium,intybus,Asteraceae,Asterales,,Comas - Pasture species,-1.0377053528236777,5.937234329179472,AM
Cinnamomum_austrosinense,Cinnamomum,austrosinense,Lauraceae,Laurales,1.0,"<StringArray>
['Liu B, Li H, Zhu B, Koide RT, Eissenstat DM, Guo D. 2015. Complementarity between roots and AM fungi in nutrient foraging strategies. New Phytologist 208: 125-136.', 'Wang R, Wang Q, Zhao N, Xu Z, Zhu X, Jiao C, Yu G, He N. 2018. Different phylogenetic and environmental controls of first-order root morphological and nutrient traits: Evidence of multidimensional root traits. Special Focus on Functional Traits Along A Transect 32(1): 29-39.']
Length: 2, dtype: str",-0.8884931884766529,3.609875282402276,AM
Cinnamomum_camphora,Cinnamomum,camphora,Lauraceae,Laurales,1.0,"<StringArray>
['Kong D, Ma C, Zhang Q, Li L, Chen X, Zeng H, Guo D. 2014. Leading dimensions in absorptive root trait variation across 96 subtropical forest species. New Phytologist 203: 863-872.', 'Chen W, Zeng H, Eissenstat DM, Guo D. 2013. Variation of first-order root traits across climatic gradients and evolutionary trends in geological time. Global Ecology and Biogeography 22: 846-856.']
Length: 2, dtype: str",-0.8834878042983222,3.987099616121477,AM
Cinnamomum_cassia,Cinnamomum,cassia,Lauraceae,Laurales,1.0,"Kong D, Ma C, Zhang Q, Li L, Chen X, Zeng H, Guo D. 2014. Leading dimensions in absorptive root trait variation across 96 subtropical forest species. New Phytologist 203: 863-872.",-0.6264422577659549,3.1245651453969594,AM
Cinnamomum_chekiangense,Cinnamomum,chekiangense,Lauraceae,Laurales,1.0,"Xiong D, Huang J, Yang Z, Lu Z, Chen G, Yang Y. 2012. Fine root architecture and morphology among different branch orders of six subtropical tree species. Acta Ecologica Sinica 32: 1888-1897.",-0.694258888278042,3.1433109627963254,AM
Cinnamomum_micranthum,Cinnamomum,micranthum,Lauraceae,Laurales,1.0,"<StringArray>
['Xiong D, Huang J, Yang Z, Lu Z, Chen G, Yang Y. 2012. Fine root architecture and morphology among different branch orders of six subtropical tree species. Acta Ecologica Sinica 32: 1888-1897.', 'Kong D, Ma C, Zhang Q, Li L, Chen X, Zeng H, Guo D. 2014. Leading dimensions in absorptive root trait variation across 96 subtropical forest species. New Phytologist 203: 863-872.']
Length: 2, dtype: str",-0.9052790226506572,3.052112897869073,AM
Cinnamomum_porrectum,Cinnamomum,porrectum,Lauraceae,Laurales,1.0,"<StringArray>
[                                                                                                                'Liu B, Li H, Zhu B, Koide RT, Eissenstat DM, Guo D. 2015. Complementarity between roots and AM fungi in nutrient foraging strategies. New Phytologist 208: 125-136.',
                                                                                                 'Kong D, Ma C, Zhang Q, Li L, Chen X, Zeng H, Guo D. 2014. Leading dimensions in absorptive root trait variation across 96 subtropical forest species. New Phytologist 203: 863-872.',
 'Wang R, Wang Q, Zhao N, Xu Z, Zhu X, Jiao C, Yu G, He N. 2018. Different phylogenetic and environmental controls of first-order root morphological and nutrient traits: Evidence of multidimensional root traits. Special Focus on Functional Traits Along A Transect 32(1): 29-39.']
Length: 3, dtype: str",-0.9567655644398732,3.826317205982951,AM
Cinnamomum_subcuneatum,Cinnamomum,subcuneatum,Lauraceae,Laurales,,"Ushio M, Fujiki Y, Hidaka A, Kitayama K. 2015. Linkage of root physiology and morphology as an adaptation to soil phosphorus impoverishment in tropical montane forests. Functional Ecology 29: 1235-1245.",-0.1596993787576749,2.3134459003267915,AM
Cinnamomum_tenuifolium,Cinnamomum,tenuifolium,Lauraceae,Laurales,1.0,"Wang R, Wang Q, Zhao N, Xu Z, Zhu X, Jiao C, Yu G, He N. 2018. Different phylogenetic and environmental controls of first-order root morphological and nutrient traits: Evidence of multidimensional root traits. Special Focus on Functional Traits Along A Transect 32(1): 29-39.",-0.5539941191673694,2.9971382247412675,AM
Cistus_albidus,Cistus,albidus,Cistaceae,Malvales,,"de la Riva, Navarro-Fernandez, Perez-Ramos, Villar, Maranon. Unpublished.",-0.8367866307615561,1.940994916854536,EcM
Cistus_crispus,Cistus,crispus,Cistaceae,Malvales,,"de la Riva, Navarro-Fernandez, Perez-Ramos, Villar, Maranon. Unpublished.",-0.8227007808152502,2.52003676585818,EcM
Cistus_ladanifer,Cistus,ladanifer,Cistaceae,Malvales,,"de la Riva, Navarro-Fernandez, Perez-Ramos, Villar, Maranon. Unpublished.",-0.9332461662735686,2.226795782089849,EcM
Cistus_libanotis,Cistus,libanotis,Cistaceae,Malvales,,"de la Riva, Navarro-Fernandez, Perez-Ramos, Villar, Maranon. Unpublished.",-0.8528172307941627,2.3383594434867416,EcM
Cistus_monspeliensis,Cistus,monspeliensis,Cistaceae,Malvales,,"de la Riva, Navarro-Fernandez, Perez-Ramos, Villar, Maranon. Unpublished.",-0.6041447309050415,2.2929109689902534,EcM
Cistus_salviifolius,Cistus,salviifolius,Cistaceae,Malvales,,"de la Riva, Navarro-Fernandez, Perez-Ramos, Villar, Maranon. Unpublished.",-0.8010943721145385,2.2678828720579176,EcM
Citrus_aurantium,Citrus,aurantium,Rutaceae,Sapindales,,"Graham JH, Syvertsen JP. 1985. Host determinants of mycorrhizal dependency of citrus rootstock seedlings. New Phytologist 101: 667-676.",-0.4474596648108411,3.030133700271324,AM
Citrus_trifoliata,Citrus,trifoliata,Rutaceae,Sapindales,,"Graham JH, Syvertsen JP. 1985. Host determinants of mycorrhizal dependency of citrus rootstock seedlings. New Phytologist 101: 667-676.",-0.7236063880446539,3.484312288372662,AM
Cleistogenes_squarrosa,Cleistogenes,squarrosa,Poaceae,Poales,,"Zhou M, Wang J, Bai W, Zhang Y, Zhang W-H. 2019. The response of root traits to precipitation change of herbaceous species in temperate steppes. Functional Ecology, in press.",-1.491654876777717,5.365742342862826,AM
Clinopodium_nepeta,Clinopodium,nepeta,Lamiaceae,Lamiales,,"<StringArray>
['Birouste M, Kazakou E, Blanchard A, Roumet C. 2012. Plant traits and decomposition: are the relationships for roots comparable to those for leaves? Annals of Botany 109: 463-472. ', 'Roumet C, Birouste M, Picon-Cochard C, Ghestem M, Osman N, Vrignon-Brenas S, Cao K-F, Stokes A. 2016. Root structure-function relationships in 74 species: evidence of root economics spectrum related to carbon economy. New Phytologist 210: 815-826.']
Length: 2, dtype: str",-1.311186888633085,4.860587297852597,AM
Clitoria_javitensis,Clitoria,javitensis,Fabaceae,Fabales,,"Collins CG, Wright SJ, Wurzburger N. 2016. Root and leaf traits reflect distinct resource acquisition strategies in tropical lianas and trees. Oecologia 180: 1037-1047.",-0.3222197900242901,2.520045233152446,AM
Coccoloba_excelsa,Coccoloba,excelsa,Polygonaceae,Caryophyllales,,"Collins CG, Wright SJ, Wurzburger N. 2016. Root and leaf traits reflect distinct resource acquisition strategies in tropical lianas and trees. Oecologia 180: 1037-1047.",-0.8871032927541169,2.9170122877272475,EcM
Coccoloba_manzinellensis,Coccoloba,manzinellensis,Polygonaceae,Caryophyllales,,"Collins CG, Wright SJ, Wurzburger N. 2016. Root and leaf traits reflect distinct resource acquisition strategies in tropical lianas and trees. Oecologia 180: 1037-1047.",-0.7342801898986285,2.498546556996704,EcM
Cocos_nucifera,Cocos,nucifera,Arecaceae,Arecales,,"Rajab YA, Holscher D, Leuschner C, Barus H, Tjoa A, Hertel D. 2018. Effects of shade tree cover and diversity on root system structure and dynamics in cacao agroforests: The role of root competition and space partitioning. Plant Soil 422: 349-369.",-0.5978370007556204,3.039749158970765,AM
Coffea_arabica,Coffea,arabica,Rubiaceae,Gentianales,,"Prieto I, Roumet C, Cardinael R, Dupraz C, Jourdan C, Kim JH, Maeght JL, Mao Z, Pierret A, Portillo N, Roupsard O, Thammahacksa C, Stokes A. 2015. Root functional parameters along a land-use gradient: evidence of a community-level economics spectrum. Journal of Ecology 103: 361-363.",-0.2744368457017603,2.20634948511322,AM
Comandra_umbellata,Comandra,umbellata,Santalaceae,Santalales,,"Kembel SW, Cahill JF, Jr. 2011. Independent Evolution of Leaf and Root Traits within and among Temperate Grassland Plant Communities. PLoS ONE 6(6): e19992.",-1.1351132759510043,3.445590362853224,AM
Combretum_collinum,Combretum,collinum,Combretaceae,Myrtales,,"Assefa D, Godbold DL, Belay B, Abiya A, Rewald B. 2018. Fine root morphology, biochemistry and litter quality indices of fast- and slow-growing woody species in Ethiopian highland forest. Ecosystems 21: 482-494.",-0.6348782724359695,2.5249283241374862,AM
Combretum_decandrum,Combretum,decandrum,Combretaceae,Myrtales,,"Collins CG, Wright SJ, Wurzburger N. 2016. Root and leaf traits reflect distinct resource acquisition strategies in tropical lianas and trees. Oecologia 180: 1037-1047.",-0.4721526131384609,2.3587757453038294,AM
Convallaria_majalis,Convallaria,majalis,Asparagaceae,Asparagales,1.0,"Wang R, Wang Q, Zhao N, Xu Z, Zhu X, Jiao C, Yu G, He N. 2018. Different phylogenetic and environmental controls of first-order root morphological and nutrient traits: Evidence of multidimensional root traits. Special Focus on Functional Traits Along A Transect 32(1): 29-39.",-0.8673815271712808,4.235455147957244,AM
Coprosma_ciliata,Coprosma,ciliata,Rubiaceae,Gentianales,,"Holdaway RJ, Richardson SJ, Dickie IA, Peltzer DA, Coomes DA. 2011. Species- and community-level patterns in fine root traits along a 120 000-year soil chronosequence in temperate rain forest. Journal of Ecology 99: 954-963.",-1.6094379124341005,4.516338972281476,AM
Coprosma_foetidissima,Coprosma,foetidissima,Rubiaceae,Gentianales,,"Holdaway RJ, Richardson SJ, Dickie IA, Peltzer DA, Coomes DA. 2011. Species- and community-level patterns in fine root traits along a 120 000-year soil chronosequence in temperate rain forest. Journal of Ecology 99: 954-963.",-0.9942522733438668,3.7954891891721942,AM
Coprosma_linariifolia,Coprosma,linariifolia,Rubiaceae,Gentianales,,"Kramer-Walter KR, Bellingham PJ, Millar TR, Smissen RD, Richardson SJ, Laughlin DC. 2016. Root traits are multidimensional: specific root length is independent from root tissue density and the plant economic spectrum. Journal of Ecology 104: 1299-1310.",-0.5827820659672622,3.1038419942108035,AM
Coprosma_lucida,Coprosma,lucida,Rubiaceae,Gentianales,,"Holdaway RJ, Richardson SJ, Dickie IA, Peltzer DA, Coomes DA. 2011. Species- and community-level patterns in fine root traits along a 120 000-year soil chronosequence in temperate rain forest. Journal of Ecology 99: 954-963.",-0.7985076962177716,3.258096538021482,AM
Coprosma_rhamnoides,Coprosma,rhamnoides,Rubiaceae,Gentianales,,"Holdaway RJ, Richardson SJ, Dickie IA, Peltzer DA, Coomes DA. 2011. Species- and community-level patterns in fine root traits along a 120 000-year soil chronosequence in temperate rain forest. Journal of Ecology 99: 954-963.",-1.6094379124341005,5.064491966886966,AM
Coreopsis_palmata,Coreopsis,palmata,Asteraceae,Asterales,,"Craine JM, Froehle J, Tilman DG, Wedin DA, Chapin FS. 2001. The relationships among root and leaf traits of 76 grassland species and relative abundance among fertility and disturbance gradients. Oikos 93: 274-285",-1.1086626245216111,4.727387818712341,AM
Coriaria_arborea,Coriaria,arborea,Coriariaceae,Cucurbitales,,"Holdaway RJ, Richardson SJ, Dickie IA, Peltzer DA, Coomes DA. 2011. Species- and community-level patterns in fine root traits along a 120 000-year soil chronosequence in temperate rain forest. Journal of Ecology 99: 954-963.",-1.171182981502945,3.310543013394025,AM
Coriaria_nepalensis,Coriaria,nepalensis,Coriariaceae,Cucurbitales,1.0,"Wang R, Wang Q, Zhao N, Xu Z, Zhu X, Jiao C, Yu G, He N. 2018. Different phylogenetic and environmental controls of first-order root morphological and nutrient traits: Evidence of multidimensional root traits. Special Focus on Functional Traits Along A Transect 32(1): 29-39.",-0.8209805520698302,3.4438022240442625,AM
Cornus_bretschneideri,Cornus,bretschneideri,Cornaceae,Cornales,1.0,"<StringArray>
['Chen W, Zeng H, Eissenstat DM, Guo D. 2013. Variation of first-order root traits across climatic gradients and evolutionary trends in geological time. Global Ecology and Biogeography 22: 846-856.', 'Wang R, Wang Q, Zhao N, Xu Z, Zhu X, Jiao C, Yu G, He N. 2018. Different phylogenetic and environmental controls of first-order root morphological and nutrient traits: Evidence of multidimensional root traits. Special Focus on Functional Traits Along A Transect 32(1): 29-39.']
Length: 2, dtype: str",-1.0965224683645178,4.016434478887856,AM
Cornus_controversa,Cornus,controversa,Cornaceae,Cornales,1.0,"Wang R, Wang Q, Zhao N, Xu Z, Zhu X, Jiao C, Yu G, He N. 2018. Different phylogenetic and environmental controls of first-order root morphological and nutrient traits: Evidence of multidimensional root traits. Special Focus on Functional Traits Along A Transect 32(1): 29-39.",-0.4253362377505763,2.687684781908376,AM
Cornus_florida,Cornus,florida,Cornaceae,Cornales,1.0,"<StringArray>
[' Valverde-Barrantes OJ, Smemo KA, Blackwood CB. 2014. Fine root morphology is phylogenetically structured, but nitrogen is related to the plant economics spectrum in temperate trees. Functional Ecology 29: 796-807.', 'Valverde et al (unpublished)']
Length: 2, dtype: str",-1.329626564279449,3.664754898023916,AM
Cornus_kousa,Cornus,kousa,Cornaceae,Cornales,1.0,"Wang R, Wang Q, Zhao N, Xu Z, Zhu X, Jiao C, Yu G, He N. 2018. Different phylogenetic and environmental controls of first-order root morphological and nutrient traits: Evidence of multidimensional root traits. Special Focus on Functional Traits Along A Transect 32(1): 29-39.",-0.970351008724099,3.943419006364818,AM
Cornus_officinalis,Cornus,officinalis,Cornaceae,Cornales,1.0,"Chen W, Zeng H, Eissenstat DM, Guo D. 2013. Variation of first-order root traits across climatic gradients and evolutionary trends in geological time. Global Ecology and Biogeography 22: 846-856.",-0.9043839670766712,3.379880541003345,AM
Cornus_ulotricha,Cornus,ulotricha,Cornaceae,Cornales,1.0,"Wang R, Wang Q, Zhao N, Xu Z, Zhu X, Jiao C, Yu G, He N. 2018. Different phylogenetic and environmental controls of first-order root morphological and nutrient traits: Evidence of multidimensional root traits. Special Focus on Functional Traits Along A Transect 32(1): 29-39.",-0.492515122207834,2.5869264582422264,AM
Coronilla_juncea,Coronilla,juncea,Fabaceae,Fabales,,"de la Riva, Navarro-Fernandez, Perez-Ramos, Villar, Maranon. Unpublished.",-1.2036395265358155,2.056111871040096,AM
Coronilla_minima,Coronilla,minima,Fabaceae,Fabales,,"<StringArray>
['Roumet C, Birouste M, Picon-Cochard C, Ghestem M, Osman N, Vrignon-Brenas S, Cao K-F, Stokes A. 2016. Root structure-function relationships in 74 species: evidence of root economics spectrum related to carbon economy. New Phytologist 210: 815-826.',
                                                                 'Fort F, Volaire F, Guilioni L, Barkaoui K, Navas ML, Roumet C. 2017. Root traits are related to plant water-use among rangeland Mediterranean species. Functional Ecology 31: 1700-1709',
                                                         'Poirier V, Roumet C, Angers DA, Munson AD. 2018. Species and root traits impact macroaggregation in the rhizospheric soil of a Mediterranean common garden experiment. Plant Soil 424: 289-302.']
Length: 3, dtype: str",-0.6213593853935282,3.6998855391456513,AM
Corylus_ferox,Corylus,ferox,Betulaceae,Fagales,1.0,"Wang R, Wang Q, Zhao N, Xu Z, Zhu X, Jiao C, Yu G, He N. 2018. Different phylogenetic and environmental controls of first-order root morphological and nutrient traits: Evidence of multidimensional root traits. Special Focus on Functional Traits Along A Transect 32(1): 29-39.",-1.373575588712116,4.2238506926503625,EcM
Corylus_sieboldiana,Corylus,sieboldiana,Betulaceae,Fagales,1.0,"Wang R, Wang Q, Zhao N, Xu Z, Zhu X, Jiao C, Yu G, He N. 2018. Different phylogenetic and environmental controls of first-order root morphological and nutrient traits: Evidence of multidimensional root traits. Special Focus on Functional Traits Along A Transect 32(1): 29-39.",-1.5768093122842055,4.889169309200653,EcM
Corynocarpus_laevigatus,Corynocarpus,laevigatus,Corynocarpaceae,Cucurbitales,,"Kramer-Walter KR, Bellingham PJ, Millar TR, Smissen RD, Richardson SJ, Laughlin DC. 2016. Root traits are multidimensional: specific root length is independent from root tissue density and the plant economic spectrum. Journal of Ecology 104: 1299-1310.",-0.5310283310835102,3.1696648970181456,AM
Cotoneaster_acutifolius,Cotoneaster,acutifolius,Rosaceae,Rosales,1.0,"Wang R, Wang Q, Zhao N, Xu Z, Zhu X, Jiao C, Yu G, He N. 2018. Different phylogenetic and environmental controls of first-order root morphological and nutrient traits: Evidence of multidimensional root traits. Special Focus on Functional Traits Along A Transect 32(1): 29-39.",-1.5925807953676774,4.631792642548199,AM
Cotoneaster_adpressus,Cotoneaster,adpressus,Rosaceae,Rosales,1.0,"Wang R, Wang Q, Zhao N, Xu Z, Zhu X, Jiao C, Yu G, He N. 2018. Different phylogenetic and environmental controls of first-order root morphological and nutrient traits: Evidence of multidimensional root traits. Special Focus on Functional Traits Along A Transect 32(1): 29-39.",-1.4120225096926218,4.483807694240553,AM
Cotoneaster_multiflorus,Cotoneaster,multiflorus,Rosaceae,Rosales,1.0,"Wang R, Wang Q, Zhao N, Xu Z, Zhu X, Jiao C, Yu G, He N. 2018. Different phylogenetic and environmental controls of first-order root morphological and nutrient traits: Evidence of multidimensional root traits. Special Focus on Functional Traits Along A Transect 32(1): 29-39.",-1.4711988682103343,4.984803505157494,AM
Crataegus_monogyna,Crataegus,monogyna,Rosaceae,Rosales,,"de la Riva, Navarro-Fernandez, Perez-Ramos, Villar, Maranon. Unpublished.",-0.8412412388046728,2.3113937952094306,AM
Crataegus_pinnatifida,Crataegus,pinnatifida,Rosaceae,Rosales,1.0,"Wang R, Wang Q, Zhao N, Xu Z, Zhu X, Jiao C, Yu G, He N. 2018. Different phylogenetic and environmental controls of first-order root morphological and nutrient traits: Evidence of multidimensional root traits. Special Focus on Functional Traits Along A Transect 32(1): 29-39.",-1.540145085938151,4.65663128004649,AM
Cratoxylum_cochinchinense,Cratoxylum,cochinchinense,Hypericaceae,Malpighiales,1.0,"Kong D, Ma C, Zhang Q, Li L, Chen X, Zeng H, Guo D. 2014. Leading dimensions in absorptive root trait variation across 96 subtropical forest species. New Phytologist 203: 863-872.",-2.11262610907088,3.48216274048526,AM
Crepis_foetida,Crepis,foetida,Asteraceae,Asterales,,"<StringArray>
['Birouste M, Kazakou E, Blanchard A, Roumet C. 2012. Plant traits and decomposition: are the relationships for roots comparable to those for leaves? Annals of Botany 109: 463-472. ', 'Roumet C, Birouste M, Picon-Cochard C, Ghestem M, Osman N, Vrignon-Brenas S, Cao K-F, Stokes A. 2016. Root structure-function relationships in 74 species: evidence of root economics spectrum related to carbon economy. New Phytologist 210: 815-826.']
Length: 2, dtype: str",-1.2605431558143303,5.690798547097907,AM
Crepis_sancta,Crepis,sancta,Asteraceae,Asterales,,"Roumet C, Lafont F, Sari M, Warembourg F, Garnier E. 2008. Root traits and taxonomic affiliation of nine herbaceous species grown in glasshouse conditions. Plant Soil 312:69-83. ",-1.2378743560016174,5.786897381366708,AM
Crepis_tectorum,Crepis,tectorum,Asteraceae,Asterales,,"Craine JM, Froehle J, Tilman DG, Wedin DA, Chapin FS. 2001. The relationships among root and leaf traits of 76 grassland species and relative abundance among fertility and disturbance gradients. Oikos 93: 274-285",-1.0788096613719298,4.77912349311153,AM
Cryptocarya_chinensis,Cryptocarya,chinensis,Lauraceae,Laurales,1.0,"<StringArray>
[                                                                                                'Kong D, Ma C, Zhang Q, Li L, Chen X, Zeng H, Guo D. 2014. Leading dimensions in absorptive root trait variation across 96 subtropical forest species. New Phytologist 203: 863-872.',
                                                                                                                'Kong DL, Wang JJ, Kardol P, Wu HF, Zeng H, Deng XB, Deng Y. 2016. Economic strategies of plant absorptive roots vary with root diameter. Biogeosciences 13: 415-424.',
 'Wang R, Wang Q, Zhao N, Xu Z, Zhu X, Jiao C, Yu G, He N. 2018. Different phylogenetic and environmental controls of first-order root morphological and nutrient traits: Evidence of multidimensional root traits. Special Focus on Functional Traits Along A Transect 32(1): 29-39.']
Length: 3, dtype: str",-0.2666935255426466,2.375976312484794,AM
Cryptocarya_concinna,Cryptocarya,concinna,Lauraceae,Laurales,1.0,"<StringArray>
['Kong D, Ma C, Zhang Q, Li L, Chen X, Zeng H, Guo D. 2014. Leading dimensions in absorptive root trait variation across 96 subtropical forest species. New Phytologist 203: 863-872.', 'Chen W, Zeng H, Eissenstat DM, Guo D. 2013. Variation of first-order root traits across climatic gradients and evolutionary trends in geological time. Global Ecology and Biogeography 22: 846-856.']
Length: 2, dtype: str",-0.7738150836274001,3.2437199559302883,AM
Cryptomeria_japonica,Cryptomeria,japonica,Cupressaceae,Pinales,1.0,"Wang R, Wang Q, Zhao N, Xu Z, Zhu X, Jiao C, Yu G, He N. 2018. Different phylogenetic and environmental controls of first-order root morphological and nutrient traits: Evidence of multidimensional root traits. Special Focus on Functional Traits Along A Transect 32(1): 29-39.",-0.92260235834892,3.926471049161593,AM
Cunninghamia_lanceolata,Cunninghamia,lanceolata,Cupressaceae,Pinales,1.0,"<StringArray>
[                                                                                                                'Liu B, Li H, Zhu B, Koide RT, Eissenstat DM, Guo D. 2015. Complementarity between roots and AM fungi in nutrient foraging strategies. New Phytologist 208: 125-136.',
                                                                                                                'Kong DL, Wang JJ, Kardol P, Wu HF, Zeng H, Deng XB, Deng Y. 2016. Economic strategies of plant absorptive roots vary with root diameter. Biogeosciences 13: 415-424.',
                                                                             'Wang Z-H, Li R-X, Guan Z-W. 2013. Effects of thinning on fine-root morphology, biomass and N concentration of different branch orders of Chinese fir. Chinese Journal of Applied Ecology 24: 1487-1493.',
 'Wang R, Wang Q, Zhao N, Xu Z, Zhu X, Jiao C, Yu G, He N. 2018. Different phylogenetic and environmental controls of first-order root morphological and nutrient traits: Evidence of multidimensional root traits. Special Focus on Functional Traits Along A Transect 32(1): 29-39.']
Length: 4, dtype: str",-0.8286264774997983,3.175672175300385,AM
Cupressus_funebris,Cupressus,funebris,Cupressaceae,Pinales,1.0,"Su Y, Li X, Liu Y, Li J, Yin H, Wang Z. 2015. Fine root morphology and biomass characteristics at preliminary stage of gap border trees of reformed low beneficial Cupressus funebris forests. Acta Botanica Boreali-Occidentalia Sinica 35: 0587-0593.",-0.9717786574920972,3.0719339992840538,AM
Cyathea_dealbata,Cyathea,dealbata,Cyatheaceae,Cyatheales,,"Kramer-Walter KR, Bellingham PJ, Millar TR, Smissen RD, Richardson SJ, Laughlin DC. 2016. Root traits are multidimensional: specific root length is independent from root tissue density and the plant economic spectrum. Journal of Ecology 104: 1299-1310.",-0.4642601546186699,2.774645527930081,AM
Cyathea_medullaris,Cyathea,medullaris,Cyatheaceae,Cyatheales,,"Kramer-Walter KR, Bellingham PJ, Millar TR, Smissen RD, Richardson SJ, Laughlin DC. 2016. Root traits are multidimensional: specific root length is independent from root tissue density and the plant economic spectrum. Journal of Ecology 104: 1299-1310.",-0.588805183416047,3.2221471559730768,AM
Cyathea_smithii,Cyathea,smithii,Cyatheaceae,Cyatheales,,"<StringArray>
['Holdaway RJ, Richardson SJ, Dickie IA, Peltzer DA, Coomes DA. 2011. Species- and community-level patterns in fine root traits along a 120 000-year soil chronosequence in temperate rain forest. Journal of Ecology 99: 954-963.', 'Kramer-Walter KR, Bellingham PJ, Millar TR, Smissen RD, Richardson SJ, Laughlin DC. 2016. Root traits are multidimensional: specific root length is independent from root tissue density and the plant economic spectrum. Journal of Ecology 104: 1299-1310.']
Length: 2, dtype: str",-0.5526153482906783,2.8366148034445104,AM
Cydonia_oblonga,Cydonia,oblonga,Rosaceae,Rosales,,"de la Riva, Navarro-Fernandez, Perez-Ramos, Villar, Maranon. Unpublished.",-0.9182927345448282,2.2425130299388965,AM
Cyperus_difformis,Cyperus,difformis,Cyperaceae,Poales,,"Roumet C, Birouste M, Picon-Cochard C, Ghestem M, Osman N, Vrignon-Brenas S, Cao K-F, Stokes A. 2016. Root structure-function relationships in 74 species: evidence of root economics spectrum related to carbon economy. New Phytologist 210: 815-826.",-0.6674794338113675,4.195245147157833,NMAM
Cystopteris_sudetica,Cystopteris,sudetica,Cystopteridaceae,Polypodiales,1.0,"Dong X, Wang H, Gu J, Wang Y, Wang Z. 2014. Root morphology, histology and chemistry of nine fern species (pteridophyta) in a temperate forest. Plant Soil 393: 215-227.",-1.0793671726348102,5.527810143601664,AM
Cytisus_grandiflorus,Cytisus,grandiflorus,Fabaceae,Fabales,,"de la Riva, Navarro-Fernandez, Perez-Ramos, Villar, Maranon. Unpublished.",-0.2984060358147566,1.1790898931449365,AM
Dacrycarpus_dacrydioides,Dacrycarpus,dacrydioides,Podocarpaceae,Pinales,,"Kramer-Walter KR, Bellingham PJ, Millar TR, Smissen RD, Richardson SJ, Laughlin DC. 2016. Root traits are multidimensional: specific root length is independent from root tissue density and the plant economic spectrum. Journal of Ecology 104: 1299-1310.",-0.5039101966079766,2.8782873307037025,AM
Dacrycarpus_imbricatus,Dacrycarpus,imbricatus,Podocarpaceae,Pinales,1.0,"Chen W, Zeng H, Eissenstat DM, Guo D. 2013. Variation of first-order root traits across climatic gradients and evolutionary trends in geological time. Global Ecology and Biogeography 22: 846-856.",-0.7139503089104293,3.647729825198227,AM
Dacrydium_cupressinum,Dacrydium,cupressinum,Podocarpaceae,Pinales,,"<StringArray>
['Holdaway RJ, Richardson SJ, Dickie IA, Peltzer DA, Coomes DA. 2011. Species- and community-level patterns in fine root traits along a 120 000-year soil chronosequence in temperate rain forest. Journal of Ecology 99: 954-963.', 'Kramer-Walter KR, Bellingham PJ, Millar TR, Smissen RD, Richardson SJ, Laughlin DC. 2016. Root traits are multidimensional: specific root length is independent from root tissue density and the plant economic spectrum. Journal of Ecology 104: 1299-1310.']
Length: 2, dtype: str",-0.672834879248067,3.2849865081609457,AM
Dacrydium_gracile,Dacrydium,gracile,Podocarpaceae,Pinales,,"Ushio M, Fujiki Y, Hidaka A, Kitayama K. 2015. Linkage of root physiology and morphology as an adaptation to soil phosphorus impoverishment in tropical montane forests. Functional Ecology 29: 1235-1245.",-0.6022101855678432,2.8637767814029216,AM
Dacrydium_pectinatum,Dacrydium,pectinatum,Podocarpaceae,Pinales,,"Ushio M, Fujiki Y, Hidaka A, Kitayama K. 2015. Linkage of root physiology and morphology as an adaptation to soil phosphorus impoverishment in tropical montane forests. Functional Ecology 29: 1235-1245.",-0.5807117512301572,2.705563779182268,AM
Dactylis_glomerata,Dactylis,glomerata,Poaceae,Poales,,"<StringArray>
[                                                                    'Ryser P, Lambers H. 1995. Root and leaf attributes accounting for the performance of fast and slow-growing grasses at different nutrient supply. Plant and Soil 170: 251-265, 1995.',
                                                                     'Birouste M, Kazakou E, Blanchard A, Roumet C. 2012. Plant traits and decomposition: are the relationships for roots comparable to those for leaves? Annals of Botany 109: 463-472. ',
                                                               'Fort F, Jouany C, Cruz P. 2013.Root and leaf functional trait relations in Poaceae species: implications of differing resource-acquisition strategies. Journal of Plant Ecology 6:211-219',
    'Yang Z, Culvenor RA, Haling RE, Stefanski A, Ryan MH, Sandral GA, Kidd DR, Lambers H, Simpson RJ. 2015. Variation in root traits associated with nutrient foraging among temperate legumes and grasses. Grass and Forage Science, early view article',
 'Roumet C, Birouste M, Picon-Cochard C, Ghestem M, Osman N, Vrignon-Brenas S, Cao K-F, Stokes A. 2016. Root structure-function relationships in 74 species: evidence of root economics spectrum related to carbon economy. New Phytologist 210: 815-826.',
                                                                                                                                                                                                                                 'Comas - Pasture species']
Length: 6, dtype: str",-1.5883836306715444,5.8174593452660055,AM
Dalea_purpurea,Dalea,purpurea,Fabaceae,Fabales,,"<StringArray>
['Craine JM, Froehle J, Tilman DG, Wedin DA, Chapin FS. 2001. The relationships among root and leaf traits of 76 grassland species and relative abundance among fertility and disturbance gradients. Oikos 93: 274-285', 'Kembel SW, Cahill JF, Jr. 2011. Independent Evolution of Leaf and Root Traits within and among Temperate Grassland Plant Communities. PLoS ONE 6(6): e19992.']
Length: 2, dtype: str",-0.978698192002772,3.924799106860037,AM
Danthonia_intermedia,Danthonia,intermedia,Poaceae,Poales,,"Kembel SW, Cahill JF, Jr. 2011. Independent Evolution of Leaf and Root Traits within and among Temperate Grassland Plant Communities. PLoS ONE 6(6): e19992.",-0.9744496460476872,2.7450339821360643,AM
Daphniphyllum_pentandrum,Daphniphyllum,pentandrum,Daphniphyllaceae,Saxifragales,1.0,"Wang R, Wang Q, Zhao N, Xu Z, Zhu X, Jiao C, Yu G, He N. 2018. Different phylogenetic and environmental controls of first-order root morphological and nutrient traits: Evidence of multidimensional root traits. Special Focus on Functional Traits Along A Transect 32(1): 29-39.",-1.299994470510012,4.145923991344203,AM
Daucus_carota,Daucus,carota,Apiaceae,Apiales,,"<StringArray>
[                                                                    'Birouste M, Kazakou E, Blanchard A, Roumet C. 2012. Plant traits and decomposition: are the relationships for roots comparable to those for leaves? Annals of Botany 109: 463-472. ',
 'Roumet C, Birouste M, Picon-Cochard C, Ghestem M, Osman N, Vrignon-Brenas S, Cao K-F, Stokes A. 2016. Root structure-function relationships in 74 species: evidence of root economics spectrum related to carbon economy. New Phytologist 210: 815-826.',
                                                    'Poon GT, Maherali H. 2015. Competitive interactions between a nonmycorrhizal invasive plant, Alliaria petiolata, and a suite of mycorrhizal grassland, old field, and forest species. PeerJ 3: e1090']
Length: 3, dtype: str",-1.6269474565705004,5.839516122535509,AM
Decaspermum_gracilentum,Decaspermum,gracilentum,Myrtaceae,Myrtales,1.0,"Kong D, Ma C, Zhang Q, Li L, Chen X, Zeng H, Guo D. 2014. Leading dimensions in absorptive root trait variation across 96 subtropical forest species. New Phytologist 203: 863-872.",-1.8620746431430808,4.158726821151369,AM
Dendropanax_dentiger,Dendropanax,dentiger,Araliaceae,Apiales,1.0,"Wang R, Wang Q, Zhao N, Xu Z, Zhu X, Jiao C, Yu G, He N. 2018. Different phylogenetic and environmental controls of first-order root morphological and nutrient traits: Evidence of multidimensional root traits. Special Focus on Functional Traits Along A Transect 32(1): 29-39.",-2.0612087734187763,5.4083710520356005,AM
Deschampsia_cespitosa,Deschampsia,cespitosa,Poaceae,Poales,,"Fort F, Jouany C, Cruz P. 2013.Root and leaf functional trait relations in Poaceae species: implications of differing resource-acquisition strategies. Journal of Plant Ecology 6:211-219",-1.7147984280919266,4.852030263919617,AM
Descurainia_sophia,Descurainia,sophia,Brassicaceae,Brassicales,,"Kembel SW, Cahill JF, Jr. 2011. Independent Evolution of Leaf and Root Traits within and among Temperate Grassland Plant Communities. PLoS ONE 6(6): e19992.",-2.0722673379318355,5.127828682166888,NM
Desmodium_canadense,Desmodium,canadense,Fabaceae,Fabales,,"Craine JM, Froehle J, Tilman DG, Wedin DA, Chapin FS. 2001. The relationships among root and leaf traits of 76 grassland species and relative abundance among fertility and disturbance gradients. Oikos 93: 274-285",-1.0788096613719298,4.836281906951478,AM
Deutzia_glabrata,Deutzia,glabrata,Hydrangeaceae,Cornales,1.0,"Wang R, Wang Q, Zhao N, Xu Z, Zhu X, Jiao C, Yu G, He N. 2018. Different phylogenetic and environmental controls of first-order root morphological and nutrient traits: Evidence of multidimensional root traits. Special Focus on Functional Traits Along A Transect 32(1): 29-39.",-1.6928195213731514,5.368792365008639,AM
Deutzia_grandiflora,Deutzia,grandiflora,Hydrangeaceae,Cornales,1.0,"Wang R, Wang Q, Zhao N, Xu Z, Zhu X, Jiao C, Yu G, He N. 2018. Different phylogenetic and environmental controls of first-order root morphological and nutrient traits: Evidence of multidimensional root traits. Special Focus on Functional Traits Along A Transect 32(1): 29-39.",-1.113599030976433,5.05188206654559,AM
Dicksonia_squarrosa,Dicksonia,squarrosa,Dicksoniaceae,Cyatheales,,"<StringArray>
['Holdaway RJ, Richardson SJ, Dickie IA, Peltzer DA, Coomes DA. 2011. Species- and community-level patterns in fine root traits along a 120 000-year soil chronosequence in temperate rain forest. Journal of Ecology 99: 954-963.', 'Kramer-Walter KR, Bellingham PJ, Millar TR, Smissen RD, Richardson SJ, Laughlin DC. 2016. Root traits are multidimensional: specific root length is independent from root tissue density and the plant economic spectrum. Journal of Ecology 104: 1299-1310.']
Length: 2, dtype: str",-0.416563973274428,2.803815831516592,AM
Dicranopteris_linearis,Dicranopteris,linearis,Gleicheniaceae,Gleicheniales,1.0,"Kong DL, Wang JJ, Kardol P, Wu HF, Zeng H, Deng XB, Deng Y. 2016. Economic strategies of plant absorptive roots vary with root diameter. Biogeosciences 13: 415-424.",-1.625567294363984,4.318820558770089,AM
Dicranopteris_pedata,Dicranopteris,pedata,Gleicheniaceae,Gleicheniales,1.0,"Wang R, Wang Q, Zhao N, Xu Z, Zhu X, Jiao C, Yu G, He N. 2018. Different phylogenetic and environmental controls of first-order root morphological and nutrient traits: Evidence of multidimensional root traits. Special Focus on Functional Traits Along A Transect 32(1): 29-39.",-1.5874318321714858,4.394205548089184,AM
Digitaria_setigera,Digitaria,setigera,Poaceae,Poales,,"Roumet C, Birouste M, Picon-Cochard C, Ghestem M, Osman N, Vrignon-Brenas S, Cao K-F, Stokes A. 2016. Root structure-function relationships in 74 species: evidence of root economics spectrum related to carbon economy. New Phytologist 210: 815-826.",-1.0356374895067213,3.586015818654697,AM
Dioscorea_nipponica,Dioscorea,nipponica,Dioscoreaceae,Dioscoreales,1.0,"Wang R, Wang Q, Zhao N, Xu Z, Zhu X, Jiao C, Yu G, He N. 2018. Different phylogenetic and environmental controls of first-order root morphological and nutrient traits: Evidence of multidimensional root traits. Special Focus on Functional Traits Along A Transect 32(1): 29-39.",-1.6004781710626284,5.5768851853391865,AM
Diospyros_strigosa,Diospyros,strigosa,Ebenaceae,Ericales,1.0,"Chen W, Zeng H, Eissenstat DM, Guo D. 2013. Variation of first-order root traits across climatic gradients and evolutionary trends in geological time. Global Ecology and Biogeography 22: 846-856.",-1.032480649404884,3.6889593264240585,AM
Diospyros_virginiana,Diospyros,virginiana,Ebenaceae,Ericales,1.0,"<StringArray>
[' Valverde-Barrantes OJ, Smemo KA, Blackwood CB. 2014. Fine root morphology is phylogenetically structured, but nitrogen is related to the plant economics spectrum in temperate trees. Functional Ecology 29: 796-807.', 'Valverde et al (unpublished)']
Length: 2, dtype: str",-0.9851420196345552,3.1937893193622,AM
Diplospora_dubia,Diplospora,dubia,Rubiaceae,Gentianales,1.0,"Wang R, Wang Q, Zhao N, Xu Z, Zhu X, Jiao C, Yu G, He N. 2018. Different phylogenetic and environmental controls of first-order root morphological and nutrient traits: Evidence of multidimensional root traits. Special Focus on Functional Traits Along A Transect 32(1): 29-39.",-1.1996488328458814,4.423027436687124,AM
Doellingeria_scabra,Doellingeria,scabra,Asteraceae,Asterales,1.0,"Wang R, Wang Q, Zhao N, Xu Z, Zhu X, Jiao C, Yu G, He N. 2018. Different phylogenetic and environmental controls of first-order root morphological and nutrient traits: Evidence of multidimensional root traits. Special Focus on Functional Traits Along A Transect 32(1): 29-39.",-1.554476354360126,5.389988204702237,AM
Doellingeria_umbellata,Doellingeria,umbellata,Asteraceae,Asterales,,"Poon GT, Maherali H. 2015. Competitive interactions between a nonmycorrhizal invasive plant, Alliaria petiolata, and a suite of mycorrhizal grassland, old field, and forest species. PeerJ 3: e1090",-1.0376112671107107,4.744941478302148,AM
Dovyalis_abyssinica,Dovyalis,abyssinica,Salicaceae,Malpighiales,,"Assefa D, Godbold DL, Belay B, Abiya A, Rewald B. 2018. Fine root morphology, biochemistry and litter quality indices of fast- and slow-growing woody species in Ethiopian highland forest. Ecosystems 21: 482-494.",-0.4780358009429998,2.3758355547336385,AM
Draba_nemorosa,Draba,nemorosa,Brassicaceae,Brassicales,,"Kembel SW, Cahill JF, Jr. 2011. Independent Evolution of Leaf and Root Traits within and among Temperate Grassland Plant Communities. PLoS ONE 6(6): e19992.",-2.007306943920637,5.604183683891964,NM
Dryopteris_lepidopoda,Dryopteris,lepidopoda,Dryopteridaceae,Polypodiales,1.0,"Wang R, Wang Q, Zhao N, Xu Z, Zhu X, Jiao C, Yu G, He N. 2018. Different phylogenetic and environmental controls of first-order root morphological and nutrient traits: Evidence of multidimensional root traits. Special Focus on Functional Traits Along A Transect 32(1): 29-39.",-1.610104634643966,4.809019966164863,AM
Dryopteris_sparsa,Dryopteris,sparsa,Dryopteridaceae,Polypodiales,1.0,"Wang R, Wang Q, Zhao N, Xu Z, Zhu X, Jiao C, Yu G, He N. 2018. Different phylogenetic and environmental controls of first-order root morphological and nutrient traits: Evidence of multidimensional root traits. Special Focus on Functional Traits Along A Transect 32(1): 29-39.",-1.6156866451625458,5.246567760697824,AM
Duchesnea_indica,Duchesnea,indica,Rosaceae,Rosales,1.0,"Wang R, Wang Q, Zhao N, Xu Z, Zhu X, Jiao C, Yu G, He N. 2018. Different phylogenetic and environmental controls of first-order root morphological and nutrient traits: Evidence of multidimensional root traits. Special Focus on Functional Traits Along A Transect 32(1): 29-39.",-1.640928579525471,5.319102395933146,AM
Dysoxylum_excelsum,Dysoxylum,excelsum,Meliaceae,Sapindales,1.0,"Chen W, Zeng H, Eissenstat DM, Guo D. 2013. Variation of first-order root traits across climatic gradients and evolutionary trends in geological time. Global Ecology and Biogeography 22: 846-856.",-0.1204477150130869,2.208367212623428,AM
Dysoxylum_spectabile,Dysoxylum,spectabile,Meliaceae,Sapindales,,"Kramer-Walter KR, Bellingham PJ, Millar TR, Smissen RD, Richardson SJ, Laughlin DC. 2016. Root traits are multidimensional: specific root length is independent from root tissue density and the plant economic spectrum. Journal of Ecology 104: 1299-1310.",-0.0820419270036162,2.0624450465768707,AM
Echinacea_serotina,Echinacea,serotina,Asteraceae,Asterales,,"Craine JM, Froehle J, Tilman DG, Wedin DA, Chapin FS. 2001. The relationships among root and leaf traits of 76 grassland species and relative abundance among fertility and disturbance gradients. Oikos 93: 274-285",-0.8915981192837836,3.555348061489413,AM
Eclipta_prostrata,Eclipta,prostrata,Asteraceae,Asterales,,"Roumet C, Birouste M, Picon-Cochard C, Ghestem M, Osman N, Vrignon-Brenas S, Cao K-F, Stokes A. 2016. Root structure-function relationships in 74 species: evidence of root economics spectrum related to carbon economy. New Phytologist 210: 815-826.",-0.7194911558995473,3.4210000089583352,NMAM
Ehrharta_stipoides,Ehrharta,stipoides,Poaceae,Poales,,"Hill JO, Simpson RJ, Moore AD, Chapman DF. 2006. Morphology and response of roots of pasture species to phosphorus and nitrogen nutrition. Plant and Soil 286: 7-19.",-1.7282920177308392,5.2733117457257,AM
Ekebergia_capensis,Ekebergia,capensis,Meliaceae,Sapindales,,"Assefa D, Godbold DL, Belay B, Abiya A, Rewald B. 2018. Fine root morphology, biochemistry and litter quality indices of fast- and slow-growing woody species in Ethiopian highland forest. Ecosystems 21: 482-494.",-0.3011050927839216,1.9892432737616872,AM
Elaeagnus_commutata,Elaeagnus,commutata,Elaeagnaceae,Rosales,,"Kembel SW, Cahill JF, Jr. 2011. Independent Evolution of Leaf and Root Traits within and among Temperate Grassland Plant Communities. PLoS ONE 6(6): e19992.",-0.920298753271694,2.917456692508743,AM
Elaeocarpus_dentatus,Elaeocarpus,dentatus,Elaeocarpaceae,Oxalidales,,"Kramer-Walter KR, Bellingham PJ, Millar TR, Smissen RD, Richardson SJ, Laughlin DC. 2016. Root traits are multidimensional: specific root length is independent from root tissue density and the plant economic spectrum. Journal of Ecology 104: 1299-1310.",-0.5211164887848129,3.336762761818721,AM
Elaeocarpus_dubius,Elaeocarpus,dubius,Elaeocarpaceae,Oxalidales,1.0,"<StringArray>
['Kong D, Ma C, Zhang Q, Li L, Chen X, Zeng H, Guo D. 2014. Leading dimensions in absorptive root trait variation across 96 subtropical forest species. New Phytologist 203: 863-872.', 'Wang R, Wang Q, Zhao N, Xu Z, Zhu X, Jiao C, Yu G, He N. 2018. Different phylogenetic and environmental controls of first-order root morphological and nutrient traits: Evidence of multidimensional root traits. Special Focus on Functional Traits Along A Transect 32(1): 29-39.']
Length: 2, dtype: str",-1.2108631550306903,4.067165311631414,AM
Elaeocarpus_glabripetalus,Elaeocarpus,glabripetalus,Elaeocarpaceae,Oxalidales,1.0,"Liu B, Li H, Zhu B, Koide RT, Eissenstat DM, Guo D. 2015. Complementarity between roots and AM fungi in nutrient foraging strategies. New Phytologist 208: 125-136.",-1.272965675812887,4.33990170837321,AM
Elaeocarpus_hookerianus,Elaeocarpus,hookerianus,Elaeocarpaceae,Oxalidales,,"Kramer-Walter KR, Bellingham PJ, Millar TR, Smissen RD, Richardson SJ, Laughlin DC. 2016. Root traits are multidimensional: specific root length is independent from root tissue density and the plant economic spectrum. Journal of Ecology 104: 1299-1310.",-0.8581790688169394,3.509292251862945,AM
Elaeocarpus_sylvestris,Elaeocarpus,sylvestris,Elaeocarpaceae,Oxalidales,1.0,"<StringArray>
['Xu Y, Gu JC, Dong XY, Liu Y, Wang ZQ. 2011. Fine root morphology, anatomy and tissue nitrogen and carbon contents of the first five orders in four tropical hardwood species in Hainan Island, China. Chinese Journal of Plant Ecology 35:955-964.', 'Wang R, Wang Q, Zhao N, Xu Z, Zhu X, Jiao C, Yu G, He N. 2018. Different phylogenetic and environmental controls of first-order root morphological and nutrient traits: Evidence of multidimensional root traits. Special Focus on Functional Traits Along A Transect 32(1): 29-39.']
Length: 2, dtype: str",-1.448288382511074,4.497762533430192,AM
Eleutherococcus_senticosus,Eleutherococcus,senticosus,Araliaceae,Apiales,1.0,"Wang R, Wang Q, Zhao N, Xu Z, Zhu X, Jiao C, Yu G, He N. 2018. Different phylogenetic and environmental controls of first-order root morphological and nutrient traits: Evidence of multidimensional root traits. Special Focus on Functional Traits Along A Transect 32(1): 29-39.",-1.493879571799828,5.263640884001318,AM
Elymus_canadensis,Elymus,canadensis,Poaceae,Poales,,"<StringArray>
['Craine JM, Froehle J, Tilman DG, Wedin DA, Chapin FS. 2001. The relationships among root and leaf traits of 76 grassland species and relative abundance among fertility and disturbance gradients. Oikos 93: 274-285', 'Poon GT, Maherali H. 2015. Competitive interactions between a nonmycorrhizal invasive plant, Alliaria petiolata, and a suite of mycorrhizal grassland, old field, and forest species. PeerJ 3: e1090']
Length: 2, dtype: str",-1.7432550601684398,5.098901371555127,AM
Elymus_lanceolatus,Elymus,lanceolatus,Poaceae,Poales,,"Kembel SW, Cahill JF, Jr. 2011. Independent Evolution of Leaf and Root Traits within and among Temperate Grassland Plant Communities. PLoS ONE 6(6): e19992.",-1.5087482869191498,4.551559169124093,AM
Elymus_repens,Elymus,repens,Poaceae,Poales,,"<StringArray>
[                                   'Craine JM, Froehle J, Tilman DG, Wedin DA, Chapin FS. 2001. The relationships among root and leaf traits of 76 grassland species and relative abundance among fertility and disturbance gradients. Oikos 93: 274-285',
 'Roumet C, Birouste M, Picon-Cochard C, Ghestem M, Osman N, Vrignon-Brenas S, Cao K-F, Stokes A. 2016. Root structure-function relationships in 74 species: evidence of root economics spectrum related to carbon economy. New Phytologist 210: 815-826.',
                                                                                            'Kembel SW, Cahill JF, Jr. 2011. Independent Evolution of Leaf and Root Traits within and among Temperate Grassland Plant Communities. PLoS ONE 6(6): e19992.',
                                                                                                                                                                                                                             'Craine J. Unpublished data.']
Length: 4, dtype: str",-1.1912997042025673,4.663275528495375,AM
Elymus_riparius,Elymus,riparius,Poaceae,Poales,,"Poon GT, Maherali H. 2015. Competitive interactions between a nonmycorrhizal invasive plant, Alliaria petiolata, and a suite of mycorrhizal grassland, old field, and forest species. PeerJ 3: e1090",-1.8244892938509736,5.299063020678885,AM
Elymus_virginicus,Elymus,virginicus,Poaceae,Poales,,"<StringArray>
['Poon GT, Maherali H. 2015. Competitive interactions between a nonmycorrhizal invasive plant, Alliaria petiolata, and a suite of mycorrhizal grassland, old field, and forest species. PeerJ 3: e1090', 'Comas - Pasture species']
Length: 2, dtype: str",-1.625035109610525,5.642148918759129,AM
Embelia_vestita,Embelia,vestita,Primulaceae,Ericales,1.0,"Wang R, Wang Q, Zhao N, Xu Z, Zhu X, Jiao C, Yu G, He N. 2018. Different phylogenetic and environmental controls of first-order root morphological and nutrient traits: Evidence of multidimensional root traits. Special Focus on Functional Traits Along A Transect 32(1): 29-39.",-1.5709386132834906,4.568821127540797,NM
Endospermum_chinense,Endospermum,chinense,Euphorbiaceae,Malpighiales,1.0,"<StringArray>
['Xu Y, Gu JC, Dong XY, Liu Y, Wang ZQ. 2011. Fine root morphology, anatomy and tissue nitrogen and carbon contents of the first five orders in four tropical hardwood species in Hainan Island, China. Chinese Journal of Plant Ecology 35:955-964.', 'Kong DL, Wang JJ, Kardol P, Wu HF, Zeng H, Deng XB, Deng Y. 2016. Economic strategies of plant absorptive roots vary with root diameter. Biogeosciences 13: 415-424.']
Length: 2, dtype: str",-0.4759062329865431,3.3480188003603257,AM
Engelhardia_roxburghiana,Engelhardia,roxburghiana,Juglandaceae,Fagales,1.0,"<StringArray>
['Kong D, Ma C, Zhang Q, Li L, Chen X, Zeng H, Guo D. 2014. Leading dimensions in absorptive root trait variation across 96 subtropical forest species. New Phytologist 203: 863-872.', 'Wang R, Wang Q, Zhao N, Xu Z, Zhu X, Jiao C, Yu G, He N. 2018. Different phylogenetic and environmental controls of first-order root morphological and nutrient traits: Evidence of multidimensional root traits. Special Focus on Functional Traits Along A Transect 32(1): 29-39.']
Length: 2, dtype: str",-1.7344344026087857,4.668942788885158,EcM
Ephedra_fragilis,Ephedra,fragilis,Ephedraceae,Gnetales,,"de la Riva, Navarro-Fernandez, Perez-Ramos, Villar, Maranon. Unpublished.",-0.6789813257443353,1.2210552998275397,AM
Equisetum_hyemale,Equisetum,hyemale,Equisetaceae,Equisetales,1.0,"Dong X, Wang H, Gu J, Wang Y, Wang Z. 2014. Root morphology, histology and chemistry of nine fern species (pteridophyta) in a temperate forest. Plant Soil 393: 215-227.",-0.7367031130518447,4.454200748655468,NMAM
Equisetum_pratense,Equisetum,pratense,Equisetaceae,Equisetales,1.0,"Dong X, Wang H, Gu J, Wang Y, Wang Z. 2014. Root morphology, histology and chemistry of nine fern species (pteridophyta) in a temperate forest. Plant Soil 393: 215-227.",-1.413391453656634,5.540388917685265,NMAM
Eragrostis_trichodes,Eragrostis,trichodes,Poaceae,Poales,,"Craine JM, Froehle J, Tilman DG, Wedin DA, Chapin FS. 2001. The relationships among root and leaf traits of 76 grassland species and relative abundance among fertility and disturbance gradients. Oikos 93: 274-285",-1.5606477482646683,4.290459441148391,NMAM
Erigeron_canadensis,Erigeron,canadensis,Asteraceae,Asterales,,"Craine JM, Froehle J, Tilman DG, Wedin DA, Chapin FS. 2001. The relationships among root and leaf traits of 76 grassland species and relative abundance among fertility and disturbance gradients. Oikos 93: 274-285",-1.0498221244986778,4.77912349311153,AM
Erigeron_glabellus,Erigeron,glabellus,Asteraceae,Asterales,,"Kembel SW, Cahill JF, Jr. 2011. Independent Evolution of Leaf and Root Traits within and among Temperate Grassland Plant Communities. PLoS ONE 6(6): e19992.",-1.1847149888114397,3.9811057282116815,AM
Erigeron_pumilus,Erigeron,pumilus,Asteraceae,Asterales,,"Kembel SW, Cahill JF, Jr. 2011. Independent Evolution of Leaf and Root Traits within and among Temperate Grassland Plant Communities. PLoS ONE 6(6): e19992.",-1.6947235067164608,4.437386082817152,AM
Eriobotrya_japonica,Eriobotrya,japonica,Rosaceae,Rosales,1.0,"Kong D, Ma C, Zhang Q, Li L, Chen X, Zeng H, Guo D. 2014. Leading dimensions in absorptive root trait variation across 96 subtropical forest species. New Phytologist 203: 863-872.",-1.1430658694224145,3.831896960948861,AM
Erysimum_inconspicuum,Erysimum,inconspicuum,Brassicaceae,Brassicales,,"Kembel SW, Cahill JF, Jr. 2011. Independent Evolution of Leaf and Root Traits within and among Temperate Grassland Plant Communities. PLoS ONE 6(6): e19992.",-2.104554242494911,5.885458494246953,NM
Eucalyptus_grandis,Eucalyptus,grandis,Myrtaceae,Myrtales,,"Germon A, Guerrini IA, Bordron B, Bouillet J-P, Nouvellon Y, de Moraes Goncalves JL, Jourdan C Paula RR, Laclau J-P. 2018. Consequences of mixing Acacia mangium and Eucalyptus grandis trees on soil exploration by fine-roots down to a depth of 17 m. Plant Soil 424: 203-220.",-0.9505222458837193,3.2622681366723527,EcMAM
Eucalyptus_urophylla,Eucalyptus,urophylla,Myrtaceae,Myrtales,1.0,"Kong D, Ma C, Zhang Q, Li L, Chen X, Zeng H, Guo D. 2014. Leading dimensions in absorptive root trait variation across 96 subtropical forest species. New Phytologist 203: 863-872.",-1.93489108257288,4.6654182663334485,EcMAM
Euonymus_alatus,Euonymus,alatus,Celastraceae,Celastrales,1.0,"<StringArray>
[                                                                'Shi W, Wang ZQ, Liu JL, Gu JC, Guo DL. 2008. Fine root morphology of twenty hardwood species in Maoershan Natural Secondary Forest in Northeastern China. Journal of Plant Ecology (Chinese Version) 32: 1217-1226.',
                                                                                 'Chen W, Zeng H, Eissenstat DM, Guo D. 2013. Variation of first-order root traits across climatic gradients and evolutionary trends in geological time. Global Ecology and Biogeography 22: 846-856.',
 'Wang R, Wang Q, Zhao N, Xu Z, Zhu X, Jiao C, Yu G, He N. 2018. Different phylogenetic and environmental controls of first-order root morphological and nutrient traits: Evidence of multidimensional root traits. Special Focus on Functional Traits Along A Transect 32(1): 29-39.']
Length: 3, dtype: str",-1.4928307530344898,4.674651038255275,AM
Euonymus_verrucosus,Euonymus,verrucosus,Celastraceae,Celastrales,1.0,"<StringArray>
['Shi W, Wang ZQ, Liu JL, Gu JC, Guo DL. 2008. Fine root morphology of twenty hardwood species in Maoershan Natural Secondary Forest in Northeastern China. Journal of Plant Ecology (Chinese Version) 32: 1217-1226.', 'Wang R, Wang Q, Zhao N, Xu Z, Zhu X, Jiao C, Yu G, He N. 2018. Different phylogenetic and environmental controls of first-order root morphological and nutrient traits: Evidence of multidimensional root traits. Special Focus on Functional Traits Along A Transect 32(1): 29-39.']
Length: 2, dtype: str",-1.455286072607515,5.222932387752917,AM
Euphorbia_cyparissias,Euphorbia,cyparissias,Euphorbiaceae,Malpighiales,,"Roumet C, Birouste M, Picon-Cochard C, Ghestem M, Osman N, Vrignon-Brenas S, Cao K-F, Stokes A. 2016. Root structure-function relationships in 74 species: evidence of root economics spectrum related to carbon economy. New Phytologist 210: 815-826.",-0.3581045367483269,1.8468787684491343,AM
Euptelea_pleiosperma,Euptelea,pleiosperma,Eupteleaceae,Ranunculales,1.0,"Wang R, Wang Q, Zhao N, Xu Z, Zhu X, Jiao C, Yu G, He N. 2018. Different phylogenetic and environmental controls of first-order root morphological and nutrient traits: Evidence of multidimensional root traits. Special Focus on Functional Traits Along A Transect 32(1): 29-39.",-1.1412850573146909,4.099012521328839,AM
Eurotia_lanata,Eurotia,lanata,Amaranthaceae,Caryophyllales,,"Kembel SW, Cahill JF, Jr. 2011. Independent Evolution of Leaf and Root Traits within and among Temperate Grassland Plant Communities. PLoS ONE 6(6): e19992.",-1.4045601699267831,4.37709589063546,AM
Eurya_japonica,Eurya,japonica,Pentaphylacaceae,Ericales,1.0,"Chen W, Zeng H, Eissenstat DM, Guo D. 2013. Variation of first-order root traits across climatic gradients and evolutionary trends in geological time. Global Ecology and Biogeography 22: 846-856.",-1.739216953941945,4.842998700292426,AM
Fagus_engleriana,Fagus,engleriana,Fagaceae,Fagales,1.0,"Wang R, Wang Q, Zhao N, Xu Z, Zhu X, Jiao C, Yu G, He N. 2018. Different phylogenetic and environmental controls of first-order root morphological and nutrient traits: Evidence of multidimensional root traits. Special Focus on Functional Traits Along A Transect 32(1): 29-39.",-1.6918688864132598,4.5383184974605015,EcM
Fagus_grandifolia,Fagus,grandifolia,Fagaceae,Fagales,,"<StringArray>
[                                                                                                                                                   'Comas LH, Eissenstat DM. 2009. Patterns in root trait variation among 25 co-existing North American forest species. New Phytologist 182: 919-928.',
 'Valverde-Barrantes OJ, Smemo KA,  Feinstein LM, Kershner MW, Blackwood CB. 2015. Aggregated and complementary: symmetric proliferation, overyielding, and mass effects explain fine-root biomass in soil patches in a diverse temperate deciduous forest landscape. New Phytologist 205(2): 731-742.',
                                                                                                                                            'Fahey TJ, Yavitt JB. 2005. An in situ approach for measuring root-associated respiration and nitrate uptake of forest trees. Plant and Soil 272: 125-131.']
Length: 3, dtype: str",-0.5125189758696612,2.9809269817890933,EcM
Fagus_sylvatica,Fagus,sylvatica,Fagaceae,Fagales,,"<StringArray>
[                                 'Kubisch P, Hertel D, Leuschner C. 2015. Do ectomycorrhizal and arbuscular mycorrhizal temperate tree species systematically differ in root order-related fine root morphology and biomass? Frontiers in Plant Science 6(64): 1-12.',
 'Hertel D, Strecker T, Muller-Haubold H, Leuschner C. 2013. Fine root biomass and dynamics in beech forests across a precipitation gradient â is optimal resource partitioning theory applicable to water-limited mature trees? Journal of Ecology 101: 1183-1200.',
                                                                                       'Withington JM, Reich PB, Oleksyn J, Eissenstat DM. 2006. Comparisons of structure and life span in roots and leaves among temperate trees. Ecological Monographs 76: 381-397.',
                                                                                                     'Liese R, Alings K, Meier IC. 2017. Root branching is a leading root trait of the plant economics spectrum in temperate trees. Frontiers in Plant Science 8:315.',
                                               'Weemstra M, Sterck FJ, Visser EJW, Kuyper TW, Goudzwaard L, Mommer L. 2017. Fine-root trait plasticity of beech (Fagus sylvatica) and spruce (Picea abies) forests on two contrasting soils. Plant Soil 415: 175-188.',
                                                                                                  'Liese R, Lubbe T, Albers NW, Meier IC. 2018. The mycorrhizal type governs root exudation and nitrogen uptake of temperate tree species. Tree Physiology 38: 83-95.',
                          'Klingenberg E, Leuschner C. 2018. A belowground perspective of temperate old-growth forests: Fine root system structure in beech primeval and production forests. Forest Ecology and Management. Forest Ecology and Management 425: 68-74.']
Length: 7, dtype: str",-0.91921627868273,3.2326123571815595,EcM
Fallopia_convolvulus,Fallopia,convolvulus,Polygonaceae,Caryophyllales,,"Craine JM, Froehle J, Tilman DG, Wedin DA, Chapin FS. 2001. The relationships among root and leaf traits of 76 grassland species and relative abundance among fertility and disturbance gradients. Oikos 93: 274-285",-1.3862943611198906,5.303304908059076,NMAM
Festuca_arundinacea,Festuca,arundinacea,Poaceae,Poales,,"<StringArray>
[                                                              'Fort F, Jouany C, Cruz P. 2013.Root and leaf functional trait relations in Poaceae species: implications of differing resource-acquisition strategies. Journal of Plant Ecology 6:211-219',
 'Roumet C, Birouste M, Picon-Cochard C, Ghestem M, Osman N, Vrignon-Brenas S, Cao K-F, Stokes A. 2016. Root structure-function relationships in 74 species: evidence of root economics spectrum related to carbon economy. New Phytologist 210: 815-826.',
                                                                                                                                                                                                                                 'Comas - Pasture species']
Length: 3, dtype: str",-1.4034913859484122,5.324563186555312,AM
Festuca_christianii-bernardii,Festuca,christianii-bernardii,Poaceae,Poales,,"<StringArray>
[                       'Perez-Ramos IM, Volaire F, Fattet M, Blanchard A, Roumet C. Tradeoffs between functional strategies for resource-use and drought-survival in Mediterranean rangeland species. Environmental and Experimental Botany 87: 126-136.',
 'Roumet C, Birouste M, Picon-Cochard C, Ghestem M, Osman N, Vrignon-Brenas S, Cao K-F, Stokes A. 2016. Root structure-function relationships in 74 species: evidence of root economics spectrum related to carbon economy. New Phytologist 210: 815-826.',
                                                         'Poirier V, Roumet C, Angers DA, Munson AD. 2018. Species and root traits impact macroaggregation in the rhizospheric soil of a Mediterranean common garden experiment. Plant Soil 424: 289-302.']
Length: 3, dtype: str",-1.4034405199548612,5.271703847697988,AM
Festuca_hallii,Festuca,hallii,Poaceae,Poales,,"Kembel SW, Cahill JF, Jr. 2011. Independent Evolution of Leaf and Root Traits within and among Temperate Grassland Plant Communities. PLoS ONE 6(6): e19992.",-1.6001808911714237,4.418167587152136,AM
Festuca_ovina,Festuca,ovina,Poaceae,Poales,,"<StringArray>
['Craine JM, Froehle J, Tilman DG, Wedin DA, Chapin FS. 2001. The relationships among root and leaf traits of 76 grassland species and relative abundance among fertility and disturbance gradients. Oikos 93: 274-285', 'Smith SW, Woodin SJ, Pakeman RJ, Johnson D, van der Wal R. 2014. Root traits predict decomposition across a landscape-scale grazing experiment. New Phytologist 203: 851-862.']
Length: 2, dtype: str",-1.537117250854474,4.529206647181052,AM
Festuca_rubra,Festuca,rubra,Poaceae,Poales,,"<StringArray>
[                                   'Craine JM, Froehle J, Tilman DG, Wedin DA, Chapin FS. 2001. The relationships among root and leaf traits of 76 grassland species and relative abundance among fertility and disturbance gradients. Oikos 93: 274-285',
                                                               'Fort F, Jouany C, Cruz P. 2013.Root and leaf functional trait relations in Poaceae species: implications of differing resource-acquisition strategies. Journal of Plant Ecology 6:211-219',
 'Roumet C, Birouste M, Picon-Cochard C, Ghestem M, Osman N, Vrignon-Brenas S, Cao K-F, Stokes A. 2016. Root structure-function relationships in 74 species: evidence of root economics spectrum related to carbon economy. New Phytologist 210: 815-826.']
Length: 3, dtype: str",-1.6519975268528964,5.189655109840973,AM
Ficus_carica,Ficus,carica,Moraceae,Rosales,,"de la Riva, Navarro-Fernandez, Perez-Ramos, Villar, Maranon. Unpublished.",-1.0000120724285002,3.0623500711846616,AM
Ficus_tikoua,Ficus,tikoua,Moraceae,Rosales,,"Roumet C, Birouste M, Picon-Cochard C, Ghestem M, Osman N, Vrignon-Brenas S, Cao K-F, Stokes A. 2016. Root structure-function relationships in 74 species: evidence of root economics spectrum related to carbon economy. New Phytologist 210: 815-826.",-0.5887871652357024,1.8794650496471603,AM
Ficus_variolosa,Ficus,variolosa,Moraceae,Rosales,1.0,"Kong D, Ma C, Zhang Q, Li L, Chen X, Zeng H, Guo D. 2014. Leading dimensions in absorptive root trait variation across 96 subtropical forest species. New Phytologist 203: 863-872.",-2.018007835495744,4.965986542427374,AM
Filipendula_palmata,Filipendula,palmata,Rosaceae,Rosales,1.0,"Wang R, Wang Q, Zhao N, Xu Z, Zhu X, Jiao C, Yu G, He N. 2018. Different phylogenetic and environmental controls of first-order root morphological and nutrient traits: Evidence of multidimensional root traits. Special Focus on Functional Traits Along A Transect 32(1): 29-39.",-1.698269126140716,5.396386363677473,AM
Fragaria_virginiana,Fragaria,virginiana,Rosaceae,Rosales,,"Poon GT, Maherali H. 2015. Competitive interactions between a nonmycorrhizal invasive plant, Alliaria petiolata, and a suite of mycorrhizal grassland, old field, and forest species. PeerJ 3: e1090",-1.7567785003328094,5.480531035188941,AM
Fraxinus_americana,Fraxinus,americana,Oleaceae,Lamiales,1.0,"<StringArray>
[' Valverde-Barrantes OJ, Smemo KA, Blackwood CB. 2014. Fine root morphology is phylogenetically structured, but nitrogen is related to the plant economics spectrum in temperate trees. Functional Ecology 29: 796-807.', 'Valverde et al (unpublished)']
Length: 2, dtype: str",-1.4840603659955758,3.661816361185007,AM
Fraxinus_angustifolia,Fraxinus,angustifolia,Oleaceae,Lamiales,,"de la Riva, Navarro-Fernandez, Perez-Ramos, Villar, Maranon. Unpublished.",-0.7818964304125747,2.937420688479367,AM
Fraxinus_chinensis,Fraxinus,chinensis,Oleaceae,Lamiales,1.0,"<StringArray>
['Chen W, Zeng H, Eissenstat DM, Guo D. 2013. Variation of first-order root traits across climatic gradients and evolutionary trends in geological time. Global Ecology and Biogeography 22: 846-856.', 'Wang R, Wang Q, Zhao N, Xu Z, Zhu X, Jiao C, Yu G, He N. 2018. Different phylogenetic and environmental controls of first-order root morphological and nutrient traits: Evidence of multidimensional root traits. Special Focus on Functional Traits Along A Transect 32(1): 29-39.']
Length: 2, dtype: str",-1.000980131286906,3.775721109243293,AM
Fraxinus_excelsior,Fraxinus,excelsior,Oleaceae,Lamiales,1.0,"Kubisch P, Hertel D, Leuschner C. 2015. Do ectomycorrhizal and arbuscular mycorrhizal temperate tree species systematically differ in root order-related fine root morphology and biomass? Frontiers in Plant Science 6(64): 1-12.",-0.9843478065341428,3.491128883489728,AM
Fraxinus_mandshurica,Fraxinus,mandshurica,Oleaceae,Lamiales,1.0,"<StringArray>
[                                                                                                'Wang Z, Guo D, Wang X, Gu J, Mei L. 2006. Fine root architecture, morphology, and biomass of different branch orders of two Chinese temperate tree species. Plant Soil 288:155-171.',
                                                                 'Shi W, Wang ZQ, Liu JL, Gu JC, Guo DL. 2008. Fine root morphology of twenty hardwood species in Maoershan Natural Secondary Forest in Northeastern China. Journal of Plant Ecology (Chinese Version) 32: 1217-1226.',
           'Jia SX, Zhao YL, Ding GQ, Sun Y, Xu Y, Wang ZQ. 2010. Relationship among fine-root morphology, anatomy, tissue nitrogen concentration and respiration in different branch root orders in Larix gmelinii and Fraxinus mandshurica. Chinese Bulletin of Botany 45: 174-181.',
                                                                       'Wang Y, Dong X, Wang H, Wang Z, Gu J. 2016. Root tip morphology, anatomy, chemistry and potential hydraulic conductivity vary with soil depth in three temperate hardwood species. Tree Physiology 36:99-108.',
                                                                                                     'Wang W, Wang Y, Hoch G, Wang Z, Gu J. 2018. Linkage of root morphology to anatomy with increasing nitrogen availability in six temperate tree species. Plant Soil 425: 198-200.',
 'Wang R, Wang Q, Zhao N, Xu Z, Zhu X, Jiao C, Yu G, He N. 2018. Different phylogenetic and environmental controls of first-order root morphological and nutrient traits: Evidence of multidimensional root traits. Special Focus on Functional Traits Along A Transect 32(1): 29-39.',
                                                                           'Wang Y, Gao G, Wang N, Wang Z, Gu J. 2019. Effects of morphology and stand structure on root biomass and length differed between absorptive and transport roots in temperate trees. Plant Soil, in press.']
Length: 7, dtype: str",-1.291650484943504,4.640616940124867,AM
Fraxinus_nigra,Fraxinus,nigra,Oleaceae,Lamiales,,"Valverde-Barrantes OJ, Smemo KA,  Feinstein LM, Kershner MW, Blackwood CB. 2015. Aggregated and complementary: symmetric proliferation, overyielding, and mass effects explain fine-root biomass in soil patches in a diverse temperate deciduous forest landscape. New Phytologist 205(2): 731-742.",-0.5509148621262682,3.2953635102374483,AM
Fuchsia_excorticata,Fuchsia,excorticata,Onagraceae,Myrtales,,"Kramer-Walter KR, Bellingham PJ, Millar TR, Smissen RD, Richardson SJ, Laughlin DC. 2016. Root traits are multidimensional: specific root length is independent from root tissue density and the plant economic spectrum. Journal of Ecology 104: 1299-1310.",-1.07006648199634,4.431153827467956,AM
Fumana_thymifolia,Fumana,thymifolia,Cistaceae,Malvales,,"de la Riva, Navarro-Fernandez, Perez-Ramos, Villar, Maranon. Unpublished.",-0.8833396317344692,1.7075845310126203,EcM
Gahnia_procera,Gahnia,procera,Cyperaceae,Poales,,"Holdaway RJ, Richardson SJ, Dickie IA, Peltzer DA, Coomes DA. 2011. Species- and community-level patterns in fine root traits along a 120 000-year soil chronosequence in temperate rain forest. Journal of Ecology 99: 954-963.",-1.1394342831883648,4.072439726834051,NMAM
Gahnia_xanthocarpa,Gahnia,xanthocarpa,Cyperaceae,Poales,,"Holdaway RJ, Richardson SJ, Dickie IA, Peltzer DA, Coomes DA. 2011. Species- and community-level patterns in fine root traits along a 120 000-year soil chronosequence in temperate rain forest. Journal of Ecology 99: 954-963.",-0.7765287894989963,3.819907716520341,NMAM
Galearia_maingayi,Galearia,maingayi,Pandaceae,Malpighiales,,"Makita N, Kosugi Y, Dannoura M, Takanashi S, Niiyama K, Kassim AR, Nik AR. 2012. Patterns of root respiration rates and morphological traits in 13 tree species in a tropical forest. Tree Physiology 32: 303-312.",-0.6011150951134516,1.7291067837174938,AM
Galium_aparine,Galium,aparine,Rubiaceae,Gentianales,1.0,"Wang R, Wang Q, Zhao N, Xu Z, Zhu X, Jiao C, Yu G, He N. 2018. Different phylogenetic and environmental controls of first-order root morphological and nutrient traits: Evidence of multidimensional root traits. Special Focus on Functional Traits Along A Transect 32(1): 29-39.",-1.665479303317725,5.483130261962464,NMAM
Galium_boreale,Galium,boreale,Rubiaceae,Gentianales,,"Kembel SW, Cahill JF, Jr. 2011. Independent Evolution of Leaf and Root Traits within and among Temperate Grassland Plant Communities. PLoS ONE 6(6): e19992.",-1.7265336843103476,5.15235633994251,NMAM
Garcinia_cowa,Garcinia,cowa,Clusiaceae,Malpighiales,1.0,"Kong D, Ma C, Zhang Q, Li L, Chen X, Zeng H, Guo D. 2014. Leading dimensions in absorptive root trait variation across 96 subtropical forest species. New Phytologist 203: 863-872.",-1.2279581670764472,4.46900676117522,AM
Garcinia_oblongifolia,Garcinia,oblongifolia,Clusiaceae,Malpighiales,1.0,"Kong D, Ma C, Zhang Q, Li L, Chen X, Zeng H, Guo D. 2014. Leading dimensions in absorptive root trait variation across 96 subtropical forest species. New Phytologist 203: 863-872.",-1.6597317064885675,4.509429913707256,AM
Genista_hirsuta,Genista,hirsuta,Fabaceae,Fabales,,"de la Riva, Navarro-Fernandez, Perez-Ramos, Villar, Maranon. Unpublished.",-0.8415601857027184,2.4158881056500805,AM
Genista_triacanthos,Genista,triacanthos,Fabaceae,Fabales,,"de la Riva, Navarro-Fernandez, Perez-Ramos, Villar, Maranon. Unpublished.",-0.8679173212010655,2.553395823996329,AM
Gentiana_andrewsii,Gentiana,andrewsii,Gentianaceae,Gentianales,,"Craine JM, Froehle J, Tilman DG, Wedin DA, Chapin FS. 2001. The relationships among root and leaf traits of 76 grassland species and relative abundance among fertility and disturbance gradients. Oikos 93: 274-285",-1.171182981502945,4.859812404361672,AM
Geranium_rotundifolium,Geranium,rotundifolium,Geraniaceae,Geraniales,,"<StringArray>
['Birouste M, Kazakou E, Blanchard A, Roumet C. 2012. Plant traits and decomposition: are the relationships for roots comparable to those for leaves? Annals of Botany 109: 463-472. ', 'Roumet C, Birouste M, Picon-Cochard C, Ghestem M, Osman N, Vrignon-Brenas S, Cao K-F, Stokes A. 2016. Root structure-function relationships in 74 species: evidence of root economics spectrum related to carbon economy. New Phytologist 210: 815-826.']
Length: 2, dtype: str",-1.3509272172825992,5.428577790382191,AM
Ginkgo_biloba,Ginkgo,biloba,Ginkgoaceae,Ginkgoales,1.0,"Chen W, Zeng H, Eissenstat DM, Guo D. 2013. Variation of first-order root traits across climatic gradients and evolutionary trends in geological time. Global Ecology and Biogeography 22: 846-856.",-0.390084006069862,2.9920254116226643,AM
Gironniera_subaequalis,Gironniera,subaequalis,Cannabaceae,Rosales,1.0,"Kong D, Ma C, Zhang Q, Li L, Chen X, Zeng H, Guo D. 2014. Leading dimensions in absorptive root trait variation across 96 subtropical forest species. New Phytologist 203: 863-872.",-2.080241861850605,4.213312081286144,AM
Gleditsia_triacanthos,Gleditsia,triacanthos,Fabaceae,Fabales,1.0,"<StringArray>
[' Valverde-Barrantes OJ, Smemo KA, Blackwood CB. 2014. Fine root morphology is phylogenetically structured, but nitrogen is related to the plant economics spectrum in temperate trees. Functional Ecology 29: 796-807.', 'Valverde et al (unpublished)']
Length: 2, dtype: str",-0.9694534699515954,3.0039883357858987,AM
Gleichenia_microphylla,Gleichenia,microphylla,Gleicheniaceae,Gleicheniales,,"Holdaway RJ, Richardson SJ, Dickie IA, Peltzer DA, Coomes DA. 2011. Species- and community-level patterns in fine root traits along a 120 000-year soil chronosequence in temperate rain forest. Journal of Ecology 99: 954-963.",-1.3093333199837622,3.756538102587751,AM
Gliricidia_sepium,Gliricidia,sepium,Fabaceae,Fabales,,"Rajab YA, Holscher D, Leuschner C, Barus H, Tjoa A, Hertel D. 2018. Effects of shade tree cover and diversity on root system structure and dynamics in cacao agroforests: The role of root competition and space partitioning. Plant Soil 422: 349-369.",-0.2930296787783762,3.475067230228611,AM
Gnetum_gnemon,Gnetum,gnemon,Gnetaceae,Gnetales,,"Rajab YA, Holscher D, Leuschner C, Barus H, Tjoa A, Hertel D. 2018. Effects of shade tree cover and diversity on root system structure and dynamics in cacao agroforests: The role of root competition and space partitioning. Plant Soil 422: 349-369.",-1.203972804325936,4.872904620630176,EcM
Goniothalamus_griffithii,Goniothalamus,griffithii,Annonaceae,Magnoliales,1.0,"Chen W, Zeng H, Eissenstat DM, Guo D. 2013. Variation of first-order root traits across climatic gradients and evolutionary trends in geological time. Global Ecology and Biogeography 22: 846-856.",-0.4867280727424857,2.8085239973722764,AM
Gordonia_axillaris,Gordonia,axillaris,Theaceae,Ericales,1.0,"<StringArray>
['Kong D, Ma C, Zhang Q, Li L, Chen X, Zeng H, Guo D. 2014. Leading dimensions in absorptive root trait variation across 96 subtropical forest species. New Phytologist 203: 863-872.', 'Kong DL, Wang JJ, Kardol P, Wu HF, Zeng H, Deng XB, Deng Y. 2016. Economic strategies of plant absorptive roots vary with root diameter. Biogeosciences 13: 415-424.']
Length: 2, dtype: str",-0.6129321800373665,2.7930039069823738,AM
Gutierrezia_sarothrae,Gutierrezia,sarothrae,Asteraceae,Asterales,,"Kembel SW, Cahill JF, Jr. 2011. Independent Evolution of Leaf and Root Traits within and among Temperate Grassland Plant Communities. PLoS ONE 6(6): e19992.",-1.3238831009984935,4.4387154166359855,AM
Hakea_ceratophylla,Hakea,ceratophylla,Proteaceae,Proteales,,"Poot P, Lambers H. 2003. Are trade-offs in allocation pattern and root morphology related to species abundance? A congeneric comparison between rare and common species in the south-western Australian flora. Journal of Ecology 91: 58-67.",-0.4942963218147801,3.9889840465642745,NM
Hakea_cyclocarpa,Hakea,cyclocarpa,Proteaceae,Proteales,,"Poot P, Lambers H. 2003. Are trade-offs in allocation pattern and root morphology related to species abundance? A congeneric comparison between rare and common species in the south-western Australian flora. Journal of Ecology 91: 58-67.",-0.4942963218147801,4.158883083359672,NM
Hakea_linearis,Hakea,linearis,Proteaceae,Proteales,,"Poot P, Lambers H. 2003. Are trade-offs in allocation pattern and root morphology related to species abundance? A congeneric comparison between rare and common species in the south-western Australian flora. Journal of Ecology 91: 58-67.",-0.527632742082372,3.80666248977032,NM
Hakea_lissocarpha,Hakea,lissocarpha,Proteaceae,Proteales,,"Poot P, Lambers H. 2003. Are trade-offs in allocation pattern and root morphology related to species abundance? A congeneric comparison between rare and common species in the south-western Australian flora. Journal of Ecology 91: 58-67.",-0.4942963218147801,4.060443010546419,NM
Hakea_oldfieldii,Hakea,oldfieldii,Proteaceae,Proteales,,"Poot P, Lambers H. 2003. Are trade-offs in allocation pattern and root morphology related to species abundance? A congeneric comparison between rare and common species in the south-western Australian flora. Journal of Ecology 91: 58-67.",-0.616186139423817,4.499809670330265,NM
Hakea_tuberculata,Hakea,tuberculata,Proteaceae,Proteales,,"Poot P, Lambers H. 2003. Are trade-offs in allocation pattern and root morphology related to species abundance? A congeneric comparison between rare and common species in the south-western Australian flora. Journal of Ecology 91: 58-67.",-0.579818495252942,4.343805421853684,NM
Hakea_varia,Hakea,varia,Proteaceae,Proteales,,"Poot P, Lambers H. 2003. Are trade-offs in allocation pattern and root morphology related to species abundance? A congeneric comparison between rare and common species in the south-western Australian flora. Journal of Ecology 91: 58-67.",-0.5447271754416722,4.02535169073515,NM
Halesia_tetraptera,Halesia,tetraptera,Styracaceae,Ericales,1.0,"<StringArray>
[' Valverde-Barrantes OJ, Smemo KA, Blackwood CB. 2014. Fine root morphology is phylogenetically structured, but nitrogen is related to the plant economics spectrum in temperate trees. Functional Ecology 29: 796-807.', 'Valverde et al (unpublished)']
Length: 2, dtype: str",-1.4942022073600143,3.922484071873289,AM
Halimium_commutatum,Halimium,commutatum,Cistaceae,Malvales,,"de la Riva, Navarro-Fernandez, Perez-Ramos, Villar, Maranon. Unpublished.",-0.660486398320397,1.881847792780877,EcM
Halimium_halimifolium,Halimium,halimifolium,Cistaceae,Malvales,,"de la Riva, Navarro-Fernandez, Perez-Ramos, Villar, Maranon. Unpublished.",-0.8786939327095946,2.2403200814738007,EcM
Halocarpus_biformis,Halocarpus,biformis,Podocarpaceae,Pinales,,"Kramer-Walter KR, Bellingham PJ, Millar TR, Smissen RD, Richardson SJ, Laughlin DC. 2016. Root traits are multidimensional: specific root length is independent from root tissue density and the plant economic spectrum. Journal of Ecology 104: 1299-1310.",-0.446729908986019,2.394426509026899,AM
Halocarpus_kirkii,Halocarpus,kirkii,Podocarpaceae,Pinales,,"Kramer-Walter KR, Bellingham PJ, Millar TR, Smissen RD, Richardson SJ, Laughlin DC. 2016. Root traits are multidimensional: specific root length is independent from root tissue density and the plant economic spectrum. Journal of Ecology 104: 1299-1310.",-0.4363367717752515,2.659583729332073,AM
Hamamelis_virginiana,Hamamelis,virginiana,Hamamelidaceae,Saxifragales,1.0,"<StringArray>
[' Valverde-Barrantes OJ, Smemo KA, Blackwood CB. 2014. Fine root morphology is phylogenetically structured, but nitrogen is related to the plant economics spectrum in temperate trees. Functional Ecology 29: 796-807.', 'Valverde et al (unpublished)']
Length: 2, dtype: str",-1.327613047480723,3.1902668572109327,AM
Handroanthus_guayacan,Handroanthus,guayacan,Bignoniaceae,Lamiales,,"Collins CG, Wright SJ, Wurzburger N. 2016. Root and leaf traits reflect distinct resource acquisition strategies in tropical lianas and trees. Oecologia 180: 1037-1047.",-0.1111824385432095,2.396040579850052,AM
Haplopappus_spinulosus,Haplopappus,spinulosus,Asteraceae,Asterales,,"Kembel SW, Cahill JF, Jr. 2011. Independent Evolution of Leaf and Root Traits within and among Temperate Grassland Plant Communities. PLoS ONE 6(6): e19992.",-1.1510641486705335,4.751151876003154,AM
Hedeoma_hispida,Hedeoma,hispida,Lamiaceae,Lamiales,,"Craine JM, Froehle J, Tilman DG, Wedin DA, Chapin FS. 2001. The relationships among root and leaf traits of 76 grassland species and relative abundance among fertility and disturbance gradients. Oikos 93: 274-285",-1.5141277326297755,5.111987788356544,AM
Hedera_helix,Hedera,helix,Araliaceae,Apiales,,"de la Riva, Navarro-Fernandez, Perez-Ramos, Villar, Maranon. Unpublished.",-0.6044039707255567,2.6615401246560184,AM
Hedycarya_arborea,Hedycarya,arborea,Monimiaceae,Laurales,,"<StringArray>
['Holdaway RJ, Richardson SJ, Dickie IA, Peltzer DA, Coomes DA. 2011. Species- and community-level patterns in fine root traits along a 120 000-year soil chronosequence in temperate rain forest. Journal of Ecology 99: 954-963.', 'Kramer-Walter KR, Bellingham PJ, Millar TR, Smissen RD, Richardson SJ, Laughlin DC. 2016. Root traits are multidimensional: specific root length is independent from root tissue density and the plant economic spectrum. Journal of Ecology 104: 1299-1310.']
Length: 2, dtype: str",-0.0559356323303031,2.606995283041733,AM
Helianthemum_almeriense,Helianthemum,almeriense,Cistaceae,Malvales,,"de la Riva, Navarro-Fernandez, Perez-Ramos, Villar, Maranon. Unpublished.",-0.528183741312198,0.925675274184316,EcM
Helianthemum_apenninum,Helianthemum,apenninum,Cistaceae,Malvales,,"<StringArray>
['Roumet C, Birouste M, Picon-Cochard C, Ghestem M, Osman N, Vrignon-Brenas S, Cao K-F, Stokes A. 2016. Root structure-function relationships in 74 species: evidence of root economics spectrum related to carbon economy. New Phytologist 210: 815-826.', 'Fort F, Volaire F, Guilioni L, Barkaoui K, Navas ML, Roumet C. 2017. Root traits are related to plant water-use among rangeland Mediterranean species. Functional Ecology 31: 1700-1709']
Length: 2, dtype: str",-1.1464856597707636,4.275281848253369,EcM
Helianthemum_oelandicum,Helianthemum,oelandicum,Cistaceae,Malvales,,"<StringArray>
['Roumet C, Birouste M, Picon-Cochard C, Ghestem M, Osman N, Vrignon-Brenas S, Cao K-F, Stokes A. 2016. Root structure-function relationships in 74 species: evidence of root economics spectrum related to carbon economy. New Phytologist 210: 815-826.',
                                                                 'Fort F, Volaire F, Guilioni L, Barkaoui K, Navas ML, Roumet C. 2017. Root traits are related to plant water-use among rangeland Mediterranean species. Functional Ecology 31: 1700-1709',
                                                         'Poirier V, Roumet C, Angers DA, Munson AD. 2018. Species and root traits impact macroaggregation in the rhizospheric soil of a Mediterranean common garden experiment. Plant Soil 424: 289-302.']
Length: 3, dtype: str",-0.9465345285408214,3.8838190465245344,EcM
Helianthemum_syriacum,Helianthemum,syriacum,Cistaceae,Malvales,,"de la Riva, Navarro-Fernandez, Perez-Ramos, Villar, Maranon. Unpublished.",-0.7452829349804738,1.3568929599401491,EcM
Helianthus_agrestis,Helianthus,agrestis,Asteraceae,Asterales,,"Bowsher AW, Mason CM, Goolsby EW, Donavan LA. 2016. Fine root tradeoffs between nitrogen concentration and xylem vessel traits preclude unified whole-plant resource strategies in Helianthus. Ecology and Evolution 6: 1016-1031.",-0.6488566675108559,5.413118182025214,AM
Helianthus_angustifolius,Helianthus,angustifolius,Asteraceae,Asterales,,"Bowsher AW, Mason CM, Goolsby EW, Donavan LA. 2016. Fine root tradeoffs between nitrogen concentration and xylem vessel traits preclude unified whole-plant resource strategies in Helianthus. Ecology and Evolution 6: 1016-1031.",-0.5983864213564506,5.7826039240768505,AM
Helianthus_annuus,Helianthus,annuus,Asteraceae,Asterales,,"Bowsher AW, Mason CM, Goolsby EW, Donavan LA. 2016. Fine root tradeoffs between nitrogen concentration and xylem vessel traits preclude unified whole-plant resource strategies in Helianthus. Ecology and Evolution 6: 1016-1031.",-0.5339972407402029,5.49425414742403,AM
Helianthus_argophyllus,Helianthus,argophyllus,Asteraceae,Asterales,,"Bowsher AW, Mason CM, Goolsby EW, Donavan LA. 2016. Fine root tradeoffs between nitrogen concentration and xylem vessel traits preclude unified whole-plant resource strategies in Helianthus. Ecology and Evolution 6: 1016-1031.",-0.7637472571951524,5.63981268065158,AM
Helianthus_atrorubens,Helianthus,atrorubens,Asteraceae,Asterales,,"Bowsher AW, Mason CM, Goolsby EW, Donavan LA. 2016. Fine root tradeoffs between nitrogen concentration and xylem vessel traits preclude unified whole-plant resource strategies in Helianthus. Ecology and Evolution 6: 1016-1031.",-0.6416097839677622,5.60285655606624,AM
Helianthus_carnosus,Helianthus,carnosus,Asteraceae,Asterales,,"Bowsher AW, Mason CM, Goolsby EW, Donavan LA. 2016. Fine root tradeoffs between nitrogen concentration and xylem vessel traits preclude unified whole-plant resource strategies in Helianthus. Ecology and Evolution 6: 1016-1031.",-0.4752483078936949,5.6008018408809885,AM
Helianthus_cusickii,Helianthus,cusickii,Asteraceae,Asterales,,"Bowsher AW, Mason CM, Goolsby EW, Donavan LA. 2016. Fine root tradeoffs between nitrogen concentration and xylem vessel traits preclude unified whole-plant resource strategies in Helianthus. Ecology and Evolution 6: 1016-1031.",-0.5165030599496425,5.180040458956984,AM
Helianthus_debilis,Helianthus,debilis,Asteraceae,Asterales,,"Bowsher AW, Mason CM, Goolsby EW, Donavan LA. 2016. Fine root tradeoffs between nitrogen concentration and xylem vessel traits preclude unified whole-plant resource strategies in Helianthus. Ecology and Evolution 6: 1016-1031.",-0.8116420645202245,5.774240938304763,AM
Helianthus_floridanus,Helianthus,floridanus,Asteraceae,Asterales,,"Bowsher AW, Mason CM, Goolsby EW, Donavan LA. 2016. Fine root tradeoffs between nitrogen concentration and xylem vessel traits preclude unified whole-plant resource strategies in Helianthus. Ecology and Evolution 6: 1016-1031.",-0.4061756504836199,5.50577859046014,AM
Helianthus_giganteus,Helianthus,giganteus,Asteraceae,Asterales,,"<StringArray>
['Craine JM, Froehle J, Tilman DG, Wedin DA, Chapin FS. 2001. The relationships among root and leaf traits of 76 grassland species and relative abundance among fertility and disturbance gradients. Oikos 93: 274-285', 'Bowsher AW, Mason CM, Goolsby EW, Donavan LA. 2016. Fine root tradeoffs between nitrogen concentration and xylem vessel traits preclude unified whole-plant resource strategies in Helianthus. Ecology and Evolution 6: 1016-1031.']
Length: 2, dtype: str",-0.7564867052255949,5.156696196880458,AM
Helianthus_grosseserratus,Helianthus,grosseserratus,Asteraceae,Asterales,,"Bowsher AW, Mason CM, Goolsby EW, Donavan LA. 2016. Fine root tradeoffs between nitrogen concentration and xylem vessel traits preclude unified whole-plant resource strategies in Helianthus. Ecology and Evolution 6: 1016-1031.",-0.6766220851749594,5.358588984889605,AM
Helianthus_heterophyllus,Helianthus,heterophyllus,Asteraceae,Asterales,,"Bowsher AW, Mason CM, Goolsby EW, Donavan LA. 2016. Fine root tradeoffs between nitrogen concentration and xylem vessel traits preclude unified whole-plant resource strategies in Helianthus. Ecology and Evolution 6: 1016-1031.",-0.4591738278144724,5.604109458172135,AM
Helianthus_longifolius,Helianthus,longifolius,Asteraceae,Asterales,,"Bowsher AW, Mason CM, Goolsby EW, Donavan LA. 2016. Fine root tradeoffs between nitrogen concentration and xylem vessel traits preclude unified whole-plant resource strategies in Helianthus. Ecology and Evolution 6: 1016-1031.",-0.7639208367031093,5.85574027569081,AM
Helianthus_maximiliani,Helianthus,maximiliani,Asteraceae,Asterales,,"Bowsher AW, Mason CM, Goolsby EW, Donavan LA. 2016. Fine root tradeoffs between nitrogen concentration and xylem vessel traits preclude unified whole-plant resource strategies in Helianthus. Ecology and Evolution 6: 1016-1031.",-0.641252355128475,5.588259383400662,AM
Helianthus_mollis,Helianthus,mollis,Asteraceae,Asterales,,"Bowsher AW, Mason CM, Goolsby EW, Donavan LA. 2016. Fine root tradeoffs between nitrogen concentration and xylem vessel traits preclude unified whole-plant resource strategies in Helianthus. Ecology and Evolution 6: 1016-1031.",-0.790852825200569,5.658174741178069,AM
Helianthus_neglectus,Helianthus,neglectus,Asteraceae,Asterales,,"Bowsher AW, Mason CM, Goolsby EW, Donavan LA. 2016. Fine root tradeoffs between nitrogen concentration and xylem vessel traits preclude unified whole-plant resource strategies in Helianthus. Ecology and Evolution 6: 1016-1031.",-0.930533505341834,5.5967724511598815,AM
Helianthus_niveus,Helianthus,niveus,Asteraceae,Asterales,,"Bowsher AW, Mason CM, Goolsby EW, Donavan LA. 2016. Fine root tradeoffs between nitrogen concentration and xylem vessel traits preclude unified whole-plant resource strategies in Helianthus. Ecology and Evolution 6: 1016-1031.",-0.5583792527602542,5.549348421349137,AM
Helianthus_occidentalis,Helianthus,occidentalis,Asteraceae,Asterales,,"Bowsher AW, Mason CM, Goolsby EW, Donavan LA. 2016. Fine root tradeoffs between nitrogen concentration and xylem vessel traits preclude unified whole-plant resource strategies in Helianthus. Ecology and Evolution 6: 1016-1031.",-0.7811273685135821,5.692788933181335,AM
Helianthus_pauciflorus,Helianthus,pauciflorus,Asteraceae,Asterales,,"Craine JM, Froehle J, Tilman DG, Wedin DA, Chapin FS. 2001. The relationships among root and leaf traits of 76 grassland species and relative abundance among fertility and disturbance gradients. Oikos 93: 274-285",-1.0216512475319814,3.951243718581428,AM
Helianthus_petiolaris,Helianthus,petiolaris,Asteraceae,Asterales,,"Bowsher AW, Mason CM, Goolsby EW, Donavan LA. 2016. Fine root tradeoffs between nitrogen concentration and xylem vessel traits preclude unified whole-plant resource strategies in Helianthus. Ecology and Evolution 6: 1016-1031.",-0.7987436685014857,5.6947249118337,AM
Helianthus_porteri,Helianthus,porteri,Asteraceae,Asterales,,"Bowsher AW, Mason CM, Goolsby EW, Donavan LA. 2016. Fine root tradeoffs between nitrogen concentration and xylem vessel traits preclude unified whole-plant resource strategies in Helianthus. Ecology and Evolution 6: 1016-1031.",-0.7703298974643312,5.974860797941202,AM
Helianthus_praecox,Helianthus,praecox,Asteraceae,Asterales,,"Bowsher AW, Mason CM, Goolsby EW, Donavan LA. 2016. Fine root tradeoffs between nitrogen concentration and xylem vessel traits preclude unified whole-plant resource strategies in Helianthus. Ecology and Evolution 6: 1016-1031.",-0.8292986425705315,5.948844061271341,AM
Helianthus_radula,Helianthus,radula,Asteraceae,Asterales,,"Bowsher AW, Mason CM, Goolsby EW, Donavan LA. 2016. Fine root tradeoffs between nitrogen concentration and xylem vessel traits preclude unified whole-plant resource strategies in Helianthus. Ecology and Evolution 6: 1016-1031.",-0.570062640522608,5.563677139995326,AM
Helianthus_salicifolius,Helianthus,salicifolius,Asteraceae,Asterales,,"Bowsher AW, Mason CM, Goolsby EW, Donavan LA. 2016. Fine root tradeoffs between nitrogen concentration and xylem vessel traits preclude unified whole-plant resource strategies in Helianthus. Ecology and Evolution 6: 1016-1031.",-0.9083546435927544,5.513247278087744,AM
Helianthus_silphioides,Helianthus,silphioides,Asteraceae,Asterales,,"Bowsher AW, Mason CM, Goolsby EW, Donavan LA. 2016. Fine root tradeoffs between nitrogen concentration and xylem vessel traits preclude unified whole-plant resource strategies in Helianthus. Ecology and Evolution 6: 1016-1031.",-0.6064274202529941,5.455534767746079,AM
Helianthus_verticillatus,Helianthus,verticillatus,Asteraceae,Asterales,,"Bowsher AW, Mason CM, Goolsby EW, Donavan LA. 2016. Fine root tradeoffs between nitrogen concentration and xylem vessel traits preclude unified whole-plant resource strategies in Helianthus. Ecology and Evolution 6: 1016-1031.",-0.6069735118499393,5.432564128235085,AM
Helichrysum_italicum,Helichrysum,italicum,Asteraceae,Asterales,,"de la Riva, Navarro-Fernandez, Perez-Ramos, Villar, Maranon. Unpublished.",-1.1509060833892435,2.91169127715811,EcMAM
Helichrysum_stoechas,Helichrysum,stoechas,Asteraceae,Asterales,,"de la Riva, Navarro-Fernandez, Perez-Ramos, Villar, Maranon. Unpublished.",-0.7093781936703626,1.8107268950627968,EcMAM
Helicia_formosana,Helicia,formosana,Proteaceae,Proteales,1.0,"Kong D, Ma C, Zhang Q, Li L, Chen X, Zeng H, Guo D. 2014. Leading dimensions in absorptive root trait variation across 96 subtropical forest species. New Phytologist 203: 863-872.",-1.691407475301351,4.5830268213024015,NM
Heliopsis_helianthoides,Heliopsis,helianthoides,Asteraceae,Asterales,,"Craine JM, Froehle J, Tilman DG, Wedin DA, Chapin FS. 2001. The relationships among root and leaf traits of 76 grassland species and relative abundance among fertility and disturbance gradients. Oikos 93: 274-285",-0.9675840262617056,4.158883083359672,NM
Hesperis_matronalis,Hesperis,matronalis,Brassicaceae,Brassicales,,"Poon GT, Maherali H. 2015. Competitive interactions between a nonmycorrhizal invasive plant, Alliaria petiolata, and a suite of mycorrhizal grassland, old field, and forest species. PeerJ 3: e1090",-1.8363385126260223,6.077521545790148,NM
Heterotheca_villosa,Heterotheca,villosa,Asteraceae,Asterales,,"Kembel SW, Cahill JF, Jr. 2011. Independent Evolution of Leaf and Root Traits within and among Temperate Grassland Plant Communities. PLoS ONE 6(6): e19992.",-1.516403046466911,4.649990266460689,AM
Heuchera_richardsonii,Heuchera,richardsonii,Saxifragaceae,Saxifragales,,"Kembel SW, Cahill JF, Jr. 2011. Independent Evolution of Leaf and Root Traits within and among Temperate Grassland Plant Communities. PLoS ONE 6(6): e19992.",-1.5789087073992776,4.5134432929167865,NMAM
Hoheria_lyallii,Hoheria,lyallii,Malvaceae,Malvales,,"Kramer-Walter KR, Bellingham PJ, Millar TR, Smissen RD, Richardson SJ, Laughlin DC. 2016. Root traits are multidimensional: specific root length is independent from root tissue density and the plant economic spectrum. Journal of Ecology 104: 1299-1310.",-0.6172449007720592,3.637655051263084,AM
Hoheria_sexstylosa,Hoheria,sexstylosa,Malvaceae,Malvales,,"Kramer-Walter KR, Bellingham PJ, Millar TR, Smissen RD, Richardson SJ, Laughlin DC. 2016. Root traits are multidimensional: specific root length is independent from root tissue density and the plant economic spectrum. Journal of Ecology 104: 1299-1310.",-0.2461350075252824,3.1747385806282606,AM
Holcus_lanatus,Holcus,lanatus,Poaceae,Poales,,"<StringArray>
[                                                              'Fort F, Jouany C, Cruz P. 2013.Root and leaf functional trait relations in Poaceae species: implications of differing resource-acquisition strategies. Journal of Plant Ecology 6:211-219',
                                                                                    'Hill JO, Simpson RJ, Moore AD, Chapman DF. 2006. Morphology and response of roots of pasture species to phosphorus and nitrogen nutrition. Plant and Soil 286: 7-19.',
                                                                           'Smith SW, Woodin SJ, Pakeman RJ, Johnson D, van der Wal R. 2014. Root traits predict decomposition across a landscape-scale grazing experiment. New Phytologist 203: 851-862.',
 'Roumet C, Birouste M, Picon-Cochard C, Ghestem M, Osman N, Vrignon-Brenas S, Cao K-F, Stokes A. 2016. Root structure-function relationships in 74 species: evidence of root economics spectrum related to carbon economy. New Phytologist 210: 815-826.']
Length: 4, dtype: str",-1.804930353376222,5.832711321341544,AM
Hordeum_murinum,Hordeum,murinum,Poaceae,Poales,,"Hill JO, Simpson RJ, Moore AD, Chapman DF. 2006. Morphology and response of roots of pasture species to phosphorus and nitrogen nutrition. Plant and Soil 286: 7-19.",-1.5251787917211486,5.322975965389215,AM
Hosta_ventricosa,Hosta,ventricosa,Asparagaceae,Asparagales,1.0,"Wang R, Wang Q, Zhao N, Xu Z, Zhu X, Jiao C, Yu G, He N. 2018. Different phylogenetic and environmental controls of first-order root morphological and nutrient traits: Evidence of multidimensional root traits. Special Focus on Functional Traits Along A Transect 32(1): 29-39.",-0.8988192509621502,4.101969221654853,AM
Hymenoxys_richardsonii,Hymenoxys,richardsonii,Asteraceae,Asterales,,"Kembel SW, Cahill JF, Jr. 2011. Independent Evolution of Leaf and Root Traits within and among Temperate Grassland Plant Communities. PLoS ONE 6(6): e19992.",-1.26443077336305,4.235371220014702,NMAM
Hypericum_perforatum,Hypericum,perforatum,Hypericaceae,Malpighiales,,"Poon GT, Maherali H. 2015. Competitive interactions between a nonmycorrhizal invasive plant, Alliaria petiolata, and a suite of mycorrhizal grassland, old field, and forest species. PeerJ 3: e1090",-1.7208165004174896,6.446661646330484,AM
Hypobathrum_racemosum,Hypobathrum,racemosum,Rubiaceae,Gentianales,,"Makita N, Kosugi Y, Dannoura M, Takanashi S, Niiyama K, Kassim AR, Nik AR. 2012. Patterns of root respiration rates and morphological traits in 13 tree species in a tropical forest. Tree Physiology 32: 303-312.",-0.7714871720111968,2.4349198419260096,AM
Hypochaeris_radicata,Hypochaeris,radicata,Asteraceae,Asterales,,"Mokany K, Ash J. 2008. Are traits measured on pot grown plants representative of those in natural communities? Journal of Vegetation Science 19: 119-126.",-0.9377697635512792,3.991757973447,AM
Ilex_macropoda,Ilex,macropoda,Aquifoliaceae,Aquifoliales,,"Sun L, Kominami Y, Yoshimura K, Kitayama K. 2017. Root-exudate flux variations among four co-existing canopy species in a temperate forest, Japan. Ecological Research 32: 331-339.",-1.171182981502945,4.40745068701404,AM
Ilex_opaca,Ilex,opaca,Aquifoliaceae,Aquifoliales,1.0,"<StringArray>
[' Valverde-Barrantes OJ, Smemo KA, Blackwood CB. 2014. Fine root morphology is phylogenetically structured, but nitrogen is related to the plant economics spectrum in temperate trees. Functional Ecology 29: 796-807.', 'Valverde et al (unpublished)']
Length: 2, dtype: str",-1.5076300700532768,3.7947634753438058,AM
Ilex_pedunculosa,Ilex,pedunculosa,Aquifoliaceae,Aquifoliales,,"Sun L, Kominami Y, Yoshimura K, Kitayama K. 2017. Root-exudate flux variations among four co-existing canopy species in a temperate forest, Japan. Ecological Research 32: 331-339.",-1.203972804325936,4.00369019395397,AM
Ilex_verticillata,Ilex,verticillata,Aquifoliaceae,Aquifoliales,,"Valverde-Barrantes OJ, Smemo KA,  Feinstein LM, Kershner MW, Blackwood CB. 2015. Aggregated and complementary: symmetric proliferation, overyielding, and mass effects explain fine-root biomass in soil patches in a diverse temperate deciduous forest landscape. New Phytologist 205(2): 731-742.",-0.4492602681078358,3.423506973046555,AM
Inula_conyza,Inula,conyza,Asteraceae,Asterales,,"<StringArray>
[                                                                    'Birouste M, Kazakou E, Blanchard A, Roumet C. 2012. Plant traits and decomposition: are the relationships for roots comparable to those for leaves? Annals of Botany 109: 463-472. ',
                                                                      'Roumet C, Lafont F, Sari M, Warembourg F, Garnier E. 2008. Root traits and taxonomic affiliation of nine herbaceous species grown in glasshouse conditions. Plant Soil 312:69-83. ',
 'Roumet C, Birouste M, Picon-Cochard C, Ghestem M, Osman N, Vrignon-Brenas S, Cao K-F, Stokes A. 2016. Root structure-function relationships in 74 species: evidence of root economics spectrum related to carbon economy. New Phytologist 210: 815-826.']
Length: 3, dtype: str",-0.8818893051568227,5.108910770030852,AM
Iris_japonica,Iris,japonica,Iridaceae,Asparagales,1.0,"Wang R, Wang Q, Zhao N, Xu Z, Zhu X, Jiao C, Yu G, He N. 2018. Different phylogenetic and environmental controls of first-order root morphological and nutrient traits: Evidence of multidimensional root traits. Special Focus on Functional Traits Along A Transect 32(1): 29-39.",-0.8584936331479384,4.227644446633998,AM
Iris_versicolor,Iris,versicolor,Iridaceae,Asparagales,,"Craine JM, Froehle J, Tilman DG, Wedin DA, Chapin FS. 2001. The relationships among root and leaf traits of 76 grassland species and relative abundance among fertility and disturbance gradients. Oikos 93: 274-285",-1.272965675812887,4.77912349311153,AM
Itea_chinensis,Itea,chinensis,Iteaceae,Saxifragales,1.0,"Kong D, Ma C, Zhang Q, Li L, Chen X, Zeng H, Guo D. 2014. Leading dimensions in absorptive root trait variation across 96 subtropical forest species. New Phytologist 203: 863-872.",-2.126449295287177,4.703475874772215,AM
Jasminum_fruticans,Jasminum,fruticans,Oleaceae,Lamiales,,"de la Riva, Navarro-Fernandez, Perez-Ramos, Villar, Maranon. Unpublished.",-0.7999531848777546,2.6862280519037403,AM
Juglans_mandshurica,Juglans,mandshurica,Juglandaceae,Fagales,1.0,"<StringArray>
[                                                                'Shi W, Wang ZQ, Liu JL, Gu JC, Guo DL. 2008. Fine root morphology of twenty hardwood species in Maoershan Natural Secondary Forest in Northeastern China. Journal of Plant Ecology (Chinese Version) 32: 1217-1226.',
                                                                       'Wang Y, Dong X, Wang H, Wang Z, Gu J. 2016. Root tip morphology, anatomy, chemistry and potential hydraulic conductivity vary with soil depth in three temperate hardwood species. Tree Physiology 36:99-108.',
                                                                                                     'Wang W, Wang Y, Hoch G, Wang Z, Gu J. 2018. Linkage of root morphology to anatomy with increasing nitrogen availability in six temperate tree species. Plant Soil 425: 198-200.',
                                                                            'Salahuddin, Rewald B, Razaq M, Lixue Y, Li J, Khan F, Jie Z. 2018. Root order-based traits of Manchurian walnut & larch and their plasticity under interspecific competition. Scientific Reports 8: 9815',
 'Wang R, Wang Q, Zhao N, Xu Z, Zhu X, Jiao C, Yu G, He N. 2018. Different phylogenetic and environmental controls of first-order root morphological and nutrient traits: Evidence of multidimensional root traits. Special Focus on Functional Traits Along A Transect 32(1): 29-39.',
                                                                           'Wang Y, Gao G, Wang N, Wang Z, Gu J. 2019. Effects of morphology and stand structure on root biomass and length differed between absorptive and transport roots in temperate trees. Plant Soil, in press.']
Length: 6, dtype: str",-1.3541877262568558,4.692767599845721,AM
Juglans_nigra,Juglans,nigra,Juglandaceae,Fagales,1.0,"<StringArray>
[' Valverde-Barrantes OJ, Smemo KA, Blackwood CB. 2014. Fine root morphology is phylogenetically structured, but nitrogen is related to the plant economics spectrum in temperate trees. Functional Ecology 29: 796-807.',
                                                'McCormack ML, Adams TS, Smithwick EAH, Eissenstat DM. 2012. Predicting fine root lifespan from plant functional traits in temperate trees. New Phytologist 195:823-831.',
                                                                                                                                                                                           'Valverde et al (unpublished)']
Length: 3, dtype: str",-1.3238942246980918,3.203079613447119,AM
Juncus_effusus,Juncus,effusus,Juncaceae,Poales,,"Smith SW, Woodin SJ, Pakeman RJ, Johnson D, van der Wal R. 2014. Root traits predict decomposition across a landscape-scale grazing experiment. New Phytologist 203: 851-862.",-1.155182640156504,3.6723689019869465,NMAM
Juniperus_monosperma,Juniperus,monosperma,Cupressaceae,Pinales,1.0,"Pregitzer KS, DeForest JL, Burton AJ, Allen MF, Ruess RW, Hendrick RL. 2002. Fine root architecture of nine North American trees. Ecological Monographs 72: 293-309.",-0.916290731874155,3.044522437723423,AM
Juniperus_phoenicea,Juniperus,phoenicea,Cupressaceae,Pinales,,"de la Riva, Navarro-Fernandez, Perez-Ramos, Villar, Maranon. Unpublished.",-0.6554661135922568,2.083632139845222,AM
Juniperus_sabina,Juniperus,sabina,Cupressaceae,Pinales,1.0,"Wang R, Wang Q, Zhao N, Xu Z, Zhu X, Jiao C, Yu G, He N. 2018. Different phylogenetic and environmental controls of first-order root morphological and nutrient traits: Evidence of multidimensional root traits. Special Focus on Functional Traits Along A Transect 32(1): 29-39.",-0.9167908569158374,3.643283461866482,AM
Knema_erratica,Knema,erratica,Myristicaceae,Magnoliales,1.0,"Chen W, Zeng H, Eissenstat DM, Guo D. 2013. Variation of first-order root traits across climatic gradients and evolutionary trends in geological time. Global Ecology and Biogeography 22: 846-856.",-0.1646799239417102,1.563217773907763,AM
Knightia_excelsa,Knightia,excelsa,Proteaceae,Proteales,,"Kramer-Walter KR, Bellingham PJ, Millar TR, Smissen RD, Richardson SJ, Laughlin DC. 2016. Root traits are multidimensional: specific root length is independent from root tissue density and the plant economic spectrum. Journal of Ecology 104: 1299-1310.",-0.9589894864072704,3.815549055950513,NM
Koeleria_macrantha,Koeleria,macrantha,Poaceae,Poales,,"Kembel SW, Cahill JF, Jr. 2011. Independent Evolution of Leaf and Root Traits within and among Temperate Grassland Plant Communities. PLoS ONE 6(6): e19992.",-1.77009582763489,4.825694901543437,AM
Koeleria_pyramidata,Koeleria,pyramidata,Poaceae,Poales,,"<StringArray>
['Craine JM, Froehle J, Tilman DG, Wedin DA, Chapin FS. 2001. The relationships among root and leaf traits of 76 grassland species and relative abundance among fertility and disturbance gradients. Oikos 93: 274-285', 'Craine J. Unpublished data.']
Length: 2, dtype: str",-1.099255783666613,4.111387138818783,AM
Koeleria_vallesiana,Koeleria,vallesiana,Poaceae,Poales,,"<StringArray>
['Roumet C, Birouste M, Picon-Cochard C, Ghestem M, Osman N, Vrignon-Brenas S, Cao K-F, Stokes A. 2016. Root structure-function relationships in 74 species: evidence of root economics spectrum related to carbon economy. New Phytologist 210: 815-826.',
                                                                 'Fort F, Volaire F, Guilioni L, Barkaoui K, Navas ML, Roumet C. 2017. Root traits are related to plant water-use among rangeland Mediterranean species. Functional Ecology 31: 1700-1709',
                                                         'Poirier V, Roumet C, Angers DA, Munson AD. 2018. Species and root traits impact macroaggregation in the rhizospheric soil of a Mediterranean common garden experiment. Plant Soil 424: 289-302.']
Length: 3, dtype: str",-1.2531959867342348,4.52323665416606,AM
Koelreuteria_paniculata,Koelreuteria,paniculata,Sapindaceae,Sapindales,1.0,"<StringArray>
[' Valverde-Barrantes OJ, Smemo KA, Blackwood CB. 2014. Fine root morphology is phylogenetically structured, but nitrogen is related to the plant economics spectrum in temperate trees. Functional Ecology 29: 796-807.', 'Valverde et al (unpublished)']
Length: 2, dtype: str",-1.3987718016265511,4.580243049886732,AM
Kunzea_ericoides,Kunzea,ericoides,Myrtaceae,Myrtales,,"Kramer-Walter KR, Bellingham PJ, Millar TR, Smissen RD, Richardson SJ, Laughlin DC. 2016. Root traits are multidimensional: specific root length is independent from root tissue density and the plant economic spectrum. Journal of Ecology 104: 1299-1310.",-0.6225334012319539,3.6755373147169257,EcMAM
Lactuca_tatarica,Lactuca,tatarica,Asteraceae,Asterales,,"Kembel SW, Cahill JF, Jr. 2011. Independent Evolution of Leaf and Root Traits within and among Temperate Grassland Plant Communities. PLoS ONE 6(6): e19992.",-1.0896773246105305,4.34629184061853,AM
Lamium_album,Lamium,album,Lamiaceae,Lamiales,1.0,"Wang R, Wang Q, Zhao N, Xu Z, Zhu X, Jiao C, Yu G, He N. 2018. Different phylogenetic and environmental controls of first-order root morphological and nutrient traits: Evidence of multidimensional root traits. Special Focus on Functional Traits Along A Transect 32(1): 29-39.",-1.9995219185039623,5.792156286415493,NMAM
Lansium_parasiticum,Lansium,parasiticum,Meliaceae,Sapindales,,"Rajab YA, Holscher D, Leuschner C, Barus H, Tjoa A, Hertel D. 2018. Effects of shade tree cover and diversity on root system structure and dynamics in cacao agroforests: The role of root competition and space partitioning. Plant Soil 422: 349-369.",-0.6931471805599453,3.039749158970765,AM
Larix_decidua,Larix,decidua,Pinaceae,Pinales,,"<StringArray>
['Withington JM, Reich PB, Oleksyn J, Eissenstat DM. 2006. Comparisons of structure and life span in roots and leaves among temperate trees. Ecological Monographs 76: 381-397.', 'Liese R, Alings K, Meier IC. 2017. Root branching is a leading root trait of the plant economics spectrum in temperate trees. Frontiers in Plant Science 8:315.']
Length: 2, dtype: str",-0.6838571336528526,3.13824405484261,EcM
Larix_gmelinii,Larix,gmelinii,Pinaceae,Pinales,1.0,"<StringArray>
[                                                                                                'Wang Z, Guo D, Wang X, Gu J, Mei L. 2006. Fine root architecture, morphology, and biomass of different branch orders of two Chinese temperate tree species. Plant Soil 288:155-171.',
           'Jia SX, Zhao YL, Ding GQ, Sun Y, Xu Y, Wang ZQ. 2010. Relationship among fine-root morphology, anatomy, tissue nitrogen concentration and respiration in different branch root orders in Larix gmelinii and Fraxinus mandshurica. Chinese Bulletin of Botany 45: 174-181.',
                                                                                 'Chen W, Zeng H, Eissenstat DM, Guo D. 2013. Variation of first-order root traits across climatic gradients and evolutionary trends in geological time. Global Ecology and Biogeography 22: 846-856.',
                                                                                                     'Wang W, Wang Y, Hoch G, Wang Z, Gu J. 2018. Linkage of root morphology to anatomy with increasing nitrogen availability in six temperate tree species. Plant Soil 425: 198-200.',
                                                                            'Salahuddin, Rewald B, Razaq M, Lixue Y, Li J, Khan F, Jie Z. 2018. Root order-based traits of Manchurian walnut & larch and their plasticity under interspecific competition. Scientific Reports 8: 9815',
 'Wang R, Wang Q, Zhao N, Xu Z, Zhu X, Jiao C, Yu G, He N. 2018. Different phylogenetic and environmental controls of first-order root morphological and nutrient traits: Evidence of multidimensional root traits. Special Focus on Functional Traits Along A Transect 32(1): 29-39.',
                                                                           'Wang Y, Gao G, Wang N, Wang Z, Gu J. 2019. Effects of morphology and stand structure on root biomass and length differed between absorptive and transport roots in temperate trees. Plant Soil, in press.']
Length: 7, dtype: str",-1.0788368689315948,3.619499135719005,EcM
Larix_kaempferi,Larix,kaempferi,Pinaceae,Pinales,,"Yin L, Dijkstra FA, Wang P, Zhu B, Cheng W. 2018. Rhizosphere priming effects on soil carbon and nitrogen dynamics among tree species with and without intraspecific competition. New Phytologist , in press.",-0.4462871026284195,2.7847025526232927,EcM
Lathyrus_venosus,Lathyrus,venosus,Fabaceae,Fabales,,"Kembel SW, Cahill JF, Jr. 2011. Independent Evolution of Leaf and Root Traits within and among Temperate Grassland Plant Communities. PLoS ONE 6(6): e19992.",-0.9875182411625228,3.84651487154136,AM
Launaea_arborescens,Launaea,arborescens,Asteraceae,Asterales,,"de la Riva, Navarro-Fernandez, Perez-Ramos, Villar, Maranon. Unpublished.",-0.9779666873982495,1.8622937900490928,AM
Laurelia_novae-zelandiae,Laurelia,novae-zelandiae,Atherospermataceae,Laurales,,"Kramer-Walter KR, Bellingham PJ, Millar TR, Smissen RD, Richardson SJ, Laughlin DC. 2016. Root traits are multidimensional: specific root length is independent from root tissue density and the plant economic spectrum. Journal of Ecology 104: 1299-1310.",-0.0490852076904914,2.371936588214485,AM
Lavandula_multifida,Lavandula,multifida,Lamiaceae,Lamiales,,"de la Riva, Navarro-Fernandez, Perez-Ramos, Villar, Maranon. Unpublished.",-1.0219174866741805,2.8012134656292926,AM
Leiospermum_racemosum,Leiospermum,racemosum,Cunoniaceae,Oxalidales,,"Holdaway RJ, Richardson SJ, Dickie IA, Peltzer DA, Coomes DA. 2011. Species- and community-level patterns in fine root traits along a 120 000-year soil chronosequence in temperate rain forest. Journal of Ecology 99: 954-963.",-1.4696759700589417,3.725693427236653,AM
Leontopodium_nanum,Leontopodium,nanum,Asteraceae,Asterales,,"Hong J, Ma X, Yan Y, Zhang X, Wang X. 2017. Which root traits determine nitrogen uptake by alpine plant species on the Tibetan Plateau? Plant Soil, in press. ",-1.6094379124341005,-0.9673735221034712,AM
Lepidium_densiflorum,Lepidium,densiflorum,Brassicaceae,Brassicales,,"Kembel SW, Cahill JF, Jr. 2011. Independent Evolution of Leaf and Root Traits within and among Temperate Grassland Plant Communities. PLoS ONE 6(6): e19992.",-1.7984820149888818,4.559569288282495,NM
Lepidothamnus_intermedius,Lepidothamnus,intermedius,Podocarpaceae,Pinales,,"Holdaway RJ, Richardson SJ, Dickie IA, Peltzer DA, Coomes DA. 2011. Species- and community-level patterns in fine root traits along a 120 000-year soil chronosequence in temperate rain forest. Journal of Ecology 99: 954-963.",-1.2378743560016174,3.068052935133617,AM
Leptospermum_scoparium,Leptospermum,scoparium,Myrtaceae,Myrtales,,"<StringArray>
['Holdaway RJ, Richardson SJ, Dickie IA, Peltzer DA, Coomes DA. 2011. Species- and community-level patterns in fine root traits along a 120 000-year soil chronosequence in temperate rain forest. Journal of Ecology 99: 954-963.', 'Kramer-Walter KR, Bellingham PJ, Millar TR, Smissen RD, Richardson SJ, Laughlin DC. 2016. Root traits are multidimensional: specific root length is independent from root tissue density and the plant economic spectrum. Journal of Ecology 104: 1299-1310.']
Length: 2, dtype: str",-1.0209570441025055,4.570324634660773,EcMAM
Lespedeza_bicolor,Lespedeza,bicolor,Fabaceae,Fabales,1.0,"Wang R, Wang Q, Zhao N, Xu Z, Zhu X, Jiao C, Yu G, He N. 2018. Different phylogenetic and environmental controls of first-order root morphological and nutrient traits: Evidence of multidimensional root traits. Special Focus on Functional Traits Along A Transect 32(1): 29-39.",-1.406905315024015,4.931618323063865,AM
Lespedeza_capitata,Lespedeza,capitata,Fabaceae,Fabales,,"Craine JM, Froehle J, Tilman DG, Wedin DA, Chapin FS. 2001. The relationships among root and leaf traits of 76 grassland species and relative abundance among fertility and disturbance gradients. Oikos 93: 274-285",-0.9942522733438668,4.290459441148391,AM
Lespedeza_davidii,Lespedeza,davidii,Fabaceae,Fabales,,"Fu X, Wang J, Wang H, Dai X, Yang F, Zhao M. 2016. Response of the fine root production, phenology, and turnover rate of six shrub species from a subtropical forest to a soil moisture gradient and shading. Plant Soil 399: 135-146. ",-0.7550225842780328,5.209486152841421,AM
Lespedeza_davurica,Lespedeza,davurica,Fabaceae,Fabales,,"Zhou M, Wang J, Bai W, Zhang Y, Zhang W-H. 2019. The response of root traits to precipitation change of herbaceous species in temperate steppes. Functional Ecology, in press.",-1.171182981502945,3.694240060356032,AM
Lespedeza_thunbergii,Lespedeza,thunbergii,Fabaceae,Fabales,1.0,"Wang R, Wang Q, Zhao N, Xu Z, Zhu X, Jiao C, Yu G, He N. 2018. Different phylogenetic and environmental controls of first-order root morphological and nutrient traits: Evidence of multidimensional root traits. Special Focus on Functional Traits Along A Transect 32(1): 29-39.",-1.474470052023616,4.757488255324351,AM
Leucaena_leucocephala,Leucaena,leucocephala,Fabaceae,Fabales,,"Rajab YA, Holscher D, Leuschner C, Barus H, Tjoa A, Hertel D. 2018. Effects of shade tree cover and diversity on root system structure and dynamics in cacao agroforests: The role of root competition and space partitioning. Plant Soil 422: 349-369.",-0.6286086594223742,3.0220495818713644,AM
Leucanthemum_vulgare,Leucanthemum,vulgare,Asteraceae,Asterales,,"Poon GT, Maherali H. 2015. Competitive interactions between a nonmycorrhizal invasive plant, Alliaria petiolata, and a suite of mycorrhizal grassland, old field, and forest species. PeerJ 3: e1090",-1.322155920003659,5.469632869487687,AM
Leymus_chinensis,Leymus,chinensis,Poaceae,Poales,,"Zhou M, Wang J, Bai W, Zhang Y, Zhang W-H. 2019. The response of root traits to precipitation change of herbaceous species in temperate steppes. Functional Ecology, in press.",-1.4784096500276962,4.652635663623805,AM
Liatris_aspera,Liatris,aspera,Asteraceae,Asterales,,"Craine JM, Froehle J, Tilman DG, Wedin DA, Chapin FS. 2001. The relationships among root and leaf traits of 76 grassland species and relative abundance among fertility and disturbance gradients. Oikos 93: 274-285",-0.7985076962177716,4.382026634673881,AM
Lindera_benzoin,Lindera,benzoin,Lauraceae,Laurales,,"<StringArray>
['Comas LH, Eissenstat DM. 2009. Patterns in root trait variation among 25 co-existing North American forest species. New Phytologist 182: 919-928.', 'Caplan JS, Stone BWG, Faillace CA, Lafond JJ, Baumgarten JM, Mozdzer TJ, Dighton J, Meiners SJ, Grabosky JC, Ehrenfeld JG. 2017. Nutrient foraging strategies are associated with productivity and population growth in forest shrubs. Annals of Botany 119: 977-988.']
Length: 2, dtype: str",-0.3287725575262881,2.547008672983871,AM
Lindera_communis,Lindera,communis,Lauraceae,Laurales,1.0,"Chen W, Zeng H, Eissenstat DM, Guo D. 2013. Variation of first-order root traits across climatic gradients and evolutionary trends in geological time. Global Ecology and Biogeography 22: 846-856.",-0.9288695140810151,3.6575779940959774,AM
Lindera_obtusiloba,Lindera,obtusiloba,Lauraceae,Laurales,1.0,"Wang R, Wang Q, Zhao N, Xu Z, Zhu X, Jiao C, Yu G, He N. 2018. Different phylogenetic and environmental controls of first-order root morphological and nutrient traits: Evidence of multidimensional root traits. Special Focus on Functional Traits Along A Transect 32(1): 29-39.",-1.341799121233339,4.527325535091816,AM
Linum_lewisii,Linum,lewisii,Linaceae,Malpighiales,,"Kembel SW, Cahill JF, Jr. 2011. Independent Evolution of Leaf and Root Traits within and among Temperate Grassland Plant Communities. PLoS ONE 6(6): e19992.",-1.314531994893,4.093923640313569,AM
Liquidambar_formosana,Liquidambar,formosana,Altingiaceae,Saxifragales,1.0,"<StringArray>
['Liu B, Li H, Zhu B, Koide RT, Eissenstat DM, Guo D. 2015. Complementarity between roots and AM fungi in nutrient foraging strategies. New Phytologist 208: 125-136.', 'Wang R, Wang Q, Zhao N, Xu Z, Zhu X, Jiao C, Yu G, He N. 2018. Different phylogenetic and environmental controls of first-order root morphological and nutrient traits: Evidence of multidimensional root traits. Special Focus on Functional Traits Along A Transect 32(1): 29-39.']
Length: 2, dtype: str",-1.2954181787876518,4.269078494900241,AM
Liquidambar_styraciflua,Liquidambar,styraciflua,Altingiaceae,Saxifragales,1.0,"<StringArray>
[' Valverde-Barrantes OJ, Smemo KA, Blackwood CB. 2014. Fine root morphology is phylogenetically structured, but nitrogen is related to the plant economics spectrum in temperate trees. Functional Ecology 29: 796-807.', 'Valverde et al (unpublished)']
Length: 2, dtype: str",-1.2045901448413856,3.4570150883595043,AM
Liriodendron_chinense,Liriodendron,chinense,Magnoliaceae,Magnoliales,1.0,"<StringArray>
['Kong D, Ma C, Zhang Q, Li L, Chen X, Zeng H, Guo D. 2014. Leading dimensions in absorptive root trait variation across 96 subtropical forest species. New Phytologist 203: 863-872.', 'Chen W, Zeng H, Eissenstat DM, Guo D. 2013. Variation of first-order root traits across climatic gradients and evolutionary trends in geological time. Global Ecology and Biogeography 22: 846-856.']
Length: 2, dtype: str",-0.5832977551499219,3.0536237519697687,AM
Liriodendron_tulipifera,Liriodendron,tulipifera,Magnoliaceae,Magnoliales,1.0,"<StringArray>
[' Valverde-Barrantes OJ, Smemo KA, Blackwood CB. 2014. Fine root morphology is phylogenetically structured, but nitrogen is related to the plant economics spectrum in temperate trees. Functional Ecology 29: 796-807.',
                                                'McCormack ML, Adams TS, Smithwick EAH, Eissenstat DM. 2012. Predicting fine root lifespan from plant functional traits in temperate trees. New Phytologist 195:823-831.',
                                                   'Pregitzer KS, DeForest JL, Burton AJ, Allen MF, Ruess RW, Hendrick RL. 2002. Fine root architecture of nine North American trees. Ecological Monographs 72: 293-309.',
                                                                                                                                                                                           'Valverde et al (unpublished)']
Length: 4, dtype: str",-0.5541500314341674,2.4702260315786053,AM
Lithocarpus_chiungchungensis,Lithocarpus,chiungchungensis,Fagaceae,Fagales,1.0,"Kong D, Ma C, Zhang Q, Li L, Chen X, Zeng H, Guo D. 2014. Leading dimensions in absorptive root trait variation across 96 subtropical forest species. New Phytologist 203: 863-872.",-1.5162208307229663,4.326910252115215,EcM
Lithocarpus_cleistocarpus,Lithocarpus,cleistocarpus,Fagaceae,Fagales,1.0,"Wang R, Wang Q, Zhao N, Xu Z, Zhu X, Jiao C, Yu G, He N. 2018. Different phylogenetic and environmental controls of first-order root morphological and nutrient traits: Evidence of multidimensional root traits. Special Focus on Functional Traits Along A Transect 32(1): 29-39.",-1.294171072244085,4.231227348294458,EcM
Lithocarpus_clementianus,Lithocarpus,clementianus,Fagaceae,Fagales,,"Ushio M, Fujiki Y, Hidaka A, Kitayama K. 2015. Linkage of root physiology and morphology as an adaptation to soil phosphorus impoverishment in tropical montane forests. Functional Ecology 29: 1235-1245.",-0.8480481417779078,3.385169620584958,EcM
Lithocarpus_confertus,Lithocarpus,confertus,Fagaceae,Fagales,,"Ushio M, Fujiki Y, Hidaka A, Kitayama K. 2015. Linkage of root physiology and morphology as an adaptation to soil phosphorus impoverishment in tropical montane forests. Functional Ecology 29: 1235-1245.",-0.6655320135269719,3.01950739220476,EcM
Lithocarpus_fenestratus,Lithocarpus,fenestratus,Fagaceae,Fagales,1.0,"Chen W, Zeng H, Eissenstat DM, Guo D. 2013. Variation of first-order root traits across climatic gradients and evolutionary trends in geological time. Global Ecology and Biogeography 22: 846-856.",-0.5181440045736706,2.6272016132388893,EcM
Lithocarpus_lampadarius,Lithocarpus,lampadarius,Fagaceae,Fagales,,"Ushio M, Fujiki Y, Hidaka A, Kitayama K. 2015. Linkage of root physiology and morphology as an adaptation to soil phosphorus impoverishment in tropical montane forests. Functional Ecology 29: 1235-1245.",-0.6866682144622362,2.9859786108603728,EcM
Lithocarpus_rigidus,Lithocarpus,rigidus,Fagaceae,Fagales,,"Ushio M, Fujiki Y, Hidaka A, Kitayama K. 2015. Linkage of root physiology and morphology as an adaptation to soil phosphorus impoverishment in tropical montane forests. Functional Ecology 29: 1235-1245.",-0.5811586786118981,2.732385026117004,EcM
Litsea_baviensis,Litsea,baviensis,Lauraceae,Laurales,1.0,"Kong D, Ma C, Zhang Q, Li L, Chen X, Zeng H, Guo D. 2014. Leading dimensions in absorptive root trait variation across 96 subtropical forest species. New Phytologist 203: 863-872.",-0.3482250309360897,2.5664866367804238,AM
Litsea_cubeba,Litsea,cubeba,Lauraceae,Laurales,1.0,"Kong D, Ma C, Zhang Q, Li L, Chen X, Zeng H, Guo D. 2014. Leading dimensions in absorptive root trait variation across 96 subtropical forest species. New Phytologist 203: 863-872.",-0.9015745480384744,3.688629422858727,AM
Litsea_elongata,Litsea,elongata,Lauraceae,Laurales,1.0,"Wang R, Wang Q, Zhao N, Xu Z, Zhu X, Jiao C, Yu G, He N. 2018. Different phylogenetic and environmental controls of first-order root morphological and nutrient traits: Evidence of multidimensional root traits. Special Focus on Functional Traits Along A Transect 32(1): 29-39.",-1.1427732889689353,3.875894198777764,AM
Litsea_ichangensis,Litsea,ichangensis,Lauraceae,Laurales,1.0,"Wang R, Wang Q, Zhao N, Xu Z, Zhu X, Jiao C, Yu G, He N. 2018. Different phylogenetic and environmental controls of first-order root morphological and nutrient traits: Evidence of multidimensional root traits. Special Focus on Functional Traits Along A Transect 32(1): 29-39.",-0.9069903646768556,4.118515873267373,AM
Litsea_verticillata,Litsea,verticillata,Lauraceae,Laurales,1.0,"Kong D, Ma C, Zhang Q, Li L, Chen X, Zeng H, Guo D. 2014. Leading dimensions in absorptive root trait variation across 96 subtropical forest species. New Phytologist 203: 863-872.",-0.6474283949149995,2.746629683069685,AM
Lolium_multiflorum,Lolium,multiflorum,Poaceae,Poales,,"Roumet C, Lafont F, Sari M, Warembourg F, Garnier E. 2008. Root traits and taxonomic affiliation of nine herbaceous species grown in glasshouse conditions. Plant Soil 312:69-83. ",-1.0498221244986778,5.645446897643238,AM
Lolium_perenne,Lolium,perenne,Poaceae,Poales,,"<StringArray>
[                                                              'Fort F, Jouany C, Cruz P. 2013.Root and leaf functional trait relations in Poaceae species: implications of differing resource-acquisition strategies. Journal of Plant Ecology 6:211-219',
 'Roumet C, Birouste M, Picon-Cochard C, Ghestem M, Osman N, Vrignon-Brenas S, Cao K-F, Stokes A. 2016. Root structure-function relationships in 74 species: evidence of root economics spectrum related to carbon economy. New Phytologist 210: 815-826.',
                                                                                                                                                                                                                                 'Comas - Pasture species']
Length: 3, dtype: str",-1.419276794624461,5.380603529331644,AM
Lolium_rigidum,Lolium,rigidum,Poaceae,Poales,,"Hill JO, Simpson RJ, Moore AD, Chapman DF. 2006. Morphology and response of roots of pasture species to phosphorus and nitrogen nutrition. Plant and Soil 286: 7-19.",-1.6419560886563702,5.541041358744827,AM
Lomandra_filiformis,Lomandra,filiformis,Asparagaceae,Asparagales,,"Mokany K, Ash J. 2008. Are traits measured on pot grown plants representative of those in natural communities? Journal of Vegetation Science 19: 119-126.",-0.6635883783184009,3.1654750481410856,NMAM
Lonicera_chrysantha,Lonicera,chrysantha,Caprifoliaceae,Dipsacales,1.0,"Wang R, Wang Q, Zhao N, Xu Z, Zhu X, Jiao C, Yu G, He N. 2018. Different phylogenetic and environmental controls of first-order root morphological and nutrient traits: Evidence of multidimensional root traits. Special Focus on Functional Traits Along A Transect 32(1): 29-39.",-1.372292841484077,5.141958617938513,AM
Lonicera_maackii,Lonicera,maackii,Caprifoliaceae,Dipsacales,,"Caplan JS, Stone BWG, Faillace CA, Lafond JJ, Baumgarten JM, Mozdzer TJ, Dighton J, Meiners SJ, Grabosky JC, Ehrenfeld JG. 2017. Nutrient foraging strategies are associated with productivity and population growth in forest shrubs. Annals of Botany 119: 977-988.",-1.3618199759166192,3.417016919112529,AM
Loropetalum_chinense,Loropetalum,chinense,Hamamelidaceae,Saxifragales,,"Fu X, Wang J, Wang H, Dai X, Yang F, Zhao M. 2016. Response of the fine root production, phenology, and turnover rate of six shrub species from a subtropical forest to a soil moisture gradient and shading. Plant Soil 399: 135-146. ",-0.5621189181535413,4.51085950651685,AM
Lotus_corniculatus,Lotus,corniculatus,Fabaceae,Fabales,,"<StringArray>
[   'Yang Z, Culvenor RA, Haling RE, Stefanski A, Ryan MH, Sandral GA, Kidd DR, Lambers H, Simpson RJ. 2015. Variation in root traits associated with nutrient foraging among temperate legumes and grasses. Grass and Forage Science, early view article',
 'Roumet C, Birouste M, Picon-Cochard C, Ghestem M, Osman N, Vrignon-Brenas S, Cao K-F, Stokes A. 2016. Root structure-function relationships in 74 species: evidence of root economics spectrum related to carbon economy. New Phytologist 210: 815-826.',
                                                                 'Fort F, Volaire F, Guilioni L, Barkaoui K, Navas ML, Roumet C. 2017. Root traits are related to plant water-use among rangeland Mediterranean species. Functional Ecology 31: 1700-1709',
                                                                                                                                                                                                                                 'Comas - Pasture species']
Length: 4, dtype: str",-0.8220255618634535,5.007580493301723,AM
Lotus_tenuis,Lotus,tenuis,Fabaceae,Fabales,,"Roumet C, Lafont F, Sari M, Warembourg F, Garnier E. 2008. Root traits and taxonomic affiliation of nine herbaceous species grown in glasshouse conditions. Plant Soil 312:69-83. ",-0.6539264674066639,4.709530201312334,AM
Lupinus_perennis,Lupinus,perennis,Fabaceae,Fabales,,"Craine JM, Froehle J, Tilman DG, Wedin DA, Chapin FS. 2001. The relationships among root and leaf traits of 76 grassland species and relative abundance among fertility and disturbance gradients. Oikos 93: 274-285",-1.0788096613719298,4.762173934797756,NM
Luzula_sylvatica,Luzula,sylvatica,Juncaceae,Poales,,"Roumet C, Birouste M, Picon-Cochard C, Ghestem M, Osman N, Vrignon-Brenas S, Cao K-F, Stokes A. 2016. Root structure-function relationships in 74 species: evidence of root economics spectrum related to carbon economy. New Phytologist 210: 815-826.",-0.9493305859523552,4.280824129164719,NMAM
Lycopodium_volubile,Lycopodium,volubile,Lycopodiaceae,Lycopodiales,,"Holdaway RJ, Richardson SJ, Dickie IA, Peltzer DA, Coomes DA. 2011. Species- and community-level patterns in fine root traits along a 120 000-year soil chronosequence in temperate rain forest. Journal of Ecology 99: 954-963.",-0.8209805520698302,4.0163830207523885,NMAM
Lysimachia_nemorum,Lysimachia,nemorum,Primulaceae,Ericales,,"Roumet C, Birouste M, Picon-Cochard C, Ghestem M, Osman N, Vrignon-Brenas S, Cao K-F, Stokes A. 2016. Root structure-function relationships in 74 species: evidence of root economics spectrum related to carbon economy. New Phytologist 210: 815-826.",-0.7635696448564911,4.456206032848133,AM
Macaranga_sampsonii,Macaranga,sampsonii,Euphorbiaceae,Malpighiales,1.0,"<StringArray>
['Kong D, Ma C, Zhang Q, Li L, Chen X, Zeng H, Guo D. 2014. Leading dimensions in absorptive root trait variation across 96 subtropical forest species. New Phytologist 203: 863-872.', 'Chen W, Zeng H, Eissenstat DM, Guo D. 2013. Variation of first-order root traits across climatic gradients and evolutionary trends in geological time. Global Ecology and Biogeography 22: 846-856.']
Length: 2, dtype: str",-1.9736662040725328,4.72974804048834,AM
Machilus_breviflora,Machilus,breviflora,Lauraceae,Laurales,1.0,"<StringArray>
['Chen W, Zeng H, Eissenstat DM, Guo D. 2013. Variation of first-order root traits across climatic gradients and evolutionary trends in geological time. Global Ecology and Biogeography 22: 846-856.', 'Wang R, Wang Q, Zhao N, Xu Z, Zhu X, Jiao C, Yu G, He N. 2018. Different phylogenetic and environmental controls of first-order root morphological and nutrient traits: Evidence of multidimensional root traits. Special Focus on Functional Traits Along A Transect 32(1): 29-39.']
Length: 2, dtype: str",-0.5813032827187808,2.974972356176837,AM
Machilus_kwangtungensis,Machilus,kwangtungensis,Lauraceae,Laurales,1.0,"Kong D, Ma C, Zhang Q, Li L, Chen X, Zeng H, Guo D. 2014. Leading dimensions in absorptive root trait variation across 96 subtropical forest species. New Phytologist 203: 863-872.",-0.8534802654634799,3.475067230228611,AM
Machilus_nanmu,Machilus,nanmu,Lauraceae,Laurales,1.0,"Wang R, Wang Q, Zhao N, Xu Z, Zhu X, Jiao C, Yu G, He N. 2018. Different phylogenetic and environmental controls of first-order root morphological and nutrient traits: Evidence of multidimensional root traits. Special Focus on Functional Traits Along A Transect 32(1): 29-39.",-0.7322952643508026,3.344264745685408,AM
Machilus_oculodracontis,Machilus,oculodracontis,Lauraceae,Laurales,1.0,"Liu B, Li H, Zhu B, Koide RT, Eissenstat DM, Guo D. 2015. Complementarity between roots and AM fungi in nutrient foraging strategies. New Phytologist 208: 125-136.",-0.7550225842780328,3.3214324131932926,AM
Machilus_robusta,Machilus,robusta,Lauraceae,Laurales,1.0,"Kong D, Ma C, Zhang Q, Li L, Chen X, Zeng H, Guo D. 2014. Leading dimensions in absorptive root trait variation across 96 subtropical forest species. New Phytologist 203: 863-872.",-0.7361590711532363,2.8903717578961645,AM
Machilus_shweliensis,Machilus,shweliensis,Lauraceae,Laurales,1.0,"Chen W, Zeng H, Eissenstat DM, Guo D. 2013. Variation of first-order root traits across climatic gradients and evolutionary trends in geological time. Global Ecology and Biogeography 22: 846-856.",-0.9159902970092292,3.615475080530524,AM
Machilus_velutina,Machilus,velutina,Lauraceae,Laurales,1.0,"Kong D, Ma C, Zhang Q, Li L, Chen X, Zeng H, Guo D. 2014. Leading dimensions in absorptive root trait variation across 96 subtropical forest species. New Phytologist 203: 863-872.",-0.7905174809562218,3.0809921175048145,AM
Macropanax_undulatus,Macropanax,undulatus,Araliaceae,Apiales,1.0,"Kong D, Ma C, Zhang Q, Li L, Chen X, Zeng H, Guo D. 2014. Leading dimensions in absorptive root trait variation across 96 subtropical forest species. New Phytologist 203: 863-872.",-1.3329431856228962,3.3568971227655755,AM
Madhuca_endertii,Madhuca,endertii,Sapotaceae,Ericales,,"Ushio M, Fujiki Y, Hidaka A, Kitayama K. 2015. Linkage of root physiology and morphology as an adaptation to soil phosphorus impoverishment in tropical montane forests. Functional Ecology 29: 1235-1245.",-0.2275281496320338,2.199416617504179,AM
Magnolia_acuminata,Magnolia,acuminata,Magnoliaceae,Magnoliales,1.0,"<StringArray>
[' Valverde-Barrantes OJ, Smemo KA, Blackwood CB. 2014. Fine root morphology is phylogenetically structured, but nitrogen is related to the plant economics spectrum in temperate trees. Functional Ecology 29: 796-807.', 'Valverde et al (unpublished)']
Length: 2, dtype: str",-0.6130406749215425,2.5162880457595,AM
Magnolia_baillonii,Magnolia,baillonii,Magnoliaceae,Magnoliales,1.0,"<StringArray>
['Kong D, Ma C, Zhang Q, Li L, Chen X, Zeng H, Guo D. 2014. Leading dimensions in absorptive root trait variation across 96 subtropical forest species. New Phytologist 203: 863-872.', 'Kong DL, Wang JJ, Kardol P, Wu HF, Zeng H, Deng XB, Deng Y. 2016. Economic strategies of plant absorptive roots vary with root diameter. Biogeosciences 13: 415-424.']
Length: 2, dtype: str",-0.5538201153388461,2.9616582932202395,AM
Magnolia_balansae,Magnolia,balansae,Magnoliaceae,Magnoliales,1.0,"Kong D, Ma C, Zhang Q, Li L, Chen X, Zeng H, Guo D. 2014. Leading dimensions in absorptive root trait variation across 96 subtropical forest species. New Phytologist 203: 863-872.",-0.5446582123024426,3.003700443203168,AM
Magnolia_carsonii,Magnolia,carsonii,Magnoliaceae,Magnoliales,,"Ushio M, Fujiki Y, Hidaka A, Kitayama K. 2015. Linkage of root physiology and morphology as an adaptation to soil phosphorus impoverishment in tropical montane forests. Functional Ecology 29: 1235-1245.",-0.1619308671462205,2.520012337312146,AM
Magnolia_cavaleriei,Magnolia,cavaleriei,Magnoliaceae,Magnoliales,1.0,"Kong D, Ma C, Zhang Q, Li L, Chen X, Zeng H, Guo D. 2014. Leading dimensions in absorptive root trait variation across 96 subtropical forest species. New Phytologist 203: 863-872.",-0.2978536277732773,2.734367509419584,AM
Magnolia_champaca,Magnolia,champaca,Magnoliaceae,Magnoliales,1.0,"Kong D, Ma C, Zhang Q, Li L, Chen X, Zeng H, Guo D. 2014. Leading dimensions in absorptive root trait variation across 96 subtropical forest species. New Phytologist 203: 863-872.",-0.7689057449610968,2.990719731730447,AM
Magnolia_championii,Magnolia,championii,Magnoliaceae,Magnoliales,1.0,"Chen W, Zeng H, Eissenstat DM, Guo D. 2013. Variation of first-order root traits across climatic gradients and evolutionary trends in geological time. Global Ecology and Biogeography 22: 846-856.",-0.6106459590482015,3.4469034297516927,AM
Magnolia_chapensis,Magnolia,chapensis,Magnoliaceae,Magnoliales,1.0,"<StringArray>
['Kong D, Ma C, Zhang Q, Li L, Chen X, Zeng H, Guo D. 2014. Leading dimensions in absorptive root trait variation across 96 subtropical forest species. New Phytologist 203: 863-872.', 'Wang R, Wang Q, Zhao N, Xu Z, Zhu X, Jiao C, Yu G, He N. 2018. Different phylogenetic and environmental controls of first-order root morphological and nutrient traits: Evidence of multidimensional root traits. Special Focus on Functional Traits Along A Transect 32(1): 29-39.']
Length: 2, dtype: str",-0.4996109934663938,3.1461840358843185,AM
Magnolia_dandyi,Magnolia,dandyi,Magnoliaceae,Magnoliales,1.0,"Kong D, Ma C, Zhang Q, Li L, Chen X, Zeng H, Guo D. 2014. Leading dimensions in absorptive root trait variation across 96 subtropical forest species. New Phytologist 203: 863-872.",-0.4720857954500601,2.872999508171694,AM
Magnolia_denudata,Magnolia,denudata,Magnoliaceae,Magnoliales,1.0,"<StringArray>
[' Valverde-Barrantes OJ, Smemo KA, Blackwood CB. 2014. Fine root morphology is phylogenetically structured, but nitrogen is related to the plant economics spectrum in temperate trees. Functional Ecology 29: 796-807.', 'Valverde et al (unpublished)']
Length: 2, dtype: str",-0.6998722331194441,3.0397837995191,AM
Magnolia_ernestii,Magnolia,ernestii,Magnoliaceae,Magnoliales,1.0,"<StringArray>
['Kong D, Ma C, Zhang Q, Li L, Chen X, Zeng H, Guo D. 2014. Leading dimensions in absorptive root trait variation across 96 subtropical forest species. New Phytologist 203: 863-872.', 'Chen W, Zeng H, Eissenstat DM, Guo D. 2013. Variation of first-order root traits across climatic gradients and evolutionary trends in geological time. Global Ecology and Biogeography 22: 846-856.']
Length: 2, dtype: str",-0.3000178462129018,2.7662562141665723,AM
Magnolia_fulva,Magnolia,fulva,Magnoliaceae,Magnoliales,1.0,"Kong D, Ma C, Zhang Q, Li L, Chen X, Zeng H, Guo D. 2014. Leading dimensions in absorptive root trait variation across 96 subtropical forest species. New Phytologist 203: 863-872.",-0.4093677133754316,2.9647574692545606,AM
Magnolia_grandiflora,Magnolia,grandiflora,Magnoliaceae,Magnoliales,1.0,"<StringArray>
['Kong D, Ma C, Zhang Q, Li L, Chen X, Zeng H, Guo D. 2014. Leading dimensions in absorptive root trait variation across 96 subtropical forest species. New Phytologist 203: 863-872.', 'Valverde et al (unpublished)']
Length: 2, dtype: str",-1.041747653810314,2.242304162109116,AM
Magnolia_kobus,Magnolia,kobus,Magnoliaceae,Magnoliales,1.0,"<StringArray>
[' Valverde-Barrantes OJ, Smemo KA, Blackwood CB. 2014. Fine root morphology is phylogenetically structured, but nitrogen is related to the plant economics spectrum in temperate trees. Functional Ecology 29: 796-807.', 'Valverde et al (unpublished)']
Length: 2, dtype: str",-0.8268555031213605,3.3077062234344843,AM
Magnolia_lotungensis,Magnolia,lotungensis,Magnoliaceae,Magnoliales,1.0,"Kong D, Ma C, Zhang Q, Li L, Chen X, Zeng H, Guo D. 2014. Leading dimensions in absorptive root trait variation across 96 subtropical forest species. New Phytologist 203: 863-872.",-0.3611850994166184,2.485739636091892,AM
Magnolia_macclurei,Magnolia,macclurei,Magnoliaceae,Magnoliales,1.0,"<StringArray>
['Kong D, Ma C, Zhang Q, Li L, Chen X, Zeng H, Guo D. 2014. Leading dimensions in absorptive root trait variation across 96 subtropical forest species. New Phytologist 203: 863-872.', 'Chen W, Zeng H, Eissenstat DM, Guo D. 2013. Variation of first-order root traits across climatic gradients and evolutionary trends in geological time. Global Ecology and Biogeography 22: 846-856.']
Length: 2, dtype: str",-0.6534563394725827,3.1094353932159864,AM
Magnolia_macrophylla,Magnolia,macrophylla,Magnoliaceae,Magnoliales,1.0,Valverde et al (unpublished),-1.6124218098313137,2.5572273113676265,AM
Magnolia_maudiae,Magnolia,maudiae,Magnoliaceae,Magnoliales,1.0,"<StringArray>
[                                                                                                'Kong D, Ma C, Zhang Q, Li L, Chen X, Zeng H, Guo D. 2014. Leading dimensions in absorptive root trait variation across 96 subtropical forest species. New Phytologist 203: 863-872.',
                                                                                 'Chen W, Zeng H, Eissenstat DM, Guo D. 2013. Variation of first-order root traits across climatic gradients and evolutionary trends in geological time. Global Ecology and Biogeography 22: 846-856.',
 'Wang R, Wang Q, Zhao N, Xu Z, Zhu X, Jiao C, Yu G, He N. 2018. Different phylogenetic and environmental controls of first-order root morphological and nutrient traits: Evidence of multidimensional root traits. Special Focus on Functional Traits Along A Transect 32(1): 29-39.']
Length: 3, dtype: str",-0.505556198273215,3.027932160786292,AM
Magnolia_odora,Magnolia,odora,Magnoliaceae,Magnoliales,1.0,"<StringArray>
[                                                                                    'Xiong D, Huang J, Yang Z, Lu Z, Chen G, Yang Y. 2012. Fine root architecture and morphology among different branch orders of six subtropical tree species. Acta Ecologica Sinica 32: 1888-1897.',
                                                                                                 'Kong D, Ma C, Zhang Q, Li L, Chen X, Zeng H, Guo D. 2014. Leading dimensions in absorptive root trait variation across 96 subtropical forest species. New Phytologist 203: 863-872.',
                                                                                 'Chen W, Zeng H, Eissenstat DM, Guo D. 2013. Variation of first-order root traits across climatic gradients and evolutionary trends in geological time. Global Ecology and Biogeography 22: 846-856.',
 'Wang R, Wang Q, Zhao N, Xu Z, Zhu X, Jiao C, Yu G, He N. 2018. Different phylogenetic and environmental controls of first-order root morphological and nutrient traits: Evidence of multidimensional root traits. Special Focus on Functional Traits Along A Transect 32(1): 29-39.']
Length: 4, dtype: str",-0.5681852001907166,3.013179113823393,AM
Magnolia_opipara,Magnolia,opipara,Magnoliaceae,Magnoliales,1.0,"Kong D, Ma C, Zhang Q, Li L, Chen X, Zeng H, Guo D. 2014. Leading dimensions in absorptive root trait variation across 96 subtropical forest species. New Phytologist 203: 863-872.",-0.5746888174329436,2.539236994333048,AM
Magnolia_stellata,Magnolia,stellata,Magnoliaceae,Magnoliales,1.0,"<StringArray>
[' Valverde-Barrantes OJ, Smemo KA, Blackwood CB. 2014. Fine root morphology is phylogenetically structured, but nitrogen is related to the plant economics spectrum in temperate trees. Functional Ecology 29: 796-807.', 'Valverde et al (unpublished)']
Length: 2, dtype: str",-0.8363605843814319,3.439265294378326,AM
Magnolia_tripetala,Magnolia,tripetala,Magnoliaceae,Magnoliales,1.0,"<StringArray>
[' Valverde-Barrantes OJ, Smemo KA, Blackwood CB. 2014. Fine root morphology is phylogenetically structured, but nitrogen is related to the plant economics spectrum in temperate trees. Functional Ecology 29: 796-807.', 'Valverde et al (unpublished)']
Length: 2, dtype: str",-0.6780381096103252,2.890204449456444,AM
Magnolia_virginiana,Magnolia,virginiana,Magnoliaceae,Magnoliales,1.0,Valverde et al (unpublished),-2.2178719549334867,3.0022112396517,AM
Magnolia_yunnanensis,Magnolia,yunnanensis,Magnoliaceae,Magnoliales,1.0,"Kong D, Ma C, Zhang Q, Li L, Chen X, Zeng H, Guo D. 2014. Leading dimensions in absorptive root trait variation across 96 subtropical forest species. New Phytologist 203: 863-872.",-0.3274768169962273,2.847232265235547,AM
Magnolia_yuyuanensis,Magnolia,yuyuanensis,Magnoliaceae,Magnoliales,1.0,"Liu B, Li H, Zhu B, Koide RT, Eissenstat DM, Guo D. 2015. Complementarity between roots and AM fungi in nutrient foraging strategies. New Phytologist 208: 125-136.",-0.6733445532637656,3.5779478934066544,AM
Mallotus_paniculatus,Mallotus,paniculatus,Euphorbiaceae,Malpighiales,1.0,"Wang R, Wang Q, Zhao N, Xu Z, Zhu X, Jiao C, Yu G, He N. 2018. Different phylogenetic and environmental controls of first-order root morphological and nutrient traits: Evidence of multidimensional root traits. Special Focus on Functional Traits Along A Transect 32(1): 29-39.",-1.4447712908788664,4.575959027819343,AM
Malus_baccata,Malus,baccata,Rosaceae,Rosales,1.0,"Chen W, Zeng H, Eissenstat DM, Guo D. 2013. Variation of first-order root traits across climatic gradients and evolutionary trends in geological time. Global Ecology and Biogeography 22: 846-856.",-1.4443581616398693,4.268713712142645,AM
Malus_domestica,Malus,domestica,Rosaceae,Rosales,1.0,"Lavely EL, Chen W, Peterson KA, Klodd AE, Volder E, Marini RP, Eissenstat D. 2020. On characterizing root function in perennial horticultural crops. American Journal of Botany",-1.6901058155015551,4.032426399670245,AM
Manglietia_paruicula,Manglietia,paruicula,Magnoliaceae,Magnoliales,1.0,"Kong D, Ma C, Zhang Q, Li L, Chen X, Zeng H, Guo D. 2014. Leading dimensions in absorptive root trait variation across 96 subtropical forest species. New Phytologist 203: 863-872.",-0.6853972886998859,3.0828269804049246,AM
Manoao_colensoi,Manoao,colensoi,Podocarpaceae,Pinales,,"Holdaway RJ, Richardson SJ, Dickie IA, Peltzer DA, Coomes DA. 2011. Species- and community-level patterns in fine root traits along a 120 000-year soil chronosequence in temperate rain forest. Journal of Ecology 99: 954-963.",-0.7550225842780328,2.9391619220655967,AM
Matteuccia_struthiopteris,Matteuccia,struthiopteris,Onocleaceae,Polypodiales,1.0,"<StringArray>
['Dong X, Wang H, Gu J, Wang Y, Wang Z. 2014. Root morphology, histology and chemistry of nine fern species (pteridophyta) in a temperate forest. Plant Soil 393: 215-227.', 'Wang R, Wang Q, Zhao N, Xu Z, Zhu X, Jiao C, Yu G, He N. 2018. Different phylogenetic and environmental controls of first-order root morphological and nutrient traits: Evidence of multidimensional root traits. Special Focus on Functional Traits Along A Transect 32(1): 29-39.']
Length: 2, dtype: str",-1.3744473706573064,5.184337650070223,AM
Maytenus_arbutifolia,Maytenus,arbutifolia,Celastraceae,Celastrales,,"Assefa D, Godbold DL, Belay B, Abiya A, Rewald B. 2018. Fine root morphology, biochemistry and litter quality indices of fast- and slow-growing woody species in Ethiopian highland forest. Ecosystems 21: 482-494.",-0.6539264674066639,2.7650604558189897,AM
Maytenus_schippii,Maytenus,schippii,Celastraceae,Celastrales,,"Collins CG, Wright SJ, Wurzburger N. 2016. Root and leaf traits reflect distinct resource acquisition strategies in tropical lianas and trees. Oecologia 180: 1037-1047.",-0.2953600434446612,1.9193782260458545,AM
Medicago_minima,Medicago,minima,Fabaceae,Fabales,,"<StringArray>
[                                                                    'Birouste M, Kazakou E, Blanchard A, Roumet C. 2012. Plant traits and decomposition: are the relationships for roots comparable to those for leaves? Annals of Botany 109: 463-472. ',
                                                                      'Roumet C, Lafont F, Sari M, Warembourg F, Garnier E. 2008. Root traits and taxonomic affiliation of nine herbaceous species grown in glasshouse conditions. Plant Soil 312:69-83. ',
 'Roumet C, Birouste M, Picon-Cochard C, Ghestem M, Osman N, Vrignon-Brenas S, Cao K-F, Stokes A. 2016. Root structure-function relationships in 74 species: evidence of root economics spectrum related to carbon economy. New Phytologist 210: 815-826.']
Length: 3, dtype: str",-1.2006450142332614,5.35413043136725,AM
Medicago_ruthenica,Medicago,ruthenica,Fabaceae,Fabales,,"Zhou M, Wang J, Bai W, Zhang Y, Zhang W-H. 2019. The response of root traits to precipitation change of herbaceous species in temperate steppes. Functional Ecology, in press.",-1.3470736479666092,4.18920009323478,AM
Medicago_sativa,Medicago,sativa,Fabaceae,Fabales,,"<StringArray>
['Yang Z, Culvenor RA, Haling RE, Stefanski A, Ryan MH, Sandral GA, Kidd DR, Lambers H, Simpson RJ. 2015. Variation in root traits associated with nutrient foraging among temperate legumes and grasses. Grass and Forage Science, early view article', 'Comas - Pasture species']
Length: 2, dtype: str",-1.1085270226048554,5.505876391130344,AM
Melicope_pteleifolia,Melicope,pteleifolia,Rutaceae,Sapindales,1.0,"Kong D, Ma C, Zhang Q, Li L, Chen X, Zeng H, Guo D. 2014. Leading dimensions in absorptive root trait variation across 96 subtropical forest species. New Phytologist 203: 863-872.",-1.3705391291753843,4.576667825515379,AM
Melicytus_ramiflorus,Melicytus,ramiflorus,Violaceae,Malpighiales,,"<StringArray>
['Holdaway RJ, Richardson SJ, Dickie IA, Peltzer DA, Coomes DA. 2011. Species- and community-level patterns in fine root traits along a 120 000-year soil chronosequence in temperate rain forest. Journal of Ecology 99: 954-963.', 'Kramer-Walter KR, Bellingham PJ, Millar TR, Smissen RD, Richardson SJ, Laughlin DC. 2016. Root traits are multidimensional: specific root length is independent from root tissue density and the plant economic spectrum. Journal of Ecology 104: 1299-1310.']
Length: 2, dtype: str",-0.7467765347450437,4.038309379748019,AM
Melilotus_officinalis,Melilotus,officinalis,Fabaceae,Fabales,,"Craine JM, Froehle J, Tilman DG, Wedin DA, Chapin FS. 2001. The relationships among root and leaf traits of 76 grassland species and relative abundance among fertility and disturbance gradients. Oikos 93: 274-285",-1.2378743560016174,4.605170185988092,AM
Memecylon_nigrescens,Memecylon,nigrescens,Melastomataceae,Myrtales,1.0,"Chen W, Zeng H, Eissenstat DM, Guo D. 2013. Variation of first-order root traits across climatic gradients and evolutionary trends in geological time. Global Ecology and Biogeography 22: 846-856.",-1.5957335476830126,4.477906235168379,AM
Merremia_umbellata,Merremia,umbellata,Convolvulaceae,Solanales,,"Roumet C, Birouste M, Picon-Cochard C, Ghestem M, Osman N, Vrignon-Brenas S, Cao K-F, Stokes A. 2016. Root structure-function relationships in 74 species: evidence of root economics spectrum related to carbon economy. New Phytologist 210: 815-826.",-0.6500876910994983,3.455685566946225,AM
Metrosideros_diffusa,Metrosideros,diffusa,Myrtaceae,Myrtales,,"Holdaway RJ, Richardson SJ, Dickie IA, Peltzer DA, Coomes DA. 2011. Species- and community-level patterns in fine root traits along a 120 000-year soil chronosequence in temperate rain forest. Journal of Ecology 99: 954-963.",-1.7719568419318752,4.439115601658009,AM
Metrosideros_excelsa,Metrosideros,excelsa,Myrtaceae,Myrtales,,"Kramer-Walter KR, Bellingham PJ, Millar TR, Smissen RD, Richardson SJ, Laughlin DC. 2016. Root traits are multidimensional: specific root length is independent from root tissue density and the plant economic spectrum. Journal of Ecology 104: 1299-1310.",-0.7215809492224928,3.1890902893846174,AM
Metrosideros_fulgens,Metrosideros,fulgens,Myrtaceae,Myrtales,,"Holdaway RJ, Richardson SJ, Dickie IA, Peltzer DA, Coomes DA. 2011. Species- and community-level patterns in fine root traits along a 120 000-year soil chronosequence in temperate rain forest. Journal of Ecology 99: 954-963.",-1.6607312068216509,4.33729074083249,AM
Metrosideros_robusta,Metrosideros,robusta,Myrtaceae,Myrtales,,"Kramer-Walter KR, Bellingham PJ, Millar TR, Smissen RD, Richardson SJ, Laughlin DC. 2016. Root traits are multidimensional: specific root length is independent from root tissue density and the plant economic spectrum. Journal of Ecology 104: 1299-1310.",-0.8516740887881828,3.862291693623184,AM
Metrosideros_umbellata,Metrosideros,umbellata,Myrtaceae,Myrtales,,"<StringArray>
['Holdaway RJ, Richardson SJ, Dickie IA, Peltzer DA, Coomes DA. 2011. Species- and community-level patterns in fine root traits along a 120 000-year soil chronosequence in temperate rain forest. Journal of Ecology 99: 954-963.', 'Kramer-Walter KR, Bellingham PJ, Millar TR, Smissen RD, Richardson SJ, Laughlin DC. 2016. Root traits are multidimensional: specific root length is independent from root tissue density and the plant economic spectrum. Journal of Ecology 104: 1299-1310.']
Length: 2, dtype: str",-1.0356374895067213,3.4657359027997265,AM
Microcos_paniculata,Microcos,paniculata,Malvaceae,Malvales,1.0,"Kong D, Ma C, Zhang Q, Li L, Chen X, Zeng H, Guo D. 2014. Leading dimensions in absorptive root trait variation across 96 subtropical forest species. New Phytologist 203: 863-872.",-2.1468642179972703,4.748231028828744,AM
Microtropis_discolor,Microtropis,discolor,Celastraceae,Celastrales,1.0,"Kong D, Ma C, Zhang Q, Li L, Chen X, Zeng H, Guo D. 2014. Leading dimensions in absorptive root trait variation across 96 subtropical forest species. New Phytologist 203: 863-872.",-0.7789447490587033,4.376888456817758,AM
Millettia_leptobotrya,Millettia,leptobotrya,Fabaceae,Fabales,1.0,"Kong D, Ma C, Zhang Q, Li L, Chen X, Zeng H, Guo D. 2014. Leading dimensions in absorptive root trait variation across 96 subtropical forest species. New Phytologist 203: 863-872.",-1.0741733667910915,3.2433732964685884,AM
Molinia_caerulea,Molinia,caerulea,Poaceae,Poales,,"Smith SW, Woodin SJ, Pakeman RJ, Johnson D, van der Wal R. 2014. Root traits predict decomposition across a landscape-scale grazing experiment. New Phytologist 203: 851-862.",-1.2378743560016174,3.332025922800857,AM
Monarda_fistulosa,Monarda,fistulosa,Lamiaceae,Lamiales,,"Craine JM, Froehle J, Tilman DG, Wedin DA, Chapin FS. 2001. The relationships among root and leaf traits of 76 grassland species and relative abundance among fertility and disturbance gradients. Oikos 93: 274-285",-1.171182981502945,4.795790545596741,AM
Musineon_divaricatum,Musineon,divaricatum,Apiaceae,Apiales,,"Kembel SW, Cahill JF, Jr. 2011. Independent Evolution of Leaf and Root Traits within and among Temperate Grassland Plant Communities. PLoS ONE 6(6): e19992.",-0.6659211943063538,3.5699012105435526,AM
Myrsine_coriacea,Myrsine,coriacea,Primulaceae,Ericales,,"Kramer-Walter KR, Bellingham PJ, Millar TR, Smissen RD, Richardson SJ, Laughlin DC. 2016. Root traits are multidimensional: specific root length is independent from root tissue density and the plant economic spectrum. Journal of Ecology 104: 1299-1310.",-0.7367508180420773,3.3762833229293965,AM
Myrsine_seguinii,Myrsine,seguinii,Primulaceae,Ericales,1.0,"Chen W, Zeng H, Eissenstat DM, Guo D. 2013. Variation of first-order root traits across climatic gradients and evolutionary trends in geological time. Global Ecology and Biogeography 22: 846-856.",-1.264814462401369,4.033761541634073,AM
Myrtus_communis,Myrtus,communis,Myrtaceae,Myrtales,,"de la Riva, Navarro-Fernandez, Perez-Ramos, Villar, Maranon. Unpublished.",-0.8600876353155976,2.3155834521037053,AM
Mytilaria_laosensis,Mytilaria,laosensis,Hamamelidaceae,Saxifragales,,"Liu R, Huang Z, McCormack ML, Zhou X, Wan X, Yu Z, Wang M, Zheng L. 2017. Plasticity of fine-root functional traits in the litter layer in response to nitrogen addition in a subtropical forest plantation. Plant Soil 415: 317-330",-0.916290731874155,3.7524409356036807,AM
Nabalus_tatarinowii,Nabalus,tatarinowii,Asteraceae,Asterales,1.0,"Wang R, Wang Q, Zhao N, Xu Z, Zhu X, Jiao C, Yu G, He N. 2018. Different phylogenetic and environmental controls of first-order root morphological and nutrient traits: Evidence of multidimensional root traits. Special Focus on Functional Traits Along A Transect 32(1): 29-39.",-1.723727058836228,5.837122182327003,AM
Nardus_stricta,Nardus,stricta,Poaceae,Poales,,"<StringArray>
['Smith SW, Woodin SJ, Pakeman RJ, Johnson D, van der Wal R. 2014. Root traits predict decomposition across a landscape-scale grazing experiment. New Phytologist 203: 851-862.', 'Roumet C, Birouste M, Picon-Cochard C, Ghestem M, Osman N, Vrignon-Brenas S, Cao K-F, Stokes A. 2016. Root structure-function relationships in 74 species: evidence of root economics spectrum related to carbon economy. New Phytologist 210: 815-826.']
Length: 2, dtype: str",-1.1530684744641684,3.6251406131469297,AM
Nassella_viridula,Nassella,viridula,Poaceae,Poales,,"Kembel SW, Cahill JF, Jr. 2011. Independent Evolution of Leaf and Root Traits within and among Temperate Grassland Plant Communities. PLoS ONE 6(6): e19992.",-1.4407505469159494,4.005383297618432,AM
Neolitsea_phanerophlebia,Neolitsea,phanerophlebia,Lauraceae,Laurales,1.0,"Liu B, Li H, Zhu B, Koide RT, Eissenstat DM, Guo D. 2015. Complementarity between roots and AM fungi in nutrient foraging strategies. New Phytologist 208: 125-136.",-0.6539264674066639,3.605497845174885,AM
Neomyrtus_pedunculata,Neomyrtus,pedunculata,Myrtaceae,Myrtales,,"Holdaway RJ, Richardson SJ, Dickie IA, Peltzer DA, Coomes DA. 2011. Species- and community-level patterns in fine root traits along a 120 000-year soil chronosequence in temperate rain forest. Journal of Ecology 99: 954-963.",-1.5606477482646683,3.744787086052232,AM
Neopanax_arboreus,Neopanax,arboreus,Araliaceae,Apiales,,"Kramer-Walter KR, Bellingham PJ, Millar TR, Smissen RD, Richardson SJ, Laughlin DC. 2016. Root traits are multidimensional: specific root length is independent from root tissue density and the plant economic spectrum. Journal of Ecology 104: 1299-1310.",-0.2453709015909429,2.884487803959676,AM
Neopanax_colensoi,Neopanax,colensoi,Araliaceae,Apiales,,"Holdaway RJ, Richardson SJ, Dickie IA, Peltzer DA, Coomes DA. 2011. Species- and community-level patterns in fine root traits along a 120 000-year soil chronosequence in temperate rain forest. Journal of Ecology 99: 954-963.",-0.8209805520698302,3.104586678466073,AM
Nephelium_lappaceum,Nephelium,lappaceum,Sapindaceae,Sapindales,1.0,"Kong D, Ma C, Zhang Q, Li L, Chen X, Zeng H, Guo D. 2014. Leading dimensions in absorptive root trait variation across 96 subtropical forest species. New Phytologist 203: 863-872.",-1.839794918266612,4.068171687918078,AM
Nerium_oleander,Nerium,oleander,Apocynaceae,Gentianales,,"de la Riva, Navarro-Fernandez, Perez-Ramos, Villar, Maranon. Unpublished.",-0.7908886461457182,2.651735308339481,AM
Nestegis_lanceolata,Nestegis,lanceolata,Oleaceae,Lamiales,,"Kramer-Walter KR, Bellingham PJ, Millar TR, Smissen RD, Richardson SJ, Laughlin DC. 2016. Root traits are multidimensional: specific root length is independent from root tissue density and the plant economic spectrum. Journal of Ecology 104: 1299-1310.",-0.2947616188617465,2.3945741502437707,AM
Nothofagus_fusca,Nothofagus,fusca,Nothofagaceae,Fagales,,"Kramer-Walter KR, Bellingham PJ, Millar TR, Smissen RD, Richardson SJ, Laughlin DC. 2016. Root traits are multidimensional: specific root length is independent from root tissue density and the plant economic spectrum. Journal of Ecology 104: 1299-1310.",-1.1821705436429355,4.035806379416535,EcM
Nothofagus_menziesii,Nothofagus,menziesii,Nothofagaceae,Fagales,,"Kramer-Walter KR, Bellingham PJ, Millar TR, Smissen RD, Richardson SJ, Laughlin DC. 2016. Root traits are multidimensional: specific root length is independent from root tissue density and the plant economic spectrum. Journal of Ecology 104: 1299-1310.",-1.1839523358351252,3.790391538575778,EcM
Nothofagus_obliqua,Nothofagus,obliqua,Nothofagaceae,Fagales,,"Kramer-Walter KR, Bellingham PJ, Millar TR, Smissen RD, Richardson SJ, Laughlin DC. 2016. Root traits are multidimensional: specific root length is independent from root tissue density and the plant economic spectrum. Journal of Ecology 104: 1299-1310.",-1.0216512475319814,3.5667118201397288,EcM
Nothofagus_solandri,Nothofagus,solandri,Nothofagaceae,Fagales,,"Kramer-Walter KR, Bellingham PJ, Millar TR, Smissen RD, Richardson SJ, Laughlin DC. 2016. Root traits are multidimensional: specific root length is independent from root tissue density and the plant economic spectrum. Journal of Ecology 104: 1299-1310.",-1.4407505469159494,4.601569864094061,EcM
Nyssa_aquatica,Nyssa,aquatica,Cornaceae,Cornales,1.0,Valverde et al (unpublished),-1.7146544384589315,2.608107083328578,AM
Nyssa_sylvatica,Nyssa,sylvatica,Cornaceae,Cornales,1.0," Valverde-Barrantes OJ, Smemo KA, Blackwood CB. 2014. Fine root morphology is phylogenetically structured, but nitrogen is related to the plant economics spectrum in temperate trees. Functional Ecology 29: 796-807.",-0.1297291104698504,2.6080681658227656,AM
Ocotea_lancifolia,Ocotea,lancifolia,Lauraceae,Laurales,1.0,"<StringArray>
['Kong D, Ma C, Zhang Q, Li L, Chen X, Zeng H, Guo D. 2014. Leading dimensions in absorptive root trait variation across 96 subtropical forest species. New Phytologist 203: 863-872.', 'Chen W, Zeng H, Eissenstat DM, Guo D. 2013. Variation of first-order root traits across climatic gradients and evolutionary trends in geological time. Global Ecology and Biogeography 22: 846-856.']
Length: 2, dtype: str",-1.053227209511861,3.52542448828846,AM
Oenothera_biennis,Oenothera,biennis,Onagraceae,Myrtales,,"Craine JM, Froehle J, Tilman DG, Wedin DA, Chapin FS. 2001. The relationships among root and leaf traits of 76 grassland species and relative abundance among fertility and disturbance gradients. Oikos 93: 274-285",-1.1394342831883648,4.553876891600541,AM
Olea_europaea,Olea,europaea,Oleaceae,Lamiales,,"Polverigiani S, McCormack ML, Mueller CW, Eissenstat DM. 2011. Growth and physiology of olive pioneer and fibrous roots exposed to soil moisture deficits. Tree Physiology 31: 1228-1237.",-0.4155154439616658,2.4097725102789664,AM
Olea_rosea,Olea,rosea,Oleaceae,Lamiales,1.0,"Kong D, Ma C, Zhang Q, Li L, Chen X, Zeng H, Guo D. 2014. Leading dimensions in absorptive root trait variation across 96 subtropical forest species. New Phytologist 203: 863-872.",-0.9304910812752964,3.364187556028255,AM
Olearia_avicenniaefolia,Olearia,avicenniaefolia,Asteraceae,Asterales,,"Holdaway RJ, Richardson SJ, Dickie IA, Peltzer DA, Coomes DA. 2011. Species- and community-level patterns in fine root traits along a 120 000-year soil chronosequence in temperate rain forest. Journal of Ecology 99: 954-963.",-0.7339691750802004,2.9856819377004897,AM
Olearia_rani,Olearia,rani,Asteraceae,Asterales,,"Kramer-Walter KR, Bellingham PJ, Millar TR, Smissen RD, Richardson SJ, Laughlin DC. 2016. Root traits are multidimensional: specific root length is independent from root tissue density and the plant economic spectrum. Journal of Ecology 104: 1299-1310.",-0.6216951131533057,3.80891799302419,AM
Onoclea_sensibilis,Onoclea,sensibilis,Onocleaceae,Polypodiales,1.0,"Dong X, Wang H, Gu J, Wang Y, Wang Z. 2014. Root morphology, histology and chemistry of nine fern species (pteridophyta) in a temperate forest. Plant Soil 393: 215-227.",-1.3859732726743033,4.997815198049815,AM
Oreocnide_frutescens,Oreocnide,frutescens,Urticaceae,Rosales,1.0,"Wang R, Wang Q, Zhao N, Xu Z, Zhu X, Jiao C, Yu G, He N. 2018. Different phylogenetic and environmental controls of first-order root morphological and nutrient traits: Evidence of multidimensional root traits. Special Focus on Functional Traits Along A Transect 32(1): 29-39.",-1.4304552569056603,4.544155511736094,NMAM
Ornithopus_compressus,Ornithopus,compressus,Fabaceae,Fabales,,"Yang Z, Culvenor RA, Haling RE, Stefanski A, Ryan MH, Sandral GA, Kidd DR, Lambers H, Simpson RJ. 2015. Variation in root traits associated with nutrient foraging among temperate legumes and grasses. Grass and Forage Science, early view article",-1.288688645348188,5.5812293835404105,AM
Ornithopus_sativus,Ornithopus,sativus,Fabaceae,Fabales,,"Yang Z, Culvenor RA, Haling RE, Stefanski A, Ryan MH, Sandral GA, Kidd DR, Lambers H, Simpson RJ. 2015. Variation in root traits associated with nutrient foraging among temperate legumes and grasses. Grass and Forage Science, early view article",-1.3290938140564474,5.704335240852814,AM
Orophea_creaghii,Orophea,creaghii,Annonaceae,Magnoliales,1.0,"Kong D, Ma C, Zhang Q, Li L, Chen X, Zeng H, Guo D. 2014. Leading dimensions in absorptive root trait variation across 96 subtropical forest species. New Phytologist 203: 863-872.",-0.9179420946233856,3.813527758679047,AM
Orthocarpus_luteus,Orthocarpus,luteus,Orobanchaceae,Lamiales,,"Kembel SW, Cahill JF, Jr. 2011. Independent Evolution of Leaf and Root Traits within and among Temperate Grassland Plant Communities. PLoS ONE 6(6): e19992.",-1.5789087073992776,4.435217814437088,NM
Osmanthus_didymopetalus,Osmanthus,didymopetalus,Oleaceae,Lamiales,1.0,"Kong D, Ma C, Zhang Q, Li L, Chen X, Zeng H, Guo D. 2014. Leading dimensions in absorptive root trait variation across 96 subtropical forest species. New Phytologist 203: 863-872.",-0.3292126512919534,1.4861396960896067,AM
Osmunda_japonica,Osmunda,japonica,Osmundaceae,Osmundales,1.0,"Wang R, Wang Q, Zhao N, Xu Z, Zhu X, Jiao C, Yu G, He N. 2018. Different phylogenetic and environmental controls of first-order root morphological and nutrient traits: Evidence of multidimensional root traits. Special Focus on Functional Traits Along A Transect 32(1): 29-39.",-0.8704214961323867,3.157943546905466,AM
Osyris_alba,Osyris,alba,Santalaceae,Santalales,,"de la Riva, Navarro-Fernandez, Perez-Ramos, Villar, Maranon. Unpublished.",-0.4605682824592504,1.773033775520673,NMAM
Oxytropis_sericea,Oxytropis,sericea,Fabaceae,Fabales,,"Kembel SW, Cahill JF, Jr. 2011. Independent Evolution of Leaf and Root Traits within and among Temperate Grassland Plant Communities. PLoS ONE 6(6): e19992.",-1.266380264454553,4.571144285822836,AM
Panicum_capillare,Panicum,capillare,Poaceae,Poales,,"Craine JM, Froehle J, Tilman DG, Wedin DA, Chapin FS. 2001. The relationships among root and leaf traits of 76 grassland species and relative abundance among fertility and disturbance gradients. Oikos 93: 274-285",-1.6094379124341005,5.384495062789089,AM
Panicum_virgatum,Panicum,virgatum,Poaceae,Poales,,"<StringArray>
['Craine JM, Froehle J, Tilman DG, Wedin DA, Chapin FS. 2001. The relationships among root and leaf traits of 76 grassland species and relative abundance among fertility and disturbance gradients. Oikos 93: 274-285', 'Poon GT, Maherali H. 2015. Competitive interactions between a nonmycorrhizal invasive plant, Alliaria petiolata, and a suite of mycorrhizal grassland, old field, and forest species. PeerJ 3: e1090']
Length: 2, dtype: str",-1.431570705989526,5.4060253962374105,AM
Pappobolus_microphyllus,Pappobolus,microphyllus,Asteraceae,Asterales,,"Bowsher AW, Mason CM, Goolsby EW, Donavan LA. 2016. Fine root tradeoffs between nitrogen concentration and xylem vessel traits preclude unified whole-plant resource strategies in Helianthus. Ecology and Evolution 6: 1016-1031.",-0.7462131821068964,5.638532589448084,AM
Parthenocissus_quinquefolia,Parthenocissus,quinquefolia,Vitaceae,Vitales,1.0,"Wang R, Wang Q, Zhao N, Xu Z, Zhu X, Jiao C, Yu G, He N. 2018. Different phylogenetic and environmental controls of first-order root morphological and nutrient traits: Evidence of multidimensional root traits. Special Focus on Functional Traits Along A Transect 32(1): 29-39.",-1.7385977314684775,5.027890960377734,AM
Payena_microphylla,Payena,microphylla,Sapotaceae,Ericales,,"Ushio M, Fujiki Y, Hidaka A, Kitayama K. 2015. Linkage of root physiology and morphology as an adaptation to soil phosphorus impoverishment in tropical montane forests. Functional Ecology 29: 1235-1245.",-0.209487224866724,2.141888032296753,AM
Pennantia_corymbosa,Pennantia,corymbosa,Pennantiaceae,Apiales,,"Kramer-Walter KR, Bellingham PJ, Millar TR, Smissen RD, Richardson SJ, Laughlin DC. 2016. Root traits are multidimensional: specific root length is independent from root tissue density and the plant economic spectrum. Journal of Ecology 104: 1299-1310.",-0.6970978312566852,3.538410121555033,AM
Pennisetum_glaucum,Pennisetum,glaucum,Poaceae,Poales,,"Craine JM, Froehle J, Tilman DG, Wedin DA, Chapin FS. 2001. The relationships among root and leaf traits of 76 grassland species and relative abundance among fertility and disturbance gradients. Oikos 93: 274-285",-1.5141277326297755,4.997212273764115,AM
Penstemon_confertus,Penstemon,confertus,Plantaginaceae,Lamiales,,"Kembel SW, Cahill JF, Jr. 2011. Independent Evolution of Leaf and Root Traits within and among Temperate Grassland Plant Communities. PLoS ONE 6(6): e19992.",-1.2395999819690873,4.381321386044519,AM
Penstemon_grandiflorus,Penstemon,grandiflorus,Plantaginaceae,Lamiales,,"Craine JM, Froehle J, Tilman DG, Wedin DA, Chapin FS. 2001. The relationships among root and leaf traits of 76 grassland species and relative abundance among fertility and disturbance gradients. Oikos 93: 274-285",-0.8915981192837836,3.9318256327243257,AM
Penstemon_nitidus,Penstemon,nitidus,Plantaginaceae,Lamiales,,"Kembel SW, Cahill JF, Jr. 2011. Independent Evolution of Leaf and Root Traits within and among Temperate Grassland Plant Communities. PLoS ONE 6(6): e19992.",-1.119631655892185,3.2524364348165227,AM
Penstemon_procerus,Penstemon,procerus,Plantaginaceae,Lamiales,,"Kembel SW, Cahill JF, Jr. 2011. Independent Evolution of Leaf and Root Traits within and among Temperate Grassland Plant Communities. PLoS ONE 6(6): e19992.",-0.9401992769258308,3.8642920528859657,AM
Pentaphylax_euryoides,Pentaphylax,euryoides,Pentaphylacaceae,Ericales,1.0,"Kong D, Ma C, Zhang Q, Li L, Chen X, Zeng H, Guo D. 2014. Leading dimensions in absorptive root trait variation across 96 subtropical forest species. New Phytologist 203: 863-872.",-2.114778605969521,4.583333491378917,AM
Pentaspadon_motleyi,Pentaspadon,motleyi,Anacardiaceae,Sapindales,,"Makita N, Kosugi Y, Dannoura M, Takanashi S, Niiyama K, Kassim AR, Nik AR. 2012. Patterns of root respiration rates and morphological traits in 13 tree species in a tropical forest. Tree Physiology 32: 303-312.",-1.2089853461494804,3.666321662240143,AM
Persea_americana,Persea,americana,Lauraceae,Laurales,,"Rajab YA, Holscher D, Leuschner C, Barus H, Tjoa A, Hertel D. 2018. Effects of shade tree cover and diversity on root system structure and dynamics in cacao agroforests: The role of root competition and space partitioning. Plant Soil 422: 349-369.",-0.916290731874155,3.707455839686872,AM
Pertusadina_metcalfii,Pertusadina,metcalfii,Rubiaceae,Gentianales,1.0,"Kong D, Ma C, Zhang Q, Li L, Chen X, Zeng H, Guo D. 2014. Leading dimensions in absorptive root trait variation across 96 subtropical forest species. New Phytologist 203: 863-872.",-1.8679496075861013,4.604770105966751,AM
Phalaris_aquatica,Phalaris,aquatica,Poaceae,Poales,,"<StringArray>
['Hill JO, Simpson RJ, Moore AD, Chapman DF. 2006. Morphology and response of roots of pasture species to phosphorus and nitrogen nutrition. Plant and Soil 286: 7-19.', 'Yang Z, Culvenor RA, Haling RE, Stefanski A, Ryan MH, Sandral GA, Kidd DR, Lambers H, Simpson RJ. 2015. Variation in root traits associated with nutrient foraging among temperate legumes and grasses. Grass and Forage Science, early view article']
Length: 2, dtype: str",-1.2505441172175538,5.088858965504056,AM
Phalaris_arundinacea,Phalaris,arundinacea,Poaceae,Poales,,Comas - Pasture species,-1.1736052677095397,5.389871424131001,AM
Phellodendron_amurense,Phellodendron,amurense,Rutaceae,Sapindales,1.0,"<StringArray>
[                                                                'Shi W, Wang ZQ, Liu JL, Gu JC, Guo DL. 2008. Fine root morphology of twenty hardwood species in Maoershan Natural Secondary Forest in Northeastern China. Journal of Plant Ecology (Chinese Version) 32: 1217-1226.',
                                                                       'Wang Y, Dong X, Wang H, Wang Z, Gu J. 2016. Root tip morphology, anatomy, chemistry and potential hydraulic conductivity vary with soil depth in three temperate hardwood species. Tree Physiology 36:99-108.',
                                                                                                     'Wang W, Wang Y, Hoch G, Wang Z, Gu J. 2018. Linkage of root morphology to anatomy with increasing nitrogen availability in six temperate tree species. Plant Soil 425: 198-200.',
 'Wang R, Wang Q, Zhao N, Xu Z, Zhu X, Jiao C, Yu G, He N. 2018. Different phylogenetic and environmental controls of first-order root morphological and nutrient traits: Evidence of multidimensional root traits. Special Focus on Functional Traits Along A Transect 32(1): 29-39.']
Length: 4, dtype: str",-0.6963355101710184,3.595633792866697,AM
Philadelphus_incanus,Philadelphus,incanus,Hydrangeaceae,Cornales,1.0,"Wang R, Wang Q, Zhao N, Xu Z, Zhu X, Jiao C, Yu G, He N. 2018. Different phylogenetic and environmental controls of first-order root morphological and nutrient traits: Evidence of multidimensional root traits. Special Focus on Functional Traits Along A Transect 32(1): 29-39.",-1.6596791288708472,5.174868459551634,AM
Phillyrea_angustifolia,Phillyrea,angustifolia,Oleaceae,Lamiales,,"de la Riva, Navarro-Fernandez, Perez-Ramos, Villar, Maranon. Unpublished.",-0.8836521297586326,2.525698499053892,AM
Phillyrea_latifolia,Phillyrea,latifolia,Oleaceae,Lamiales,,"de la Riva, Navarro-Fernandez, Perez-Ramos, Villar, Maranon. Unpublished.",-0.8748489294744942,2.546835568051659,AM
Phleum_pratense,Phleum,pratense,Poaceae,Poales,,"<StringArray>
[                                   'Craine JM, Froehle J, Tilman DG, Wedin DA, Chapin FS. 2001. The relationships among root and leaf traits of 76 grassland species and relative abundance among fertility and disturbance gradients. Oikos 93: 274-285',
                                                               'Fort F, Jouany C, Cruz P. 2013.Root and leaf functional trait relations in Poaceae species: implications of differing resource-acquisition strategies. Journal of Plant Ecology 6:211-219',
 'Roumet C, Birouste M, Picon-Cochard C, Ghestem M, Osman N, Vrignon-Brenas S, Cao K-F, Stokes A. 2016. Root structure-function relationships in 74 species: evidence of root economics spectrum related to carbon economy. New Phytologist 210: 815-826.',
                                                                                                                                                                                                                                 'Comas - Pasture species']
Length: 4, dtype: str",-1.6590221417898607,5.573499013406543,AM
Phlomis_purpurea,Phlomis,purpurea,Lamiaceae,Lamiales,,"de la Riva, Navarro-Fernandez, Perez-Ramos, Villar, Maranon. Unpublished.",-0.8047214058324258,2.070783309506272,AM
Phlomoides_umbrosa,Phlomoides,umbrosa,Lamiaceae,Lamiales,1.0,"Wang R, Wang Q, Zhao N, Xu Z, Zhu X, Jiao C, Yu G, He N. 2018. Different phylogenetic and environmental controls of first-order root morphological and nutrient traits: Evidence of multidimensional root traits. Special Focus on Functional Traits Along A Transect 32(1): 29-39.",-1.408335491996771,4.810882612537776,AM
Phlox_hoodii,Phlox,hoodii,Polemoniaceae,Ericales,,"Kembel SW, Cahill JF, Jr. 2011. Independent Evolution of Leaf and Root Traits within and among Temperate Grassland Plant Communities. PLoS ONE 6(6): e19992.",-1.3291581697490815,4.673338915563373,AM
Phyllocladus_hypophyllus,Phyllocladus,hypophyllus,Podocarpaceae,Pinales,,"Ushio M, Fujiki Y, Hidaka A, Kitayama K. 2015. Linkage of root physiology and morphology as an adaptation to soil phosphorus impoverishment in tropical montane forests. Functional Ecology 29: 1235-1245.",-0.5340089592216478,2.981436828851437,AM
Phyllocladus_trichomanoides,Phyllocladus,trichomanoides,Podocarpaceae,Pinales,,"<StringArray>
['Holdaway RJ, Richardson SJ, Dickie IA, Peltzer DA, Coomes DA. 2011. Species- and community-level patterns in fine root traits along a 120 000-year soil chronosequence in temperate rain forest. Journal of Ecology 99: 954-963.', 'Kramer-Walter KR, Bellingham PJ, Millar TR, Smissen RD, Richardson SJ, Laughlin DC. 2016. Root traits are multidimensional: specific root length is independent from root tissue density and the plant economic spectrum. Journal of Ecology 104: 1299-1310.']
Length: 2, dtype: str",-0.4559939888519302,2.7593291180767983,AM
Physalis_virginiana,Physalis,virginiana,Solanaceae,Solanales,,"Craine JM, Froehle J, Tilman DG, Wedin DA, Chapin FS. 2001. The relationships among root and leaf traits of 76 grassland species and relative abundance among fertility and disturbance gradients. Oikos 93: 274-285",-1.203972804325936,3.9889840465642745,AM
Picea_abies,Picea,abies,Pinaceae,Pinales,,"<StringArray>
[                                        'Withington JM, Reich PB, Oleksyn J, Eissenstat DM. 2006. Comparisons of structure and life span in roots and leaves among temperate trees. Ecological Monographs 76: 381-397.',
                                                       'Liese R, Alings K, Meier IC. 2017. Root branching is a leading root trait of the plant economics spectrum in temperate trees. Frontiers in Plant Science 8:315.',
 'Weemstra M, Sterck FJ, Visser EJW, Kuyper TW, Goudzwaard L, Mommer L. 2017. Fine-root trait plasticity of beech (Fagus sylvatica) and spruce (Picea abies) forests on two contrasting soils. Plant Soil 415: 175-188.',
                                                                   'Borken W, Kossmann G, Matzner E. 2007. Biomass, morphology and nutrient contents of fine roots in four Norway spruce stands. Plant Soil 292: 79-93.']
Length: 4, dtype: str",-0.7387695605474307,2.725403759224066,EcM
Picea_glauca,Picea,glauca,Pinaceae,Pinales,1.0,"Pregitzer KS, DeForest JL, Burton AJ, Allen MF, Ruess RW, Hendrick RL. 2002. Fine root architecture of nine North American trees. Ecological Monographs 72: 293-309.",-1.4696759700589417,3.6635616461296463,EcM
Picea_koraiensis,Picea,koraiensis,Pinaceae,Pinales,1.0,"<StringArray>
[                                                                                                    'Wang W, Wang Y, Hoch G, Wang Z, Gu J. 2018. Linkage of root morphology to anatomy with increasing nitrogen availability in six temperate tree species. Plant Soil 425: 198-200.',
 'Wang R, Wang Q, Zhao N, Xu Z, Zhu X, Jiao C, Yu G, He N. 2018. Different phylogenetic and environmental controls of first-order root morphological and nutrient traits: Evidence of multidimensional root traits. Special Focus on Functional Traits Along A Transect 32(1): 29-39.',
                                                                           'Wang Y, Gao G, Wang N, Wang Z, Gu J. 2019. Effects of morphology and stand structure on root biomass and length differed between absorptive and transport roots in temperate trees. Plant Soil, in press.']
Length: 3, dtype: str",-1.1149587109178325,3.995752803698256,EcM
Picea_meyeri,Picea,meyeri,Pinaceae,Pinales,1.0,"Chen W, Zeng H, Eissenstat DM, Guo D. 2013. Variation of first-order root traits across climatic gradients and evolutionary trends in geological time. Global Ecology and Biogeography 22: 846-856.",-1.2763853806295908,3.881446682632099,EcM
Picea_rubens,Picea,rubens,Pinaceae,Pinales,,"Chen W, Koide RT, Adams TS, DeForest JL, Cheng L, Eissenstat DM. 2016. Root morphology and mycorrhizal symbioses together shape nutrient foraging strategies of temperate trees. Proceedings of the National Academy of Sciences 113: 8741-8746.",-0.7985076962177716,2.91235066461494,EcM
Picea_wilsonii,Picea,wilsonii,Pinaceae,Pinales,1.0,"Chen W, Zeng H, Eissenstat DM, Guo D. 2013. Variation of first-order root traits across climatic gradients and evolutionary trends in geological time. Global Ecology and Biogeography 22: 846-856.",-1.3316569104612996,4.197095784733492,EcM
Picris_hieracioides,Picris,hieracioides,Asteraceae,Asterales,,"<StringArray>
[                                                                    'Birouste M, Kazakou E, Blanchard A, Roumet C. 2012. Plant traits and decomposition: are the relationships for roots comparable to those for leaves? Annals of Botany 109: 463-472. ',
                                                                      'Roumet C, Lafont F, Sari M, Warembourg F, Garnier E. 2008. Root traits and taxonomic affiliation of nine herbaceous species grown in glasshouse conditions. Plant Soil 312:69-83. ',
 'Roumet C, Birouste M, Picon-Cochard C, Ghestem M, Osman N, Vrignon-Brenas S, Cao K-F, Stokes A. 2016. Root structure-function relationships in 74 species: evidence of root economics spectrum related to carbon economy. New Phytologist 210: 815-826.']
Length: 3, dtype: str",-1.1006142913387829,5.24830395451591,AM
Pilosella_officinarum,Pilosella,officinarum,Asteraceae,Asterales,,"<StringArray>
['Roumet C, Birouste M, Picon-Cochard C, Ghestem M, Osman N, Vrignon-Brenas S, Cao K-F, Stokes A. 2016. Root structure-function relationships in 74 species: evidence of root economics spectrum related to carbon economy. New Phytologist 210: 815-826.',
                                                                 'Fort F, Volaire F, Guilioni L, Barkaoui K, Navas ML, Roumet C. 2017. Root traits are related to plant water-use among rangeland Mediterranean species. Functional Ecology 31: 1700-1709',
                                                         'Poirier V, Roumet C, Angers DA, Munson AD. 2018. Species and root traits impact macroaggregation in the rhizospheric soil of a Mediterranean common garden experiment. Plant Soil 424: 289-302.']
Length: 3, dtype: str",-0.8544203935788969,4.017628367688596,AM
Pilosella_peleteriana,Pilosella,peleteriana,Asteraceae,Asterales,,"Roumet C, Birouste M, Picon-Cochard C, Ghestem M, Osman N, Vrignon-Brenas S, Cao K-F, Stokes A. 2016. Root structure-function relationships in 74 species: evidence of root economics spectrum related to carbon economy. New Phytologist 210: 815-826.",-0.4231200433468851,2.598979106047848,AM
Pinus_armandii,Pinus,armandii,Pinaceae,Pinales,1.0,"<StringArray>
['Chen W, Zeng H, Eissenstat DM, Guo D. 2013. Variation of first-order root traits across climatic gradients and evolutionary trends in geological time. Global Ecology and Biogeography 22: 846-856.', 'Wang R, Wang Q, Zhao N, Xu Z, Zhu X, Jiao C, Yu G, He N. 2018. Different phylogenetic and environmental controls of first-order root morphological and nutrient traits: Evidence of multidimensional root traits. Special Focus on Functional Traits Along A Transect 32(1): 29-39.']
Length: 2, dtype: str",-1.2796438161078532,3.811007680407921,EcM
Pinus_edulis,Pinus,edulis,Pinaceae,Pinales,1.0,"Pregitzer KS, DeForest JL, Burton AJ, Allen MF, Ruess RW, Hendrick RL. 2002. Fine root architecture of nine North American trees. Ecological Monographs 72: 293-309.",-0.9675840262617056,2.995732273553991,EcM
Pinus_elliottii,Pinus,elliottii,Pinaceae,Pinales,1.0,"<StringArray>
['Kou L, Guo D, Yang H, Gao W, Li S. 2015. Growth, morphological traits and mycorrhizal colonization of fine roots respond differently to nitrogen addition in a slash pine plantation in subtropical China. Plant Soil 391: 207-218.', 'Pregitzer KS, DeForest JL, Burton AJ, Allen MF, Ruess RW, Hendrick RL. 2002. Fine root architecture of nine North American trees. Ecological Monographs 72: 293-309.']
Length: 2, dtype: str",-1.2021226652226176,3.811269146776913,EcM
Pinus_koraiensis,Pinus,koraiensis,Pinaceae,Pinales,1.0,"<StringArray>
[                                                                                                    'Wang W, Wang Y, Hoch G, Wang Z, Gu J. 2018. Linkage of root morphology to anatomy with increasing nitrogen availability in six temperate tree species. Plant Soil 425: 198-200.',
 'Wang R, Wang Q, Zhao N, Xu Z, Zhu X, Jiao C, Yu G, He N. 2018. Different phylogenetic and environmental controls of first-order root morphological and nutrient traits: Evidence of multidimensional root traits. Special Focus on Functional Traits Along A Transect 32(1): 29-39.',
                                                                           'Wang Y, Gao G, Wang N, Wang Z, Gu J. 2019. Effects of morphology and stand structure on root biomass and length differed between absorptive and transport roots in temperate trees. Plant Soil, in press.']
Length: 3, dtype: str",-0.7108580843877791,3.1706704202695604,EcM
Pinus_massoniana,Pinus,massoniana,Pinaceae,Pinales,1.0,"Wang R, Wang Q, Zhao N, Xu Z, Zhu X, Jiao C, Yu G, He N. 2018. Different phylogenetic and environmental controls of first-order root morphological and nutrient traits: Evidence of multidimensional root traits. Special Focus on Functional Traits Along A Transect 32(1): 29-39.",-1.2347757134809811,4.091879989155383,EcM
Pinus_nigra,Pinus,nigra,Pinaceae,Pinales,,"Withington JM, Reich PB, Oleksyn J, Eissenstat DM. 2006. Comparisons of structure and life span in roots and leaves among temperate trees. Ecological Monographs 76: 381-397.",-0.7985076962177716,3.5085558999826545,EcM
Pinus_palustris,Pinus,palustris,Pinaceae,Pinales,1.0,"Guo DL, Mitchell RJ, and Hendricks JJ. 2004. Fine root branch orders respond differentially to carbon source-sink manipulation in a longleaf pine forest. Oecologia 140:450-457.",-1.0498221244986778,3.493472657771326,EcM
Pinus_pinaster,Pinus,pinaster,Pinaceae,Pinales,,"Bakker MR, Augusto L, Achat DL. 2006. Fine root distribution of trees and understory in mature stands of maritime pine (Pinus pinaster) on dry and humid sites. Plant Soil 286: 37-51. ",-0.4726622291068139,2.057569730247584,EcM
Pinus_pinea,Pinus,pinea,Pinaceae,Pinales,,"de la Riva, Navarro-Fernandez, Perez-Ramos, Villar, Maranon. Unpublished.",-1.1525670162660355,2.932080679513608,EcM
Pinus_pumila,Pinus,pumila,Pinaceae,Pinales,1.0,"Wang R, Wang Q, Zhao N, Xu Z, Zhu X, Jiao C, Yu G, He N. 2018. Different phylogenetic and environmental controls of first-order root morphological and nutrient traits: Evidence of multidimensional root traits. Special Focus on Functional Traits Along A Transect 32(1): 29-39.",-1.2647849437226937,3.97293082855107,EcM
Pinus_pungens,Pinus,pungens,Pinaceae,Pinales,,"Comas LH, Eissenstat DM. 2009. Patterns in root trait variation among 25 co-existing North American forest species. New Phytologist 182: 919-928.",-0.7339691750802004,3.446807892914208,EcM
Pinus_resinosa,Pinus,resinosa,Pinaceae,Pinales,1.0,"Pregitzer KS, DeForest JL, Burton AJ, Allen MF, Ruess RW, Hendrick RL. 2002. Fine root architecture of nine North American trees. Ecological Monographs 72: 293-309.",-1.3862943611198906,3.4657359027997265,EcM
Pinus_strobus,Pinus,strobus,Pinaceae,Pinales,1.0,"McCormack ML, Adams TS, Smithwick EAH, Eissenstat DM. 2012. Predicting fine root lifespan from plant functional traits in temperate trees. New Phytologist 195:823-831.",-1.3470736479666092,3.509752788216501,EcM
Pinus_sylvestris,Pinus,sylvestris,Pinaceae,Pinales,1.0,"<StringArray>
['Zadworny M, McCormack ML, Mucha J, Reich PB, Oleksyn. 2016. Scots pine fine roots adjust along a 2000-km latitudinal climatic gradient. New Phytologist 212: 389-399. Zadworny M, McCormack ML, Zytkowiak R, Karolewski P, Mucha J, Oleksyn J. 2017. Patterns of structural and defense investments in fine roots of Scots pine (Pinus sylvestris L.) across a strong temperature and latitudinal gradient in Europe. Global Change Biology 23: 1218-1231.',
                                                                                                                                                                        'Wang R, Wang Q, Zhao N, Xu Z, Zhu X, Jiao C, Yu G, He N. 2018. Different phylogenetic and environmental controls of first-order root morphological and nutrient traits: Evidence of multidimensional root traits. Special Focus on Functional Traits Along A Transect 32(1): 29-39.',
                                                                                                                                                                                                                                                  'Wang Y, Gao G, Wang N, Wang Z, Gu J. 2019. Effects of morphology and stand structure on root biomass and length differed between absorptive and transport roots in temperate trees. Plant Soil, in press.']
Length: 3, dtype: str",-1.110046866327996,3.469023988791029,EcM
Pinus_tabuliformis,Pinus,tabuliformis,Pinaceae,Pinales,1.0,"<StringArray>
[                                                                                                                             'Wang G, Fahey TJ, Xue S, Liu F. 2013. Root morphology and architecture respond to N addition in Pinus tabuliformis, west China. Oecologia 171:583-590.',
                                                                                 'Chen W, Zeng H, Eissenstat DM, Guo D. 2013. Variation of first-order root traits across climatic gradients and evolutionary trends in geological time. Global Ecology and Biogeography 22: 846-856.',
 'Wang R, Wang Q, Zhao N, Xu Z, Zhu X, Jiao C, Yu G, He N. 2018. Different phylogenetic and environmental controls of first-order root morphological and nutrient traits: Evidence of multidimensional root traits. Special Focus on Functional Traits Along A Transect 32(1): 29-39.']
Length: 3, dtype: str",-1.5681338938394511,4.437016411022484,EcM
Pinus_taeda,Pinus,taeda,Pinaceae,Pinales,,"Beidler KV, Taylor BN, Strand AE, Cooper ER, Schonholz M, Pritchard SG. 2015. Changes in root architecture under elevated concentrations of CO2 and nitrogen reflect alternate soil exploration strategies. New Phytologist 205: 1153-1163.",-0.3339036546541068,3.068401711513366,EcM
Pinus_virginiana,Pinus,virginiana,Pinaceae,Pinales,1.0,"McCormack ML, Adams TS, Smithwick EAH, Eissenstat DM. 2012. Predicting fine root lifespan from plant functional traits in temperate trees. New Phytologist 195:823-831.",-1.4696759700589417,3.500942158534346,EcM
Pistacia_chinensis,Pistacia,chinensis,Anacardiaceae,Sapindales,1.0,"Kong D, Ma C, Zhang Q, Li L, Chen X, Zeng H, Guo D. 2014. Leading dimensions in absorptive root trait variation across 96 subtropical forest species. New Phytologist 203: 863-872.",-1.4309988829043705,4.505128831807865,AM
Pistacia_lentiscus,Pistacia,lentiscus,Anacardiaceae,Sapindales,,"de la Riva, Navarro-Fernandez, Perez-Ramos, Villar, Maranon. Unpublished.",-0.8466947089862523,2.4433962786339625,AM
Pistacia_terebinthus,Pistacia,terebinthus,Anacardiaceae,Sapindales,,"de la Riva, Navarro-Fernandez, Perez-Ramos, Villar, Maranon. Unpublished.",-0.7980633505095052,2.158969708422966,AM
Pittosporum_eugenioides,Pittosporum,eugenioides,Pittosporaceae,Apiales,,"Kramer-Walter KR, Bellingham PJ, Millar TR, Smissen RD, Richardson SJ, Laughlin DC. 2016. Root traits are multidimensional: specific root length is independent from root tissue density and the plant economic spectrum. Journal of Ecology 104: 1299-1310.",-0.8771768620352551,3.90262338923604,AM
Pittosporum_tenuifolium,Pittosporum,tenuifolium,Pittosporaceae,Apiales,,"Kramer-Walter KR, Bellingham PJ, Millar TR, Smissen RD, Richardson SJ, Laughlin DC. 2016. Root traits are multidimensional: specific root length is independent from root tissue density and the plant economic spectrum. Journal of Ecology 104: 1299-1310.",-0.8525449355741938,3.935679341115721,AM
Plagianthus_regius,Plagianthus,regius,Malvaceae,Malvales,,"Kramer-Walter KR, Bellingham PJ, Millar TR, Smissen RD, Richardson SJ, Laughlin DC. 2016. Root traits are multidimensional: specific root length is independent from root tissue density and the plant economic spectrum. Journal of Ecology 104: 1299-1310.",-0.8291578344906496,4.06592529618082,AM
Plantago_lanceolata,Plantago,lanceolata,Plantaginaceae,Lamiales,,"<StringArray>
['Poon GT, Maherali H. 2015. Competitive interactions between a nonmycorrhizal invasive plant, Alliaria petiolata, and a suite of mycorrhizal grassland, old field, and forest species. PeerJ 3: e1090', 'Comas - Pasture species']
Length: 2, dtype: str",-1.6252427086668626,5.880221476480564,AM
Plantago_patagonica,Plantago,patagonica,Plantaginaceae,Lamiales,,"Kembel SW, Cahill JF, Jr. 2011. Independent Evolution of Leaf and Root Traits within and among Temperate Grassland Plant Communities. PLoS ONE 6(6): e19992.",-1.7531158475600377,5.146203713904753,AM
Plantago_varia,Plantago,varia,Plantaginaceae,Lamiales,,"Mokany K, Ash J. 2008. Are traits measured on pot grown plants representative of those in natural communities? Journal of Vegetation Science 19: 119-126.",-0.5996568374726066,3.224857896545748,AM
Platanus_acerifolia,Platanus,acerifolia,Platanaceae,Proteales,1.0,Valverde et al (unpublished),-1.2656322739126675,3.175132901920282,AM
Platanus_occidentalis,Platanus,occidentalis,Platanaceae,Proteales,1.0," Valverde-Barrantes OJ, Smemo KA, Blackwood CB. 2014. Fine root morphology is phylogenetically structured, but nitrogen is related to the plant economics spectrum in temperate trees. Functional Ecology 29: 796-807.",-0.7200046347298279,2.4830207392427712,AM
Platycladus_orientalis,Platycladus,orientalis,Cupressaceae,Pinales,1.0,"<StringArray>
['Li R, Ling N, Hao J, Min J, Chen X, Guan Q. 2013. Effects of stand ages on carbon storage, fine root morphology and biomass in Platycladus orientalis  plantation. Journal of Nanjing Forestry University (Natural Sciences edition) 37: 21-27.', 'Li R, Peng T, Liu N, Wang D, Jiangang M, Guan Q. 2013. Response of carbon storage, fine root biomass and morphology to thinning in Platycladus orientalis plantation. Journal of Northeast Forestry university 41: 34-38.']
Length: 2, dtype: str",-1.0101436406805016,2.873941216500069,AM
Platypodium_elegans,Platypodium,elegans,Fabaceae,Fabales,,"Collins CG, Wright SJ, Wurzburger N. 2016. Root and leaf traits reflect distinct resource acquisition strategies in tropical lianas and trees. Oecologia 180: 1037-1047.",-0.1336108352085726,1.8629676225874312,AM
Pleioblastus_amarus,Pleioblastus,amarus,Poaceae,Poales,,"Chen G-T, Tu L-H, Peng Y, Hu H-L, Hu T-X, Xu Z-F, Liu L, Tang Y. 2017. Effect of nitrogen additions on root morphology and chemistry in a subtropical bamboo forest. Plant Soil 412: 441-451.",-1.2205860710937595,3.4458147012160816,AM
Poa_cusickii,Poa,cusickii,Poaceae,Poales,,"Kembel SW, Cahill JF, Jr. 2011. Independent Evolution of Leaf and Root Traits within and among Temperate Grassland Plant Communities. PLoS ONE 6(6): e19992.",-1.7814131771739108,4.899614377441543,AM
Poa_glauca,Poa,glauca,Poaceae,Poales,,"Hong J, Ma X, Yan Y, Zhang X, Wang X. 2017. Which root traits determine nitrogen uptake by alpine plant species on the Tibetan Plateau? Plant Soil, in press. ",-1.0498221244986778,-0.0901873240655842,AM
Poa_labillardierei,Poa,labillardierei,Poaceae,Poales,,"Mokany K, Ash J. 2008. Are traits measured on pot grown plants representative of those in natural communities? Journal of Vegetation Science 19: 119-126.",-1.3684544429915595,5.002603122398992,AM
Poa_nemoralis,Poa,nemoralis,Poaceae,Poales,,"Craine JM, Froehle J, Tilman DG, Wedin DA, Chapin FS. 2001. The relationships among root and leaf traits of 76 grassland species and relative abundance among fertility and disturbance gradients. Oikos 93: 274-285",-1.3862943611198906,5.1298987149230735,AM
Poa_pratensis,Poa,pratensis,Poaceae,Poales,,"<StringArray>
[                                   'Craine JM, Froehle J, Tilman DG, Wedin DA, Chapin FS. 2001. The relationships among root and leaf traits of 76 grassland species and relative abundance among fertility and disturbance gradients. Oikos 93: 274-285',
 'Roumet C, Birouste M, Picon-Cochard C, Ghestem M, Osman N, Vrignon-Brenas S, Cao K-F, Stokes A. 2016. Root structure-function relationships in 74 species: evidence of root economics spectrum related to carbon economy. New Phytologist 210: 815-826.',
                                                                                                                                                                                                                                 'Comas - Pasture species',
                                                                                            'Kembel SW, Cahill JF, Jr. 2011. Independent Evolution of Leaf and Root Traits within and among Temperate Grassland Plant Communities. PLoS ONE 6(6): e19992.']
Length: 4, dtype: str",-1.5937614330490928,5.832412080274224,AM
Poa_trivialis,Poa,trivialis,Poaceae,Poales,,"Roumet C, Birouste M, Picon-Cochard C, Ghestem M, Osman N, Vrignon-Brenas S, Cao K-F, Stokes A. 2016. Root structure-function relationships in 74 species: evidence of root economics spectrum related to carbon economy. New Phytologist 210: 815-826.",-1.6820086052689358,6.071776449314649,AM
Podocarpus_chinensis,Podocarpus,chinensis,Podocarpaceae,Pinales,1.0,"Liu B, Li H, Zhu B, Koide RT, Eissenstat DM, Guo D. 2015. Complementarity between roots and AM fungi in nutrient foraging strategies. New Phytologist 208: 125-136.",-0.2357223335210698,2.734367509419584,AM
Podocarpus_cunninghamii,Podocarpus,cunninghamii,Podocarpaceae,Pinales,,"<StringArray>
['Holdaway RJ, Richardson SJ, Dickie IA, Peltzer DA, Coomes DA. 2011. Species- and community-level patterns in fine root traits along a 120 000-year soil chronosequence in temperate rain forest. Journal of Ecology 99: 954-963.', 'Kramer-Walter KR, Bellingham PJ, Millar TR, Smissen RD, Richardson SJ, Laughlin DC. 2016. Root traits are multidimensional: specific root length is independent from root tissue density and the plant economic spectrum. Journal of Ecology 104: 1299-1310.']
Length: 2, dtype: str",-0.1366600914260726,2.1514330926453265,AM
Podocarpus_gibbsii,Podocarpus,gibbsii,Podocarpaceae,Pinales,,"Ushio M, Fujiki Y, Hidaka A, Kitayama K. 2015. Linkage of root physiology and morphology as an adaptation to soil phosphorus impoverishment in tropical montane forests. Functional Ecology 29: 1235-1245.",-0.4652151125139384,2.689342973636514,AM
Podocarpus_neriifolius,Podocarpus,neriifolius,Podocarpaceae,Pinales,1.0,"Wang R, Wang Q, Zhao N, Xu Z, Zhu X, Jiao C, Yu G, He N. 2018. Different phylogenetic and environmental controls of first-order root morphological and nutrient traits: Evidence of multidimensional root traits. Special Focus on Functional Traits Along A Transect 32(1): 29-39.",-1.4276719266077862,4.671921721289969,AM
Podocarpus_totara,Podocarpus,totara,Podocarpaceae,Pinales,,"Kramer-Walter KR, Bellingham PJ, Millar TR, Smissen RD, Richardson SJ, Laughlin DC. 2016. Root traits are multidimensional: specific root length is independent from root tissue density and the plant economic spectrum. Journal of Ecology 104: 1299-1310.",-0.1313786094850609,2.3990297137002687,AM
Podophyllum_peltatum,Podophyllum,peltatum,Berberidaceae,Ranunculales,,"Valverde-Barrantes OJ, Smemo KA,  Feinstein LM, Kershner MW, Blackwood CB. 2015. Aggregated and complementary: symmetric proliferation, overyielding, and mass effects explain fine-root biomass in soil patches in a diverse temperate deciduous forest landscape. New Phytologist 205(2): 731-742.",-0.1755922494559874,2.814417109976457,AM
Polystichum_chilense,Polystichum,chilense,Dryopteridaceae,Polypodiales,,"Holdaway RJ, Richardson SJ, Dickie IA, Peltzer DA, Coomes DA. 2011. Species- and community-level patterns in fine root traits along a 120 000-year soil chronosequence in temperate rain forest. Journal of Ecology 99: 954-963.",-1.203972804325936,3.777348102101545,AM
Populus_alba,Populus,alba,Salicaceae,Malpighiales,,"de la Riva, Navarro-Fernandez, Perez-Ramos, Villar, Maranon. Unpublished.",-0.6362943689671625,2.228302173091705,EcMAM
Populus_balsamifera,Populus,balsamifera,Salicaceae,Malpighiales,1.0,"Pregitzer KS, DeForest JL, Burton AJ, Allen MF, Ruess RW, Hendrick RL. 2002. Fine root architecture of nine North American trees. Ecological Monographs 72: 293-309.",-1.8325814637483104,4.499809670330265,EcMAM
Populus_cathayana,Populus,cathayana,Salicaceae,Malpighiales,1.0,"<StringArray>
['Chen W, Zeng H, Eissenstat DM, Guo D. 2013. Variation of first-order root traits across climatic gradients and evolutionary trends in geological time. Global Ecology and Biogeography 22: 846-856.', 'Wang R, Wang Q, Zhao N, Xu Z, Zhu X, Jiao C, Yu G, He N. 2018. Different phylogenetic and environmental controls of first-order root morphological and nutrient traits: Evidence of multidimensional root traits. Special Focus on Functional Traits Along A Transect 32(1): 29-39.']
Length: 2, dtype: str",-1.504183627418549,5.049500526873019,EcMAM
Populus_deltoides,Populus,deltoides,Salicaceae,Malpighiales,1.0,"<StringArray>
[' Valverde-Barrantes OJ, Smemo KA, Blackwood CB. 2014. Fine root morphology is phylogenetically structured, but nitrogen is related to the plant economics spectrum in temperate trees. Functional Ecology 29: 796-807.', 'Valverde et al (unpublished)']
Length: 2, dtype: str",-1.3741855298226626,4.468836545016303,EcMAM
Populus_grandidentata,Populus,grandidentata,Salicaceae,Malpighiales,,"<StringArray>
['Comas LH, Eissenstat DM. 2009. Patterns in root trait variation among 25 co-existing North American forest species. New Phytologist 182: 919-928.', 'Valverde-Barrantes OJ, Smemo KA,  Feinstein LM, Kershner MW, Blackwood CB. 2015. Aggregated and complementary: symmetric proliferation, overyielding, and mass effects explain fine-root biomass in soil patches in a diverse temperate deciduous forest landscape. New Phytologist 205(2): 731-742.']
Length: 2, dtype: str",-0.6463017633284405,3.7898378154128265,EcMAM
Populus_koreana,Populus,koreana,Salicaceae,Malpighiales,1.0,"Wang R, Wang Q, Zhao N, Xu Z, Zhu X, Jiao C, Yu G, He N. 2018. Different phylogenetic and environmental controls of first-order root morphological and nutrient traits: Evidence of multidimensional root traits. Special Focus on Functional Traits Along A Transect 32(1): 29-39.",-1.5373498360398463,5.251494573334607,EcMAM
Populus_tremula,Populus,tremula,Salicaceae,Malpighiales,1.0,"Hajek P, Hertel D, Leuschner C. 2014. Root order- and root age-dependent response of two poplar species to belowground competition. Plant Soil 337:337-355.",-1.736009111122361,5.796687139386251,EcMAM
Populus_tremuloides,Populus,tremuloides,Salicaceae,Malpighiales,1.0,"<StringArray>
['Zadworny M, Eissenstat DM. 2011. Contrasting the morphology, anatomy and fungal colonization of new pioneer and fibrous roots. New Phytologist 190:213-221.', 'McCormack ML, Adams TS, Smithwick EAH, Eissenstat DM. 2012. Predicting fine root lifespan from plant functional traits in temperate trees. New Phytologist 195:823-831.']
Length: 2, dtype: str",-1.6094379124341005,3.904343594084277,EcMAM
Populus_trichocarpa,Populus,trichocarpa,Salicaceae,Malpighiales,1.0,"Hajek P, Hertel D, Leuschner C. 2014. Root order- and root age-dependent response of two poplar species to belowground competition. Plant Soil 337:337-355.",-1.9162996216143235,5.79136831956124,EcMAM
Potentilla_acaulis,Potentilla,acaulis,Rosaceae,Rosales,,"Zhou M, Wang J, Bai W, Zhang Y, Zhang W-H. 2019. The response of root traits to precipitation change of herbaceous species in temperate steppes. Functional Ecology, in press.",-1.4271163556401458,4.434559785122148,AM
Potentilla_arguta,Potentilla,arguta,Rosaceae,Rosales,,"<StringArray>
['Craine JM, Froehle J, Tilman DG, Wedin DA, Chapin FS. 2001. The relationships among root and leaf traits of 76 grassland species and relative abundance among fertility and disturbance gradients. Oikos 93: 274-285', 'Kembel SW, Cahill JF, Jr. 2011. Independent Evolution of Leaf and Root Traits within and among Temperate Grassland Plant Communities. PLoS ONE 6(6): e19992.']
Length: 2, dtype: str",-1.0319354308715785,3.876772620209502,AM
Potentilla_neumanniana,Potentilla,neumanniana,Rosaceae,Rosales,,"<StringArray>
[                       'Perez-Ramos IM, Volaire F, Fattet M, Blanchard A, Roumet C. Tradeoffs between functional strategies for resource-use and drought-survival in Mediterranean rangeland species. Environmental and Experimental Botany 87: 126-136.',
 'Roumet C, Birouste M, Picon-Cochard C, Ghestem M, Osman N, Vrignon-Brenas S, Cao K-F, Stokes A. 2016. Root structure-function relationships in 74 species: evidence of root economics spectrum related to carbon economy. New Phytologist 210: 815-826.',
                                                                 'Fort F, Volaire F, Guilioni L, Barkaoui K, Navas ML, Roumet C. 2017. Root traits are related to plant water-use among rangeland Mediterranean species. Functional Ecology 31: 1700-1709',
                                                         'Poirier V, Roumet C, Angers DA, Munson AD. 2018. Species and root traits impact macroaggregation in the rhizospheric soil of a Mediterranean common garden experiment. Plant Soil 424: 289-302.']
Length: 4, dtype: str",-0.9037745874519166,4.122104655280028,AM
Potentilla_tanacetifolia,Potentilla,tanacetifolia,Rosaceae,Rosales,,"Zhou M, Wang J, Bai W, Zhang Y, Zhang W-H. 2019. The response of root traits to precipitation change of herbaceous species in temperate steppes. Functional Ecology, in press.",-1.3862943611198906,4.235771783916321,AM
Prionostemma_aspera,Prionostemma,aspera,Celastraceae,Celastrales,,"Collins CG, Wright SJ, Wurzburger N. 2016. Root and leaf traits reflect distinct resource acquisition strategies in tropical lianas and trees. Oecologia 180: 1037-1047.",-0.3656417285178646,2.5234223284853243,AM
Prumnopitys_ferruginea,Prumnopitys,ferruginea,Podocarpaceae,Pinales,,"<StringArray>
['Holdaway RJ, Richardson SJ, Dickie IA, Peltzer DA, Coomes DA. 2011. Species- and community-level patterns in fine root traits along a 120 000-year soil chronosequence in temperate rain forest. Journal of Ecology 99: 954-963.', 'Kramer-Walter KR, Bellingham PJ, Millar TR, Smissen RD, Richardson SJ, Laughlin DC. 2016. Root traits are multidimensional: specific root length is independent from root tissue density and the plant economic spectrum. Journal of Ecology 104: 1299-1310.']
Length: 2, dtype: str",-0.1233591301384409,1.9429713186126407,AM
Prumnopitys_taxifolia,Prumnopitys,taxifolia,Podocarpaceae,Pinales,,"Kramer-Walter KR, Bellingham PJ, Millar TR, Smissen RD, Richardson SJ, Laughlin DC. 2016. Root traits are multidimensional: specific root length is independent from root tissue density and the plant economic spectrum. Journal of Ecology 104: 1299-1310.",-0.28741544133435,2.3979538000726293,AM
Prunella_vulgaris,Prunella,vulgaris,Lamiaceae,Lamiales,,"<StringArray>
['Roumet C, Birouste M, Picon-Cochard C, Ghestem M, Osman N, Vrignon-Brenas S, Cao K-F, Stokes A. 2016. Root structure-function relationships in 74 species: evidence of root economics spectrum related to carbon economy. New Phytologist 210: 815-826.', 'Poon GT, Maherali H. 2015. Competitive interactions between a nonmycorrhizal invasive plant, Alliaria petiolata, and a suite of mycorrhizal grassland, old field, and forest species. PeerJ 3: e1090']
Length: 2, dtype: str",-1.4656262104020212,5.566303758415884,AM
Prunus_alabamensis,Prunus,alabamensis,Rosaceae,Rosales,1.0,"Wang R, Wang Q, Zhao N, Xu Z, Zhu X, Jiao C, Yu G, He N. 2018. Different phylogenetic and environmental controls of first-order root morphological and nutrient traits: Evidence of multidimensional root traits. Special Focus on Functional Traits Along A Transect 32(1): 29-39.",-1.6424777665123005,4.963876121865704,AM
Prunus_armeniaca,Prunus,armeniaca,Rosaceae,Rosales,1.0,"Wang R, Wang Q, Zhao N, Xu Z, Zhu X, Jiao C, Yu G, He N. 2018. Different phylogenetic and environmental controls of first-order root morphological and nutrient traits: Evidence of multidimensional root traits. Special Focus on Functional Traits Along A Transect 32(1): 29-39.",-0.8141855089370014,3.518862936047514,AM
Prunus_avium,Prunus,avium,Rosaceae,Rosales,1.0,"Wang R, Wang Q, Zhao N, Xu Z, Zhu X, Jiao C, Yu G, He N. 2018. Different phylogenetic and environmental controls of first-order root morphological and nutrient traits: Evidence of multidimensional root traits. Special Focus on Functional Traits Along A Transect 32(1): 29-39.",-1.6066293601120614,4.956418997863008,AM
Prunus_padus,Prunus,padus,Rosaceae,Rosales,1.0,"Wang R, Wang Q, Zhao N, Xu Z, Zhu X, Jiao C, Yu G, He N. 2018. Different phylogenetic and environmental controls of first-order root morphological and nutrient traits: Evidence of multidimensional root traits. Special Focus on Functional Traits Along A Transect 32(1): 29-39.",-1.9166426513747448,5.50616332770253,AM
Prunus_persica,Prunus,persica,Rosaceae,Rosales,1.0,"Lavely EL, Chen W, Peterson KA, Klodd AE, Volder E, Marini RP, Eissenstat D. 2020. On characterizing root function in perennial horticultural crops. American Journal of Botany",-1.9207298505250152,4.334166494167092,AM
Prunus_sargentii,Prunus,sargentii,Rosaceae,Rosales,1.0,"<StringArray>
[' Valverde-Barrantes OJ, Smemo KA, Blackwood CB. 2014. Fine root morphology is phylogenetically structured, but nitrogen is related to the plant economics spectrum in temperate trees. Functional Ecology 29: 796-807.', 'Valverde et al (unpublished)']
Length: 2, dtype: str",-1.8415134857539672,4.399899946952382,AM
Prunus_serotina,Prunus,serotina,Rosaceae,Rosales,,"<StringArray>
[                                                                                                                                                   'Comas LH, Eissenstat DM. 2009. Patterns in root trait variation among 25 co-existing North American forest species. New Phytologist 182: 919-928.',
                                                     'Chen W, Koide RT, Adams TS, DeForest JL, Cheng L, Eissenstat DM. 2016. Root morphology and mycorrhizal symbioses together shape nutrient foraging strategies of temperate trees. Proceedings of the National Academy of Sciences 113: 8741-8746.',
 'Valverde-Barrantes OJ, Smemo KA,  Feinstein LM, Kershner MW, Blackwood CB. 2015. Aggregated and complementary: symmetric proliferation, overyielding, and mass effects explain fine-root biomass in soil patches in a diverse temperate deciduous forest landscape. New Phytologist 205(2): 731-742.']
Length: 3, dtype: str",-0.4574632348724531,3.0232165875237538,AM
Prunus_sibirica,Prunus,sibirica,Rosaceae,Rosales,1.0,"Shi W, Wang ZQ, Liu JL, Gu JC, Guo DL. 2008. Fine root morphology of twenty hardwood species in Maoershan Natural Secondary Forest in Northeastern China. Journal of Plant Ecology (Chinese Version) 32: 1217-1226.",-1.4765528573907178,4.701501623222388,AM
Prunus_virginiana,Prunus,virginiana,Rosaceae,Rosales,,"Poon GT, Maherali H. 2015. Competitive interactions between a nonmycorrhizal invasive plant, Alliaria petiolata, and a suite of mycorrhizal grassland, old field, and forest species. PeerJ 3: e1090",-1.0328245481301066,3.979612123671706,AM
Pseudopanax_crassifolius,Pseudopanax,crassifolius,Araliaceae,Apiales,,"<StringArray>
['Holdaway RJ, Richardson SJ, Dickie IA, Peltzer DA, Coomes DA. 2011. Species- and community-level patterns in fine root traits along a 120 000-year soil chronosequence in temperate rain forest. Journal of Ecology 99: 954-963.', 'Kramer-Walter KR, Bellingham PJ, Millar TR, Smissen RD, Richardson SJ, Laughlin DC. 2016. Root traits are multidimensional: specific root length is independent from root tissue density and the plant economic spectrum. Journal of Ecology 104: 1299-1310.']
Length: 2, dtype: str",-0.4002910168344353,3.1820720849325004,AM
Pseudosclerochloa_rupestris,Pseudosclerochloa,rupestris,Poaceae,Poales,,"Kembel SW, Cahill JF, Jr. 2011. Independent Evolution of Leaf and Root Traits within and among Temperate Grassland Plant Communities. PLoS ONE 6(6): e19992.",-1.8078888511579383,4.960266555333299,NMAM
Pseudotsuga_menziesii,Pseudotsuga,menziesii,Pinaceae,Pinales,,"Withington JM, Reich PB, Oleksyn J, Eissenstat DM. 2006. Comparisons of structure and life span in roots and leaves among temperate trees. Ecological Monographs 76: 381-397.",-0.5621189181535413,3.2068032436339315,EcM
Pseudowintera_colorata,Pseudowintera,colorata,Winteraceae,Canellales,,"<StringArray>
['Holdaway RJ, Richardson SJ, Dickie IA, Peltzer DA, Coomes DA. 2011. Species- and community-level patterns in fine root traits along a 120 000-year soil chronosequence in temperate rain forest. Journal of Ecology 99: 954-963.', 'Kramer-Walter KR, Bellingham PJ, Millar TR, Smissen RD, Richardson SJ, Laughlin DC. 2016. Root traits are multidimensional: specific root length is independent from root tissue density and the plant economic spectrum. Journal of Ecology 104: 1299-1310.']
Length: 2, dtype: str",-0.1789557987462295,2.608424832700646,AM
Psychotria_asiatica,Psychotria,asiatica,Rubiaceae,Gentianales,1.0,"<StringArray>
['Kong D, Ma C, Zhang Q, Li L, Chen X, Zeng H, Guo D. 2014. Leading dimensions in absorptive root trait variation across 96 subtropical forest species. New Phytologist 203: 863-872.', 'Wang R, Wang Q, Zhao N, Xu Z, Zhu X, Jiao C, Yu G, He N. 2018. Different phylogenetic and environmental controls of first-order root morphological and nutrient traits: Evidence of multidimensional root traits. Special Focus on Functional Traits Along A Transect 32(1): 29-39.']
Length: 2, dtype: str",-1.5670970719445754,4.474935068958718,AM
Pteridium_aquilinum,Pteridium,aquilinum,Dennstaedtiaceae,Polypodiales,1.0,"Wang R, Wang Q, Zhao N, Xu Z, Zhu X, Jiao C, Yu G, He N. 2018. Different phylogenetic and environmental controls of first-order root morphological and nutrient traits: Evidence of multidimensional root traits. Special Focus on Functional Traits Along A Transect 32(1): 29-39.",-1.3819040128185978,4.693539043184408,AM
Pterocarpus_indicus,Pterocarpus,indicus,Fabaceae,Fabales,,"Rajab YA, Holscher D, Leuschner C, Barus H, Tjoa A, Hertel D. 2018. Effects of shade tree cover and diversity on root system structure and dynamics in cacao agroforests: The role of root competition and space partitioning. Plant Soil 422: 349-369.",0.0,1.5260563034950494,AM
Pterospermum_acerifolium,Pterospermum,acerifolium,Malvaceae,Malvales,1.0,"Kong D, Ma C, Zhang Q, Li L, Chen X, Zeng H, Guo D. 2014. Leading dimensions in absorptive root trait variation across 96 subtropical forest species. New Phytologist 203: 863-872.",-1.2703263048759572,3.2449333591874905,AM
Pueraria_stricta,Pueraria,stricta,Fabaceae,Fabales,,"Roumet C, Birouste M, Picon-Cochard C, Ghestem M, Osman N, Vrignon-Brenas S, Cao K-F, Stokes A. 2016. Root structure-function relationships in 74 species: evidence of root economics spectrum related to carbon economy. New Phytologist 210: 815-826.",-0.4170317444796297,1.601405740736836,AM
Pycnanthemum_virginianum,Pycnanthemum,virginianum,Lamiaceae,Lamiales,,"Craine JM, Froehle J, Tilman DG, Wedin DA, Chapin FS. 2001. The relationships among root and leaf traits of 76 grassland species and relative abundance among fertility and disturbance gradients. Oikos 93: 274-285",-1.0788096613719298,4.430816798843313,AM
Pyrus_betulifolia,Pyrus,betulifolia,Rosaceae,Rosales,1.0,"Chen W, Zeng H, Eissenstat DM, Guo D. 2013. Variation of first-order root traits across climatic gradients and evolutionary trends in geological time. Global Ecology and Biogeography 22: 846-856.",-0.7421504359316949,2.872843822791624,AM
Pyrus_bourgaeana,Pyrus,bourgaeana,Rosaceae,Rosales,,"de la Riva, Navarro-Fernandez, Perez-Ramos, Villar, Maranon. Unpublished.",-0.8459487708179082,2.2300474258504157,AM
Quercus_alba,Quercus,alba,Fagaceae,Fagales,1.0,"<StringArray>
['McCormack ML, Adams TS, Smithwick EAH, Eissenstat DM. 2012. Predicting fine root lifespan from plant functional traits in temperate trees. New Phytologist 195:823-831.', 'Pregitzer KS, DeForest JL, Burton AJ, Allen MF, Ruess RW, Hendrick RL. 2002. Fine root architecture of nine North American trees. Ecological Monographs 72: 293-309.']
Length: 2, dtype: str",-1.7719568419318754,4.291417885803127,EcM
Quercus_aliena,Quercus,aliena,Fagaceae,Fagales,1.0,"<StringArray>
['Chen W, Zeng H, Eissenstat DM, Guo D. 2013. Variation of first-order root traits across climatic gradients and evolutionary trends in geological time. Global Ecology and Biogeography 22: 846-856.', 'Wang R, Wang Q, Zhao N, Xu Z, Zhu X, Jiao C, Yu G, He N. 2018. Different phylogenetic and environmental controls of first-order root morphological and nutrient traits: Evidence of multidimensional root traits. Special Focus on Functional Traits Along A Transect 32(1): 29-39.']
Length: 2, dtype: str",-1.744729564835804,4.617689267645409,EcM
Quercus_asymmetrica,Quercus,asymmetrica,Fagaceae,Fagales,1.0,"Kong D, Ma C, Zhang Q, Li L, Chen X, Zeng H, Guo D. 2014. Leading dimensions in absorptive root trait variation across 96 subtropical forest species. New Phytologist 203: 863-872.",-1.058315231903573,3.810654511039857,EcM
Quercus_bicolor,Quercus,bicolor,Fagaceae,Fagales,,"Valverde-Barrantes OJ, Smemo KA,  Feinstein LM, Kershner MW, Blackwood CB. 2015. Aggregated and complementary: symmetric proliferation, overyielding, and mass effects explain fine-root biomass in soil patches in a diverse temperate deciduous forest landscape. New Phytologist 205(2): 731-742.",-0.6127744574174347,3.4530200829815474,EcM
Quercus_canariensis,Quercus,canariensis,Fagaceae,Fagales,,"de la Riva, Navarro-Fernandez, Perez-Ramos, Villar, Maranon. Unpublished.",-0.8824933522908643,2.552651901209491,EcM
Quercus_coccifera,Quercus,coccifera,Fagaceae,Fagales,,"de la Riva, Navarro-Fernandez, Perez-Ramos, Villar, Maranon. Unpublished.",-0.7487744150182892,2.2988541711526858,EcM
Quercus_faginea,Quercus,faginea,Fagaceae,Fagales,,"de la Riva, Navarro-Fernandez, Perez-Ramos, Villar, Maranon. Unpublished.",-0.6774214800984629,2.1051146846126847,EcM
Quercus_glauca,Quercus,glauca,Fagaceae,Fagales,,"Sun L, Kominami Y, Yoshimura K, Kitayama K. 2017. Root-exudate flux variations among four co-existing canopy species in a temperate forest, Japan. Ecological Research 32: 331-339.",-1.5141277326297755,4.179145163914566,EcM
Quercus_ilex,Quercus,ilex,Fagaceae,Fagales,,"de la Riva, Navarro-Fernandez, Perez-Ramos, Villar, Maranon. Unpublished.",-0.597405275780442,1.995655703224955,EcM
Quercus_lowii,Quercus,lowii,Fagaceae,Fagales,,"Ushio M, Fujiki Y, Hidaka A, Kitayama K. 2015. Linkage of root physiology and morphology as an adaptation to soil phosphorus impoverishment in tropical montane forests. Functional Ecology 29: 1235-1245.",-1.0023934309275668,3.4331481428939825,EcM
Quercus_macrocarpa,Quercus,macrocarpa,Fagaceae,Fagales,,"Poon GT, Maherali H. 2015. Competitive interactions between a nonmycorrhizal invasive plant, Alliaria petiolata, and a suite of mycorrhizal grassland, old field, and forest species. PeerJ 3: e1090",-1.2463237448664664,3.863577169390978,EcM
Quercus_mongolica,Quercus,mongolica,Fagaceae,Fagales,1.0,"<StringArray>
['Shi W, Wang ZQ, Liu JL, Gu JC, Guo DL. 2008. Fine root morphology of twenty hardwood species in Maoershan Natural Secondary Forest in Northeastern China. Journal of Plant Ecology (Chinese Version) 32: 1217-1226.', 'Wang R, Wang Q, Zhao N, Xu Z, Zhu X, Jiao C, Yu G, He N. 2018. Different phylogenetic and environmental controls of first-order root morphological and nutrient traits: Evidence of multidimensional root traits. Special Focus on Functional Traits Along A Transect 32(1): 29-39.']
Length: 2, dtype: str",-1.5231202030595643,4.597080072390454,EcM
Quercus_multinervis,Quercus,multinervis,Fagaceae,Fagales,1.0,"Wang R, Wang Q, Zhao N, Xu Z, Zhu X, Jiao C, Yu G, He N. 2018. Different phylogenetic and environmental controls of first-order root morphological and nutrient traits: Evidence of multidimensional root traits. Special Focus on Functional Traits Along A Transect 32(1): 29-39.",-1.462851483842046,4.345563147836171,EcM
Quercus_oxyodon,Quercus,oxyodon,Fagaceae,Fagales,1.0,"Wang R, Wang Q, Zhao N, Xu Z, Zhu X, Jiao C, Yu G, He N. 2018. Different phylogenetic and environmental controls of first-order root morphological and nutrient traits: Evidence of multidimensional root traits. Special Focus on Functional Traits Along A Transect 32(1): 29-39.",-1.7080159257951957,5.158334149593464,EcM
Quercus_palustris,Quercus,palustris,Fagaceae,Fagales,,"Valverde-Barrantes OJ, Smemo KA,  Feinstein LM, Kershner MW, Blackwood CB. 2015. Aggregated and complementary: symmetric proliferation, overyielding, and mass effects explain fine-root biomass in soil patches in a diverse temperate deciduous forest landscape. New Phytologist 205(2): 731-742.",-0.6864695258067048,3.6298774545165577,EcM
Quercus_robur,Quercus,robur,Fagaceae,Fagales,1.0," Zadworny M, McCormack ML, Rawlik K, Jagodzinski AM. 2015. Seasonal variation in chemistry, but not morphology, in roots of Quercus robur growing in different soil types. Tree Physiology 35: 644-652.",-1.4639744985838203,3.585946812579365,EcM
Quercus_rubra,Quercus,rubra,Fagaceae,Fagales,1.0,"McCormack ML, Adams TS, Smithwick EAH, Eissenstat DM. 2012. Predicting fine root lifespan from plant functional traits in temperate trees. New Phytologist 195:823-831.",-1.791759469228055,4.161951288268011,EcM
Quercus_serrata,Quercus,serrata,Fagaceae,Fagales,1.0,"Wang R, Wang Q, Zhao N, Xu Z, Zhu X, Jiao C, Yu G, He N. 2018. Different phylogenetic and environmental controls of first-order root morphological and nutrient traits: Evidence of multidimensional root traits. Special Focus on Functional Traits Along A Transect 32(1): 29-39.",-1.697245060511026,4.854558315702191,EcM
Quercus_suber,Quercus,suber,Fagaceae,Fagales,,"de la Riva, Navarro-Fernandez, Perez-Ramos, Villar, Maranon. Unpublished.",-1.0632692763961136,2.945127112348485,EcM
Quercus_variabilis,Quercus,variabilis,Fagaceae,Fagales,1.0,"Chen W, Zeng H, Eissenstat DM, Guo D. 2013. Variation of first-order root traits across climatic gradients and evolutionary trends in geological time. Global Ecology and Biogeography 22: 846-856.",-1.968788933876298,4.384073327019456,EcM
Quercus_wutaishanica,Quercus,wutaishanica,Fagaceae,Fagales,1.0,"<StringArray>
['Chen W, Zeng H, Eissenstat DM, Guo D. 2013. Variation of first-order root traits across climatic gradients and evolutionary trends in geological time. Global Ecology and Biogeography 22: 846-856.', 'Wang R, Wang Q, Zhao N, Xu Z, Zhu X, Jiao C, Yu G, He N. 2018. Different phylogenetic and environmental controls of first-order root morphological and nutrient traits: Evidence of multidimensional root traits. Special Focus on Functional Traits Along A Transect 32(1): 29-39.']
Length: 2, dtype: str",-1.245372950897588,4.012031738872642,EcM
Quintinia_serrata,Quintinia,serrata,Paracryphiaceae,Paracryphiales,,"<StringArray>
['Holdaway RJ, Richardson SJ, Dickie IA, Peltzer DA, Coomes DA. 2011. Species- and community-level patterns in fine root traits along a 120 000-year soil chronosequence in temperate rain forest. Journal of Ecology 99: 954-963.', 'Kramer-Walter KR, Bellingham PJ, Millar TR, Smissen RD, Richardson SJ, Laughlin DC. 2016. Root traits are multidimensional: specific root length is independent from root tissue density and the plant economic spectrum. Journal of Ecology 104: 1299-1310.']
Length: 2, dtype: str",-0.9810959552402708,3.6095164482813833,AM
Ranunculus_acris,Ranunculus,acris,Ranunculaceae,Ranunculales,,"Smith SW, Woodin SJ, Pakeman RJ, Johnson D, van der Wal R. 2014. Root traits predict decomposition across a landscape-scale grazing experiment. New Phytologist 203: 851-862.",-1.171182981502945,1.935859813201812,AM
Rapanea_australis,Rapanea,australis,Primulaceae,Ericales,,"<StringArray>
['Holdaway RJ, Richardson SJ, Dickie IA, Peltzer DA, Coomes DA. 2011. Species- and community-level patterns in fine root traits along a 120 000-year soil chronosequence in temperate rain forest. Journal of Ecology 99: 954-963.', 'Kramer-Walter KR, Bellingham PJ, Millar TR, Smissen RD, Richardson SJ, Laughlin DC. 2016. Root traits are multidimensional: specific root length is independent from root tissue density and the plant economic spectrum. Journal of Ecology 104: 1299-1310.']
Length: 2, dtype: str",-0.9020796887801914,3.6431529372184897,AM
Rapanea_divaricata,Rapanea,divaricata,Primulaceae,Ericales,,"<StringArray>
['Holdaway RJ, Richardson SJ, Dickie IA, Peltzer DA, Coomes DA. 2011. Species- and community-level patterns in fine root traits along a 120 000-year soil chronosequence in temperate rain forest. Journal of Ecology 99: 954-963.', 'Kramer-Walter KR, Bellingham PJ, Millar TR, Smissen RD, Richardson SJ, Laughlin DC. 2016. Root traits are multidimensional: specific root length is independent from root tissue density and the plant economic spectrum. Journal of Ecology 104: 1299-1310.']
Length: 2, dtype: str",-0.9680665988214664,3.6504980557807416,AM
Ratibida_pinnata,Ratibida,pinnata,Asteraceae,Asterales,,"Craine JM, Froehle J, Tilman DG, Wedin DA, Chapin FS. 2001. The relationships among root and leaf traits of 76 grassland species and relative abundance among fertility and disturbance gradients. Oikos 93: 274-285",-0.8209805520698302,4.02535169073515,AM
Raukaua_simplex,Raukaua,simplex,Araliaceae,Apiales,,"Holdaway RJ, Richardson SJ, Dickie IA, Peltzer DA, Coomes DA. 2011. Species- and community-level patterns in fine root traits along a 120 000-year soil chronosequence in temperate rain forest. Journal of Ecology 99: 954-963.",-1.0216512475319814,3.459466289786131,AM
Rhamnus_alaternus,Rhamnus,alaternus,Rhamnaceae,Rosales,,"de la Riva, Navarro-Fernandez, Perez-Ramos, Villar, Maranon. Unpublished.",-1.0199166417197731,2.7821448194524847,AM
Rhamnus_davurica,Rhamnus,davurica,Rhamnaceae,Rosales,1.0,"Wang R, Wang Q, Zhao N, Xu Z, Zhu X, Jiao C, Yu G, He N. 2018. Different phylogenetic and environmental controls of first-order root morphological and nutrient traits: Evidence of multidimensional root traits. Special Focus on Functional Traits Along A Transect 32(1): 29-39.",-1.7120245012092017,5.19709489569434,AM
Rhamnus_lycioides,Rhamnus,lycioides,Rhamnaceae,Rosales,,"de la Riva, Navarro-Fernandez, Perez-Ramos, Villar, Maranon. Unpublished.",-1.1427993135577832,3.222429909620088,AM
Rhaphiolepis_indica,Rhaphiolepis,indica,Rosaceae,Rosales,1.0,"Kong D, Ma C, Zhang Q, Li L, Chen X, Zeng H, Guo D. 2014. Leading dimensions in absorptive root trait variation across 96 subtropical forest species. New Phytologist 203: 863-872.",-1.932332740641626,4.463491407656154,AM
Rhodoleia_championii,Rhodoleia,championii,Hamamelidaceae,Saxifragales,1.0,"Chen W, Zeng H, Eissenstat DM, Guo D. 2013. Variation of first-order root traits across climatic gradients and evolutionary trends in geological time. Global Ecology and Biogeography 22: 846-856.",-1.1874435023747254,3.8406558890797298,AM
Rhopalostylis_sapida,Rhopalostylis,sapida,Arecaceae,Arecales,,"Kramer-Walter KR, Bellingham PJ, Millar TR, Smissen RD, Richardson SJ, Laughlin DC. 2016. Root traits are multidimensional: specific root length is independent from root tissue density and the plant economic spectrum. Journal of Ecology 104: 1299-1310.",-0.6680644001924823,3.1034160946192197,AM
Rhus_chinensis,Rhus,chinensis,Anacardiaceae,Sapindales,,"Roumet C, Birouste M, Picon-Cochard C, Ghestem M, Osman N, Vrignon-Brenas S, Cao K-F, Stokes A. 2016. Root structure-function relationships in 74 species: evidence of root economics spectrum related to carbon economy. New Phytologist 210: 815-826.",-0.3595361762197646,1.6789639750827108,AM
Rhus_typhina,Rhus,typhina,Anacardiaceae,Sapindales,,"Comas LH, Eissenstat DM. 2009. Patterns in root trait variation among 25 co-existing North American forest species. New Phytologist 182: 919-928.",-0.7985076962177716,4.329416684401584,AM
Rosa_acicularis,Rosa,acicularis,Rosaceae,Rosales,1.0,"Wang R, Wang Q, Zhao N, Xu Z, Zhu X, Jiao C, Yu G, He N. 2018. Different phylogenetic and environmental controls of first-order root morphological and nutrient traits: Evidence of multidimensional root traits. Special Focus on Functional Traits Along A Transect 32(1): 29-39.",-1.2337449626596062,4.022385435031041,AM
Rosa_arkansana,Rosa,arkansana,Rosaceae,Rosales,,"Kembel SW, Cahill JF, Jr. 2011. Independent Evolution of Leaf and Root Traits within and among Temperate Grassland Plant Communities. PLoS ONE 6(6): e19992.",-1.1856418476412125,3.726321455046138,AM
Rosa_canina,Rosa,canina,Rosaceae,Rosales,,"de la Riva, Navarro-Fernandez, Perez-Ramos, Villar, Maranon. Unpublished.",-0.6529173613408791,2.540897280645857,AM
Rosa_xanthina,Rosa,xanthina,Rosaceae,Rosales,1.0,"Wang R, Wang Q, Zhao N, Xu Z, Zhu X, Jiao C, Yu G, He N. 2018. Different phylogenetic and environmental controls of first-order root morphological and nutrient traits: Evidence of multidimensional root traits. Special Focus on Functional Traits Along A Transect 32(1): 29-39.",-1.6906479678596436,5.22768711832685,AM
Rosmarinus_officinalis,Rosmarinus,officinalis,Lamiaceae,Lamiales,,"de la Riva, Navarro-Fernandez, Perez-Ramos, Villar, Maranon. Unpublished.",-0.8572359690928401,2.467363963126187,AM
Rubia_peregrina,Rubia,peregrina,Rubiaceae,Gentianales,,"<StringArray>
['Birouste M, Kazakou E, Blanchard A, Roumet C. 2012. Plant traits and decomposition: are the relationships for roots comparable to those for leaves? Annals of Botany 109: 463-472. ', 'Roumet C, Birouste M, Picon-Cochard C, Ghestem M, Osman N, Vrignon-Brenas S, Cao K-F, Stokes A. 2016. Root structure-function relationships in 74 species: evidence of root economics spectrum related to carbon economy. New Phytologist 210: 815-826.']
Length: 2, dtype: str",-1.0147308046874075,4.645351975620923,AM
Rubus_allegheniensis,Rubus,allegheniensis,Rosaceae,Rosales,,"Caplan JS, Stone BWG, Faillace CA, Lafond JJ, Baumgarten JM, Mozdzer TJ, Dighton J, Meiners SJ, Grabosky JC, Ehrenfeld JG. 2017. Nutrient foraging strategies are associated with productivity and population growth in forest shrubs. Annals of Botany 119: 977-988.",-1.6349964724737638,3.2664288641140624,AM
Rubus_corchorifolius,Rubus,corchorifolius,Rosaceae,Rosales,,"Fu X, Wang J, Wang H, Dai X, Yang F, Zhao M. 2016. Response of the fine root production, phenology, and turnover rate of six shrub species from a subtropical forest to a soil moisture gradient and shading. Plant Soil 399: 135-146. ",-1.203972804325936,6.100094711633431,AM
Rubus_crataegifolius,Rubus,crataegifolius,Rosaceae,Rosales,1.0,"Wang R, Wang Q, Zhao N, Xu Z, Zhu X, Jiao C, Yu G, He N. 2018. Different phylogenetic and environmental controls of first-order root morphological and nutrient traits: Evidence of multidimensional root traits. Special Focus on Functional Traits Along A Transect 32(1): 29-39.",-1.8898134097034431,5.64788850177962,AM
Rubus_idaeus,Rubus,idaeus,Rosaceae,Rosales,1.0,"Wang R, Wang Q, Zhao N, Xu Z, Zhu X, Jiao C, Yu G, He N. 2018. Different phylogenetic and environmental controls of first-order root morphological and nutrient traits: Evidence of multidimensional root traits. Special Focus on Functional Traits Along A Transect 32(1): 29-39.",-1.708982042770487,5.145917113662598,AM
Rubus_irritans,Rubus,irritans,Rosaceae,Rosales,1.0,"Wang R, Wang Q, Zhao N, Xu Z, Zhu X, Jiao C, Yu G, He N. 2018. Different phylogenetic and environmental controls of first-order root morphological and nutrient traits: Evidence of multidimensional root traits. Special Focus on Functional Traits Along A Transect 32(1): 29-39.",-1.731605546408308,5.260971191549772,AM
Rubus_phoenicolasius,Rubus,phoenicolasius,Rosaceae,Rosales,,"Caplan JS, Stone BWG, Faillace CA, Lafond JJ, Baumgarten JM, Mozdzer TJ, Dighton J, Meiners SJ, Grabosky JC, Ehrenfeld JG. 2017. Nutrient foraging strategies are associated with productivity and population growth in forest shrubs. Annals of Botany 119: 977-988.",-1.5050154951529964,3.195567292117267,AM
Rubus_rosifolius,Rubus,rosifolius,Rosaceae,Rosales,1.0,"Wang R, Wang Q, Zhao N, Xu Z, Zhu X, Jiao C, Yu G, He N. 2018. Different phylogenetic and environmental controls of first-order root morphological and nutrient traits: Evidence of multidimensional root traits. Special Focus on Functional Traits Along A Transect 32(1): 29-39.",-2.1346726844885096,5.766636300616433,AM
Rubus_ulmifolius,Rubus,ulmifolius,Rosaceae,Rosales,,"de la Riva, Navarro-Fernandez, Perez-Ramos, Villar, Maranon. Unpublished.",-1.102742682010621,2.9745224117776665,AM
Rudbeckia_hirta,Rudbeckia,hirta,Asteraceae,Asterales,,"Poon GT, Maherali H. 2015. Competitive interactions between a nonmycorrhizal invasive plant, Alliaria petiolata, and a suite of mycorrhizal grassland, old field, and forest species. PeerJ 3: e1090",-1.3327915096025842,5.69426756890243,AM
Rumex_acetosa,Rumex,acetosa,Polygonaceae,Caryophyllales,,"Smith SW, Woodin SJ, Pakeman RJ, Johnson D, van der Wal R. 2014. Root traits predict decomposition across a landscape-scale grazing experiment. New Phytologist 203: 851-862.",-1.171182981502945,1.5810384379124025,NMAM
Rumex_acetosella,Rumex,acetosella,Polygonaceae,Caryophyllales,,"Craine JM, Froehle J, Tilman DG, Wedin DA, Chapin FS. 2001. The relationships among root and leaf traits of 76 grassland species and relative abundance among fertility and disturbance gradients. Oikos 93: 274-285",-1.0788096613719298,4.844187086458591,NMAM
Rungia_pectinata,Rungia,pectinata,Acanthaceae,Lamiales,,"Roumet C, Birouste M, Picon-Cochard C, Ghestem M, Osman N, Vrignon-Brenas S, Cao K-F, Stokes A. 2016. Root structure-function relationships in 74 species: evidence of root economics spectrum related to carbon economy. New Phytologist 210: 815-826.",-0.8119307165499123,2.9161477942111484,AM
Rytidosperma_caespitosum,Rytidosperma,caespitosum,Poaceae,Poales,,"Mokany K, Ash J. 2008. Are traits measured on pot grown plants representative of those in natural communities? Journal of Vegetation Science 19: 119-126.",-1.305636458102436,5.128121989551922,AM
Rytidosperma_carphoides,Rytidosperma,carphoides,Poaceae,Poales,,"Mokany K, Ash J. 2008. Are traits measured on pot grown plants representative of those in natural communities? Journal of Vegetation Science 19: 119-126.",-1.1583622930738835,4.672361435528415,AM
Rytidosperma_pallidum,Rytidosperma,pallidum,Poaceae,Poales,,"Mokany K, Ash J. 2008. Are traits measured on pot grown plants representative of those in natural communities? Journal of Vegetation Science 19: 119-126.",-0.770028224895903,3.7281001672672174,AM
Rytidosperma_richardsonii,Rytidosperma,richardsonii,Poaceae,Poales,,"Hill JO, Simpson RJ, Moore AD, Chapman DF. 2006. Morphology and response of roots of pasture species to phosphorus and nitrogen nutrition. Plant and Soil 286: 7-19.",-1.5609454600367378,5.204880305864415,AM
Salix_atrocinerea,Salix,atrocinerea,Salicaceae,Malpighiales,,"de la Riva, Navarro-Fernandez, Perez-Ramos, Villar, Maranon. Unpublished.",-0.9680446586523068,3.163929590823813,EcMAM
Salix_caprea,Salix,caprea,Salicaceae,Malpighiales,1.0,"Chen W, Zeng H, Eissenstat DM, Guo D. 2013. Variation of first-order root traits across climatic gradients and evolutionary trends in geological time. Global Ecology and Biogeography 22: 846-856.",-2.1647526195430937,4.840606305943966,EcMAM
Salix_gordejevii,Salix,gordejevii,Salicaceae,Malpighiales,1.0,"Huang G, Zhao  X-Y, Zhao H-L, Huang Y-X, Zuo X-A. 2010. Linking root morphology, longevity and function to root branch order: a case study in three shrubs. Plant Soil 336: 197-208.",-1.9661128563728327,5.255879483850069,EcMAM
Salix_pierotii,Salix,pierotii,Salicaceae,Malpighiales,1.0,"Shi W, Wang ZQ, Liu JL, Gu JC, Guo DL. 2008. Fine root morphology of twenty hardwood species in Maoershan Natural Secondary Forest in Northeastern China. Journal of Plant Ecology (Chinese Version) 32: 1217-1226.",-1.4975478730892593,5.140414486095638,EcMAM
Salix_raddeana,Salix,raddeana,Salicaceae,Malpighiales,1.0,"Wang R, Wang Q, Zhao N, Xu Z, Zhu X, Jiao C, Yu G, He N. 2018. Different phylogenetic and environmental controls of first-order root morphological and nutrient traits: Evidence of multidimensional root traits. Special Focus on Functional Traits Along A Transect 32(1): 29-39.",-2.11279152136139,5.802261266376117,EcMAM
Salix_viminalis,Salix,viminalis,Salicaceae,Malpighiales,1.0,"Wang R, Wang Q, Zhao N, Xu Z, Zhu X, Jiao C, Yu G, He N. 2018. Different phylogenetic and environmental controls of first-order root morphological and nutrient traits: Evidence of multidimensional root traits. Special Focus on Functional Traits Along A Transect 32(1): 29-39.",-1.9608886690906255,5.764240858969673,EcMAM
Salvia_chinensis,Salvia,chinensis,Lamiaceae,Lamiales,1.0,"Wang R, Wang Q, Zhao N, Xu Z, Zhu X, Jiao C, Yu G, He N. 2018. Different phylogenetic and environmental controls of first-order root morphological and nutrient traits: Evidence of multidimensional root traits. Special Focus on Functional Traits Along A Transect 32(1): 29-39.",-1.8375940055718545,5.797148617256237,AM
Sambucus_canadensis,Sambucus,canadensis,Adoxaceae,Dipsacales,,"Poon GT, Maherali H. 2015. Competitive interactions between a nonmycorrhizal invasive plant, Alliaria petiolata, and a suite of mycorrhizal grassland, old field, and forest species. PeerJ 3: e1090",-0.893453497971398,5.167856335421548,AM
Sambucus_williamsii,Sambucus,williamsii,Adoxaceae,Dipsacales,1.0,"<StringArray>
['Chen W, Zeng H, Eissenstat DM, Guo D. 2013. Variation of first-order root traits across climatic gradients and evolutionary trends in geological time. Global Ecology and Biogeography 22: 846-856.', 'Wang R, Wang Q, Zhao N, Xu Z, Zhu X, Jiao C, Yu G, He N. 2018. Different phylogenetic and environmental controls of first-order root morphological and nutrient traits: Evidence of multidimensional root traits. Special Focus on Functional Traits Along A Transect 32(1): 29-39.']
Length: 2, dtype: str",-1.14348459495051,4.858619698797443,AM
Sanguisorba_minor,Sanguisorba,minor,Rosaceae,Rosales,,"<StringArray>
['Roumet C, Birouste M, Picon-Cochard C, Ghestem M, Osman N, Vrignon-Brenas S, Cao K-F, Stokes A. 2016. Root structure-function relationships in 74 species: evidence of root economics spectrum related to carbon economy. New Phytologist 210: 815-826.',
                                                                 'Fort F, Volaire F, Guilioni L, Barkaoui K, Navas ML, Roumet C. 2017. Root traits are related to plant water-use among rangeland Mediterranean species. Functional Ecology 31: 1700-1709',
                                                         'Poirier V, Roumet C, Angers DA, Munson AD. 2018. Species and root traits impact macroaggregation in the rhizospheric soil of a Mediterranean common garden experiment. Plant Soil 424: 289-302.',
                                                                                                                                                                                                                                 'Comas - Pasture species']
Length: 4, dtype: str",-0.5253898507700704,4.409100289823117,AM
Sanguisorba_officinalis,Sanguisorba,officinalis,Rosaceae,Rosales,1.0,"Chen W, Zeng H, Eissenstat DM, Guo D. 2013. Variation of first-order root traits across climatic gradients and evolutionary trends in geological time. Global Ecology and Biogeography 22: 846-856.",-0.9260254609710522,3.902578546600146,AM
Sanicula_orthacantha,Sanicula,orthacantha,Apiaceae,Apiales,1.0,"Wang R, Wang Q, Zhao N, Xu Z, Zhu X, Jiao C, Yu G, He N. 2018. Different phylogenetic and environmental controls of first-order root morphological and nutrient traits: Evidence of multidimensional root traits. Special Focus on Functional Traits Along A Transect 32(1): 29-39.",-1.6361669721761247,5.021999850863013,AM
Saprosma_ternatum,Saprosma,ternatum,Rubiaceae,Gentianales,1.0,"Kong D, Ma C, Zhang Q, Li L, Chen X, Zeng H, Guo D. 2014. Leading dimensions in absorptive root trait variation across 96 subtropical forest species. New Phytologist 203: 863-872.",-1.930607829046871,4.761746493030188,AM
Sarcandra_glabra,Sarcandra,glabra,Chloranthaceae,Chloranthales,1.0,"Wang R, Wang Q, Zhao N, Xu Z, Zhu X, Jiao C, Yu G, He N. 2018. Different phylogenetic and environmental controls of first-order root morphological and nutrient traits: Evidence of multidimensional root traits. Special Focus on Functional Traits Along A Transect 32(1): 29-39.",-0.6918563140866899,3.4173372896126404,AM
Sassafras_albidum,Sassafras,albidum,Lauraceae,Laurales,1.0,"<StringArray>
[' Valverde-Barrantes OJ, Smemo KA, Blackwood CB. 2014. Fine root morphology is phylogenetically structured, but nitrogen is related to the plant economics spectrum in temperate trees. Functional Ecology 29: 796-807.',
                                                'McCormack ML, Adams TS, Smithwick EAH, Eissenstat DM. 2012. Predicting fine root lifespan from plant functional traits in temperate trees. New Phytologist 195:823-831.',
                                                                                                                                                                                           'Valverde et al (unpublished)']
Length: 3, dtype: str",-0.6044815872076233,2.8023645316374526,NMAM
Saussurea_amurensis,Saussurea,amurensis,Asteraceae,Asterales,1.0,"Wang R, Wang Q, Zhao N, Xu Z, Zhu X, Jiao C, Yu G, He N. 2018. Different phylogenetic and environmental controls of first-order root morphological and nutrient traits: Evidence of multidimensional root traits. Special Focus on Functional Traits Along A Transect 32(1): 29-39.",-1.6039529822035308,5.5051756973674,AM
Saussurea_mongolica,Saussurea,mongolica,Asteraceae,Asterales,1.0,"Wang R, Wang Q, Zhao N, Xu Z, Zhu X, Jiao C, Yu G, He N. 2018. Different phylogenetic and environmental controls of first-order root morphological and nutrient traits: Evidence of multidimensional root traits. Special Focus on Functional Traits Along A Transect 32(1): 29-39.",-1.526016304295028,5.015324960401109,AM
Saussurea_nivea,Saussurea,nivea,Asteraceae,Asterales,1.0,"Wang R, Wang Q, Zhao N, Xu Z, Zhu X, Jiao C, Yu G, He N. 2018. Different phylogenetic and environmental controls of first-order root morphological and nutrient traits: Evidence of multidimensional root traits. Special Focus on Functional Traits Along A Transect 32(1): 29-39.",-1.3178883284558305,4.7660689036512505,AM
Schefflera_digitata,Schefflera,digitata,Araliaceae,Apiales,,"<StringArray>
['Holdaway RJ, Richardson SJ, Dickie IA, Peltzer DA, Coomes DA. 2011. Species- and community-level patterns in fine root traits along a 120 000-year soil chronosequence in temperate rain forest. Journal of Ecology 99: 954-963.', 'Kramer-Walter KR, Bellingham PJ, Millar TR, Smissen RD, Richardson SJ, Laughlin DC. 2016. Root traits are multidimensional: specific root length is independent from root tissue density and the plant economic spectrum. Journal of Ecology 104: 1299-1310.']
Length: 2, dtype: str",-0.5290320257079781,3.8132561635075457,AM
Schefflera_heptaphylla,Schefflera,heptaphylla,Araliaceae,Apiales,1.0,"Wang R, Wang Q, Zhao N, Xu Z, Zhu X, Jiao C, Yu G, He N. 2018. Different phylogenetic and environmental controls of first-order root morphological and nutrient traits: Evidence of multidimensional root traits. Special Focus on Functional Traits Along A Transect 32(1): 29-39.",-1.3072983548933927,5.059335988231617,AM
Schefflera_minutistellata,Schefflera,minutistellata,Araliaceae,Apiales,1.0,"Kong D, Ma C, Zhang Q, Li L, Chen X, Zeng H, Guo D. 2014. Leading dimensions in absorptive root trait variation across 96 subtropical forest species. New Phytologist 203: 863-872.",-1.100724517854384,3.635214929528243,AM
Schima_superba,Schima,superba,Theaceae,Ericales,1.0,"<StringArray>
['Liu B, Li H, Zhu B, Koide RT, Eissenstat DM, Guo D. 2015. Complementarity between roots and AM fungi in nutrient foraging strategies. New Phytologist 208: 125-136.', 'Wang R, Wang Q, Zhao N, Xu Z, Zhu X, Jiao C, Yu G, He N. 2018. Different phylogenetic and environmental controls of first-order root morphological and nutrient traits: Evidence of multidimensional root traits. Special Focus on Functional Traits Along A Transect 32(1): 29-39.']
Length: 2, dtype: str",-1.5822552319060437,4.939375865909224,AM
Schima_wallichii,Schima,wallichii,Theaceae,Ericales,1.0,"Kong D, Ma C, Zhang Q, Li L, Chen X, Zeng H, Guo D. 2014. Leading dimensions in absorptive root trait variation across 96 subtropical forest species. New Phytologist 203: 863-872.",-1.427699859178562,4.58934563564112,AM
Schizachyrium_scoparium,Schizachyrium,scoparium,Poaceae,Poales,,"<StringArray>
['Craine JM, Froehle J, Tilman DG, Wedin DA, Chapin FS. 2001. The relationships among root and leaf traits of 76 grassland species and relative abundance among fertility and disturbance gradients. Oikos 93: 274-285', 'Craine J. Unpublished data.']
Length: 2, dtype: str",-0.9569695074840612,3.986735115817894,AM
Schoepfia_jasminodora,Schoepfia,jasminodora,Schoepfiaceae,Santalales,1.0,"Wang R, Wang Q, Zhao N, Xu Z, Zhu X, Jiao C, Yu G, He N. 2018. Different phylogenetic and environmental controls of first-order root morphological and nutrient traits: Evidence of multidimensional root traits. Special Focus on Functional Traits Along A Transect 32(1): 29-39.",-1.6557436653106117,4.400389762662409,AM
Serissa_japonica,Serissa,japonica,Rubiaceae,Gentianales,,"Fu X, Wang J, Wang H, Dai X, Yang F, Zhao M. 2016. Response of the fine root production, phenology, and turnover rate of six shrub species from a subtropical forest to a soil moisture gradient and shading. Plant Soil 399: 135-146. ",-1.1086626245216111,6.228905403123016,AM
Shorea_acuminata,Shorea,acuminata,Dipterocarpaceae,Malvales,,"Makita N, Kosugi Y, Dannoura M, Takanashi S, Niiyama K, Kassim AR, Nik AR. 2012. Patterns of root respiration rates and morphological traits in 13 tree species in a tropical forest. Tree Physiology 32: 303-312.",-0.8721661967494261,3.313569615107139,EcM
Shorea_leprosula,Shorea,leprosula,Dipterocarpaceae,Malvales,,"Makita N, Kosugi Y, Dannoura M, Takanashi S, Niiyama K, Kassim AR, Nik AR. 2012. Patterns of root respiration rates and morphological traits in 13 tree species in a tropical forest. Tree Physiology 32: 303-312.",-1.0734262544155966,3.218846728444904,EcM
Shorea_multiflora,Shorea,multiflora,Dipterocarpaceae,Malvales,,"Makita N, Kosugi Y, Dannoura M, Takanashi S, Niiyama K, Kassim AR, Nik AR. 2012. Patterns of root respiration rates and morphological traits in 13 tree species in a tropical forest. Tree Physiology 32: 303-312.",-0.1259034168891556,0.6628897455013167,EcM
Sibbaldianthe_bifurca,Sibbaldianthe,bifurca,Rosaceae,Rosales,,"Zhou M, Wang J, Bai W, Zhang Y, Zhang W-H. 2019. The response of root traits to precipitation change of herbaceous species in temperate steppes. Functional Ecology, in press.",-1.3280254529959148,3.944683787667695,AM
Sida_acuta,Sida,acuta,Malvaceae,Malvales,,"Roumet C, Birouste M, Picon-Cochard C, Ghestem M, Osman N, Vrignon-Brenas S, Cao K-F, Stokes A. 2016. Root structure-function relationships in 74 species: evidence of root economics spectrum related to carbon economy. New Phytologist 210: 815-826.",-0.8964881045779755,2.949164637737656,AM
Sideritis_pusilla,Sideritis,pusilla,Lamiaceae,Lamiales,,"de la Riva, Navarro-Fernandez, Perez-Ramos, Villar, Maranon. Unpublished.",-1.1562149188045685,1.9670460126870184,AM
Silene_rupestris,Silene,rupestris,Caryophyllaceae,Caryophyllales,,"Roumet C, Birouste M, Picon-Cochard C, Ghestem M, Osman N, Vrignon-Brenas S, Cao K-F, Stokes A. 2016. Root structure-function relationships in 74 species: evidence of root economics spectrum related to carbon economy. New Phytologist 210: 815-826.",-0.5516476182862459,2.8707357833793057,NMAM
Smilax_aspera,Smilax,aspera,Smilacaceae,Liliales,,"de la Riva, Navarro-Fernandez, Perez-Ramos, Villar, Maranon. Unpublished.",-0.7548763183796662,2.3310310236994383,AM
Smilax_trinervula,Smilax,trinervula,Smilacaceae,Liliales,1.0,"Wang R, Wang Q, Zhao N, Xu Z, Zhu X, Jiao C, Yu G, He N. 2018. Different phylogenetic and environmental controls of first-order root morphological and nutrient traits: Evidence of multidimensional root traits. Special Focus on Functional Traits Along A Transect 32(1): 29-39.",-1.1739827035212294,4.697894312108901,AM
Solanum_americanum,Solanum,americanum,Solanaceae,Solanales,,"Roumet C, Birouste M, Picon-Cochard C, Ghestem M, Osman N, Vrignon-Brenas S, Cao K-F, Stokes A. 2016. Root structure-function relationships in 74 species: evidence of root economics spectrum related to carbon economy. New Phytologist 210: 815-826.",-0.8843076860211043,3.7395725684294554,AM
Solidago_canadensis,Solidago,canadensis,Asteraceae,Asterales,,"Poon GT, Maherali H. 2015. Competitive interactions between a nonmycorrhizal invasive plant, Alliaria petiolata, and a suite of mycorrhizal grassland, old field, and forest species. PeerJ 3: e1090",-1.5813364823232257,6.046421490121615,AM
Solidago_decurrens,Solidago,decurrens,Asteraceae,Asterales,1.0,"Wang R, Wang Q, Zhao N, Xu Z, Zhu X, Jiao C, Yu G, He N. 2018. Different phylogenetic and environmental controls of first-order root morphological and nutrient traits: Evidence of multidimensional root traits. Special Focus on Functional Traits Along A Transect 32(1): 29-39.",-1.3934196860624792,5.312633154910845,AM
Solidago_missouriensis,Solidago,missouriensis,Asteraceae,Asterales,,"Kembel SW, Cahill JF, Jr. 2011. Independent Evolution of Leaf and Root Traits within and among Temperate Grassland Plant Communities. PLoS ONE 6(6): e19992.",-1.1278866303423978,4.607294958060293,AM
Solidago_nemoralis,Solidago,nemoralis,Asteraceae,Asterales,,"<StringArray>
['Craine JM, Froehle J, Tilman DG, Wedin DA, Chapin FS. 2001. The relationships among root and leaf traits of 76 grassland species and relative abundance among fertility and disturbance gradients. Oikos 93: 274-285', 'Comas - Pasture species']
Length: 2, dtype: str",-1.0028703838886066,5.764657181120432,AM
Solidago_ptarmicoides,Solidago,ptarmicoides,Asteraceae,Asterales,,"Craine JM, Froehle J, Tilman DG, Wedin DA, Chapin FS. 2001. The relationships among root and leaf traits of 76 grassland species and relative abundance among fertility and disturbance gradients. Oikos 93: 274-285",-0.941608539858445,3.5263605246161616,AM
Solidago_rigida,Solidago,rigida,Asteraceae,Asterales,,"<StringArray>
['Craine JM, Froehle J, Tilman DG, Wedin DA, Chapin FS. 2001. The relationships among root and leaf traits of 76 grassland species and relative abundance among fertility and disturbance gradients. Oikos 93: 274-285',
                                                         'Kembel SW, Cahill JF, Jr. 2011. Independent Evolution of Leaf and Root Traits within and among Temperate Grassland Plant Communities. PLoS ONE 6(6): e19992.',
                                                                                                                                                                                          'Craine J. Unpublished data.']
Length: 3, dtype: str",-0.7290367532474269,3.586696471228973,AM
Solidago_speciosa,Solidago,speciosa,Asteraceae,Asterales,,"Craine JM, Froehle J, Tilman DG, Wedin DA, Chapin FS. 2001. The relationships among root and leaf traits of 76 grassland species and relative abundance among fertility and disturbance gradients. Oikos 93: 274-285",-0.9675840262617056,3.828641396489095,AM
Sophora_microphylla,Sophora,microphylla,Fabaceae,Fabales,,"Kramer-Walter KR, Bellingham PJ, Millar TR, Smissen RD, Richardson SJ, Laughlin DC. 2016. Root traits are multidimensional: specific root length is independent from root tissue density and the plant economic spectrum. Journal of Ecology 104: 1299-1310.",-0.6643653791344931,3.267919444914978,AM
Sorbus_aucuparia,Sorbus,aucuparia,Rosaceae,Rosales,1.0,"Chen W, Zeng H, Eissenstat DM, Guo D. 2013. Variation of first-order root traits across climatic gradients and evolutionary trends in geological time. Global Ecology and Biogeography 22: 846-856.",-1.6193553480283234,4.090652672911127,AM
Sorbus_discolor,Sorbus,discolor,Rosaceae,Rosales,1.0,"Wang R, Wang Q, Zhao N, Xu Z, Zhu X, Jiao C, Yu G, He N. 2018. Different phylogenetic and environmental controls of first-order root morphological and nutrient traits: Evidence of multidimensional root traits. Special Focus on Functional Traits Along A Transect 32(1): 29-39.",-1.5904934964331623,4.795288438983798,AM
Sorghastrum_nutans,Sorghastrum,nutans,Poaceae,Poales,,"Craine JM, Froehle J, Tilman DG, Wedin DA, Chapin FS. 2001. The relationships among root and leaf traits of 76 grassland species and relative abundance among fertility and disturbance gradients. Oikos 93: 274-285",-1.3093333199837622,4.672828834461906,AM
Sphaeralcea_coccinea,Sphaeralcea,coccinea,Malvaceae,Malvales,,"Kembel SW, Cahill JF, Jr. 2011. Independent Evolution of Leaf and Root Traits within and among Temperate Grassland Plant Communities. PLoS ONE 6(6): e19992.",-1.1510641486705335,4.1833313048084735,AM
Spiraea_dahurica,Spiraea,dahurica,Rosaceae,Rosales,1.0,"Wang R, Wang Q, Zhao N, Xu Z, Zhu X, Jiao C, Yu G, He N. 2018. Different phylogenetic and environmental controls of first-order root morphological and nutrient traits: Evidence of multidimensional root traits. Special Focus on Functional Traits Along A Transect 32(1): 29-39.",-2.101550554639839,5.672998477663331,AM
Spiraea_pubescens,Spiraea,pubescens,Rosaceae,Rosales,1.0,"Wang R, Wang Q, Zhao N, Xu Z, Zhu X, Jiao C, Yu G, He N. 2018. Different phylogenetic and environmental controls of first-order root morphological and nutrient traits: Evidence of multidimensional root traits. Special Focus on Functional Traits Along A Transect 32(1): 29-39.",-0.9885926436295602,5.011736909095579,AM
Sporobolus_heterolepis,Sporobolus,heterolepis,Poaceae,Poales,,"Craine JM, Froehle J, Tilman DG, Wedin DA, Chapin FS. 2001. The relationships among root and leaf traits of 76 grassland species and relative abundance among fertility and disturbance gradients. Oikos 93: 274-285",-1.0498221244986778,3.951243718581428,AM
Stauracanthus_genistoides,Stauracanthus,genistoides,Fabaceae,Fabales,,"de la Riva, Navarro-Fernandez, Perez-Ramos, Villar, Maranon. Unpublished.",-0.816445396904439,2.5758454344059665,AM
Sterculia_lanceolata,Sterculia,lanceolata,Malvaceae,Malvales,1.0,"<StringArray>
['Kong D, Ma C, Zhang Q, Li L, Chen X, Zeng H, Guo D. 2014. Leading dimensions in absorptive root trait variation across 96 subtropical forest species. New Phytologist 203: 863-872.', 'Wang R, Wang Q, Zhao N, Xu Z, Zhu X, Jiao C, Yu G, He N. 2018. Different phylogenetic and environmental controls of first-order root morphological and nutrient traits: Evidence of multidimensional root traits. Special Focus on Functional Traits Along A Transect 32(1): 29-39.']
Length: 2, dtype: str",-1.4071979262257608,4.586304361684933,AM
Sterculia_nobilis,Sterculia,nobilis,Malvaceae,Malvales,1.0,"Chen W, Zeng H, Eissenstat DM, Guo D. 2013. Variation of first-order root traits across climatic gradients and evolutionary trends in geological time. Global Ecology and Biogeography 22: 846-856.",-1.387284951592667,4.567675981560511,AM
Sticherus_cunninghamii,Sticherus,cunninghamii,Gleicheniaceae,Gleicheniales,,"Holdaway RJ, Richardson SJ, Dickie IA, Peltzer DA, Coomes DA. 2011. Species- and community-level patterns in fine root traits along a 120 000-year soil chronosequence in temperate rain forest. Journal of Ecology 99: 954-963.",-1.2378743560016174,2.8213788864092133,AM
Stipa_comata,Stipa,comata,Poaceae,Poales,,"Kembel SW, Cahill JF, Jr. 2011. Independent Evolution of Leaf and Root Traits within and among Temperate Grassland Plant Communities. PLoS ONE 6(6): e19992.",-1.5216232860523249,4.70389731137906,AM
Stipa_krylovii,Stipa,krylovii,Poaceae,Poales,,"Zhou M, Wang J, Bai W, Zhang Y, Zhang W-H. 2019. The response of root traits to precipitation change of herbaceous species in temperate steppes. Functional Ecology, in press.",-1.3093333199837622,4.746669748261791,AM
Stipa_pennata,Stipa,pennata,Poaceae,Poales,,"<StringArray>
['Roumet C, Birouste M, Picon-Cochard C, Ghestem M, Osman N, Vrignon-Brenas S, Cao K-F, Stokes A. 2016. Root structure-function relationships in 74 species: evidence of root economics spectrum related to carbon economy. New Phytologist 210: 815-826.',
                                                                 'Fort F, Volaire F, Guilioni L, Barkaoui K, Navas ML, Roumet C. 2017. Root traits are related to plant water-use among rangeland Mediterranean species. Functional Ecology 31: 1700-1709',
                                                         'Poirier V, Roumet C, Angers DA, Munson AD. 2018. Species and root traits impact macroaggregation in the rhizospheric soil of a Mediterranean common garden experiment. Plant Soil 424: 289-302.']
Length: 3, dtype: str",-0.9369468409423072,3.928090142538621,AM
Stipa_purpurea,Stipa,purpurea,Poaceae,Poales,,"Hong J, Ma X, Yan Y, Zhang X, Wang X. 2017. Which root traits determine nitrogen uptake by alpine plant species on the Tibetan Plateau? Plant Soil, in press. ",-0.527632742082372,0.0368332500453489,AM
Stipa_spartea,Stipa,spartea,Poaceae,Poales,,"Kembel SW, Cahill JF, Jr. 2011. Independent Evolution of Leaf and Root Traits within and among Temperate Grassland Plant Communities. PLoS ONE 6(6): e19992.",-1.3878956424868645,4.016647616554643,AM
Strobilanthes_dimorphotricha,Strobilanthes,dimorphotricha,Acanthaceae,Lamiales,1.0,"Wang R, Wang Q, Zhao N, Xu Z, Zhu X, Jiao C, Yu G, He N. 2018. Different phylogenetic and environmental controls of first-order root morphological and nutrient traits: Evidence of multidimensional root traits. Special Focus on Functional Traits Along A Transect 32(1): 29-39.",-1.3137876703331426,4.915893556164899,AM
Strobilanthes_villosum,Strobilanthes,villosum,Acanthaceae,Lamiales,1.0,"Wang R, Wang Q, Zhao N, Xu Z, Zhu X, Jiao C, Yu G, He N. 2018. Different phylogenetic and environmental controls of first-order root morphological and nutrient traits: Evidence of multidimensional root traits. Special Focus on Functional Traits Along A Transect 32(1): 29-39.",-1.461209304941529,5.23327101995561,AM
Styphnolobium_japonicum,Styphnolobium,japonicum,Fabaceae,Fabales,1.0,"<StringArray>
[' Valverde-Barrantes OJ, Smemo KA, Blackwood CB. 2014. Fine root morphology is phylogenetically structured, but nitrogen is related to the plant economics spectrum in temperate trees. Functional Ecology 29: 796-807.', 'Valverde et al (unpublished)']
Length: 2, dtype: str",-1.2579213752280378,3.605974883547898,AM
Styrax_suberifolius,Styrax,suberifolius,Styracaceae,Ericales,1.0,"Wang R, Wang Q, Zhao N, Xu Z, Zhu X, Jiao C, Yu G, He N. 2018. Different phylogenetic and environmental controls of first-order root morphological and nutrient traits: Evidence of multidimensional root traits. Special Focus on Functional Traits Along A Transect 32(1): 29-39.",-1.27421645771454,3.997357668802149,AM
Symphoricarpos_occidentalis,Symphoricarpos,occidentalis,Caprifoliaceae,Dipsacales,,"Kembel SW, Cahill JF, Jr. 2011. Independent Evolution of Leaf and Root Traits within and among Temperate Grassland Plant Communities. PLoS ONE 6(6): e19992.",-1.1944075872235105,3.893871976060932,AM
Symphyotrichum_ciliolatum,Symphyotrichum,ciliolatum,Asteraceae,Asterales,,"Kembel SW, Cahill JF, Jr. 2011. Independent Evolution of Leaf and Root Traits within and among Temperate Grassland Plant Communities. PLoS ONE 6(6): e19992.",-1.7406861990440543,4.71076309414069,AM
Symphyotrichum_ericoides,Symphyotrichum,ericoides,Asteraceae,Asterales,,"<StringArray>
['Craine JM, Froehle J, Tilman DG, Wedin DA, Chapin FS. 2001. The relationships among root and leaf traits of 76 grassland species and relative abundance among fertility and disturbance gradients. Oikos 93: 274-285', 'Kembel SW, Cahill JF, Jr. 2011. Independent Evolution of Leaf and Root Traits within and among Temperate Grassland Plant Communities. PLoS ONE 6(6): e19992.']
Length: 2, dtype: str",-1.119938075382862,4.491497441499515,AM
Symphyotrichum_falcatum,Symphyotrichum,falcatum,Asteraceae,Asterales,,"Kembel SW, Cahill JF, Jr. 2011. Independent Evolution of Leaf and Root Traits within and among Temperate Grassland Plant Communities. PLoS ONE 6(6): e19992.",-1.1673837560953204,4.13519143659285,AM
Symphyotrichum_laeve,Symphyotrichum,laeve,Asteraceae,Asterales,,"Craine JM, Froehle J, Tilman DG, Wedin DA, Chapin FS. 2001. The relationships among root and leaf traits of 76 grassland species and relative abundance among fertility and disturbance gradients. Oikos 93: 274-285",-1.203972804325936,4.48863636973214,AM
Symphyotrichum_novae-angliae,Symphyotrichum,novae-angliae,Asteraceae,Asterales,,"Craine JM, Froehle J, Tilman DG, Wedin DA, Chapin FS. 2001. The relationships among root and leaf traits of 76 grassland species and relative abundance among fertility and disturbance gradients. Oikos 93: 274-285",-0.7765287894989963,3.951243718581428,AM
Symphyotrichum_oolentangiense,Symphyotrichum,oolentangiense,Asteraceae,Asterales,,"Craine JM, Froehle J, Tilman DG, Wedin DA, Chapin FS. 2001. The relationships among root and leaf traits of 76 grassland species and relative abundance among fertility and disturbance gradients. Oikos 93: 274-285",-1.0498221244986778,4.465908118654584,AM
Symphyotrichum_puniceum,Symphyotrichum,puniceum,Asteraceae,Asterales,,"Craine JM, Froehle J, Tilman DG, Wedin DA, Chapin FS. 2001. The relationships among root and leaf traits of 76 grassland species and relative abundance among fertility and disturbance gradients. Oikos 93: 274-285",-1.272965675812887,4.955827057601261,AM
Syringa_reticulata,Syringa,reticulata,Oleaceae,Lamiales,1.0,"<StringArray>
[                                                             ' Valverde-Barrantes OJ, Smemo KA, Blackwood CB. 2014. Fine root morphology is phylogenetically structured, but nitrogen is related to the plant economics spectrum in temperate trees. Functional Ecology 29: 796-807.',
                                                                                 'Chen W, Zeng H, Eissenstat DM, Guo D. 2013. Variation of first-order root traits across climatic gradients and evolutionary trends in geological time. Global Ecology and Biogeography 22: 846-856.',
                                                                                                                                                                                                                                                        'Valverde et al (unpublished)',
 'Wang R, Wang Q, Zhao N, Xu Z, Zhu X, Jiao C, Yu G, He N. 2018. Different phylogenetic and environmental controls of first-order root morphological and nutrient traits: Evidence of multidimensional root traits. Special Focus on Functional Traits Along A Transect 32(1): 29-39.']
Length: 4, dtype: str",-1.4476489026379078,4.767641232081141,AM
Syzygium_acuminatissimum,Syzygium,acuminatissimum,Myrtaceae,Myrtales,1.0,"Wang R, Wang Q, Zhao N, Xu Z, Zhu X, Jiao C, Yu G, He N. 2018. Different phylogenetic and environmental controls of first-order root morphological and nutrient traits: Evidence of multidimensional root traits. Special Focus on Functional Traits Along A Transect 32(1): 29-39.",-1.0788096613719298,3.852801906350217,AM
Syzygium_castaneum,Syzygium,castaneum,Myrtaceae,Myrtales,,"Ushio M, Fujiki Y, Hidaka A, Kitayama K. 2015. Linkage of root physiology and morphology as an adaptation to soil phosphorus impoverishment in tropical montane forests. Functional Ecology 29: 1235-1245.",-0.7258582186077501,3.295399059743442,AM
Syzygium_globiflorum,Syzygium,globiflorum,Myrtaceae,Myrtales,1.0,"Kong D, Ma C, Zhang Q, Li L, Chen X, Zeng H, Guo D. 2014. Leading dimensions in absorptive root trait variation across 96 subtropical forest species. New Phytologist 203: 863-872.",-1.629079552689389,3.710640945895449,AM
Syzygium_hancei,Syzygium,hancei,Myrtaceae,Myrtales,1.0,"<StringArray>
['Kong D, Ma C, Zhang Q, Li L, Chen X, Zeng H, Guo D. 2014. Leading dimensions in absorptive root trait variation across 96 subtropical forest species. New Phytologist 203: 863-872.', 'Chen W, Zeng H, Eissenstat DM, Guo D. 2013. Variation of first-order root traits across climatic gradients and evolutionary trends in geological time. Global Ecology and Biogeography 22: 846-856.']
Length: 2, dtype: str",-1.9681870166711397,4.548605694165069,AM
Syzygium_jambos,Syzygium,jambos,Myrtaceae,Myrtales,1.0,"Wang R, Wang Q, Zhao N, Xu Z, Zhu X, Jiao C, Yu G, He N. 2018. Different phylogenetic and environmental controls of first-order root morphological and nutrient traits: Evidence of multidimensional root traits. Special Focus on Functional Traits Along A Transect 32(1): 29-39.",-1.4927666056304074,4.971446208016166,AM
Syzygium_kunstleri,Syzygium,kunstleri,Myrtaceae,Myrtales,,"Ushio M, Fujiki Y, Hidaka A, Kitayama K. 2015. Linkage of root physiology and morphology as an adaptation to soil phosphorus impoverishment in tropical montane forests. Functional Ecology 29: 1235-1245.",-0.6145670804370882,3.0724849596523827,AM
Syzygium_levinei,Syzygium,levinei,Myrtaceae,Myrtales,1.0,"<StringArray>
['Kong D, Ma C, Zhang Q, Li L, Chen X, Zeng H, Guo D. 2014. Leading dimensions in absorptive root trait variation across 96 subtropical forest species. New Phytologist 203: 863-872.', 'Chen W, Zeng H, Eissenstat DM, Guo D. 2013. Variation of first-order root traits across climatic gradients and evolutionary trends in geological time. Global Ecology and Biogeography 22: 846-856.']
Length: 2, dtype: str",-1.9217542658442424,4.809510050898489,AM
Syzygium_maire,Syzygium,maire,Myrtaceae,Myrtales,,"Kramer-Walter KR, Bellingham PJ, Millar TR, Smissen RD, Richardson SJ, Laughlin DC. 2016. Root traits are multidimensional: specific root length is independent from root tissue density and the plant economic spectrum. Journal of Ecology 104: 1299-1310.",-1.1034740880850171,4.267999807329096,AM
Syzygium_malaccense,Syzygium,malaccense,Myrtaceae,Myrtales,,"Rajab YA, Holscher D, Leuschner C, Barus H, Tjoa A, Hertel D. 2018. Effects of shade tree cover and diversity on root system structure and dynamics in cacao agroforests: The role of root competition and space partitioning. Plant Soil 422: 349-369.",-1.203972804325936,5.0795392727434665,AM
Syzygium_napiforme,Syzygium,napiforme,Myrtaceae,Myrtales,,"Ushio M, Fujiki Y, Hidaka A, Kitayama K. 2015. Linkage of root physiology and morphology as an adaptation to soil phosphorus impoverishment in tropical montane forests. Functional Ecology 29: 1235-1245.",-0.8559602709658569,3.2558199100079093,AM
Syzygium_pachysepalum,Syzygium,pachysepalum,Myrtaceae,Myrtales,,"Ushio M, Fujiki Y, Hidaka A, Kitayama K. 2015. Linkage of root physiology and morphology as an adaptation to soil phosphorus impoverishment in tropical montane forests. Functional Ecology 29: 1235-1245.",-0.7011793522572096,2.9680612716289456,AM
Syzygium_subdecussatum,Syzygium,subdecussatum,Myrtaceae,Myrtales,,"Ushio M, Fujiki Y, Hidaka A, Kitayama K. 2015. Linkage of root physiology and morphology as an adaptation to soil phosphorus impoverishment in tropical montane forests. Functional Ecology 29: 1235-1245.",-0.4242657375718818,2.4527922932307438,AM
Syzygium_szemaoense,Syzygium,szemaoense,Myrtaceae,Myrtales,1.0,"Chen W, Zeng H, Eissenstat DM, Guo D. 2013. Variation of first-order root traits across climatic gradients and evolutionary trends in geological time. Global Ecology and Biogeography 22: 846-856.",-1.6347557204183902,4.083806472419144,AM
Tanaecium_pyramidatum,Tanaecium,pyramidatum,Bignoniaceae,Lamiales,,"Collins CG, Wright SJ, Wurzburger N. 2016. Root and leaf traits reflect distinct resource acquisition strategies in tropical lianas and trees. Oecologia 180: 1037-1047.",-0.3367836173551622,2.966051958452808,AM
Taraxacum_campylodes,Taraxacum,campylodes,Asteraceae,Asterales,,"<StringArray>
['Roumet C, Birouste M, Picon-Cochard C, Ghestem M, Osman N, Vrignon-Brenas S, Cao K-F, Stokes A. 2016. Root structure-function relationships in 74 species: evidence of root economics spectrum related to carbon economy. New Phytologist 210: 815-826.',
                                                    'Poon GT, Maherali H. 2015. Competitive interactions between a nonmycorrhizal invasive plant, Alliaria petiolata, and a suite of mycorrhizal grassland, old field, and forest species. PeerJ 3: e1090',
                                                                                                                                                                                                                                 'Comas - Pasture species',
                                                                                            'Kembel SW, Cahill JF, Jr. 2011. Independent Evolution of Leaf and Root Traits within and among Temperate Grassland Plant Communities. PLoS ONE 6(6): e19992.']
Length: 4, dtype: str",-1.379840233880092,5.2339855443800944,AM
Terminalia_amazonia,Terminalia,amazonia,Combretaceae,Myrtales,,"Collins CG, Wright SJ, Wurzburger N. 2016. Root and leaf traits reflect distinct resource acquisition strategies in tropical lianas and trees. Oecologia 180: 1037-1047.",-0.4765866223162224,2.5408591540055725,AM
Ternstroemia_coriacea,Ternstroemia,coriacea,Pentaphylacaceae,Ericales,,"Ushio M, Fujiki Y, Hidaka A, Kitayama K. 2015. Linkage of root physiology and morphology as an adaptation to soil phosphorus impoverishment in tropical montane forests. Functional Ecology 29: 1235-1245.",-0.2757535015865071,2.191122665144751,AM
Tetractomia_tetrandra,Tetractomia,tetrandra,Rutaceae,Sapindales,,"Ushio M, Fujiki Y, Hidaka A, Kitayama K. 2015. Linkage of root physiology and morphology as an adaptation to soil phosphorus impoverishment in tropical montane forests. Functional Ecology 29: 1235-1245.",-0.6866682144622362,3.6368951315477167,AM
Teucrium_chamaedrys,Teucrium,chamaedrys,Lamiaceae,Lamiales,,"<StringArray>
['Birouste M, Kazakou E, Blanchard A, Roumet C. 2012. Plant traits and decomposition: are the relationships for roots comparable to those for leaves? Annals of Botany 109: 463-472. ', 'Roumet C, Birouste M, Picon-Cochard C, Ghestem M, Osman N, Vrignon-Brenas S, Cao K-F, Stokes A. 2016. Root structure-function relationships in 74 species: evidence of root economics spectrum related to carbon economy. New Phytologist 210: 815-826.']
Length: 2, dtype: str",-1.156771202841642,4.885109863301713,AM
Teucrium_charidemi,Teucrium,charidemi,Lamiaceae,Lamiales,,"de la Riva, Navarro-Fernandez, Perez-Ramos, Villar, Maranon. Unpublished.",-0.7959554005416274,1.2958499515570632,AM
Teucrium_fruticans,Teucrium,fruticans,Lamiaceae,Lamiales,,"de la Riva, Navarro-Fernandez, Perez-Ramos, Villar, Maranon. Unpublished.",-0.96410324909614,2.700751979755545,AM
Thalictrum_simplex,Thalictrum,simplex,Ranunculaceae,Ranunculales,1.0,"Wang R, Wang Q, Zhao N, Xu Z, Zhu X, Jiao C, Yu G, He N. 2018. Different phylogenetic and environmental controls of first-order root morphological and nutrient traits: Evidence of multidimensional root traits. Special Focus on Functional Traits Along A Transect 32(1): 29-39.",-1.6109390385603677,5.557027124896727,AM
Themeda_triandra,Themeda,triandra,Poaceae,Poales,,"Mokany K, Ash J. 2008. Are traits measured on pot grown plants representative of those in natural communities? Journal of Vegetation Science 19: 119-126.",-0.9942522733438668,4.119849852630463,AM
Theobroma_cacao,Theobroma,cacao,Malvaceae,Malvales,,"Rajab YA, Holscher D, Leuschner C, Barus H, Tjoa A, Hertel D. 2018. Effects of shade tree cover and diversity on root system structure and dynamics in cacao agroforests: The role of root competition and space partitioning. Plant Soil 422: 349-369.",-0.579818495252942,3.467123828074574,AM
Thermopsis_rhombifolia,Thermopsis,rhombifolia,Fabaceae,Fabales,,"Kembel SW, Cahill JF, Jr. 2011. Independent Evolution of Leaf and Root Traits within and among Temperate Grassland Plant Communities. PLoS ONE 6(6): e19992.",-1.3938226275406822,4.643452580211669,AM
Thuja_occidentalis,Thuja,occidentalis,Cupressaceae,Pinales,,"Poon GT, Maherali H. 2015. Competitive interactions between a nonmycorrhizal invasive plant, Alliaria petiolata, and a suite of mycorrhizal grassland, old field, and forest species. PeerJ 3: e1090",-1.152076358537434,4.691342262708767,AM
Thymelaea_hirsuta,Thymelaea,hirsuta,Thymelaeaceae,Malvales,,"de la Riva, Navarro-Fernandez, Perez-Ramos, Villar, Maranon. Unpublished.",-0.9167908569158374,1.6748172628506357,AM
Thymus_dolomiticus,Thymus,dolomiticus,Lamiaceae,Lamiales,,"<StringArray>
['Roumet C, Birouste M, Picon-Cochard C, Ghestem M, Osman N, Vrignon-Brenas S, Cao K-F, Stokes A. 2016. Root structure-function relationships in 74 species: evidence of root economics spectrum related to carbon economy. New Phytologist 210: 815-826.',
                                                                 'Fort F, Volaire F, Guilioni L, Barkaoui K, Navas ML, Roumet C. 2017. Root traits are related to plant water-use among rangeland Mediterranean species. Functional Ecology 31: 1700-1709',
                                                         'Poirier V, Roumet C, Angers DA, Munson AD. 2018. Species and root traits impact macroaggregation in the rhizospheric soil of a Mediterranean common garden experiment. Plant Soil 424: 289-302.']
Length: 3, dtype: str",-1.0663393725796793,4.168172739022467,AM
Thymus_hyemalis,Thymus,hyemalis,Lamiaceae,Lamiales,,"de la Riva, Navarro-Fernandez, Perez-Ramos, Villar, Maranon. Unpublished.",-0.8740098021176559,1.5996100623338587,AM
Thymus_mastichina,Thymus,mastichina,Lamiaceae,Lamiales,,"de la Riva, Navarro-Fernandez, Perez-Ramos, Villar, Maranon. Unpublished.",-1.269667549188171,3.057933054461179,AM
Tilia_americana,Tilia,americana,Malvaceae,Malvales,,"<StringArray>
['Comas LH, Eissenstat DM. 2009. Patterns in root trait variation among 25 co-existing North American forest species. New Phytologist 182: 919-928.', 'Valverde-Barrantes OJ, Smemo KA,  Feinstein LM, Kershner MW, Blackwood CB. 2015. Aggregated and complementary: symmetric proliferation, overyielding, and mass effects explain fine-root biomass in soil patches in a diverse temperate deciduous forest landscape. New Phytologist 205(2): 731-742.']
Length: 2, dtype: str",-0.8043581098959471,4.613627495710977,EcM
Tilia_amurensis,Tilia,amurensis,Malvaceae,Malvales,1.0,"Wang R, Wang Q, Zhao N, Xu Z, Zhu X, Jiao C, Yu G, He N. 2018. Different phylogenetic and environmental controls of first-order root morphological and nutrient traits: Evidence of multidimensional root traits. Special Focus on Functional Traits Along A Transect 32(1): 29-39.",-1.57310598318671,4.875551748934549,EcM
Tilia_cordata,Tilia,cordata,Malvaceae,Malvales,1.0,"Kubisch P, Hertel D, Leuschner C. 2015. Do ectomycorrhizal and arbuscular mycorrhizal temperate tree species systematically differ in root order-related fine root morphology and biomass? Frontiers in Plant Science 6(64): 1-12.",-1.163224834945474,3.5012812495682604,EcM
Tilia_mandshurica,Tilia,mandshurica,Malvaceae,Malvales,1.0,"<StringArray>
['Shi W, Wang ZQ, Liu JL, Gu JC, Guo DL. 2008. Fine root morphology of twenty hardwood species in Maoershan Natural Secondary Forest in Northeastern China. Journal of Plant Ecology (Chinese Version) 32: 1217-1226.', 'Chen W, Zeng H, Eissenstat DM, Guo D. 2013. Variation of first-order root traits across climatic gradients and evolutionary trends in geological time. Global Ecology and Biogeography 22: 846-856.']
Length: 2, dtype: str",-1.315749261895315,4.466575846709062,EcM
Tilia_mongolica,Tilia,mongolica,Malvaceae,Malvales,1.0,"Chen W, Zeng H, Eissenstat DM, Guo D. 2013. Variation of first-order root traits across climatic gradients and evolutionary trends in geological time. Global Ecology and Biogeography 22: 846-856.",-1.679311455527048,4.22991586656124,EcM
Tilia_oliveri,Tilia,oliveri,Malvaceae,Malvales,1.0,"Wang R, Wang Q, Zhao N, Xu Z, Zhu X, Jiao C, Yu G, He N. 2018. Different phylogenetic and environmental controls of first-order root morphological and nutrient traits: Evidence of multidimensional root traits. Special Focus on Functional Traits Along A Transect 32(1): 29-39.",-1.5751572659572677,5.008139589748644,EcM
Tordylium_maximum,Tordylium,maximum,Apiaceae,Apiales,,"<StringArray>
['Birouste M, Kazakou E, Blanchard A, Roumet C. 2012. Plant traits and decomposition: are the relationships for roots comparable to those for leaves? Annals of Botany 109: 463-472. ', 'Roumet C, Birouste M, Picon-Cochard C, Ghestem M, Osman N, Vrignon-Brenas S, Cao K-F, Stokes A. 2016. Root structure-function relationships in 74 species: evidence of root economics spectrum related to carbon economy. New Phytologist 210: 815-826.']
Length: 2, dtype: str",-1.2694006096483912,5.590464455958976,AM
Toxicoscordion_venenosum,Toxicoscordion,venenosum,Melanthiaceae,Liliales,,"Kembel SW, Cahill JF, Jr. 2011. Independent Evolution of Leaf and Root Traits within and among Temperate Grassland Plant Communities. PLoS ONE 6(6): e19992.",-1.0546911016101816,4.410553351099985,AM
Trachelospermum_axillare,Trachelospermum,axillare,Apocynaceae,Gentianales,1.0,"Wang R, Wang Q, Zhao N, Xu Z, Zhu X, Jiao C, Yu G, He N. 2018. Different phylogenetic and environmental controls of first-order root morphological and nutrient traits: Evidence of multidimensional root traits. Special Focus on Functional Traits Along A Transect 32(1): 29-39.",-1.2330583852210326,4.350516641221867,AM
Tragopogon_dubius,Tragopogon,dubius,Asteraceae,Asterales,,"Kembel SW, Cahill JF, Jr. 2011. Independent Evolution of Leaf and Root Traits within and among Temperate Grassland Plant Communities. PLoS ONE 6(6): e19992.",-1.2559680994443163,4.741745898589571,AM
Trichophorum_cespitosum,Trichophorum,cespitosum,Cyperaceae,Poales,,"Roumet C, Birouste M, Picon-Cochard C, Ghestem M, Osman N, Vrignon-Brenas S, Cao K-F, Stokes A. 2016. Root structure-function relationships in 74 species: evidence of root economics spectrum related to carbon economy. New Phytologist 210: 815-826.",-0.8556661100577202,3.5686872687855304,NMAM
Trifolium_angustifolium,Trifolium,angustifolium,Fabaceae,Fabales,,"<StringArray>
[                                                                    'Birouste M, Kazakou E, Blanchard A, Roumet C. 2012. Plant traits and decomposition: are the relationships for roots comparable to those for leaves? Annals of Botany 109: 463-472. ',
                                                                      'Roumet C, Lafont F, Sari M, Warembourg F, Garnier E. 2008. Root traits and taxonomic affiliation of nine herbaceous species grown in glasshouse conditions. Plant Soil 312:69-83. ',
 'Roumet C, Birouste M, Picon-Cochard C, Ghestem M, Osman N, Vrignon-Brenas S, Cao K-F, Stokes A. 2016. Root structure-function relationships in 74 species: evidence of root economics spectrum related to carbon economy. New Phytologist 210: 815-826.']
Length: 3, dtype: str",-0.8964881045779756,4.852498904090656,AM
Trifolium_dubium,Trifolium,dubium,Fabaceae,Fabales,,"Mokany K, Ash J. 2008. Are traits measured on pot grown plants representative of those in natural communities? Journal of Vegetation Science 19: 119-126.",-1.248273063222516,5.241747015059643,AM
Trifolium_hirtum,Trifolium,hirtum,Fabaceae,Fabales,,"Yang Z, Culvenor RA, Haling RE, Stefanski A, Ryan MH, Sandral GA, Kidd DR, Lambers H, Simpson RJ. 2015. Variation in root traits associated with nutrient foraging among temperate legumes and grasses. Grass and Forage Science, early view article",-1.2435592187397728,5.602828405411903,AM
Trifolium_incarnatum,Trifolium,incarnatum,Fabaceae,Fabales,,"Yang Z, Culvenor RA, Haling RE, Stefanski A, Ryan MH, Sandral GA, Kidd DR, Lambers H, Simpson RJ. 2015. Variation in root traits associated with nutrient foraging among temperate legumes and grasses. Grass and Forage Science, early view article",-1.2900321110419712,5.572457321732169,AM
Trifolium_pratense,Trifolium,pratense,Fabaceae,Fabales,,"<StringArray>
['Craine JM, Froehle J, Tilman DG, Wedin DA, Chapin FS. 2001. The relationships among root and leaf traits of 76 grassland species and relative abundance among fertility and disturbance gradients. Oikos 93: 274-285',
                 'Poon GT, Maherali H. 2015. Competitive interactions between a nonmycorrhizal invasive plant, Alliaria petiolata, and a suite of mycorrhizal grassland, old field, and forest species. PeerJ 3: e1090',
                                                                                                                                                                                              'Comas - Pasture species']
Length: 3, dtype: str",-1.3192233351956375,5.018514850711326,AM
Trifolium_purpureum,Trifolium,purpureum,Fabaceae,Fabales,,"<StringArray>
['Yang Z, Culvenor RA, Haling RE, Stefanski A, Ryan MH, Sandral GA, Kidd DR, Lambers H, Simpson RJ. 2015. Variation in root traits associated with nutrient foraging among temperate legumes and grasses. Grass and Forage Science, early view article', 'Comas - Pasture species']
Length: 2, dtype: str",-1.0822821765210842,5.300096768473002,AM
Trifolium_repens,Trifolium,repens,Fabaceae,Fabales,,Comas - Pasture species,-1.1188149949652209,6.218383034377429,AM
Trifolium_spumosum,Trifolium,spumosum,Fabaceae,Fabales,,"Yang Z, Culvenor RA, Haling RE, Stefanski A, Ryan MH, Sandral GA, Kidd DR, Lambers H, Simpson RJ. 2015. Variation in root traits associated with nutrient foraging among temperate legumes and grasses. Grass and Forage Science, early view article",-1.1679268224185348,5.504093639770415,AM
Trifolium_subterraneum,Trifolium,subterraneum,Fabaceae,Fabales,,"<StringArray>
[                                                                                'Hill JO, Simpson RJ, Moore AD, Chapman DF. 2006. Morphology and response of roots of pasture species to phosphorus and nitrogen nutrition. Plant and Soil 286: 7-19.',
                                                                                            'Mokany K, Ash J. 2008. Are traits measured on pot grown plants representative of those in natural communities? Journal of Vegetation Science 19: 119-126.',
 'Yang Z, Culvenor RA, Haling RE, Stefanski A, Ryan MH, Sandral GA, Kidd DR, Lambers H, Simpson RJ. 2015. Variation in root traits associated with nutrient foraging among temperate legumes and grasses. Grass and Forage Science, early view article',
                                                                     'Jeffery RP, Simpson RJ, Lambers H, Kidd DR, Ryan MH. 2017. Root morphology acclimation to phosphorus supply by six cultivars of Trifolium subterraneum L. Plant Soil 412: 21-34.']
Length: 4, dtype: str",-0.9080440708248548,4.9321152611614165,AM
Trisetum_flavescens,Trisetum,flavescens,Poaceae,Poales,,"Roumet C, Birouste M, Picon-Cochard C, Ghestem M, Osman N, Vrignon-Brenas S, Cao K-F, Stokes A. 2016. Root structure-function relationships in 74 species: evidence of root economics spectrum related to carbon economy. New Phytologist 210: 815-826.",-1.5511690043101247,5.764469839602284,AM
Tristaniopsis_clementis,Tristaniopsis,clementis,Myrtaceae,Myrtales,,"Ushio M, Fujiki Y, Hidaka A, Kitayama K. 2015. Linkage of root physiology and morphology as an adaptation to soil phosphorus impoverishment in tropical montane forests. Functional Ecology 29: 1235-1245.",-1.1631508098056809,3.688795075554166,EcMAM
Tristaniopsis_elliptica,Tristaniopsis,elliptica,Myrtaceae,Myrtales,,"Ushio M, Fujiki Y, Hidaka A, Kitayama K. 2015. Linkage of root physiology and morphology as an adaptation to soil phosphorus impoverishment in tropical montane forests. Functional Ecology 29: 1235-1245.",-1.2131817434112455,3.7239147378724575,EcMAM
Triticum_durum,Triticum,durum,Poaceae,Poales,,"Prieto I, Roumet C, Cardinael R, Dupraz C, Jourdan C, Kim JH, Maeght JL, Mao Z, Pierret A, Portillo N, Roupsard O, Thammahacksa C, Stokes A. 2015. Root functional parameters along a land-use gradient: evidence of a community-level economics spectrum. Journal of Ecology 103: 361-363.",-0.6931471805599453,3.622205320845944,AM
Tsuga_canadensis,Tsuga,canadensis,Pinaceae,Pinales,,"Comas LH, Eissenstat DM. 2009. Patterns in root trait variation among 25 co-existing North American forest species. New Phytologist 182: 919-928.",-0.6931471805599453,2.96010509591084,EcM
Ulex_parviflorus,Ulex,parviflorus,Fabaceae,Fabales,,"de la Riva, Navarro-Fernandez, Perez-Ramos, Villar, Maranon. Unpublished.",-0.9856966355221471,2.2180232141147225,AM
Ulmus_americana,Ulmus,americana,Ulmaceae,Rosales,1.0,"<StringArray>
[' Valverde-Barrantes OJ, Smemo KA, Blackwood CB. 2014. Fine root morphology is phylogenetically structured, but nitrogen is related to the plant economics spectrum in temperate trees. Functional Ecology 29: 796-807.', 'Valverde et al (unpublished)']
Length: 2, dtype: str",-1.8338913525281544,4.2734639879399925,AM
Ulmus_davidiana,Ulmus,davidiana,Ulmaceae,Rosales,1.0,"<StringArray>
[                                                                'Shi W, Wang ZQ, Liu JL, Gu JC, Guo DL. 2008. Fine root morphology of twenty hardwood species in Maoershan Natural Secondary Forest in Northeastern China. Journal of Plant Ecology (Chinese Version) 32: 1217-1226.',
                                                                                 'Chen W, Zeng H, Eissenstat DM, Guo D. 2013. Variation of first-order root traits across climatic gradients and evolutionary trends in geological time. Global Ecology and Biogeography 22: 846-856.',
 'Wang R, Wang Q, Zhao N, Xu Z, Zhu X, Jiao C, Yu G, He N. 2018. Different phylogenetic and environmental controls of first-order root morphological and nutrient traits: Evidence of multidimensional root traits. Special Focus on Functional Traits Along A Transect 32(1): 29-39.']
Length: 3, dtype: str",-1.4754319911661051,4.76263893805587,AM
Ulmus_laciniata,Ulmus,laciniata,Ulmaceae,Rosales,1.0,"Shi W, Wang ZQ, Liu JL, Gu JC, Guo DL. 2008. Fine root morphology of twenty hardwood species in Maoershan Natural Secondary Forest in Northeastern China. Journal of Plant Ecology (Chinese Version) 32: 1217-1226.",-2.113139795401257,4.89896666181845,AM
Ulmus_macrocarpa,Ulmus,macrocarpa,Ulmaceae,Rosales,1.0,"Chen W, Zeng H, Eissenstat DM, Guo D. 2013. Variation of first-order root traits across climatic gradients and evolutionary trends in geological time. Global Ecology and Biogeography 22: 846-856.",-1.503093628335168,4.177724226979262,AM
Ulmus_minor,Ulmus,minor,Ulmaceae,Rosales,,"de la Riva, Navarro-Fernandez, Perez-Ramos, Villar, Maranon. Unpublished.",-1.0559839266124866,2.9924656414161306,AM
Ulmus_pumila,Ulmus,pumila,Ulmaceae,Rosales,1.0,"<StringArray>
['Shi W, Wang ZQ, Liu JL, Gu JC, Guo DL. 2008. Fine root morphology of twenty hardwood species in Maoershan Natural Secondary Forest in Northeastern China. Journal of Plant Ecology (Chinese Version) 32: 1217-1226.', 'Wang R, Wang Q, Zhao N, Xu Z, Zhu X, Jiao C, Yu G, He N. 2018. Different phylogenetic and environmental controls of first-order root morphological and nutrient traits: Evidence of multidimensional root traits. Special Focus on Functional Traits Along A Transect 32(1): 29-39.']
Length: 2, dtype: str",-1.5314165285674806,4.741008005401787,AM
Ulmus_rubra,Ulmus,rubra,Ulmaceae,Rosales,,"Comas LH, Eissenstat DM. 2009. Patterns in root trait variation among 25 co-existing North American forest species. New Phytologist 182: 919-928.",-0.9942522733438668,4.370712874773608,AM
Vepris_nobilis,Vepris,nobilis,Rutaceae,Sapindales,,"Assefa D, Godbold DL, Belay B, Abiya A, Rewald B. 2018. Fine root morphology, biochemistry and litter quality indices of fast- and slow-growing woody species in Ethiopian highland forest. Ecosystems 21: 482-494.",-0.2876820724517809,1.8484548129046,AM
Veratrum_nigrum,Veratrum,nigrum,Melanthiaceae,Liliales,1.0,"Wang R, Wang Q, Zhao N, Xu Z, Zhu X, Jiao C, Yu G, He N. 2018. Different phylogenetic and environmental controls of first-order root morphological and nutrient traits: Evidence of multidimensional root traits. Special Focus on Functional Traits Along A Transect 32(1): 29-39.",-1.0799868245449449,4.838767172507941,AM
Verbascum_thapsus,Verbascum,thapsus,Scrophulariaceae,Lamiales,,"Craine JM, Froehle J, Tilman DG, Wedin DA, Chapin FS. 2001. The relationships among root and leaf traits of 76 grassland species and relative abundance among fertility and disturbance gradients. Oikos 93: 274-285",-1.1086626245216111,4.0943445622221,AM
Verbena_hastata,Verbena,hastata,Verbenaceae,Lamiales,,"Craine JM, Froehle J, Tilman DG, Wedin DA, Chapin FS. 2001. The relationships among root and leaf traits of 76 grassland species and relative abundance among fertility and disturbance gradients. Oikos 93: 274-285",-1.1394342831883648,4.5217885770490405,AM
Vernonia_fasciculata,Vernonia,fasciculata,Asteraceae,Asterales,,"Craine JM, Froehle J, Tilman DG, Wedin DA, Chapin FS. 2001. The relationships among root and leaf traits of 76 grassland species and relative abundance among fertility and disturbance gradients. Oikos 93: 274-285",-1.171182981502945,4.812184355372417,AM
Veronica_persica,Veronica,persica,Plantaginaceae,Lamiales,,"<StringArray>
['Birouste M, Kazakou E, Blanchard A, Roumet C. 2012. Plant traits and decomposition: are the relationships for roots comparable to those for leaves? Annals of Botany 109: 463-472. ', 'Roumet C, Birouste M, Picon-Cochard C, Ghestem M, Osman N, Vrignon-Brenas S, Cao K-F, Stokes A. 2016. Root structure-function relationships in 74 species: evidence of root economics spectrum related to carbon economy. New Phytologist 210: 815-826.']
Length: 2, dtype: str",-1.3394107752210402,6.207130208566233,NMAM
Veronica_spuria,Veronica,spuria,Plantaginaceae,Lamiales,1.0,"Wang R, Wang Q, Zhao N, Xu Z, Zhu X, Jiao C, Yu G, He N. 2018. Different phylogenetic and environmental controls of first-order root morphological and nutrient traits: Evidence of multidimensional root traits. Special Focus on Functional Traits Along A Transect 32(1): 29-39.",-1.67825222843446,5.424579170311993,NMAM
Veronicastrum_virginicum,Veronicastrum,virginicum,Plantaginaceae,Lamiales,,"Craine JM, Froehle J, Tilman DG, Wedin DA, Chapin FS. 2001. The relationships among root and leaf traits of 76 grassland species and relative abundance among fertility and disturbance gradients. Oikos 93: 274-285",-1.203972804325936,4.875197323201151,AM
Viburnum_dentatum,Viburnum,dentatum,Adoxaceae,Dipsacales,,"Caplan JS, Stone BWG, Faillace CA, Lafond JJ, Baumgarten JM, Mozdzer TJ, Dighton J, Meiners SJ, Grabosky JC, Ehrenfeld JG. 2017. Nutrient foraging strategies are associated with productivity and population growth in forest shrubs. Annals of Botany 119: 977-988.",-0.6226359453929833,2.153714757644333,AM
Viburnum_tinus,Viburnum,tinus,Adoxaceae,Dipsacales,,"de la Riva, Navarro-Fernandez, Perez-Ramos, Villar, Maranon. Unpublished.",-0.7912562736702646,2.4221381878376254,AM
Vicia_americana,Vicia,americana,Fabaceae,Fabales,,"<StringArray>
['Comas - Pasture species', 'Kembel SW, Cahill JF, Jr. 2011. Independent Evolution of Leaf and Root Traits within and among Temperate Grassland Plant Communities. PLoS ONE 6(6): e19992.']
Length: 2, dtype: str",-1.0128612884947492,5.1088861286613305,AM
Vicia_villosa,Vicia,villosa,Fabaceae,Fabales,,"Craine JM, Froehle J, Tilman DG, Wedin DA, Chapin FS. 2001. The relationships among root and leaf traits of 76 grassland species and relative abundance among fertility and disturbance gradients. Oikos 93: 274-285",-0.843970070294529,4.0943445622221,AM
Viola_adunca,Viola,adunca,Violaceae,Malpighiales,,"Kembel SW, Cahill JF, Jr. 2011. Independent Evolution of Leaf and Root Traits within and among Temperate Grassland Plant Communities. PLoS ONE 6(6): e19992.",-1.4223361324671562,4.4214869056693535,AM
Viola_thomasiana,Viola,thomasiana,Violaceae,Malpighiales,,"Roumet C, Birouste M, Picon-Cochard C, Ghestem M, Osman N, Vrignon-Brenas S, Cao K-F, Stokes A. 2016. Root structure-function relationships in 74 species: evidence of root economics spectrum related to carbon economy. New Phytologist 210: 815-826.",-0.8964881045779755,3.4339872044851463,AM
Vitex_lucens,Vitex,lucens,Lamiaceae,Lamiales,,"Kramer-Walter KR, Bellingham PJ, Millar TR, Smissen RD, Richardson SJ, Laughlin DC. 2016. Root traits are multidimensional: specific root length is independent from root tissue density and the plant economic spectrum. Journal of Ecology 104: 1299-1310.",-0.6092043957761833,3.7222136089629783,AM
Vitis_amurensis,Vitis,amurensis,Vitaceae,Vitales,1.0,"Wang R, Wang Q, Zhao N, Xu Z, Zhu X, Jiao C, Yu G, He N. 2018. Different phylogenetic and environmental controls of first-order root morphological and nutrient traits: Evidence of multidimensional root traits. Special Focus on Functional Traits Along A Transect 32(1): 29-39.",-1.2908023796606698,4.644499902046494,AM
Vitis_vinifera,Vitis,vinifera,Vitaceae,Vitales,1.0,"Lavely EL, Chen W, Peterson KA, Klodd AE, Volder E, Marini RP, Eissenstat D. 2020. On characterizing root function in perennial horticultural crops. American Journal of Botany",-1.920805696404654,-3.0098311979334924,AM
Vitis_vulpina,Vitis,vulpina,Vitaceae,Vitales,,"Valverde-Barrantes OJ, Smemo KA,  Feinstein LM, Kershner MW, Blackwood CB. 2015. Aggregated and complementary: symmetric proliferation, overyielding, and mass effects explain fine-root biomass in soil patches in a diverse temperate deciduous forest landscape. New Phytologist 205(2): 731-742.",-0.3879234382122918,3.05337155526361,AM
Vulpia_bromoides,Vulpia,bromoides,Poaceae,Poales,,"Mokany K, Ash J. 2008. Are traits measured on pot grown plants representative of those in natural communities? Journal of Vegetation Science 19: 119-126.",-1.2224762758904957,6.034883167475504,AM
Weinmannia_blumei,Weinmannia,blumei,Cunoniaceae,Oxalidales,,"Ushio M, Fujiki Y, Hidaka A, Kitayama K. 2015. Linkage of root physiology and morphology as an adaptation to soil phosphorus impoverishment in tropical montane forests. Functional Ecology 29: 1235-1245.",-1.458865053954726,4.369488990861333,AM
Weinmannia_racemosa,Weinmannia,racemosa,Cunoniaceae,Oxalidales,,"Kramer-Walter KR, Bellingham PJ, Millar TR, Smissen RD, Richardson SJ, Laughlin DC. 2016. Root traits are multidimensional: specific root length is independent from root tissue density and the plant economic spectrum. Journal of Ecology 104: 1299-1310.",-0.9713505090571825,4.006441160457682,AM
Weinmannia_silvicola,Weinmannia,silvicola,Cunoniaceae,Oxalidales,,"Kramer-Walter KR, Bellingham PJ, Millar TR, Smissen RD, Richardson SJ, Laughlin DC. 2016. Root traits are multidimensional: specific root length is independent from root tissue density and the plant economic spectrum. Journal of Ecology 104: 1299-1310.",-0.9594070229477832,3.7858402033877927,AM
Wendlandia_uvariifolia,Wendlandia,uvariifolia,Rubiaceae,Gentianales,1.0,"Kong D, Ma C, Zhang Q, Li L, Chen X, Zeng H, Guo D. 2014. Leading dimensions in absorptive root trait variation across 96 subtropical forest species. New Phytologist 203: 863-872.",-1.4953505863963323,3.812644561447868,AM
Withania_frutescens,Withania,frutescens,Solanaceae,Solanales,,"de la Riva, Navarro-Fernandez, Perez-Ramos, Villar, Maranon. Unpublished.",-0.9370037734716968,1.7633423174239145,AM
Xanthophyllum_tenue,Xanthophyllum,tenue,Polygalaceae,Fabales,,"Ushio M, Fujiki Y, Hidaka A, Kitayama K. 2015. Linkage of root physiology and morphology as an adaptation to soil phosphorus impoverishment in tropical montane forests. Functional Ecology 29: 1235-1245.",-0.8306865945820068,3.2280040356950725,AM
Zizia_aurea,Zizia,aurea,Apiaceae,Apiales,,"Craine JM, Froehle J, Tilman DG, Wedin DA, Chapin FS. 2001. The relationships among root and leaf traits of 76 grassland species and relative abundance among fertility and disturbance gradients. Oikos 93: 274-285",-1.171182981502945,4.605170185988092,AM
