binominal,RD,SRL,references,genus,species,family,order
Abelia biflora,-0.6363888467413364,3.43227790769518,"<ArrowStringArray>
['Wang R, Wang Q, Zhao N, Xu Z, Zhu X, Jiao C, Yu G, He N. 2018. Different phylogenetic and environmental controls of first-order root morphological and nutrient traits: Evidence of multidimensional root traits. Special Focus on Functional Traits Along A Transect 32(1): 29-39.']
Length: 1, dtype: str",Abelia,biflora,Caprifoliaceae,Dipsacales
Abies fargesii,-1.2913342598586361,3.422801478311455,"<ArrowStringArray>
['Pu X, Yin C, Xioa Q, Qiao M, Liu Q. 2016. Fine roots branch orders of Abies faxoniana respond differentially to warming in a subalpine coniferous forest ecosystem. Agroforestry Systems online article. doi:10.1007/s10457-016-9970-7']
Length: 1, dtype: str",Abies,fargesii,Pinaceae,Pinales
Abies nephrolepis,-0.8789147480343529,3.2975338379252603,"<ArrowStringArray>
['Wang R, Wang Q, Zhao N, Xu Z, Zhu X, Jiao C, Yu G, He N. 2018. Different phylogenetic and environmental controls of first-order root morphological and nutrient traits: Evidence of multidimensional root traits. Special Focus on Functional Traits Along A Transect 32(1): 29-39.']
Length: 1, dtype: str",Abies,nephrolepis,Pinaceae,Pinales
Acacia auriculiformis,-1.0942219403668167,4.34756458111878,"<ArrowStringArray>
['Kong D, Ma C, Zhang Q, Li L, Chen X, Zeng H, Guo D. 2014. Leading dimensions in absorptive root trait variation across 96 subtropical forest species. New Phytologist 203: 863-872.', 'Kong DL, Wang JJ, Kardol P, Wu HF, Zeng H, Deng XB, Deng Y. 2016. Economic strategies of plant absorptive roots vary with root diameter. Biogeosciences 13: 415-424.']
Length: 2, dtype: str",Acacia,auriculiformis,Fabaceae,Fabales
Acacia crassicarpa,-1.487530062200767,4.684720464746101,"<ArrowStringArray>
['Kong D, Ma C, Zhang Q, Li L, Chen X, Zeng H, Guo D. 2014. Leading dimensions in absorptive root trait variation across 96 subtropical forest species. New Phytologist 203: 863-872.']
Length: 1, dtype: str",Acacia,crassicarpa,Fabaceae,Fabales
Acacia mangium,-1.3761460300680755,4.597037202757902,"<ArrowStringArray>
['Kong D, Ma C, Zhang Q, Li L, Chen X, Zeng H, Guo D. 2014. Leading dimensions in absorptive root trait variation across 96 subtropical forest species. New Phytologist 203: 863-872.']
Length: 1, dtype: str",Acacia,mangium,Fabaceae,Fabales
Acer barbinerve,-1.3771364233351249,4.96758145600384,"<ArrowStringArray>
['Wang R, Wang Q, Zhao N, Xu Z, Zhu X, Jiao C, Yu G, He N. 2018. Different phylogenetic and environmental controls of first-order root morphological and nutrient traits: Evidence of multidimensional root traits. Special Focus on Functional Traits Along A Transect 32(1): 29-39.']
Length: 1, dtype: str",Acer,barbinerve,Sapindaceae,Sapindales
Acer campbellii,-1.6620478627063977,4.370364110801968,"<ArrowStringArray>
['Wang R, Wang Q, Zhao N, Xu Z, Zhu X, Jiao C, Yu G, He N. 2018. Different phylogenetic and environmental controls of first-order root morphological and nutrient traits: Evidence of multidimensional root traits. Special Focus on Functional Traits Along A Transect 32(1): 29-39.']
Length: 1, dtype: str",Acer,campbellii,Sapindaceae,Sapindales
Acer caudatum,-1.4677192400521906,4.452395919427671,"<ArrowStringArray>
['Shi W, Wang ZQ, Liu JL, Gu JC, Guo DL. 2008. Fine root morphology of twenty hardwood species in Maoershan Natural Secondary Forest in Northeastern China. Journal of Plant Ecology (Chinese Version) 32: 1217-1226.', 'Wang R, Wang Q, Zhao N, Xu Z, Zhu X, Jiao C, Yu G, He N. 2018. Different phylogenetic and environmental controls of first-order root morphological and nutrient traits: Evidence of multidimensional root traits. Special Focus on Functional Traits Along A Transect 32(1): 29-39.']
Length: 2, dtype: str",Acer,caudatum,Sapindaceae,Sapindales
Acer coriaceifolium,-1.4271163556401458,4.870606649492553,"<ArrowStringArray>
['Liu B, Li H, Zhu B, Koide RT, Eissenstat DM, Guo D. 2015. Complementarity between roots and AM fungi in nutrient foraging strategies. New Phytologist 208: 125-136.']
Length: 1, dtype: str",Acer,coriaceifolium,Sapindaceae,Sapindales
Acer davidii,-1.335563441435354,4.514543248584607,"<ArrowStringArray>
['Chen W, Zeng H, Eissenstat DM, Guo D. 2013. Variation of first-order root traits across climatic gradients and evolutionary trends in geological time. Global Ecology and Biogeography 22: 846-856.', 'Wang R, Wang Q, Zhao N, Xu Z, Zhu X, Jiao C, Yu G, He N. 2018. Different phylogenetic and environmental controls of first-order root morphological and nutrient traits: Evidence of multidimensional root traits. Special Focus on Functional Traits Along A Transect 32(1): 29-39.']
Length: 2, dtype: str",Acer,davidii,Sapindaceae,Sapindales
Acer fabri,-1.6989797610955957,4.926383741648665,"<ArrowStringArray>
['Liu B, Li H, Zhu B, Koide RT, Eissenstat DM, Guo D. 2015. Complementarity between roots and AM fungi in nutrient foraging strategies. New Phytologist 208: 125-136.', 'Kong D, Ma C, Zhang Q, Li L, Chen X, Zeng H, Guo D. 2014. Leading dimensions in absorptive root trait variation across 96 subtropical forest species. New Phytologist 203: 863-872.']
Length: 2, dtype: str",Acer,fabri,Sapindaceae,Sapindales
Acer negundo,-1.4842747694800944,3.7960133963209044,"<ArrowStringArray>
['McCormack ML, Adams TS, Smithwick EAH, Eissenstat DM. 2012. Predicting fine root lifespan from plant functional traits in temperate trees. New Phytologist 195:823-831.']
Length: 1, dtype: str",Acer,negundo,Sapindaceae,Sapindales
Acer pictum,-1.1592108241529209,4.461404079115766,"<ArrowStringArray>
[                                                                'Shi W, Wang ZQ, Liu JL, Gu JC, Guo DL. 2008. Fine root morphology of twenty hardwood species in Maoershan Natural Secondary Forest in Northeastern China. Journal of Plant Ecology (Chinese Version) 32: 1217-1226.',
                                                                                                                            'Razaq M, Zhang P, Shen H, Salahuddin. 2017. Influence of nitrogen and phosphorous on the growth and root morphology of Acer mono. PLoS ONE 12: e0171321.',
 'Wang R, Wang Q, Zhao N, Xu Z, Zhu X, Jiao C, Yu G, He N. 2018. Different phylogenetic and environmental controls of first-order root morphological and nutrient traits: Evidence of multidimensional root traits. Special Focus on Functional Traits Along A Transect 32(1): 29-39.']
Length: 3, dtype: str",Acer,pictum,Sapindaceae,Sapindales
Acer platanoides,-1.1155014103466747,3.3947978251119246,"<ArrowStringArray>
['Kubisch P, Hertel D, Leuschner C. 2015. Do ectomycorrhizal and arbuscular mycorrhizal temperate tree species systematically differ in root order-related fine root morphology and biomass? Frontiers in Plant Science 6(64): 1-12.']
Length: 1, dtype: str",Acer,platanoides,Sapindaceae,Sapindales
Acer pseudoplatanus,-1.3223499439271242,4.137269697670223,"<ArrowStringArray>
['Kubisch P, Hertel D, Leuschner C. 2015. Do ectomycorrhizal and arbuscular mycorrhizal temperate tree species systematically differ in root order-related fine root morphology and biomass? Frontiers in Plant Science 6(64): 1-12.']
Length: 1, dtype: str",Acer,pseudoplatanus,Sapindaceae,Sapindales
Acer rubrum,-1.3599770528025172,3.832907645412601,"<ArrowStringArray>
['McCormack ML, Adams TS, Smithwick EAH, Eissenstat DM. 2012. Predicting fine root lifespan from plant functional traits in temperate trees. New Phytologist 195:823-831.']
Length: 1, dtype: str",Acer,rubrum,Sapindaceae,Sapindales
Acer saccharum,-0.4167511378529186,3.806432984070822,"<ArrowStringArray>
[                                                    'Pregitzer KS, Kubiske ME, Yu CK, Hendrick RL. 1997. Relationships among root branch order, carbon, and nitrogen in four temperate species. Oecologia 111: 301-308.',
 ' Valverde-Barrantes OJ, Smemo KA, Blackwood CB. 2014. Fine root morphology is phylogenetically structured, but nitrogen is related to the plant economics spectrum in temperate trees. Functional Ecology 29: 796-807.',
                                                'McCormack ML, Adams TS, Smithwick EAH, Eissenstat DM. 2012. Predicting fine root lifespan from plant functional traits in temperate trees. New Phytologist 195:823-831.',
                                                   'Pregitzer KS, DeForest JL, Burton AJ, Allen MF, Ruess RW, Hendrick RL. 2002. Fine root architecture of nine North American trees. Ecological Monographs 72: 293-309.',
                                                                                                                                                                                           'Valverde et al (unpublished)']
Length: 5, dtype: str",Acer,saccharum,Sapindaceae,Sapindales
Acer tataricum,-1.5155295123913795,4.876593896355516,"<ArrowStringArray>
['Shi W, Wang ZQ, Liu JL, Gu JC, Guo DL. 2008. Fine root morphology of twenty hardwood species in Maoershan Natural Secondary Forest in Northeastern China. Journal of Plant Ecology (Chinese Version) 32: 1217-1226.', 'Wang R, Wang Q, Zhao N, Xu Z, Zhu X, Jiao C, Yu G, He N. 2018. Different phylogenetic and environmental controls of first-order root morphological and nutrient traits: Evidence of multidimensional root traits. Special Focus on Functional Traits Along A Transect 32(1): 29-39.']
Length: 2, dtype: str",Acer,tataricum,Sapindaceae,Sapindales
Acer tegmentosum,-1.163794021421928,4.450033256242896,"<ArrowStringArray>
['Shi W, Wang ZQ, Liu JL, Gu JC, Guo DL. 2008. Fine root morphology of twenty hardwood species in Maoershan Natural Secondary Forest in Northeastern China. Journal of Plant Ecology (Chinese Version) 32: 1217-1226.', 'Wang R, Wang Q, Zhao N, Xu Z, Zhu X, Jiao C, Yu G, He N. 2018. Different phylogenetic and environmental controls of first-order root morphological and nutrient traits: Evidence of multidimensional root traits. Special Focus on Functional Traits Along A Transect 32(1): 29-39.']
Length: 2, dtype: str",Acer,tegmentosum,Sapindaceae,Sapindales
Acer triflorum,-1.452006904485272,4.70622041830678,"<ArrowStringArray>
['Wang R, Wang Q, Zhao N, Xu Z, Zhu X, Jiao C, Yu G, He N. 2018. Different phylogenetic and environmental controls of first-order root morphological and nutrient traits: Evidence of multidimensional root traits. Special Focus on Functional Traits Along A Transect 32(1): 29-39.']
Length: 1, dtype: str",Acer,triflorum,Sapindaceae,Sapindales
Acer truncatum,-1.3578264410526426,4.081728383535411,"<ArrowStringArray>
['Chen W, Zeng H, Eissenstat DM, Guo D. 2013. Variation of first-order root traits across climatic gradients and evolutionary trends in geological time. Global Ecology and Biogeography 22: 846-856.']
Length: 1, dtype: str",Acer,truncatum,Sapindaceae,Sapindales
Acronychia pedunculata,-1.2423152366141288,4.43844831886184,"<ArrowStringArray>
['Kong D, Ma C, Zhang Q, Li L, Chen X, Zeng H, Guo D. 2014. Leading dimensions in absorptive root trait variation across 96 subtropical forest species. New Phytologist 203: 863-872.', 'Chen W, Zeng H, Eissenstat DM, Guo D. 2013. Variation of first-order root traits across climatic gradients and evolutionary trends in geological time. Global Ecology and Biogeography 22: 846-856.']
Length: 2, dtype: str",Acronychia,pedunculata,Rutaceae,Sapindales
Actaea cimicifuga,-1.3203193721963578,4.763139807722203,"<ArrowStringArray>
['Wang R, Wang Q, Zhao N, Xu Z, Zhu X, Jiao C, Yu G, He N. 2018. Different phylogenetic and environmental controls of first-order root morphological and nutrient traits: Evidence of multidimensional root traits. Special Focus on Functional Traits Along A Transect 32(1): 29-39.']
Length: 1, dtype: str",Actaea,cimicifuga,Ranunculaceae,Ranunculales
Actinidia kolomikta,-1.4696759700589417,5.413981572847829,"<ArrowStringArray>
['Wang R, Wang Q, Zhao N, Xu Z, Zhu X, Jiao C, Yu G, He N. 2018. Different phylogenetic and environmental controls of first-order root morphological and nutrient traits: Evidence of multidimensional root traits. Special Focus on Functional Traits Along A Transect 32(1): 29-39.']
Length: 1, dtype: str",Actinidia,kolomikta,Actinidiaceae,Ericales
Adenocaulon himalaicum,-1.7521542146356957,5.262232519941716,"<ArrowStringArray>
['Wang R, Wang Q, Zhao N, Xu Z, Zhu X, Jiao C, Yu G, He N. 2018. Different phylogenetic and environmental controls of first-order root morphological and nutrient traits: Evidence of multidimensional root traits. Special Focus on Functional Traits Along A Transect 32(1): 29-39.']
Length: 1, dtype: str",Adenocaulon,himalaicum,Asteraceae,Asterales
Adiantum pedatum,-1.2092224596858088,5.095985882628778,"<ArrowStringArray>
['Dong X, Wang H, Gu J, Wang Y, Wang Z. 2014. Root morphology, histology and chemistry of nine fern species (pteridophyta) in a temperate forest. Plant Soil 393: 215-227.', 'Wang R, Wang Q, Zhao N, Xu Z, Zhu X, Jiao C, Yu G, He N. 2018. Different phylogenetic and environmental controls of first-order root morphological and nutrient traits: Evidence of multidimensional root traits. Special Focus on Functional Traits Along A Transect 32(1): 29-39.']
Length: 2, dtype: str",Adiantum,pedatum,Pteridaceae,Polypodiales
Adina pilulifera,-1.9834043534828938,6.363496743711504,"<ArrowStringArray>
['Wang R, Wang Q, Zhao N, Xu Z, Zhu X, Jiao C, Yu G, He N. 2018. Different phylogenetic and environmental controls of first-order root morphological and nutrient traits: Evidence of multidimensional root traits. Special Focus on Functional Traits Along A Transect 32(1): 29-39.']
Length: 1, dtype: str",Adina,pilulifera,Rubiaceae,Gentianales
Aesculus hippocastanum,-1.3023237776603893,2.9681729912394377,"<ArrowStringArray>
[' Valverde-Barrantes OJ, Smemo KA, Blackwood CB. 2014. Fine root morphology is phylogenetically structured, but nitrogen is related to the plant economics spectrum in temperate trees. Functional Ecology 29: 796-807.', 'Valverde et al (unpublished)']
Length: 2, dtype: str",Aesculus,hippocastanum,Sapindaceae,Sapindales
Aesculus parviflora,-1.580007225195049,3.765818153565306,"<ArrowStringArray>
[' Valverde-Barrantes OJ, Smemo KA, Blackwood CB. 2014. Fine root morphology is phylogenetically structured, but nitrogen is related to the plant economics spectrum in temperate trees. Functional Ecology 29: 796-807.', 'Valverde et al (unpublished)']
Length: 2, dtype: str",Aesculus,parviflora,Sapindaceae,Sapindales
Agrimonia pilosa,-1.4850103340590484,5.086378117704167,"<ArrowStringArray>
['Wang R, Wang Q, Zhao N, Xu Z, Zhu X, Jiao C, Yu G, He N. 2018. Different phylogenetic and environmental controls of first-order root morphological and nutrient traits: Evidence of multidimensional root traits. Special Focus on Functional Traits Along A Transect 32(1): 29-39.']
Length: 1, dtype: str",Agrimonia,pilosa,Rosaceae,Rosales
Aidia oxyodonta,-2.5966569634591274,5.251540174989108,"<ArrowStringArray>
['Chen W, Zeng H, Eissenstat DM, Guo D. 2013. Variation of first-order root traits across climatic gradients and evolutionary trends in geological time. Global Ecology and Biogeography 22: 846-856.']
Length: 1, dtype: str",Aidia,oxyodonta,Rubiaceae,Gentianales
Alangium chinense,-2.3735441819345398,5.135268885097667,"<ArrowStringArray>
['Kong D, Ma C, Zhang Q, Li L, Chen X, Zeng H, Guo D. 2014. Leading dimensions in absorptive root trait variation across 96 subtropical forest species. New Phytologist 203: 863-872.']
Length: 1, dtype: str",Alangium,chinense,Cornaceae,Cornales
Alchornea tiliifolia,-1.8971199848858813,5.63645607098297,"<ArrowStringArray>
['Chen W, Zeng H, Eissenstat DM, Guo D. 2013. Variation of first-order root traits across climatic gradients and evolutionary trends in geological time. Global Ecology and Biogeography 22: 846-856.']
Length: 1, dtype: str",Alchornea,tiliifolia,Euphorbiaceae,Malpighiales
Alchornea trewioides,-1.369240606554063,4.527772527776599,"<ArrowStringArray>
['Wang R, Wang Q, Zhao N, Xu Z, Zhu X, Jiao C, Yu G, He N. 2018. Different phylogenetic and environmental controls of first-order root morphological and nutrient traits: Evidence of multidimensional root traits. Special Focus on Functional Traits Along A Transect 32(1): 29-39.']
Length: 1, dtype: str",Alchornea,trewioides,Euphorbiaceae,Malpighiales
Allophylus cobbe,-1.8568101214823827,4.318421011584911,"<ArrowStringArray>
['Kong D, Ma C, Zhang Q, Li L, Chen X, Zeng H, Guo D. 2014. Leading dimensions in absorptive root trait variation across 96 subtropical forest species. New Phytologist 203: 863-872.']
Length: 1, dtype: str",Allophylus,cobbe,Sapindaceae,Sapindales
Alniphyllum fortunei,-1.2536037968925091,4.480711519573874,"<ArrowStringArray>
[                                                                                                                'Liu B, Li H, Zhu B, Koide RT, Eissenstat DM, Guo D. 2015. Complementarity between roots and AM fungi in nutrient foraging strategies. New Phytologist 208: 125-136.',
                                                                                                 'Kong D, Ma C, Zhang Q, Li L, Chen X, Zeng H, Guo D. 2014. Leading dimensions in absorptive root trait variation across 96 subtropical forest species. New Phytologist 203: 863-872.',
 'Wang R, Wang Q, Zhao N, Xu Z, Zhu X, Jiao C, Yu G, He N. 2018. Different phylogenetic and environmental controls of first-order root morphological and nutrient traits: Evidence of multidimensional root traits. Special Focus on Functional Traits Along A Transect 32(1): 29-39.']
Length: 3, dtype: str",Alniphyllum,fortunei,Styracaceae,Ericales
Alnus formosana,-1.2321424604362348,5.312971321708953,"<ArrowStringArray>
['Miao Y, Chen YL, Li XW, Fan C, Liu YK, Yang ZJ, Zhang J, Cai XL. 2013. Effects of fertilization on Alnus formosana fine root morphological characteristics, biomass and issue content of C, N under A. formosana-Hemarthria compressa compound mode. Chinese Journal of Plant Ecology 37: 674-683.']
Length: 1, dtype: str",Alnus,formosana,Betulaceae,Fagales
Alnus hirsuta,-1.4116079229593492,4.243669755378868,"<ArrowStringArray>
['Shi W, Wang ZQ, Liu JL, Gu JC, Guo DL. 2008. Fine root morphology of twenty hardwood species in Maoershan Natural Secondary Forest in Northeastern China. Journal of Plant Ecology (Chinese Version) 32: 1217-1226.']
Length: 1, dtype: str",Alnus,hirsuta,Betulaceae,Fagales
Alnus mandshurica,-1.6251807227509556,4.691245507264235,"<ArrowStringArray>
['Shi W, Wang ZQ, Liu JL, Gu JC, Guo DL. 2008. Fine root morphology of twenty hardwood species in Maoershan Natural Secondary Forest in Northeastern China. Journal of Plant Ecology (Chinese Version) 32: 1217-1226.']
Length: 1, dtype: str",Alnus,mandshurica,Betulaceae,Fagales
Alpinia japonica,-1.7781524658218382,5.505626207959451,"<ArrowStringArray>
['Wang R, Wang Q, Zhao N, Xu Z, Zhu X, Jiao C, Yu G, He N. 2018. Different phylogenetic and environmental controls of first-order root morphological and nutrient traits: Evidence of multidimensional root traits. Special Focus on Functional Traits Along A Transect 32(1): 29-39.']
Length: 1, dtype: str",Alpinia,japonica,Zingiberaceae,Zingiberales
Alstonia scholaris,-0.6468362776966949,3.248822901236153,"<ArrowStringArray>
['Kong D, Ma C, Zhang Q, Li L, Chen X, Zeng H, Guo D. 2014. Leading dimensions in absorptive root trait variation across 96 subtropical forest species. New Phytologist 203: 863-872.']
Length: 1, dtype: str",Alstonia,scholaris,Apocynaceae,Gentianales
Altingia gracilipes,-0.8076354230135604,2.566897930067926,"<ArrowStringArray>
['Xiong D, Huang J, Yang Z, Lu Z, Chen G, Yang Y. 2012. Fine root architecture and morphology among different branch orders of six subtropical tree species. Acta Ecologica Sinica 32: 1888-1897.']
Length: 1, dtype: str",Altingia,gracilipes,Altingiaceae,Saxifragales
Altingia obovata,-1.1718990345819649,3.918454412918559,"<ArrowStringArray>
['Xu Y, Gu JC, Dong XY, Liu Y, Wang ZQ. 2011. Fine root morphology, anatomy and tissue nitrogen and carbon contents of the first five orders in four tropical hardwood species in Hainan Island, China. Chinese Journal of Plant Ecology 35:955-964.']
Length: 1, dtype: str",Altingia,obovata,Altingiaceae,Saxifragales
Anaphalis aureopunctata,-1.98813938327305,6.172024135880895,"<ArrowStringArray>
['Wang R, Wang Q, Zhao N, Xu Z, Zhu X, Jiao C, Yu G, He N. 2018. Different phylogenetic and environmental controls of first-order root morphological and nutrient traits: Evidence of multidimensional root traits. Special Focus on Functional Traits Along A Transect 32(1): 29-39.']
Length: 1, dtype: str",Anaphalis,aureopunctata,Asteraceae,Asterales
Anaphalis hancockii,-1.7220468568167546,5.7678769869239215,"<ArrowStringArray>
['Wang R, Wang Q, Zhao N, Xu Z, Zhu X, Jiao C, Yu G, He N. 2018. Different phylogenetic and environmental controls of first-order root morphological and nutrient traits: Evidence of multidimensional root traits. Special Focus on Functional Traits Along A Transect 32(1): 29-39.']
Length: 1, dtype: str",Anaphalis,hancockii,Asteraceae,Asterales
Antidesma maclurei,-0.909985650739561,2.995232148512309,"<ArrowStringArray>
['Kong D, Ma C, Zhang Q, Li L, Chen X, Zeng H, Guo D. 2014. Leading dimensions in absorptive root trait variation across 96 subtropical forest species. New Phytologist 203: 863-872.']
Length: 1, dtype: str",Antidesma,maclurei,Phyllanthaceae,Malpighiales
Aphanamixis polystachya,-1.7514081723485555,5.14913363092185,"<ArrowStringArray>
['Chen W, Zeng H, Eissenstat DM, Guo D. 2013. Variation of first-order root traits across climatic gradients and evolutionary trends in geological time. Global Ecology and Biogeography 22: 846-856.']
Length: 1, dtype: str",Aphanamixis,polystachya,Meliaceae,Sapindales
Aporosa octandra,-1.0034293896909183,3.3724549127965013,"<ArrowStringArray>
['Kong D, Ma C, Zhang Q, Li L, Chen X, Zeng H, Guo D. 2014. Leading dimensions in absorptive root trait variation across 96 subtropical forest species. New Phytologist 203: 863-872.']
Length: 1, dtype: str",Aporosa,octandra,Phyllanthaceae,Malpighiales
Aporosa yunnanensis,-1.341952169769155,4.181223737980477,"<ArrowStringArray>
['Kong D, Ma C, Zhang Q, Li L, Chen X, Zeng H, Guo D. 2014. Leading dimensions in absorptive root trait variation across 96 subtropical forest species. New Phytologist 203: 863-872.', 'Wang R, Wang Q, Zhao N, Xu Z, Zhu X, Jiao C, Yu G, He N. 2018. Different phylogenetic and environmental controls of first-order root morphological and nutrient traits: Evidence of multidimensional root traits. Special Focus on Functional Traits Along A Transect 32(1): 29-39.']
Length: 2, dtype: str",Aporosa,yunnanensis,Phyllanthaceae,Malpighiales
Archidendron clypearia,-1.306263961214402,4.2531984503199265,"<ArrowStringArray>
['Kong D, Ma C, Zhang Q, Li L, Chen X, Zeng H, Guo D. 2014. Leading dimensions in absorptive root trait variation across 96 subtropical forest species. New Phytologist 203: 863-872.']
Length: 1, dtype: str",Archidendron,clypearia,Fabaceae,Fabales
Archidendron lucidum,-1.3449221180141588,4.07567129695648,"<ArrowStringArray>
['Kong D, Ma C, Zhang Q, Li L, Chen X, Zeng H, Guo D. 2014. Leading dimensions in absorptive root trait variation across 96 subtropical forest species. New Phytologist 203: 863-872.']
Length: 1, dtype: str",Archidendron,lucidum,Fabaceae,Fabales
Ardisia depressa,-1.4508328822574619,4.163815965105749,"<ArrowStringArray>
['Chen W, Zeng H, Eissenstat DM, Guo D. 2013. Variation of first-order root traits across climatic gradients and evolutionary trends in geological time. Global Ecology and Biogeography 22: 846-856.']
Length: 1, dtype: str",Ardisia,depressa,Primulaceae,Ericales
Ardisia japonica,-1.469241281940817,4.620057234933822,"<ArrowStringArray>
['Wang R, Wang Q, Zhao N, Xu Z, Zhu X, Jiao C, Yu G, He N. 2018. Different phylogenetic and environmental controls of first-order root morphological and nutrient traits: Evidence of multidimensional root traits. Special Focus on Functional Traits Along A Transect 32(1): 29-39.']
Length: 1, dtype: str",Ardisia,japonica,Primulaceae,Ericales
Ardisia quinquegona,-0.8675005677047231,3.0007198150650303,"<ArrowStringArray>
['Wang J-J, Tharayil N, Chow AT, Suseela V, Zeng H. 2015. Phenolic profile within the fine-root branching orders of an evergreen species highlights a disconnect in root tissue quality predicted by elemental- and molecular-level carbon composition. New Phytologist 206: 1261-1273.']
Length: 1, dtype: str",Ardisia,quinquegona,Primulaceae,Ericales
Artemisia halodendron,-1.0216512475319814,2.792391349535961,"<ArrowStringArray>
['Huang G, Zhao  X-Y, Zhao H-L, Huang Y-X, Zuo X-A. 2010. Linking root morphology, longevity and function to root branch order: a case study in three shrubs. Plant Soil 336: 197-208.']
Length: 1, dtype: str",Artemisia,halodendron,Asteraceae,Asterales
Artemisia igniaria,-1.7885645783315358,5.318869012769295,"<ArrowStringArray>
['Wang R, Wang Q, Zhao N, Xu Z, Zhu X, Jiao C, Yu G, He N. 2018. Different phylogenetic and environmental controls of first-order root morphological and nutrient traits: Evidence of multidimensional root traits. Special Focus on Functional Traits Along A Transect 32(1): 29-39.']
Length: 1, dtype: str",Artemisia,igniaria,Asteraceae,Asterales
Artemisia mongolica,-1.795165262362888,5.276430365583576,"<ArrowStringArray>
['Wang R, Wang Q, Zhao N, Xu Z, Zhu X, Jiao C, Yu G, He N. 2018. Different phylogenetic and environmental controls of first-order root morphological and nutrient traits: Evidence of multidimensional root traits. Special Focus on Functional Traits Along A Transect 32(1): 29-39.']
Length: 1, dtype: str",Artemisia,mongolica,Asteraceae,Asterales
Artocarpus styracifolius,-1.262449734084912,3.5421180727185324,"<ArrowStringArray>
['Kong D, Ma C, Zhang Q, Li L, Chen X, Zeng H, Guo D. 2014. Leading dimensions in absorptive root trait variation across 96 subtropical forest species. New Phytologist 203: 863-872.']
Length: 1, dtype: str",Artocarpus,styracifolius,Moraceae,Rosales
Asimina triloba,-0.6446978458948621,2.606252773433732,"<ArrowStringArray>
[' Valverde-Barrantes OJ, Smemo KA, Blackwood CB. 2014. Fine root morphology is phylogenetically structured, but nitrogen is related to the plant economics spectrum in temperate trees. Functional Ecology 29: 796-807.', 'Valverde et al (unpublished)']
Length: 2, dtype: str",Asimina,triloba,Annonaceae,Magnoliales
Asparagus schoberioides,-1.0708998501015738,4.78553148940686,"<ArrowStringArray>
['Wang R, Wang Q, Zhao N, Xu Z, Zhu X, Jiao C, Yu G, He N. 2018. Different phylogenetic and environmental controls of first-order root morphological and nutrient traits: Evidence of multidimensional root traits. Special Focus on Functional Traits Along A Transect 32(1): 29-39.']
Length: 1, dtype: str",Asparagus,schoberioides,Asparagaceae,Asparagales
Aster tataricus,-1.6245515502441485,5.694102440602895,"<ArrowStringArray>
['Wang R, Wang Q, Zhao N, Xu Z, Zhu X, Jiao C, Yu G, He N. 2018. Different phylogenetic and environmental controls of first-order root morphological and nutrient traits: Evidence of multidimensional root traits. Special Focus on Functional Traits Along A Transect 32(1): 29-39.']
Length: 1, dtype: str",Aster,tataricus,Asteraceae,Asterales
Astilbe rivularis,-0.9564618965634318,3.6047036853482144,"<ArrowStringArray>
['Wang R, Wang Q, Zhao N, Xu Z, Zhu X, Jiao C, Yu G, He N. 2018. Different phylogenetic and environmental controls of first-order root morphological and nutrient traits: Evidence of multidimensional root traits. Special Focus on Functional Traits Along A Transect 32(1): 29-39.']
Length: 1, dtype: str",Astilbe,rivularis,Saxifragaceae,Saxifragales
Astilbe rubra,-1.7620065110787073,5.3774425203207885,"<ArrowStringArray>
['Wang R, Wang Q, Zhao N, Xu Z, Zhu X, Jiao C, Yu G, He N. 2018. Different phylogenetic and environmental controls of first-order root morphological and nutrient traits: Evidence of multidimensional root traits. Special Focus on Functional Traits Along A Transect 32(1): 29-39.']
Length: 1, dtype: str",Astilbe,rubra,Saxifragaceae,Saxifragales
Athyrium multidentatum,-1.4987590025403477,4.919563036334691,"<ArrowStringArray>
['Dong X, Wang H, Gu J, Wang Y, Wang Z. 2014. Root morphology, histology and chemistry of nine fern species (pteridophyta) in a temperate forest. Plant Soil 393: 215-227.']
Length: 1, dtype: str",Athyrium,multidentatum,Athyriaceae,Polypodiales
Athyrium sinense,-1.3262144109042224,4.755675483475596,"<ArrowStringArray>
['Dong X, Wang H, Gu J, Wang Y, Wang Z. 2014. Root morphology, histology and chemistry of nine fern species (pteridophyta) in a temperate forest. Plant Soil 393: 215-227.']
Length: 1, dtype: str",Athyrium,sinense,Athyriaceae,Polypodiales
Athyrium spinulosum,-1.7369169717199753,5.462427447342916,"<ArrowStringArray>
['Dong X, Wang H, Gu J, Wang Y, Wang Z. 2014. Root morphology, histology and chemistry of nine fern species (pteridophyta) in a temperate forest. Plant Soil 393: 215-227.']
Length: 1, dtype: str",Athyrium,spinulosum,Athyriaceae,Polypodiales
Barringtonia racemosa,-0.848957732212552,3.0684273961771193,"<ArrowStringArray>
['Kong D, Ma C, Zhang Q, Li L, Chen X, Zeng H, Guo D. 2014. Leading dimensions in absorptive root trait variation across 96 subtropical forest species. New Phytologist 203: 863-872.', 'Chen W, Zeng H, Eissenstat DM, Guo D. 2013. Variation of first-order root traits across climatic gradients and evolutionary trends in geological time. Global Ecology and Biogeography 22: 846-856.']
Length: 2, dtype: str",Barringtonia,racemosa,Lecythidaceae,Ericales
Betula albosinensis,-1.5585694665318883,4.046792440037325,"<ArrowStringArray>
['Chen W, Zeng H, Eissenstat DM, Guo D. 2013. Variation of first-order root traits across climatic gradients and evolutionary trends in geological time. Global Ecology and Biogeography 22: 846-856.']
Length: 1, dtype: str",Betula,albosinensis,Betulaceae,Fagales
Betula costata,-1.3381893249303756,4.5926809503540955,"<ArrowStringArray>
['Shi W, Wang ZQ, Liu JL, Gu JC, Guo DL. 2008. Fine root morphology of twenty hardwood species in Maoershan Natural Secondary Forest in Northeastern China. Journal of Plant Ecology (Chinese Version) 32: 1217-1226.', 'Wang R, Wang Q, Zhao N, Xu Z, Zhu X, Jiao C, Yu G, He N. 2018. Different phylogenetic and environmental controls of first-order root morphological and nutrient traits: Evidence of multidimensional root traits. Special Focus on Functional Traits Along A Transect 32(1): 29-39.']
Length: 2, dtype: str",Betula,costata,Betulaceae,Fagales
Betula dahurica,-1.1547054191239419,4.001737692895865,"<ArrowStringArray>
['Chen W, Zeng H, Eissenstat DM, Guo D. 2013. Variation of first-order root traits across climatic gradients and evolutionary trends in geological time. Global Ecology and Biogeography 22: 846-856.', 'Wang R, Wang Q, Zhao N, Xu Z, Zhu X, Jiao C, Yu G, He N. 2018. Different phylogenetic and environmental controls of first-order root morphological and nutrient traits: Evidence of multidimensional root traits. Special Focus on Functional Traits Along A Transect 32(1): 29-39.']
Length: 2, dtype: str",Betula,dahurica,Betulaceae,Fagales
Betula fruticosa,-1.2718948208113945,3.88699799929116,"<ArrowStringArray>
['Wang R, Wang Q, Zhao N, Xu Z, Zhu X, Jiao C, Yu G, He N. 2018. Different phylogenetic and environmental controls of first-order root morphological and nutrient traits: Evidence of multidimensional root traits. Special Focus on Functional Traits Along A Transect 32(1): 29-39.']
Length: 1, dtype: str",Betula,fruticosa,Betulaceae,Fagales
Betula platyphylla,-1.3813632486636274,4.626467453243464,"<ArrowStringArray>
[                                                                'Shi W, Wang ZQ, Liu JL, Gu JC, Guo DL. 2008. Fine root morphology of twenty hardwood species in Maoershan Natural Secondary Forest in Northeastern China. Journal of Plant Ecology (Chinese Version) 32: 1217-1226.',
 'Wang R, Wang Q, Zhao N, Xu Z, Zhu X, Jiao C, Yu G, He N. 2018. Different phylogenetic and environmental controls of first-order root morphological and nutrient traits: Evidence of multidimensional root traits. Special Focus on Functional Traits Along A Transect 32(1): 29-39.',
                                                                           'Wang Y, Gao G, Wang N, Wang Z, Gu J. 2019. Effects of morphology and stand structure on root biomass and length differed between absorptive and transport roots in temperate trees. Plant Soil, in press.']
Length: 3, dtype: str",Betula,platyphylla,Betulaceae,Fagales
Blastus cochinchinesis,-1.5941390392811776,5.32488948298348,"<ArrowStringArray>
['Wang R, Wang Q, Zhao N, Xu Z, Zhu X, Jiao C, Yu G, He N. 2018. Different phylogenetic and environmental controls of first-order root morphological and nutrient traits: Evidence of multidimensional root traits. Special Focus on Functional Traits Along A Transect 32(1): 29-39.']
Length: 1, dtype: str",Blastus,cochinchinesis,Melastomataceae,Myrtales
Blastus pauciflorus,-1.81533541052795,5.490746388301094,"<ArrowStringArray>
['Wang R, Wang Q, Zhao N, Xu Z, Zhu X, Jiao C, Yu G, He N. 2018. Different phylogenetic and environmental controls of first-order root morphological and nutrient traits: Evidence of multidimensional root traits. Special Focus on Functional Traits Along A Transect 32(1): 29-39.']
Length: 1, dtype: str",Blastus,pauciflorus,Melastomataceae,Myrtales
Blechnum orientale,-1.5663784229736533,5.222220751507993,"<ArrowStringArray>
['Wang R, Wang Q, Zhao N, Xu Z, Zhu X, Jiao C, Yu G, He N. 2018. Different phylogenetic and environmental controls of first-order root morphological and nutrient traits: Evidence of multidimensional root traits. Special Focus on Functional Traits Along A Transect 32(1): 29-39.']
Length: 1, dtype: str",Blechnum,orientale,Blechnaceae,Polypodiales
Calamus rhabdocladus,-1.520054351299415,4.637108263275592,"<ArrowStringArray>
['Wang R, Wang Q, Zhao N, Xu Z, Zhu X, Jiao C, Yu G, He N. 2018. Different phylogenetic and environmental controls of first-order root morphological and nutrient traits: Evidence of multidimensional root traits. Special Focus on Functional Traits Along A Transect 32(1): 29-39.']
Length: 1, dtype: str",Calamus,rhabdocladus,Arecaceae,Arecales
Caltha palustris,-1.5616005830199404,5.84841055554281,"<ArrowStringArray>
['Wang R, Wang Q, Zhao N, Xu Z, Zhu X, Jiao C, Yu G, He N. 2018. Different phylogenetic and environmental controls of first-order root morphological and nutrient traits: Evidence of multidimensional root traits. Special Focus on Functional Traits Along A Transect 32(1): 29-39.']
Length: 1, dtype: str",Caltha,palustris,Ranunculaceae,Ranunculales
Canarium album,-1.6404940454660997,4.647678586222547,"<ArrowStringArray>
['Kong D, Ma C, Zhang Q, Li L, Chen X, Zeng H, Guo D. 2014. Leading dimensions in absorptive root trait variation across 96 subtropical forest species. New Phytologist 203: 863-872.', 'Chen W, Zeng H, Eissenstat DM, Guo D. 2013. Variation of first-order root traits across climatic gradients and evolutionary trends in geological time. Global Ecology and Biogeography 22: 846-856.']
Length: 2, dtype: str",Canarium,album,Burseraceae,Sapindales
Caragana microphylla,-0.8915981192837836,3.2204745462318978,"<ArrowStringArray>
['Huang G, Zhao  X-Y, Zhao H-L, Huang Y-X, Zuo X-A. 2010. Linking root morphology, longevity and function to root branch order: a case study in three shrubs. Plant Soil 336: 197-208.']
Length: 1, dtype: str",Caragana,microphylla,Fabaceae,Fabales
Carallia brachiata,-1.5405650481477249,4.693547296605504,"<ArrowStringArray>
['Kong D, Ma C, Zhang Q, Li L, Chen X, Zeng H, Guo D. 2014. Leading dimensions in absorptive root trait variation across 96 subtropical forest species. New Phytologist 203: 863-872.']
Length: 1, dtype: str",Carallia,brachiata,Rhizophoraceae,Malpighiales
Carpinus betulus,-1.3223499439271242,3.718345652310577,"<ArrowStringArray>
['Kubisch P, Hertel D, Leuschner C. 2015. Do ectomycorrhizal and arbuscular mycorrhizal temperate tree species systematically differ in root order-related fine root morphology and biomass? Frontiers in Plant Science 6(64): 1-12.']
Length: 1, dtype: str",Carpinus,betulus,Betulaceae,Fagales
Carpinus cordata,-1.9205402575773922,4.15396636985902,"<ArrowStringArray>
['Chen W, Zeng H, Eissenstat DM, Guo D. 2013. Variation of first-order root traits across climatic gradients and evolutionary trends in geological time. Global Ecology and Biogeography 22: 846-856.']
Length: 1, dtype: str",Carpinus,cordata,Betulaceae,Fagales
Carya glabra,-1.8325814637483102,4.510603063381709,"<ArrowStringArray>
['McCormack ML, Adams TS, Smithwick EAH, Eissenstat DM. 2012. Predicting fine root lifespan from plant functional traits in temperate trees. New Phytologist 195:823-831.']
Length: 1, dtype: str",Carya,glabra,Juglandaceae,Fagales
Caryota maxima,-1.2301456786299592,4.05301196636022,"<ArrowStringArray>
['Wang R, Wang Q, Zhao N, Xu Z, Zhu X, Jiao C, Yu G, He N. 2018. Different phylogenetic and environmental controls of first-order root morphological and nutrient traits: Evidence of multidimensional root traits. Special Focus on Functional Traits Along A Transect 32(1): 29-39.']
Length: 1, dtype: str",Caryota,maxima,Arecaceae,Arecales
Castanea henryi,-1.7836127440922864,3.7125959807312525,"<ArrowStringArray>
['Kong D, Ma C, Zhang Q, Li L, Chen X, Zeng H, Guo D. 2014. Leading dimensions in absorptive root trait variation across 96 subtropical forest species. New Phytologist 203: 863-872.']
Length: 1, dtype: str",Castanea,henryi,Fagaceae,Fagales
Castanopsis carlesii,-1.2976009475472772,4.312779107215744,"<ArrowStringArray>
['Xiong D, Huang J, Yang Z, Lu Z, Chen G, Yang Y. 2012. Fine root architecture and morphology among different branch orders of six subtropical tree species. Acta Ecologica Sinica 32: 1888-1897.', 'Wang R, Wang Q, Zhao N, Xu Z, Zhu X, Jiao C, Yu G, He N. 2018. Different phylogenetic and environmental controls of first-order root morphological and nutrient traits: Evidence of multidimensional root traits. Special Focus on Functional Traits Along A Transect 32(1): 29-39.']
Length: 2, dtype: str",Castanopsis,carlesii,Fagaceae,Fagales
Castanopsis echinocarpa,-1.8113705148771706,4.402809173856411,"<ArrowStringArray>
['Kong D, Ma C, Zhang Q, Li L, Chen X, Zeng H, Guo D. 2014. Leading dimensions in absorptive root trait variation across 96 subtropical forest species. New Phytologist 203: 863-872.']
Length: 1, dtype: str",Castanopsis,echinocarpa,Fagaceae,Fagales
Castanopsis eyrei,-1.636638003622972,4.6279072887905155,"<ArrowStringArray>
['Wang R, Wang Q, Zhao N, Xu Z, Zhu X, Jiao C, Yu G, He N. 2018. Different phylogenetic and environmental controls of first-order root morphological and nutrient traits: Evidence of multidimensional root traits. Special Focus on Functional Traits Along A Transect 32(1): 29-39.']
Length: 1, dtype: str",Castanopsis,eyrei,Fagaceae,Fagales
Castanopsis faberi,-1.3810052173341962,4.552548744178532,"<ArrowStringArray>
['Xiong D, Huang J, Yang Z, Lu Z, Chen G, Yang Y. 2012. Fine root architecture and morphology among different branch orders of six subtropical tree species. Acta Ecologica Sinica 32: 1888-1897.', 'Wang R, Wang Q, Zhao N, Xu Z, Zhu X, Jiao C, Yu G, He N. 2018. Different phylogenetic and environmental controls of first-order root morphological and nutrient traits: Evidence of multidimensional root traits. Special Focus on Functional Traits Along A Transect 32(1): 29-39.']
Length: 2, dtype: str",Castanopsis,faberi,Fagaceae,Fagales
Castanopsis fargesii,-1.5960282255241827,4.743054926652544,"<ArrowStringArray>
['Wang R, Wang Q, Zhao N, Xu Z, Zhu X, Jiao C, Yu G, He N. 2018. Different phylogenetic and environmental controls of first-order root morphological and nutrient traits: Evidence of multidimensional root traits. Special Focus on Functional Traits Along A Transect 32(1): 29-39.']
Length: 1, dtype: str",Castanopsis,fargesii,Fagaceae,Fagales
Castanopsis fissa,-1.5831003121148188,4.537328196268297,"<ArrowStringArray>
['Kong D, Ma C, Zhang Q, Li L, Chen X, Zeng H, Guo D. 2014. Leading dimensions in absorptive root trait variation across 96 subtropical forest species. New Phytologist 203: 863-872.', 'Wang R, Wang Q, Zhao N, Xu Z, Zhu X, Jiao C, Yu G, He N. 2018. Different phylogenetic and environmental controls of first-order root morphological and nutrient traits: Evidence of multidimensional root traits. Special Focus on Functional Traits Along A Transect 32(1): 29-39.']
Length: 2, dtype: str",Castanopsis,fissa,Fagaceae,Fagales
Castanopsis hystrix,-1.7868316309917582,4.257171777528256,"<ArrowStringArray>
['Kong D, Ma C, Zhang Q, Li L, Chen X, Zeng H, Guo D. 2014. Leading dimensions in absorptive root trait variation across 96 subtropical forest species. New Phytologist 203: 863-872.']
Length: 1, dtype: str",Castanopsis,hystrix,Fagaceae,Fagales
Castanopsis wattii,-1.82504741609423,4.52526080275979,"<ArrowStringArray>
['Kong D, Ma C, Zhang Q, Li L, Chen X, Zeng H, Guo D. 2014. Leading dimensions in absorptive root trait variation across 96 subtropical forest species. New Phytologist 203: 863-872.']
Length: 1, dtype: str",Castanopsis,wattii,Fagaceae,Fagales
Catalpa bignonioides,-1.2548979384226286,3.617987853502602,"<ArrowStringArray>
[' Valverde-Barrantes OJ, Smemo KA, Blackwood CB. 2014. Fine root morphology is phylogenetically structured, but nitrogen is related to the plant economics spectrum in temperate trees. Functional Ecology 29: 796-807.', 'Valverde et al (unpublished)']
Length: 2, dtype: str",Catalpa,bignonioides,Bignoniaceae,Lamiales
Catunaregam spinosa,-1.3587181053497872,4.38502214365368,"<ArrowStringArray>
['Kong D, Ma C, Zhang Q, Li L, Chen X, Zeng H, Guo D. 2014. Leading dimensions in absorptive root trait variation across 96 subtropical forest species. New Phytologist 203: 863-872.']
Length: 1, dtype: str",Catunaregam,spinosa,Rubiaceae,Gentianales
Caulophyllum robustum,-1.0277811079075183,4.518592891171162,"<ArrowStringArray>
['Wang R, Wang Q, Zhao N, Xu Z, Zhu X, Jiao C, Yu G, He N. 2018. Different phylogenetic and environmental controls of first-order root morphological and nutrient traits: Evidence of multidimensional root traits. Special Focus on Functional Traits Along A Transect 32(1): 29-39.']
Length: 1, dtype: str",Caulophyllum,robustum,Berberidaceae,Ranunculales
Celtis sinensis,-1.963046135002048,4.727387818712341,"<ArrowStringArray>
['Kong D, Ma C, Zhang Q, Li L, Chen X, Zeng H, Guo D. 2014. Leading dimensions in absorptive root trait variation across 96 subtropical forest species. New Phytologist 203: 863-872.']
Length: 1, dtype: str",Celtis,sinensis,Cannabaceae,Rosales
Cercidiphyllum japonicum,-1.5443634646183895,3.308795169285806,"<ArrowStringArray>
[' Valverde-Barrantes OJ, Smemo KA, Blackwood CB. 2014. Fine root morphology is phylogenetically structured, but nitrogen is related to the plant economics spectrum in temperate trees. Functional Ecology 29: 796-807.', 'Valverde et al (unpublished)']
Length: 2, dtype: str",Cercidiphyllum,japonicum,Cercidiphyllaceae,Saxifragales
Chamaecyparis obtusa,-0.9662227829984146,3.3772673323464906,"<ArrowStringArray>
['Doi R, Tanikawa T, Miyatani K, Hirano Y. 2017. Intraspecific variation in morphological traits of root branch orders in Chamaecyparis obtusa. Plant Soil 416: 503-513.']
Length: 1, dtype: str",Chamaecyparis,obtusa,Cupressaceae,Pinales
Chenopodium serotinum,-2.0527423348664056,4.593390003903858,"<ArrowStringArray>
['Chen W, Zeng H, Eissenstat DM, Guo D. 2013. Variation of first-order root traits across climatic gradients and evolutionary trends in geological time. Global Ecology and Biogeography 22: 846-856.']
Length: 1, dtype: str",Chenopodium,serotinum,Amaranthaceae,Caryophyllales
Chionanthus virginicus,-0.8996099946685299,2.6306437235740203,"<ArrowStringArray>
[' Valverde-Barrantes OJ, Smemo KA, Blackwood CB. 2014. Fine root morphology is phylogenetically structured, but nitrogen is related to the plant economics spectrum in temperate trees. Functional Ecology 29: 796-807.', 'Valverde et al (unpublished)']
Length: 2, dtype: str",Chionanthus,virginicus,Oleaceae,Lamiales
Chloranthus henryi,-0.7721903879003982,3.6183868591394077,"<ArrowStringArray>
['Wang R, Wang Q, Zhao N, Xu Z, Zhu X, Jiao C, Yu G, He N. 2018. Different phylogenetic and environmental controls of first-order root morphological and nutrient traits: Evidence of multidimensional root traits. Special Focus on Functional Traits Along A Transect 32(1): 29-39.']
Length: 1, dtype: str",Chloranthus,henryi,Chloranthaceae,Chloranthales
Choerospondias axillaris,-1.3309542660867262,4.328852849323624,"<ArrowStringArray>
['Liu B, Li H, Zhu B, Koide RT, Eissenstat DM, Guo D. 2015. Complementarity between roots and AM fungi in nutrient foraging strategies. New Phytologist 208: 125-136.', 'Wang R, Wang Q, Zhao N, Xu Z, Zhu X, Jiao C, Yu G, He N. 2018. Different phylogenetic and environmental controls of first-order root morphological and nutrient traits: Evidence of multidimensional root traits. Special Focus on Functional Traits Along A Transect 32(1): 29-39.']
Length: 2, dtype: str",Choerospondias,axillaris,Anacardiaceae,Sapindales
Cibotium barometz,-1.3933189760568552,4.430282550681985,"<ArrowStringArray>
['Wang R, Wang Q, Zhao N, Xu Z, Zhu X, Jiao C, Yu G, He N. 2018. Different phylogenetic and environmental controls of first-order root morphological and nutrient traits: Evidence of multidimensional root traits. Special Focus on Functional Traits Along A Transect 32(1): 29-39.']
Length: 1, dtype: str",Cibotium,barometz,Cibotiaceae,Cyatheales
Cinnamomum austrosinense,-0.8884931884766529,3.609875282402276,"<ArrowStringArray>
['Liu B, Li H, Zhu B, Koide RT, Eissenstat DM, Guo D. 2015. Complementarity between roots and AM fungi in nutrient foraging strategies. New Phytologist 208: 125-136.', 'Wang R, Wang Q, Zhao N, Xu Z, Zhu X, Jiao C, Yu G, He N. 2018. Different phylogenetic and environmental controls of first-order root morphological and nutrient traits: Evidence of multidimensional root traits. Special Focus on Functional Traits Along A Transect 32(1): 29-39.']
Length: 2, dtype: str",Cinnamomum,austrosinense,Lauraceae,Laurales
Cinnamomum camphora,-0.8834878042983222,3.987099616121477,"<ArrowStringArray>
['Kong D, Ma C, Zhang Q, Li L, Chen X, Zeng H, Guo D. 2014. Leading dimensions in absorptive root trait variation across 96 subtropical forest species. New Phytologist 203: 863-872.', 'Chen W, Zeng H, Eissenstat DM, Guo D. 2013. Variation of first-order root traits across climatic gradients and evolutionary trends in geological time. Global Ecology and Biogeography 22: 846-856.']
Length: 2, dtype: str",Cinnamomum,camphora,Lauraceae,Laurales
Cinnamomum cassia,-0.6264422577659549,3.1245651453969594,"<ArrowStringArray>
['Kong D, Ma C, Zhang Q, Li L, Chen X, Zeng H, Guo D. 2014. Leading dimensions in absorptive root trait variation across 96 subtropical forest species. New Phytologist 203: 863-872.']
Length: 1, dtype: str",Cinnamomum,cassia,Lauraceae,Laurales
Cinnamomum chekiangense,-0.694258888278042,3.1433109627963254,"<ArrowStringArray>
['Xiong D, Huang J, Yang Z, Lu Z, Chen G, Yang Y. 2012. Fine root architecture and morphology among different branch orders of six subtropical tree species. Acta Ecologica Sinica 32: 1888-1897.']
Length: 1, dtype: str",Cinnamomum,chekiangense,Lauraceae,Laurales
Cinnamomum micranthum,-0.9052790226506572,3.0521128978690735,"<ArrowStringArray>
['Xiong D, Huang J, Yang Z, Lu Z, Chen G, Yang Y. 2012. Fine root architecture and morphology among different branch orders of six subtropical tree species. Acta Ecologica Sinica 32: 1888-1897.', 'Kong D, Ma C, Zhang Q, Li L, Chen X, Zeng H, Guo D. 2014. Leading dimensions in absorptive root trait variation across 96 subtropical forest species. New Phytologist 203: 863-872.']
Length: 2, dtype: str",Cinnamomum,micranthum,Lauraceae,Laurales
Cinnamomum porrectum,-0.9567655644398732,3.826317205982951,"<ArrowStringArray>
[                                                                                                                'Liu B, Li H, Zhu B, Koide RT, Eissenstat DM, Guo D. 2015. Complementarity between roots and AM fungi in nutrient foraging strategies. New Phytologist 208: 125-136.',
                                                                                                 'Kong D, Ma C, Zhang Q, Li L, Chen X, Zeng H, Guo D. 2014. Leading dimensions in absorptive root trait variation across 96 subtropical forest species. New Phytologist 203: 863-872.',
 'Wang R, Wang Q, Zhao N, Xu Z, Zhu X, Jiao C, Yu G, He N. 2018. Different phylogenetic and environmental controls of first-order root morphological and nutrient traits: Evidence of multidimensional root traits. Special Focus on Functional Traits Along A Transect 32(1): 29-39.']
Length: 3, dtype: str",Cinnamomum,porrectum,Lauraceae,Laurales
Cinnamomum tenuifolium,-0.5539941191673694,2.9971382247412675,"<ArrowStringArray>
['Wang R, Wang Q, Zhao N, Xu Z, Zhu X, Jiao C, Yu G, He N. 2018. Different phylogenetic and environmental controls of first-order root morphological and nutrient traits: Evidence of multidimensional root traits. Special Focus on Functional Traits Along A Transect 32(1): 29-39.']
Length: 1, dtype: str",Cinnamomum,tenuifolium,Lauraceae,Laurales
Convallaria majalis,-0.8673815271712808,4.235455147957244,"<ArrowStringArray>
['Wang R, Wang Q, Zhao N, Xu Z, Zhu X, Jiao C, Yu G, He N. 2018. Different phylogenetic and environmental controls of first-order root morphological and nutrient traits: Evidence of multidimensional root traits. Special Focus on Functional Traits Along A Transect 32(1): 29-39.']
Length: 1, dtype: str",Convallaria,majalis,Asparagaceae,Asparagales
Coriaria nepalensis,-0.8209805520698302,3.4438022240442625,"<ArrowStringArray>
['Wang R, Wang Q, Zhao N, Xu Z, Zhu X, Jiao C, Yu G, He N. 2018. Different phylogenetic and environmental controls of first-order root morphological and nutrient traits: Evidence of multidimensional root traits. Special Focus on Functional Traits Along A Transect 32(1): 29-39.']
Length: 1, dtype: str",Coriaria,nepalensis,Coriariaceae,Cucurbitales
Cornus bretschneideri,-1.0965224683645178,4.016434478887856,"<ArrowStringArray>
['Chen W, Zeng H, Eissenstat DM, Guo D. 2013. Variation of first-order root traits across climatic gradients and evolutionary trends in geological time. Global Ecology and Biogeography 22: 846-856.', 'Wang R, Wang Q, Zhao N, Xu Z, Zhu X, Jiao C, Yu G, He N. 2018. Different phylogenetic and environmental controls of first-order root morphological and nutrient traits: Evidence of multidimensional root traits. Special Focus on Functional Traits Along A Transect 32(1): 29-39.']
Length: 2, dtype: str",Cornus,bretschneideri,Cornaceae,Cornales
Cornus controversa,-0.4253362377505763,2.6876847819083753,"<ArrowStringArray>
['Wang R, Wang Q, Zhao N, Xu Z, Zhu X, Jiao C, Yu G, He N. 2018. Different phylogenetic and environmental controls of first-order root morphological and nutrient traits: Evidence of multidimensional root traits. Special Focus on Functional Traits Along A Transect 32(1): 29-39.']
Length: 1, dtype: str",Cornus,controversa,Cornaceae,Cornales
Cornus florida,-1.329626564279449,3.6647548980239155,"<ArrowStringArray>
[' Valverde-Barrantes OJ, Smemo KA, Blackwood CB. 2014. Fine root morphology is phylogenetically structured, but nitrogen is related to the plant economics spectrum in temperate trees. Functional Ecology 29: 796-807.', 'Valverde et al (unpublished)']
Length: 2, dtype: str",Cornus,florida,Cornaceae,Cornales
Cornus kousa,-0.970351008724099,3.943419006364818,"<ArrowStringArray>
['Wang R, Wang Q, Zhao N, Xu Z, Zhu X, Jiao C, Yu G, He N. 2018. Different phylogenetic and environmental controls of first-order root morphological and nutrient traits: Evidence of multidimensional root traits. Special Focus on Functional Traits Along A Transect 32(1): 29-39.']
Length: 1, dtype: str",Cornus,kousa,Cornaceae,Cornales
Cornus officinalis,-0.9043839670766713,3.379880541003345,"<ArrowStringArray>
['Chen W, Zeng H, Eissenstat DM, Guo D. 2013. Variation of first-order root traits across climatic gradients and evolutionary trends in geological time. Global Ecology and Biogeography 22: 846-856.']
Length: 1, dtype: str",Cornus,officinalis,Cornaceae,Cornales
Cornus ulotricha,-0.492515122207834,2.5869264582422264,"<ArrowStringArray>
['Wang R, Wang Q, Zhao N, Xu Z, Zhu X, Jiao C, Yu G, He N. 2018. Different phylogenetic and environmental controls of first-order root morphological and nutrient traits: Evidence of multidimensional root traits. Special Focus on Functional Traits Along A Transect 32(1): 29-39.']
Length: 1, dtype: str",Cornus,ulotricha,Cornaceae,Cornales
Corylus ferox,-1.373575588712116,4.2238506926503625,"<ArrowStringArray>
['Wang R, Wang Q, Zhao N, Xu Z, Zhu X, Jiao C, Yu G, He N. 2018. Different phylogenetic and environmental controls of first-order root morphological and nutrient traits: Evidence of multidimensional root traits. Special Focus on Functional Traits Along A Transect 32(1): 29-39.']
Length: 1, dtype: str",Corylus,ferox,Betulaceae,Fagales
Corylus sieboldiana,-1.5768093122842057,4.889169309200653,"<ArrowStringArray>
['Wang R, Wang Q, Zhao N, Xu Z, Zhu X, Jiao C, Yu G, He N. 2018. Different phylogenetic and environmental controls of first-order root morphological and nutrient traits: Evidence of multidimensional root traits. Special Focus on Functional Traits Along A Transect 32(1): 29-39.']
Length: 1, dtype: str",Corylus,sieboldiana,Betulaceae,Fagales
Cotoneaster acutifolius,-1.5925807953676774,4.631792642548199,"<ArrowStringArray>
['Wang R, Wang Q, Zhao N, Xu Z, Zhu X, Jiao C, Yu G, He N. 2018. Different phylogenetic and environmental controls of first-order root morphological and nutrient traits: Evidence of multidimensional root traits. Special Focus on Functional Traits Along A Transect 32(1): 29-39.']
Length: 1, dtype: str",Cotoneaster,acutifolius,Rosaceae,Rosales
Cotoneaster adpressus,-1.4120225096926218,4.483807694240553,"<ArrowStringArray>
['Wang R, Wang Q, Zhao N, Xu Z, Zhu X, Jiao C, Yu G, He N. 2018. Different phylogenetic and environmental controls of first-order root morphological and nutrient traits: Evidence of multidimensional root traits. Special Focus on Functional Traits Along A Transect 32(1): 29-39.']
Length: 1, dtype: str",Cotoneaster,adpressus,Rosaceae,Rosales
Cotoneaster multiflorus,-1.4711988682103345,4.984803505157494,"<ArrowStringArray>
['Wang R, Wang Q, Zhao N, Xu Z, Zhu X, Jiao C, Yu G, He N. 2018. Different phylogenetic and environmental controls of first-order root morphological and nutrient traits: Evidence of multidimensional root traits. Special Focus on Functional Traits Along A Transect 32(1): 29-39.']
Length: 1, dtype: str",Cotoneaster,multiflorus,Rosaceae,Rosales
Crataegus pinnatifida,-1.540145085938151,4.65663128004649,"<ArrowStringArray>
['Wang R, Wang Q, Zhao N, Xu Z, Zhu X, Jiao C, Yu G, He N. 2018. Different phylogenetic and environmental controls of first-order root morphological and nutrient traits: Evidence of multidimensional root traits. Special Focus on Functional Traits Along A Transect 32(1): 29-39.']
Length: 1, dtype: str",Crataegus,pinnatifida,Rosaceae,Rosales
Cratoxylum cochinchinense,-2.1126261090708796,3.48216274048526,"<ArrowStringArray>
['Kong D, Ma C, Zhang Q, Li L, Chen X, Zeng H, Guo D. 2014. Leading dimensions in absorptive root trait variation across 96 subtropical forest species. New Phytologist 203: 863-872.']
Length: 1, dtype: str",Cratoxylum,cochinchinense,Hypericaceae,Malpighiales
Cryptocarya chinensis,-0.14066158355595837,2.350471205012405,"<ArrowStringArray>
[                                 'Xu Y, Gu JC, Dong XY, Liu Y, Wang ZQ. 2011. Fine root morphology, anatomy and tissue nitrogen and carbon contents of the first five orders in four tropical hardwood species in Hainan Island, China. Chinese Journal of Plant Ecology 35:955-964.',
                                                                                                 'Kong D, Ma C, Zhang Q, Li L, Chen X, Zeng H, Guo D. 2014. Leading dimensions in absorptive root trait variation across 96 subtropical forest species. New Phytologist 203: 863-872.',
                                                                                                                'Kong DL, Wang JJ, Kardol P, Wu HF, Zeng H, Deng XB, Deng Y. 2016. Economic strategies of plant absorptive roots vary with root diameter. Biogeosciences 13: 415-424.',
 'Wang R, Wang Q, Zhao N, Xu Z, Zhu X, Jiao C, Yu G, He N. 2018. Different phylogenetic and environmental controls of first-order root morphological and nutrient traits: Evidence of multidimensional root traits. Special Focus on Functional Traits Along A Transect 32(1): 29-39.']
Length: 4, dtype: str",Cryptocarya,chinensis,Lauraceae,Laurales
Cryptocarya concinna,-0.7738150836274001,3.2437199559302883,"<ArrowStringArray>
['Kong D, Ma C, Zhang Q, Li L, Chen X, Zeng H, Guo D. 2014. Leading dimensions in absorptive root trait variation across 96 subtropical forest species. New Phytologist 203: 863-872.', 'Chen W, Zeng H, Eissenstat DM, Guo D. 2013. Variation of first-order root traits across climatic gradients and evolutionary trends in geological time. Global Ecology and Biogeography 22: 846-856.']
Length: 2, dtype: str",Cryptocarya,concinna,Lauraceae,Laurales
Cryptomeria japonica,-0.9226023583489199,3.9264710491615933,"<ArrowStringArray>
['Wang R, Wang Q, Zhao N, Xu Z, Zhu X, Jiao C, Yu G, He N. 2018. Different phylogenetic and environmental controls of first-order root morphological and nutrient traits: Evidence of multidimensional root traits. Special Focus on Functional Traits Along A Transect 32(1): 29-39.']
Length: 1, dtype: str",Cryptomeria,japonica,Cupressaceae,Pinales
Cunninghamia lanceolata,-0.8286264774997983,3.175672175300385,"<ArrowStringArray>
[                                                                                                                'Liu B, Li H, Zhu B, Koide RT, Eissenstat DM, Guo D. 2015. Complementarity between roots and AM fungi in nutrient foraging strategies. New Phytologist 208: 125-136.',
                                                                                                                'Kong DL, Wang JJ, Kardol P, Wu HF, Zeng H, Deng XB, Deng Y. 2016. Economic strategies of plant absorptive roots vary with root diameter. Biogeosciences 13: 415-424.',
                                                                             'Wang Z-H, Li R-X, Guan Z-W. 2013. Effects of thinning on fine-root morphology, biomass and N concentration of different branch orders of Chinese fir. Chinese Journal of Applied Ecology 24: 1487-1493.',
 'Wang R, Wang Q, Zhao N, Xu Z, Zhu X, Jiao C, Yu G, He N. 2018. Different phylogenetic and environmental controls of first-order root morphological and nutrient traits: Evidence of multidimensional root traits. Special Focus on Functional Traits Along A Transect 32(1): 29-39.']
Length: 4, dtype: str",Cunninghamia,lanceolata,Cupressaceae,Pinales
Cupressus funebris,-0.9717786574920971,3.0719339992840538,"<ArrowStringArray>
['Su Y, Li X, Liu Y, Li J, Yin H, Wang Z. 2015. Fine root morphology and biomass characteristics at preliminary stage of gap border trees of reformed low beneficial Cupressus funebris forests. Acta Botanica Boreali-Occidentalia Sinica 35: 0587-0593.']
Length: 1, dtype: str",Cupressus,funebris,Cupressaceae,Pinales
Cystopteris sudetica,-1.0793671726348102,5.5278101436016644,"<ArrowStringArray>
['Dong X, Wang H, Gu J, Wang Y, Wang Z. 2014. Root morphology, histology and chemistry of nine fern species (pteridophyta) in a temperate forest. Plant Soil 393: 215-227.']
Length: 1, dtype: str",Cystopteris,sudetica,Cystopteridaceae,Polypodiales
Dacrycarpus imbricatus,-0.7139503089104293,3.647729825198227,"<ArrowStringArray>
['Chen W, Zeng H, Eissenstat DM, Guo D. 2013. Variation of first-order root traits across climatic gradients and evolutionary trends in geological time. Global Ecology and Biogeography 22: 846-856.']
Length: 1, dtype: str",Dacrycarpus,imbricatus,Podocarpaceae,Pinales
Daphniphyllum pentandrum,-1.299994470510012,4.145923991344203,"<ArrowStringArray>
['Wang R, Wang Q, Zhao N, Xu Z, Zhu X, Jiao C, Yu G, He N. 2018. Different phylogenetic and environmental controls of first-order root morphological and nutrient traits: Evidence of multidimensional root traits. Special Focus on Functional Traits Along A Transect 32(1): 29-39.']
Length: 1, dtype: str",Daphniphyllum,pentandrum,Daphniphyllaceae,Saxifragales
Decaspermum gracilentum,-1.8620746431430808,4.158726821151369,"<ArrowStringArray>
['Kong D, Ma C, Zhang Q, Li L, Chen X, Zeng H, Guo D. 2014. Leading dimensions in absorptive root trait variation across 96 subtropical forest species. New Phytologist 203: 863-872.']
Length: 1, dtype: str",Decaspermum,gracilentum,Myrtaceae,Myrtales
Dendropanax dentiger,-2.0612087734187763,5.4083710520356005,"<ArrowStringArray>
['Wang R, Wang Q, Zhao N, Xu Z, Zhu X, Jiao C, Yu G, He N. 2018. Different phylogenetic and environmental controls of first-order root morphological and nutrient traits: Evidence of multidimensional root traits. Special Focus on Functional Traits Along A Transect 32(1): 29-39.']
Length: 1, dtype: str",Dendropanax,dentiger,Araliaceae,Apiales
Deutzia glabrata,-1.6928195213731514,5.368792365008639,"<ArrowStringArray>
['Wang R, Wang Q, Zhao N, Xu Z, Zhu X, Jiao C, Yu G, He N. 2018. Different phylogenetic and environmental controls of first-order root morphological and nutrient traits: Evidence of multidimensional root traits. Special Focus on Functional Traits Along A Transect 32(1): 29-39.']
Length: 1, dtype: str",Deutzia,glabrata,Hydrangeaceae,Cornales
Deutzia grandiflora,-1.113599030976433,5.05188206654559,"<ArrowStringArray>
['Wang R, Wang Q, Zhao N, Xu Z, Zhu X, Jiao C, Yu G, He N. 2018. Different phylogenetic and environmental controls of first-order root morphological and nutrient traits: Evidence of multidimensional root traits. Special Focus on Functional Traits Along A Transect 32(1): 29-39.']
Length: 1, dtype: str",Deutzia,grandiflora,Hydrangeaceae,Cornales
Dicranopteris linearis,-1.625567294363984,4.318820558770089,"<ArrowStringArray>
['Kong DL, Wang JJ, Kardol P, Wu HF, Zeng H, Deng XB, Deng Y. 2016. Economic strategies of plant absorptive roots vary with root diameter. Biogeosciences 13: 415-424.']
Length: 1, dtype: str",Dicranopteris,linearis,Gleicheniaceae,Gleicheniales
Dicranopteris pedata,-1.5874318321714858,4.394205548089184,"<ArrowStringArray>
['Wang R, Wang Q, Zhao N, Xu Z, Zhu X, Jiao C, Yu G, He N. 2018. Different phylogenetic and environmental controls of first-order root morphological and nutrient traits: Evidence of multidimensional root traits. Special Focus on Functional Traits Along A Transect 32(1): 29-39.']
Length: 1, dtype: str",Dicranopteris,pedata,Gleicheniaceae,Gleicheniales
Dioscorea nipponica,-1.6004781710626284,5.5768851853391865,"<ArrowStringArray>
['Wang R, Wang Q, Zhao N, Xu Z, Zhu X, Jiao C, Yu G, He N. 2018. Different phylogenetic and environmental controls of first-order root morphological and nutrient traits: Evidence of multidimensional root traits. Special Focus on Functional Traits Along A Transect 32(1): 29-39.']
Length: 1, dtype: str",Dioscorea,nipponica,Dioscoreaceae,Dioscoreales
Diospyros strigosa,-1.032480649404884,3.6889593264240585,"<ArrowStringArray>
['Chen W, Zeng H, Eissenstat DM, Guo D. 2013. Variation of first-order root traits across climatic gradients and evolutionary trends in geological time. Global Ecology and Biogeography 22: 846-856.']
Length: 1, dtype: str",Diospyros,strigosa,Ebenaceae,Ericales
Diospyros virginiana,-0.9851420196345553,3.1937893193621996,"<ArrowStringArray>
[' Valverde-Barrantes OJ, Smemo KA, Blackwood CB. 2014. Fine root morphology is phylogenetically structured, but nitrogen is related to the plant economics spectrum in temperate trees. Functional Ecology 29: 796-807.', 'Valverde et al (unpublished)']
Length: 2, dtype: str",Diospyros,virginiana,Ebenaceae,Ericales
Diplospora dubia,-1.1996488328458814,4.423027436687124,"<ArrowStringArray>
['Wang R, Wang Q, Zhao N, Xu Z, Zhu X, Jiao C, Yu G, He N. 2018. Different phylogenetic and environmental controls of first-order root morphological and nutrient traits: Evidence of multidimensional root traits. Special Focus on Functional Traits Along A Transect 32(1): 29-39.']
Length: 1, dtype: str",Diplospora,dubia,Rubiaceae,Gentianales
Doellingeria scabra,-1.554476354360126,5.389988204702237,"<ArrowStringArray>
['Wang R, Wang Q, Zhao N, Xu Z, Zhu X, Jiao C, Yu G, He N. 2018. Different phylogenetic and environmental controls of first-order root morphological and nutrient traits: Evidence of multidimensional root traits. Special Focus on Functional Traits Along A Transect 32(1): 29-39.']
Length: 1, dtype: str",Doellingeria,scabra,Asteraceae,Asterales
Dryopteris lepidopoda,-1.610104634643966,4.809019966164863,"<ArrowStringArray>
['Wang R, Wang Q, Zhao N, Xu Z, Zhu X, Jiao C, Yu G, He N. 2018. Different phylogenetic and environmental controls of first-order root morphological and nutrient traits: Evidence of multidimensional root traits. Special Focus on Functional Traits Along A Transect 32(1): 29-39.']
Length: 1, dtype: str",Dryopteris,lepidopoda,Dryopteridaceae,Polypodiales
Dryopteris sparsa,-1.6156866451625458,5.246567760697824,"<ArrowStringArray>
['Wang R, Wang Q, Zhao N, Xu Z, Zhu X, Jiao C, Yu G, He N. 2018. Different phylogenetic and environmental controls of first-order root morphological and nutrient traits: Evidence of multidimensional root traits. Special Focus on Functional Traits Along A Transect 32(1): 29-39.']
Length: 1, dtype: str",Dryopteris,sparsa,Dryopteridaceae,Polypodiales
Duchesnea indica,-1.640928579525471,5.319102395933146,"<ArrowStringArray>
['Wang R, Wang Q, Zhao N, Xu Z, Zhu X, Jiao C, Yu G, He N. 2018. Different phylogenetic and environmental controls of first-order root morphological and nutrient traits: Evidence of multidimensional root traits. Special Focus on Functional Traits Along A Transect 32(1): 29-39.']
Length: 1, dtype: str",Duchesnea,indica,Rosaceae,Rosales
Dysoxylum excelsum,-0.12044771501308699,2.208367212623428,"<ArrowStringArray>
['Chen W, Zeng H, Eissenstat DM, Guo D. 2013. Variation of first-order root traits across climatic gradients and evolutionary trends in geological time. Global Ecology and Biogeography 22: 846-856.']
Length: 1, dtype: str",Dysoxylum,excelsum,Meliaceae,Sapindales
Elaeocarpus dubius,-1.2108631550306903,4.067165311631414,"<ArrowStringArray>
['Kong D, Ma C, Zhang Q, Li L, Chen X, Zeng H, Guo D. 2014. Leading dimensions in absorptive root trait variation across 96 subtropical forest species. New Phytologist 203: 863-872.', 'Wang R, Wang Q, Zhao N, Xu Z, Zhu X, Jiao C, Yu G, He N. 2018. Different phylogenetic and environmental controls of first-order root morphological and nutrient traits: Evidence of multidimensional root traits. Special Focus on Functional Traits Along A Transect 32(1): 29-39.']
Length: 2, dtype: str",Elaeocarpus,dubius,Elaeocarpaceae,Oxalidales
Elaeocarpus glabripetalus,-1.2729656758128873,4.33990170837321,"<ArrowStringArray>
['Liu B, Li H, Zhu B, Koide RT, Eissenstat DM, Guo D. 2015. Complementarity between roots and AM fungi in nutrient foraging strategies. New Phytologist 208: 125-136.']
Length: 1, dtype: str",Elaeocarpus,glabripetalus,Elaeocarpaceae,Oxalidales
Elaeocarpus sylvestris,-1.448288382511074,4.497762533430192,"<ArrowStringArray>
['Xu Y, Gu JC, Dong XY, Liu Y, Wang ZQ. 2011. Fine root morphology, anatomy and tissue nitrogen and carbon contents of the first five orders in four tropical hardwood species in Hainan Island, China. Chinese Journal of Plant Ecology 35:955-964.', 'Wang R, Wang Q, Zhao N, Xu Z, Zhu X, Jiao C, Yu G, He N. 2018. Different phylogenetic and environmental controls of first-order root morphological and nutrient traits: Evidence of multidimensional root traits. Special Focus on Functional Traits Along A Transect 32(1): 29-39.']
Length: 2, dtype: str",Elaeocarpus,sylvestris,Elaeocarpaceae,Oxalidales
Eleutherococcus senticosus,-1.493879571799828,5.263640884001318,"<ArrowStringArray>
['Wang R, Wang Q, Zhao N, Xu Z, Zhu X, Jiao C, Yu G, He N. 2018. Different phylogenetic and environmental controls of first-order root morphological and nutrient traits: Evidence of multidimensional root traits. Special Focus on Functional Traits Along A Transect 32(1): 29-39.']
Length: 1, dtype: str",Eleutherococcus,senticosus,Araliaceae,Apiales
Embelia vestita,-1.5709386132834906,4.568821127540797,"<ArrowStringArray>
['Wang R, Wang Q, Zhao N, Xu Z, Zhu X, Jiao C, Yu G, He N. 2018. Different phylogenetic and environmental controls of first-order root morphological and nutrient traits: Evidence of multidimensional root traits. Special Focus on Functional Traits Along A Transect 32(1): 29-39.']
Length: 1, dtype: str",Embelia,vestita,Primulaceae,Ericales
Endospermum chinense,-0.28667214793060525,3.0327492763459136,"<ArrowStringArray>
['Xu Y, Gu JC, Dong XY, Liu Y, Wang ZQ. 2011. Fine root morphology, anatomy and tissue nitrogen and carbon contents of the first five orders in four tropical hardwood species in Hainan Island, China. Chinese Journal of Plant Ecology 35:955-964.',
                                                                'Kong D, Ma C, Zhang Q, Li L, Chen X, Zeng H, Guo D. 2014. Leading dimensions in absorptive root trait variation across 96 subtropical forest species. New Phytologist 203: 863-872.',
                                                                               'Kong DL, Wang JJ, Kardol P, Wu HF, Zeng H, Deng XB, Deng Y. 2016. Economic strategies of plant absorptive roots vary with root diameter. Biogeosciences 13: 415-424.']
Length: 3, dtype: str",Endospermum,chinense,Euphorbiaceae,Malpighiales
Engelhardia roxburghiana,-1.7344344026087857,4.668942788885158,"<ArrowStringArray>
['Kong D, Ma C, Zhang Q, Li L, Chen X, Zeng H, Guo D. 2014. Leading dimensions in absorptive root trait variation across 96 subtropical forest species. New Phytologist 203: 863-872.', 'Wang R, Wang Q, Zhao N, Xu Z, Zhu X, Jiao C, Yu G, He N. 2018. Different phylogenetic and environmental controls of first-order root morphological and nutrient traits: Evidence of multidimensional root traits. Special Focus on Functional Traits Along A Transect 32(1): 29-39.']
Length: 2, dtype: str",Engelhardia,roxburghiana,Juglandaceae,Fagales
Equisetum hyemale,-0.7367031130518447,4.454200748655468,"<ArrowStringArray>
['Dong X, Wang H, Gu J, Wang Y, Wang Z. 2014. Root morphology, histology and chemistry of nine fern species (pteridophyta) in a temperate forest. Plant Soil 393: 215-227.']
Length: 1, dtype: str",Equisetum,hyemale,Equisetaceae,Equisetales
Equisetum pratense,-1.413391453656634,5.540388917685265,"<ArrowStringArray>
['Dong X, Wang H, Gu J, Wang Y, Wang Z. 2014. Root morphology, histology and chemistry of nine fern species (pteridophyta) in a temperate forest. Plant Soil 393: 215-227.']
Length: 1, dtype: str",Equisetum,pratense,Equisetaceae,Equisetales
Eriobotrya japonica,-1.1430658694224145,3.8318969609488613,"<ArrowStringArray>
['Kong D, Ma C, Zhang Q, Li L, Chen X, Zeng H, Guo D. 2014. Leading dimensions in absorptive root trait variation across 96 subtropical forest species. New Phytologist 203: 863-872.']
Length: 1, dtype: str",Eriobotrya,japonica,Rosaceae,Rosales
Eucalyptus urophylla,-1.93489108257288,4.6654182663334485,"<ArrowStringArray>
['Kong D, Ma C, Zhang Q, Li L, Chen X, Zeng H, Guo D. 2014. Leading dimensions in absorptive root trait variation across 96 subtropical forest species. New Phytologist 203: 863-872.']
Length: 1, dtype: str",Eucalyptus,urophylla,Myrtaceae,Myrtales
Euonymus alatus,-1.4928307530344898,4.674651038255275,"<ArrowStringArray>
[                                                                'Shi W, Wang ZQ, Liu JL, Gu JC, Guo DL. 2008. Fine root morphology of twenty hardwood species in Maoershan Natural Secondary Forest in Northeastern China. Journal of Plant Ecology (Chinese Version) 32: 1217-1226.',
                                                                                 'Chen W, Zeng H, Eissenstat DM, Guo D. 2013. Variation of first-order root traits across climatic gradients and evolutionary trends in geological time. Global Ecology and Biogeography 22: 846-856.',
 'Wang R, Wang Q, Zhao N, Xu Z, Zhu X, Jiao C, Yu G, He N. 2018. Different phylogenetic and environmental controls of first-order root morphological and nutrient traits: Evidence of multidimensional root traits. Special Focus on Functional Traits Along A Transect 32(1): 29-39.']
Length: 3, dtype: str",Euonymus,alatus,Celastraceae,Celastrales
Euonymus verrucosus,-1.455286072607515,5.222932387752917,"<ArrowStringArray>
['Shi W, Wang ZQ, Liu JL, Gu JC, Guo DL. 2008. Fine root morphology of twenty hardwood species in Maoershan Natural Secondary Forest in Northeastern China. Journal of Plant Ecology (Chinese Version) 32: 1217-1226.', 'Wang R, Wang Q, Zhao N, Xu Z, Zhu X, Jiao C, Yu G, He N. 2018. Different phylogenetic and environmental controls of first-order root morphological and nutrient traits: Evidence of multidimensional root traits. Special Focus on Functional Traits Along A Transect 32(1): 29-39.']
Length: 2, dtype: str",Euonymus,verrucosus,Celastraceae,Celastrales
Euptelea pleiosperma,-1.1412850573146909,4.099012521328839,"<ArrowStringArray>
['Wang R, Wang Q, Zhao N, Xu Z, Zhu X, Jiao C, Yu G, He N. 2018. Different phylogenetic and environmental controls of first-order root morphological and nutrient traits: Evidence of multidimensional root traits. Special Focus on Functional Traits Along A Transect 32(1): 29-39.']
Length: 1, dtype: str",Euptelea,pleiosperma,Eupteleaceae,Ranunculales
Eurya japonica,-1.739216953941945,4.842998700292426,"<ArrowStringArray>
['Chen W, Zeng H, Eissenstat DM, Guo D. 2013. Variation of first-order root traits across climatic gradients and evolutionary trends in geological time. Global Ecology and Biogeography 22: 846-856.']
Length: 1, dtype: str",Eurya,japonica,Pentaphylacaceae,Ericales
Fagus engleriana,-1.6918688864132598,4.5383184974605015,"<ArrowStringArray>
['Wang R, Wang Q, Zhao N, Xu Z, Zhu X, Jiao C, Yu G, He N. 2018. Different phylogenetic and environmental controls of first-order root morphological and nutrient traits: Evidence of multidimensional root traits. Special Focus on Functional Traits Along A Transect 32(1): 29-39.']
Length: 1, dtype: str",Fagus,engleriana,Fagaceae,Fagales
Ficus variolosa,-2.0180078354957436,4.965986542427374,"<ArrowStringArray>
['Kong D, Ma C, Zhang Q, Li L, Chen X, Zeng H, Guo D. 2014. Leading dimensions in absorptive root trait variation across 96 subtropical forest species. New Phytologist 203: 863-872.']
Length: 1, dtype: str",Ficus,variolosa,Moraceae,Rosales
Filipendula palmata,-1.6982691261407161,5.396386363677473,"<ArrowStringArray>
['Wang R, Wang Q, Zhao N, Xu Z, Zhu X, Jiao C, Yu G, He N. 2018. Different phylogenetic and environmental controls of first-order root morphological and nutrient traits: Evidence of multidimensional root traits. Special Focus on Functional Traits Along A Transect 32(1): 29-39.']
Length: 1, dtype: str",Filipendula,palmata,Rosaceae,Rosales
Fraxinus americana,0.5659633215559859,3.258916541470329,"<ArrowStringArray>
[                                                    'Pregitzer KS, Kubiske ME, Yu CK, Hendrick RL. 1997. Relationships among root branch order, carbon, and nitrogen in four temperate species. Oecologia 111: 301-308.',
 ' Valverde-Barrantes OJ, Smemo KA, Blackwood CB. 2014. Fine root morphology is phylogenetically structured, but nitrogen is related to the plant economics spectrum in temperate trees. Functional Ecology 29: 796-807.',
                                                                                                                                                                                           'Valverde et al (unpublished)']
Length: 3, dtype: str",Fraxinus,americana,Oleaceae,Lamiales
Fraxinus chinensis,-1.000980131286906,3.7757211092432925,"<ArrowStringArray>
['Chen W, Zeng H, Eissenstat DM, Guo D. 2013. Variation of first-order root traits across climatic gradients and evolutionary trends in geological time. Global Ecology and Biogeography 22: 846-856.', 'Wang R, Wang Q, Zhao N, Xu Z, Zhu X, Jiao C, Yu G, He N. 2018. Different phylogenetic and environmental controls of first-order root morphological and nutrient traits: Evidence of multidimensional root traits. Special Focus on Functional Traits Along A Transect 32(1): 29-39.']
Length: 2, dtype: str",Fraxinus,chinensis,Oleaceae,Lamiales
Fraxinus excelsior,-0.9843478065341427,3.491128883489728,"<ArrowStringArray>
['Kubisch P, Hertel D, Leuschner C. 2015. Do ectomycorrhizal and arbuscular mycorrhizal temperate tree species systematically differ in root order-related fine root morphology and biomass? Frontiers in Plant Science 6(64): 1-12.']
Length: 1, dtype: str",Fraxinus,excelsior,Oleaceae,Lamiales
Fraxinus mandshurica,-1.291650484943504,4.640616940124867,"<ArrowStringArray>
[                                                                                                'Wang Z, Guo D, Wang X, Gu J, Mei L. 2006. Fine root architecture, morphology, and biomass of different branch orders of two Chinese temperate tree species. Plant Soil 288:155-171.',
                                                                 'Shi W, Wang ZQ, Liu JL, Gu JC, Guo DL. 2008. Fine root morphology of twenty hardwood species in Maoershan Natural Secondary Forest in Northeastern China. Journal of Plant Ecology (Chinese Version) 32: 1217-1226.',
           'Jia SX, Zhao YL, Ding GQ, Sun Y, Xu Y, Wang ZQ. 2010. Relationship among fine-root morphology, anatomy, tissue nitrogen concentration and respiration in different branch root orders in Larix gmelinii and Fraxinus mandshurica. Chinese Bulletin of Botany 45: 174-181.',
                                                                       'Wang Y, Dong X, Wang H, Wang Z, Gu J. 2016. Root tip morphology, anatomy, chemistry and potential hydraulic conductivity vary with soil depth in three temperate hardwood species. Tree Physiology 36:99-108.',
                                                                                                     'Wang W, Wang Y, Hoch G, Wang Z, Gu J. 2018. Linkage of root morphology to anatomy with increasing nitrogen availability in six temperate tree species. Plant Soil 425: 198-200.',
 'Wang R, Wang Q, Zhao N, Xu Z, Zhu X, Jiao C, Yu G, He N. 2018. Different phylogenetic and environmental controls of first-order root morphological and nutrient traits: Evidence of multidimensional root traits. Special Focus on Functional Traits Along A Transect 32(1): 29-39.',
                                                                           'Wang Y, Gao G, Wang N, Wang Z, Gu J. 2019. Effects of morphology and stand structure on root biomass and length differed between absorptive and transport roots in temperate trees. Plant Soil, in press.']
Length: 7, dtype: str",Fraxinus,mandshurica,Oleaceae,Lamiales
Galium aparine,-1.6654793033177253,5.483130261962464,"<ArrowStringArray>
['Wang R, Wang Q, Zhao N, Xu Z, Zhu X, Jiao C, Yu G, He N. 2018. Different phylogenetic and environmental controls of first-order root morphological and nutrient traits: Evidence of multidimensional root traits. Special Focus on Functional Traits Along A Transect 32(1): 29-39.']
Length: 1, dtype: str",Galium,aparine,Rubiaceae,Gentianales
Garcinia cowa,-1.2279581670764472,4.46900676117522,"<ArrowStringArray>
['Kong D, Ma C, Zhang Q, Li L, Chen X, Zeng H, Guo D. 2014. Leading dimensions in absorptive root trait variation across 96 subtropical forest species. New Phytologist 203: 863-872.']
Length: 1, dtype: str",Garcinia,cowa,Clusiaceae,Malpighiales
Garcinia oblongifolia,-1.6597317064885675,4.5094299137072555,"<ArrowStringArray>
['Kong D, Ma C, Zhang Q, Li L, Chen X, Zeng H, Guo D. 2014. Leading dimensions in absorptive root trait variation across 96 subtropical forest species. New Phytologist 203: 863-872.']
Length: 1, dtype: str",Garcinia,oblongifolia,Clusiaceae,Malpighiales
Ginkgo biloba,-0.390084006069862,2.9920254116226643,"<ArrowStringArray>
['Chen W, Zeng H, Eissenstat DM, Guo D. 2013. Variation of first-order root traits across climatic gradients and evolutionary trends in geological time. Global Ecology and Biogeography 22: 846-856.']
Length: 1, dtype: str",Ginkgo,biloba,Ginkgoaceae,Ginkgoales
Gironniera subaequalis,-2.080241861850605,4.213312081286144,"<ArrowStringArray>
['Kong D, Ma C, Zhang Q, Li L, Chen X, Zeng H, Guo D. 2014. Leading dimensions in absorptive root trait variation across 96 subtropical forest species. New Phytologist 203: 863-872.']
Length: 1, dtype: str",Gironniera,subaequalis,Cannabaceae,Rosales
Gleditsia triacanthos,-0.9694534699515954,3.0039883357858987,"<ArrowStringArray>
[' Valverde-Barrantes OJ, Smemo KA, Blackwood CB. 2014. Fine root morphology is phylogenetically structured, but nitrogen is related to the plant economics spectrum in temperate trees. Functional Ecology 29: 796-807.', 'Valverde et al (unpublished)']
Length: 2, dtype: str",Gleditsia,triacanthos,Fabaceae,Fabales
Goniothalamus griffithii,-0.48672807274248575,2.8085239973722764,"<ArrowStringArray>
['Chen W, Zeng H, Eissenstat DM, Guo D. 2013. Variation of first-order root traits across climatic gradients and evolutionary trends in geological time. Global Ecology and Biogeography 22: 846-856.']
Length: 1, dtype: str",Goniothalamus,griffithii,Annonaceae,Magnoliales
Gordonia axillaris,-0.6129321800373665,2.7930039069823738,"<ArrowStringArray>
['Kong D, Ma C, Zhang Q, Li L, Chen X, Zeng H, Guo D. 2014. Leading dimensions in absorptive root trait variation across 96 subtropical forest species. New Phytologist 203: 863-872.', 'Kong DL, Wang JJ, Kardol P, Wu HF, Zeng H, Deng XB, Deng Y. 2016. Economic strategies of plant absorptive roots vary with root diameter. Biogeosciences 13: 415-424.']
Length: 2, dtype: str",Gordonia,axillaris,Theaceae,Ericales
Halesia tetraptera,-1.4942022073600143,3.9224840718732885,"<ArrowStringArray>
[' Valverde-Barrantes OJ, Smemo KA, Blackwood CB. 2014. Fine root morphology is phylogenetically structured, but nitrogen is related to the plant economics spectrum in temperate trees. Functional Ecology 29: 796-807.', 'Valverde et al (unpublished)']
Length: 2, dtype: str",Halesia,tetraptera,Styracaceae,Ericales
Hamamelis virginiana,-1.327613047480723,3.1902668572109327,"<ArrowStringArray>
[' Valverde-Barrantes OJ, Smemo KA, Blackwood CB. 2014. Fine root morphology is phylogenetically structured, but nitrogen is related to the plant economics spectrum in temperate trees. Functional Ecology 29: 796-807.', 'Valverde et al (unpublished)']
Length: 2, dtype: str",Hamamelis,virginiana,Hamamelidaceae,Saxifragales
Helicia formosana,-1.691407475301351,4.5830268213024015,"<ArrowStringArray>
['Kong D, Ma C, Zhang Q, Li L, Chen X, Zeng H, Guo D. 2014. Leading dimensions in absorptive root trait variation across 96 subtropical forest species. New Phytologist 203: 863-872.']
Length: 1, dtype: str",Helicia,formosana,Proteaceae,Proteales
Hosta ventricosa,-0.8988192509621502,4.101969221654853,"<ArrowStringArray>
['Wang R, Wang Q, Zhao N, Xu Z, Zhu X, Jiao C, Yu G, He N. 2018. Different phylogenetic and environmental controls of first-order root morphological and nutrient traits: Evidence of multidimensional root traits. Special Focus on Functional Traits Along A Transect 32(1): 29-39.']
Length: 1, dtype: str",Hosta,ventricosa,Asparagaceae,Asparagales
Hydrophyllum canadense,2.543961412569315,-2.3025850929940455,"<ArrowStringArray>
['Pregitzer KS, Kubiske ME, Yu CK, Hendrick RL. 1997. Relationships among root branch order, carbon, and nitrogen in four temperate species. Oecologia 111: 301-308.']
Length: 1, dtype: str",Hydrophyllum,canadense,Boraginaceae,Boraginales
Ilex opaca,-1.5076300700532768,3.7947634753438058,"<ArrowStringArray>
[' Valverde-Barrantes OJ, Smemo KA, Blackwood CB. 2014. Fine root morphology is phylogenetically structured, but nitrogen is related to the plant economics spectrum in temperate trees. Functional Ecology 29: 796-807.', 'Valverde et al (unpublished)']
Length: 2, dtype: str",Ilex,opaca,Aquifoliaceae,Aquifoliales
Iris japonica,-0.8584936331479384,4.227644446633998,"<ArrowStringArray>
['Wang R, Wang Q, Zhao N, Xu Z, Zhu X, Jiao C, Yu G, He N. 2018. Different phylogenetic and environmental controls of first-order root morphological and nutrient traits: Evidence of multidimensional root traits. Special Focus on Functional Traits Along A Transect 32(1): 29-39.']
Length: 1, dtype: str",Iris,japonica,Iridaceae,Asparagales
Itea chinensis,-2.126449295287177,4.703475874772215,"<ArrowStringArray>
['Kong D, Ma C, Zhang Q, Li L, Chen X, Zeng H, Guo D. 2014. Leading dimensions in absorptive root trait variation across 96 subtropical forest species. New Phytologist 203: 863-872.']
Length: 1, dtype: str",Itea,chinensis,Iteaceae,Saxifragales
Juglans mandshurica,-1.3541877262568558,4.692767599845721,"<ArrowStringArray>
[                                                                'Shi W, Wang ZQ, Liu JL, Gu JC, Guo DL. 2008. Fine root morphology of twenty hardwood species in Maoershan Natural Secondary Forest in Northeastern China. Journal of Plant Ecology (Chinese Version) 32: 1217-1226.',
                                                                       'Wang Y, Dong X, Wang H, Wang Z, Gu J. 2016. Root tip morphology, anatomy, chemistry and potential hydraulic conductivity vary with soil depth in three temperate hardwood species. Tree Physiology 36:99-108.',
                                                                                                     'Wang W, Wang Y, Hoch G, Wang Z, Gu J. 2018. Linkage of root morphology to anatomy with increasing nitrogen availability in six temperate tree species. Plant Soil 425: 198-200.',
                                                                            'Salahuddin, Rewald B, Razaq M, Lixue Y, Li J, Khan F, Jie Z. 2018. Root order-based traits of Manchurian walnut & larch and their plasticity under interspecific competition. Scientific Reports 8: 9815',
 'Wang R, Wang Q, Zhao N, Xu Z, Zhu X, Jiao C, Yu G, He N. 2018. Different phylogenetic and environmental controls of first-order root morphological and nutrient traits: Evidence of multidimensional root traits. Special Focus on Functional Traits Along A Transect 32(1): 29-39.',
                                                                           'Wang Y, Gao G, Wang N, Wang Z, Gu J. 2019. Effects of morphology and stand structure on root biomass and length differed between absorptive and transport roots in temperate trees. Plant Soil, in press.']
Length: 6, dtype: str",Juglans,mandshurica,Juglandaceae,Fagales
Juglans nigra,-1.3238942246980918,3.203079613447119,"<ArrowStringArray>
[' Valverde-Barrantes OJ, Smemo KA, Blackwood CB. 2014. Fine root morphology is phylogenetically structured, but nitrogen is related to the plant economics spectrum in temperate trees. Functional Ecology 29: 796-807.',
                                                'McCormack ML, Adams TS, Smithwick EAH, Eissenstat DM. 2012. Predicting fine root lifespan from plant functional traits in temperate trees. New Phytologist 195:823-831.',
                                                                                                                                                                                           'Valverde et al (unpublished)']
Length: 3, dtype: str",Juglans,nigra,Juglandaceae,Fagales
Juniperus monosperma,-0.916290731874155,3.044522437723423,"<ArrowStringArray>
['Pregitzer KS, DeForest JL, Burton AJ, Allen MF, Ruess RW, Hendrick RL. 2002. Fine root architecture of nine North American trees. Ecological Monographs 72: 293-309.']
Length: 1, dtype: str",Juniperus,monosperma,Cupressaceae,Pinales
Juniperus sabina,-0.9167908569158374,3.6432834618664827,"<ArrowStringArray>
['Wang R, Wang Q, Zhao N, Xu Z, Zhu X, Jiao C, Yu G, He N. 2018. Different phylogenetic and environmental controls of first-order root morphological and nutrient traits: Evidence of multidimensional root traits. Special Focus on Functional Traits Along A Transect 32(1): 29-39.']
Length: 1, dtype: str",Juniperus,sabina,Cupressaceae,Pinales
Knema erratica,-0.1646799239417102,1.563217773907763,"<ArrowStringArray>
['Chen W, Zeng H, Eissenstat DM, Guo D. 2013. Variation of first-order root traits across climatic gradients and evolutionary trends in geological time. Global Ecology and Biogeography 22: 846-856.']
Length: 1, dtype: str",Knema,erratica,Myristicaceae,Magnoliales
Koelreuteria paniculata,-1.3987718016265513,4.5802430498867315,"<ArrowStringArray>
[' Valverde-Barrantes OJ, Smemo KA, Blackwood CB. 2014. Fine root morphology is phylogenetically structured, but nitrogen is related to the plant economics spectrum in temperate trees. Functional Ecology 29: 796-807.', 'Valverde et al (unpublished)']
Length: 2, dtype: str",Koelreuteria,paniculata,Sapindaceae,Sapindales
Lamium album,-1.9995219185039625,5.792156286415493,"<ArrowStringArray>
['Wang R, Wang Q, Zhao N, Xu Z, Zhu X, Jiao C, Yu G, He N. 2018. Different phylogenetic and environmental controls of first-order root morphological and nutrient traits: Evidence of multidimensional root traits. Special Focus on Functional Traits Along A Transect 32(1): 29-39.']
Length: 1, dtype: str",Lamium,album,Lamiaceae,Lamiales
Larix gmelinii,-1.0788368689315948,3.619499135719005,"<ArrowStringArray>
[                                                                                                'Wang Z, Guo D, Wang X, Gu J, Mei L. 2006. Fine root architecture, morphology, and biomass of different branch orders of two Chinese temperate tree species. Plant Soil 288:155-171.',
           'Jia SX, Zhao YL, Ding GQ, Sun Y, Xu Y, Wang ZQ. 2010. Relationship among fine-root morphology, anatomy, tissue nitrogen concentration and respiration in different branch root orders in Larix gmelinii and Fraxinus mandshurica. Chinese Bulletin of Botany 45: 174-181.',
                                                                                 'Chen W, Zeng H, Eissenstat DM, Guo D. 2013. Variation of first-order root traits across climatic gradients and evolutionary trends in geological time. Global Ecology and Biogeography 22: 846-856.',
                                                                                                     'Wang W, Wang Y, Hoch G, Wang Z, Gu J. 2018. Linkage of root morphology to anatomy with increasing nitrogen availability in six temperate tree species. Plant Soil 425: 198-200.',
                                                                            'Salahuddin, Rewald B, Razaq M, Lixue Y, Li J, Khan F, Jie Z. 2018. Root order-based traits of Manchurian walnut & larch and their plasticity under interspecific competition. Scientific Reports 8: 9815',
 'Wang R, Wang Q, Zhao N, Xu Z, Zhu X, Jiao C, Yu G, He N. 2018. Different phylogenetic and environmental controls of first-order root morphological and nutrient traits: Evidence of multidimensional root traits. Special Focus on Functional Traits Along A Transect 32(1): 29-39.',
                                                                           'Wang Y, Gao G, Wang N, Wang Z, Gu J. 2019. Effects of morphology and stand structure on root biomass and length differed between absorptive and transport roots in temperate trees. Plant Soil, in press.']
Length: 7, dtype: str",Larix,gmelinii,Pinaceae,Pinales
Lespedeza bicolor,-1.406905315024015,4.931618323063865,"<ArrowStringArray>
['Wang R, Wang Q, Zhao N, Xu Z, Zhu X, Jiao C, Yu G, He N. 2018. Different phylogenetic and environmental controls of first-order root morphological and nutrient traits: Evidence of multidimensional root traits. Special Focus on Functional Traits Along A Transect 32(1): 29-39.']
Length: 1, dtype: str",Lespedeza,bicolor,Fabaceae,Fabales
Lespedeza thunbergii,-1.474470052023616,4.757488255324351,"<ArrowStringArray>
['Wang R, Wang Q, Zhao N, Xu Z, Zhu X, Jiao C, Yu G, He N. 2018. Different phylogenetic and environmental controls of first-order root morphological and nutrient traits: Evidence of multidimensional root traits. Special Focus on Functional Traits Along A Transect 32(1): 29-39.']
Length: 1, dtype: str",Lespedeza,thunbergii,Fabaceae,Fabales
Lindera communis,-0.9288695140810151,3.6575779940959783,"<ArrowStringArray>
['Chen W, Zeng H, Eissenstat DM, Guo D. 2013. Variation of first-order root traits across climatic gradients and evolutionary trends in geological time. Global Ecology and Biogeography 22: 846-856.']
Length: 1, dtype: str",Lindera,communis,Lauraceae,Laurales
Lindera obtusiloba,-1.3417991212333393,4.527325535091816,"<ArrowStringArray>
['Wang R, Wang Q, Zhao N, Xu Z, Zhu X, Jiao C, Yu G, He N. 2018. Different phylogenetic and environmental controls of first-order root morphological and nutrient traits: Evidence of multidimensional root traits. Special Focus on Functional Traits Along A Transect 32(1): 29-39.']
Length: 1, dtype: str",Lindera,obtusiloba,Lauraceae,Laurales
Liquidambar formosana,-1.2954181787876518,4.269078494900241,"<ArrowStringArray>
['Liu B, Li H, Zhu B, Koide RT, Eissenstat DM, Guo D. 2015. Complementarity between roots and AM fungi in nutrient foraging strategies. New Phytologist 208: 125-136.', 'Wang R, Wang Q, Zhao N, Xu Z, Zhu X, Jiao C, Yu G, He N. 2018. Different phylogenetic and environmental controls of first-order root morphological and nutrient traits: Evidence of multidimensional root traits. Special Focus on Functional Traits Along A Transect 32(1): 29-39.']
Length: 2, dtype: str",Liquidambar,formosana,Altingiaceae,Saxifragales
Liquidambar styraciflua,-1.2045901448413856,3.4570150883595043,"<ArrowStringArray>
[' Valverde-Barrantes OJ, Smemo KA, Blackwood CB. 2014. Fine root morphology is phylogenetically structured, but nitrogen is related to the plant economics spectrum in temperate trees. Functional Ecology 29: 796-807.', 'Valverde et al (unpublished)']
Length: 2, dtype: str",Liquidambar,styraciflua,Altingiaceae,Saxifragales
Liriodendron chinense,-0.5832977551499219,3.0536237519697687,"<ArrowStringArray>
['Kong D, Ma C, Zhang Q, Li L, Chen X, Zeng H, Guo D. 2014. Leading dimensions in absorptive root trait variation across 96 subtropical forest species. New Phytologist 203: 863-872.', 'Chen W, Zeng H, Eissenstat DM, Guo D. 2013. Variation of first-order root traits across climatic gradients and evolutionary trends in geological time. Global Ecology and Biogeography 22: 846-856.']
Length: 2, dtype: str",Liriodendron,chinense,Magnoliaceae,Magnoliales
Liriodendron tulipifera,-0.5541500314341674,2.4702260315786053,"<ArrowStringArray>
[' Valverde-Barrantes OJ, Smemo KA, Blackwood CB. 2014. Fine root morphology is phylogenetically structured, but nitrogen is related to the plant economics spectrum in temperate trees. Functional Ecology 29: 796-807.',
                                                'McCormack ML, Adams TS, Smithwick EAH, Eissenstat DM. 2012. Predicting fine root lifespan from plant functional traits in temperate trees. New Phytologist 195:823-831.',
                                                   'Pregitzer KS, DeForest JL, Burton AJ, Allen MF, Ruess RW, Hendrick RL. 2002. Fine root architecture of nine North American trees. Ecological Monographs 72: 293-309.',
                                                                                                                                                                                           'Valverde et al (unpublished)']
Length: 4, dtype: str",Liriodendron,tulipifera,Magnoliaceae,Magnoliales
Lithocarpus chiungchungensis,-1.5162208307229665,4.326910252115215,"<ArrowStringArray>
['Kong D, Ma C, Zhang Q, Li L, Chen X, Zeng H, Guo D. 2014. Leading dimensions in absorptive root trait variation across 96 subtropical forest species. New Phytologist 203: 863-872.']
Length: 1, dtype: str",Lithocarpus,chiungchungensis,Fagaceae,Fagales
Lithocarpus cleistocarpus,-1.2941710722440847,4.231227348294458,"<ArrowStringArray>
['Wang R, Wang Q, Zhao N, Xu Z, Zhu X, Jiao C, Yu G, He N. 2018. Different phylogenetic and environmental controls of first-order root morphological and nutrient traits: Evidence of multidimensional root traits. Special Focus on Functional Traits Along A Transect 32(1): 29-39.']
Length: 1, dtype: str",Lithocarpus,cleistocarpus,Fagaceae,Fagales
Lithocarpus fenestratus,-0.5181440045736706,2.6272016132388893,"<ArrowStringArray>
['Chen W, Zeng H, Eissenstat DM, Guo D. 2013. Variation of first-order root traits across climatic gradients and evolutionary trends in geological time. Global Ecology and Biogeography 22: 846-856.']
Length: 1, dtype: str",Lithocarpus,fenestratus,Fagaceae,Fagales
Litsea baviensis,-0.34822503093608975,2.5664866367804233,"<ArrowStringArray>
['Kong D, Ma C, Zhang Q, Li L, Chen X, Zeng H, Guo D. 2014. Leading dimensions in absorptive root trait variation across 96 subtropical forest species. New Phytologist 203: 863-872.']
Length: 1, dtype: str",Litsea,baviensis,Lauraceae,Laurales
Litsea cubeba,-0.9015745480384745,3.688629422858727,"<ArrowStringArray>
['Kong D, Ma C, Zhang Q, Li L, Chen X, Zeng H, Guo D. 2014. Leading dimensions in absorptive root trait variation across 96 subtropical forest species. New Phytologist 203: 863-872.']
Length: 1, dtype: str",Litsea,cubeba,Lauraceae,Laurales
Litsea elongata,-1.1427732889689353,3.875894198777764,"<ArrowStringArray>
['Wang R, Wang Q, Zhao N, Xu Z, Zhu X, Jiao C, Yu G, He N. 2018. Different phylogenetic and environmental controls of first-order root morphological and nutrient traits: Evidence of multidimensional root traits. Special Focus on Functional Traits Along A Transect 32(1): 29-39.']
Length: 1, dtype: str",Litsea,elongata,Lauraceae,Laurales
Litsea ichangensis,-0.9069903646768557,4.118515873267373,"<ArrowStringArray>
['Wang R, Wang Q, Zhao N, Xu Z, Zhu X, Jiao C, Yu G, He N. 2018. Different phylogenetic and environmental controls of first-order root morphological and nutrient traits: Evidence of multidimensional root traits. Special Focus on Functional Traits Along A Transect 32(1): 29-39.']
Length: 1, dtype: str",Litsea,ichangensis,Lauraceae,Laurales
Litsea verticillata,-0.6474283949149995,2.7466296830696852,"<ArrowStringArray>
['Kong D, Ma C, Zhang Q, Li L, Chen X, Zeng H, Guo D. 2014. Leading dimensions in absorptive root trait variation across 96 subtropical forest species. New Phytologist 203: 863-872.']
Length: 1, dtype: str",Litsea,verticillata,Lauraceae,Laurales
Lonicera chrysantha,-1.372292841484077,5.141958617938513,"<ArrowStringArray>
['Wang R, Wang Q, Zhao N, Xu Z, Zhu X, Jiao C, Yu G, He N. 2018. Different phylogenetic and environmental controls of first-order root morphological and nutrient traits: Evidence of multidimensional root traits. Special Focus on Functional Traits Along A Transect 32(1): 29-39.']
Length: 1, dtype: str",Lonicera,chrysantha,Caprifoliaceae,Dipsacales
Macaranga sampsonii,-1.9736662040725328,4.72974804048834,"<ArrowStringArray>
['Kong D, Ma C, Zhang Q, Li L, Chen X, Zeng H, Guo D. 2014. Leading dimensions in absorptive root trait variation across 96 subtropical forest species. New Phytologist 203: 863-872.', 'Chen W, Zeng H, Eissenstat DM, Guo D. 2013. Variation of first-order root traits across climatic gradients and evolutionary trends in geological time. Global Ecology and Biogeography 22: 846-856.']
Length: 2, dtype: str",Macaranga,sampsonii,Euphorbiaceae,Malpighiales
Machilus breviflora,-0.5813032827187808,2.9749723561768375,"<ArrowStringArray>
['Chen W, Zeng H, Eissenstat DM, Guo D. 2013. Variation of first-order root traits across climatic gradients and evolutionary trends in geological time. Global Ecology and Biogeography 22: 846-856.', 'Wang R, Wang Q, Zhao N, Xu Z, Zhu X, Jiao C, Yu G, He N. 2018. Different phylogenetic and environmental controls of first-order root morphological and nutrient traits: Evidence of multidimensional root traits. Special Focus on Functional Traits Along A Transect 32(1): 29-39.']
Length: 2, dtype: str",Machilus,breviflora,Lauraceae,Laurales
Machilus kwangtungensis,-0.8534802654634799,3.475067230228611,"<ArrowStringArray>
['Kong D, Ma C, Zhang Q, Li L, Chen X, Zeng H, Guo D. 2014. Leading dimensions in absorptive root trait variation across 96 subtropical forest species. New Phytologist 203: 863-872.']
Length: 1, dtype: str",Machilus,kwangtungensis,Lauraceae,Laurales
Machilus nanmu,-0.7322952643508026,3.344264745685408,"<ArrowStringArray>
['Wang R, Wang Q, Zhao N, Xu Z, Zhu X, Jiao C, Yu G, He N. 2018. Different phylogenetic and environmental controls of first-order root morphological and nutrient traits: Evidence of multidimensional root traits. Special Focus on Functional Traits Along A Transect 32(1): 29-39.']
Length: 1, dtype: str",Machilus,nanmu,Lauraceae,Laurales
Machilus oculodracontis,-0.7550225842780328,3.3214324131932926,"<ArrowStringArray>
['Liu B, Li H, Zhu B, Koide RT, Eissenstat DM, Guo D. 2015. Complementarity between roots and AM fungi in nutrient foraging strategies. New Phytologist 208: 125-136.']
Length: 1, dtype: str",Machilus,oculodracontis,Lauraceae,Laurales
Machilus robusta,-0.7361590711532363,2.8903717578961645,"<ArrowStringArray>
['Kong D, Ma C, Zhang Q, Li L, Chen X, Zeng H, Guo D. 2014. Leading dimensions in absorptive root trait variation across 96 subtropical forest species. New Phytologist 203: 863-872.']
Length: 1, dtype: str",Machilus,robusta,Lauraceae,Laurales
Machilus shweliensis,-0.9159902970092291,3.6154750805305236,"<ArrowStringArray>
['Chen W, Zeng H, Eissenstat DM, Guo D. 2013. Variation of first-order root traits across climatic gradients and evolutionary trends in geological time. Global Ecology and Biogeography 22: 846-856.']
Length: 1, dtype: str",Machilus,shweliensis,Lauraceae,Laurales
Machilus velutina,-0.7905174809562218,3.0809921175048145,"<ArrowStringArray>
['Kong D, Ma C, Zhang Q, Li L, Chen X, Zeng H, Guo D. 2014. Leading dimensions in absorptive root trait variation across 96 subtropical forest species. New Phytologist 203: 863-872.']
Length: 1, dtype: str",Machilus,velutina,Lauraceae,Laurales
Macropanax undulatus,-1.3329431856228962,3.3568971227655755,"<ArrowStringArray>
['Kong D, Ma C, Zhang Q, Li L, Chen X, Zeng H, Guo D. 2014. Leading dimensions in absorptive root trait variation across 96 subtropical forest species. New Phytologist 203: 863-872.']
Length: 1, dtype: str",Macropanax,undulatus,Araliaceae,Apiales
Magnolia acuminata,-0.6130406749215425,2.5162880457595,"<ArrowStringArray>
[' Valverde-Barrantes OJ, Smemo KA, Blackwood CB. 2014. Fine root morphology is phylogenetically structured, but nitrogen is related to the plant economics spectrum in temperate trees. Functional Ecology 29: 796-807.', 'Valverde et al (unpublished)']
Length: 2, dtype: str",Magnolia,acuminata,Magnoliaceae,Magnoliales
Magnolia baillonii,-0.5538201153388461,2.9616582932202395,"<ArrowStringArray>
['Kong D, Ma C, Zhang Q, Li L, Chen X, Zeng H, Guo D. 2014. Leading dimensions in absorptive root trait variation across 96 subtropical forest species. New Phytologist 203: 863-872.', 'Kong DL, Wang JJ, Kardol P, Wu HF, Zeng H, Deng XB, Deng Y. 2016. Economic strategies of plant absorptive roots vary with root diameter. Biogeosciences 13: 415-424.']
Length: 2, dtype: str",Magnolia,baillonii,Magnoliaceae,Magnoliales
Magnolia balansae,-0.5446582123024426,3.0037004432031678,"<ArrowStringArray>
['Kong D, Ma C, Zhang Q, Li L, Chen X, Zeng H, Guo D. 2014. Leading dimensions in absorptive root trait variation across 96 subtropical forest species. New Phytologist 203: 863-872.']
Length: 1, dtype: str",Magnolia,balansae,Magnoliaceae,Magnoliales
Magnolia cavaleriei,-0.29785362777327734,2.7343675094195836,"<ArrowStringArray>
['Kong D, Ma C, Zhang Q, Li L, Chen X, Zeng H, Guo D. 2014. Leading dimensions in absorptive root trait variation across 96 subtropical forest species. New Phytologist 203: 863-872.']
Length: 1, dtype: str",Magnolia,cavaleriei,Magnoliaceae,Magnoliales
Magnolia champaca,-0.7689057449610968,2.990719731730447,"<ArrowStringArray>
['Kong D, Ma C, Zhang Q, Li L, Chen X, Zeng H, Guo D. 2014. Leading dimensions in absorptive root trait variation across 96 subtropical forest species. New Phytologist 203: 863-872.']
Length: 1, dtype: str",Magnolia,champaca,Magnoliaceae,Magnoliales
Magnolia championii,-0.6106459590482015,3.4469034297516927,"<ArrowStringArray>
['Chen W, Zeng H, Eissenstat DM, Guo D. 2013. Variation of first-order root traits across climatic gradients and evolutionary trends in geological time. Global Ecology and Biogeography 22: 846-856.']
Length: 1, dtype: str",Magnolia,championii,Magnoliaceae,Magnoliales
Magnolia chapensis,-0.4996109934663938,3.1461840358843185,"<ArrowStringArray>
['Kong D, Ma C, Zhang Q, Li L, Chen X, Zeng H, Guo D. 2014. Leading dimensions in absorptive root trait variation across 96 subtropical forest species. New Phytologist 203: 863-872.', 'Wang R, Wang Q, Zhao N, Xu Z, Zhu X, Jiao C, Yu G, He N. 2018. Different phylogenetic and environmental controls of first-order root morphological and nutrient traits: Evidence of multidimensional root traits. Special Focus on Functional Traits Along A Transect 32(1): 29-39.']
Length: 2, dtype: str",Magnolia,chapensis,Magnoliaceae,Magnoliales
Magnolia dandyi,-0.4720857954500601,2.872999508171694,"<ArrowStringArray>
['Kong D, Ma C, Zhang Q, Li L, Chen X, Zeng H, Guo D. 2014. Leading dimensions in absorptive root trait variation across 96 subtropical forest species. New Phytologist 203: 863-872.']
Length: 1, dtype: str",Magnolia,dandyi,Magnoliaceae,Magnoliales
Magnolia denudata,-0.6998722331194441,3.0397837995190997,"<ArrowStringArray>
[' Valverde-Barrantes OJ, Smemo KA, Blackwood CB. 2014. Fine root morphology is phylogenetically structured, but nitrogen is related to the plant economics spectrum in temperate trees. Functional Ecology 29: 796-807.', 'Valverde et al (unpublished)']
Length: 2, dtype: str",Magnolia,denudata,Magnoliaceae,Magnoliales
Magnolia ernestii,-0.30001784621290184,2.7662562141665723,"<ArrowStringArray>
['Kong D, Ma C, Zhang Q, Li L, Chen X, Zeng H, Guo D. 2014. Leading dimensions in absorptive root trait variation across 96 subtropical forest species. New Phytologist 203: 863-872.', 'Chen W, Zeng H, Eissenstat DM, Guo D. 2013. Variation of first-order root traits across climatic gradients and evolutionary trends in geological time. Global Ecology and Biogeography 22: 846-856.']
Length: 2, dtype: str",Magnolia,ernestii,Magnoliaceae,Magnoliales
Magnolia fulva,-0.40936771337543165,2.9647574692545606,"<ArrowStringArray>
['Kong D, Ma C, Zhang Q, Li L, Chen X, Zeng H, Guo D. 2014. Leading dimensions in absorptive root trait variation across 96 subtropical forest species. New Phytologist 203: 863-872.']
Length: 1, dtype: str",Magnolia,fulva,Magnoliaceae,Magnoliales
Magnolia grandiflora,-0.441260688531304,2.2307708748919364,"<ArrowStringArray>
[' Valverde-Barrantes OJ, Smemo KA, Blackwood CB. 2014. Fine root morphology is phylogenetically structured, but nitrogen is related to the plant economics spectrum in temperate trees. Functional Ecology 29: 796-807.',
                                    'Kong D, Ma C, Zhang Q, Li L, Chen X, Zeng H, Guo D. 2014. Leading dimensions in absorptive root trait variation across 96 subtropical forest species. New Phytologist 203: 863-872.',
                                                                                                                                                                                           'Valverde et al (unpublished)']
Length: 3, dtype: str",Magnolia,grandiflora,Magnoliaceae,Magnoliales
Magnolia kobus,-0.8268555031213605,3.3077062234344843,"<ArrowStringArray>
[' Valverde-Barrantes OJ, Smemo KA, Blackwood CB. 2014. Fine root morphology is phylogenetically structured, but nitrogen is related to the plant economics spectrum in temperate trees. Functional Ecology 29: 796-807.', 'Valverde et al (unpublished)']
Length: 2, dtype: str",Magnolia,kobus,Magnoliaceae,Magnoliales
Magnolia lotungensis,-0.36118509941661847,2.485739636091892,"<ArrowStringArray>
['Kong D, Ma C, Zhang Q, Li L, Chen X, Zeng H, Guo D. 2014. Leading dimensions in absorptive root trait variation across 96 subtropical forest species. New Phytologist 203: 863-872.']
Length: 1, dtype: str",Magnolia,lotungensis,Magnoliaceae,Magnoliales
Magnolia macclurei,-0.6534563394725827,3.1094353932159864,"<ArrowStringArray>
['Kong D, Ma C, Zhang Q, Li L, Chen X, Zeng H, Guo D. 2014. Leading dimensions in absorptive root trait variation across 96 subtropical forest species. New Phytologist 203: 863-872.', 'Chen W, Zeng H, Eissenstat DM, Guo D. 2013. Variation of first-order root traits across climatic gradients and evolutionary trends in geological time. Global Ecology and Biogeography 22: 846-856.']
Length: 2, dtype: str",Magnolia,macclurei,Magnoliaceae,Magnoliales
Magnolia macrophylla,-0.4320112779123302,2.5570337151097005,"<ArrowStringArray>
[' Valverde-Barrantes OJ, Smemo KA, Blackwood CB. 2014. Fine root morphology is phylogenetically structured, but nitrogen is related to the plant economics spectrum in temperate trees. Functional Ecology 29: 796-807.', 'Valverde et al (unpublished)']
Length: 2, dtype: str",Magnolia,macrophylla,Magnoliaceae,Magnoliales
Magnolia maudiae,-0.505556198273215,3.0279321607862917,"<ArrowStringArray>
[                                                                                                'Kong D, Ma C, Zhang Q, Li L, Chen X, Zeng H, Guo D. 2014. Leading dimensions in absorptive root trait variation across 96 subtropical forest species. New Phytologist 203: 863-872.',
                                                                                 'Chen W, Zeng H, Eissenstat DM, Guo D. 2013. Variation of first-order root traits across climatic gradients and evolutionary trends in geological time. Global Ecology and Biogeography 22: 846-856.',
 'Wang R, Wang Q, Zhao N, Xu Z, Zhu X, Jiao C, Yu G, He N. 2018. Different phylogenetic and environmental controls of first-order root morphological and nutrient traits: Evidence of multidimensional root traits. Special Focus on Functional Traits Along A Transect 32(1): 29-39.']
Length: 3, dtype: str",Magnolia,maudiae,Magnoliaceae,Magnoliales
Magnolia odora,-0.5681852001907166,3.013179113823393,"<ArrowStringArray>
[                                                                                    'Xiong D, Huang J, Yang Z, Lu Z, Chen G, Yang Y. 2012. Fine root architecture and morphology among different branch orders of six subtropical tree species. Acta Ecologica Sinica 32: 1888-1897.',
                                                                                                 'Kong D, Ma C, Zhang Q, Li L, Chen X, Zeng H, Guo D. 2014. Leading dimensions in absorptive root trait variation across 96 subtropical forest species. New Phytologist 203: 863-872.',
                                                                                 'Chen W, Zeng H, Eissenstat DM, Guo D. 2013. Variation of first-order root traits across climatic gradients and evolutionary trends in geological time. Global Ecology and Biogeography 22: 846-856.',
 'Wang R, Wang Q, Zhao N, Xu Z, Zhu X, Jiao C, Yu G, He N. 2018. Different phylogenetic and environmental controls of first-order root morphological and nutrient traits: Evidence of multidimensional root traits. Special Focus on Functional Traits Along A Transect 32(1): 29-39.']
Length: 4, dtype: str",Magnolia,odora,Magnoliaceae,Magnoliales
Magnolia opipara,-0.5746888174329436,2.5392369943330477,"<ArrowStringArray>
['Kong D, Ma C, Zhang Q, Li L, Chen X, Zeng H, Guo D. 2014. Leading dimensions in absorptive root trait variation across 96 subtropical forest species. New Phytologist 203: 863-872.']
Length: 1, dtype: str",Magnolia,opipara,Magnoliaceae,Magnoliales
Magnolia stellata,-0.8363605843814319,3.439265294378326,"<ArrowStringArray>
[' Valverde-Barrantes OJ, Smemo KA, Blackwood CB. 2014. Fine root morphology is phylogenetically structured, but nitrogen is related to the plant economics spectrum in temperate trees. Functional Ecology 29: 796-807.', 'Valverde et al (unpublished)']
Length: 2, dtype: str",Magnolia,stellata,Magnoliaceae,Magnoliales
Magnolia tripetala,-0.6780381096103252,2.890204449456444,"<ArrowStringArray>
[' Valverde-Barrantes OJ, Smemo KA, Blackwood CB. 2014. Fine root morphology is phylogenetically structured, but nitrogen is related to the plant economics spectrum in temperate trees. Functional Ecology 29: 796-807.', 'Valverde et al (unpublished)']
Length: 2, dtype: str",Magnolia,tripetala,Magnoliaceae,Magnoliales
Magnolia virginiana,-0.5203790460644481,3.002233206623539,"<ArrowStringArray>
[' Valverde-Barrantes OJ, Smemo KA, Blackwood CB. 2014. Fine root morphology is phylogenetically structured, but nitrogen is related to the plant economics spectrum in temperate trees. Functional Ecology 29: 796-807.', 'Valverde et al (unpublished)']
Length: 2, dtype: str",Magnolia,virginiana,Magnoliaceae,Magnoliales
Magnolia yunnanensis,-0.3274768169962273,2.847232265235547,"<ArrowStringArray>
['Kong D, Ma C, Zhang Q, Li L, Chen X, Zeng H, Guo D. 2014. Leading dimensions in absorptive root trait variation across 96 subtropical forest species. New Phytologist 203: 863-872.']
Length: 1, dtype: str",Magnolia,yunnanensis,Magnoliaceae,Magnoliales
Magnolia yuyuanensis,-0.6733445532637656,3.5779478934066544,"<ArrowStringArray>
['Liu B, Li H, Zhu B, Koide RT, Eissenstat DM, Guo D. 2015. Complementarity between roots and AM fungi in nutrient foraging strategies. New Phytologist 208: 125-136.']
Length: 1, dtype: str",Magnolia,yuyuanensis,Magnoliaceae,Magnoliales
Mallotus paniculatus,-1.4447712908788664,4.575959027819343,"<ArrowStringArray>
['Wang R, Wang Q, Zhao N, Xu Z, Zhu X, Jiao C, Yu G, He N. 2018. Different phylogenetic and environmental controls of first-order root morphological and nutrient traits: Evidence of multidimensional root traits. Special Focus on Functional Traits Along A Transect 32(1): 29-39.']
Length: 1, dtype: str",Mallotus,paniculatus,Euphorbiaceae,Malpighiales
Malus baccata,-1.4443581616398693,4.268713712142645,"<ArrowStringArray>
['Chen W, Zeng H, Eissenstat DM, Guo D. 2013. Variation of first-order root traits across climatic gradients and evolutionary trends in geological time. Global Ecology and Biogeography 22: 846-856.']
Length: 1, dtype: str",Malus,baccata,Rosaceae,Rosales
Malus domestica,-1.6901058155015551,4.032426399670245,"<ArrowStringArray>
['Lavely EL, Chen W, Peterson KA, Klodd AE, Volder E, Marini RP, Eissenstat D. 2020. On characterizing root function in perennial horticultural crops. American Journal of Botany']
Length: 1, dtype: str",Malus,domestica,Rosaceae,Rosales
Manglietia paruicula,-0.6853972886998859,3.0828269804049246,"<ArrowStringArray>
['Kong D, Ma C, Zhang Q, Li L, Chen X, Zeng H, Guo D. 2014. Leading dimensions in absorptive root trait variation across 96 subtropical forest species. New Phytologist 203: 863-872.']
Length: 1, dtype: str",Manglietia,paruicula,Magnoliaceae,Magnoliales
Matteuccia struthiopteris,-1.3744473706573064,5.184337650070223,"<ArrowStringArray>
['Dong X, Wang H, Gu J, Wang Y, Wang Z. 2014. Root morphology, histology and chemistry of nine fern species (pteridophyta) in a temperate forest. Plant Soil 393: 215-227.', 'Wang R, Wang Q, Zhao N, Xu Z, Zhu X, Jiao C, Yu G, He N. 2018. Different phylogenetic and environmental controls of first-order root morphological and nutrient traits: Evidence of multidimensional root traits. Special Focus on Functional Traits Along A Transect 32(1): 29-39.']
Length: 2, dtype: str",Matteuccia,struthiopteris,Onocleaceae,Polypodiales
Melicope pteleifolia,-1.3705391291753843,4.576667825515379,"<ArrowStringArray>
['Kong D, Ma C, Zhang Q, Li L, Chen X, Zeng H, Guo D. 2014. Leading dimensions in absorptive root trait variation across 96 subtropical forest species. New Phytologist 203: 863-872.']
Length: 1, dtype: str",Melicope,pteleifolia,Rutaceae,Sapindales
Memecylon nigrescens,-1.5957335476830126,4.477906235168379,"<ArrowStringArray>
['Chen W, Zeng H, Eissenstat DM, Guo D. 2013. Variation of first-order root traits across climatic gradients and evolutionary trends in geological time. Global Ecology and Biogeography 22: 846-856.']
Length: 1, dtype: str",Memecylon,nigrescens,Melastomataceae,Myrtales
Microcos paniculata,-2.1468642179972703,4.7482310288287435,"<ArrowStringArray>
['Kong D, Ma C, Zhang Q, Li L, Chen X, Zeng H, Guo D. 2014. Leading dimensions in absorptive root trait variation across 96 subtropical forest species. New Phytologist 203: 863-872.']
Length: 1, dtype: str",Microcos,paniculata,Malvaceae,Malvales
Microtropis discolor,-0.7789447490587033,4.376888456817758,"<ArrowStringArray>
['Kong D, Ma C, Zhang Q, Li L, Chen X, Zeng H, Guo D. 2014. Leading dimensions in absorptive root trait variation across 96 subtropical forest species. New Phytologist 203: 863-872.']
Length: 1, dtype: str",Microtropis,discolor,Celastraceae,Celastrales
Millettia leptobotrya,-1.0741733667910915,3.2433732964685884,"<ArrowStringArray>
['Kong D, Ma C, Zhang Q, Li L, Chen X, Zeng H, Guo D. 2014. Leading dimensions in absorptive root trait variation across 96 subtropical forest species. New Phytologist 203: 863-872.']
Length: 1, dtype: str",Millettia,leptobotrya,Fabaceae,Fabales
Myrsine seguinii,-1.264814462401369,4.033761541634073,"<ArrowStringArray>
['Chen W, Zeng H, Eissenstat DM, Guo D. 2013. Variation of first-order root traits across climatic gradients and evolutionary trends in geological time. Global Ecology and Biogeography 22: 846-856.']
Length: 1, dtype: str",Myrsine,seguinii,Primulaceae,Ericales
Nabalus tatarinowii,-1.7237270588362281,5.837122182327003,"<ArrowStringArray>
['Wang R, Wang Q, Zhao N, Xu Z, Zhu X, Jiao C, Yu G, He N. 2018. Different phylogenetic and environmental controls of first-order root morphological and nutrient traits: Evidence of multidimensional root traits. Special Focus on Functional Traits Along A Transect 32(1): 29-39.']
Length: 1, dtype: str",Nabalus,tatarinowii,Asteraceae,Asterales
Neolitsea phanerophlebia,-0.6539264674066639,3.6054978451748854,"<ArrowStringArray>
['Liu B, Li H, Zhu B, Koide RT, Eissenstat DM, Guo D. 2015. Complementarity between roots and AM fungi in nutrient foraging strategies. New Phytologist 208: 125-136.']
Length: 1, dtype: str",Neolitsea,phanerophlebia,Lauraceae,Laurales
Nephelium lappaceum,-1.839794918266612,4.068171687918078,"<ArrowStringArray>
['Kong D, Ma C, Zhang Q, Li L, Chen X, Zeng H, Guo D. 2014. Leading dimensions in absorptive root trait variation across 96 subtropical forest species. New Phytologist 203: 863-872.']
Length: 1, dtype: str",Nephelium,lappaceum,Sapindaceae,Sapindales
Nyssa aquatica,-1.7146544384589315,2.608107083328578,"<ArrowStringArray>
['Valverde et al (unpublished)']
Length: 1, dtype: str",Nyssa,aquatica,Cornaceae,Cornales
Nyssa sylvatica,-0.12972911046985044,2.6080681658227656,"<ArrowStringArray>
[' Valverde-Barrantes OJ, Smemo KA, Blackwood CB. 2014. Fine root morphology is phylogenetically structured, but nitrogen is related to the plant economics spectrum in temperate trees. Functional Ecology 29: 796-807.']
Length: 1, dtype: str",Nyssa,sylvatica,Cornaceae,Cornales
Ocotea lancifolia,-1.053227209511861,3.52542448828846,"<ArrowStringArray>
['Kong D, Ma C, Zhang Q, Li L, Chen X, Zeng H, Guo D. 2014. Leading dimensions in absorptive root trait variation across 96 subtropical forest species. New Phytologist 203: 863-872.', 'Chen W, Zeng H, Eissenstat DM, Guo D. 2013. Variation of first-order root traits across climatic gradients and evolutionary trends in geological time. Global Ecology and Biogeography 22: 846-856.']
Length: 2, dtype: str",Ocotea,lancifolia,Lauraceae,Laurales
Olea rosea,-0.9304910812752964,3.364187556028255,"<ArrowStringArray>
['Kong D, Ma C, Zhang Q, Li L, Chen X, Zeng H, Guo D. 2014. Leading dimensions in absorptive root trait variation across 96 subtropical forest species. New Phytologist 203: 863-872.']
Length: 1, dtype: str",Olea,rosea,Oleaceae,Lamiales
Onoclea sensibilis,-1.3859732726743033,4.997815198049815,"<ArrowStringArray>
['Dong X, Wang H, Gu J, Wang Y, Wang Z. 2014. Root morphology, histology and chemistry of nine fern species (pteridophyta) in a temperate forest. Plant Soil 393: 215-227.']
Length: 1, dtype: str",Onoclea,sensibilis,Onocleaceae,Polypodiales
Oreocnide frutescens,-1.4304552569056603,4.544155511736094,"<ArrowStringArray>
['Wang R, Wang Q, Zhao N, Xu Z, Zhu X, Jiao C, Yu G, He N. 2018. Different phylogenetic and environmental controls of first-order root morphological and nutrient traits: Evidence of multidimensional root traits. Special Focus on Functional Traits Along A Transect 32(1): 29-39.']
Length: 1, dtype: str",Oreocnide,frutescens,Urticaceae,Rosales
Orophea creaghii,-0.9179420946233856,3.813527758679047,"<ArrowStringArray>
['Kong D, Ma C, Zhang Q, Li L, Chen X, Zeng H, Guo D. 2014. Leading dimensions in absorptive root trait variation across 96 subtropical forest species. New Phytologist 203: 863-872.']
Length: 1, dtype: str",Orophea,creaghii,Annonaceae,Magnoliales
Osmanthus didymopetalus,-0.32921265129195343,1.4861396960896067,"<ArrowStringArray>
['Kong D, Ma C, Zhang Q, Li L, Chen X, Zeng H, Guo D. 2014. Leading dimensions in absorptive root trait variation across 96 subtropical forest species. New Phytologist 203: 863-872.']
Length: 1, dtype: str",Osmanthus,didymopetalus,Oleaceae,Lamiales
Osmunda japonica,-0.8704214961323867,3.1579435469054666,"<ArrowStringArray>
['Wang R, Wang Q, Zhao N, Xu Z, Zhu X, Jiao C, Yu G, He N. 2018. Different phylogenetic and environmental controls of first-order root morphological and nutrient traits: Evidence of multidimensional root traits. Special Focus on Functional Traits Along A Transect 32(1): 29-39.']
Length: 1, dtype: str",Osmunda,japonica,Osmundaceae,Osmundales
Parthenocissus quinquefolia,-1.7385977314684775,5.027890960377734,"<ArrowStringArray>
['Wang R, Wang Q, Zhao N, Xu Z, Zhu X, Jiao C, Yu G, He N. 2018. Different phylogenetic and environmental controls of first-order root morphological and nutrient traits: Evidence of multidimensional root traits. Special Focus on Functional Traits Along A Transect 32(1): 29-39.']
Length: 1, dtype: str",Parthenocissus,quinquefolia,Vitaceae,Vitales
Pentaphylax euryoides,-2.1147786059695215,4.583333491378917,"<ArrowStringArray>
['Kong D, Ma C, Zhang Q, Li L, Chen X, Zeng H, Guo D. 2014. Leading dimensions in absorptive root trait variation across 96 subtropical forest species. New Phytologist 203: 863-872.']
Length: 1, dtype: str",Pentaphylax,euryoides,Pentaphylacaceae,Ericales
Pertusadina metcalfii,-1.8679496075861015,4.604770105966751,"<ArrowStringArray>
['Kong D, Ma C, Zhang Q, Li L, Chen X, Zeng H, Guo D. 2014. Leading dimensions in absorptive root trait variation across 96 subtropical forest species. New Phytologist 203: 863-872.']
Length: 1, dtype: str",Pertusadina,metcalfii,Rubiaceae,Gentianales
Phellodendron amurense,-0.6963355101710184,3.595633792866697,"<ArrowStringArray>
[                                                                'Shi W, Wang ZQ, Liu JL, Gu JC, Guo DL. 2008. Fine root morphology of twenty hardwood species in Maoershan Natural Secondary Forest in Northeastern China. Journal of Plant Ecology (Chinese Version) 32: 1217-1226.',
                                                                       'Wang Y, Dong X, Wang H, Wang Z, Gu J. 2016. Root tip morphology, anatomy, chemistry and potential hydraulic conductivity vary with soil depth in three temperate hardwood species. Tree Physiology 36:99-108.',
                                                                                                     'Wang W, Wang Y, Hoch G, Wang Z, Gu J. 2018. Linkage of root morphology to anatomy with increasing nitrogen availability in six temperate tree species. Plant Soil 425: 198-200.',
 'Wang R, Wang Q, Zhao N, Xu Z, Zhu X, Jiao C, Yu G, He N. 2018. Different phylogenetic and environmental controls of first-order root morphological and nutrient traits: Evidence of multidimensional root traits. Special Focus on Functional Traits Along A Transect 32(1): 29-39.']
Length: 4, dtype: str",Phellodendron,amurense,Rutaceae,Sapindales
Philadelphus incanus,-1.6596791288708472,5.174868459551634,"<ArrowStringArray>
['Wang R, Wang Q, Zhao N, Xu Z, Zhu X, Jiao C, Yu G, He N. 2018. Different phylogenetic and environmental controls of first-order root morphological and nutrient traits: Evidence of multidimensional root traits. Special Focus on Functional Traits Along A Transect 32(1): 29-39.']
Length: 1, dtype: str",Philadelphus,incanus,Hydrangeaceae,Cornales
Phlomoides umbrosa,-1.408335491996771,4.810882612537776,"<ArrowStringArray>
['Wang R, Wang Q, Zhao N, Xu Z, Zhu X, Jiao C, Yu G, He N. 2018. Different phylogenetic and environmental controls of first-order root morphological and nutrient traits: Evidence of multidimensional root traits. Special Focus on Functional Traits Along A Transect 32(1): 29-39.']
Length: 1, dtype: str",Phlomoides,umbrosa,Lamiaceae,Lamiales
Picea glauca,-1.4696759700589417,3.6635616461296463,"<ArrowStringArray>
['Pregitzer KS, DeForest JL, Burton AJ, Allen MF, Ruess RW, Hendrick RL. 2002. Fine root architecture of nine North American trees. Ecological Monographs 72: 293-309.']
Length: 1, dtype: str",Picea,glauca,Pinaceae,Pinales
Picea koraiensis,-1.1149587109178323,3.995752803698256,"<ArrowStringArray>
[                                                                                                    'Wang W, Wang Y, Hoch G, Wang Z, Gu J. 2018. Linkage of root morphology to anatomy with increasing nitrogen availability in six temperate tree species. Plant Soil 425: 198-200.',
 'Wang R, Wang Q, Zhao N, Xu Z, Zhu X, Jiao C, Yu G, He N. 2018. Different phylogenetic and environmental controls of first-order root morphological and nutrient traits: Evidence of multidimensional root traits. Special Focus on Functional Traits Along A Transect 32(1): 29-39.',
                                                                           'Wang Y, Gao G, Wang N, Wang Z, Gu J. 2019. Effects of morphology and stand structure on root biomass and length differed between absorptive and transport roots in temperate trees. Plant Soil, in press.']
Length: 3, dtype: str",Picea,koraiensis,Pinaceae,Pinales
Picea meyeri,-1.2763853806295908,3.881446682632099,"<ArrowStringArray>
['Chen W, Zeng H, Eissenstat DM, Guo D. 2013. Variation of first-order root traits across climatic gradients and evolutionary trends in geological time. Global Ecology and Biogeography 22: 846-856.']
Length: 1, dtype: str",Picea,meyeri,Pinaceae,Pinales
Picea wilsonii,-1.3316569104612996,4.1970957847334915,"<ArrowStringArray>
['Chen W, Zeng H, Eissenstat DM, Guo D. 2013. Variation of first-order root traits across climatic gradients and evolutionary trends in geological time. Global Ecology and Biogeography 22: 846-856.']
Length: 1, dtype: str",Picea,wilsonii,Pinaceae,Pinales
Pinus armandii,-1.2796438161078532,3.811007680407921,"<ArrowStringArray>
['Chen W, Zeng H, Eissenstat DM, Guo D. 2013. Variation of first-order root traits across climatic gradients and evolutionary trends in geological time. Global Ecology and Biogeography 22: 846-856.', 'Wang R, Wang Q, Zhao N, Xu Z, Zhu X, Jiao C, Yu G, He N. 2018. Different phylogenetic and environmental controls of first-order root morphological and nutrient traits: Evidence of multidimensional root traits. Special Focus on Functional Traits Along A Transect 32(1): 29-39.']
Length: 2, dtype: str",Pinus,armandii,Pinaceae,Pinales
Pinus edulis,-0.9675840262617056,2.995732273553991,"<ArrowStringArray>
['Pregitzer KS, DeForest JL, Burton AJ, Allen MF, Ruess RW, Hendrick RL. 2002. Fine root architecture of nine North American trees. Ecological Monographs 72: 293-309.']
Length: 1, dtype: str",Pinus,edulis,Pinaceae,Pinales
Pinus elliottii,-1.2021226652226176,3.811269146776913,"<ArrowStringArray>
['Kou L, Guo D, Yang H, Gao W, Li S. 2015. Growth, morphological traits and mycorrhizal colonization of fine roots respond differently to nitrogen addition in a slash pine plantation in subtropical China. Plant Soil 391: 207-218.', 'Pregitzer KS, DeForest JL, Burton AJ, Allen MF, Ruess RW, Hendrick RL. 2002. Fine root architecture of nine North American trees. Ecological Monographs 72: 293-309.']
Length: 2, dtype: str",Pinus,elliottii,Pinaceae,Pinales
Pinus koraiensis,-0.7108580843877791,3.1706704202695604,"<ArrowStringArray>
[                                                                                                    'Wang W, Wang Y, Hoch G, Wang Z, Gu J. 2018. Linkage of root morphology to anatomy with increasing nitrogen availability in six temperate tree species. Plant Soil 425: 198-200.',
 'Wang R, Wang Q, Zhao N, Xu Z, Zhu X, Jiao C, Yu G, He N. 2018. Different phylogenetic and environmental controls of first-order root morphological and nutrient traits: Evidence of multidimensional root traits. Special Focus on Functional Traits Along A Transect 32(1): 29-39.',
                                                                           'Wang Y, Gao G, Wang N, Wang Z, Gu J. 2019. Effects of morphology and stand structure on root biomass and length differed between absorptive and transport roots in temperate trees. Plant Soil, in press.']
Length: 3, dtype: str",Pinus,koraiensis,Pinaceae,Pinales
Pinus massoniana,-1.2347757134809811,4.091879989155383,"<ArrowStringArray>
['Wang R, Wang Q, Zhao N, Xu Z, Zhu X, Jiao C, Yu G, He N. 2018. Different phylogenetic and environmental controls of first-order root morphological and nutrient traits: Evidence of multidimensional root traits. Special Focus on Functional Traits Along A Transect 32(1): 29-39.']
Length: 1, dtype: str",Pinus,massoniana,Pinaceae,Pinales
Pinus palustris,-1.0498221244986778,3.493472657771326,"<ArrowStringArray>
['Guo DL, Mitchell RJ, and Hendricks JJ. 2004. Fine root branch orders respond differentially to carbon source-sink manipulation in a longleaf pine forest. Oecologia 140:450-457.']
Length: 1, dtype: str",Pinus,palustris,Pinaceae,Pinales
Pinus pumila,-1.2647849437226935,3.97293082855107,"<ArrowStringArray>
['Wang R, Wang Q, Zhao N, Xu Z, Zhu X, Jiao C, Yu G, He N. 2018. Different phylogenetic and environmental controls of first-order root morphological and nutrient traits: Evidence of multidimensional root traits. Special Focus on Functional Traits Along A Transect 32(1): 29-39.']
Length: 1, dtype: str",Pinus,pumila,Pinaceae,Pinales
Pinus resinosa,-1.3862943611198906,3.4657359027997265,"<ArrowStringArray>
['Pregitzer KS, DeForest JL, Burton AJ, Allen MF, Ruess RW, Hendrick RL. 2002. Fine root architecture of nine North American trees. Ecological Monographs 72: 293-309.']
Length: 1, dtype: str",Pinus,resinosa,Pinaceae,Pinales
Pinus strobus,-1.3470736479666092,3.509752788216501,"<ArrowStringArray>
['McCormack ML, Adams TS, Smithwick EAH, Eissenstat DM. 2012. Predicting fine root lifespan from plant functional traits in temperate trees. New Phytologist 195:823-831.']
Length: 1, dtype: str",Pinus,strobus,Pinaceae,Pinales
Pinus sylvestris,-1.1100468663279959,3.469023988791029,"<ArrowStringArray>
['Zadworny M, McCormack ML, Mucha J, Reich PB, Oleksyn. 2016. Scots pine fine roots adjust along a 2000-km latitudinal climatic gradient. New Phytologist 212: 389-399. Zadworny M, McCormack ML, Zytkowiak R, Karolewski P, Mucha J, Oleksyn J. 2017. Patterns of structural and defense investments in fine roots of Scots pine (Pinus sylvestris L.) across a strong temperature and latitudinal gradient in Europe. Global Change Biology 23: 1218-1231.',
                                                                                                                                                                        'Wang R, Wang Q, Zhao N, Xu Z, Zhu X, Jiao C, Yu G, He N. 2018. Different phylogenetic and environmental controls of first-order root morphological and nutrient traits: Evidence of multidimensional root traits. Special Focus on Functional Traits Along A Transect 32(1): 29-39.',
                                                                                                                                                                                                                                                  'Wang Y, Gao G, Wang N, Wang Z, Gu J. 2019. Effects of morphology and stand structure on root biomass and length differed between absorptive and transport roots in temperate trees. Plant Soil, in press.']
Length: 3, dtype: str",Pinus,sylvestris,Pinaceae,Pinales
Pinus tabuliformis,-1.5681338938394511,4.4370164110224835,"<ArrowStringArray>
[                                                                                                                             'Wang G, Fahey TJ, Xue S, Liu F. 2013. Root morphology and architecture respond to N addition in Pinus tabuliformis, west China. Oecologia 171:583-590.',
                                                                                 'Chen W, Zeng H, Eissenstat DM, Guo D. 2013. Variation of first-order root traits across climatic gradients and evolutionary trends in geological time. Global Ecology and Biogeography 22: 846-856.',
 'Wang R, Wang Q, Zhao N, Xu Z, Zhu X, Jiao C, Yu G, He N. 2018. Different phylogenetic and environmental controls of first-order root morphological and nutrient traits: Evidence of multidimensional root traits. Special Focus on Functional Traits Along A Transect 32(1): 29-39.']
Length: 3, dtype: str",Pinus,tabuliformis,Pinaceae,Pinales
Pinus virginiana,-1.4696759700589417,3.500942158534346,"<ArrowStringArray>
['McCormack ML, Adams TS, Smithwick EAH, Eissenstat DM. 2012. Predicting fine root lifespan from plant functional traits in temperate trees. New Phytologist 195:823-831.']
Length: 1, dtype: str",Pinus,virginiana,Pinaceae,Pinales
Pistacia chinensis,-1.4309988829043705,4.505128831807865,"<ArrowStringArray>
['Kong D, Ma C, Zhang Q, Li L, Chen X, Zeng H, Guo D. 2014. Leading dimensions in absorptive root trait variation across 96 subtropical forest species. New Phytologist 203: 863-872.']
Length: 1, dtype: str",Pistacia,chinensis,Anacardiaceae,Sapindales
Platanus acerifolia,-1.2656322739126677,3.175132901920282,"<ArrowStringArray>
['Valverde et al (unpublished)']
Length: 1, dtype: str",Platanus,acerifolia,Platanaceae,Proteales
Platanus occidentalis,-0.7200046347298279,2.4830207392427712,"<ArrowStringArray>
[' Valverde-Barrantes OJ, Smemo KA, Blackwood CB. 2014. Fine root morphology is phylogenetically structured, but nitrogen is related to the plant economics spectrum in temperate trees. Functional Ecology 29: 796-807.']
Length: 1, dtype: str",Platanus,occidentalis,Platanaceae,Proteales
Platycladus orientalis,-1.0101436406805016,2.873941216500069,"<ArrowStringArray>
['Li R, Ling N, Hao J, Min J, Chen X, Guan Q. 2013. Effects of stand ages on carbon storage, fine root morphology and biomass in Platycladus orientalis  plantation. Journal of Nanjing Forestry University (Natural Sciences edition) 37: 21-27.', 'Li R, Peng T, Liu N, Wang D, Jiangang M, Guan Q. 2013. Response of carbon storage, fine root biomass and morphology to thinning in Platycladus orientalis plantation. Journal of Northeast Forestry university 41: 34-38.']
Length: 2, dtype: str",Platycladus,orientalis,Cupressaceae,Pinales
Podocarpus chinensis,-0.23572233352106983,2.7343675094195836,"<ArrowStringArray>
['Liu B, Li H, Zhu B, Koide RT, Eissenstat DM, Guo D. 2015. Complementarity between roots and AM fungi in nutrient foraging strategies. New Phytologist 208: 125-136.']
Length: 1, dtype: str",Podocarpus,chinensis,Podocarpaceae,Pinales
Podocarpus neriifolius,-1.4276719266077862,4.671921721289969,"<ArrowStringArray>
['Wang R, Wang Q, Zhao N, Xu Z, Zhu X, Jiao C, Yu G, He N. 2018. Different phylogenetic and environmental controls of first-order root morphological and nutrient traits: Evidence of multidimensional root traits. Special Focus on Functional Traits Along A Transect 32(1): 29-39.']
Length: 1, dtype: str",Podocarpus,neriifolius,Podocarpaceae,Pinales
Populus balsamifera,-1.8325814637483102,4.499809670330265,"<ArrowStringArray>
['Pregitzer KS, DeForest JL, Burton AJ, Allen MF, Ruess RW, Hendrick RL. 2002. Fine root architecture of nine North American trees. Ecological Monographs 72: 293-309.']
Length: 1, dtype: str",Populus,balsamifera,Salicaceae,Malpighiales
Populus cathayana,-1.504183627418549,5.049500526873019,"<ArrowStringArray>
['Chen W, Zeng H, Eissenstat DM, Guo D. 2013. Variation of first-order root traits across climatic gradients and evolutionary trends in geological time. Global Ecology and Biogeography 22: 846-856.', 'Wang R, Wang Q, Zhao N, Xu Z, Zhu X, Jiao C, Yu G, He N. 2018. Different phylogenetic and environmental controls of first-order root morphological and nutrient traits: Evidence of multidimensional root traits. Special Focus on Functional Traits Along A Transect 32(1): 29-39.']
Length: 2, dtype: str",Populus,cathayana,Salicaceae,Malpighiales
Populus deltoides,-1.3741855298226626,4.468836545016303,"<ArrowStringArray>
[' Valverde-Barrantes OJ, Smemo KA, Blackwood CB. 2014. Fine root morphology is phylogenetically structured, but nitrogen is related to the plant economics spectrum in temperate trees. Functional Ecology 29: 796-807.', 'Valverde et al (unpublished)']
Length: 2, dtype: str",Populus,deltoides,Salicaceae,Malpighiales
Populus koreana,-1.5373498360398465,5.251494573334607,"<ArrowStringArray>
['Wang R, Wang Q, Zhao N, Xu Z, Zhu X, Jiao C, Yu G, He N. 2018. Different phylogenetic and environmental controls of first-order root morphological and nutrient traits: Evidence of multidimensional root traits. Special Focus on Functional Traits Along A Transect 32(1): 29-39.']
Length: 1, dtype: str",Populus,koreana,Salicaceae,Malpighiales
Populus tremula,-1.736009111122361,5.796687139386251,"<ArrowStringArray>
['Hajek P, Hertel D, Leuschner C. 2014. Root order- and root age-dependent response of two poplar species to belowground competition. Plant Soil 337:337-355.']
Length: 1, dtype: str",Populus,tremula,Salicaceae,Malpighiales
Populus tremuloides,-1.6094379124341003,3.904343594084277,"<ArrowStringArray>
['Zadworny M, Eissenstat DM. 2011. Contrasting the morphology, anatomy and fungal colonization of new pioneer and fibrous roots. New Phytologist 190:213-221.', 'McCormack ML, Adams TS, Smithwick EAH, Eissenstat DM. 2012. Predicting fine root lifespan from plant functional traits in temperate trees. New Phytologist 195:823-831.']
Length: 2, dtype: str",Populus,tremuloides,Salicaceae,Malpighiales
Populus trichocarpa,-1.9162996216143233,5.79136831956124,"<ArrowStringArray>
['Hajek P, Hertel D, Leuschner C. 2014. Root order- and root age-dependent response of two poplar species to belowground competition. Plant Soil 337:337-355.']
Length: 1, dtype: str",Populus,trichocarpa,Salicaceae,Malpighiales
Prunus alabamensis,-1.6424777665123005,4.963876121865704,"<ArrowStringArray>
['Wang R, Wang Q, Zhao N, Xu Z, Zhu X, Jiao C, Yu G, He N. 2018. Different phylogenetic and environmental controls of first-order root morphological and nutrient traits: Evidence of multidimensional root traits. Special Focus on Functional Traits Along A Transect 32(1): 29-39.']
Length: 1, dtype: str",Prunus,alabamensis,Rosaceae,Rosales
Prunus armeniaca,-0.8141855089370014,3.518862936047514,"<ArrowStringArray>
['Wang R, Wang Q, Zhao N, Xu Z, Zhu X, Jiao C, Yu G, He N. 2018. Different phylogenetic and environmental controls of first-order root morphological and nutrient traits: Evidence of multidimensional root traits. Special Focus on Functional Traits Along A Transect 32(1): 29-39.']
Length: 1, dtype: str",Prunus,armeniaca,Rosaceae,Rosales
Prunus avium,-1.6066293601120614,4.956418997863008,"<ArrowStringArray>
['Wang R, Wang Q, Zhao N, Xu Z, Zhu X, Jiao C, Yu G, He N. 2018. Different phylogenetic and environmental controls of first-order root morphological and nutrient traits: Evidence of multidimensional root traits. Special Focus on Functional Traits Along A Transect 32(1): 29-39.']
Length: 1, dtype: str",Prunus,avium,Rosaceae,Rosales
Prunus padus,-1.9166426513747452,5.50616332770253,"<ArrowStringArray>
['Wang R, Wang Q, Zhao N, Xu Z, Zhu X, Jiao C, Yu G, He N. 2018. Different phylogenetic and environmental controls of first-order root morphological and nutrient traits: Evidence of multidimensional root traits. Special Focus on Functional Traits Along A Transect 32(1): 29-39.']
Length: 1, dtype: str",Prunus,padus,Rosaceae,Rosales
Prunus persica,-1.9207298505250152,4.334166494167092,"<ArrowStringArray>
['Lavely EL, Chen W, Peterson KA, Klodd AE, Volder E, Marini RP, Eissenstat D. 2020. On characterizing root function in perennial horticultural crops. American Journal of Botany']
Length: 1, dtype: str",Prunus,persica,Rosaceae,Rosales
Prunus sargentii,-1.8415134857539672,4.399899946952382,"<ArrowStringArray>
[' Valverde-Barrantes OJ, Smemo KA, Blackwood CB. 2014. Fine root morphology is phylogenetically structured, but nitrogen is related to the plant economics spectrum in temperate trees. Functional Ecology 29: 796-807.', 'Valverde et al (unpublished)']
Length: 2, dtype: str",Prunus,sargentii,Rosaceae,Rosales
Prunus sibirica,-1.4765528573907178,4.701501623222388,"<ArrowStringArray>
['Shi W, Wang ZQ, Liu JL, Gu JC, Guo DL. 2008. Fine root morphology of twenty hardwood species in Maoershan Natural Secondary Forest in Northeastern China. Journal of Plant Ecology (Chinese Version) 32: 1217-1226.']
Length: 1, dtype: str",Prunus,sibirica,Rosaceae,Rosales
Psychotria asiatica,-1.5670970719445754,4.474935068958718,"<ArrowStringArray>
['Kong D, Ma C, Zhang Q, Li L, Chen X, Zeng H, Guo D. 2014. Leading dimensions in absorptive root trait variation across 96 subtropical forest species. New Phytologist 203: 863-872.', 'Wang R, Wang Q, Zhao N, Xu Z, Zhu X, Jiao C, Yu G, He N. 2018. Different phylogenetic and environmental controls of first-order root morphological and nutrient traits: Evidence of multidimensional root traits. Special Focus on Functional Traits Along A Transect 32(1): 29-39.']
Length: 2, dtype: str",Psychotria,asiatica,Rubiaceae,Gentianales
Pteridium aquilinum,-1.3819040128185978,4.6935390431844075,"<ArrowStringArray>
['Wang R, Wang Q, Zhao N, Xu Z, Zhu X, Jiao C, Yu G, He N. 2018. Different phylogenetic and environmental controls of first-order root morphological and nutrient traits: Evidence of multidimensional root traits. Special Focus on Functional Traits Along A Transect 32(1): 29-39.']
Length: 1, dtype: str",Pteridium,aquilinum,Dennstaedtiaceae,Polypodiales
Pterospermum acerifolium,-1.2703263048759572,3.2449333591874905,"<ArrowStringArray>
['Kong D, Ma C, Zhang Q, Li L, Chen X, Zeng H, Guo D. 2014. Leading dimensions in absorptive root trait variation across 96 subtropical forest species. New Phytologist 203: 863-872.']
Length: 1, dtype: str",Pterospermum,acerifolium,Malvaceae,Malvales
Pyrus betulifolia,-0.7421504359316949,2.872843822791624,"<ArrowStringArray>
['Chen W, Zeng H, Eissenstat DM, Guo D. 2013. Variation of first-order root traits across climatic gradients and evolutionary trends in geological time. Global Ecology and Biogeography 22: 846-856.']
Length: 1, dtype: str",Pyrus,betulifolia,Rosaceae,Rosales
Quercus alba,-1.7719568419318754,4.291417885803127,"<ArrowStringArray>
['McCormack ML, Adams TS, Smithwick EAH, Eissenstat DM. 2012. Predicting fine root lifespan from plant functional traits in temperate trees. New Phytologist 195:823-831.', 'Pregitzer KS, DeForest JL, Burton AJ, Allen MF, Ruess RW, Hendrick RL. 2002. Fine root architecture of nine North American trees. Ecological Monographs 72: 293-309.']
Length: 2, dtype: str",Quercus,alba,Fagaceae,Fagales
Quercus aliena,-1.744729564835804,4.617689267645409,"<ArrowStringArray>
['Chen W, Zeng H, Eissenstat DM, Guo D. 2013. Variation of first-order root traits across climatic gradients and evolutionary trends in geological time. Global Ecology and Biogeography 22: 846-856.', 'Wang R, Wang Q, Zhao N, Xu Z, Zhu X, Jiao C, Yu G, He N. 2018. Different phylogenetic and environmental controls of first-order root morphological and nutrient traits: Evidence of multidimensional root traits. Special Focus on Functional Traits Along A Transect 32(1): 29-39.']
Length: 2, dtype: str",Quercus,aliena,Fagaceae,Fagales
Quercus asymmetrica,-1.0583152319035727,3.810654511039857,"<ArrowStringArray>
['Kong D, Ma C, Zhang Q, Li L, Chen X, Zeng H, Guo D. 2014. Leading dimensions in absorptive root trait variation across 96 subtropical forest species. New Phytologist 203: 863-872.']
Length: 1, dtype: str",Quercus,asymmetrica,Fagaceae,Fagales
Quercus mongolica,-1.5231202030595645,4.597080072390454,"<ArrowStringArray>
['Shi W, Wang ZQ, Liu JL, Gu JC, Guo DL. 2008. Fine root morphology of twenty hardwood species in Maoershan Natural Secondary Forest in Northeastern China. Journal of Plant Ecology (Chinese Version) 32: 1217-1226.', 'Wang R, Wang Q, Zhao N, Xu Z, Zhu X, Jiao C, Yu G, He N. 2018. Different phylogenetic and environmental controls of first-order root morphological and nutrient traits: Evidence of multidimensional root traits. Special Focus on Functional Traits Along A Transect 32(1): 29-39.']
Length: 2, dtype: str",Quercus,mongolica,Fagaceae,Fagales
Quercus multinervis,-1.4628514838420459,4.345563147836171,"<ArrowStringArray>
['Wang R, Wang Q, Zhao N, Xu Z, Zhu X, Jiao C, Yu G, He N. 2018. Different phylogenetic and environmental controls of first-order root morphological and nutrient traits: Evidence of multidimensional root traits. Special Focus on Functional Traits Along A Transect 32(1): 29-39.']
Length: 1, dtype: str",Quercus,multinervis,Fagaceae,Fagales
Quercus oxyodon,-1.7080159257951957,5.158334149593464,"<ArrowStringArray>
['Wang R, Wang Q, Zhao N, Xu Z, Zhu X, Jiao C, Yu G, He N. 2018. Different phylogenetic and environmental controls of first-order root morphological and nutrient traits: Evidence of multidimensional root traits. Special Focus on Functional Traits Along A Transect 32(1): 29-39.']
Length: 1, dtype: str",Quercus,oxyodon,Fagaceae,Fagales
Quercus robur,-1.4639744985838203,3.5859468125793654,"<ArrowStringArray>
[' Zadworny M, McCormack ML, Rawlik K, Jagodzinski AM. 2015. Seasonal variation in chemistry, but not morphology, in roots of Quercus robur growing in different soil types. Tree Physiology 35: 644-652.']
Length: 1, dtype: str",Quercus,robur,Fagaceae,Fagales
Quercus rubra,-1.791759469228055,4.161951288268011,"<ArrowStringArray>
['McCormack ML, Adams TS, Smithwick EAH, Eissenstat DM. 2012. Predicting fine root lifespan from plant functional traits in temperate trees. New Phytologist 195:823-831.']
Length: 1, dtype: str",Quercus,rubra,Fagaceae,Fagales
Quercus serrata,-1.6972450605110259,4.854558315702191,"<ArrowStringArray>
['Wang R, Wang Q, Zhao N, Xu Z, Zhu X, Jiao C, Yu G, He N. 2018. Different phylogenetic and environmental controls of first-order root morphological and nutrient traits: Evidence of multidimensional root traits. Special Focus on Functional Traits Along A Transect 32(1): 29-39.']
Length: 1, dtype: str",Quercus,serrata,Fagaceae,Fagales
Quercus variabilis,-1.968788933876298,4.384073327019456,"<ArrowStringArray>
['Chen W, Zeng H, Eissenstat DM, Guo D. 2013. Variation of first-order root traits across climatic gradients and evolutionary trends in geological time. Global Ecology and Biogeography 22: 846-856.']
Length: 1, dtype: str",Quercus,variabilis,Fagaceae,Fagales
Quercus wutaishanica,-1.245372950897588,4.012031738872642,"<ArrowStringArray>
['Chen W, Zeng H, Eissenstat DM, Guo D. 2013. Variation of first-order root traits across climatic gradients and evolutionary trends in geological time. Global Ecology and Biogeography 22: 846-856.', 'Wang R, Wang Q, Zhao N, Xu Z, Zhu X, Jiao C, Yu G, He N. 2018. Different phylogenetic and environmental controls of first-order root morphological and nutrient traits: Evidence of multidimensional root traits. Special Focus on Functional Traits Along A Transect 32(1): 29-39.']
Length: 2, dtype: str",Quercus,wutaishanica,Fagaceae,Fagales
Rhamnus davurica,-1.7120245012092015,5.19709489569434,"<ArrowStringArray>
['Wang R, Wang Q, Zhao N, Xu Z, Zhu X, Jiao C, Yu G, He N. 2018. Different phylogenetic and environmental controls of first-order root morphological and nutrient traits: Evidence of multidimensional root traits. Special Focus on Functional Traits Along A Transect 32(1): 29-39.']
Length: 1, dtype: str",Rhamnus,davurica,Rhamnaceae,Rosales
Rhaphiolepis indica,-1.932332740641626,4.463491407656154,"<ArrowStringArray>
['Kong D, Ma C, Zhang Q, Li L, Chen X, Zeng H, Guo D. 2014. Leading dimensions in absorptive root trait variation across 96 subtropical forest species. New Phytologist 203: 863-872.']
Length: 1, dtype: str",Rhaphiolepis,indica,Rosaceae,Rosales
Rhododendron hypoglaucum,-1.9471859625593653,5.096447499700531,"<ArrowStringArray>
['Wang R, Wang Q, Zhao N, Xu Z, Zhu X, Jiao C, Yu G, He N. 2018. Different phylogenetic and environmental controls of first-order root morphological and nutrient traits: Evidence of multidimensional root traits. Special Focus on Functional Traits Along A Transect 32(1): 29-39.']
Length: 1, dtype: str",Rhododendron,hypoglaucum,Ericaceae,Ericales
Rhodoleia championii,-1.1874435023747254,3.8406558890797298,"<ArrowStringArray>
['Chen W, Zeng H, Eissenstat DM, Guo D. 2013. Variation of first-order root traits across climatic gradients and evolutionary trends in geological time. Global Ecology and Biogeography 22: 846-856.']
Length: 1, dtype: str",Rhodoleia,championii,Hamamelidaceae,Saxifragales
Rosa acicularis,-1.2337449626596062,4.022385435031041,"<ArrowStringArray>
['Wang R, Wang Q, Zhao N, Xu Z, Zhu X, Jiao C, Yu G, He N. 2018. Different phylogenetic and environmental controls of first-order root morphological and nutrient traits: Evidence of multidimensional root traits. Special Focus on Functional Traits Along A Transect 32(1): 29-39.']
Length: 1, dtype: str",Rosa,acicularis,Rosaceae,Rosales
Rosa xanthina,-1.6906479678596436,5.22768711832685,"<ArrowStringArray>
['Wang R, Wang Q, Zhao N, Xu Z, Zhu X, Jiao C, Yu G, He N. 2018. Different phylogenetic and environmental controls of first-order root morphological and nutrient traits: Evidence of multidimensional root traits. Special Focus on Functional Traits Along A Transect 32(1): 29-39.']
Length: 1, dtype: str",Rosa,xanthina,Rosaceae,Rosales
Rubus crataegifolius,-1.8898134097034431,5.64788850177962,"<ArrowStringArray>
['Wang R, Wang Q, Zhao N, Xu Z, Zhu X, Jiao C, Yu G, He N. 2018. Different phylogenetic and environmental controls of first-order root morphological and nutrient traits: Evidence of multidimensional root traits. Special Focus on Functional Traits Along A Transect 32(1): 29-39.']
Length: 1, dtype: str",Rubus,crataegifolius,Rosaceae,Rosales
Rubus idaeus,-1.708982042770487,5.145917113662598,"<ArrowStringArray>
['Wang R, Wang Q, Zhao N, Xu Z, Zhu X, Jiao C, Yu G, He N. 2018. Different phylogenetic and environmental controls of first-order root morphological and nutrient traits: Evidence of multidimensional root traits. Special Focus on Functional Traits Along A Transect 32(1): 29-39.']
Length: 1, dtype: str",Rubus,idaeus,Rosaceae,Rosales
Rubus irritans,-1.731605546408308,5.260971191549772,"<ArrowStringArray>
['Wang R, Wang Q, Zhao N, Xu Z, Zhu X, Jiao C, Yu G, He N. 2018. Different phylogenetic and environmental controls of first-order root morphological and nutrient traits: Evidence of multidimensional root traits. Special Focus on Functional Traits Along A Transect 32(1): 29-39.']
Length: 1, dtype: str",Rubus,irritans,Rosaceae,Rosales
Rubus rosifolius,-2.1346726844885096,5.766636300616433,"<ArrowStringArray>
['Wang R, Wang Q, Zhao N, Xu Z, Zhu X, Jiao C, Yu G, He N. 2018. Different phylogenetic and environmental controls of first-order root morphological and nutrient traits: Evidence of multidimensional root traits. Special Focus on Functional Traits Along A Transect 32(1): 29-39.']
Length: 1, dtype: str",Rubus,rosifolius,Rosaceae,Rosales
Salix caprea,-2.1647526195430937,4.840606305943966,"<ArrowStringArray>
['Chen W, Zeng H, Eissenstat DM, Guo D. 2013. Variation of first-order root traits across climatic gradients and evolutionary trends in geological time. Global Ecology and Biogeography 22: 846-856.']
Length: 1, dtype: str",Salix,caprea,Salicaceae,Malpighiales
Salix gordejevii,-1.9661128563728327,5.255879483850069,"<ArrowStringArray>
['Huang G, Zhao  X-Y, Zhao H-L, Huang Y-X, Zuo X-A. 2010. Linking root morphology, longevity and function to root branch order: a case study in three shrubs. Plant Soil 336: 197-208.']
Length: 1, dtype: str",Salix,gordejevii,Salicaceae,Malpighiales
Salix pierotii,-1.4975478730892593,5.140414486095638,"<ArrowStringArray>
['Shi W, Wang ZQ, Liu JL, Gu JC, Guo DL. 2008. Fine root morphology of twenty hardwood species in Maoershan Natural Secondary Forest in Northeastern China. Journal of Plant Ecology (Chinese Version) 32: 1217-1226.']
Length: 1, dtype: str",Salix,pierotii,Salicaceae,Malpighiales
Salix raddeana,-2.11279152136139,5.802261266376117,"<ArrowStringArray>
['Wang R, Wang Q, Zhao N, Xu Z, Zhu X, Jiao C, Yu G, He N. 2018. Different phylogenetic and environmental controls of first-order root morphological and nutrient traits: Evidence of multidimensional root traits. Special Focus on Functional Traits Along A Transect 32(1): 29-39.']
Length: 1, dtype: str",Salix,raddeana,Salicaceae,Malpighiales
Salix viminalis,-1.9608886690906258,5.764240858969673,"<ArrowStringArray>
['Wang R, Wang Q, Zhao N, Xu Z, Zhu X, Jiao C, Yu G, He N. 2018. Different phylogenetic and environmental controls of first-order root morphological and nutrient traits: Evidence of multidimensional root traits. Special Focus on Functional Traits Along A Transect 32(1): 29-39.']
Length: 1, dtype: str",Salix,viminalis,Salicaceae,Malpighiales
Salvia chinensis,-1.8375940055718543,5.797148617256237,"<ArrowStringArray>
['Wang R, Wang Q, Zhao N, Xu Z, Zhu X, Jiao C, Yu G, He N. 2018. Different phylogenetic and environmental controls of first-order root morphological and nutrient traits: Evidence of multidimensional root traits. Special Focus on Functional Traits Along A Transect 32(1): 29-39.']
Length: 1, dtype: str",Salvia,chinensis,Lamiaceae,Lamiales
Sambucus williamsii,-1.14348459495051,4.858619698797443,"<ArrowStringArray>
['Chen W, Zeng H, Eissenstat DM, Guo D. 2013. Variation of first-order root traits across climatic gradients and evolutionary trends in geological time. Global Ecology and Biogeography 22: 846-856.', 'Wang R, Wang Q, Zhao N, Xu Z, Zhu X, Jiao C, Yu G, He N. 2018. Different phylogenetic and environmental controls of first-order root morphological and nutrient traits: Evidence of multidimensional root traits. Special Focus on Functional Traits Along A Transect 32(1): 29-39.']
Length: 2, dtype: str",Sambucus,williamsii,Adoxaceae,Dipsacales
Sanguisorba officinalis,-0.9260254609710522,3.902578546600146,"<ArrowStringArray>
['Chen W, Zeng H, Eissenstat DM, Guo D. 2013. Variation of first-order root traits across climatic gradients and evolutionary trends in geological time. Global Ecology and Biogeography 22: 846-856.']
Length: 1, dtype: str",Sanguisorba,officinalis,Rosaceae,Rosales
Sanicula orthacantha,-1.6361669721761247,5.021999850863013,"<ArrowStringArray>
['Wang R, Wang Q, Zhao N, Xu Z, Zhu X, Jiao C, Yu G, He N. 2018. Different phylogenetic and environmental controls of first-order root morphological and nutrient traits: Evidence of multidimensional root traits. Special Focus on Functional Traits Along A Transect 32(1): 29-39.']
Length: 1, dtype: str",Sanicula,orthacantha,Apiaceae,Apiales
Saprosma ternatum,-1.9306078290468707,4.761746493030188,"<ArrowStringArray>
['Kong D, Ma C, Zhang Q, Li L, Chen X, Zeng H, Guo D. 2014. Leading dimensions in absorptive root trait variation across 96 subtropical forest species. New Phytologist 203: 863-872.']
Length: 1, dtype: str",Saprosma,ternatum,Rubiaceae,Gentianales
Sarcandra glabra,-0.6918563140866899,3.4173372896126404,"<ArrowStringArray>
['Wang R, Wang Q, Zhao N, Xu Z, Zhu X, Jiao C, Yu G, He N. 2018. Different phylogenetic and environmental controls of first-order root morphological and nutrient traits: Evidence of multidimensional root traits. Special Focus on Functional Traits Along A Transect 32(1): 29-39.']
Length: 1, dtype: str",Sarcandra,glabra,Chloranthaceae,Chloranthales
Sassafras albidum,-0.6044815872076233,2.8023645316374526,"<ArrowStringArray>
[' Valverde-Barrantes OJ, Smemo KA, Blackwood CB. 2014. Fine root morphology is phylogenetically structured, but nitrogen is related to the plant economics spectrum in temperate trees. Functional Ecology 29: 796-807.',
                                                'McCormack ML, Adams TS, Smithwick EAH, Eissenstat DM. 2012. Predicting fine root lifespan from plant functional traits in temperate trees. New Phytologist 195:823-831.',
                                                                                                                                                                                           'Valverde et al (unpublished)']
Length: 3, dtype: str",Sassafras,albidum,Lauraceae,Laurales
Saussurea amurensis,-1.6039529822035308,5.5051756973674,"<ArrowStringArray>
['Wang R, Wang Q, Zhao N, Xu Z, Zhu X, Jiao C, Yu G, He N. 2018. Different phylogenetic and environmental controls of first-order root morphological and nutrient traits: Evidence of multidimensional root traits. Special Focus on Functional Traits Along A Transect 32(1): 29-39.']
Length: 1, dtype: str",Saussurea,amurensis,Asteraceae,Asterales
Saussurea mongolica,-1.5260163042950279,5.015324960401109,"<ArrowStringArray>
['Wang R, Wang Q, Zhao N, Xu Z, Zhu X, Jiao C, Yu G, He N. 2018. Different phylogenetic and environmental controls of first-order root morphological and nutrient traits: Evidence of multidimensional root traits. Special Focus on Functional Traits Along A Transect 32(1): 29-39.']
Length: 1, dtype: str",Saussurea,mongolica,Asteraceae,Asterales
Saussurea nivea,-1.3178883284558303,4.7660689036512505,"<ArrowStringArray>
['Wang R, Wang Q, Zhao N, Xu Z, Zhu X, Jiao C, Yu G, He N. 2018. Different phylogenetic and environmental controls of first-order root morphological and nutrient traits: Evidence of multidimensional root traits. Special Focus on Functional Traits Along A Transect 32(1): 29-39.']
Length: 1, dtype: str",Saussurea,nivea,Asteraceae,Asterales
Schefflera heptaphylla,-1.3072983548933927,5.059335988231617,"<ArrowStringArray>
['Wang R, Wang Q, Zhao N, Xu Z, Zhu X, Jiao C, Yu G, He N. 2018. Different phylogenetic and environmental controls of first-order root morphological and nutrient traits: Evidence of multidimensional root traits. Special Focus on Functional Traits Along A Transect 32(1): 29-39.']
Length: 1, dtype: str",Schefflera,heptaphylla,Araliaceae,Apiales
Schefflera minutistellata,-1.1007245178543839,3.635214929528243,"<ArrowStringArray>
['Kong D, Ma C, Zhang Q, Li L, Chen X, Zeng H, Guo D. 2014. Leading dimensions in absorptive root trait variation across 96 subtropical forest species. New Phytologist 203: 863-872.']
Length: 1, dtype: str",Schefflera,minutistellata,Araliaceae,Apiales
Schima superba,-1.5822552319060437,4.9393758659092235,"<ArrowStringArray>
['Liu B, Li H, Zhu B, Koide RT, Eissenstat DM, Guo D. 2015. Complementarity between roots and AM fungi in nutrient foraging strategies. New Phytologist 208: 125-136.', 'Wang R, Wang Q, Zhao N, Xu Z, Zhu X, Jiao C, Yu G, He N. 2018. Different phylogenetic and environmental controls of first-order root morphological and nutrient traits: Evidence of multidimensional root traits. Special Focus on Functional Traits Along A Transect 32(1): 29-39.']
Length: 2, dtype: str",Schima,superba,Theaceae,Ericales
Schima wallichii,-1.4276998591785621,4.58934563564112,"<ArrowStringArray>
['Kong D, Ma C, Zhang Q, Li L, Chen X, Zeng H, Guo D. 2014. Leading dimensions in absorptive root trait variation across 96 subtropical forest species. New Phytologist 203: 863-872.']
Length: 1, dtype: str",Schima,wallichii,Theaceae,Ericales
Schoepfia jasminodora,-1.6557436653106117,4.400389762662409,"<ArrowStringArray>
['Wang R, Wang Q, Zhao N, Xu Z, Zhu X, Jiao C, Yu G, He N. 2018. Different phylogenetic and environmental controls of first-order root morphological and nutrient traits: Evidence of multidimensional root traits. Special Focus on Functional Traits Along A Transect 32(1): 29-39.']
Length: 1, dtype: str",Schoepfia,jasminodora,Schoepfiaceae,Santalales
Smilax trinervula,-1.1739827035212294,4.697894312108901,"<ArrowStringArray>
['Wang R, Wang Q, Zhao N, Xu Z, Zhu X, Jiao C, Yu G, He N. 2018. Different phylogenetic and environmental controls of first-order root morphological and nutrient traits: Evidence of multidimensional root traits. Special Focus on Functional Traits Along A Transect 32(1): 29-39.']
Length: 1, dtype: str",Smilax,trinervula,Smilacaceae,Liliales
Solidago decurrens,-1.3934196860624792,5.312633154910845,"<ArrowStringArray>
['Wang R, Wang Q, Zhao N, Xu Z, Zhu X, Jiao C, Yu G, He N. 2018. Different phylogenetic and environmental controls of first-order root morphological and nutrient traits: Evidence of multidimensional root traits. Special Focus on Functional Traits Along A Transect 32(1): 29-39.']
Length: 1, dtype: str",Solidago,decurrens,Asteraceae,Asterales
Sorbus aucuparia,-1.6193553480283234,4.090652672911127,"<ArrowStringArray>
['Chen W, Zeng H, Eissenstat DM, Guo D. 2013. Variation of first-order root traits across climatic gradients and evolutionary trends in geological time. Global Ecology and Biogeography 22: 846-856.']
Length: 1, dtype: str",Sorbus,aucuparia,Rosaceae,Rosales
Sorbus discolor,-1.5904934964331625,4.795288438983798,"<ArrowStringArray>
['Wang R, Wang Q, Zhao N, Xu Z, Zhu X, Jiao C, Yu G, He N. 2018. Different phylogenetic and environmental controls of first-order root morphological and nutrient traits: Evidence of multidimensional root traits. Special Focus on Functional Traits Along A Transect 32(1): 29-39.']
Length: 1, dtype: str",Sorbus,discolor,Rosaceae,Rosales
Spiraea dahurica,-2.101550554639839,5.672998477663331,"<ArrowStringArray>
['Wang R, Wang Q, Zhao N, Xu Z, Zhu X, Jiao C, Yu G, He N. 2018. Different phylogenetic and environmental controls of first-order root morphological and nutrient traits: Evidence of multidimensional root traits. Special Focus on Functional Traits Along A Transect 32(1): 29-39.']
Length: 1, dtype: str",Spiraea,dahurica,Rosaceae,Rosales
Spiraea pubescens,-0.9885926436295602,5.011736909095579,"<ArrowStringArray>
['Wang R, Wang Q, Zhao N, Xu Z, Zhu X, Jiao C, Yu G, He N. 2018. Different phylogenetic and environmental controls of first-order root morphological and nutrient traits: Evidence of multidimensional root traits. Special Focus on Functional Traits Along A Transect 32(1): 29-39.']
Length: 1, dtype: str",Spiraea,pubescens,Rosaceae,Rosales
Sterculia lanceolata,-1.4071979262257608,4.586304361684933,"<ArrowStringArray>
['Kong D, Ma C, Zhang Q, Li L, Chen X, Zeng H, Guo D. 2014. Leading dimensions in absorptive root trait variation across 96 subtropical forest species. New Phytologist 203: 863-872.', 'Wang R, Wang Q, Zhao N, Xu Z, Zhu X, Jiao C, Yu G, He N. 2018. Different phylogenetic and environmental controls of first-order root morphological and nutrient traits: Evidence of multidimensional root traits. Special Focus on Functional Traits Along A Transect 32(1): 29-39.']
Length: 2, dtype: str",Sterculia,lanceolata,Malvaceae,Malvales
Sterculia nobilis,-1.387284951592667,4.567675981560511,"<ArrowStringArray>
['Chen W, Zeng H, Eissenstat DM, Guo D. 2013. Variation of first-order root traits across climatic gradients and evolutionary trends in geological time. Global Ecology and Biogeography 22: 846-856.']
Length: 1, dtype: str",Sterculia,nobilis,Malvaceae,Malvales
Strobilanthes dimorphotricha,-1.3137876703331426,4.915893556164899,"<ArrowStringArray>
['Wang R, Wang Q, Zhao N, Xu Z, Zhu X, Jiao C, Yu G, He N. 2018. Different phylogenetic and environmental controls of first-order root morphological and nutrient traits: Evidence of multidimensional root traits. Special Focus on Functional Traits Along A Transect 32(1): 29-39.']
Length: 1, dtype: str",Strobilanthes,dimorphotricha,Acanthaceae,Lamiales
Strobilanthes villosum,-1.461209304941529,5.23327101995561,"<ArrowStringArray>
['Wang R, Wang Q, Zhao N, Xu Z, Zhu X, Jiao C, Yu G, He N. 2018. Different phylogenetic and environmental controls of first-order root morphological and nutrient traits: Evidence of multidimensional root traits. Special Focus on Functional Traits Along A Transect 32(1): 29-39.']
Length: 1, dtype: str",Strobilanthes,villosum,Acanthaceae,Lamiales
Styphnolobium japonicum,-1.2579213752280378,3.6059748835478986,"<ArrowStringArray>
[' Valverde-Barrantes OJ, Smemo KA, Blackwood CB. 2014. Fine root morphology is phylogenetically structured, but nitrogen is related to the plant economics spectrum in temperate trees. Functional Ecology 29: 796-807.', 'Valverde et al (unpublished)']
Length: 2, dtype: str",Styphnolobium,japonicum,Fabaceae,Fabales
Styrax suberifolius,-1.27421645771454,3.997357668802149,"<ArrowStringArray>
['Wang R, Wang Q, Zhao N, Xu Z, Zhu X, Jiao C, Yu G, He N. 2018. Different phylogenetic and environmental controls of first-order root morphological and nutrient traits: Evidence of multidimensional root traits. Special Focus on Functional Traits Along A Transect 32(1): 29-39.']
Length: 1, dtype: str",Styrax,suberifolius,Styracaceae,Ericales
Syringa reticulata,-1.4476489026379078,4.767641232081141,"<ArrowStringArray>
[                                                             ' Valverde-Barrantes OJ, Smemo KA, Blackwood CB. 2014. Fine root morphology is phylogenetically structured, but nitrogen is related to the plant economics spectrum in temperate trees. Functional Ecology 29: 796-807.',
                                                                                 'Chen W, Zeng H, Eissenstat DM, Guo D. 2013. Variation of first-order root traits across climatic gradients and evolutionary trends in geological time. Global Ecology and Biogeography 22: 846-856.',
                                                                                                                                                                                                                                                        'Valverde et al (unpublished)',
 'Wang R, Wang Q, Zhao N, Xu Z, Zhu X, Jiao C, Yu G, He N. 2018. Different phylogenetic and environmental controls of first-order root morphological and nutrient traits: Evidence of multidimensional root traits. Special Focus on Functional Traits Along A Transect 32(1): 29-39.']
Length: 4, dtype: str",Syringa,reticulata,Oleaceae,Lamiales
Syzygium acuminatissimum,-1.0788096613719298,3.8528019063502166,"<ArrowStringArray>
['Wang R, Wang Q, Zhao N, Xu Z, Zhu X, Jiao C, Yu G, He N. 2018. Different phylogenetic and environmental controls of first-order root morphological and nutrient traits: Evidence of multidimensional root traits. Special Focus on Functional Traits Along A Transect 32(1): 29-39.']
Length: 1, dtype: str",Syzygium,acuminatissimum,Myrtaceae,Myrtales
Syzygium globiflorum,-1.629079552689389,3.7106409458954492,"<ArrowStringArray>
['Kong D, Ma C, Zhang Q, Li L, Chen X, Zeng H, Guo D. 2014. Leading dimensions in absorptive root trait variation across 96 subtropical forest species. New Phytologist 203: 863-872.']
Length: 1, dtype: str",Syzygium,globiflorum,Myrtaceae,Myrtales
Syzygium hancei,-1.9681870166711393,4.548605694165069,"<ArrowStringArray>
['Kong D, Ma C, Zhang Q, Li L, Chen X, Zeng H, Guo D. 2014. Leading dimensions in absorptive root trait variation across 96 subtropical forest species. New Phytologist 203: 863-872.', 'Chen W, Zeng H, Eissenstat DM, Guo D. 2013. Variation of first-order root traits across climatic gradients and evolutionary trends in geological time. Global Ecology and Biogeography 22: 846-856.']
Length: 2, dtype: str",Syzygium,hancei,Myrtaceae,Myrtales
Syzygium jambos,-1.4927666056304074,4.971446208016166,"<ArrowStringArray>
['Wang R, Wang Q, Zhao N, Xu Z, Zhu X, Jiao C, Yu G, He N. 2018. Different phylogenetic and environmental controls of first-order root morphological and nutrient traits: Evidence of multidimensional root traits. Special Focus on Functional Traits Along A Transect 32(1): 29-39.']
Length: 1, dtype: str",Syzygium,jambos,Myrtaceae,Myrtales
Syzygium levinei,-1.9217542658442424,4.809510050898489,"<ArrowStringArray>
['Kong D, Ma C, Zhang Q, Li L, Chen X, Zeng H, Guo D. 2014. Leading dimensions in absorptive root trait variation across 96 subtropical forest species. New Phytologist 203: 863-872.', 'Chen W, Zeng H, Eissenstat DM, Guo D. 2013. Variation of first-order root traits across climatic gradients and evolutionary trends in geological time. Global Ecology and Biogeography 22: 846-856.']
Length: 2, dtype: str",Syzygium,levinei,Myrtaceae,Myrtales
Syzygium szemaoense,-1.6347557204183902,4.083806472419144,"<ArrowStringArray>
['Chen W, Zeng H, Eissenstat DM, Guo D. 2013. Variation of first-order root traits across climatic gradients and evolutionary trends in geological time. Global Ecology and Biogeography 22: 846-856.']
Length: 1, dtype: str",Syzygium,szemaoense,Myrtaceae,Myrtales
Thalictrum simplex,-1.6109390385603677,5.557027124896727,"<ArrowStringArray>
['Wang R, Wang Q, Zhao N, Xu Z, Zhu X, Jiao C, Yu G, He N. 2018. Different phylogenetic and environmental controls of first-order root morphological and nutrient traits: Evidence of multidimensional root traits. Special Focus on Functional Traits Along A Transect 32(1): 29-39.']
Length: 1, dtype: str",Thalictrum,simplex,Ranunculaceae,Ranunculales
Tilia amurensis,-1.57310598318671,4.875551748934549,"<ArrowStringArray>
['Wang R, Wang Q, Zhao N, Xu Z, Zhu X, Jiao C, Yu G, He N. 2018. Different phylogenetic and environmental controls of first-order root morphological and nutrient traits: Evidence of multidimensional root traits. Special Focus on Functional Traits Along A Transect 32(1): 29-39.']
Length: 1, dtype: str",Tilia,amurensis,Malvaceae,Malvales
Tilia cordata,-1.163224834945474,3.5012812495682604,"<ArrowStringArray>
['Kubisch P, Hertel D, Leuschner C. 2015. Do ectomycorrhizal and arbuscular mycorrhizal temperate tree species systematically differ in root order-related fine root morphology and biomass? Frontiers in Plant Science 6(64): 1-12.']
Length: 1, dtype: str",Tilia,cordata,Malvaceae,Malvales
Tilia mandshurica,-1.315749261895315,4.466575846709062,"<ArrowStringArray>
['Shi W, Wang ZQ, Liu JL, Gu JC, Guo DL. 2008. Fine root morphology of twenty hardwood species in Maoershan Natural Secondary Forest in Northeastern China. Journal of Plant Ecology (Chinese Version) 32: 1217-1226.', 'Chen W, Zeng H, Eissenstat DM, Guo D. 2013. Variation of first-order root traits across climatic gradients and evolutionary trends in geological time. Global Ecology and Biogeography 22: 846-856.']
Length: 2, dtype: str",Tilia,mandshurica,Malvaceae,Malvales
Tilia mongolica,-1.679311455527048,4.22991586656124,"<ArrowStringArray>
['Chen W, Zeng H, Eissenstat DM, Guo D. 2013. Variation of first-order root traits across climatic gradients and evolutionary trends in geological time. Global Ecology and Biogeography 22: 846-856.']
Length: 1, dtype: str",Tilia,mongolica,Malvaceae,Malvales
Tilia oliveri,-1.5751572659572675,5.008139589748644,"<ArrowStringArray>
['Wang R, Wang Q, Zhao N, Xu Z, Zhu X, Jiao C, Yu G, He N. 2018. Different phylogenetic and environmental controls of first-order root morphological and nutrient traits: Evidence of multidimensional root traits. Special Focus on Functional Traits Along A Transect 32(1): 29-39.']
Length: 1, dtype: str",Tilia,oliveri,Malvaceae,Malvales
Trachelospermum axillare,-1.2330583852210326,4.350516641221867,"<ArrowStringArray>
['Wang R, Wang Q, Zhao N, Xu Z, Zhu X, Jiao C, Yu G, He N. 2018. Different phylogenetic and environmental controls of first-order root morphological and nutrient traits: Evidence of multidimensional root traits. Special Focus on Functional Traits Along A Transect 32(1): 29-39.']
Length: 1, dtype: str",Trachelospermum,axillare,Apocynaceae,Gentianales
Ulmus americana,-1.8338913525281542,4.2734639879399925,"<ArrowStringArray>
[' Valverde-Barrantes OJ, Smemo KA, Blackwood CB. 2014. Fine root morphology is phylogenetically structured, but nitrogen is related to the plant economics spectrum in temperate trees. Functional Ecology 29: 796-807.', 'Valverde et al (unpublished)']
Length: 2, dtype: str",Ulmus,americana,Ulmaceae,Rosales
Ulmus davidiana,-1.4754319911661053,4.76263893805587,"<ArrowStringArray>
[                                                                'Shi W, Wang ZQ, Liu JL, Gu JC, Guo DL. 2008. Fine root morphology of twenty hardwood species in Maoershan Natural Secondary Forest in Northeastern China. Journal of Plant Ecology (Chinese Version) 32: 1217-1226.',
                                                                                 'Chen W, Zeng H, Eissenstat DM, Guo D. 2013. Variation of first-order root traits across climatic gradients and evolutionary trends in geological time. Global Ecology and Biogeography 22: 846-856.',
 'Wang R, Wang Q, Zhao N, Xu Z, Zhu X, Jiao C, Yu G, He N. 2018. Different phylogenetic and environmental controls of first-order root morphological and nutrient traits: Evidence of multidimensional root traits. Special Focus on Functional Traits Along A Transect 32(1): 29-39.']
Length: 3, dtype: str",Ulmus,davidiana,Ulmaceae,Rosales
Ulmus laciniata,-2.113139795401257,4.89896666181845,"<ArrowStringArray>
['Shi W, Wang ZQ, Liu JL, Gu JC, Guo DL. 2008. Fine root morphology of twenty hardwood species in Maoershan Natural Secondary Forest in Northeastern China. Journal of Plant Ecology (Chinese Version) 32: 1217-1226.']
Length: 1, dtype: str",Ulmus,laciniata,Ulmaceae,Rosales
Ulmus macrocarpa,-1.503093628335168,4.177724226979262,"<ArrowStringArray>
['Chen W, Zeng H, Eissenstat DM, Guo D. 2013. Variation of first-order root traits across climatic gradients and evolutionary trends in geological time. Global Ecology and Biogeography 22: 846-856.']
Length: 1, dtype: str",Ulmus,macrocarpa,Ulmaceae,Rosales
Ulmus pumila,-1.5314165285674806,4.741008005401787,"<ArrowStringArray>
['Shi W, Wang ZQ, Liu JL, Gu JC, Guo DL. 2008. Fine root morphology of twenty hardwood species in Maoershan Natural Secondary Forest in Northeastern China. Journal of Plant Ecology (Chinese Version) 32: 1217-1226.', 'Wang R, Wang Q, Zhao N, Xu Z, Zhu X, Jiao C, Yu G, He N. 2018. Different phylogenetic and environmental controls of first-order root morphological and nutrient traits: Evidence of multidimensional root traits. Special Focus on Functional Traits Along A Transect 32(1): 29-39.']
Length: 2, dtype: str",Ulmus,pumila,Ulmaceae,Rosales
Vaccinium corymbosum,-2.9752793675387763,6.73351651788659,"<ArrowStringArray>
['Valenzuela-Estrada LR, Vera-Caraballo V, Ruth LE, Eissenstat DM. 2008. Root anatomy, morphology, and longevity among root orders in Vaccinium corymbosum (Ericaceae). American Journal of Botany 95:1506-1514.']
Length: 1, dtype: str",Vaccinium,corymbosum,Ericaceae,Ericales
Vaccinium mandarinorum,-2.549509172973659,4.6701148746284735,"<ArrowStringArray>
['Kong D, Ma C, Zhang Q, Li L, Chen X, Zeng H, Guo D. 2014. Leading dimensions in absorptive root trait variation across 96 subtropical forest species. New Phytologist 203: 863-872.']
Length: 1, dtype: str",Vaccinium,mandarinorum,Ericaceae,Ericales
Veratrum nigrum,-1.0799868245449447,4.838767172507941,"<ArrowStringArray>
['Wang R, Wang Q, Zhao N, Xu Z, Zhu X, Jiao C, Yu G, He N. 2018. Different phylogenetic and environmental controls of first-order root morphological and nutrient traits: Evidence of multidimensional root traits. Special Focus on Functional Traits Along A Transect 32(1): 29-39.']
Length: 1, dtype: str",Veratrum,nigrum,Melanthiaceae,Liliales
Veronica spuria,-1.67825222843446,5.424579170311993,"<ArrowStringArray>
['Wang R, Wang Q, Zhao N, Xu Z, Zhu X, Jiao C, Yu G, He N. 2018. Different phylogenetic and environmental controls of first-order root morphological and nutrient traits: Evidence of multidimensional root traits. Special Focus on Functional Traits Along A Transect 32(1): 29-39.']
Length: 1, dtype: str",Veronica,spuria,Plantaginaceae,Lamiales
Viola pubescens,1.62924053973028,-0.6931471805599453,"<ArrowStringArray>
['Pregitzer KS, Kubiske ME, Yu CK, Hendrick RL. 1997. Relationships among root branch order, carbon, and nitrogen in four temperate species. Oecologia 111: 301-308.']
Length: 1, dtype: str",Viola,pubescens,Violaceae,Malpighiales
Vitis amurensis,-1.2908023796606698,4.644499902046494,"<ArrowStringArray>
['Wang R, Wang Q, Zhao N, Xu Z, Zhu X, Jiao C, Yu G, He N. 2018. Different phylogenetic and environmental controls of first-order root morphological and nutrient traits: Evidence of multidimensional root traits. Special Focus on Functional Traits Along A Transect 32(1): 29-39.']
Length: 1, dtype: str",Vitis,amurensis,Vitaceae,Vitales
Vitis vinifera,-1.920805696404654,-3.0098311979334924,"<ArrowStringArray>
['Lavely EL, Chen W, Peterson KA, Klodd AE, Volder E, Marini RP, Eissenstat D. 2020. On characterizing root function in perennial horticultural crops. American Journal of Botany']
Length: 1, dtype: str",Vitis,vinifera,Vitaceae,Vitales
Wendlandia uvariifolia,-1.4953505863963323,3.8126445614478675,"<ArrowStringArray>
['Kong D, Ma C, Zhang Q, Li L, Chen X, Zeng H, Guo D. 2014. Leading dimensions in absorptive root trait variation across 96 subtropical forest species. New Phytologist 203: 863-872.']
Length: 1, dtype: str",Wendlandia,uvariifolia,Rubiaceae,Gentianales
