binominal,root_order,RD,SRL,references,genus,species,family,order
Abelia biflora,1.0,-0.6363888467413364,3.43227790769518,"<ArrowStringArray>
['Wang R, Wang Q, Zhao N, Xu Z, Zhu X, Jiao C, Yu G, He N. 2018. Different phylogenetic and environmental controls of first-order root morphological and nutrient traits: Evidence of multidimensional root traits. Special Focus on Functional Traits Along A Transect 32(1): 29-39.']
Length: 1, dtype: str",Abelia,biflora,Caprifoliaceae,Dipsacales
Abies fargesii,1.0,-1.2913342598586361,3.422801478311455,"<ArrowStringArray>
['Pu X, Yin C, Xioa Q, Qiao M, Liu Q. 2016. Fine roots branch orders of Abies faxoniana respond differentially to warming in a subalpine coniferous forest ecosystem. Agroforestry Systems online article. doi:10.1007/s10457-016-9970-7']
Length: 1, dtype: str",Abies,fargesii,Pinaceae,Pinales
Abies nephrolepis,1.0,-0.8789147480343529,3.2975338379252603,"<ArrowStringArray>
['Wang R, Wang Q, Zhao N, Xu Z, Zhu X, Jiao C, Yu G, He N. 2018. Different phylogenetic and environmental controls of first-order root morphological and nutrient traits: Evidence of multidimensional root traits. Special Focus on Functional Traits Along A Transect 32(1): 29-39.']
Length: 1, dtype: str",Abies,nephrolepis,Pinaceae,Pinales
Acacia auriculiformis,1.0,-1.0942219403668167,4.34756458111878,"<ArrowStringArray>
['Kong D, Ma C, Zhang Q, Li L, Chen X, Zeng H, Guo D. 2014. Leading dimensions in absorptive root trait variation across 96 subtropical forest species. New Phytologist 203: 863-872.', 'Kong DL, Wang JJ, Kardol P, Wu HF, Zeng H, Deng XB, Deng Y. 2016. Economic strategies of plant absorptive roots vary with root diameter. Biogeosciences 13: 415-424.']
Length: 2, dtype: str",Acacia,auriculiformis,Fabaceae,Fabales
Acacia crassicarpa,1.0,-1.487530062200767,4.684720464746101,"<ArrowStringArray>
['Kong D, Ma C, Zhang Q, Li L, Chen X, Zeng H, Guo D. 2014. Leading dimensions in absorptive root trait variation across 96 subtropical forest species. New Phytologist 203: 863-872.']
Length: 1, dtype: str",Acacia,crassicarpa,Fabaceae,Fabales
Acacia mangium,1.0,-1.3761460300680755,4.597037202757902,"<ArrowStringArray>
['Kong D, Ma C, Zhang Q, Li L, Chen X, Zeng H, Guo D. 2014. Leading dimensions in absorptive root trait variation across 96 subtropical forest species. New Phytologist 203: 863-872.']
Length: 1, dtype: str",Acacia,mangium,Fabaceae,Fabales
Acer barbinerve,1.0,-1.3771364233351249,4.96758145600384,"<ArrowStringArray>
['Wang R, Wang Q, Zhao N, Xu Z, Zhu X, Jiao C, Yu G, He N. 2018. Different phylogenetic and environmental controls of first-order root morphological and nutrient traits: Evidence of multidimensional root traits. Special Focus on Functional Traits Along A Transect 32(1): 29-39.']
Length: 1, dtype: str",Acer,barbinerve,Sapindaceae,Sapindales
Acer campbellii,1.0,-1.6620478627063977,4.370364110801968,"<ArrowStringArray>
['Wang R, Wang Q, Zhao N, Xu Z, Zhu X, Jiao C, Yu G, He N. 2018. Different phylogenetic and environmental controls of first-order root morphological and nutrient traits: Evidence of multidimensional root traits. Special Focus on Functional Traits Along A Transect 32(1): 29-39.']
Length: 1, dtype: str",Acer,campbellii,Sapindaceae,Sapindales
Acer caudatum,1.0,-1.4677192400521906,4.452395919427671,"<ArrowStringArray>
['Shi W, Wang ZQ, Liu JL, Gu JC, Guo DL. 2008. Fine root morphology of twenty hardwood species in Maoershan Natural Secondary Forest in Northeastern China. Journal of Plant Ecology (Chinese Version) 32: 1217-1226.', 'Wang R, Wang Q, Zhao N, Xu Z, Zhu X, Jiao C, Yu G, He N. 2018. Different phylogenetic and environmental controls of first-order root morphological and nutrient traits: Evidence of multidimensional root traits. Special Focus on Functional Traits Along A Transect 32(1): 29-39.']
Length: 2, dtype: str",Acer,caudatum,Sapindaceae,Sapindales
Acer coriaceifolium,1.0,-1.4271163556401458,4.870606649492553,"<ArrowStringArray>
['Liu B, Li H, Zhu B, Koide RT, Eissenstat DM, Guo D. 2015. Complementarity between roots and AM fungi in nutrient foraging strategies. New Phytologist 208: 125-136.']
Length: 1, dtype: str",Acer,coriaceifolium,Sapindaceae,Sapindales
Acer davidii,1.0,-1.335563441435354,4.514543248584607,"<ArrowStringArray>
['Chen W, Zeng H, Eissenstat DM, Guo D. 2013. Variation of first-order root traits across climatic gradients and evolutionary trends in geological time. Global Ecology and Biogeography 22: 846-856.', 'Wang R, Wang Q, Zhao N, Xu Z, Zhu X, Jiao C, Yu G, He N. 2018. Different phylogenetic and environmental controls of first-order root morphological and nutrient traits: Evidence of multidimensional root traits. Special Focus on Functional Traits Along A Transect 32(1): 29-39.']
Length: 2, dtype: str",Acer,davidii,Sapindaceae,Sapindales
Acer fabri,1.0,-1.6989797610955957,4.926383741648665,"<ArrowStringArray>
['Liu B, Li H, Zhu B, Koide RT, Eissenstat DM, Guo D. 2015. Complementarity between roots and AM fungi in nutrient foraging strategies. New Phytologist 208: 125-136.', 'Kong D, Ma C, Zhang Q, Li L, Chen X, Zeng H, Guo D. 2014. Leading dimensions in absorptive root trait variation across 96 subtropical forest species. New Phytologist 203: 863-872.']
Length: 2, dtype: str",Acer,fabri,Sapindaceae,Sapindales
Acer negundo,1.0,-1.4842747694800944,3.7960133963209044,"<ArrowStringArray>
['McCormack ML, Adams TS, Smithwick EAH, Eissenstat DM. 2012. Predicting fine root lifespan from plant functional traits in temperate trees. New Phytologist 195:823-831.']
Length: 1, dtype: str",Acer,negundo,Sapindaceae,Sapindales
Acer pictum,1.0,-1.1592108241529209,4.461404079115766,"<ArrowStringArray>
[                                                                'Shi W, Wang ZQ, Liu JL, Gu JC, Guo DL. 2008. Fine root morphology of twenty hardwood species in Maoershan Natural Secondary Forest in Northeastern China. Journal of Plant Ecology (Chinese Version) 32: 1217-1226.',
                                                                                                                            'Razaq M, Zhang P, Shen H, Salahuddin. 2017. Influence of nitrogen and phosphorous on the growth and root morphology of Acer mono. PLoS ONE 12: e0171321.',
 'Wang R, Wang Q, Zhao N, Xu Z, Zhu X, Jiao C, Yu G, He N. 2018. Different phylogenetic and environmental controls of first-order root morphological and nutrient traits: Evidence of multidimensional root traits. Special Focus on Functional Traits Along A Transect 32(1): 29-39.']
Length: 3, dtype: str",Acer,pictum,Sapindaceae,Sapindales
Acer platanoides,1.0,-1.1155014103466747,3.3947978251119246,"<ArrowStringArray>
['Kubisch P, Hertel D, Leuschner C. 2015. Do ectomycorrhizal and arbuscular mycorrhizal temperate tree species systematically differ in root order-related fine root morphology and biomass? Frontiers in Plant Science 6(64): 1-12.']
Length: 1, dtype: str",Acer,platanoides,Sapindaceae,Sapindales
Acer pseudoplatanus,1.0,-1.3223499439271242,4.137269697670223,"<ArrowStringArray>
['Kubisch P, Hertel D, Leuschner C. 2015. Do ectomycorrhizal and arbuscular mycorrhizal temperate tree species systematically differ in root order-related fine root morphology and biomass? Frontiers in Plant Science 6(64): 1-12.']
Length: 1, dtype: str",Acer,pseudoplatanus,Sapindaceae,Sapindales
Acer rubrum,1.0,-1.3599770528025172,3.832907645412601,"<ArrowStringArray>
['McCormack ML, Adams TS, Smithwick EAH, Eissenstat DM. 2012. Predicting fine root lifespan from plant functional traits in temperate trees. New Phytologist 195:823-831.']
Length: 1, dtype: str",Acer,rubrum,Sapindaceae,Sapindales
Acer saccharum,1.0,-1.4958900398408617,3.959630610332453,"<ArrowStringArray>
[' Valverde-Barrantes OJ, Smemo KA, Blackwood CB. 2014. Fine root morphology is phylogenetically structured, but nitrogen is related to the plant economics spectrum in temperate trees. Functional Ecology 29: 796-807.',
                                                'McCormack ML, Adams TS, Smithwick EAH, Eissenstat DM. 2012. Predicting fine root lifespan from plant functional traits in temperate trees. New Phytologist 195:823-831.',
                                                   'Pregitzer KS, DeForest JL, Burton AJ, Allen MF, Ruess RW, Hendrick RL. 2002. Fine root architecture of nine North American trees. Ecological Monographs 72: 293-309.',
                                                                                                                                                                                           'Valverde et al (unpublished)']
Length: 4, dtype: str",Acer,saccharum,Sapindaceae,Sapindales
Acer tataricum,1.0,-1.5155295123913795,4.876593896355516,"<ArrowStringArray>
['Shi W, Wang ZQ, Liu JL, Gu JC, Guo DL. 2008. Fine root morphology of twenty hardwood species in Maoershan Natural Secondary Forest in Northeastern China. Journal of Plant Ecology (Chinese Version) 32: 1217-1226.', 'Wang R, Wang Q, Zhao N, Xu Z, Zhu X, Jiao C, Yu G, He N. 2018. Different phylogenetic and environmental controls of first-order root morphological and nutrient traits: Evidence of multidimensional root traits. Special Focus on Functional Traits Along A Transect 32(1): 29-39.']
Length: 2, dtype: str",Acer,tataricum,Sapindaceae,Sapindales
Acer tegmentosum,1.0,-1.163794021421928,4.450033256242896,"<ArrowStringArray>
['Shi W, Wang ZQ, Liu JL, Gu JC, Guo DL. 2008. Fine root morphology of twenty hardwood species in Maoershan Natural Secondary Forest in Northeastern China. Journal of Plant Ecology (Chinese Version) 32: 1217-1226.', 'Wang R, Wang Q, Zhao N, Xu Z, Zhu X, Jiao C, Yu G, He N. 2018. Different phylogenetic and environmental controls of first-order root morphological and nutrient traits: Evidence of multidimensional root traits. Special Focus on Functional Traits Along A Transect 32(1): 29-39.']
Length: 2, dtype: str",Acer,tegmentosum,Sapindaceae,Sapindales
Acer triflorum,1.0,-1.452006904485272,4.70622041830678,"<ArrowStringArray>
['Wang R, Wang Q, Zhao N, Xu Z, Zhu X, Jiao C, Yu G, He N. 2018. Different phylogenetic and environmental controls of first-order root morphological and nutrient traits: Evidence of multidimensional root traits. Special Focus on Functional Traits Along A Transect 32(1): 29-39.']
Length: 1, dtype: str",Acer,triflorum,Sapindaceae,Sapindales
Acer truncatum,1.0,-1.3578264410526426,4.081728383535411,"<ArrowStringArray>
['Chen W, Zeng H, Eissenstat DM, Guo D. 2013. Variation of first-order root traits across climatic gradients and evolutionary trends in geological time. Global Ecology and Biogeography 22: 846-856.']
Length: 1, dtype: str",Acer,truncatum,Sapindaceae,Sapindales
Acronychia pedunculata,1.0,-1.2423152366141288,4.43844831886184,"<ArrowStringArray>
['Kong D, Ma C, Zhang Q, Li L, Chen X, Zeng H, Guo D. 2014. Leading dimensions in absorptive root trait variation across 96 subtropical forest species. New Phytologist 203: 863-872.', 'Chen W, Zeng H, Eissenstat DM, Guo D. 2013. Variation of first-order root traits across climatic gradients and evolutionary trends in geological time. Global Ecology and Biogeography 22: 846-856.']
Length: 2, dtype: str",Acronychia,pedunculata,Rutaceae,Sapindales
Actaea cimicifuga,1.0,-1.3203193721963578,4.763139807722203,"<ArrowStringArray>
['Wang R, Wang Q, Zhao N, Xu Z, Zhu X, Jiao C, Yu G, He N. 2018. Different phylogenetic and environmental controls of first-order root morphological and nutrient traits: Evidence of multidimensional root traits. Special Focus on Functional Traits Along A Transect 32(1): 29-39.']
Length: 1, dtype: str",Actaea,cimicifuga,Ranunculaceae,Ranunculales
Actinidia kolomikta,1.0,-1.4696759700589417,5.413981572847829,"<ArrowStringArray>
['Wang R, Wang Q, Zhao N, Xu Z, Zhu X, Jiao C, Yu G, He N. 2018. Different phylogenetic and environmental controls of first-order root morphological and nutrient traits: Evidence of multidimensional root traits. Special Focus on Functional Traits Along A Transect 32(1): 29-39.']
Length: 1, dtype: str",Actinidia,kolomikta,Actinidiaceae,Ericales
Adenocaulon himalaicum,1.0,-1.7521542146356957,5.262232519941716,"<ArrowStringArray>
['Wang R, Wang Q, Zhao N, Xu Z, Zhu X, Jiao C, Yu G, He N. 2018. Different phylogenetic and environmental controls of first-order root morphological and nutrient traits: Evidence of multidimensional root traits. Special Focus on Functional Traits Along A Transect 32(1): 29-39.']
Length: 1, dtype: str",Adenocaulon,himalaicum,Asteraceae,Asterales
Adiantum pedatum,1.0,-1.2092224596858088,5.095985882628778,"<ArrowStringArray>
['Dong X, Wang H, Gu J, Wang Y, Wang Z. 2014. Root morphology, histology and chemistry of nine fern species (pteridophyta) in a temperate forest. Plant Soil 393: 215-227.', 'Wang R, Wang Q, Zhao N, Xu Z, Zhu X, Jiao C, Yu G, He N. 2018. Different phylogenetic and environmental controls of first-order root morphological and nutrient traits: Evidence of multidimensional root traits. Special Focus on Functional Traits Along A Transect 32(1): 29-39.']
Length: 2, dtype: str",Adiantum,pedatum,Pteridaceae,Polypodiales
Adina pilulifera,1.0,-1.9834043534828938,6.363496743711504,"<ArrowStringArray>
['Wang R, Wang Q, Zhao N, Xu Z, Zhu X, Jiao C, Yu G, He N. 2018. Different phylogenetic and environmental controls of first-order root morphological and nutrient traits: Evidence of multidimensional root traits. Special Focus on Functional Traits Along A Transect 32(1): 29-39.']
Length: 1, dtype: str",Adina,pilulifera,Rubiaceae,Gentianales
Aesculus hippocastanum,1.0,-1.3023237776603893,2.9681729912394377,"<ArrowStringArray>
[' Valverde-Barrantes OJ, Smemo KA, Blackwood CB. 2014. Fine root morphology is phylogenetically structured, but nitrogen is related to the plant economics spectrum in temperate trees. Functional Ecology 29: 796-807.', 'Valverde et al (unpublished)']
Length: 2, dtype: str",Aesculus,hippocastanum,Sapindaceae,Sapindales
Aesculus parviflora,1.0,-1.580007225195049,3.765818153565306,"<ArrowStringArray>
[' Valverde-Barrantes OJ, Smemo KA, Blackwood CB. 2014. Fine root morphology is phylogenetically structured, but nitrogen is related to the plant economics spectrum in temperate trees. Functional Ecology 29: 796-807.', 'Valverde et al (unpublished)']
Length: 2, dtype: str",Aesculus,parviflora,Sapindaceae,Sapindales
Agrimonia pilosa,1.0,-1.4850103340590484,5.086378117704167,"<ArrowStringArray>
['Wang R, Wang Q, Zhao N, Xu Z, Zhu X, Jiao C, Yu G, He N. 2018. Different phylogenetic and environmental controls of first-order root morphological and nutrient traits: Evidence of multidimensional root traits. Special Focus on Functional Traits Along A Transect 32(1): 29-39.']
Length: 1, dtype: str",Agrimonia,pilosa,Rosaceae,Rosales
Aidia oxyodonta,1.0,-2.5966569634591274,5.251540174989108,"<ArrowStringArray>
['Chen W, Zeng H, Eissenstat DM, Guo D. 2013. Variation of first-order root traits across climatic gradients and evolutionary trends in geological time. Global Ecology and Biogeography 22: 846-856.']
Length: 1, dtype: str",Aidia,oxyodonta,Rubiaceae,Gentianales
Alangium chinense,1.0,-2.3735441819345398,5.135268885097667,"<ArrowStringArray>
['Kong D, Ma C, Zhang Q, Li L, Chen X, Zeng H, Guo D. 2014. Leading dimensions in absorptive root trait variation across 96 subtropical forest species. New Phytologist 203: 863-872.']
Length: 1, dtype: str",Alangium,chinense,Cornaceae,Cornales
Alchornea tiliifolia,1.0,-1.8971199848858813,5.63645607098297,"<ArrowStringArray>
['Chen W, Zeng H, Eissenstat DM, Guo D. 2013. Variation of first-order root traits across climatic gradients and evolutionary trends in geological time. Global Ecology and Biogeography 22: 846-856.']
Length: 1, dtype: str",Alchornea,tiliifolia,Euphorbiaceae,Malpighiales
Alchornea trewioides,1.0,-1.369240606554063,4.527772527776599,"<ArrowStringArray>
['Wang R, Wang Q, Zhao N, Xu Z, Zhu X, Jiao C, Yu G, He N. 2018. Different phylogenetic and environmental controls of first-order root morphological and nutrient traits: Evidence of multidimensional root traits. Special Focus on Functional Traits Along A Transect 32(1): 29-39.']
Length: 1, dtype: str",Alchornea,trewioides,Euphorbiaceae,Malpighiales
Allophylus cobbe,1.0,-1.8568101214823827,4.318421011584911,"<ArrowStringArray>
['Kong D, Ma C, Zhang Q, Li L, Chen X, Zeng H, Guo D. 2014. Leading dimensions in absorptive root trait variation across 96 subtropical forest species. New Phytologist 203: 863-872.']
Length: 1, dtype: str",Allophylus,cobbe,Sapindaceae,Sapindales
Alniphyllum fortunei,1.0,-1.2536037968925091,4.480711519573874,"<ArrowStringArray>
[                                                                                                                'Liu B, Li H, Zhu B, Koide RT, Eissenstat DM, Guo D. 2015. Complementarity between roots and AM fungi in nutrient foraging strategies. New Phytologist 208: 125-136.',
                                                                                                 'Kong D, Ma C, Zhang Q, Li L, Chen X, Zeng H, Guo D. 2014. Leading dimensions in absorptive root trait variation across 96 subtropical forest species. New Phytologist 203: 863-872.',
 'Wang R, Wang Q, Zhao N, Xu Z, Zhu X, Jiao C, Yu G, He N. 2018. Different phylogenetic and environmental controls of first-order root morphological and nutrient traits: Evidence of multidimensional root traits. Special Focus on Functional Traits Along A Transect 32(1): 29-39.']
Length: 3, dtype: str",Alniphyllum,fortunei,Styracaceae,Ericales
Alnus formosana,1.0,-1.2321424604362348,5.312971321708953,"<ArrowStringArray>
['Miao Y, Chen YL, Li XW, Fan C, Liu YK, Yang ZJ, Zhang J, Cai XL. 2013. Effects of fertilization on Alnus formosana fine root morphological characteristics, biomass and issue content of C, N under A. formosana-Hemarthria compressa compound mode. Chinese Journal of Plant Ecology 37: 674-683.']
Length: 1, dtype: str",Alnus,formosana,Betulaceae,Fagales
Alnus hirsuta,1.0,-1.4116079229593492,4.243669755378868,"<ArrowStringArray>
['Shi W, Wang ZQ, Liu JL, Gu JC, Guo DL. 2008. Fine root morphology of twenty hardwood species in Maoershan Natural Secondary Forest in Northeastern China. Journal of Plant Ecology (Chinese Version) 32: 1217-1226.']
Length: 1, dtype: str",Alnus,hirsuta,Betulaceae,Fagales
Alnus mandshurica,1.0,-1.6251807227509556,4.691245507264235,"<ArrowStringArray>
['Shi W, Wang ZQ, Liu JL, Gu JC, Guo DL. 2008. Fine root morphology of twenty hardwood species in Maoershan Natural Secondary Forest in Northeastern China. Journal of Plant Ecology (Chinese Version) 32: 1217-1226.']
Length: 1, dtype: str",Alnus,mandshurica,Betulaceae,Fagales
Alpinia japonica,1.0,-1.7781524658218382,5.505626207959451,"<ArrowStringArray>
['Wang R, Wang Q, Zhao N, Xu Z, Zhu X, Jiao C, Yu G, He N. 2018. Different phylogenetic and environmental controls of first-order root morphological and nutrient traits: Evidence of multidimensional root traits. Special Focus on Functional Traits Along A Transect 32(1): 29-39.']
Length: 1, dtype: str",Alpinia,japonica,Zingiberaceae,Zingiberales
Alstonia scholaris,1.0,-0.6468362776966949,3.248822901236153,"<ArrowStringArray>
['Kong D, Ma C, Zhang Q, Li L, Chen X, Zeng H, Guo D. 2014. Leading dimensions in absorptive root trait variation across 96 subtropical forest species. New Phytologist 203: 863-872.']
Length: 1, dtype: str",Alstonia,scholaris,Apocynaceae,Gentianales
Altingia gracilipes,1.0,-0.8076354230135604,2.566897930067926,"<ArrowStringArray>
['Xiong D, Huang J, Yang Z, Lu Z, Chen G, Yang Y. 2012. Fine root architecture and morphology among different branch orders of six subtropical tree species. Acta Ecologica Sinica 32: 1888-1897.']
Length: 1, dtype: str",Altingia,gracilipes,Altingiaceae,Saxifragales
Altingia obovata,1.0,-1.1718990345819649,3.918454412918559,"<ArrowStringArray>
['Xu Y, Gu JC, Dong XY, Liu Y, Wang ZQ. 2011. Fine root morphology, anatomy and tissue nitrogen and carbon contents of the first five orders in four tropical hardwood species in Hainan Island, China. Chinese Journal of Plant Ecology 35:955-964.']
Length: 1, dtype: str",Altingia,obovata,Altingiaceae,Saxifragales
Anaphalis aureopunctata,1.0,-1.98813938327305,6.172024135880895,"<ArrowStringArray>
['Wang R, Wang Q, Zhao N, Xu Z, Zhu X, Jiao C, Yu G, He N. 2018. Different phylogenetic and environmental controls of first-order root morphological and nutrient traits: Evidence of multidimensional root traits. Special Focus on Functional Traits Along A Transect 32(1): 29-39.']
Length: 1, dtype: str",Anaphalis,aureopunctata,Asteraceae,Asterales
Anaphalis hancockii,1.0,-1.7220468568167546,5.7678769869239215,"<ArrowStringArray>
['Wang R, Wang Q, Zhao N, Xu Z, Zhu X, Jiao C, Yu G, He N. 2018. Different phylogenetic and environmental controls of first-order root morphological and nutrient traits: Evidence of multidimensional root traits. Special Focus on Functional Traits Along A Transect 32(1): 29-39.']
Length: 1, dtype: str",Anaphalis,hancockii,Asteraceae,Asterales
Antidesma maclurei,1.0,-0.909985650739561,2.995232148512309,"<ArrowStringArray>
['Kong D, Ma C, Zhang Q, Li L, Chen X, Zeng H, Guo D. 2014. Leading dimensions in absorptive root trait variation across 96 subtropical forest species. New Phytologist 203: 863-872.']
Length: 1, dtype: str",Antidesma,maclurei,Phyllanthaceae,Malpighiales
Aphanamixis polystachya,1.0,-1.7514081723485555,5.14913363092185,"<ArrowStringArray>
['Chen W, Zeng H, Eissenstat DM, Guo D. 2013. Variation of first-order root traits across climatic gradients and evolutionary trends in geological time. Global Ecology and Biogeography 22: 846-856.']
Length: 1, dtype: str",Aphanamixis,polystachya,Meliaceae,Sapindales
Aporosa octandra,1.0,-1.0034293896909183,3.3724549127965013,"<ArrowStringArray>
['Kong D, Ma C, Zhang Q, Li L, Chen X, Zeng H, Guo D. 2014. Leading dimensions in absorptive root trait variation across 96 subtropical forest species. New Phytologist 203: 863-872.']
Length: 1, dtype: str",Aporosa,octandra,Phyllanthaceae,Malpighiales
Aporosa yunnanensis,1.0,-1.341952169769155,4.181223737980477,"<ArrowStringArray>
['Kong D, Ma C, Zhang Q, Li L, Chen X, Zeng H, Guo D. 2014. Leading dimensions in absorptive root trait variation across 96 subtropical forest species. New Phytologist 203: 863-872.', 'Wang R, Wang Q, Zhao N, Xu Z, Zhu X, Jiao C, Yu G, He N. 2018. Different phylogenetic and environmental controls of first-order root morphological and nutrient traits: Evidence of multidimensional root traits. Special Focus on Functional Traits Along A Transect 32(1): 29-39.']
Length: 2, dtype: str",Aporosa,yunnanensis,Phyllanthaceae,Malpighiales
Archidendron clypearia,1.0,-1.306263961214402,4.2531984503199265,"<ArrowStringArray>
['Kong D, Ma C, Zhang Q, Li L, Chen X, Zeng H, Guo D. 2014. Leading dimensions in absorptive root trait variation across 96 subtropical forest species. New Phytologist 203: 863-872.']
Length: 1, dtype: str",Archidendron,clypearia,Fabaceae,Fabales
Archidendron lucidum,1.0,-1.3449221180141588,4.07567129695648,"<ArrowStringArray>
['Kong D, Ma C, Zhang Q, Li L, Chen X, Zeng H, Guo D. 2014. Leading dimensions in absorptive root trait variation across 96 subtropical forest species. New Phytologist 203: 863-872.']
Length: 1, dtype: str",Archidendron,lucidum,Fabaceae,Fabales
Ardisia depressa,1.0,-1.4508328822574619,4.163815965105749,"<ArrowStringArray>
['Chen W, Zeng H, Eissenstat DM, Guo D. 2013. Variation of first-order root traits across climatic gradients and evolutionary trends in geological time. Global Ecology and Biogeography 22: 846-856.']
Length: 1, dtype: str",Ardisia,depressa,Primulaceae,Ericales
Ardisia japonica,1.0,-1.469241281940817,4.620057234933822,"<ArrowStringArray>
['Wang R, Wang Q, Zhao N, Xu Z, Zhu X, Jiao C, Yu G, He N. 2018. Different phylogenetic and environmental controls of first-order root morphological and nutrient traits: Evidence of multidimensional root traits. Special Focus on Functional Traits Along A Transect 32(1): 29-39.']
Length: 1, dtype: str",Ardisia,japonica,Primulaceae,Ericales
Ardisia quinquegona,1.0,-0.8675005677047231,3.0007198150650303,"<ArrowStringArray>
['Wang J-J, Tharayil N, Chow AT, Suseela V, Zeng H. 2015. Phenolic profile within the fine-root branching orders of an evergreen species highlights a disconnect in root tissue quality predicted by elemental- and molecular-level carbon composition. New Phytologist 206: 1261-1273.']
Length: 1, dtype: str",Ardisia,quinquegona,Primulaceae,Ericales
Artemisia halodendron,1.0,-1.0216512475319814,2.792391349535961,"<ArrowStringArray>
['Huang G, Zhao  X-Y, Zhao H-L, Huang Y-X, Zuo X-A. 2010. Linking root morphology, longevity and function to root branch order: a case study in three shrubs. Plant Soil 336: 197-208.']
Length: 1, dtype: str",Artemisia,halodendron,Asteraceae,Asterales
Artemisia igniaria,1.0,-1.7885645783315358,5.318869012769295,"<ArrowStringArray>
['Wang R, Wang Q, Zhao N, Xu Z, Zhu X, Jiao C, Yu G, He N. 2018. Different phylogenetic and environmental controls of first-order root morphological and nutrient traits: Evidence of multidimensional root traits. Special Focus on Functional Traits Along A Transect 32(1): 29-39.']
Length: 1, dtype: str",Artemisia,igniaria,Asteraceae,Asterales
Artemisia mongolica,1.0,-1.795165262362888,5.276430365583576,"<ArrowStringArray>
['Wang R, Wang Q, Zhao N, Xu Z, Zhu X, Jiao C, Yu G, He N. 2018. Different phylogenetic and environmental controls of first-order root morphological and nutrient traits: Evidence of multidimensional root traits. Special Focus on Functional Traits Along A Transect 32(1): 29-39.']
Length: 1, dtype: str",Artemisia,mongolica,Asteraceae,Asterales
Artocarpus styracifolius,1.0,-1.262449734084912,3.5421180727185324,"<ArrowStringArray>
['Kong D, Ma C, Zhang Q, Li L, Chen X, Zeng H, Guo D. 2014. Leading dimensions in absorptive root trait variation across 96 subtropical forest species. New Phytologist 203: 863-872.']
Length: 1, dtype: str",Artocarpus,styracifolius,Moraceae,Rosales
Asimina triloba,1.0,-0.6446978458948621,2.606252773433732,"<ArrowStringArray>
[' Valverde-Barrantes OJ, Smemo KA, Blackwood CB. 2014. Fine root morphology is phylogenetically structured, but nitrogen is related to the plant economics spectrum in temperate trees. Functional Ecology 29: 796-807.', 'Valverde et al (unpublished)']
Length: 2, dtype: str",Asimina,triloba,Annonaceae,Magnoliales
Asparagus schoberioides,1.0,-1.0708998501015738,4.78553148940686,"<ArrowStringArray>
['Wang R, Wang Q, Zhao N, Xu Z, Zhu X, Jiao C, Yu G, He N. 2018. Different phylogenetic and environmental controls of first-order root morphological and nutrient traits: Evidence of multidimensional root traits. Special Focus on Functional Traits Along A Transect 32(1): 29-39.']
Length: 1, dtype: str",Asparagus,schoberioides,Asparagaceae,Asparagales
Aster tataricus,1.0,-1.6245515502441485,5.694102440602895,"<ArrowStringArray>
['Wang R, Wang Q, Zhao N, Xu Z, Zhu X, Jiao C, Yu G, He N. 2018. Different phylogenetic and environmental controls of first-order root morphological and nutrient traits: Evidence of multidimensional root traits. Special Focus on Functional Traits Along A Transect 32(1): 29-39.']
Length: 1, dtype: str",Aster,tataricus,Asteraceae,Asterales
Astilbe rivularis,1.0,-0.9564618965634318,3.6047036853482144,"<ArrowStringArray>
['Wang R, Wang Q, Zhao N, Xu Z, Zhu X, Jiao C, Yu G, He N. 2018. Different phylogenetic and environmental controls of first-order root morphological and nutrient traits: Evidence of multidimensional root traits. Special Focus on Functional Traits Along A Transect 32(1): 29-39.']
Length: 1, dtype: str",Astilbe,rivularis,Saxifragaceae,Saxifragales
Astilbe rubra,1.0,-1.7620065110787073,5.3774425203207885,"<ArrowStringArray>
['Wang R, Wang Q, Zhao N, Xu Z, Zhu X, Jiao C, Yu G, He N. 2018. Different phylogenetic and environmental controls of first-order root morphological and nutrient traits: Evidence of multidimensional root traits. Special Focus on Functional Traits Along A Transect 32(1): 29-39.']
Length: 1, dtype: str",Astilbe,rubra,Saxifragaceae,Saxifragales
Athyrium multidentatum,1.0,-1.4987590025403477,4.919563036334691,"<ArrowStringArray>
['Dong X, Wang H, Gu J, Wang Y, Wang Z. 2014. Root morphology, histology and chemistry of nine fern species (pteridophyta) in a temperate forest. Plant Soil 393: 215-227.']
Length: 1, dtype: str",Athyrium,multidentatum,Athyriaceae,Polypodiales
Athyrium sinense,1.0,-1.3262144109042224,4.755675483475596,"<ArrowStringArray>
['Dong X, Wang H, Gu J, Wang Y, Wang Z. 2014. Root morphology, histology and chemistry of nine fern species (pteridophyta) in a temperate forest. Plant Soil 393: 215-227.']
Length: 1, dtype: str",Athyrium,sinense,Athyriaceae,Polypodiales
Athyrium spinulosum,1.0,-1.7369169717199753,5.462427447342916,"<ArrowStringArray>
['Dong X, Wang H, Gu J, Wang Y, Wang Z. 2014. Root morphology, histology and chemistry of nine fern species (pteridophyta) in a temperate forest. Plant Soil 393: 215-227.']
Length: 1, dtype: str",Athyrium,spinulosum,Athyriaceae,Polypodiales
Barringtonia racemosa,1.0,-0.848957732212552,3.0684273961771193,"<ArrowStringArray>
['Kong D, Ma C, Zhang Q, Li L, Chen X, Zeng H, Guo D. 2014. Leading dimensions in absorptive root trait variation across 96 subtropical forest species. New Phytologist 203: 863-872.', 'Chen W, Zeng H, Eissenstat DM, Guo D. 2013. Variation of first-order root traits across climatic gradients and evolutionary trends in geological time. Global Ecology and Biogeography 22: 846-856.']
Length: 2, dtype: str",Barringtonia,racemosa,Lecythidaceae,Ericales
Betula albosinensis,1.0,-1.5585694665318883,4.046792440037325,"<ArrowStringArray>
['Chen W, Zeng H, Eissenstat DM, Guo D. 2013. Variation of first-order root traits across climatic gradients and evolutionary trends in geological time. Global Ecology and Biogeography 22: 846-856.']
Length: 1, dtype: str",Betula,albosinensis,Betulaceae,Fagales
Betula costata,1.0,-1.3381893249303756,4.5926809503540955,"<ArrowStringArray>
['Shi W, Wang ZQ, Liu JL, Gu JC, Guo DL. 2008. Fine root morphology of twenty hardwood species in Maoershan Natural Secondary Forest in Northeastern China. Journal of Plant Ecology (Chinese Version) 32: 1217-1226.', 'Wang R, Wang Q, Zhao N, Xu Z, Zhu X, Jiao C, Yu G, He N. 2018. Different phylogenetic and environmental controls of first-order root morphological and nutrient traits: Evidence of multidimensional root traits. Special Focus on Functional Traits Along A Transect 32(1): 29-39.']
Length: 2, dtype: str",Betula,costata,Betulaceae,Fagales
Betula dahurica,1.0,-1.1547054191239419,4.001737692895865,"<ArrowStringArray>
['Chen W, Zeng H, Eissenstat DM, Guo D. 2013. Variation of first-order root traits across climatic gradients and evolutionary trends in geological time. Global Ecology and Biogeography 22: 846-856.', 'Wang R, Wang Q, Zhao N, Xu Z, Zhu X, Jiao C, Yu G, He N. 2018. Different phylogenetic and environmental controls of first-order root morphological and nutrient traits: Evidence of multidimensional root traits. Special Focus on Functional Traits Along A Transect 32(1): 29-39.']
Length: 2, dtype: str",Betula,dahurica,Betulaceae,Fagales
Betula fruticosa,1.0,-1.2718948208113945,3.88699799929116,"<ArrowStringArray>
['Wang R, Wang Q, Zhao N, Xu Z, Zhu X, Jiao C, Yu G, He N. 2018. Different phylogenetic and environmental controls of first-order root morphological and nutrient traits: Evidence of multidimensional root traits. Special Focus on Functional Traits Along A Transect 32(1): 29-39.']
Length: 1, dtype: str",Betula,fruticosa,Betulaceae,Fagales
Betula platyphylla,1.0,-1.3813632486636274,4.626467453243464,"<ArrowStringArray>
[                                                                'Shi W, Wang ZQ, Liu JL, Gu JC, Guo DL. 2008. Fine root morphology of twenty hardwood species in Maoershan Natural Secondary Forest in Northeastern China. Journal of Plant Ecology (Chinese Version) 32: 1217-1226.',
 'Wang R, Wang Q, Zhao N, Xu Z, Zhu X, Jiao C, Yu G, He N. 2018. Different phylogenetic and environmental controls of first-order root morphological and nutrient traits: Evidence of multidimensional root traits. Special Focus on Functional Traits Along A Transect 32(1): 29-39.',
                                                                           'Wang Y, Gao G, Wang N, Wang Z, Gu J. 2019. Effects of morphology and stand structure on root biomass and length differed between absorptive and transport roots in temperate trees. Plant Soil, in press.']
Length: 3, dtype: str",Betula,platyphylla,Betulaceae,Fagales
Blastus cochinchinesis,1.0,-1.5941390392811776,5.32488948298348,"<ArrowStringArray>
['Wang R, Wang Q, Zhao N, Xu Z, Zhu X, Jiao C, Yu G, He N. 2018. Different phylogenetic and environmental controls of first-order root morphological and nutrient traits: Evidence of multidimensional root traits. Special Focus on Functional Traits Along A Transect 32(1): 29-39.']
Length: 1, dtype: str",Blastus,cochinchinesis,Melastomataceae,Myrtales
Blastus pauciflorus,1.0,-1.81533541052795,5.490746388301094,"<ArrowStringArray>
['Wang R, Wang Q, Zhao N, Xu Z, Zhu X, Jiao C, Yu G, He N. 2018. Different phylogenetic and environmental controls of first-order root morphological and nutrient traits: Evidence of multidimensional root traits. Special Focus on Functional Traits Along A Transect 32(1): 29-39.']
Length: 1, dtype: str",Blastus,pauciflorus,Melastomataceae,Myrtales
Blechnum orientale,1.0,-1.5663784229736533,5.222220751507993,"<ArrowStringArray>
['Wang R, Wang Q, Zhao N, Xu Z, Zhu X, Jiao C, Yu G, He N. 2018. Different phylogenetic and environmental controls of first-order root morphological and nutrient traits: Evidence of multidimensional root traits. Special Focus on Functional Traits Along A Transect 32(1): 29-39.']
Length: 1, dtype: str",Blechnum,orientale,Blechnaceae,Polypodiales
Calamus rhabdocladus,1.0,-1.520054351299415,4.637108263275592,"<ArrowStringArray>
['Wang R, Wang Q, Zhao N, Xu Z, Zhu X, Jiao C, Yu G, He N. 2018. Different phylogenetic and environmental controls of first-order root morphological and nutrient traits: Evidence of multidimensional root traits. Special Focus on Functional Traits Along A Transect 32(1): 29-39.']
Length: 1, dtype: str",Calamus,rhabdocladus,Arecaceae,Arecales
Caltha palustris,1.0,-1.5616005830199404,5.84841055554281,"<ArrowStringArray>
['Wang R, Wang Q, Zhao N, Xu Z, Zhu X, Jiao C, Yu G, He N. 2018. Different phylogenetic and environmental controls of first-order root morphological and nutrient traits: Evidence of multidimensional root traits. Special Focus on Functional Traits Along A Transect 32(1): 29-39.']
Length: 1, dtype: str",Caltha,palustris,Ranunculaceae,Ranunculales
Canarium album,1.0,-1.6404940454660997,4.647678586222547,"<ArrowStringArray>
['Kong D, Ma C, Zhang Q, Li L, Chen X, Zeng H, Guo D. 2014. Leading dimensions in absorptive root trait variation across 96 subtropical forest species. New Phytologist 203: 863-872.', 'Chen W, Zeng H, Eissenstat DM, Guo D. 2013. Variation of first-order root traits across climatic gradients and evolutionary trends in geological time. Global Ecology and Biogeography 22: 846-856.']
Length: 2, dtype: str",Canarium,album,Burseraceae,Sapindales
Caragana microphylla,1.0,-0.8915981192837836,3.2204745462318978,"<ArrowStringArray>
['Huang G, Zhao  X-Y, Zhao H-L, Huang Y-X, Zuo X-A. 2010. Linking root morphology, longevity and function to root branch order: a case study in three shrubs. Plant Soil 336: 197-208.']
Length: 1, dtype: str",Caragana,microphylla,Fabaceae,Fabales
Carallia brachiata,1.0,-1.5405650481477249,4.693547296605504,"<ArrowStringArray>
['Kong D, Ma C, Zhang Q, Li L, Chen X, Zeng H, Guo D. 2014. Leading dimensions in absorptive root trait variation across 96 subtropical forest species. New Phytologist 203: 863-872.']
Length: 1, dtype: str",Carallia,brachiata,Rhizophoraceae,Malpighiales
Carpinus betulus,1.0,-1.3223499439271242,3.718345652310577,"<ArrowStringArray>
['Kubisch P, Hertel D, Leuschner C. 2015. Do ectomycorrhizal and arbuscular mycorrhizal temperate tree species systematically differ in root order-related fine root morphology and biomass? Frontiers in Plant Science 6(64): 1-12.']
Length: 1, dtype: str",Carpinus,betulus,Betulaceae,Fagales
Carpinus cordata,1.0,-1.9205402575773922,4.15396636985902,"<ArrowStringArray>
['Chen W, Zeng H, Eissenstat DM, Guo D. 2013. Variation of first-order root traits across climatic gradients and evolutionary trends in geological time. Global Ecology and Biogeography 22: 846-856.']
Length: 1, dtype: str",Carpinus,cordata,Betulaceae,Fagales
Carya glabra,1.0,-1.8325814637483102,4.510603063381709,"<ArrowStringArray>
['McCormack ML, Adams TS, Smithwick EAH, Eissenstat DM. 2012. Predicting fine root lifespan from plant functional traits in temperate trees. New Phytologist 195:823-831.']
Length: 1, dtype: str",Carya,glabra,Juglandaceae,Fagales
Caryota maxima,1.0,-1.2301456786299592,4.05301196636022,"<ArrowStringArray>
['Wang R, Wang Q, Zhao N, Xu Z, Zhu X, Jiao C, Yu G, He N. 2018. Different phylogenetic and environmental controls of first-order root morphological and nutrient traits: Evidence of multidimensional root traits. Special Focus on Functional Traits Along A Transect 32(1): 29-39.']
Length: 1, dtype: str",Caryota,maxima,Arecaceae,Arecales
Castanea henryi,1.0,-1.7836127440922864,3.7125959807312525,"<ArrowStringArray>
['Kong D, Ma C, Zhang Q, Li L, Chen X, Zeng H, Guo D. 2014. Leading dimensions in absorptive root trait variation across 96 subtropical forest species. New Phytologist 203: 863-872.']
Length: 1, dtype: str",Castanea,henryi,Fagaceae,Fagales
Castanopsis carlesii,1.0,-1.2976009475472772,4.312779107215744,"<ArrowStringArray>
['Xiong D, Huang J, Yang Z, Lu Z, Chen G, Yang Y. 2012. Fine root architecture and morphology among different branch orders of six subtropical tree species. Acta Ecologica Sinica 32: 1888-1897.', 'Wang R, Wang Q, Zhao N, Xu Z, Zhu X, Jiao C, Yu G, He N. 2018. Different phylogenetic and environmental controls of first-order root morphological and nutrient traits: Evidence of multidimensional root traits. Special Focus on Functional Traits Along A Transect 32(1): 29-39.']
Length: 2, dtype: str",Castanopsis,carlesii,Fagaceae,Fagales
Castanopsis echinocarpa,1.0,-1.8113705148771706,4.402809173856411,"<ArrowStringArray>
['Kong D, Ma C, Zhang Q, Li L, Chen X, Zeng H, Guo D. 2014. Leading dimensions in absorptive root trait variation across 96 subtropical forest species. New Phytologist 203: 863-872.']
Length: 1, dtype: str",Castanopsis,echinocarpa,Fagaceae,Fagales
Castanopsis eyrei,1.0,-1.636638003622972,4.6279072887905155,"<ArrowStringArray>
['Wang R, Wang Q, Zhao N, Xu Z, Zhu X, Jiao C, Yu G, He N. 2018. Different phylogenetic and environmental controls of first-order root morphological and nutrient traits: Evidence of multidimensional root traits. Special Focus on Functional Traits Along A Transect 32(1): 29-39.']
Length: 1, dtype: str",Castanopsis,eyrei,Fagaceae,Fagales
Castanopsis faberi,1.0,-1.3810052173341962,4.552548744178532,"<ArrowStringArray>
['Xiong D, Huang J, Yang Z, Lu Z, Chen G, Yang Y. 2012. Fine root architecture and morphology among different branch orders of six subtropical tree species. Acta Ecologica Sinica 32: 1888-1897.', 'Wang R, Wang Q, Zhao N, Xu Z, Zhu X, Jiao C, Yu G, He N. 2018. Different phylogenetic and environmental controls of first-order root morphological and nutrient traits: Evidence of multidimensional root traits. Special Focus on Functional Traits Along A Transect 32(1): 29-39.']
Length: 2, dtype: str",Castanopsis,faberi,Fagaceae,Fagales
Castanopsis fargesii,1.0,-1.5960282255241827,4.743054926652544,"<ArrowStringArray>
['Wang R, Wang Q, Zhao N, Xu Z, Zhu X, Jiao C, Yu G, He N. 2018. Different phylogenetic and environmental controls of first-order root morphological and nutrient traits: Evidence of multidimensional root traits. Special Focus on Functional Traits Along A Transect 32(1): 29-39.']
Length: 1, dtype: str",Castanopsis,fargesii,Fagaceae,Fagales
Castanopsis fissa,1.0,-1.5831003121148188,4.537328196268297,"<ArrowStringArray>
['Kong D, Ma C, Zhang Q, Li L, Chen X, Zeng H, Guo D. 2014. Leading dimensions in absorptive root trait variation across 96 subtropical forest species. New Phytologist 203: 863-872.', 'Wang R, Wang Q, Zhao N, Xu Z, Zhu X, Jiao C, Yu G, He N. 2018. Different phylogenetic and environmental controls of first-order root morphological and nutrient traits: Evidence of multidimensional root traits. Special Focus on Functional Traits Along A Transect 32(1): 29-39.']
Length: 2, dtype: str",Castanopsis,fissa,Fagaceae,Fagales
Castanopsis hystrix,1.0,-1.7868316309917582,4.257171777528256,"<ArrowStringArray>
['Kong D, Ma C, Zhang Q, Li L, Chen X, Zeng H, Guo D. 2014. Leading dimensions in absorptive root trait variation across 96 subtropical forest species. New Phytologist 203: 863-872.']
Length: 1, dtype: str",Castanopsis,hystrix,Fagaceae,Fagales
Castanopsis wattii,1.0,-1.82504741609423,4.52526080275979,"<ArrowStringArray>
['Kong D, Ma C, Zhang Q, Li L, Chen X, Zeng H, Guo D. 2014. Leading dimensions in absorptive root trait variation across 96 subtropical forest species. New Phytologist 203: 863-872.']
Length: 1, dtype: str",Castanopsis,wattii,Fagaceae,Fagales
Catalpa bignonioides,1.0,-1.2548979384226286,3.617987853502602,"<ArrowStringArray>
[' Valverde-Barrantes OJ, Smemo KA, Blackwood CB. 2014. Fine root morphology is phylogenetically structured, but nitrogen is related to the plant economics spectrum in temperate trees. Functional Ecology 29: 796-807.', 'Valverde et al (unpublished)']
Length: 2, dtype: str",Catalpa,bignonioides,Bignoniaceae,Lamiales
Catunaregam spinosa,1.0,-1.3587181053497872,4.38502214365368,"<ArrowStringArray>
['Kong D, Ma C, Zhang Q, Li L, Chen X, Zeng H, Guo D. 2014. Leading dimensions in absorptive root trait variation across 96 subtropical forest species. New Phytologist 203: 863-872.']
Length: 1, dtype: str",Catunaregam,spinosa,Rubiaceae,Gentianales
Caulophyllum robustum,1.0,-1.0277811079075183,4.518592891171162,"<ArrowStringArray>
['Wang R, Wang Q, Zhao N, Xu Z, Zhu X, Jiao C, Yu G, He N. 2018. Different phylogenetic and environmental controls of first-order root morphological and nutrient traits: Evidence of multidimensional root traits. Special Focus on Functional Traits Along A Transect 32(1): 29-39.']
Length: 1, dtype: str",Caulophyllum,robustum,Berberidaceae,Ranunculales
Celtis sinensis,1.0,-1.963046135002048,4.727387818712341,"<ArrowStringArray>
['Kong D, Ma C, Zhang Q, Li L, Chen X, Zeng H, Guo D. 2014. Leading dimensions in absorptive root trait variation across 96 subtropical forest species. New Phytologist 203: 863-872.']
Length: 1, dtype: str",Celtis,sinensis,Cannabaceae,Rosales
Cercidiphyllum japonicum,1.0,-1.5443634646183895,3.308795169285806,"<ArrowStringArray>
[' Valverde-Barrantes OJ, Smemo KA, Blackwood CB. 2014. Fine root morphology is phylogenetically structured, but nitrogen is related to the plant economics spectrum in temperate trees. Functional Ecology 29: 796-807.', 'Valverde et al (unpublished)']
Length: 2, dtype: str",Cercidiphyllum,japonicum,Cercidiphyllaceae,Saxifragales
Chamaecyparis obtusa,1.0,-0.9662227829984146,3.3772673323464906,"<ArrowStringArray>
['Doi R, Tanikawa T, Miyatani K, Hirano Y. 2017. Intraspecific variation in morphological traits of root branch orders in Chamaecyparis obtusa. Plant Soil 416: 503-513.']
Length: 1, dtype: str",Chamaecyparis,obtusa,Cupressaceae,Pinales
Chenopodium serotinum,1.0,-2.0527423348664056,4.593390003903858,"<ArrowStringArray>
['Chen W, Zeng H, Eissenstat DM, Guo D. 2013. Variation of first-order root traits across climatic gradients and evolutionary trends in geological time. Global Ecology and Biogeography 22: 846-856.']
Length: 1, dtype: str",Chenopodium,serotinum,Amaranthaceae,Caryophyllales
Chionanthus virginicus,1.0,-0.8996099946685299,2.6306437235740203,"<ArrowStringArray>
[' Valverde-Barrantes OJ, Smemo KA, Blackwood CB. 2014. Fine root morphology is phylogenetically structured, but nitrogen is related to the plant economics spectrum in temperate trees. Functional Ecology 29: 796-807.', 'Valverde et al (unpublished)']
Length: 2, dtype: str",Chionanthus,virginicus,Oleaceae,Lamiales
Chloranthus henryi,1.0,-0.7721903879003982,3.6183868591394077,"<ArrowStringArray>
['Wang R, Wang Q, Zhao N, Xu Z, Zhu X, Jiao C, Yu G, He N. 2018. Different phylogenetic and environmental controls of first-order root morphological and nutrient traits: Evidence of multidimensional root traits. Special Focus on Functional Traits Along A Transect 32(1): 29-39.']
Length: 1, dtype: str",Chloranthus,henryi,Chloranthaceae,Chloranthales
Choerospondias axillaris,1.0,-1.3309542660867262,4.328852849323624,"<ArrowStringArray>
['Liu B, Li H, Zhu B, Koide RT, Eissenstat DM, Guo D. 2015. Complementarity between roots and AM fungi in nutrient foraging strategies. New Phytologist 208: 125-136.', 'Wang R, Wang Q, Zhao N, Xu Z, Zhu X, Jiao C, Yu G, He N. 2018. Different phylogenetic and environmental controls of first-order root morphological and nutrient traits: Evidence of multidimensional root traits. Special Focus on Functional Traits Along A Transect 32(1): 29-39.']
Length: 2, dtype: str",Choerospondias,axillaris,Anacardiaceae,Sapindales
Cibotium barometz,1.0,-1.3933189760568552,4.430282550681985,"<ArrowStringArray>
['Wang R, Wang Q, Zhao N, Xu Z, Zhu X, Jiao C, Yu G, He N. 2018. Different phylogenetic and environmental controls of first-order root morphological and nutrient traits: Evidence of multidimensional root traits. Special Focus on Functional Traits Along A Transect 32(1): 29-39.']
Length: 1, dtype: str",Cibotium,barometz,Cibotiaceae,Cyatheales
Cinnamomum austrosinense,1.0,-0.8884931884766529,3.609875282402276,"<ArrowStringArray>
['Liu B, Li H, Zhu B, Koide RT, Eissenstat DM, Guo D. 2015. Complementarity between roots and AM fungi in nutrient foraging strategies. New Phytologist 208: 125-136.', 'Wang R, Wang Q, Zhao N, Xu Z, Zhu X, Jiao C, Yu G, He N. 2018. Different phylogenetic and environmental controls of first-order root morphological and nutrient traits: Evidence of multidimensional root traits. Special Focus on Functional Traits Along A Transect 32(1): 29-39.']
Length: 2, dtype: str",Cinnamomum,austrosinense,Lauraceae,Laurales
Cinnamomum camphora,1.0,-0.8834878042983222,3.987099616121477,"<ArrowStringArray>
['Kong D, Ma C, Zhang Q, Li L, Chen X, Zeng H, Guo D. 2014. Leading dimensions in absorptive root trait variation across 96 subtropical forest species. New Phytologist 203: 863-872.', 'Chen W, Zeng H, Eissenstat DM, Guo D. 2013. Variation of first-order root traits across climatic gradients and evolutionary trends in geological time. Global Ecology and Biogeography 22: 846-856.']
Length: 2, dtype: str",Cinnamomum,camphora,Lauraceae,Laurales
Cinnamomum cassia,1.0,-0.6264422577659549,3.1245651453969594,"<ArrowStringArray>
['Kong D, Ma C, Zhang Q, Li L, Chen X, Zeng H, Guo D. 2014. Leading dimensions in absorptive root trait variation across 96 subtropical forest species. New Phytologist 203: 863-872.']
Length: 1, dtype: str",Cinnamomum,cassia,Lauraceae,Laurales
Cinnamomum chekiangense,1.0,-0.694258888278042,3.1433109627963254,"<ArrowStringArray>
['Xiong D, Huang J, Yang Z, Lu Z, Chen G, Yang Y. 2012. Fine root architecture and morphology among different branch orders of six subtropical tree species. Acta Ecologica Sinica 32: 1888-1897.']
Length: 1, dtype: str",Cinnamomum,chekiangense,Lauraceae,Laurales
Cinnamomum micranthum,1.0,-0.9052790226506572,3.0521128978690735,"<ArrowStringArray>
['Xiong D, Huang J, Yang Z, Lu Z, Chen G, Yang Y. 2012. Fine root architecture and morphology among different branch orders of six subtropical tree species. Acta Ecologica Sinica 32: 1888-1897.', 'Kong D, Ma C, Zhang Q, Li L, Chen X, Zeng H, Guo D. 2014. Leading dimensions in absorptive root trait variation across 96 subtropical forest species. New Phytologist 203: 863-872.']
Length: 2, dtype: str",Cinnamomum,micranthum,Lauraceae,Laurales
Cinnamomum porrectum,1.0,-0.9567655644398732,3.826317205982951,"<ArrowStringArray>
[                                                                                                                'Liu B, Li H, Zhu B, Koide RT, Eissenstat DM, Guo D. 2015. Complementarity between roots and AM fungi in nutrient foraging strategies. New Phytologist 208: 125-136.',
                                                                                                 'Kong D, Ma C, Zhang Q, Li L, Chen X, Zeng H, Guo D. 2014. Leading dimensions in absorptive root trait variation across 96 subtropical forest species. New Phytologist 203: 863-872.',
 'Wang R, Wang Q, Zhao N, Xu Z, Zhu X, Jiao C, Yu G, He N. 2018. Different phylogenetic and environmental controls of first-order root morphological and nutrient traits: Evidence of multidimensional root traits. Special Focus on Functional Traits Along A Transect 32(1): 29-39.']
Length: 3, dtype: str",Cinnamomum,porrectum,Lauraceae,Laurales
Cinnamomum tenuifolium,1.0,-0.5539941191673694,2.9971382247412675,"<ArrowStringArray>
['Wang R, Wang Q, Zhao N, Xu Z, Zhu X, Jiao C, Yu G, He N. 2018. Different phylogenetic and environmental controls of first-order root morphological and nutrient traits: Evidence of multidimensional root traits. Special Focus on Functional Traits Along A Transect 32(1): 29-39.']
Length: 1, dtype: str",Cinnamomum,tenuifolium,Lauraceae,Laurales
Convallaria majalis,1.0,-0.8673815271712808,4.235455147957244,"<ArrowStringArray>
['Wang R, Wang Q, Zhao N, Xu Z, Zhu X, Jiao C, Yu G, He N. 2018. Different phylogenetic and environmental controls of first-order root morphological and nutrient traits: Evidence of multidimensional root traits. Special Focus on Functional Traits Along A Transect 32(1): 29-39.']
Length: 1, dtype: str",Convallaria,majalis,Asparagaceae,Asparagales
Coriaria nepalensis,1.0,-0.8209805520698302,3.4438022240442625,"<ArrowStringArray>
['Wang R, Wang Q, Zhao N, Xu Z, Zhu X, Jiao C, Yu G, He N. 2018. Different phylogenetic and environmental controls of first-order root morphological and nutrient traits: Evidence of multidimensional root traits. Special Focus on Functional Traits Along A Transect 32(1): 29-39.']
Length: 1, dtype: str",Coriaria,nepalensis,Coriariaceae,Cucurbitales
Cornus bretschneideri,1.0,-1.0965224683645178,4.016434478887856,"<ArrowStringArray>
['Chen W, Zeng H, Eissenstat DM, Guo D. 2013. Variation of first-order root traits across climatic gradients and evolutionary trends in geological time. Global Ecology and Biogeography 22: 846-856.', 'Wang R, Wang Q, Zhao N, Xu Z, Zhu X, Jiao C, Yu G, He N. 2018. Different phylogenetic and environmental controls of first-order root morphological and nutrient traits: Evidence of multidimensional root traits. Special Focus on Functional Traits Along A Transect 32(1): 29-39.']
Length: 2, dtype: str",Cornus,bretschneideri,Cornaceae,Cornales
Cornus controversa,1.0,-0.4253362377505763,2.6876847819083753,"<ArrowStringArray>
['Wang R, Wang Q, Zhao N, Xu Z, Zhu X, Jiao C, Yu G, He N. 2018. Different phylogenetic and environmental controls of first-order root morphological and nutrient traits: Evidence of multidimensional root traits. Special Focus on Functional Traits Along A Transect 32(1): 29-39.']
Length: 1, dtype: str",Cornus,controversa,Cornaceae,Cornales
Cornus florida,1.0,-1.329626564279449,3.6647548980239155,"<ArrowStringArray>
[' Valverde-Barrantes OJ, Smemo KA, Blackwood CB. 2014. Fine root morphology is phylogenetically structured, but nitrogen is related to the plant economics spectrum in temperate trees. Functional Ecology 29: 796-807.', 'Valverde et al (unpublished)']
Length: 2, dtype: str",Cornus,florida,Cornaceae,Cornales
Cornus kousa,1.0,-0.970351008724099,3.943419006364818,"<ArrowStringArray>
['Wang R, Wang Q, Zhao N, Xu Z, Zhu X, Jiao C, Yu G, He N. 2018. Different phylogenetic and environmental controls of first-order root morphological and nutrient traits: Evidence of multidimensional root traits. Special Focus on Functional Traits Along A Transect 32(1): 29-39.']
Length: 1, dtype: str",Cornus,kousa,Cornaceae,Cornales
Cornus officinalis,1.0,-0.9043839670766713,3.379880541003345,"<ArrowStringArray>
['Chen W, Zeng H, Eissenstat DM, Guo D. 2013. Variation of first-order root traits across climatic gradients and evolutionary trends in geological time. Global Ecology and Biogeography 22: 846-856.']
Length: 1, dtype: str",Cornus,officinalis,Cornaceae,Cornales
Cornus ulotricha,1.0,-0.492515122207834,2.5869264582422264,"<ArrowStringArray>
['Wang R, Wang Q, Zhao N, Xu Z, Zhu X, Jiao C, Yu G, He N. 2018. Different phylogenetic and environmental controls of first-order root morphological and nutrient traits: Evidence of multidimensional root traits. Special Focus on Functional Traits Along A Transect 32(1): 29-39.']
Length: 1, dtype: str",Cornus,ulotricha,Cornaceae,Cornales
Corylus ferox,1.0,-1.373575588712116,4.2238506926503625,"<ArrowStringArray>
['Wang R, Wang Q, Zhao N, Xu Z, Zhu X, Jiao C, Yu G, He N. 2018. Different phylogenetic and environmental controls of first-order root morphological and nutrient traits: Evidence of multidimensional root traits. Special Focus on Functional Traits Along A Transect 32(1): 29-39.']
Length: 1, dtype: str",Corylus,ferox,Betulaceae,Fagales
Corylus sieboldiana,1.0,-1.5768093122842057,4.889169309200653,"<ArrowStringArray>
['Wang R, Wang Q, Zhao N, Xu Z, Zhu X, Jiao C, Yu G, He N. 2018. Different phylogenetic and environmental controls of first-order root morphological and nutrient traits: Evidence of multidimensional root traits. Special Focus on Functional Traits Along A Transect 32(1): 29-39.']
Length: 1, dtype: str",Corylus,sieboldiana,Betulaceae,Fagales
Cotoneaster acutifolius,1.0,-1.5925807953676774,4.631792642548199,"<ArrowStringArray>
['Wang R, Wang Q, Zhao N, Xu Z, Zhu X, Jiao C, Yu G, He N. 2018. Different phylogenetic and environmental controls of first-order root morphological and nutrient traits: Evidence of multidimensional root traits. Special Focus on Functional Traits Along A Transect 32(1): 29-39.']
Length: 1, dtype: str",Cotoneaster,acutifolius,Rosaceae,Rosales
Cotoneaster adpressus,1.0,-1.4120225096926218,4.483807694240553,"<ArrowStringArray>
['Wang R, Wang Q, Zhao N, Xu Z, Zhu X, Jiao C, Yu G, He N. 2018. Different phylogenetic and environmental controls of first-order root morphological and nutrient traits: Evidence of multidimensional root traits. Special Focus on Functional Traits Along A Transect 32(1): 29-39.']
Length: 1, dtype: str",Cotoneaster,adpressus,Rosaceae,Rosales
Cotoneaster multiflorus,1.0,-1.4711988682103345,4.984803505157494,"<ArrowStringArray>
['Wang R, Wang Q, Zhao N, Xu Z, Zhu X, Jiao C, Yu G, He N. 2018. Different phylogenetic and environmental controls of first-order root morphological and nutrient traits: Evidence of multidimensional root traits. Special Focus on Functional Traits Along A Transect 32(1): 29-39.']
Length: 1, dtype: str",Cotoneaster,multiflorus,Rosaceae,Rosales
Crataegus pinnatifida,1.0,-1.540145085938151,4.65663128004649,"<ArrowStringArray>
['Wang R, Wang Q, Zhao N, Xu Z, Zhu X, Jiao C, Yu G, He N. 2018. Different phylogenetic and environmental controls of first-order root morphological and nutrient traits: Evidence of multidimensional root traits. Special Focus on Functional Traits Along A Transect 32(1): 29-39.']
Length: 1, dtype: str",Crataegus,pinnatifida,Rosaceae,Rosales
Cratoxylum cochinchinense,1.0,-2.1126261090708796,3.48216274048526,"<ArrowStringArray>
['Kong D, Ma C, Zhang Q, Li L, Chen X, Zeng H, Guo D. 2014. Leading dimensions in absorptive root trait variation across 96 subtropical forest species. New Phytologist 203: 863-872.']
Length: 1, dtype: str",Cratoxylum,cochinchinense,Hypericaceae,Malpighiales
Cryptocarya chinensis,1.0,-0.26669352554264664,2.375976312484794,"<ArrowStringArray>
[                                                                                                'Kong D, Ma C, Zhang Q, Li L, Chen X, Zeng H, Guo D. 2014. Leading dimensions in absorptive root trait variation across 96 subtropical forest species. New Phytologist 203: 863-872.',
                                                                                                                'Kong DL, Wang JJ, Kardol P, Wu HF, Zeng H, Deng XB, Deng Y. 2016. Economic strategies of plant absorptive roots vary with root diameter. Biogeosciences 13: 415-424.',
 'Wang R, Wang Q, Zhao N, Xu Z, Zhu X, Jiao C, Yu G, He N. 2018. Different phylogenetic and environmental controls of first-order root morphological and nutrient traits: Evidence of multidimensional root traits. Special Focus on Functional Traits Along A Transect 32(1): 29-39.']
Length: 3, dtype: str",Cryptocarya,chinensis,Lauraceae,Laurales
Cryptocarya concinna,1.0,-0.7738150836274001,3.2437199559302883,"<ArrowStringArray>
['Kong D, Ma C, Zhang Q, Li L, Chen X, Zeng H, Guo D. 2014. Leading dimensions in absorptive root trait variation across 96 subtropical forest species. New Phytologist 203: 863-872.', 'Chen W, Zeng H, Eissenstat DM, Guo D. 2013. Variation of first-order root traits across climatic gradients and evolutionary trends in geological time. Global Ecology and Biogeography 22: 846-856.']
Length: 2, dtype: str",Cryptocarya,concinna,Lauraceae,Laurales
Cryptomeria japonica,1.0,-0.9226023583489199,3.9264710491615933,"<ArrowStringArray>
['Wang R, Wang Q, Zhao N, Xu Z, Zhu X, Jiao C, Yu G, He N. 2018. Different phylogenetic and environmental controls of first-order root morphological and nutrient traits: Evidence of multidimensional root traits. Special Focus on Functional Traits Along A Transect 32(1): 29-39.']
Length: 1, dtype: str",Cryptomeria,japonica,Cupressaceae,Pinales
Cunninghamia lanceolata,1.0,-0.8286264774997983,3.175672175300385,"<ArrowStringArray>
[                                                                                                                'Liu B, Li H, Zhu B, Koide RT, Eissenstat DM, Guo D. 2015. Complementarity between roots and AM fungi in nutrient foraging strategies. New Phytologist 208: 125-136.',
                                                                                                                'Kong DL, Wang JJ, Kardol P, Wu HF, Zeng H, Deng XB, Deng Y. 2016. Economic strategies of plant absorptive roots vary with root diameter. Biogeosciences 13: 415-424.',
                                                                             'Wang Z-H, Li R-X, Guan Z-W. 2013. Effects of thinning on fine-root morphology, biomass and N concentration of different branch orders of Chinese fir. Chinese Journal of Applied Ecology 24: 1487-1493.',
 'Wang R, Wang Q, Zhao N, Xu Z, Zhu X, Jiao C, Yu G, He N. 2018. Different phylogenetic and environmental controls of first-order root morphological and nutrient traits: Evidence of multidimensional root traits. Special Focus on Functional Traits Along A Transect 32(1): 29-39.']
Length: 4, dtype: str",Cunninghamia,lanceolata,Cupressaceae,Pinales
Cupressus funebris,1.0,-0.9717786574920971,3.0719339992840538,"<ArrowStringArray>
['Su Y, Li X, Liu Y, Li J, Yin H, Wang Z. 2015. Fine root morphology and biomass characteristics at preliminary stage of gap border trees of reformed low beneficial Cupressus funebris forests. Acta Botanica Boreali-Occidentalia Sinica 35: 0587-0593.']
Length: 1, dtype: str",Cupressus,funebris,Cupressaceae,Pinales
Cystopteris sudetica,1.0,-1.0793671726348102,5.5278101436016644,"<ArrowStringArray>
['Dong X, Wang H, Gu J, Wang Y, Wang Z. 2014. Root morphology, histology and chemistry of nine fern species (pteridophyta) in a temperate forest. Plant Soil 393: 215-227.']
Length: 1, dtype: str",Cystopteris,sudetica,Cystopteridaceae,Polypodiales
Dacrycarpus imbricatus,1.0,-0.7139503089104293,3.647729825198227,"<ArrowStringArray>
['Chen W, Zeng H, Eissenstat DM, Guo D. 2013. Variation of first-order root traits across climatic gradients and evolutionary trends in geological time. Global Ecology and Biogeography 22: 846-856.']
Length: 1, dtype: str",Dacrycarpus,imbricatus,Podocarpaceae,Pinales
Daphniphyllum pentandrum,1.0,-1.299994470510012,4.145923991344203,"<ArrowStringArray>
['Wang R, Wang Q, Zhao N, Xu Z, Zhu X, Jiao C, Yu G, He N. 2018. Different phylogenetic and environmental controls of first-order root morphological and nutrient traits: Evidence of multidimensional root traits. Special Focus on Functional Traits Along A Transect 32(1): 29-39.']
Length: 1, dtype: str",Daphniphyllum,pentandrum,Daphniphyllaceae,Saxifragales
Decaspermum gracilentum,1.0,-1.8620746431430808,4.158726821151369,"<ArrowStringArray>
['Kong D, Ma C, Zhang Q, Li L, Chen X, Zeng H, Guo D. 2014. Leading dimensions in absorptive root trait variation across 96 subtropical forest species. New Phytologist 203: 863-872.']
Length: 1, dtype: str",Decaspermum,gracilentum,Myrtaceae,Myrtales
Dendropanax dentiger,1.0,-2.0612087734187763,5.4083710520356005,"<ArrowStringArray>
['Wang R, Wang Q, Zhao N, Xu Z, Zhu X, Jiao C, Yu G, He N. 2018. Different phylogenetic and environmental controls of first-order root morphological and nutrient traits: Evidence of multidimensional root traits. Special Focus on Functional Traits Along A Transect 32(1): 29-39.']
Length: 1, dtype: str",Dendropanax,dentiger,Araliaceae,Apiales
Deutzia glabrata,1.0,-1.6928195213731514,5.368792365008639,"<ArrowStringArray>
['Wang R, Wang Q, Zhao N, Xu Z, Zhu X, Jiao C, Yu G, He N. 2018. Different phylogenetic and environmental controls of first-order root morphological and nutrient traits: Evidence of multidimensional root traits. Special Focus on Functional Traits Along A Transect 32(1): 29-39.']
Length: 1, dtype: str",Deutzia,glabrata,Hydrangeaceae,Cornales
Deutzia grandiflora,1.0,-1.113599030976433,5.05188206654559,"<ArrowStringArray>
['Wang R, Wang Q, Zhao N, Xu Z, Zhu X, Jiao C, Yu G, He N. 2018. Different phylogenetic and environmental controls of first-order root morphological and nutrient traits: Evidence of multidimensional root traits. Special Focus on Functional Traits Along A Transect 32(1): 29-39.']
Length: 1, dtype: str",Deutzia,grandiflora,Hydrangeaceae,Cornales
Dicranopteris linearis,1.0,-1.625567294363984,4.318820558770089,"<ArrowStringArray>
['Kong DL, Wang JJ, Kardol P, Wu HF, Zeng H, Deng XB, Deng Y. 2016. Economic strategies of plant absorptive roots vary with root diameter. Biogeosciences 13: 415-424.']
Length: 1, dtype: str",Dicranopteris,linearis,Gleicheniaceae,Gleicheniales
Dicranopteris pedata,1.0,-1.5874318321714858,4.394205548089184,"<ArrowStringArray>
['Wang R, Wang Q, Zhao N, Xu Z, Zhu X, Jiao C, Yu G, He N. 2018. Different phylogenetic and environmental controls of first-order root morphological and nutrient traits: Evidence of multidimensional root traits. Special Focus on Functional Traits Along A Transect 32(1): 29-39.']
Length: 1, dtype: str",Dicranopteris,pedata,Gleicheniaceae,Gleicheniales
Dioscorea nipponica,1.0,-1.6004781710626284,5.5768851853391865,"<ArrowStringArray>
['Wang R, Wang Q, Zhao N, Xu Z, Zhu X, Jiao C, Yu G, He N. 2018. Different phylogenetic and environmental controls of first-order root morphological and nutrient traits: Evidence of multidimensional root traits. Special Focus on Functional Traits Along A Transect 32(1): 29-39.']
Length: 1, dtype: str",Dioscorea,nipponica,Dioscoreaceae,Dioscoreales
Diospyros strigosa,1.0,-1.032480649404884,3.6889593264240585,"<ArrowStringArray>
['Chen W, Zeng H, Eissenstat DM, Guo D. 2013. Variation of first-order root traits across climatic gradients and evolutionary trends in geological time. Global Ecology and Biogeography 22: 846-856.']
Length: 1, dtype: str",Diospyros,strigosa,Ebenaceae,Ericales
Diospyros virginiana,1.0,-0.9851420196345553,3.1937893193621996,"<ArrowStringArray>
[' Valverde-Barrantes OJ, Smemo KA, Blackwood CB. 2014. Fine root morphology is phylogenetically structured, but nitrogen is related to the plant economics spectrum in temperate trees. Functional Ecology 29: 796-807.', 'Valverde et al (unpublished)']
Length: 2, dtype: str",Diospyros,virginiana,Ebenaceae,Ericales
Diplospora dubia,1.0,-1.1996488328458814,4.423027436687124,"<ArrowStringArray>
['Wang R, Wang Q, Zhao N, Xu Z, Zhu X, Jiao C, Yu G, He N. 2018. Different phylogenetic and environmental controls of first-order root morphological and nutrient traits: Evidence of multidimensional root traits. Special Focus on Functional Traits Along A Transect 32(1): 29-39.']
Length: 1, dtype: str",Diplospora,dubia,Rubiaceae,Gentianales
Doellingeria scabra,1.0,-1.554476354360126,5.389988204702237,"<ArrowStringArray>
['Wang R, Wang Q, Zhao N, Xu Z, Zhu X, Jiao C, Yu G, He N. 2018. Different phylogenetic and environmental controls of first-order root morphological and nutrient traits: Evidence of multidimensional root traits. Special Focus on Functional Traits Along A Transect 32(1): 29-39.']
Length: 1, dtype: str",Doellingeria,scabra,Asteraceae,Asterales
Dryopteris lepidopoda,1.0,-1.610104634643966,4.809019966164863,"<ArrowStringArray>
['Wang R, Wang Q, Zhao N, Xu Z, Zhu X, Jiao C, Yu G, He N. 2018. Different phylogenetic and environmental controls of first-order root morphological and nutrient traits: Evidence of multidimensional root traits. Special Focus on Functional Traits Along A Transect 32(1): 29-39.']
Length: 1, dtype: str",Dryopteris,lepidopoda,Dryopteridaceae,Polypodiales
Dryopteris sparsa,1.0,-1.6156866451625458,5.246567760697824,"<ArrowStringArray>
['Wang R, Wang Q, Zhao N, Xu Z, Zhu X, Jiao C, Yu G, He N. 2018. Different phylogenetic and environmental controls of first-order root morphological and nutrient traits: Evidence of multidimensional root traits. Special Focus on Functional Traits Along A Transect 32(1): 29-39.']
Length: 1, dtype: str",Dryopteris,sparsa,Dryopteridaceae,Polypodiales
Duchesnea indica,1.0,-1.640928579525471,5.319102395933146,"<ArrowStringArray>
['Wang R, Wang Q, Zhao N, Xu Z, Zhu X, Jiao C, Yu G, He N. 2018. Different phylogenetic and environmental controls of first-order root morphological and nutrient traits: Evidence of multidimensional root traits. Special Focus on Functional Traits Along A Transect 32(1): 29-39.']
Length: 1, dtype: str",Duchesnea,indica,Rosaceae,Rosales
Dysoxylum excelsum,1.0,-0.12044771501308699,2.208367212623428,"<ArrowStringArray>
['Chen W, Zeng H, Eissenstat DM, Guo D. 2013. Variation of first-order root traits across climatic gradients and evolutionary trends in geological time. Global Ecology and Biogeography 22: 846-856.']
Length: 1, dtype: str",Dysoxylum,excelsum,Meliaceae,Sapindales
Elaeocarpus dubius,1.0,-1.2108631550306903,4.067165311631414,"<ArrowStringArray>
['Kong D, Ma C, Zhang Q, Li L, Chen X, Zeng H, Guo D. 2014. Leading dimensions in absorptive root trait variation across 96 subtropical forest species. New Phytologist 203: 863-872.', 'Wang R, Wang Q, Zhao N, Xu Z, Zhu X, Jiao C, Yu G, He N. 2018. Different phylogenetic and environmental controls of first-order root morphological and nutrient traits: Evidence of multidimensional root traits. Special Focus on Functional Traits Along A Transect 32(1): 29-39.']
Length: 2, dtype: str",Elaeocarpus,dubius,Elaeocarpaceae,Oxalidales
Elaeocarpus glabripetalus,1.0,-1.2729656758128873,4.33990170837321,"<ArrowStringArray>
['Liu B, Li H, Zhu B, Koide RT, Eissenstat DM, Guo D. 2015. Complementarity between roots and AM fungi in nutrient foraging strategies. New Phytologist 208: 125-136.']
Length: 1, dtype: str",Elaeocarpus,glabripetalus,Elaeocarpaceae,Oxalidales
Elaeocarpus sylvestris,1.0,-1.448288382511074,4.497762533430192,"<ArrowStringArray>
['Xu Y, Gu JC, Dong XY, Liu Y, Wang ZQ. 2011. Fine root morphology, anatomy and tissue nitrogen and carbon contents of the first five orders in four tropical hardwood species in Hainan Island, China. Chinese Journal of Plant Ecology 35:955-964.', 'Wang R, Wang Q, Zhao N, Xu Z, Zhu X, Jiao C, Yu G, He N. 2018. Different phylogenetic and environmental controls of first-order root morphological and nutrient traits: Evidence of multidimensional root traits. Special Focus on Functional Traits Along A Transect 32(1): 29-39.']
Length: 2, dtype: str",Elaeocarpus,sylvestris,Elaeocarpaceae,Oxalidales
Eleutherococcus senticosus,1.0,-1.493879571799828,5.263640884001318,"<ArrowStringArray>
['Wang R, Wang Q, Zhao N, Xu Z, Zhu X, Jiao C, Yu G, He N. 2018. Different phylogenetic and environmental controls of first-order root morphological and nutrient traits: Evidence of multidimensional root traits. Special Focus on Functional Traits Along A Transect 32(1): 29-39.']
Length: 1, dtype: str",Eleutherococcus,senticosus,Araliaceae,Apiales
Embelia vestita,1.0,-1.5709386132834906,4.568821127540797,"<ArrowStringArray>
['Wang R, Wang Q, Zhao N, Xu Z, Zhu X, Jiao C, Yu G, He N. 2018. Different phylogenetic and environmental controls of first-order root morphological and nutrient traits: Evidence of multidimensional root traits. Special Focus on Functional Traits Along A Transect 32(1): 29-39.']
Length: 1, dtype: str",Embelia,vestita,Primulaceae,Ericales
Endospermum chinense,1.0,-0.47590623298654317,3.3480188003603257,"<ArrowStringArray>
['Xu Y, Gu JC, Dong XY, Liu Y, Wang ZQ. 2011. Fine root morphology, anatomy and tissue nitrogen and carbon contents of the first five orders in four tropical hardwood species in Hainan Island, China. Chinese Journal of Plant Ecology 35:955-964.', 'Kong DL, Wang JJ, Kardol P, Wu HF, Zeng H, Deng XB, Deng Y. 2016. Economic strategies of plant absorptive roots vary with root diameter. Biogeosciences 13: 415-424.']
Length: 2, dtype: str",Endospermum,chinense,Euphorbiaceae,Malpighiales
Engelhardia roxburghiana,1.0,-1.7344344026087857,4.668942788885158,"<ArrowStringArray>
['Kong D, Ma C, Zhang Q, Li L, Chen X, Zeng H, Guo D. 2014. Leading dimensions in absorptive root trait variation across 96 subtropical forest species. New Phytologist 203: 863-872.', 'Wang R, Wang Q, Zhao N, Xu Z, Zhu X, Jiao C, Yu G, He N. 2018. Different phylogenetic and environmental controls of first-order root morphological and nutrient traits: Evidence of multidimensional root traits. Special Focus on Functional Traits Along A Transect 32(1): 29-39.']
Length: 2, dtype: str",Engelhardia,roxburghiana,Juglandaceae,Fagales
Equisetum hyemale,1.0,-0.7367031130518447,4.454200748655468,"<ArrowStringArray>
['Dong X, Wang H, Gu J, Wang Y, Wang Z. 2014. Root morphology, histology and chemistry of nine fern species (pteridophyta) in a temperate forest. Plant Soil 393: 215-227.']
Length: 1, dtype: str",Equisetum,hyemale,Equisetaceae,Equisetales
Equisetum pratense,1.0,-1.413391453656634,5.540388917685265,"<ArrowStringArray>
['Dong X, Wang H, Gu J, Wang Y, Wang Z. 2014. Root morphology, histology and chemistry of nine fern species (pteridophyta) in a temperate forest. Plant Soil 393: 215-227.']
Length: 1, dtype: str",Equisetum,pratense,Equisetaceae,Equisetales
Eriobotrya japonica,1.0,-1.1430658694224145,3.8318969609488613,"<ArrowStringArray>
['Kong D, Ma C, Zhang Q, Li L, Chen X, Zeng H, Guo D. 2014. Leading dimensions in absorptive root trait variation across 96 subtropical forest species. New Phytologist 203: 863-872.']
Length: 1, dtype: str",Eriobotrya,japonica,Rosaceae,Rosales
Eucalyptus urophylla,1.0,-1.93489108257288,4.6654182663334485,"<ArrowStringArray>
['Kong D, Ma C, Zhang Q, Li L, Chen X, Zeng H, Guo D. 2014. Leading dimensions in absorptive root trait variation across 96 subtropical forest species. New Phytologist 203: 863-872.']
Length: 1, dtype: str",Eucalyptus,urophylla,Myrtaceae,Myrtales
Euonymus alatus,1.0,-1.4928307530344898,4.674651038255275,"<ArrowStringArray>
[                                                                'Shi W, Wang ZQ, Liu JL, Gu JC, Guo DL. 2008. Fine root morphology of twenty hardwood species in Maoershan Natural Secondary Forest in Northeastern China. Journal of Plant Ecology (Chinese Version) 32: 1217-1226.',
                                                                                 'Chen W, Zeng H, Eissenstat DM, Guo D. 2013. Variation of first-order root traits across climatic gradients and evolutionary trends in geological time. Global Ecology and Biogeography 22: 846-856.',
 'Wang R, Wang Q, Zhao N, Xu Z, Zhu X, Jiao C, Yu G, He N. 2018. Different phylogenetic and environmental controls of first-order root morphological and nutrient traits: Evidence of multidimensional root traits. Special Focus on Functional Traits Along A Transect 32(1): 29-39.']
Length: 3, dtype: str",Euonymus,alatus,Celastraceae,Celastrales
Euonymus verrucosus,1.0,-1.455286072607515,5.222932387752917,"<ArrowStringArray>
['Shi W, Wang ZQ, Liu JL, Gu JC, Guo DL. 2008. Fine root morphology of twenty hardwood species in Maoershan Natural Secondary Forest in Northeastern China. Journal of Plant Ecology (Chinese Version) 32: 1217-1226.', 'Wang R, Wang Q, Zhao N, Xu Z, Zhu X, Jiao C, Yu G, He N. 2018. Different phylogenetic and environmental controls of first-order root morphological and nutrient traits: Evidence of multidimensional root traits. Special Focus on Functional Traits Along A Transect 32(1): 29-39.']
Length: 2, dtype: str",Euonymus,verrucosus,Celastraceae,Celastrales
Euptelea pleiosperma,1.0,-1.1412850573146909,4.099012521328839,"<ArrowStringArray>
['Wang R, Wang Q, Zhao N, Xu Z, Zhu X, Jiao C, Yu G, He N. 2018. Different phylogenetic and environmental controls of first-order root morphological and nutrient traits: Evidence of multidimensional root traits. Special Focus on Functional Traits Along A Transect 32(1): 29-39.']
Length: 1, dtype: str",Euptelea,pleiosperma,Eupteleaceae,Ranunculales
Eurya japonica,1.0,-1.739216953941945,4.842998700292426,"<ArrowStringArray>
['Chen W, Zeng H, Eissenstat DM, Guo D. 2013. Variation of first-order root traits across climatic gradients and evolutionary trends in geological time. Global Ecology and Biogeography 22: 846-856.']
Length: 1, dtype: str",Eurya,japonica,Pentaphylacaceae,Ericales
Fagus engleriana,1.0,-1.6918688864132598,4.5383184974605015,"<ArrowStringArray>
['Wang R, Wang Q, Zhao N, Xu Z, Zhu X, Jiao C, Yu G, He N. 2018. Different phylogenetic and environmental controls of first-order root morphological and nutrient traits: Evidence of multidimensional root traits. Special Focus on Functional Traits Along A Transect 32(1): 29-39.']
Length: 1, dtype: str",Fagus,engleriana,Fagaceae,Fagales
Ficus variolosa,1.0,-2.0180078354957436,4.965986542427374,"<ArrowStringArray>
['Kong D, Ma C, Zhang Q, Li L, Chen X, Zeng H, Guo D. 2014. Leading dimensions in absorptive root trait variation across 96 subtropical forest species. New Phytologist 203: 863-872.']
Length: 1, dtype: str",Ficus,variolosa,Moraceae,Rosales
Filipendula palmata,1.0,-1.6982691261407161,5.396386363677473,"<ArrowStringArray>
['Wang R, Wang Q, Zhao N, Xu Z, Zhu X, Jiao C, Yu G, He N. 2018. Different phylogenetic and environmental controls of first-order root morphological and nutrient traits: Evidence of multidimensional root traits. Special Focus on Functional Traits Along A Transect 32(1): 29-39.']
Length: 1, dtype: str",Filipendula,palmata,Rosaceae,Rosales
Fraxinus americana,1.0,-1.4840603659955758,3.6618163611850068,"<ArrowStringArray>
[' Valverde-Barrantes OJ, Smemo KA, Blackwood CB. 2014. Fine root morphology is phylogenetically structured, but nitrogen is related to the plant economics spectrum in temperate trees. Functional Ecology 29: 796-807.', 'Valverde et al (unpublished)']
Length: 2, dtype: str",Fraxinus,americana,Oleaceae,Lamiales
Fraxinus chinensis,1.0,-1.000980131286906,3.7757211092432925,"<ArrowStringArray>
['Chen W, Zeng H, Eissenstat DM, Guo D. 2013. Variation of first-order root traits across climatic gradients and evolutionary trends in geological time. Global Ecology and Biogeography 22: 846-856.', 'Wang R, Wang Q, Zhao N, Xu Z, Zhu X, Jiao C, Yu G, He N. 2018. Different phylogenetic and environmental controls of first-order root morphological and nutrient traits: Evidence of multidimensional root traits. Special Focus on Functional Traits Along A Transect 32(1): 29-39.']
Length: 2, dtype: str",Fraxinus,chinensis,Oleaceae,Lamiales
Fraxinus excelsior,1.0,-0.9843478065341427,3.491128883489728,"<ArrowStringArray>
['Kubisch P, Hertel D, Leuschner C. 2015. Do ectomycorrhizal and arbuscular mycorrhizal temperate tree species systematically differ in root order-related fine root morphology and biomass? Frontiers in Plant Science 6(64): 1-12.']
Length: 1, dtype: str",Fraxinus,excelsior,Oleaceae,Lamiales
Fraxinus mandshurica,1.0,-1.291650484943504,4.640616940124867,"<ArrowStringArray>
[                                                                                                'Wang Z, Guo D, Wang X, Gu J, Mei L. 2006. Fine root architecture, morphology, and biomass of different branch orders of two Chinese temperate tree species. Plant Soil 288:155-171.',
                                                                 'Shi W, Wang ZQ, Liu JL, Gu JC, Guo DL. 2008. Fine root morphology of twenty hardwood species in Maoershan Natural Secondary Forest in Northeastern China. Journal of Plant Ecology (Chinese Version) 32: 1217-1226.',
           'Jia SX, Zhao YL, Ding GQ, Sun Y, Xu Y, Wang ZQ. 2010. Relationship among fine-root morphology, anatomy, tissue nitrogen concentration and respiration in different branch root orders in Larix gmelinii and Fraxinus mandshurica. Chinese Bulletin of Botany 45: 174-181.',
                                                                       'Wang Y, Dong X, Wang H, Wang Z, Gu J. 2016. Root tip morphology, anatomy, chemistry and potential hydraulic conductivity vary with soil depth in three temperate hardwood species. Tree Physiology 36:99-108.',
                                                                                                     'Wang W, Wang Y, Hoch G, Wang Z, Gu J. 2018. Linkage of root morphology to anatomy with increasing nitrogen availability in six temperate tree species. Plant Soil 425: 198-200.',
 'Wang R, Wang Q, Zhao N, Xu Z, Zhu X, Jiao C, Yu G, He N. 2018. Different phylogenetic and environmental controls of first-order root morphological and nutrient traits: Evidence of multidimensional root traits. Special Focus on Functional Traits Along A Transect 32(1): 29-39.',
                                                                           'Wang Y, Gao G, Wang N, Wang Z, Gu J. 2019. Effects of morphology and stand structure on root biomass and length differed between absorptive and transport roots in temperate trees. Plant Soil, in press.']
Length: 7, dtype: str",Fraxinus,mandshurica,Oleaceae,Lamiales
Galium aparine,1.0,-1.6654793033177253,5.483130261962464,"<ArrowStringArray>
['Wang R, Wang Q, Zhao N, Xu Z, Zhu X, Jiao C, Yu G, He N. 2018. Different phylogenetic and environmental controls of first-order root morphological and nutrient traits: Evidence of multidimensional root traits. Special Focus on Functional Traits Along A Transect 32(1): 29-39.']
Length: 1, dtype: str",Galium,aparine,Rubiaceae,Gentianales
Garcinia cowa,1.0,-1.2279581670764472,4.46900676117522,"<ArrowStringArray>
['Kong D, Ma C, Zhang Q, Li L, Chen X, Zeng H, Guo D. 2014. Leading dimensions in absorptive root trait variation across 96 subtropical forest species. New Phytologist 203: 863-872.']
Length: 1, dtype: str",Garcinia,cowa,Clusiaceae,Malpighiales
Garcinia oblongifolia,1.0,-1.6597317064885675,4.5094299137072555,"<ArrowStringArray>
['Kong D, Ma C, Zhang Q, Li L, Chen X, Zeng H, Guo D. 2014. Leading dimensions in absorptive root trait variation across 96 subtropical forest species. New Phytologist 203: 863-872.']
Length: 1, dtype: str",Garcinia,oblongifolia,Clusiaceae,Malpighiales
Ginkgo biloba,1.0,-0.390084006069862,2.9920254116226643,"<ArrowStringArray>
['Chen W, Zeng H, Eissenstat DM, Guo D. 2013. Variation of first-order root traits across climatic gradients and evolutionary trends in geological time. Global Ecology and Biogeography 22: 846-856.']
Length: 1, dtype: str",Ginkgo,biloba,Ginkgoaceae,Ginkgoales
Gironniera subaequalis,1.0,-2.080241861850605,4.213312081286144,"<ArrowStringArray>
['Kong D, Ma C, Zhang Q, Li L, Chen X, Zeng H, Guo D. 2014. Leading dimensions in absorptive root trait variation across 96 subtropical forest species. New Phytologist 203: 863-872.']
Length: 1, dtype: str",Gironniera,subaequalis,Cannabaceae,Rosales
Gleditsia triacanthos,1.0,-0.9694534699515954,3.0039883357858987,"<ArrowStringArray>
[' Valverde-Barrantes OJ, Smemo KA, Blackwood CB. 2014. Fine root morphology is phylogenetically structured, but nitrogen is related to the plant economics spectrum in temperate trees. Functional Ecology 29: 796-807.', 'Valverde et al (unpublished)']
Length: 2, dtype: str",Gleditsia,triacanthos,Fabaceae,Fabales
Goniothalamus griffithii,1.0,-0.48672807274248575,2.8085239973722764,"<ArrowStringArray>
['Chen W, Zeng H, Eissenstat DM, Guo D. 2013. Variation of first-order root traits across climatic gradients and evolutionary trends in geological time. Global Ecology and Biogeography 22: 846-856.']
Length: 1, dtype: str",Goniothalamus,griffithii,Annonaceae,Magnoliales
Gordonia axillaris,1.0,-0.6129321800373665,2.7930039069823738,"<ArrowStringArray>
['Kong D, Ma C, Zhang Q, Li L, Chen X, Zeng H, Guo D. 2014. Leading dimensions in absorptive root trait variation across 96 subtropical forest species. New Phytologist 203: 863-872.', 'Kong DL, Wang JJ, Kardol P, Wu HF, Zeng H, Deng XB, Deng Y. 2016. Economic strategies of plant absorptive roots vary with root diameter. Biogeosciences 13: 415-424.']
Length: 2, dtype: str",Gordonia,axillaris,Theaceae,Ericales
Halesia tetraptera,1.0,-1.4942022073600143,3.9224840718732885,"<ArrowStringArray>
[' Valverde-Barrantes OJ, Smemo KA, Blackwood CB. 2014. Fine root morphology is phylogenetically structured, but nitrogen is related to the plant economics spectrum in temperate trees. Functional Ecology 29: 796-807.', 'Valverde et al (unpublished)']
Length: 2, dtype: str",Halesia,tetraptera,Styracaceae,Ericales
Hamamelis virginiana,1.0,-1.327613047480723,3.1902668572109327,"<ArrowStringArray>
[' Valverde-Barrantes OJ, Smemo KA, Blackwood CB. 2014. Fine root morphology is phylogenetically structured, but nitrogen is related to the plant economics spectrum in temperate trees. Functional Ecology 29: 796-807.', 'Valverde et al (unpublished)']
Length: 2, dtype: str",Hamamelis,virginiana,Hamamelidaceae,Saxifragales
Helicia formosana,1.0,-1.691407475301351,4.5830268213024015,"<ArrowStringArray>
['Kong D, Ma C, Zhang Q, Li L, Chen X, Zeng H, Guo D. 2014. Leading dimensions in absorptive root trait variation across 96 subtropical forest species. New Phytologist 203: 863-872.']
Length: 1, dtype: str",Helicia,formosana,Proteaceae,Proteales
Hosta ventricosa,1.0,-0.8988192509621502,4.101969221654853,"<ArrowStringArray>
['Wang R, Wang Q, Zhao N, Xu Z, Zhu X, Jiao C, Yu G, He N. 2018. Different phylogenetic and environmental controls of first-order root morphological and nutrient traits: Evidence of multidimensional root traits. Special Focus on Functional Traits Along A Transect 32(1): 29-39.']
Length: 1, dtype: str",Hosta,ventricosa,Asparagaceae,Asparagales
Ilex opaca,1.0,-1.5076300700532768,3.7947634753438058,"<ArrowStringArray>
[' Valverde-Barrantes OJ, Smemo KA, Blackwood CB. 2014. Fine root morphology is phylogenetically structured, but nitrogen is related to the plant economics spectrum in temperate trees. Functional Ecology 29: 796-807.', 'Valverde et al (unpublished)']
Length: 2, dtype: str",Ilex,opaca,Aquifoliaceae,Aquifoliales
Iris japonica,1.0,-0.8584936331479384,4.227644446633998,"<ArrowStringArray>
['Wang R, Wang Q, Zhao N, Xu Z, Zhu X, Jiao C, Yu G, He N. 2018. Different phylogenetic and environmental controls of first-order root morphological and nutrient traits: Evidence of multidimensional root traits. Special Focus on Functional Traits Along A Transect 32(1): 29-39.']
Length: 1, dtype: str",Iris,japonica,Iridaceae,Asparagales
Itea chinensis,1.0,-2.126449295287177,4.703475874772215,"<ArrowStringArray>
['Kong D, Ma C, Zhang Q, Li L, Chen X, Zeng H, Guo D. 2014. Leading dimensions in absorptive root trait variation across 96 subtropical forest species. New Phytologist 203: 863-872.']
Length: 1, dtype: str",Itea,chinensis,Iteaceae,Saxifragales
Juglans mandshurica,1.0,-1.3541877262568558,4.692767599845721,"<ArrowStringArray>
[                                                                'Shi W, Wang ZQ, Liu JL, Gu JC, Guo DL. 2008. Fine root morphology of twenty hardwood species in Maoershan Natural Secondary Forest in Northeastern China. Journal of Plant Ecology (Chinese Version) 32: 1217-1226.',
                                                                       'Wang Y, Dong X, Wang H, Wang Z, Gu J. 2016. Root tip morphology, anatomy, chemistry and potential hydraulic conductivity vary with soil depth in three temperate hardwood species. Tree Physiology 36:99-108.',
                                                                                                     'Wang W, Wang Y, Hoch G, Wang Z, Gu J. 2018. Linkage of root morphology to anatomy with increasing nitrogen availability in six temperate tree species. Plant Soil 425: 198-200.',
                                                                            'Salahuddin, Rewald B, Razaq M, Lixue Y, Li J, Khan F, Jie Z. 2018. Root order-based traits of Manchurian walnut & larch and their plasticity under interspecific competition. Scientific Reports 8: 9815',
 'Wang R, Wang Q, Zhao N, Xu Z, Zhu X, Jiao C, Yu G, He N. 2018. Different phylogenetic and environmental controls of first-order root morphological and nutrient traits: Evidence of multidimensional root traits. Special Focus on Functional Traits Along A Transect 32(1): 29-39.',
                                                                           'Wang Y, Gao G, Wang N, Wang Z, Gu J. 2019. Effects of morphology and stand structure on root biomass and length differed between absorptive and transport roots in temperate trees. Plant Soil, in press.']
Length: 6, dtype: str",Juglans,mandshurica,Juglandaceae,Fagales
Juglans nigra,1.0,-1.3238942246980918,3.203079613447119,"<ArrowStringArray>
[' Valverde-Barrantes OJ, Smemo KA, Blackwood CB. 2014. Fine root morphology is phylogenetically structured, but nitrogen is related to the plant economics spectrum in temperate trees. Functional Ecology 29: 796-807.',
                                                'McCormack ML, Adams TS, Smithwick EAH, Eissenstat DM. 2012. Predicting fine root lifespan from plant functional traits in temperate trees. New Phytologist 195:823-831.',
                                                                                                                                                                                           'Valverde et al (unpublished)']
Length: 3, dtype: str",Juglans,nigra,Juglandaceae,Fagales
Juniperus monosperma,1.0,-0.916290731874155,3.044522437723423,"<ArrowStringArray>
['Pregitzer KS, DeForest JL, Burton AJ, Allen MF, Ruess RW, Hendrick RL. 2002. Fine root architecture of nine North American trees. Ecological Monographs 72: 293-309.']
Length: 1, dtype: str",Juniperus,monosperma,Cupressaceae,Pinales
Juniperus sabina,1.0,-0.9167908569158374,3.6432834618664827,"<ArrowStringArray>
['Wang R, Wang Q, Zhao N, Xu Z, Zhu X, Jiao C, Yu G, He N. 2018. Different phylogenetic and environmental controls of first-order root morphological and nutrient traits: Evidence of multidimensional root traits. Special Focus on Functional Traits Along A Transect 32(1): 29-39.']
Length: 1, dtype: str",Juniperus,sabina,Cupressaceae,Pinales
Knema erratica,1.0,-0.1646799239417102,1.563217773907763,"<ArrowStringArray>
['Chen W, Zeng H, Eissenstat DM, Guo D. 2013. Variation of first-order root traits across climatic gradients and evolutionary trends in geological time. Global Ecology and Biogeography 22: 846-856.']
Length: 1, dtype: str",Knema,erratica,Myristicaceae,Magnoliales
Koelreuteria paniculata,1.0,-1.3987718016265513,4.5802430498867315,"<ArrowStringArray>
[' Valverde-Barrantes OJ, Smemo KA, Blackwood CB. 2014. Fine root morphology is phylogenetically structured, but nitrogen is related to the plant economics spectrum in temperate trees. Functional Ecology 29: 796-807.', 'Valverde et al (unpublished)']
Length: 2, dtype: str",Koelreuteria,paniculata,Sapindaceae,Sapindales
Lamium album,1.0,-1.9995219185039625,5.792156286415493,"<ArrowStringArray>
['Wang R, Wang Q, Zhao N, Xu Z, Zhu X, Jiao C, Yu G, He N. 2018. Different phylogenetic and environmental controls of first-order root morphological and nutrient traits: Evidence of multidimensional root traits. Special Focus on Functional Traits Along A Transect 32(1): 29-39.']
Length: 1, dtype: str",Lamium,album,Lamiaceae,Lamiales
Larix gmelinii,1.0,-1.0788368689315948,3.619499135719005,"<ArrowStringArray>
[                                                                                                'Wang Z, Guo D, Wang X, Gu J, Mei L. 2006. Fine root architecture, morphology, and biomass of different branch orders of two Chinese temperate tree species. Plant Soil 288:155-171.',
           'Jia SX, Zhao YL, Ding GQ, Sun Y, Xu Y, Wang ZQ. 2010. Relationship among fine-root morphology, anatomy, tissue nitrogen concentration and respiration in different branch root orders in Larix gmelinii and Fraxinus mandshurica. Chinese Bulletin of Botany 45: 174-181.',
                                                                                 'Chen W, Zeng H, Eissenstat DM, Guo D. 2013. Variation of first-order root traits across climatic gradients and evolutionary trends in geological time. Global Ecology and Biogeography 22: 846-856.',
                                                                                                     'Wang W, Wang Y, Hoch G, Wang Z, Gu J. 2018. Linkage of root morphology to anatomy with increasing nitrogen availability in six temperate tree species. Plant Soil 425: 198-200.',
                                                                            'Salahuddin, Rewald B, Razaq M, Lixue Y, Li J, Khan F, Jie Z. 2018. Root order-based traits of Manchurian walnut & larch and their plasticity under interspecific competition. Scientific Reports 8: 9815',
 'Wang R, Wang Q, Zhao N, Xu Z, Zhu X, Jiao C, Yu G, He N. 2018. Different phylogenetic and environmental controls of first-order root morphological and nutrient traits: Evidence of multidimensional root traits. Special Focus on Functional Traits Along A Transect 32(1): 29-39.',
                                                                           'Wang Y, Gao G, Wang N, Wang Z, Gu J. 2019. Effects of morphology and stand structure on root biomass and length differed between absorptive and transport roots in temperate trees. Plant Soil, in press.']
Length: 7, dtype: str",Larix,gmelinii,Pinaceae,Pinales
Lespedeza bicolor,1.0,-1.406905315024015,4.931618323063865,"<ArrowStringArray>
['Wang R, Wang Q, Zhao N, Xu Z, Zhu X, Jiao C, Yu G, He N. 2018. Different phylogenetic and environmental controls of first-order root morphological and nutrient traits: Evidence of multidimensional root traits. Special Focus on Functional Traits Along A Transect 32(1): 29-39.']
Length: 1, dtype: str",Lespedeza,bicolor,Fabaceae,Fabales
Lespedeza thunbergii,1.0,-1.474470052023616,4.757488255324351,"<ArrowStringArray>
['Wang R, Wang Q, Zhao N, Xu Z, Zhu X, Jiao C, Yu G, He N. 2018. Different phylogenetic and environmental controls of first-order root morphological and nutrient traits: Evidence of multidimensional root traits. Special Focus on Functional Traits Along A Transect 32(1): 29-39.']
Length: 1, dtype: str",Lespedeza,thunbergii,Fabaceae,Fabales
Lindera communis,1.0,-0.9288695140810151,3.6575779940959783,"<ArrowStringArray>
['Chen W, Zeng H, Eissenstat DM, Guo D. 2013. Variation of first-order root traits across climatic gradients and evolutionary trends in geological time. Global Ecology and Biogeography 22: 846-856.']
Length: 1, dtype: str",Lindera,communis,Lauraceae,Laurales
Lindera obtusiloba,1.0,-1.3417991212333393,4.527325535091816,"<ArrowStringArray>
['Wang R, Wang Q, Zhao N, Xu Z, Zhu X, Jiao C, Yu G, He N. 2018. Different phylogenetic and environmental controls of first-order root morphological and nutrient traits: Evidence of multidimensional root traits. Special Focus on Functional Traits Along A Transect 32(1): 29-39.']
Length: 1, dtype: str",Lindera,obtusiloba,Lauraceae,Laurales
Liquidambar formosana,1.0,-1.2954181787876518,4.269078494900241,"<ArrowStringArray>
['Liu B, Li H, Zhu B, Koide RT, Eissenstat DM, Guo D. 2015. Complementarity between roots and AM fungi in nutrient foraging strategies. New Phytologist 208: 125-136.', 'Wang R, Wang Q, Zhao N, Xu Z, Zhu X, Jiao C, Yu G, He N. 2018. Different phylogenetic and environmental controls of first-order root morphological and nutrient traits: Evidence of multidimensional root traits. Special Focus on Functional Traits Along A Transect 32(1): 29-39.']
Length: 2, dtype: str",Liquidambar,formosana,Altingiaceae,Saxifragales
Liquidambar styraciflua,1.0,-1.2045901448413856,3.4570150883595043,"<ArrowStringArray>
[' Valverde-Barrantes OJ, Smemo KA, Blackwood CB. 2014. Fine root morphology is phylogenetically structured, but nitrogen is related to the plant economics spectrum in temperate trees. Functional Ecology 29: 796-807.', 'Valverde et al (unpublished)']
Length: 2, dtype: str",Liquidambar,styraciflua,Altingiaceae,Saxifragales
Liriodendron chinense,1.0,-0.5832977551499219,3.0536237519697687,"<ArrowStringArray>
['Kong D, Ma C, Zhang Q, Li L, Chen X, Zeng H, Guo D. 2014. Leading dimensions in absorptive root trait variation across 96 subtropical forest species. New Phytologist 203: 863-872.', 'Chen W, Zeng H, Eissenstat DM, Guo D. 2013. Variation of first-order root traits across climatic gradients and evolutionary trends in geological time. Global Ecology and Biogeography 22: 846-856.']
Length: 2, dtype: str",Liriodendron,chinense,Magnoliaceae,Magnoliales
Liriodendron tulipifera,1.0,-0.5541500314341674,2.4702260315786053,"<ArrowStringArray>
[' Valverde-Barrantes OJ, Smemo KA, Blackwood CB. 2014. Fine root morphology is phylogenetically structured, but nitrogen is related to the plant economics spectrum in temperate trees. Functional Ecology 29: 796-807.',
                                                'McCormack ML, Adams TS, Smithwick EAH, Eissenstat DM. 2012. Predicting fine root lifespan from plant functional traits in temperate trees. New Phytologist 195:823-831.',
                                                   'Pregitzer KS, DeForest JL, Burton AJ, Allen MF, Ruess RW, Hendrick RL. 2002. Fine root architecture of nine North American trees. Ecological Monographs 72: 293-309.',
                                                                                                                                                                                           'Valverde et al (unpublished)']
Length: 4, dtype: str",Liriodendron,tulipifera,Magnoliaceae,Magnoliales
Lithocarpus chiungchungensis,1.0,-1.5162208307229665,4.326910252115215,"<ArrowStringArray>
['Kong D, Ma C, Zhang Q, Li L, Chen X, Zeng H, Guo D. 2014. Leading dimensions in absorptive root trait variation across 96 subtropical forest species. New Phytologist 203: 863-872.']
Length: 1, dtype: str",Lithocarpus,chiungchungensis,Fagaceae,Fagales
Lithocarpus cleistocarpus,1.0,-1.2941710722440847,4.231227348294458,"<ArrowStringArray>
['Wang R, Wang Q, Zhao N, Xu Z, Zhu X, Jiao C, Yu G, He N. 2018. Different phylogenetic and environmental controls of first-order root morphological and nutrient traits: Evidence of multidimensional root traits. Special Focus on Functional Traits Along A Transect 32(1): 29-39.']
Length: 1, dtype: str",Lithocarpus,cleistocarpus,Fagaceae,Fagales
Lithocarpus fenestratus,1.0,-0.5181440045736706,2.6272016132388893,"<ArrowStringArray>
['Chen W, Zeng H, Eissenstat DM, Guo D. 2013. Variation of first-order root traits across climatic gradients and evolutionary trends in geological time. Global Ecology and Biogeography 22: 846-856.']
Length: 1, dtype: str",Lithocarpus,fenestratus,Fagaceae,Fagales
Litsea baviensis,1.0,-0.34822503093608975,2.5664866367804233,"<ArrowStringArray>
['Kong D, Ma C, Zhang Q, Li L, Chen X, Zeng H, Guo D. 2014. Leading dimensions in absorptive root trait variation across 96 subtropical forest species. New Phytologist 203: 863-872.']
Length: 1, dtype: str",Litsea,baviensis,Lauraceae,Laurales
Litsea cubeba,1.0,-0.9015745480384745,3.688629422858727,"<ArrowStringArray>
['Kong D, Ma C, Zhang Q, Li L, Chen X, Zeng H, Guo D. 2014. Leading dimensions in absorptive root trait variation across 96 subtropical forest species. New Phytologist 203: 863-872.']
Length: 1, dtype: str",Litsea,cubeba,Lauraceae,Laurales
Litsea elongata,1.0,-1.1427732889689353,3.875894198777764,"<ArrowStringArray>
['Wang R, Wang Q, Zhao N, Xu Z, Zhu X, Jiao C, Yu G, He N. 2018. Different phylogenetic and environmental controls of first-order root morphological and nutrient traits: Evidence of multidimensional root traits. Special Focus on Functional Traits Along A Transect 32(1): 29-39.']
Length: 1, dtype: str",Litsea,elongata,Lauraceae,Laurales
Litsea ichangensis,1.0,-0.9069903646768557,4.118515873267373,"<ArrowStringArray>
['Wang R, Wang Q, Zhao N, Xu Z, Zhu X, Jiao C, Yu G, He N. 2018. Different phylogenetic and environmental controls of first-order root morphological and nutrient traits: Evidence of multidimensional root traits. Special Focus on Functional Traits Along A Transect 32(1): 29-39.']
Length: 1, dtype: str",Litsea,ichangensis,Lauraceae,Laurales
Litsea verticillata,1.0,-0.6474283949149995,2.7466296830696852,"<ArrowStringArray>
['Kong D, Ma C, Zhang Q, Li L, Chen X, Zeng H, Guo D. 2014. Leading dimensions in absorptive root trait variation across 96 subtropical forest species. New Phytologist 203: 863-872.']
Length: 1, dtype: str",Litsea,verticillata,Lauraceae,Laurales
Lonicera chrysantha,1.0,-1.372292841484077,5.141958617938513,"<ArrowStringArray>
['Wang R, Wang Q, Zhao N, Xu Z, Zhu X, Jiao C, Yu G, He N. 2018. Different phylogenetic and environmental controls of first-order root morphological and nutrient traits: Evidence of multidimensional root traits. Special Focus on Functional Traits Along A Transect 32(1): 29-39.']
Length: 1, dtype: str",Lonicera,chrysantha,Caprifoliaceae,Dipsacales
Macaranga sampsonii,1.0,-1.9736662040725328,4.72974804048834,"<ArrowStringArray>
['Kong D, Ma C, Zhang Q, Li L, Chen X, Zeng H, Guo D. 2014. Leading dimensions in absorptive root trait variation across 96 subtropical forest species. New Phytologist 203: 863-872.', 'Chen W, Zeng H, Eissenstat DM, Guo D. 2013. Variation of first-order root traits across climatic gradients and evolutionary trends in geological time. Global Ecology and Biogeography 22: 846-856.']
Length: 2, dtype: str",Macaranga,sampsonii,Euphorbiaceae,Malpighiales
Machilus breviflora,1.0,-0.5813032827187808,2.9749723561768375,"<ArrowStringArray>
['Chen W, Zeng H, Eissenstat DM, Guo D. 2013. Variation of first-order root traits across climatic gradients and evolutionary trends in geological time. Global Ecology and Biogeography 22: 846-856.', 'Wang R, Wang Q, Zhao N, Xu Z, Zhu X, Jiao C, Yu G, He N. 2018. Different phylogenetic and environmental controls of first-order root morphological and nutrient traits: Evidence of multidimensional root traits. Special Focus on Functional Traits Along A Transect 32(1): 29-39.']
Length: 2, dtype: str",Machilus,breviflora,Lauraceae,Laurales
Machilus kwangtungensis,1.0,-0.8534802654634799,3.475067230228611,"<ArrowStringArray>
['Kong D, Ma C, Zhang Q, Li L, Chen X, Zeng H, Guo D. 2014. Leading dimensions in absorptive root trait variation across 96 subtropical forest species. New Phytologist 203: 863-872.']
Length: 1, dtype: str",Machilus,kwangtungensis,Lauraceae,Laurales
Machilus nanmu,1.0,-0.7322952643508026,3.344264745685408,"<ArrowStringArray>
['Wang R, Wang Q, Zhao N, Xu Z, Zhu X, Jiao C, Yu G, He N. 2018. Different phylogenetic and environmental controls of first-order root morphological and nutrient traits: Evidence of multidimensional root traits. Special Focus on Functional Traits Along A Transect 32(1): 29-39.']
Length: 1, dtype: str",Machilus,nanmu,Lauraceae,Laurales
Machilus oculodracontis,1.0,-0.7550225842780328,3.3214324131932926,"<ArrowStringArray>
['Liu B, Li H, Zhu B, Koide RT, Eissenstat DM, Guo D. 2015. Complementarity between roots and AM fungi in nutrient foraging strategies. New Phytologist 208: 125-136.']
Length: 1, dtype: str",Machilus,oculodracontis,Lauraceae,Laurales
Machilus robusta,1.0,-0.7361590711532363,2.8903717578961645,"<ArrowStringArray>
['Kong D, Ma C, Zhang Q, Li L, Chen X, Zeng H, Guo D. 2014. Leading dimensions in absorptive root trait variation across 96 subtropical forest species. New Phytologist 203: 863-872.']
Length: 1, dtype: str",Machilus,robusta,Lauraceae,Laurales
Machilus shweliensis,1.0,-0.9159902970092291,3.6154750805305236,"<ArrowStringArray>
['Chen W, Zeng H, Eissenstat DM, Guo D. 2013. Variation of first-order root traits across climatic gradients and evolutionary trends in geological time. Global Ecology and Biogeography 22: 846-856.']
Length: 1, dtype: str",Machilus,shweliensis,Lauraceae,Laurales
Machilus velutina,1.0,-0.7905174809562218,3.0809921175048145,"<ArrowStringArray>
['Kong D, Ma C, Zhang Q, Li L, Chen X, Zeng H, Guo D. 2014. Leading dimensions in absorptive root trait variation across 96 subtropical forest species. New Phytologist 203: 863-872.']
Length: 1, dtype: str",Machilus,velutina,Lauraceae,Laurales
Macropanax undulatus,1.0,-1.3329431856228962,3.3568971227655755,"<ArrowStringArray>
['Kong D, Ma C, Zhang Q, Li L, Chen X, Zeng H, Guo D. 2014. Leading dimensions in absorptive root trait variation across 96 subtropical forest species. New Phytologist 203: 863-872.']
Length: 1, dtype: str",Macropanax,undulatus,Araliaceae,Apiales
Magnolia acuminata,1.0,-0.6130406749215425,2.5162880457595,"<ArrowStringArray>
[' Valverde-Barrantes OJ, Smemo KA, Blackwood CB. 2014. Fine root morphology is phylogenetically structured, but nitrogen is related to the plant economics spectrum in temperate trees. Functional Ecology 29: 796-807.', 'Valverde et al (unpublished)']
Length: 2, dtype: str",Magnolia,acuminata,Magnoliaceae,Magnoliales
Magnolia baillonii,1.0,-0.5538201153388461,2.9616582932202395,"<ArrowStringArray>
['Kong D, Ma C, Zhang Q, Li L, Chen X, Zeng H, Guo D. 2014. Leading dimensions in absorptive root trait variation across 96 subtropical forest species. New Phytologist 203: 863-872.', 'Kong DL, Wang JJ, Kardol P, Wu HF, Zeng H, Deng XB, Deng Y. 2016. Economic strategies of plant absorptive roots vary with root diameter. Biogeosciences 13: 415-424.']
Length: 2, dtype: str",Magnolia,baillonii,Magnoliaceae,Magnoliales
Magnolia balansae,1.0,-0.5446582123024426,3.0037004432031678,"<ArrowStringArray>
['Kong D, Ma C, Zhang Q, Li L, Chen X, Zeng H, Guo D. 2014. Leading dimensions in absorptive root trait variation across 96 subtropical forest species. New Phytologist 203: 863-872.']
Length: 1, dtype: str",Magnolia,balansae,Magnoliaceae,Magnoliales
Magnolia cavaleriei,1.0,-0.29785362777327734,2.7343675094195836,"<ArrowStringArray>
['Kong D, Ma C, Zhang Q, Li L, Chen X, Zeng H, Guo D. 2014. Leading dimensions in absorptive root trait variation across 96 subtropical forest species. New Phytologist 203: 863-872.']
Length: 1, dtype: str",Magnolia,cavaleriei,Magnoliaceae,Magnoliales
Magnolia champaca,1.0,-0.7689057449610968,2.990719731730447,"<ArrowStringArray>
['Kong D, Ma C, Zhang Q, Li L, Chen X, Zeng H, Guo D. 2014. Leading dimensions in absorptive root trait variation across 96 subtropical forest species. New Phytologist 203: 863-872.']
Length: 1, dtype: str",Magnolia,champaca,Magnoliaceae,Magnoliales
Magnolia championii,1.0,-0.6106459590482015,3.4469034297516927,"<ArrowStringArray>
['Chen W, Zeng H, Eissenstat DM, Guo D. 2013. Variation of first-order root traits across climatic gradients and evolutionary trends in geological time. Global Ecology and Biogeography 22: 846-856.']
Length: 1, dtype: str",Magnolia,championii,Magnoliaceae,Magnoliales
Magnolia chapensis,1.0,-0.4996109934663938,3.1461840358843185,"<ArrowStringArray>
['Kong D, Ma C, Zhang Q, Li L, Chen X, Zeng H, Guo D. 2014. Leading dimensions in absorptive root trait variation across 96 subtropical forest species. New Phytologist 203: 863-872.', 'Wang R, Wang Q, Zhao N, Xu Z, Zhu X, Jiao C, Yu G, He N. 2018. Different phylogenetic and environmental controls of first-order root morphological and nutrient traits: Evidence of multidimensional root traits. Special Focus on Functional Traits Along A Transect 32(1): 29-39.']
Length: 2, dtype: str",Magnolia,chapensis,Magnoliaceae,Magnoliales
Magnolia dandyi,1.0,-0.4720857954500601,2.872999508171694,"<ArrowStringArray>
['Kong D, Ma C, Zhang Q, Li L, Chen X, Zeng H, Guo D. 2014. Leading dimensions in absorptive root trait variation across 96 subtropical forest species. New Phytologist 203: 863-872.']
Length: 1, dtype: str",Magnolia,dandyi,Magnoliaceae,Magnoliales
Magnolia denudata,1.0,-0.6998722331194441,3.0397837995190997,"<ArrowStringArray>
[' Valverde-Barrantes OJ, Smemo KA, Blackwood CB. 2014. Fine root morphology is phylogenetically structured, but nitrogen is related to the plant economics spectrum in temperate trees. Functional Ecology 29: 796-807.', 'Valverde et al (unpublished)']
Length: 2, dtype: str",Magnolia,denudata,Magnoliaceae,Magnoliales
Magnolia ernestii,1.0,-0.30001784621290184,2.7662562141665723,"<ArrowStringArray>
['Kong D, Ma C, Zhang Q, Li L, Chen X, Zeng H, Guo D. 2014. Leading dimensions in absorptive root trait variation across 96 subtropical forest species. New Phytologist 203: 863-872.', 'Chen W, Zeng H, Eissenstat DM, Guo D. 2013. Variation of first-order root traits across climatic gradients and evolutionary trends in geological time. Global Ecology and Biogeography 22: 846-856.']
Length: 2, dtype: str",Magnolia,ernestii,Magnoliaceae,Magnoliales
Magnolia fulva,1.0,-0.40936771337543165,2.9647574692545606,"<ArrowStringArray>
['Kong D, Ma C, Zhang Q, Li L, Chen X, Zeng H, Guo D. 2014. Leading dimensions in absorptive root trait variation across 96 subtropical forest species. New Phytologist 203: 863-872.']
Length: 1, dtype: str",Magnolia,fulva,Magnoliaceae,Magnoliales
Magnolia grandiflora,1.0,-1.041747653810314,2.2423041621091158,"<ArrowStringArray>
['Kong D, Ma C, Zhang Q, Li L, Chen X, Zeng H, Guo D. 2014. Leading dimensions in absorptive root trait variation across 96 subtropical forest species. New Phytologist 203: 863-872.', 'Valverde et al (unpublished)']
Length: 2, dtype: str",Magnolia,grandiflora,Magnoliaceae,Magnoliales
Magnolia kobus,1.0,-0.8268555031213605,3.3077062234344843,"<ArrowStringArray>
[' Valverde-Barrantes OJ, Smemo KA, Blackwood CB. 2014. Fine root morphology is phylogenetically structured, but nitrogen is related to the plant economics spectrum in temperate trees. Functional Ecology 29: 796-807.', 'Valverde et al (unpublished)']
Length: 2, dtype: str",Magnolia,kobus,Magnoliaceae,Magnoliales
Magnolia lotungensis,1.0,-0.36118509941661847,2.485739636091892,"<ArrowStringArray>
['Kong D, Ma C, Zhang Q, Li L, Chen X, Zeng H, Guo D. 2014. Leading dimensions in absorptive root trait variation across 96 subtropical forest species. New Phytologist 203: 863-872.']
Length: 1, dtype: str",Magnolia,lotungensis,Magnoliaceae,Magnoliales
Magnolia macclurei,1.0,-0.6534563394725827,3.1094353932159864,"<ArrowStringArray>
['Kong D, Ma C, Zhang Q, Li L, Chen X, Zeng H, Guo D. 2014. Leading dimensions in absorptive root trait variation across 96 subtropical forest species. New Phytologist 203: 863-872.', 'Chen W, Zeng H, Eissenstat DM, Guo D. 2013. Variation of first-order root traits across climatic gradients and evolutionary trends in geological time. Global Ecology and Biogeography 22: 846-856.']
Length: 2, dtype: str",Magnolia,macclurei,Magnoliaceae,Magnoliales
Magnolia macrophylla,1.0,-1.6124218098313137,2.5572273113676265,"<ArrowStringArray>
['Valverde et al (unpublished)']
Length: 1, dtype: str",Magnolia,macrophylla,Magnoliaceae,Magnoliales
Magnolia maudiae,1.0,-0.505556198273215,3.0279321607862917,"<ArrowStringArray>
[                                                                                                'Kong D, Ma C, Zhang Q, Li L, Chen X, Zeng H, Guo D. 2014. Leading dimensions in absorptive root trait variation across 96 subtropical forest species. New Phytologist 203: 863-872.',
                                                                                 'Chen W, Zeng H, Eissenstat DM, Guo D. 2013. Variation of first-order root traits across climatic gradients and evolutionary trends in geological time. Global Ecology and Biogeography 22: 846-856.',
 'Wang R, Wang Q, Zhao N, Xu Z, Zhu X, Jiao C, Yu G, He N. 2018. Different phylogenetic and environmental controls of first-order root morphological and nutrient traits: Evidence of multidimensional root traits. Special Focus on Functional Traits Along A Transect 32(1): 29-39.']
Length: 3, dtype: str",Magnolia,maudiae,Magnoliaceae,Magnoliales
Magnolia odora,1.0,-0.5681852001907166,3.013179113823393,"<ArrowStringArray>
[                                                                                    'Xiong D, Huang J, Yang Z, Lu Z, Chen G, Yang Y. 2012. Fine root architecture and morphology among different branch orders of six subtropical tree species. Acta Ecologica Sinica 32: 1888-1897.',
                                                                                                 'Kong D, Ma C, Zhang Q, Li L, Chen X, Zeng H, Guo D. 2014. Leading dimensions in absorptive root trait variation across 96 subtropical forest species. New Phytologist 203: 863-872.',
                                                                                 'Chen W, Zeng H, Eissenstat DM, Guo D. 2013. Variation of first-order root traits across climatic gradients and evolutionary trends in geological time. Global Ecology and Biogeography 22: 846-856.',
 'Wang R, Wang Q, Zhao N, Xu Z, Zhu X, Jiao C, Yu G, He N. 2018. Different phylogenetic and environmental controls of first-order root morphological and nutrient traits: Evidence of multidimensional root traits. Special Focus on Functional Traits Along A Transect 32(1): 29-39.']
Length: 4, dtype: str",Magnolia,odora,Magnoliaceae,Magnoliales
Magnolia opipara,1.0,-0.5746888174329436,2.5392369943330477,"<ArrowStringArray>
['Kong D, Ma C, Zhang Q, Li L, Chen X, Zeng H, Guo D. 2014. Leading dimensions in absorptive root trait variation across 96 subtropical forest species. New Phytologist 203: 863-872.']
Length: 1, dtype: str",Magnolia,opipara,Magnoliaceae,Magnoliales
Magnolia stellata,1.0,-0.8363605843814319,3.439265294378326,"<ArrowStringArray>
[' Valverde-Barrantes OJ, Smemo KA, Blackwood CB. 2014. Fine root morphology is phylogenetically structured, but nitrogen is related to the plant economics spectrum in temperate trees. Functional Ecology 29: 796-807.', 'Valverde et al (unpublished)']
Length: 2, dtype: str",Magnolia,stellata,Magnoliaceae,Magnoliales
Magnolia tripetala,1.0,-0.6780381096103252,2.890204449456444,"<ArrowStringArray>
[' Valverde-Barrantes OJ, Smemo KA, Blackwood CB. 2014. Fine root morphology is phylogenetically structured, but nitrogen is related to the plant economics spectrum in temperate trees. Functional Ecology 29: 796-807.', 'Valverde et al (unpublished)']
Length: 2, dtype: str",Magnolia,tripetala,Magnoliaceae,Magnoliales
Magnolia virginiana,1.0,-2.2178719549334867,3.0022112396517002,"<ArrowStringArray>
['Valverde et al (unpublished)']
Length: 1, dtype: str",Magnolia,virginiana,Magnoliaceae,Magnoliales
Magnolia yunnanensis,1.0,-0.3274768169962273,2.847232265235547,"<ArrowStringArray>
['Kong D, Ma C, Zhang Q, Li L, Chen X, Zeng H, Guo D. 2014. Leading dimensions in absorptive root trait variation across 96 subtropical forest species. New Phytologist 203: 863-872.']
Length: 1, dtype: str",Magnolia,yunnanensis,Magnoliaceae,Magnoliales
Magnolia yuyuanensis,1.0,-0.6733445532637656,3.5779478934066544,"<ArrowStringArray>
['Liu B, Li H, Zhu B, Koide RT, Eissenstat DM, Guo D. 2015. Complementarity between roots and AM fungi in nutrient foraging strategies. New Phytologist 208: 125-136.']
Length: 1, dtype: str",Magnolia,yuyuanensis,Magnoliaceae,Magnoliales
Mallotus paniculatus,1.0,-1.4447712908788664,4.575959027819343,"<ArrowStringArray>
['Wang R, Wang Q, Zhao N, Xu Z, Zhu X, Jiao C, Yu G, He N. 2018. Different phylogenetic and environmental controls of first-order root morphological and nutrient traits: Evidence of multidimensional root traits. Special Focus on Functional Traits Along A Transect 32(1): 29-39.']
Length: 1, dtype: str",Mallotus,paniculatus,Euphorbiaceae,Malpighiales
Malus baccata,1.0,-1.4443581616398693,4.268713712142645,"<ArrowStringArray>
['Chen W, Zeng H, Eissenstat DM, Guo D. 2013. Variation of first-order root traits across climatic gradients and evolutionary trends in geological time. Global Ecology and Biogeography 22: 846-856.']
Length: 1, dtype: str",Malus,baccata,Rosaceae,Rosales
Malus domestica,1.0,-1.6901058155015551,4.032426399670245,"<ArrowStringArray>
['Lavely EL, Chen W, Peterson KA, Klodd AE, Volder E, Marini RP, Eissenstat D. 2020. On characterizing root function in perennial horticultural crops. American Journal of Botany']
Length: 1, dtype: str",Malus,domestica,Rosaceae,Rosales
Manglietia paruicula,1.0,-0.6853972886998859,3.0828269804049246,"<ArrowStringArray>
['Kong D, Ma C, Zhang Q, Li L, Chen X, Zeng H, Guo D. 2014. Leading dimensions in absorptive root trait variation across 96 subtropical forest species. New Phytologist 203: 863-872.']
Length: 1, dtype: str",Manglietia,paruicula,Magnoliaceae,Magnoliales
Matteuccia struthiopteris,1.0,-1.3744473706573064,5.184337650070223,"<ArrowStringArray>
['Dong X, Wang H, Gu J, Wang Y, Wang Z. 2014. Root morphology, histology and chemistry of nine fern species (pteridophyta) in a temperate forest. Plant Soil 393: 215-227.', 'Wang R, Wang Q, Zhao N, Xu Z, Zhu X, Jiao C, Yu G, He N. 2018. Different phylogenetic and environmental controls of first-order root morphological and nutrient traits: Evidence of multidimensional root traits. Special Focus on Functional Traits Along A Transect 32(1): 29-39.']
Length: 2, dtype: str",Matteuccia,struthiopteris,Onocleaceae,Polypodiales
Melicope pteleifolia,1.0,-1.3705391291753843,4.576667825515379,"<ArrowStringArray>
['Kong D, Ma C, Zhang Q, Li L, Chen X, Zeng H, Guo D. 2014. Leading dimensions in absorptive root trait variation across 96 subtropical forest species. New Phytologist 203: 863-872.']
Length: 1, dtype: str",Melicope,pteleifolia,Rutaceae,Sapindales
Memecylon nigrescens,1.0,-1.5957335476830126,4.477906235168379,"<ArrowStringArray>
['Chen W, Zeng H, Eissenstat DM, Guo D. 2013. Variation of first-order root traits across climatic gradients and evolutionary trends in geological time. Global Ecology and Biogeography 22: 846-856.']
Length: 1, dtype: str",Memecylon,nigrescens,Melastomataceae,Myrtales
Microcos paniculata,1.0,-2.1468642179972703,4.7482310288287435,"<ArrowStringArray>
['Kong D, Ma C, Zhang Q, Li L, Chen X, Zeng H, Guo D. 2014. Leading dimensions in absorptive root trait variation across 96 subtropical forest species. New Phytologist 203: 863-872.']
Length: 1, dtype: str",Microcos,paniculata,Malvaceae,Malvales
Microtropis discolor,1.0,-0.7789447490587033,4.376888456817758,"<ArrowStringArray>
['Kong D, Ma C, Zhang Q, Li L, Chen X, Zeng H, Guo D. 2014. Leading dimensions in absorptive root trait variation across 96 subtropical forest species. New Phytologist 203: 863-872.']
Length: 1, dtype: str",Microtropis,discolor,Celastraceae,Celastrales
Millettia leptobotrya,1.0,-1.0741733667910915,3.2433732964685884,"<ArrowStringArray>
['Kong D, Ma C, Zhang Q, Li L, Chen X, Zeng H, Guo D. 2014. Leading dimensions in absorptive root trait variation across 96 subtropical forest species. New Phytologist 203: 863-872.']
Length: 1, dtype: str",Millettia,leptobotrya,Fabaceae,Fabales
Myrsine seguinii,1.0,-1.264814462401369,4.033761541634073,"<ArrowStringArray>
['Chen W, Zeng H, Eissenstat DM, Guo D. 2013. Variation of first-order root traits across climatic gradients and evolutionary trends in geological time. Global Ecology and Biogeography 22: 846-856.']
Length: 1, dtype: str",Myrsine,seguinii,Primulaceae,Ericales
Nabalus tatarinowii,1.0,-1.7237270588362281,5.837122182327003,"<ArrowStringArray>
['Wang R, Wang Q, Zhao N, Xu Z, Zhu X, Jiao C, Yu G, He N. 2018. Different phylogenetic and environmental controls of first-order root morphological and nutrient traits: Evidence of multidimensional root traits. Special Focus on Functional Traits Along A Transect 32(1): 29-39.']
Length: 1, dtype: str",Nabalus,tatarinowii,Asteraceae,Asterales
Neolitsea phanerophlebia,1.0,-0.6539264674066639,3.6054978451748854,"<ArrowStringArray>
['Liu B, Li H, Zhu B, Koide RT, Eissenstat DM, Guo D. 2015. Complementarity between roots and AM fungi in nutrient foraging strategies. New Phytologist 208: 125-136.']
Length: 1, dtype: str",Neolitsea,phanerophlebia,Lauraceae,Laurales
Nephelium lappaceum,1.0,-1.839794918266612,4.068171687918078,"<ArrowStringArray>
['Kong D, Ma C, Zhang Q, Li L, Chen X, Zeng H, Guo D. 2014. Leading dimensions in absorptive root trait variation across 96 subtropical forest species. New Phytologist 203: 863-872.']
Length: 1, dtype: str",Nephelium,lappaceum,Sapindaceae,Sapindales
Nyssa aquatica,1.0,-1.7146544384589315,2.608107083328578,"<ArrowStringArray>
['Valverde et al (unpublished)']
Length: 1, dtype: str",Nyssa,aquatica,Cornaceae,Cornales
Nyssa sylvatica,1.0,-0.12972911046985044,2.6080681658227656,"<ArrowStringArray>
[' Valverde-Barrantes OJ, Smemo KA, Blackwood CB. 2014. Fine root morphology is phylogenetically structured, but nitrogen is related to the plant economics spectrum in temperate trees. Functional Ecology 29: 796-807.']
Length: 1, dtype: str",Nyssa,sylvatica,Cornaceae,Cornales
Ocotea lancifolia,1.0,-1.053227209511861,3.52542448828846,"<ArrowStringArray>
['Kong D, Ma C, Zhang Q, Li L, Chen X, Zeng H, Guo D. 2014. Leading dimensions in absorptive root trait variation across 96 subtropical forest species. New Phytologist 203: 863-872.', 'Chen W, Zeng H, Eissenstat DM, Guo D. 2013. Variation of first-order root traits across climatic gradients and evolutionary trends in geological time. Global Ecology and Biogeography 22: 846-856.']
Length: 2, dtype: str",Ocotea,lancifolia,Lauraceae,Laurales
Olea rosea,1.0,-0.9304910812752964,3.364187556028255,"<ArrowStringArray>
['Kong D, Ma C, Zhang Q, Li L, Chen X, Zeng H, Guo D. 2014. Leading dimensions in absorptive root trait variation across 96 subtropical forest species. New Phytologist 203: 863-872.']
Length: 1, dtype: str",Olea,rosea,Oleaceae,Lamiales
Onoclea sensibilis,1.0,-1.3859732726743033,4.997815198049815,"<ArrowStringArray>
['Dong X, Wang H, Gu J, Wang Y, Wang Z. 2014. Root morphology, histology and chemistry of nine fern species (pteridophyta) in a temperate forest. Plant Soil 393: 215-227.']
Length: 1, dtype: str",Onoclea,sensibilis,Onocleaceae,Polypodiales
Oreocnide frutescens,1.0,-1.4304552569056603,4.544155511736094,"<ArrowStringArray>
['Wang R, Wang Q, Zhao N, Xu Z, Zhu X, Jiao C, Yu G, He N. 2018. Different phylogenetic and environmental controls of first-order root morphological and nutrient traits: Evidence of multidimensional root traits. Special Focus on Functional Traits Along A Transect 32(1): 29-39.']
Length: 1, dtype: str",Oreocnide,frutescens,Urticaceae,Rosales
Orophea creaghii,1.0,-0.9179420946233856,3.813527758679047,"<ArrowStringArray>
['Kong D, Ma C, Zhang Q, Li L, Chen X, Zeng H, Guo D. 2014. Leading dimensions in absorptive root trait variation across 96 subtropical forest species. New Phytologist 203: 863-872.']
Length: 1, dtype: str",Orophea,creaghii,Annonaceae,Magnoliales
Osmanthus didymopetalus,1.0,-0.32921265129195343,1.4861396960896067,"<ArrowStringArray>
['Kong D, Ma C, Zhang Q, Li L, Chen X, Zeng H, Guo D. 2014. Leading dimensions in absorptive root trait variation across 96 subtropical forest species. New Phytologist 203: 863-872.']
Length: 1, dtype: str",Osmanthus,didymopetalus,Oleaceae,Lamiales
Osmunda japonica,1.0,-0.8704214961323867,3.1579435469054666,"<ArrowStringArray>
['Wang R, Wang Q, Zhao N, Xu Z, Zhu X, Jiao C, Yu G, He N. 2018. Different phylogenetic and environmental controls of first-order root morphological and nutrient traits: Evidence of multidimensional root traits. Special Focus on Functional Traits Along A Transect 32(1): 29-39.']
Length: 1, dtype: str",Osmunda,japonica,Osmundaceae,Osmundales
Parthenocissus quinquefolia,1.0,-1.7385977314684775,5.027890960377734,"<ArrowStringArray>
['Wang R, Wang Q, Zhao N, Xu Z, Zhu X, Jiao C, Yu G, He N. 2018. Different phylogenetic and environmental controls of first-order root morphological and nutrient traits: Evidence of multidimensional root traits. Special Focus on Functional Traits Along A Transect 32(1): 29-39.']
Length: 1, dtype: str",Parthenocissus,quinquefolia,Vitaceae,Vitales
Pentaphylax euryoides,1.0,-2.1147786059695215,4.583333491378917,"<ArrowStringArray>
['Kong D, Ma C, Zhang Q, Li L, Chen X, Zeng H, Guo D. 2014. Leading dimensions in absorptive root trait variation across 96 subtropical forest species. New Phytologist 203: 863-872.']
Length: 1, dtype: str",Pentaphylax,euryoides,Pentaphylacaceae,Ericales
Pertusadina metcalfii,1.0,-1.8679496075861015,4.604770105966751,"<ArrowStringArray>
['Kong D, Ma C, Zhang Q, Li L, Chen X, Zeng H, Guo D. 2014. Leading dimensions in absorptive root trait variation across 96 subtropical forest species. New Phytologist 203: 863-872.']
Length: 1, dtype: str",Pertusadina,metcalfii,Rubiaceae,Gentianales
Phellodendron amurense,1.0,-0.6963355101710184,3.595633792866697,"<ArrowStringArray>
[                                                                'Shi W, Wang ZQ, Liu JL, Gu JC, Guo DL. 2008. Fine root morphology of twenty hardwood species in Maoershan Natural Secondary Forest in Northeastern China. Journal of Plant Ecology (Chinese Version) 32: 1217-1226.',
                                                                       'Wang Y, Dong X, Wang H, Wang Z, Gu J. 2016. Root tip morphology, anatomy, chemistry and potential hydraulic conductivity vary with soil depth in three temperate hardwood species. Tree Physiology 36:99-108.',
                                                                                                     'Wang W, Wang Y, Hoch G, Wang Z, Gu J. 2018. Linkage of root morphology to anatomy with increasing nitrogen availability in six temperate tree species. Plant Soil 425: 198-200.',
 'Wang R, Wang Q, Zhao N, Xu Z, Zhu X, Jiao C, Yu G, He N. 2018. Different phylogenetic and environmental controls of first-order root morphological and nutrient traits: Evidence of multidimensional root traits. Special Focus on Functional Traits Along A Transect 32(1): 29-39.']
Length: 4, dtype: str",Phellodendron,amurense,Rutaceae,Sapindales
Philadelphus incanus,1.0,-1.6596791288708472,5.174868459551634,"<ArrowStringArray>
['Wang R, Wang Q, Zhao N, Xu Z, Zhu X, Jiao C, Yu G, He N. 2018. Different phylogenetic and environmental controls of first-order root morphological and nutrient traits: Evidence of multidimensional root traits. Special Focus on Functional Traits Along A Transect 32(1): 29-39.']
Length: 1, dtype: str",Philadelphus,incanus,Hydrangeaceae,Cornales
Phlomoides umbrosa,1.0,-1.408335491996771,4.810882612537776,"<ArrowStringArray>
['Wang R, Wang Q, Zhao N, Xu Z, Zhu X, Jiao C, Yu G, He N. 2018. Different phylogenetic and environmental controls of first-order root morphological and nutrient traits: Evidence of multidimensional root traits. Special Focus on Functional Traits Along A Transect 32(1): 29-39.']
Length: 1, dtype: str",Phlomoides,umbrosa,Lamiaceae,Lamiales
Picea glauca,1.0,-1.4696759700589417,3.6635616461296463,"<ArrowStringArray>
['Pregitzer KS, DeForest JL, Burton AJ, Allen MF, Ruess RW, Hendrick RL. 2002. Fine root architecture of nine North American trees. Ecological Monographs 72: 293-309.']
Length: 1, dtype: str",Picea,glauca,Pinaceae,Pinales
Picea koraiensis,1.0,-1.1149587109178323,3.995752803698256,"<ArrowStringArray>
[                                                                                                    'Wang W, Wang Y, Hoch G, Wang Z, Gu J. 2018. Linkage of root morphology to anatomy with increasing nitrogen availability in six temperate tree species. Plant Soil 425: 198-200.',
 'Wang R, Wang Q, Zhao N, Xu Z, Zhu X, Jiao C, Yu G, He N. 2018. Different phylogenetic and environmental controls of first-order root morphological and nutrient traits: Evidence of multidimensional root traits. Special Focus on Functional Traits Along A Transect 32(1): 29-39.',
                                                                           'Wang Y, Gao G, Wang N, Wang Z, Gu J. 2019. Effects of morphology and stand structure on root biomass and length differed between absorptive and transport roots in temperate trees. Plant Soil, in press.']
Length: 3, dtype: str",Picea,koraiensis,Pinaceae,Pinales
Picea meyeri,1.0,-1.2763853806295908,3.881446682632099,"<ArrowStringArray>
['Chen W, Zeng H, Eissenstat DM, Guo D. 2013. Variation of first-order root traits across climatic gradients and evolutionary trends in geological time. Global Ecology and Biogeography 22: 846-856.']
Length: 1, dtype: str",Picea,meyeri,Pinaceae,Pinales
Picea wilsonii,1.0,-1.3316569104612996,4.1970957847334915,"<ArrowStringArray>
['Chen W, Zeng H, Eissenstat DM, Guo D. 2013. Variation of first-order root traits across climatic gradients and evolutionary trends in geological time. Global Ecology and Biogeography 22: 846-856.']
Length: 1, dtype: str",Picea,wilsonii,Pinaceae,Pinales
Pinus armandii,1.0,-1.2796438161078532,3.811007680407921,"<ArrowStringArray>
['Chen W, Zeng H, Eissenstat DM, Guo D. 2013. Variation of first-order root traits across climatic gradients and evolutionary trends in geological time. Global Ecology and Biogeography 22: 846-856.', 'Wang R, Wang Q, Zhao N, Xu Z, Zhu X, Jiao C, Yu G, He N. 2018. Different phylogenetic and environmental controls of first-order root morphological and nutrient traits: Evidence of multidimensional root traits. Special Focus on Functional Traits Along A Transect 32(1): 29-39.']
Length: 2, dtype: str",Pinus,armandii,Pinaceae,Pinales
Pinus edulis,1.0,-0.9675840262617056,2.995732273553991,"<ArrowStringArray>
['Pregitzer KS, DeForest JL, Burton AJ, Allen MF, Ruess RW, Hendrick RL. 2002. Fine root architecture of nine North American trees. Ecological Monographs 72: 293-309.']
Length: 1, dtype: str",Pinus,edulis,Pinaceae,Pinales
Pinus elliottii,1.0,-1.2021226652226176,3.811269146776913,"<ArrowStringArray>
['Kou L, Guo D, Yang H, Gao W, Li S. 2015. Growth, morphological traits and mycorrhizal colonization of fine roots respond differently to nitrogen addition in a slash pine plantation in subtropical China. Plant Soil 391: 207-218.', 'Pregitzer KS, DeForest JL, Burton AJ, Allen MF, Ruess RW, Hendrick RL. 2002. Fine root architecture of nine North American trees. Ecological Monographs 72: 293-309.']
Length: 2, dtype: str",Pinus,elliottii,Pinaceae,Pinales
Pinus koraiensis,1.0,-0.7108580843877791,3.1706704202695604,"<ArrowStringArray>
[                                                                                                    'Wang W, Wang Y, Hoch G, Wang Z, Gu J. 2018. Linkage of root morphology to anatomy with increasing nitrogen availability in six temperate tree species. Plant Soil 425: 198-200.',
 'Wang R, Wang Q, Zhao N, Xu Z, Zhu X, Jiao C, Yu G, He N. 2018. Different phylogenetic and environmental controls of first-order root morphological and nutrient traits: Evidence of multidimensional root traits. Special Focus on Functional Traits Along A Transect 32(1): 29-39.',
                                                                           'Wang Y, Gao G, Wang N, Wang Z, Gu J. 2019. Effects of morphology and stand structure on root biomass and length differed between absorptive and transport roots in temperate trees. Plant Soil, in press.']
Length: 3, dtype: str",Pinus,koraiensis,Pinaceae,Pinales
Pinus massoniana,1.0,-1.2347757134809811,4.091879989155383,"<ArrowStringArray>
['Wang R, Wang Q, Zhao N, Xu Z, Zhu X, Jiao C, Yu G, He N. 2018. Different phylogenetic and environmental controls of first-order root morphological and nutrient traits: Evidence of multidimensional root traits. Special Focus on Functional Traits Along A Transect 32(1): 29-39.']
Length: 1, dtype: str",Pinus,massoniana,Pinaceae,Pinales
Pinus palustris,1.0,-1.0498221244986778,3.493472657771326,"<ArrowStringArray>
['Guo DL, Mitchell RJ, and Hendricks JJ. 2004. Fine root branch orders respond differentially to carbon source-sink manipulation in a longleaf pine forest. Oecologia 140:450-457.']
Length: 1, dtype: str",Pinus,palustris,Pinaceae,Pinales
Pinus pumila,1.0,-1.2647849437226935,3.97293082855107,"<ArrowStringArray>
['Wang R, Wang Q, Zhao N, Xu Z, Zhu X, Jiao C, Yu G, He N. 2018. Different phylogenetic and environmental controls of first-order root morphological and nutrient traits: Evidence of multidimensional root traits. Special Focus on Functional Traits Along A Transect 32(1): 29-39.']
Length: 1, dtype: str",Pinus,pumila,Pinaceae,Pinales
Pinus resinosa,1.0,-1.3862943611198906,3.4657359027997265,"<ArrowStringArray>
['Pregitzer KS, DeForest JL, Burton AJ, Allen MF, Ruess RW, Hendrick RL. 2002. Fine root architecture of nine North American trees. Ecological Monographs 72: 293-309.']
Length: 1, dtype: str",Pinus,resinosa,Pinaceae,Pinales
Pinus strobus,1.0,-1.3470736479666092,3.509752788216501,"<ArrowStringArray>
['McCormack ML, Adams TS, Smithwick EAH, Eissenstat DM. 2012. Predicting fine root lifespan from plant functional traits in temperate trees. New Phytologist 195:823-831.']
Length: 1, dtype: str",Pinus,strobus,Pinaceae,Pinales
Pinus sylvestris,1.0,-1.1100468663279959,3.469023988791029,"<ArrowStringArray>
['Zadworny M, McCormack ML, Mucha J, Reich PB, Oleksyn. 2016. Scots pine fine roots adjust along a 2000-km latitudinal climatic gradient. New Phytologist 212: 389-399. Zadworny M, McCormack ML, Zytkowiak R, Karolewski P, Mucha J, Oleksyn J. 2017. Patterns of structural and defense investments in fine roots of Scots pine (Pinus sylvestris L.) across a strong temperature and latitudinal gradient in Europe. Global Change Biology 23: 1218-1231.',
                                                                                                                                                                        'Wang R, Wang Q, Zhao N, Xu Z, Zhu X, Jiao C, Yu G, He N. 2018. Different phylogenetic and environmental controls of first-order root morphological and nutrient traits: Evidence of multidimensional root traits. Special Focus on Functional Traits Along A Transect 32(1): 29-39.',
                                                                                                                                                                                                                                                  'Wang Y, Gao G, Wang N, Wang Z, Gu J. 2019. Effects of morphology and stand structure on root biomass and length differed between absorptive and transport roots in temperate trees. Plant Soil, in press.']
Length: 3, dtype: str",Pinus,sylvestris,Pinaceae,Pinales
Pinus tabuliformis,1.0,-1.5681338938394511,4.4370164110224835,"<ArrowStringArray>
[                                                                                                                             'Wang G, Fahey TJ, Xue S, Liu F. 2013. Root morphology and architecture respond to N addition in Pinus tabuliformis, west China. Oecologia 171:583-590.',
                                                                                 'Chen W, Zeng H, Eissenstat DM, Guo D. 2013. Variation of first-order root traits across climatic gradients and evolutionary trends in geological time. Global Ecology and Biogeography 22: 846-856.',
 'Wang R, Wang Q, Zhao N, Xu Z, Zhu X, Jiao C, Yu G, He N. 2018. Different phylogenetic and environmental controls of first-order root morphological and nutrient traits: Evidence of multidimensional root traits. Special Focus on Functional Traits Along A Transect 32(1): 29-39.']
Length: 3, dtype: str",Pinus,tabuliformis,Pinaceae,Pinales
Pinus virginiana,1.0,-1.4696759700589417,3.500942158534346,"<ArrowStringArray>
['McCormack ML, Adams TS, Smithwick EAH, Eissenstat DM. 2012. Predicting fine root lifespan from plant functional traits in temperate trees. New Phytologist 195:823-831.']
Length: 1, dtype: str",Pinus,virginiana,Pinaceae,Pinales
Pistacia chinensis,1.0,-1.4309988829043705,4.505128831807865,"<ArrowStringArray>
['Kong D, Ma C, Zhang Q, Li L, Chen X, Zeng H, Guo D. 2014. Leading dimensions in absorptive root trait variation across 96 subtropical forest species. New Phytologist 203: 863-872.']
Length: 1, dtype: str",Pistacia,chinensis,Anacardiaceae,Sapindales
Platanus acerifolia,1.0,-1.2656322739126677,3.175132901920282,"<ArrowStringArray>
['Valverde et al (unpublished)']
Length: 1, dtype: str",Platanus,acerifolia,Platanaceae,Proteales
Platanus occidentalis,1.0,-0.7200046347298279,2.4830207392427712,"<ArrowStringArray>
[' Valverde-Barrantes OJ, Smemo KA, Blackwood CB. 2014. Fine root morphology is phylogenetically structured, but nitrogen is related to the plant economics spectrum in temperate trees. Functional Ecology 29: 796-807.']
Length: 1, dtype: str",Platanus,occidentalis,Platanaceae,Proteales
Platycladus orientalis,1.0,-1.0101436406805016,2.873941216500069,"<ArrowStringArray>
['Li R, Ling N, Hao J, Min J, Chen X, Guan Q. 2013. Effects of stand ages on carbon storage, fine root morphology and biomass in Platycladus orientalis  plantation. Journal of Nanjing Forestry University (Natural Sciences edition) 37: 21-27.', 'Li R, Peng T, Liu N, Wang D, Jiangang M, Guan Q. 2013. Response of carbon storage, fine root biomass and morphology to thinning in Platycladus orientalis plantation. Journal of Northeast Forestry university 41: 34-38.']
Length: 2, dtype: str",Platycladus,orientalis,Cupressaceae,Pinales
Podocarpus chinensis,1.0,-0.23572233352106983,2.7343675094195836,"<ArrowStringArray>
['Liu B, Li H, Zhu B, Koide RT, Eissenstat DM, Guo D. 2015. Complementarity between roots and AM fungi in nutrient foraging strategies. New Phytologist 208: 125-136.']
Length: 1, dtype: str",Podocarpus,chinensis,Podocarpaceae,Pinales
Podocarpus neriifolius,1.0,-1.4276719266077862,4.671921721289969,"<ArrowStringArray>
['Wang R, Wang Q, Zhao N, Xu Z, Zhu X, Jiao C, Yu G, He N. 2018. Different phylogenetic and environmental controls of first-order root morphological and nutrient traits: Evidence of multidimensional root traits. Special Focus on Functional Traits Along A Transect 32(1): 29-39.']
Length: 1, dtype: str",Podocarpus,neriifolius,Podocarpaceae,Pinales
Populus balsamifera,1.0,-1.8325814637483102,4.499809670330265,"<ArrowStringArray>
['Pregitzer KS, DeForest JL, Burton AJ, Allen MF, Ruess RW, Hendrick RL. 2002. Fine root architecture of nine North American trees. Ecological Monographs 72: 293-309.']
Length: 1, dtype: str",Populus,balsamifera,Salicaceae,Malpighiales
Populus cathayana,1.0,-1.504183627418549,5.049500526873019,"<ArrowStringArray>
['Chen W, Zeng H, Eissenstat DM, Guo D. 2013. Variation of first-order root traits across climatic gradients and evolutionary trends in geological time. Global Ecology and Biogeography 22: 846-856.', 'Wang R, Wang Q, Zhao N, Xu Z, Zhu X, Jiao C, Yu G, He N. 2018. Different phylogenetic and environmental controls of first-order root morphological and nutrient traits: Evidence of multidimensional root traits. Special Focus on Functional Traits Along A Transect 32(1): 29-39.']
Length: 2, dtype: str",Populus,cathayana,Salicaceae,Malpighiales
Populus deltoides,1.0,-1.3741855298226626,4.468836545016303,"<ArrowStringArray>
[' Valverde-Barrantes OJ, Smemo KA, Blackwood CB. 2014. Fine root morphology is phylogenetically structured, but nitrogen is related to the plant economics spectrum in temperate trees. Functional Ecology 29: 796-807.', 'Valverde et al (unpublished)']
Length: 2, dtype: str",Populus,deltoides,Salicaceae,Malpighiales
Populus koreana,1.0,-1.5373498360398465,5.251494573334607,"<ArrowStringArray>
['Wang R, Wang Q, Zhao N, Xu Z, Zhu X, Jiao C, Yu G, He N. 2018. Different phylogenetic and environmental controls of first-order root morphological and nutrient traits: Evidence of multidimensional root traits. Special Focus on Functional Traits Along A Transect 32(1): 29-39.']
Length: 1, dtype: str",Populus,koreana,Salicaceae,Malpighiales
Populus tremula,1.0,-1.736009111122361,5.796687139386251,"<ArrowStringArray>
['Hajek P, Hertel D, Leuschner C. 2014. Root order- and root age-dependent response of two poplar species to belowground competition. Plant Soil 337:337-355.']
Length: 1, dtype: str",Populus,tremula,Salicaceae,Malpighiales
Populus tremuloides,1.0,-1.6094379124341003,3.904343594084277,"<ArrowStringArray>
['Zadworny M, Eissenstat DM. 2011. Contrasting the morphology, anatomy and fungal colonization of new pioneer and fibrous roots. New Phytologist 190:213-221.', 'McCormack ML, Adams TS, Smithwick EAH, Eissenstat DM. 2012. Predicting fine root lifespan from plant functional traits in temperate trees. New Phytologist 195:823-831.']
Length: 2, dtype: str",Populus,tremuloides,Salicaceae,Malpighiales
Populus trichocarpa,1.0,-1.9162996216143233,5.79136831956124,"<ArrowStringArray>
['Hajek P, Hertel D, Leuschner C. 2014. Root order- and root age-dependent response of two poplar species to belowground competition. Plant Soil 337:337-355.']
Length: 1, dtype: str",Populus,trichocarpa,Salicaceae,Malpighiales
Prunus alabamensis,1.0,-1.6424777665123005,4.963876121865704,"<ArrowStringArray>
['Wang R, Wang Q, Zhao N, Xu Z, Zhu X, Jiao C, Yu G, He N. 2018. Different phylogenetic and environmental controls of first-order root morphological and nutrient traits: Evidence of multidimensional root traits. Special Focus on Functional Traits Along A Transect 32(1): 29-39.']
Length: 1, dtype: str",Prunus,alabamensis,Rosaceae,Rosales
Prunus armeniaca,1.0,-0.8141855089370014,3.518862936047514,"<ArrowStringArray>
['Wang R, Wang Q, Zhao N, Xu Z, Zhu X, Jiao C, Yu G, He N. 2018. Different phylogenetic and environmental controls of first-order root morphological and nutrient traits: Evidence of multidimensional root traits. Special Focus on Functional Traits Along A Transect 32(1): 29-39.']
Length: 1, dtype: str",Prunus,armeniaca,Rosaceae,Rosales
Prunus avium,1.0,-1.6066293601120614,4.956418997863008,"<ArrowStringArray>
['Wang R, Wang Q, Zhao N, Xu Z, Zhu X, Jiao C, Yu G, He N. 2018. Different phylogenetic and environmental controls of first-order root morphological and nutrient traits: Evidence of multidimensional root traits. Special Focus on Functional Traits Along A Transect 32(1): 29-39.']
Length: 1, dtype: str",Prunus,avium,Rosaceae,Rosales
Prunus padus,1.0,-1.9166426513747452,5.50616332770253,"<ArrowStringArray>
['Wang R, Wang Q, Zhao N, Xu Z, Zhu X, Jiao C, Yu G, He N. 2018. Different phylogenetic and environmental controls of first-order root morphological and nutrient traits: Evidence of multidimensional root traits. Special Focus on Functional Traits Along A Transect 32(1): 29-39.']
Length: 1, dtype: str",Prunus,padus,Rosaceae,Rosales
Prunus persica,1.0,-1.9207298505250152,4.334166494167092,"<ArrowStringArray>
['Lavely EL, Chen W, Peterson KA, Klodd AE, Volder E, Marini RP, Eissenstat D. 2020. On characterizing root function in perennial horticultural crops. American Journal of Botany']
Length: 1, dtype: str",Prunus,persica,Rosaceae,Rosales
Prunus sargentii,1.0,-1.8415134857539672,4.399899946952382,"<ArrowStringArray>
[' Valverde-Barrantes OJ, Smemo KA, Blackwood CB. 2014. Fine root morphology is phylogenetically structured, but nitrogen is related to the plant economics spectrum in temperate trees. Functional Ecology 29: 796-807.', 'Valverde et al (unpublished)']
Length: 2, dtype: str",Prunus,sargentii,Rosaceae,Rosales
Prunus sibirica,1.0,-1.4765528573907178,4.701501623222388,"<ArrowStringArray>
['Shi W, Wang ZQ, Liu JL, Gu JC, Guo DL. 2008. Fine root morphology of twenty hardwood species in Maoershan Natural Secondary Forest in Northeastern China. Journal of Plant Ecology (Chinese Version) 32: 1217-1226.']
Length: 1, dtype: str",Prunus,sibirica,Rosaceae,Rosales
Psychotria asiatica,1.0,-1.5670970719445754,4.474935068958718,"<ArrowStringArray>
['Kong D, Ma C, Zhang Q, Li L, Chen X, Zeng H, Guo D. 2014. Leading dimensions in absorptive root trait variation across 96 subtropical forest species. New Phytologist 203: 863-872.', 'Wang R, Wang Q, Zhao N, Xu Z, Zhu X, Jiao C, Yu G, He N. 2018. Different phylogenetic and environmental controls of first-order root morphological and nutrient traits: Evidence of multidimensional root traits. Special Focus on Functional Traits Along A Transect 32(1): 29-39.']
Length: 2, dtype: str",Psychotria,asiatica,Rubiaceae,Gentianales
Pteridium aquilinum,1.0,-1.3819040128185978,4.6935390431844075,"<ArrowStringArray>
['Wang R, Wang Q, Zhao N, Xu Z, Zhu X, Jiao C, Yu G, He N. 2018. Different phylogenetic and environmental controls of first-order root morphological and nutrient traits: Evidence of multidimensional root traits. Special Focus on Functional Traits Along A Transect 32(1): 29-39.']
Length: 1, dtype: str",Pteridium,aquilinum,Dennstaedtiaceae,Polypodiales
Pterospermum acerifolium,1.0,-1.2703263048759572,3.2449333591874905,"<ArrowStringArray>
['Kong D, Ma C, Zhang Q, Li L, Chen X, Zeng H, Guo D. 2014. Leading dimensions in absorptive root trait variation across 96 subtropical forest species. New Phytologist 203: 863-872.']
Length: 1, dtype: str",Pterospermum,acerifolium,Malvaceae,Malvales
Pyrus betulifolia,1.0,-0.7421504359316949,2.872843822791624,"<ArrowStringArray>
['Chen W, Zeng H, Eissenstat DM, Guo D. 2013. Variation of first-order root traits across climatic gradients and evolutionary trends in geological time. Global Ecology and Biogeography 22: 846-856.']
Length: 1, dtype: str",Pyrus,betulifolia,Rosaceae,Rosales
Quercus alba,1.0,-1.7719568419318754,4.291417885803127,"<ArrowStringArray>
['McCormack ML, Adams TS, Smithwick EAH, Eissenstat DM. 2012. Predicting fine root lifespan from plant functional traits in temperate trees. New Phytologist 195:823-831.', 'Pregitzer KS, DeForest JL, Burton AJ, Allen MF, Ruess RW, Hendrick RL. 2002. Fine root architecture of nine North American trees. Ecological Monographs 72: 293-309.']
Length: 2, dtype: str",Quercus,alba,Fagaceae,Fagales
Quercus aliena,1.0,-1.744729564835804,4.617689267645409,"<ArrowStringArray>
['Chen W, Zeng H, Eissenstat DM, Guo D. 2013. Variation of first-order root traits across climatic gradients and evolutionary trends in geological time. Global Ecology and Biogeography 22: 846-856.', 'Wang R, Wang Q, Zhao N, Xu Z, Zhu X, Jiao C, Yu G, He N. 2018. Different phylogenetic and environmental controls of first-order root morphological and nutrient traits: Evidence of multidimensional root traits. Special Focus on Functional Traits Along A Transect 32(1): 29-39.']
Length: 2, dtype: str",Quercus,aliena,Fagaceae,Fagales
Quercus asymmetrica,1.0,-1.0583152319035727,3.810654511039857,"<ArrowStringArray>
['Kong D, Ma C, Zhang Q, Li L, Chen X, Zeng H, Guo D. 2014. Leading dimensions in absorptive root trait variation across 96 subtropical forest species. New Phytologist 203: 863-872.']
Length: 1, dtype: str",Quercus,asymmetrica,Fagaceae,Fagales
Quercus mongolica,1.0,-1.5231202030595645,4.597080072390454,"<ArrowStringArray>
['Shi W, Wang ZQ, Liu JL, Gu JC, Guo DL. 2008. Fine root morphology of twenty hardwood species in Maoershan Natural Secondary Forest in Northeastern China. Journal of Plant Ecology (Chinese Version) 32: 1217-1226.', 'Wang R, Wang Q, Zhao N, Xu Z, Zhu X, Jiao C, Yu G, He N. 2018. Different phylogenetic and environmental controls of first-order root morphological and nutrient traits: Evidence of multidimensional root traits. Special Focus on Functional Traits Along A Transect 32(1): 29-39.']
Length: 2, dtype: str",Quercus,mongolica,Fagaceae,Fagales
Quercus multinervis,1.0,-1.4628514838420459,4.345563147836171,"<ArrowStringArray>
['Wang R, Wang Q, Zhao N, Xu Z, Zhu X, Jiao C, Yu G, He N. 2018. Different phylogenetic and environmental controls of first-order root morphological and nutrient traits: Evidence of multidimensional root traits. Special Focus on Functional Traits Along A Transect 32(1): 29-39.']
Length: 1, dtype: str",Quercus,multinervis,Fagaceae,Fagales
Quercus oxyodon,1.0,-1.7080159257951957,5.158334149593464,"<ArrowStringArray>
['Wang R, Wang Q, Zhao N, Xu Z, Zhu X, Jiao C, Yu G, He N. 2018. Different phylogenetic and environmental controls of first-order root morphological and nutrient traits: Evidence of multidimensional root traits. Special Focus on Functional Traits Along A Transect 32(1): 29-39.']
Length: 1, dtype: str",Quercus,oxyodon,Fagaceae,Fagales
Quercus robur,1.0,-1.4639744985838203,3.5859468125793654,"<ArrowStringArray>
[' Zadworny M, McCormack ML, Rawlik K, Jagodzinski AM. 2015. Seasonal variation in chemistry, but not morphology, in roots of Quercus robur growing in different soil types. Tree Physiology 35: 644-652.']
Length: 1, dtype: str",Quercus,robur,Fagaceae,Fagales
Quercus rubra,1.0,-1.791759469228055,4.161951288268011,"<ArrowStringArray>
['McCormack ML, Adams TS, Smithwick EAH, Eissenstat DM. 2012. Predicting fine root lifespan from plant functional traits in temperate trees. New Phytologist 195:823-831.']
Length: 1, dtype: str",Quercus,rubra,Fagaceae,Fagales
Quercus serrata,1.0,-1.6972450605110259,4.854558315702191,"<ArrowStringArray>
['Wang R, Wang Q, Zhao N, Xu Z, Zhu X, Jiao C, Yu G, He N. 2018. Different phylogenetic and environmental controls of first-order root morphological and nutrient traits: Evidence of multidimensional root traits. Special Focus on Functional Traits Along A Transect 32(1): 29-39.']
Length: 1, dtype: str",Quercus,serrata,Fagaceae,Fagales
Quercus variabilis,1.0,-1.968788933876298,4.384073327019456,"<ArrowStringArray>
['Chen W, Zeng H, Eissenstat DM, Guo D. 2013. Variation of first-order root traits across climatic gradients and evolutionary trends in geological time. Global Ecology and Biogeography 22: 846-856.']
Length: 1, dtype: str",Quercus,variabilis,Fagaceae,Fagales
Quercus wutaishanica,1.0,-1.245372950897588,4.012031738872642,"<ArrowStringArray>
['Chen W, Zeng H, Eissenstat DM, Guo D. 2013. Variation of first-order root traits across climatic gradients and evolutionary trends in geological time. Global Ecology and Biogeography 22: 846-856.', 'Wang R, Wang Q, Zhao N, Xu Z, Zhu X, Jiao C, Yu G, He N. 2018. Different phylogenetic and environmental controls of first-order root morphological and nutrient traits: Evidence of multidimensional root traits. Special Focus on Functional Traits Along A Transect 32(1): 29-39.']
Length: 2, dtype: str",Quercus,wutaishanica,Fagaceae,Fagales
Rhamnus davurica,1.0,-1.7120245012092015,5.19709489569434,"<ArrowStringArray>
['Wang R, Wang Q, Zhao N, Xu Z, Zhu X, Jiao C, Yu G, He N. 2018. Different phylogenetic and environmental controls of first-order root morphological and nutrient traits: Evidence of multidimensional root traits. Special Focus on Functional Traits Along A Transect 32(1): 29-39.']
Length: 1, dtype: str",Rhamnus,davurica,Rhamnaceae,Rosales
Rhaphiolepis indica,1.0,-1.932332740641626,4.463491407656154,"<ArrowStringArray>
['Kong D, Ma C, Zhang Q, Li L, Chen X, Zeng H, Guo D. 2014. Leading dimensions in absorptive root trait variation across 96 subtropical forest species. New Phytologist 203: 863-872.']
Length: 1, dtype: str",Rhaphiolepis,indica,Rosaceae,Rosales
Rhododendron hypoglaucum,1.0,-1.9471859625593653,5.096447499700531,"<ArrowStringArray>
['Wang R, Wang Q, Zhao N, Xu Z, Zhu X, Jiao C, Yu G, He N. 2018. Different phylogenetic and environmental controls of first-order root morphological and nutrient traits: Evidence of multidimensional root traits. Special Focus on Functional Traits Along A Transect 32(1): 29-39.']
Length: 1, dtype: str",Rhododendron,hypoglaucum,Ericaceae,Ericales
Rhodoleia championii,1.0,-1.1874435023747254,3.8406558890797298,"<ArrowStringArray>
['Chen W, Zeng H, Eissenstat DM, Guo D. 2013. Variation of first-order root traits across climatic gradients and evolutionary trends in geological time. Global Ecology and Biogeography 22: 846-856.']
Length: 1, dtype: str",Rhodoleia,championii,Hamamelidaceae,Saxifragales
Rosa acicularis,1.0,-1.2337449626596062,4.022385435031041,"<ArrowStringArray>
['Wang R, Wang Q, Zhao N, Xu Z, Zhu X, Jiao C, Yu G, He N. 2018. Different phylogenetic and environmental controls of first-order root morphological and nutrient traits: Evidence of multidimensional root traits. Special Focus on Functional Traits Along A Transect 32(1): 29-39.']
Length: 1, dtype: str",Rosa,acicularis,Rosaceae,Rosales
Rosa xanthina,1.0,-1.6906479678596436,5.22768711832685,"<ArrowStringArray>
['Wang R, Wang Q, Zhao N, Xu Z, Zhu X, Jiao C, Yu G, He N. 2018. Different phylogenetic and environmental controls of first-order root morphological and nutrient traits: Evidence of multidimensional root traits. Special Focus on Functional Traits Along A Transect 32(1): 29-39.']
Length: 1, dtype: str",Rosa,xanthina,Rosaceae,Rosales
Rubus crataegifolius,1.0,-1.8898134097034431,5.64788850177962,"<ArrowStringArray>
['Wang R, Wang Q, Zhao N, Xu Z, Zhu X, Jiao C, Yu G, He N. 2018. Different phylogenetic and environmental controls of first-order root morphological and nutrient traits: Evidence of multidimensional root traits. Special Focus on Functional Traits Along A Transect 32(1): 29-39.']
Length: 1, dtype: str",Rubus,crataegifolius,Rosaceae,Rosales
Rubus idaeus,1.0,-1.708982042770487,5.145917113662598,"<ArrowStringArray>
['Wang R, Wang Q, Zhao N, Xu Z, Zhu X, Jiao C, Yu G, He N. 2018. Different phylogenetic and environmental controls of first-order root morphological and nutrient traits: Evidence of multidimensional root traits. Special Focus on Functional Traits Along A Transect 32(1): 29-39.']
Length: 1, dtype: str",Rubus,idaeus,Rosaceae,Rosales
Rubus irritans,1.0,-1.731605546408308,5.260971191549772,"<ArrowStringArray>
['Wang R, Wang Q, Zhao N, Xu Z, Zhu X, Jiao C, Yu G, He N. 2018. Different phylogenetic and environmental controls of first-order root morphological and nutrient traits: Evidence of multidimensional root traits. Special Focus on Functional Traits Along A Transect 32(1): 29-39.']
Length: 1, dtype: str",Rubus,irritans,Rosaceae,Rosales
Rubus rosifolius,1.0,-2.1346726844885096,5.766636300616433,"<ArrowStringArray>
['Wang R, Wang Q, Zhao N, Xu Z, Zhu X, Jiao C, Yu G, He N. 2018. Different phylogenetic and environmental controls of first-order root morphological and nutrient traits: Evidence of multidimensional root traits. Special Focus on Functional Traits Along A Transect 32(1): 29-39.']
Length: 1, dtype: str",Rubus,rosifolius,Rosaceae,Rosales
Salix caprea,1.0,-2.1647526195430937,4.840606305943966,"<ArrowStringArray>
['Chen W, Zeng H, Eissenstat DM, Guo D. 2013. Variation of first-order root traits across climatic gradients and evolutionary trends in geological time. Global Ecology and Biogeography 22: 846-856.']
Length: 1, dtype: str",Salix,caprea,Salicaceae,Malpighiales
Salix gordejevii,1.0,-1.9661128563728327,5.255879483850069,"<ArrowStringArray>
['Huang G, Zhao  X-Y, Zhao H-L, Huang Y-X, Zuo X-A. 2010. Linking root morphology, longevity and function to root branch order: a case study in three shrubs. Plant Soil 336: 197-208.']
Length: 1, dtype: str",Salix,gordejevii,Salicaceae,Malpighiales
Salix pierotii,1.0,-1.4975478730892593,5.140414486095638,"<ArrowStringArray>
['Shi W, Wang ZQ, Liu JL, Gu JC, Guo DL. 2008. Fine root morphology of twenty hardwood species in Maoershan Natural Secondary Forest in Northeastern China. Journal of Plant Ecology (Chinese Version) 32: 1217-1226.']
Length: 1, dtype: str",Salix,pierotii,Salicaceae,Malpighiales
Salix raddeana,1.0,-2.11279152136139,5.802261266376117,"<ArrowStringArray>
['Wang R, Wang Q, Zhao N, Xu Z, Zhu X, Jiao C, Yu G, He N. 2018. Different phylogenetic and environmental controls of first-order root morphological and nutrient traits: Evidence of multidimensional root traits. Special Focus on Functional Traits Along A Transect 32(1): 29-39.']
Length: 1, dtype: str",Salix,raddeana,Salicaceae,Malpighiales
Salix viminalis,1.0,-1.9608886690906258,5.764240858969673,"<ArrowStringArray>
['Wang R, Wang Q, Zhao N, Xu Z, Zhu X, Jiao C, Yu G, He N. 2018. Different phylogenetic and environmental controls of first-order root morphological and nutrient traits: Evidence of multidimensional root traits. Special Focus on Functional Traits Along A Transect 32(1): 29-39.']
Length: 1, dtype: str",Salix,viminalis,Salicaceae,Malpighiales
Salvia chinensis,1.0,-1.8375940055718543,5.797148617256237,"<ArrowStringArray>
['Wang R, Wang Q, Zhao N, Xu Z, Zhu X, Jiao C, Yu G, He N. 2018. Different phylogenetic and environmental controls of first-order root morphological and nutrient traits: Evidence of multidimensional root traits. Special Focus on Functional Traits Along A Transect 32(1): 29-39.']
Length: 1, dtype: str",Salvia,chinensis,Lamiaceae,Lamiales
Sambucus williamsii,1.0,-1.14348459495051,4.858619698797443,"<ArrowStringArray>
['Chen W, Zeng H, Eissenstat DM, Guo D. 2013. Variation of first-order root traits across climatic gradients and evolutionary trends in geological time. Global Ecology and Biogeography 22: 846-856.', 'Wang R, Wang Q, Zhao N, Xu Z, Zhu X, Jiao C, Yu G, He N. 2018. Different phylogenetic and environmental controls of first-order root morphological and nutrient traits: Evidence of multidimensional root traits. Special Focus on Functional Traits Along A Transect 32(1): 29-39.']
Length: 2, dtype: str",Sambucus,williamsii,Adoxaceae,Dipsacales
Sanguisorba officinalis,1.0,-0.9260254609710522,3.902578546600146,"<ArrowStringArray>
['Chen W, Zeng H, Eissenstat DM, Guo D. 2013. Variation of first-order root traits across climatic gradients and evolutionary trends in geological time. Global Ecology and Biogeography 22: 846-856.']
Length: 1, dtype: str",Sanguisorba,officinalis,Rosaceae,Rosales
Sanicula orthacantha,1.0,-1.6361669721761247,5.021999850863013,"<ArrowStringArray>
['Wang R, Wang Q, Zhao N, Xu Z, Zhu X, Jiao C, Yu G, He N. 2018. Different phylogenetic and environmental controls of first-order root morphological and nutrient traits: Evidence of multidimensional root traits. Special Focus on Functional Traits Along A Transect 32(1): 29-39.']
Length: 1, dtype: str",Sanicula,orthacantha,Apiaceae,Apiales
Saprosma ternatum,1.0,-1.9306078290468707,4.761746493030188,"<ArrowStringArray>
['Kong D, Ma C, Zhang Q, Li L, Chen X, Zeng H, Guo D. 2014. Leading dimensions in absorptive root trait variation across 96 subtropical forest species. New Phytologist 203: 863-872.']
Length: 1, dtype: str",Saprosma,ternatum,Rubiaceae,Gentianales
Sarcandra glabra,1.0,-0.6918563140866899,3.4173372896126404,"<ArrowStringArray>
['Wang R, Wang Q, Zhao N, Xu Z, Zhu X, Jiao C, Yu G, He N. 2018. Different phylogenetic and environmental controls of first-order root morphological and nutrient traits: Evidence of multidimensional root traits. Special Focus on Functional Traits Along A Transect 32(1): 29-39.']
Length: 1, dtype: str",Sarcandra,glabra,Chloranthaceae,Chloranthales
Sassafras albidum,1.0,-0.6044815872076233,2.8023645316374526,"<ArrowStringArray>
[' Valverde-Barrantes OJ, Smemo KA, Blackwood CB. 2014. Fine root morphology is phylogenetically structured, but nitrogen is related to the plant economics spectrum in temperate trees. Functional Ecology 29: 796-807.',
                                                'McCormack ML, Adams TS, Smithwick EAH, Eissenstat DM. 2012. Predicting fine root lifespan from plant functional traits in temperate trees. New Phytologist 195:823-831.',
                                                                                                                                                                                           'Valverde et al (unpublished)']
Length: 3, dtype: str",Sassafras,albidum,Lauraceae,Laurales
Saussurea amurensis,1.0,-1.6039529822035308,5.5051756973674,"<ArrowStringArray>
['Wang R, Wang Q, Zhao N, Xu Z, Zhu X, Jiao C, Yu G, He N. 2018. Different phylogenetic and environmental controls of first-order root morphological and nutrient traits: Evidence of multidimensional root traits. Special Focus on Functional Traits Along A Transect 32(1): 29-39.']
Length: 1, dtype: str",Saussurea,amurensis,Asteraceae,Asterales
Saussurea mongolica,1.0,-1.5260163042950279,5.015324960401109,"<ArrowStringArray>
['Wang R, Wang Q, Zhao N, Xu Z, Zhu X, Jiao C, Yu G, He N. 2018. Different phylogenetic and environmental controls of first-order root morphological and nutrient traits: Evidence of multidimensional root traits. Special Focus on Functional Traits Along A Transect 32(1): 29-39.']
Length: 1, dtype: str",Saussurea,mongolica,Asteraceae,Asterales
Saussurea nivea,1.0,-1.3178883284558303,4.7660689036512505,"<ArrowStringArray>
['Wang R, Wang Q, Zhao N, Xu Z, Zhu X, Jiao C, Yu G, He N. 2018. Different phylogenetic and environmental controls of first-order root morphological and nutrient traits: Evidence of multidimensional root traits. Special Focus on Functional Traits Along A Transect 32(1): 29-39.']
Length: 1, dtype: str",Saussurea,nivea,Asteraceae,Asterales
Schefflera heptaphylla,1.0,-1.3072983548933927,5.059335988231617,"<ArrowStringArray>
['Wang R, Wang Q, Zhao N, Xu Z, Zhu X, Jiao C, Yu G, He N. 2018. Different phylogenetic and environmental controls of first-order root morphological and nutrient traits: Evidence of multidimensional root traits. Special Focus on Functional Traits Along A Transect 32(1): 29-39.']
Length: 1, dtype: str",Schefflera,heptaphylla,Araliaceae,Apiales
Schefflera minutistellata,1.0,-1.1007245178543839,3.635214929528243,"<ArrowStringArray>
['Kong D, Ma C, Zhang Q, Li L, Chen X, Zeng H, Guo D. 2014. Leading dimensions in absorptive root trait variation across 96 subtropical forest species. New Phytologist 203: 863-872.']
Length: 1, dtype: str",Schefflera,minutistellata,Araliaceae,Apiales
Schima superba,1.0,-1.5822552319060437,4.9393758659092235,"<ArrowStringArray>
['Liu B, Li H, Zhu B, Koide RT, Eissenstat DM, Guo D. 2015. Complementarity between roots and AM fungi in nutrient foraging strategies. New Phytologist 208: 125-136.', 'Wang R, Wang Q, Zhao N, Xu Z, Zhu X, Jiao C, Yu G, He N. 2018. Different phylogenetic and environmental controls of first-order root morphological and nutrient traits: Evidence of multidimensional root traits. Special Focus on Functional Traits Along A Transect 32(1): 29-39.']
Length: 2, dtype: str",Schima,superba,Theaceae,Ericales
Schima wallichii,1.0,-1.4276998591785621,4.58934563564112,"<ArrowStringArray>
['Kong D, Ma C, Zhang Q, Li L, Chen X, Zeng H, Guo D. 2014. Leading dimensions in absorptive root trait variation across 96 subtropical forest species. New Phytologist 203: 863-872.']
Length: 1, dtype: str",Schima,wallichii,Theaceae,Ericales
Schoepfia jasminodora,1.0,-1.6557436653106117,4.400389762662409,"<ArrowStringArray>
['Wang R, Wang Q, Zhao N, Xu Z, Zhu X, Jiao C, Yu G, He N. 2018. Different phylogenetic and environmental controls of first-order root morphological and nutrient traits: Evidence of multidimensional root traits. Special Focus on Functional Traits Along A Transect 32(1): 29-39.']
Length: 1, dtype: str",Schoepfia,jasminodora,Schoepfiaceae,Santalales
Smilax trinervula,1.0,-1.1739827035212294,4.697894312108901,"<ArrowStringArray>
['Wang R, Wang Q, Zhao N, Xu Z, Zhu X, Jiao C, Yu G, He N. 2018. Different phylogenetic and environmental controls of first-order root morphological and nutrient traits: Evidence of multidimensional root traits. Special Focus on Functional Traits Along A Transect 32(1): 29-39.']
Length: 1, dtype: str",Smilax,trinervula,Smilacaceae,Liliales
Solidago decurrens,1.0,-1.3934196860624792,5.312633154910845,"<ArrowStringArray>
['Wang R, Wang Q, Zhao N, Xu Z, Zhu X, Jiao C, Yu G, He N. 2018. Different phylogenetic and environmental controls of first-order root morphological and nutrient traits: Evidence of multidimensional root traits. Special Focus on Functional Traits Along A Transect 32(1): 29-39.']
Length: 1, dtype: str",Solidago,decurrens,Asteraceae,Asterales
Sorbus aucuparia,1.0,-1.6193553480283234,4.090652672911127,"<ArrowStringArray>
['Chen W, Zeng H, Eissenstat DM, Guo D. 2013. Variation of first-order root traits across climatic gradients and evolutionary trends in geological time. Global Ecology and Biogeography 22: 846-856.']
Length: 1, dtype: str",Sorbus,aucuparia,Rosaceae,Rosales
Sorbus discolor,1.0,-1.5904934964331625,4.795288438983798,"<ArrowStringArray>
['Wang R, Wang Q, Zhao N, Xu Z, Zhu X, Jiao C, Yu G, He N. 2018. Different phylogenetic and environmental controls of first-order root morphological and nutrient traits: Evidence of multidimensional root traits. Special Focus on Functional Traits Along A Transect 32(1): 29-39.']
Length: 1, dtype: str",Sorbus,discolor,Rosaceae,Rosales
Spiraea dahurica,1.0,-2.101550554639839,5.672998477663331,"<ArrowStringArray>
['Wang R, Wang Q, Zhao N, Xu Z, Zhu X, Jiao C, Yu G, He N. 2018. Different phylogenetic and environmental controls of first-order root morphological and nutrient traits: Evidence of multidimensional root traits. Special Focus on Functional Traits Along A Transect 32(1): 29-39.']
Length: 1, dtype: str",Spiraea,dahurica,Rosaceae,Rosales
Spiraea pubescens,1.0,-0.9885926436295602,5.011736909095579,"<ArrowStringArray>
['Wang R, Wang Q, Zhao N, Xu Z, Zhu X, Jiao C, Yu G, He N. 2018. Different phylogenetic and environmental controls of first-order root morphological and nutrient traits: Evidence of multidimensional root traits. Special Focus on Functional Traits Along A Transect 32(1): 29-39.']
Length: 1, dtype: str",Spiraea,pubescens,Rosaceae,Rosales
Sterculia lanceolata,1.0,-1.4071979262257608,4.586304361684933,"<ArrowStringArray>
['Kong D, Ma C, Zhang Q, Li L, Chen X, Zeng H, Guo D. 2014. Leading dimensions in absorptive root trait variation across 96 subtropical forest species. New Phytologist 203: 863-872.', 'Wang R, Wang Q, Zhao N, Xu Z, Zhu X, Jiao C, Yu G, He N. 2018. Different phylogenetic and environmental controls of first-order root morphological and nutrient traits: Evidence of multidimensional root traits. Special Focus on Functional Traits Along A Transect 32(1): 29-39.']
Length: 2, dtype: str",Sterculia,lanceolata,Malvaceae,Malvales
Sterculia nobilis,1.0,-1.387284951592667,4.567675981560511,"<ArrowStringArray>
['Chen W, Zeng H, Eissenstat DM, Guo D. 2013. Variation of first-order root traits across climatic gradients and evolutionary trends in geological time. Global Ecology and Biogeography 22: 846-856.']
Length: 1, dtype: str",Sterculia,nobilis,Malvaceae,Malvales
Strobilanthes dimorphotricha,1.0,-1.3137876703331426,4.915893556164899,"<ArrowStringArray>
['Wang R, Wang Q, Zhao N, Xu Z, Zhu X, Jiao C, Yu G, He N. 2018. Different phylogenetic and environmental controls of first-order root morphological and nutrient traits: Evidence of multidimensional root traits. Special Focus on Functional Traits Along A Transect 32(1): 29-39.']
Length: 1, dtype: str",Strobilanthes,dimorphotricha,Acanthaceae,Lamiales
Strobilanthes villosum,1.0,-1.461209304941529,5.23327101995561,"<ArrowStringArray>
['Wang R, Wang Q, Zhao N, Xu Z, Zhu X, Jiao C, Yu G, He N. 2018. Different phylogenetic and environmental controls of first-order root morphological and nutrient traits: Evidence of multidimensional root traits. Special Focus on Functional Traits Along A Transect 32(1): 29-39.']
Length: 1, dtype: str",Strobilanthes,villosum,Acanthaceae,Lamiales
Styphnolobium japonicum,1.0,-1.2579213752280378,3.6059748835478986,"<ArrowStringArray>
[' Valverde-Barrantes OJ, Smemo KA, Blackwood CB. 2014. Fine root morphology is phylogenetically structured, but nitrogen is related to the plant economics spectrum in temperate trees. Functional Ecology 29: 796-807.', 'Valverde et al (unpublished)']
Length: 2, dtype: str",Styphnolobium,japonicum,Fabaceae,Fabales
Styrax suberifolius,1.0,-1.27421645771454,3.997357668802149,"<ArrowStringArray>
['Wang R, Wang Q, Zhao N, Xu Z, Zhu X, Jiao C, Yu G, He N. 2018. Different phylogenetic and environmental controls of first-order root morphological and nutrient traits: Evidence of multidimensional root traits. Special Focus on Functional Traits Along A Transect 32(1): 29-39.']
Length: 1, dtype: str",Styrax,suberifolius,Styracaceae,Ericales
Syringa reticulata,1.0,-1.4476489026379078,4.767641232081141,"<ArrowStringArray>
[                                                             ' Valverde-Barrantes OJ, Smemo KA, Blackwood CB. 2014. Fine root morphology is phylogenetically structured, but nitrogen is related to the plant economics spectrum in temperate trees. Functional Ecology 29: 796-807.',
                                                                                 'Chen W, Zeng H, Eissenstat DM, Guo D. 2013. Variation of first-order root traits across climatic gradients and evolutionary trends in geological time. Global Ecology and Biogeography 22: 846-856.',
                                                                                                                                                                                                                                                        'Valverde et al (unpublished)',
 'Wang R, Wang Q, Zhao N, Xu Z, Zhu X, Jiao C, Yu G, He N. 2018. Different phylogenetic and environmental controls of first-order root morphological and nutrient traits: Evidence of multidimensional root traits. Special Focus on Functional Traits Along A Transect 32(1): 29-39.']
Length: 4, dtype: str",Syringa,reticulata,Oleaceae,Lamiales
Syzygium acuminatissimum,1.0,-1.0788096613719298,3.8528019063502166,"<ArrowStringArray>
['Wang R, Wang Q, Zhao N, Xu Z, Zhu X, Jiao C, Yu G, He N. 2018. Different phylogenetic and environmental controls of first-order root morphological and nutrient traits: Evidence of multidimensional root traits. Special Focus on Functional Traits Along A Transect 32(1): 29-39.']
Length: 1, dtype: str",Syzygium,acuminatissimum,Myrtaceae,Myrtales
Syzygium globiflorum,1.0,-1.629079552689389,3.7106409458954492,"<ArrowStringArray>
['Kong D, Ma C, Zhang Q, Li L, Chen X, Zeng H, Guo D. 2014. Leading dimensions in absorptive root trait variation across 96 subtropical forest species. New Phytologist 203: 863-872.']
Length: 1, dtype: str",Syzygium,globiflorum,Myrtaceae,Myrtales
Syzygium hancei,1.0,-1.9681870166711393,4.548605694165069,"<ArrowStringArray>
['Kong D, Ma C, Zhang Q, Li L, Chen X, Zeng H, Guo D. 2014. Leading dimensions in absorptive root trait variation across 96 subtropical forest species. New Phytologist 203: 863-872.', 'Chen W, Zeng H, Eissenstat DM, Guo D. 2013. Variation of first-order root traits across climatic gradients and evolutionary trends in geological time. Global Ecology and Biogeography 22: 846-856.']
Length: 2, dtype: str",Syzygium,hancei,Myrtaceae,Myrtales
Syzygium jambos,1.0,-1.4927666056304074,4.971446208016166,"<ArrowStringArray>
['Wang R, Wang Q, Zhao N, Xu Z, Zhu X, Jiao C, Yu G, He N. 2018. Different phylogenetic and environmental controls of first-order root morphological and nutrient traits: Evidence of multidimensional root traits. Special Focus on Functional Traits Along A Transect 32(1): 29-39.']
Length: 1, dtype: str",Syzygium,jambos,Myrtaceae,Myrtales
Syzygium levinei,1.0,-1.9217542658442424,4.809510050898489,"<ArrowStringArray>
['Kong D, Ma C, Zhang Q, Li L, Chen X, Zeng H, Guo D. 2014. Leading dimensions in absorptive root trait variation across 96 subtropical forest species. New Phytologist 203: 863-872.', 'Chen W, Zeng H, Eissenstat DM, Guo D. 2013. Variation of first-order root traits across climatic gradients and evolutionary trends in geological time. Global Ecology and Biogeography 22: 846-856.']
Length: 2, dtype: str",Syzygium,levinei,Myrtaceae,Myrtales
Syzygium szemaoense,1.0,-1.6347557204183902,4.083806472419144,"<ArrowStringArray>
['Chen W, Zeng H, Eissenstat DM, Guo D. 2013. Variation of first-order root traits across climatic gradients and evolutionary trends in geological time. Global Ecology and Biogeography 22: 846-856.']
Length: 1, dtype: str",Syzygium,szemaoense,Myrtaceae,Myrtales
Thalictrum simplex,1.0,-1.6109390385603677,5.557027124896727,"<ArrowStringArray>
['Wang R, Wang Q, Zhao N, Xu Z, Zhu X, Jiao C, Yu G, He N. 2018. Different phylogenetic and environmental controls of first-order root morphological and nutrient traits: Evidence of multidimensional root traits. Special Focus on Functional Traits Along A Transect 32(1): 29-39.']
Length: 1, dtype: str",Thalictrum,simplex,Ranunculaceae,Ranunculales
Tilia amurensis,1.0,-1.57310598318671,4.875551748934549,"<ArrowStringArray>
['Wang R, Wang Q, Zhao N, Xu Z, Zhu X, Jiao C, Yu G, He N. 2018. Different phylogenetic and environmental controls of first-order root morphological and nutrient traits: Evidence of multidimensional root traits. Special Focus on Functional Traits Along A Transect 32(1): 29-39.']
Length: 1, dtype: str",Tilia,amurensis,Malvaceae,Malvales
Tilia cordata,1.0,-1.163224834945474,3.5012812495682604,"<ArrowStringArray>
['Kubisch P, Hertel D, Leuschner C. 2015. Do ectomycorrhizal and arbuscular mycorrhizal temperate tree species systematically differ in root order-related fine root morphology and biomass? Frontiers in Plant Science 6(64): 1-12.']
Length: 1, dtype: str",Tilia,cordata,Malvaceae,Malvales
Tilia mandshurica,1.0,-1.315749261895315,4.466575846709062,"<ArrowStringArray>
['Shi W, Wang ZQ, Liu JL, Gu JC, Guo DL. 2008. Fine root morphology of twenty hardwood species in Maoershan Natural Secondary Forest in Northeastern China. Journal of Plant Ecology (Chinese Version) 32: 1217-1226.', 'Chen W, Zeng H, Eissenstat DM, Guo D. 2013. Variation of first-order root traits across climatic gradients and evolutionary trends in geological time. Global Ecology and Biogeography 22: 846-856.']
Length: 2, dtype: str",Tilia,mandshurica,Malvaceae,Malvales
Tilia mongolica,1.0,-1.679311455527048,4.22991586656124,"<ArrowStringArray>
['Chen W, Zeng H, Eissenstat DM, Guo D. 2013. Variation of first-order root traits across climatic gradients and evolutionary trends in geological time. Global Ecology and Biogeography 22: 846-856.']
Length: 1, dtype: str",Tilia,mongolica,Malvaceae,Malvales
Tilia oliveri,1.0,-1.5751572659572675,5.008139589748644,"<ArrowStringArray>
['Wang R, Wang Q, Zhao N, Xu Z, Zhu X, Jiao C, Yu G, He N. 2018. Different phylogenetic and environmental controls of first-order root morphological and nutrient traits: Evidence of multidimensional root traits. Special Focus on Functional Traits Along A Transect 32(1): 29-39.']
Length: 1, dtype: str",Tilia,oliveri,Malvaceae,Malvales
Trachelospermum axillare,1.0,-1.2330583852210326,4.350516641221867,"<ArrowStringArray>
['Wang R, Wang Q, Zhao N, Xu Z, Zhu X, Jiao C, Yu G, He N. 2018. Different phylogenetic and environmental controls of first-order root morphological and nutrient traits: Evidence of multidimensional root traits. Special Focus on Functional Traits Along A Transect 32(1): 29-39.']
Length: 1, dtype: str",Trachelospermum,axillare,Apocynaceae,Gentianales
Ulmus americana,1.0,-1.8338913525281542,4.2734639879399925,"<ArrowStringArray>
[' Valverde-Barrantes OJ, Smemo KA, Blackwood CB. 2014. Fine root morphology is phylogenetically structured, but nitrogen is related to the plant economics spectrum in temperate trees. Functional Ecology 29: 796-807.', 'Valverde et al (unpublished)']
Length: 2, dtype: str",Ulmus,americana,Ulmaceae,Rosales
Ulmus davidiana,1.0,-1.4754319911661053,4.76263893805587,"<ArrowStringArray>
[                                                                'Shi W, Wang ZQ, Liu JL, Gu JC, Guo DL. 2008. Fine root morphology of twenty hardwood species in Maoershan Natural Secondary Forest in Northeastern China. Journal of Plant Ecology (Chinese Version) 32: 1217-1226.',
                                                                                 'Chen W, Zeng H, Eissenstat DM, Guo D. 2013. Variation of first-order root traits across climatic gradients and evolutionary trends in geological time. Global Ecology and Biogeography 22: 846-856.',
 'Wang R, Wang Q, Zhao N, Xu Z, Zhu X, Jiao C, Yu G, He N. 2018. Different phylogenetic and environmental controls of first-order root morphological and nutrient traits: Evidence of multidimensional root traits. Special Focus on Functional Traits Along A Transect 32(1): 29-39.']
Length: 3, dtype: str",Ulmus,davidiana,Ulmaceae,Rosales
Ulmus laciniata,1.0,-2.113139795401257,4.89896666181845,"<ArrowStringArray>
['Shi W, Wang ZQ, Liu JL, Gu JC, Guo DL. 2008. Fine root morphology of twenty hardwood species in Maoershan Natural Secondary Forest in Northeastern China. Journal of Plant Ecology (Chinese Version) 32: 1217-1226.']
Length: 1, dtype: str",Ulmus,laciniata,Ulmaceae,Rosales
Ulmus macrocarpa,1.0,-1.503093628335168,4.177724226979262,"<ArrowStringArray>
['Chen W, Zeng H, Eissenstat DM, Guo D. 2013. Variation of first-order root traits across climatic gradients and evolutionary trends in geological time. Global Ecology and Biogeography 22: 846-856.']
Length: 1, dtype: str",Ulmus,macrocarpa,Ulmaceae,Rosales
Ulmus pumila,1.0,-1.5314165285674806,4.741008005401787,"<ArrowStringArray>
['Shi W, Wang ZQ, Liu JL, Gu JC, Guo DL. 2008. Fine root morphology of twenty hardwood species in Maoershan Natural Secondary Forest in Northeastern China. Journal of Plant Ecology (Chinese Version) 32: 1217-1226.', 'Wang R, Wang Q, Zhao N, Xu Z, Zhu X, Jiao C, Yu G, He N. 2018. Different phylogenetic and environmental controls of first-order root morphological and nutrient traits: Evidence of multidimensional root traits. Special Focus on Functional Traits Along A Transect 32(1): 29-39.']
Length: 2, dtype: str",Ulmus,pumila,Ulmaceae,Rosales
Vaccinium corymbosum,1.0,-2.9752793675387763,6.73351651788659,"<ArrowStringArray>
['Valenzuela-Estrada LR, Vera-Caraballo V, Ruth LE, Eissenstat DM. 2008. Root anatomy, morphology, and longevity among root orders in Vaccinium corymbosum (Ericaceae). American Journal of Botany 95:1506-1514.']
Length: 1, dtype: str",Vaccinium,corymbosum,Ericaceae,Ericales
Vaccinium mandarinorum,1.0,-2.549509172973659,4.6701148746284735,"<ArrowStringArray>
['Kong D, Ma C, Zhang Q, Li L, Chen X, Zeng H, Guo D. 2014. Leading dimensions in absorptive root trait variation across 96 subtropical forest species. New Phytologist 203: 863-872.']
Length: 1, dtype: str",Vaccinium,mandarinorum,Ericaceae,Ericales
Veratrum nigrum,1.0,-1.0799868245449447,4.838767172507941,"<ArrowStringArray>
['Wang R, Wang Q, Zhao N, Xu Z, Zhu X, Jiao C, Yu G, He N. 2018. Different phylogenetic and environmental controls of first-order root morphological and nutrient traits: Evidence of multidimensional root traits. Special Focus on Functional Traits Along A Transect 32(1): 29-39.']
Length: 1, dtype: str",Veratrum,nigrum,Melanthiaceae,Liliales
Veronica spuria,1.0,-1.67825222843446,5.424579170311993,"<ArrowStringArray>
['Wang R, Wang Q, Zhao N, Xu Z, Zhu X, Jiao C, Yu G, He N. 2018. Different phylogenetic and environmental controls of first-order root morphological and nutrient traits: Evidence of multidimensional root traits. Special Focus on Functional Traits Along A Transect 32(1): 29-39.']
Length: 1, dtype: str",Veronica,spuria,Plantaginaceae,Lamiales
Vitis amurensis,1.0,-1.2908023796606698,4.644499902046494,"<ArrowStringArray>
['Wang R, Wang Q, Zhao N, Xu Z, Zhu X, Jiao C, Yu G, He N. 2018. Different phylogenetic and environmental controls of first-order root morphological and nutrient traits: Evidence of multidimensional root traits. Special Focus on Functional Traits Along A Transect 32(1): 29-39.']
Length: 1, dtype: str",Vitis,amurensis,Vitaceae,Vitales
Vitis vinifera,1.0,-1.920805696404654,-3.0098311979334924,"<ArrowStringArray>
['Lavely EL, Chen W, Peterson KA, Klodd AE, Volder E, Marini RP, Eissenstat D. 2020. On characterizing root function in perennial horticultural crops. American Journal of Botany']
Length: 1, dtype: str",Vitis,vinifera,Vitaceae,Vitales
Wendlandia uvariifolia,1.0,-1.4953505863963323,3.8126445614478675,"<ArrowStringArray>
['Kong D, Ma C, Zhang Q, Li L, Chen X, Zeng H, Guo D. 2014. Leading dimensions in absorptive root trait variation across 96 subtropical forest species. New Phytologist 203: 863-872.']
Length: 1, dtype: str",Wendlandia,uvariifolia,Rubiaceae,Gentianales
Abies alba,,-0.5923972774598022,3.4665688891036184,"<ArrowStringArray>
['Withington JM, Reich PB, Oleksyn J, Eissenstat DM. 2006. Comparisons of structure and life span in roots and leaves among temperate trees. Ecological Monographs 76: 381-397.', 'Liese R, Alings K, Meier IC. 2017. Root branching is a leading root trait of the plant economics spectrum in temperate trees. Frontiers in Plant Science 8:315.']
Length: 2, dtype: str",Abies,alba,Pinaceae,Pinales
Acer campestre,,-0.8651224452997557,3.4330189939851112,"<ArrowStringArray>
['Liese R, Alings K, Meier IC. 2017. Root branching is a leading root trait of the plant economics spectrum in temperate trees. Frontiers in Plant Science 8:315.']
Length: 1, dtype: str",Acer,campestre,Sapindaceae,Sapindales
Achillea millefolium,,-1.501316212543988,5.84927128443819,"<ArrowStringArray>
['Craine JM, Froehle J, Tilman DG, Wedin DA, Chapin FS. 2001. The relationships among root and leaf traits of 76 grassland species and relative abundance among fertility and disturbance gradients. Oikos 93: 274-285',
                 'Poon GT, Maherali H. 2015. Competitive interactions between a nonmycorrhizal invasive plant, Alliaria petiolata, and a suite of mycorrhizal grassland, old field, and forest species. PeerJ 3: e1090',
                                                                                                                                                                                              'Comas - Pasture species',
                                                         'Kembel SW, Cahill JF, Jr. 2011. Independent Evolution of Leaf and Root Traits within and among Temperate Grassland Plant Communities. PLoS ONE 6(6): e19992.']
Length: 4, dtype: str",Achillea,millefolium,Asteraceae,Asterales
Adinandra millettii,,-0.7985076962177716,5.384495062789089,"<ArrowStringArray>
['Fu X, Wang J, Wang H, Dai X, Yang F, Zhao M. 2016. Response of the fine root production, phenology, and turnover rate of six shrub species from a subtropical forest to a soil moisture gradient and shading. Plant Soil 399: 135-146. ']
Length: 1, dtype: str",Adinandra,millettii,Pentaphylacaceae,Ericales
Afrocarpus falcatus,,-0.2744368457017603,2.4475508632442313,"<ArrowStringArray>
['Assefa D, Godbold DL, Belay B, Abiya A, Rewald B. 2018. Fine root morphology, biochemistry and litter quality indices of fast- and slow-growing woody species in Ethiopian highland forest. Ecosystems 21: 482-494.']
Length: 1, dtype: str",Afrocarpus,falcatus,Podocarpaceae,Pinales
Agastache foeniculum,,-0.8675005677047231,3.6888794541139363,"<ArrowStringArray>
['Craine JM, Froehle J, Tilman DG, Wedin DA, Chapin FS. 2001. The relationships among root and leaf traits of 76 grassland species and relative abundance among fertility and disturbance gradients. Oikos 93: 274-285']
Length: 1, dtype: str",Agastache,foeniculum,Lamiaceae,Lamiales
Agathis australis,,-0.4628506065533998,2.638282937179391,"<ArrowStringArray>
['Kramer-Walter KR, Bellingham PJ, Millar TR, Smissen RD, Richardson SJ, Laughlin DC. 2016. Root traits are multidimensional: specific root length is independent from root tissue density and the plant economic spectrum. Journal of Ecology 104: 1299-1310.']
Length: 1, dtype: str",Agathis,australis,Araucariaceae,Pinales
Agathis kinabaluensis,,-0.2940355464239563,2.4272333975591565,"<ArrowStringArray>
['Ushio M, Fujiki Y, Hidaka A, Kitayama K. 2015. Linkage of root physiology and morphology as an adaptation to soil phosphorus impoverishment in tropical montane forests. Functional Ecology 29: 1235-1245.']
Length: 1, dtype: str",Agathis,kinabaluensis,Araucariaceae,Pinales
Aglaia exstipulata,,-0.08790268317591103,0.6983538030461193,"<ArrowStringArray>
['Makita N, Kosugi Y, Dannoura M, Takanashi S, Niiyama K, Kassim AR, Nik AR. 2012. Patterns of root respiration rates and morphological traits in 13 tree species in a tropical forest. Tree Physiology 32: 303-312.']
Length: 1, dtype: str",Aglaia,exstipulata,Meliaceae,Sapindales
Aglaia odoratissima,,-0.1690697511182067,1.6522278025290842,"<ArrowStringArray>
['Makita N, Kosugi Y, Dannoura M, Takanashi S, Niiyama K, Kassim AR, Nik AR. 2012. Patterns of root respiration rates and morphological traits in 13 tree species in a tropical forest. Tree Physiology 32: 303-312.']
Length: 1, dtype: str",Aglaia,odoratissima,Meliaceae,Sapindales
Agropyron cristatum,,-1.4696759700589417,5.203457085524077,"<ArrowStringArray>
['Zhou M, Wang J, Bai W, Zhang Y, Zhang W-H. 2019. The response of root traits to precipitation change of herbaceous species in temperate steppes. Functional Ecology, in press.']
Length: 1, dtype: str",Agropyron,cristatum,Poaceae,Poales
Agrostis capillaris,,-1.6433394641097816,4.928122872521792,"<ArrowStringArray>
['Fort F, Jouany C, Cruz P. 2013.Root and leaf functional trait relations in Poaceae species: implications of differing resource-acquisition strategies. Journal of Plant Ecology 6:211-219', 'Smith SW, Woodin SJ, Pakeman RJ, Johnson D, van der Wal R. 2014. Root traits predict decomposition across a landscape-scale grazing experiment. New Phytologist 203: 851-862.']
Length: 2, dtype: str",Agrostis,capillaris,Poaceae,Poales
Agrostis scabra,,-1.5606477482646683,4.941642422609304,"<ArrowStringArray>
['Craine JM, Froehle J, Tilman DG, Wedin DA, Chapin FS. 2001. The relationships among root and leaf traits of 76 grassland species and relative abundance among fertility and disturbance gradients. Oikos 93: 274-285']
Length: 1, dtype: str",Agrostis,scabra,Poaceae,Poales
Aira elegantissima,,-1.4784096500276964,6.634436229366123,"<ArrowStringArray>
['Mokany K, Ash J. 2008. Are traits measured on pot grown plants representative of those in natural communities? Journal of Vegetation Science 19: 119-126.']
Length: 1, dtype: str",Aira,elegantissima,Poaceae,Poales
Alchemilla alpina,,-0.9834994815676051,3.8146306594194965,"<ArrowStringArray>
['Roumet C, Birouste M, Picon-Cochard C, Ghestem M, Osman N, Vrignon-Brenas S, Cao K-F, Stokes A. 2016. Root structure-function relationships in 74 species: evidence of root economics spectrum related to carbon economy. New Phytologist 210: 815-826.']
Length: 1, dtype: str",Alchemilla,alpina,Rosaceae,Rosales
Alectryon excelsus,,-0.7658791767260443,3.6063919629954304,"<ArrowStringArray>
['Kramer-Walter KR, Bellingham PJ, Millar TR, Smissen RD, Richardson SJ, Laughlin DC. 2016. Root traits are multidimensional: specific root length is independent from root tissue density and the plant economic spectrum. Journal of Ecology 104: 1299-1310.']
Length: 1, dtype: str",Alectryon,excelsus,Sapindaceae,Sapindales
Aleurites moluccana,,-0.05129329438755058,2.0980179272527715,"<ArrowStringArray>
['Rajab YA, Holscher D, Leuschner C, Barus H, Tjoa A, Hertel D. 2018. Effects of shade tree cover and diversity on root system structure and dynamics in cacao agroforests: The role of root competition and space partitioning. Plant Soil 422: 349-369.']
Length: 1, dtype: str",Aleurites,moluccana,Euphorbiaceae,Malpighiales
Alliaria petiolata,,-1.7885645783315358,6.239676908885172,"<ArrowStringArray>
['Poon GT, Maherali H. 2015. Competitive interactions between a nonmycorrhizal invasive plant, Alliaria petiolata, and a suite of mycorrhizal grassland, old field, and forest species. PeerJ 3: e1090']
Length: 1, dtype: str",Alliaria,petiolata,Brassicaceae,Brassicales
Allium bidentatum,,-0.6931471805599453,3.362629788512897,"<ArrowStringArray>
['Zhou M, Wang J, Bai W, Zhang Y, Zhang W-H. 2019. The response of root traits to precipitation change of herbaceous species in temperate steppes. Functional Ecology, in press.']
Length: 1, dtype: str",Allium,bidentatum,Amaryllidaceae,Asparagales
Allium tenuissimum,,-0.916290731874155,3.887935209899056,"<ArrowStringArray>
['Zhou M, Wang J, Bai W, Zhang Y, Zhang W-H. 2019. The response of root traits to precipitation change of herbaceous species in temperate steppes. Functional Ecology, in press.']
Length: 1, dtype: str",Allium,tenuissimum,Amaryllidaceae,Asparagales
Allium textile,,-1.168659288052703,5.23566960080539,"<ArrowStringArray>
['Kembel SW, Cahill JF, Jr. 2011. Independent Evolution of Leaf and Root Traits within and among Temperate Grassland Plant Communities. PLoS ONE 6(6): e19992.']
Length: 1, dtype: str",Allium,textile,Amaryllidaceae,Asparagales
Allophylus abyssinicus,,-0.5978370007556204,2.3561258599220753,"<ArrowStringArray>
['Assefa D, Godbold DL, Belay B, Abiya A, Rewald B. 2018. Fine root morphology, biochemistry and litter quality indices of fast- and slow-growing woody species in Ethiopian highland forest. Ecosystems 21: 482-494.']
Length: 1, dtype: str",Allophylus,abyssinicus,Sapindaceae,Sapindales
Alnus glutinosa,,-0.9526305986530476,3.2857469622150157,"<ArrowStringArray>
['de la Riva, Navarro-Fernandez, Perez-Ramos, Villar, Maranon. Unpublished.']
Length: 1, dtype: str",Alnus,glutinosa,Betulaceae,Fagales
Alopecurus pratensis,,-1.5141277326297755,5.4785534168509695,"<ArrowStringArray>
['Roumet C, Birouste M, Picon-Cochard C, Ghestem M, Osman N, Vrignon-Brenas S, Cao K-F, Stokes A. 2016. Root structure-function relationships in 74 species: evidence of root economics spectrum related to carbon economy. New Phytologist 210: 815-826.']
Length: 1, dtype: str",Alopecurus,pratensis,Poaceae,Poales
Alseis blackiana,,-0.4266678815496418,2.549350172624313,"<ArrowStringArray>
['Collins CG, Wright SJ, Wurzburger N. 2016. Root and leaf traits reflect distinct resource acquisition strategies in tropical lianas and trees. Oecologia 180: 1037-1047.']
Length: 1, dtype: str",Alseis,blackiana,Rubiaceae,Gentianales
Alternanthera sessilis,,-1.2310014767138553,3.82929335782915,"<ArrowStringArray>
['Roumet C, Birouste M, Picon-Cochard C, Ghestem M, Osman N, Vrignon-Brenas S, Cao K-F, Stokes A. 2016. Root structure-function relationships in 74 species: evidence of root economics spectrum related to carbon economy. New Phytologist 210: 815-826.']
Length: 1, dtype: str",Alternanthera,sessilis,Amaranthaceae,Caryophyllales
Ambrosia artemisiifolia,,-1.0216512475319814,4.859812404361672,"<ArrowStringArray>
['Craine JM, Froehle J, Tilman DG, Wedin DA, Chapin FS. 2001. The relationships among root and leaf traits of 76 grassland species and relative abundance among fertility and disturbance gradients. Oikos 93: 274-285']
Length: 1, dtype: str",Ambrosia,artemisiifolia,Asteraceae,Asterales
Amelanchier alnifolia,,-0.9779888454580034,3.038581000863127,"<ArrowStringArray>
['Kembel SW, Cahill JF, Jr. 2011. Independent Evolution of Leaf and Root Traits within and among Temperate Grassland Plant Communities. PLoS ONE 6(6): e19992.']
Length: 1, dtype: str",Amelanchier,alnifolia,Rosaceae,Rosales
Anaxagorea javanica,,-0.2086860662252831,1.8703129747441396,"<ArrowStringArray>
['Makita N, Kosugi Y, Dannoura M, Takanashi S, Niiyama K, Kassim AR, Nik AR. 2012. Patterns of root respiration rates and morphological traits in 13 tree species in a tropical forest. Tree Physiology 32: 303-312.']
Length: 1, dtype: str",Anaxagorea,javanica,Annonaceae,Magnoliales
Andropogon gerardii,,-1.171182981502945,4.02535169073515,"<ArrowStringArray>
['Craine JM, Froehle J, Tilman DG, Wedin DA, Chapin FS. 2001. The relationships among root and leaf traits of 76 grassland species and relative abundance among fertility and disturbance gradients. Oikos 93: 274-285']
Length: 1, dtype: str",Andropogon,gerardii,Poaceae,Poales
Androsace occidentalis,,-2.163941784752468,5.334918413389103,"<ArrowStringArray>
['Kembel SW, Cahill JF, Jr. 2011. Independent Evolution of Leaf and Root Traits within and among Temperate Grassland Plant Communities. PLoS ONE 6(6): e19992.']
Length: 1, dtype: str",Androsace,occidentalis,Primulaceae,Ericales
Anemone cylindrica,,-1.0216512475319814,3.9512437185814275,"<ArrowStringArray>
['Craine JM, Froehle J, Tilman DG, Wedin DA, Chapin FS. 2001. The relationships among root and leaf traits of 76 grassland species and relative abundance among fertility and disturbance gradients. Oikos 93: 274-285']
Length: 1, dtype: str",Anemone,cylindrica,Ranunculaceae,Ranunculales
Anemone patens,,-0.9946577609482603,3.501256317347026,"<ArrowStringArray>
['Kembel SW, Cahill JF, Jr. 2011. Independent Evolution of Leaf and Root Traits within and among Temperate Grassland Plant Communities. PLoS ONE 6(6): e19992.']
Length: 1, dtype: str",Anemone,patens,Ranunculaceae,Ranunculales
Antennaria neglecta,,-1.2911660160283132,4.826183259044324,"<ArrowStringArray>
['Kembel SW, Cahill JF, Jr. 2011. Independent Evolution of Leaf and Root Traits within and among Temperate Grassland Plant Communities. PLoS ONE 6(6): e19992.']
Length: 1, dtype: str",Antennaria,neglecta,Asteraceae,Asterales
Antennaria parvifolia,,-1.0511086660241429,3.805296934268106,"<ArrowStringArray>
['Kembel SW, Cahill JF, Jr. 2011. Independent Evolution of Leaf and Root Traits within and among Temperate Grassland Plant Communities. PLoS ONE 6(6): e19992.']
Length: 1, dtype: str",Antennaria,parvifolia,Asteraceae,Asterales
Anthoxanthum odoratum,,-1.5050778971098577,5.298242363735396,"<ArrowStringArray>
['Smith SW, Woodin SJ, Pakeman RJ, Johnson D, van der Wal R. 2014. Root traits predict decomposition across a landscape-scale grazing experiment. New Phytologist 203: 851-862.', 'Roumet C, Birouste M, Picon-Cochard C, Ghestem M, Osman N, Vrignon-Brenas S, Cao K-F, Stokes A. 2016. Root structure-function relationships in 74 species: evidence of root economics spectrum related to carbon economy. New Phytologist 210: 815-826.']
Length: 2, dtype: str",Anthoxanthum,odoratum,Poaceae,Poales
Anthyllis cytisoides,,-1.250627749698357,2.2408114559060697,"<ArrowStringArray>
['de la Riva, Navarro-Fernandez, Perez-Ramos, Villar, Maranon. Unpublished.']
Length: 1, dtype: str",Anthyllis,cytisoides,Fabaceae,Fabales
Anthyllis terniflora,,-1.0109448769163498,1.7962250888235667,"<ArrowStringArray>
['de la Riva, Navarro-Fernandez, Perez-Ramos, Villar, Maranon. Unpublished.']
Length: 1, dtype: str",Anthyllis,terniflora,Fabaceae,Fabales
Apodytes dimidiata,,-0.5978370007556204,2.5572273113676265,"<ArrowStringArray>
['Assefa D, Godbold DL, Belay B, Abiya A, Rewald B. 2018. Fine root morphology, biochemistry and litter quality indices of fast- and slow-growing woody species in Ethiopian highland forest. Ecosystems 21: 482-494.']
Length: 1, dtype: str",Apodytes,dimidiata,Icacinaceae,Icacinales
Aporosa subcaudata,,-0.6995677483628681,2.4220089311308337,"<ArrowStringArray>
['Makita N, Kosugi Y, Dannoura M, Takanashi S, Niiyama K, Kassim AR, Nik AR. 2012. Patterns of root respiration rates and morphological traits in 13 tree species in a tropical forest. Tree Physiology 32: 303-312.']
Length: 1, dtype: str",Aporosa,subcaudata,Phyllanthaceae,Malpighiales
Aquilegia vulgaris,,-1.7338679908122774,6.126973886492961,"<ArrowStringArray>
['Poon GT, Maherali H. 2015. Competitive interactions between a nonmycorrhizal invasive plant, Alliaria petiolata, and a suite of mycorrhizal grassland, old field, and forest species. PeerJ 3: e1090']
Length: 1, dtype: str",Aquilegia,vulgaris,Ranunculaceae,Ranunculales
Arbutus unedo,,-0.6933805417865585,2.4945979586490235,"<ArrowStringArray>
['de la Riva, Navarro-Fernandez, Perez-Ramos, Villar, Maranon. Unpublished.']
Length: 1, dtype: str",Arbutus,unedo,Ericaceae,Ericales
Arctotheca calendula,,-1.4392780258348463,5.49875783799931,"<ArrowStringArray>
['Hill JO, Simpson RJ, Moore AD, Chapman DF. 2006. Morphology and response of roots of pasture species to phosphorus and nitrogen nutrition. Plant and Soil 286: 7-19.']
Length: 1, dtype: str",Arctotheca,calendula,Asteraceae,Asterales
Arenaria serpyllifolia,,-1.4208858058895097,6.441751639101684,"<ArrowStringArray>
['Birouste M, Kazakou E, Blanchard A, Roumet C. 2012. Plant traits and decomposition: are the relationships for roots comparable to those for leaves? Annals of Botany 109: 463-472. ', 'Roumet C, Birouste M, Picon-Cochard C, Ghestem M, Osman N, Vrignon-Brenas S, Cao K-F, Stokes A. 2016. Root structure-function relationships in 74 species: evidence of root economics spectrum related to carbon economy. New Phytologist 210: 815-826.']
Length: 2, dtype: str",Arenaria,serpyllifolia,Caryophyllaceae,Caryophyllales
Aristida ramosa,,-0.804078741267227,4.383899879055562,"<ArrowStringArray>
['Mokany K, Ash J. 2008. Are traits measured on pot grown plants representative of those in natural communities? Journal of Vegetation Science 19: 119-126.']
Length: 1, dtype: str",Aristida,ramosa,Poaceae,Poales
Aristotelia serrata,,-1.0205407532479542,4.317114146402651,"<ArrowStringArray>
['Holdaway RJ, Richardson SJ, Dickie IA, Peltzer DA, Coomes DA. 2011. Species- and community-level patterns in fine root traits along a 120 000-year soil chronosequence in temperate rain forest. Journal of Ecology 99: 954-963.', 'Kramer-Walter KR, Bellingham PJ, Millar TR, Smissen RD, Richardson SJ, Laughlin DC. 2016. Root traits are multidimensional: specific root length is independent from root tissue density and the plant economic spectrum. Journal of Ecology 104: 1299-1310.']
Length: 2, dtype: str",Aristotelia,serrata,Elaeocarpaceae,Oxalidales
Armeria velutina,,-0.676437566996998,2.3518964032480256,"<ArrowStringArray>
['de la Riva, Navarro-Fernandez, Perez-Ramos, Villar, Maranon. Unpublished.']
Length: 1, dtype: str",Armeria,velutina,Plumbaginaceae,Caryophyllales
Arnica fulgens,,-0.6627149734397434,2.7651715000311867,"<ArrowStringArray>
['Kembel SW, Cahill JF, Jr. 2011. Independent Evolution of Leaf and Root Traits within and among Temperate Grassland Plant Communities. PLoS ONE 6(6): e19992.']
Length: 1, dtype: str",Arnica,fulgens,Asteraceae,Asterales
Arnica sororia,,-1.4134600291926602,4.3422566039633335,"<ArrowStringArray>
['Kembel SW, Cahill JF, Jr. 2011. Independent Evolution of Leaf and Root Traits within and among Temperate Grassland Plant Communities. PLoS ONE 6(6): e19992.']
Length: 1, dtype: str",Arnica,sororia,Asteraceae,Asterales
Arrhenatherum elatius,,-1.4740332754278973,5.193123503669531,"<ArrowStringArray>
['Roumet C, Birouste M, Picon-Cochard C, Ghestem M, Osman N, Vrignon-Brenas S, Cao K-F, Stokes A. 2016. Root structure-function relationships in 74 species: evidence of root economics spectrum related to carbon economy. New Phytologist 210: 815-826.']
Length: 1, dtype: str",Arrhenatherum,elatius,Poaceae,Poales
Artemisia barrelieri,,-0.8560191135325868,1.6239199287813029,"<ArrowStringArray>
['de la Riva, Navarro-Fernandez, Perez-Ramos, Villar, Maranon. Unpublished.']
Length: 1, dtype: str",Artemisia,barrelieri,Asteraceae,Asterales
Artemisia cana,,-1.171182981502945,4.023913586086754,"<ArrowStringArray>
['Kembel SW, Cahill JF, Jr. 2011. Independent Evolution of Leaf and Root Traits within and among Temperate Grassland Plant Communities. PLoS ONE 6(6): e19992.']
Length: 1, dtype: str",Artemisia,cana,Asteraceae,Asterales
Artemisia codonocephala,,-0.5568695622673976,2.506341930508065,"<ArrowStringArray>
['Roumet C, Birouste M, Picon-Cochard C, Ghestem M, Osman N, Vrignon-Brenas S, Cao K-F, Stokes A. 2016. Root structure-function relationships in 74 species: evidence of root economics spectrum related to carbon economy. New Phytologist 210: 815-826.']
Length: 1, dtype: str",Artemisia,codonocephala,Asteraceae,Asterales
Artemisia frigida,,-1.1719503009068022,4.163993645323009,"<ArrowStringArray>
['Kembel SW, Cahill JF, Jr. 2011. Independent Evolution of Leaf and Root Traits within and among Temperate Grassland Plant Communities. PLoS ONE 6(6): e19992.', 'Zhou M, Wang J, Bai W, Zhang Y, Zhang W-H. 2019. The response of root traits to precipitation change of herbaceous species in temperate steppes. Functional Ecology, in press.']
Length: 2, dtype: str",Artemisia,frigida,Asteraceae,Asterales
Artemisia ludoviciana,,-1.0911119159188427,4.435120834310792,"<ArrowStringArray>
['Craine JM, Froehle J, Tilman DG, Wedin DA, Chapin FS. 2001. The relationships among root and leaf traits of 76 grassland species and relative abundance among fertility and disturbance gradients. Oikos 93: 274-285', 'Kembel SW, Cahill JF, Jr. 2011. Independent Evolution of Leaf and Root Traits within and among Temperate Grassland Plant Communities. PLoS ONE 6(6): e19992.']
Length: 2, dtype: str",Artemisia,ludoviciana,Asteraceae,Asterales
Arthraxon hispidus,,-0.5141645250315053,2.569554123848285,"<ArrowStringArray>
['Roumet C, Birouste M, Picon-Cochard C, Ghestem M, Osman N, Vrignon-Brenas S, Cao K-F, Stokes A. 2016. Root structure-function relationships in 74 species: evidence of root economics spectrum related to carbon economy. New Phytologist 210: 815-826.']
Length: 1, dtype: str",Arthraxon,hispidus,Poaceae,Poales
Ascarina lucida,,-0.6348782724359695,3.100092288878234,"<ArrowStringArray>
['Holdaway RJ, Richardson SJ, Dickie IA, Peltzer DA, Coomes DA. 2011. Species- and community-level patterns in fine root traits along a 120 000-year soil chronosequence in temperate rain forest. Journal of Ecology 99: 954-963.']
Length: 1, dtype: str",Ascarina,lucida,Chloranthaceae,Chloranthales
Asclepias incarnata,,-1.0216512475319814,4.248495242049359,"<ArrowStringArray>
['Craine JM, Froehle J, Tilman DG, Wedin DA, Chapin FS. 2001. The relationships among root and leaf traits of 76 grassland species and relative abundance among fertility and disturbance gradients. Oikos 93: 274-285']
Length: 1, dtype: str",Asclepias,incarnata,Apocynaceae,Gentianales
Asclepias syriaca,,-0.843970070294529,3.871201010907891,"<ArrowStringArray>
['Craine JM, Froehle J, Tilman DG, Wedin DA, Chapin FS. 2001. The relationships among root and leaf traits of 76 grassland species and relative abundance among fertility and disturbance gradients. Oikos 93: 274-285']
Length: 1, dtype: str",Asclepias,syriaca,Apocynaceae,Gentianales
Asclepias tuberosa,,-0.6931471805599453,3.1354942159291497,"<ArrowStringArray>
['Craine JM, Froehle J, Tilman DG, Wedin DA, Chapin FS. 2001. The relationships among root and leaf traits of 76 grassland species and relative abundance among fertility and disturbance gradients. Oikos 93: 274-285']
Length: 1, dtype: str",Asclepias,tuberosa,Apocynaceae,Gentianales
Asplenium bulbiferum,,-0.843970070294529,3.459466289786131,"<ArrowStringArray>
['Holdaway RJ, Richardson SJ, Dickie IA, Peltzer DA, Coomes DA. 2011. Species- and community-level patterns in fine root traits along a 120 000-year soil chronosequence in temperate rain forest. Journal of Ecology 99: 954-963.']
Length: 1, dtype: str",Asplenium,bulbiferum,Aspleniaceae,Polypodiales
Astelia fragrans,,-0.06187540371808753,2.5572273113676265,"<ArrowStringArray>
['Holdaway RJ, Richardson SJ, Dickie IA, Peltzer DA, Coomes DA. 2011. Species- and community-level patterns in fine root traits along a 120 000-year soil chronosequence in temperate rain forest. Journal of Ecology 99: 954-963.']
Length: 1, dtype: str",Astelia,fragrans,Asteliaceae,Asparagales
Astelia nervosa,,-0.05129329438755058,2.6741486494265287,"<ArrowStringArray>
['Holdaway RJ, Richardson SJ, Dickie IA, Peltzer DA, Coomes DA. 2011. Species- and community-level patterns in fine root traits along a 120 000-year soil chronosequence in temperate rain forest. Journal of Ecology 99: 954-963.']
Length: 1, dtype: str",Astelia,nervosa,Asteliaceae,Asparagales
Aster laevis,,-1.0552654841647438,3.527019276121148,"<ArrowStringArray>
['Kembel SW, Cahill JF, Jr. 2011. Independent Evolution of Leaf and Root Traits within and among Temperate Grassland Plant Communities. PLoS ONE 6(6): e19992.']
Length: 1, dtype: str",Aster,laevis,Asteraceae,Asterales
Aster lanceolatus,,-1.0216512475319814,4.219507705176107,"<ArrowStringArray>
['Craine JM, Froehle J, Tilman DG, Wedin DA, Chapin FS. 2001. The relationships among root and leaf traits of 76 grassland species and relative abundance among fertility and disturbance gradients. Oikos 93: 274-285']
Length: 1, dtype: str",Aster,lanceolatus,Asteraceae,Asterales
Astragalus aboriginum,,-1.5329399414613754,3.7607826164598617,"<ArrowStringArray>
['Kembel SW, Cahill JF, Jr. 2011. Independent Evolution of Leaf and Root Traits within and among Temperate Grassland Plant Communities. PLoS ONE 6(6): e19992.']
Length: 1, dtype: str",Astragalus,aboriginum,Fabaceae,Fabales
Astragalus agrestis,,-0.9450760833059084,3.0361683041597565,"<ArrowStringArray>
['Kembel SW, Cahill JF, Jr. 2011. Independent Evolution of Leaf and Root Traits within and among Temperate Grassland Plant Communities. PLoS ONE 6(6): e19992.']
Length: 1, dtype: str",Astragalus,agrestis,Fabaceae,Fabales
Astragalus bisulcatus,,-1.0367648853420295,4.505276183130613,"<ArrowStringArray>
['Kembel SW, Cahill JF, Jr. 2011. Independent Evolution of Leaf and Root Traits within and among Temperate Grassland Plant Communities. PLoS ONE 6(6): e19992.']
Length: 1, dtype: str",Astragalus,bisulcatus,Fabaceae,Fabales
Astragalus canadensis,,-0.8675005677047231,3.5263605246161616,"<ArrowStringArray>
['Craine JM, Froehle J, Tilman DG, Wedin DA, Chapin FS. 2001. The relationships among root and leaf traits of 76 grassland species and relative abundance among fertility and disturbance gradients. Oikos 93: 274-285']
Length: 1, dtype: str",Astragalus,canadensis,Fabaceae,Fabales
Astragalus pelecinus,,-1.2761870875639385,5.576852994134958,"<ArrowStringArray>
['Yang Z, Culvenor RA, Haling RE, Stefanski A, Ryan MH, Sandral GA, Kidd DR, Lambers H, Simpson RJ. 2015. Variation in root traits associated with nutrient foraging among temperate legumes and grasses. Grass and Forage Science, early view article']
Length: 1, dtype: str",Astragalus,pelecinus,Fabaceae,Fabales
Astragalus scaberrimus,,-1.2552660987134865,4.091757886325333,"<ArrowStringArray>
['Zhou M, Wang J, Bai W, Zhang Y, Zhang W-H. 2019. The response of root traits to precipitation change of herbaceous species in temperate steppes. Functional Ecology, in press.']
Length: 1, dtype: str",Astragalus,scaberrimus,Fabaceae,Fabales
Astrantia minor,,-0.43540898448123644,2.3580197998821464,"<ArrowStringArray>
['Roumet C, Birouste M, Picon-Cochard C, Ghestem M, Osman N, Vrignon-Brenas S, Cao K-F, Stokes A. 2016. Root structure-function relationships in 74 species: evidence of root economics spectrum related to carbon economy. New Phytologist 210: 815-826.']
Length: 1, dtype: str",Astrantia,minor,Apiaceae,Apiales
Atractylis humilis,,-0.9342637838644055,1.7067240685289604,"<ArrowStringArray>
['de la Riva, Navarro-Fernandez, Perez-Ramos, Villar, Maranon. Unpublished.']
Length: 1, dtype: str",Atractylis,humilis,Asteraceae,Asterales
Ballota hirsuta,,-1.0362714932615358,1.6660532864879638,"<ArrowStringArray>
['de la Riva, Navarro-Fernandez, Perez-Ramos, Villar, Maranon. Unpublished.']
Length: 1, dtype: str",Ballota,hirsuta,Lamiaceae,Lamiales
Baptisia alba,,-1.4271163556401458,5.765191102784844,"<ArrowStringArray>
['Craine JM, Froehle J, Tilman DG, Wedin DA, Chapin FS. 2001. The relationships among root and leaf traits of 76 grassland species and relative abundance among fertility and disturbance gradients. Oikos 93: 274-285']
Length: 1, dtype: str",Baptisia,alba,Fabaceae,Fabales
Bauhinia championii,,-0.7507762933965817,2.189416394888408,"<ArrowStringArray>
['Roumet C, Birouste M, Picon-Cochard C, Ghestem M, Osman N, Vrignon-Brenas S, Cao K-F, Stokes A. 2016. Root structure-function relationships in 74 species: evidence of root economics spectrum related to carbon economy. New Phytologist 210: 815-826.']
Length: 1, dtype: str",Bauhinia,championii,Fabaceae,Fabales
Beilschmiedia tarairi,,-0.139491978818599,2.1843886504843235,"<ArrowStringArray>
['Kramer-Walter KR, Bellingham PJ, Millar TR, Smissen RD, Richardson SJ, Laughlin DC. 2016. Root traits are multidimensional: specific root length is independent from root tissue density and the plant economic spectrum. Journal of Ecology 104: 1299-1310.']
Length: 1, dtype: str",Beilschmiedia,tarairi,Lauraceae,Laurales
Beilschmiedia tawa,,-0.22334357131687682,2.088905305193164,"<ArrowStringArray>
['Kramer-Walter KR, Bellingham PJ, Millar TR, Smissen RD, Richardson SJ, Laughlin DC. 2016. Root traits are multidimensional: specific root length is independent from root tissue density and the plant economic spectrum. Journal of Ecology 104: 1299-1310.']
Length: 1, dtype: str",Beilschmiedia,tawa,Lauraceae,Laurales
Berberis thunbergii,,-1.2462824778086572,3.3507880182468757,"<ArrowStringArray>
['Caplan JS, Stone BWG, Faillace CA, Lafond JJ, Baumgarten JM, Mozdzer TJ, Dighton J, Meiners SJ, Grabosky JC, Ehrenfeld JG. 2017. Nutrient foraging strategies are associated with productivity and population growth in forest shrubs. Annals of Botany 119: 977-988.']
Length: 1, dtype: str",Berberis,thunbergii,Berberidaceae,Ranunculales
Berteroa incana,,-1.6607312068216509,5.4680601411351315,"<ArrowStringArray>
['Craine JM, Froehle J, Tilman DG, Wedin DA, Chapin FS. 2001. The relationships among root and leaf traits of 76 grassland species and relative abundance among fertility and disturbance gradients. Oikos 93: 274-285']
Length: 1, dtype: str",Berteroa,incana,Brassicaceae,Brassicales
Betula alleghaniensis,,-1.4271163556401458,4.373238128640803,"<ArrowStringArray>
['Chen W, Koide RT, Adams TS, DeForest JL, Cheng L, Eissenstat DM. 2016. Root morphology and mycorrhizal symbioses together shape nutrient foraging strategies of temperate trees. Proceedings of the National Academy of Sciences 113: 8741-8746.']
Length: 1, dtype: str",Betula,alleghaniensis,Betulaceae,Fagales
Betula lenta,,-1.3093333199837622,4.697749367281185,"<ArrowStringArray>
['Comas LH, Eissenstat DM. 2009. Patterns in root trait variation among 25 co-existing North American forest species. New Phytologist 182: 919-928.']
Length: 1, dtype: str",Betula,lenta,Betulaceae,Fagales
Betula pendula,,-1.2426270113074775,4.212127597878484,"<ArrowStringArray>
['Ostonen I, Truu M, Helmisaari H-S, Lukac M, Borken W, Vanguelova E, Godbold DL, Lohmus K, Zang U, Tedersoo L, Preem J-K, Rosenvald K, Aosaar J, Armolaitis K, Frey J, Kabral N, Kukumagi M, Leppalammi-Kujansuu J, Lindroos A-J, Merila P, Napa U, Nojd P, Parts K, Uri V, Varik M, Truu J. 2017. Adaptive root foraging strategies along a boreal-temperate forest gradient. New Phytologist 215: 977-991.']
Length: 1, dtype: str",Betula,pendula,Betulaceae,Fagales
Bituminaria bituminosa,,-0.8863825531716747,4.7239729257472645,"<ArrowStringArray>
[                                                                    'Birouste M, Kazakou E, Blanchard A, Roumet C. 2012. Plant traits and decomposition: are the relationships for roots comparable to those for leaves? Annals of Botany 109: 463-472. ',
    'Yang Z, Culvenor RA, Haling RE, Stefanski A, Ryan MH, Sandral GA, Kidd DR, Lambers H, Simpson RJ. 2015. Variation in root traits associated with nutrient foraging among temperate legumes and grasses. Grass and Forage Science, early view article',
 'Roumet C, Birouste M, Picon-Cochard C, Ghestem M, Osman N, Vrignon-Brenas S, Cao K-F, Stokes A. 2016. Root structure-function relationships in 74 species: evidence of root economics spectrum related to carbon economy. New Phytologist 210: 815-826.']
Length: 3, dtype: str",Bituminaria,bituminosa,Fabaceae,Fabales
Blechnum chambersii,,-0.8915981192837836,3.4781584227982836,"<ArrowStringArray>
['Holdaway RJ, Richardson SJ, Dickie IA, Peltzer DA, Coomes DA. 2011. Species- and community-level patterns in fine root traits along a 120 000-year soil chronosequence in temperate rain forest. Journal of Ecology 99: 954-963.']
Length: 1, dtype: str",Blechnum,chambersii,Blechnaceae,Polypodiales
Blechnum discolor,,-1.0216512475319814,3.269568939183719,"<ArrowStringArray>
['Holdaway RJ, Richardson SJ, Dickie IA, Peltzer DA, Coomes DA. 2011. Species- and community-level patterns in fine root traits along a 120 000-year soil chronosequence in temperate rain forest. Journal of Ecology 99: 954-963.']
Length: 1, dtype: str",Blechnum,discolor,Blechnaceae,Polypodiales
Blechnum fluviatile,,-1.171182981502945,3.758871825933971,"<ArrowStringArray>
['Holdaway RJ, Richardson SJ, Dickie IA, Peltzer DA, Coomes DA. 2011. Species- and community-level patterns in fine root traits along a 120 000-year soil chronosequence in temperate rain forest. Journal of Ecology 99: 954-963.']
Length: 1, dtype: str",Blechnum,fluviatile,Blechnaceae,Polypodiales
Blechnum novae-zelandiae,,-1.1086626245216111,3.332204510175204,"<ArrowStringArray>
['Holdaway RJ, Richardson SJ, Dickie IA, Peltzer DA, Coomes DA. 2011. Species- and community-level patterns in fine root traits along a 120 000-year soil chronosequence in temperate rain forest. Journal of Ecology 99: 954-963.']
Length: 1, dtype: str",Blechnum,novae-zelandiae,Blechnaceae,Polypodiales
Blechnum procerum,,-1.3093333199837622,3.4372078191851885,"<ArrowStringArray>
['Holdaway RJ, Richardson SJ, Dickie IA, Peltzer DA, Coomes DA. 2011. Species- and community-level patterns in fine root traits along a 120 000-year soil chronosequence in temperate rain forest. Journal of Ecology 99: 954-963.']
Length: 1, dtype: str",Blechnum,procerum,Blechnaceae,Polypodiales
Blumeodendron tokbrai,,-0.7907600094269457,3.21107720250907,"<ArrowStringArray>
['Makita N, Kosugi Y, Dannoura M, Takanashi S, Niiyama K, Kassim AR, Nik AR. 2012. Patterns of root respiration rates and morphological traits in 13 tree species in a tropical forest. Tree Physiology 32: 303-312.']
Length: 1, dtype: str",Blumeodendron,tokbrai,Euphorbiaceae,Malpighiales
Bothriochloa macra,,-1.0078579253996456,4.5976419195673,"<ArrowStringArray>
['Mokany K, Ash J. 2008. Are traits measured on pot grown plants representative of those in natural communities? Journal of Vegetation Science 19: 119-126.']
Length: 1, dtype: str",Bothriochloa,macra,Poaceae,Poales
Bouteloua curtipendula,,-1.1394342831883648,4.174387269895637,"<ArrowStringArray>
['Craine JM, Froehle J, Tilman DG, Wedin DA, Chapin FS. 2001. The relationships among root and leaf traits of 76 grassland species and relative abundance among fertility and disturbance gradients. Oikos 93: 274-285']
Length: 1, dtype: str",Bouteloua,curtipendula,Poaceae,Poales
Brachypodium phoenicoides,,-1.0827389395118194,4.8902990016521555,"<ArrowStringArray>
[                                                                    'Birouste M, Kazakou E, Blanchard A, Roumet C. 2012. Plant traits and decomposition: are the relationships for roots comparable to those for leaves? Annals of Botany 109: 463-472. ',
                                                                      'Roumet C, Lafont F, Sari M, Warembourg F, Garnier E. 2008. Root traits and taxonomic affiliation of nine herbaceous species grown in glasshouse conditions. Plant Soil 312:69-83. ',
 'Roumet C, Birouste M, Picon-Cochard C, Ghestem M, Osman N, Vrignon-Brenas S, Cao K-F, Stokes A. 2016. Root structure-function relationships in 74 species: evidence of root economics spectrum related to carbon economy. New Phytologist 210: 815-826.']
Length: 3, dtype: str",Brachypodium,phoenicoides,Poaceae,Poales
Brachypodium pinnatum,,-1.7092582477163114,5.465948207931988,"<ArrowStringArray>
['Ryser P, Lambers H. 1995. Root and leaf attributes accounting for the performance of fast and slow-growing grasses at different nutrient supply. Plant and Soil 170: 251-265, 1995.', 'Fort F, Jouany C, Cruz P. 2013.Root and leaf functional trait relations in Poaceae species: implications of differing resource-acquisition strategies. Journal of Plant Ecology 6:211-219']
Length: 2, dtype: str",Brachypodium,pinnatum,Poaceae,Poales
Brachypodium sylvaticum,,-2.0402208285265546,5.081404364984463,"<ArrowStringArray>
['Fort F, Jouany C, Cruz P. 2013.Root and leaf functional trait relations in Poaceae species: implications of differing resource-acquisition strategies. Journal of Plant Ecology 6:211-219']
Length: 1, dtype: str",Brachypodium,sylvaticum,Poaceae,Poales
Bromus catharticus,,-1.186624165991323,5.342224871341821,"<ArrowStringArray>
['Comas - Pasture species']
Length: 1, dtype: str",Bromus,catharticus,Poaceae,Poales
Bromus erectus,,-1.2709269391230391,4.632993780436972,"<ArrowStringArray>
[                                                                    'Birouste M, Kazakou E, Blanchard A, Roumet C. 2012. Plant traits and decomposition: are the relationships for roots comparable to those for leaves? Annals of Botany 109: 463-472. ',
                                                               'Fort F, Jouany C, Cruz P. 2013.Root and leaf functional trait relations in Poaceae species: implications of differing resource-acquisition strategies. Journal of Plant Ecology 6:211-219',
                        'Perez-Ramos IM, Volaire F, Fattet M, Blanchard A, Roumet C. Tradeoffs between functional strategies for resource-use and drought-survival in Mediterranean rangeland species. Environmental and Experimental Botany 87: 126-136.',
 'Roumet C, Birouste M, Picon-Cochard C, Ghestem M, Osman N, Vrignon-Brenas S, Cao K-F, Stokes A. 2016. Root structure-function relationships in 74 species: evidence of root economics spectrum related to carbon economy. New Phytologist 210: 815-826.',
                                                         'Poirier V, Roumet C, Angers DA, Munson AD. 2018. Species and root traits impact macroaggregation in the rhizospheric soil of a Mediterranean common garden experiment. Plant Soil 424: 289-302.']
Length: 5, dtype: str",Bromus,erectus,Poaceae,Poales
Bromus hordeaceus,,-1.713374115591908,5.742076504217209,"<ArrowStringArray>
['Hill JO, Simpson RJ, Moore AD, Chapman DF. 2006. Morphology and response of roots of pasture species to phosphorus and nitrogen nutrition. Plant and Soil 286: 7-19.']
Length: 1, dtype: str",Bromus,hordeaceus,Poaceae,Poales
Bromus inermis,,-1.5464631132727118,5.125546462525955,"<ArrowStringArray>
['Poon GT, Maherali H. 2015. Competitive interactions between a nonmycorrhizal invasive plant, Alliaria petiolata, and a suite of mycorrhizal grassland, old field, and forest species. PeerJ 3: e1090',
                                                                                                                                                                              'Comas - Pasture species',
                                         'Kembel SW, Cahill JF, Jr. 2011. Independent Evolution of Leaf and Root Traits within and among Temperate Grassland Plant Communities. PLoS ONE 6(6): e19992.']
Length: 3, dtype: str",Bromus,inermis,Poaceae,Poales
Bromus madritensis,,-1.2909841813155658,5.832048641385611,"<ArrowStringArray>
[                                                                    'Birouste M, Kazakou E, Blanchard A, Roumet C. 2012. Plant traits and decomposition: are the relationships for roots comparable to those for leaves? Annals of Botany 109: 463-472. ',
                                                                      'Roumet C, Lafont F, Sari M, Warembourg F, Garnier E. 2008. Root traits and taxonomic affiliation of nine herbaceous species grown in glasshouse conditions. Plant Soil 312:69-83. ',
 'Roumet C, Birouste M, Picon-Cochard C, Ghestem M, Osman N, Vrignon-Brenas S, Cao K-F, Stokes A. 2016. Root structure-function relationships in 74 species: evidence of root economics spectrum related to carbon economy. New Phytologist 210: 815-826.']
Length: 3, dtype: str",Bromus,madritensis,Poaceae,Poales
Calamagrostis canadensis,,-1.5141277326297755,5.517452896464707,"<ArrowStringArray>
['Craine JM, Froehle J, Tilman DG, Wedin DA, Chapin FS. 2001. The relationships among root and leaf traits of 76 grassland species and relative abundance among fertility and disturbance gradients. Oikos 93: 274-285']
Length: 1, dtype: str",Calamagrostis,canadensis,Poaceae,Poales
Calamovilfa longifolia,,-0.7339691750802004,3.4965075614664802,"<ArrowStringArray>
['Craine JM, Froehle J, Tilman DG, Wedin DA, Chapin FS. 2001. The relationships among root and leaf traits of 76 grassland species and relative abundance among fertility and disturbance gradients. Oikos 93: 274-285']
Length: 1, dtype: str",Calamovilfa,longifolia,Poaceae,Poales
Caldcluvia rosifolia,,-1.0198793140602396,3.9510243683276944,"<ArrowStringArray>
['Kramer-Walter KR, Bellingham PJ, Millar TR, Smissen RD, Richardson SJ, Laughlin DC. 2016. Root traits are multidimensional: specific root length is independent from root tissue density and the plant economic spectrum. Journal of Ecology 104: 1299-1310.']
Length: 1, dtype: str",Caldcluvia,rosifolia,Cunoniaceae,Oxalidales
Calluna vulgaris,,-1.1501161315352253,2.611930551632364,"<ArrowStringArray>
['de la Riva, Navarro-Fernandez, Perez-Ramos, Villar, Maranon. Unpublished.']
Length: 1, dtype: str",Calluna,vulgaris,Ericaceae,Ericales
Calpurnia aurea,,-0.6348782724359695,2.830267833826459,"<ArrowStringArray>
['Assefa D, Godbold DL, Belay B, Abiya A, Rewald B. 2018. Fine root morphology, biochemistry and litter quality indices of fast- and slow-growing woody species in Ethiopian highland forest. Ecosystems 21: 482-494.']
Length: 1, dtype: str",Calpurnia,aurea,Fabaceae,Fabales
Campanula rotundifolia,,-1.954984527976418,6.285440420788243,"<ArrowStringArray>
['Kembel SW, Cahill JF, Jr. 2011. Independent Evolution of Leaf and Root Traits within and among Temperate Grassland Plant Communities. PLoS ONE 6(6): e19992.']
Length: 1, dtype: str",Campanula,rotundifolia,Campanulaceae,Asterales
Carex doisutepensis,,-0.42159449003804794,3.1376657694426577,"<ArrowStringArray>
['Roumet C, Birouste M, Picon-Cochard C, Ghestem M, Osman N, Vrignon-Brenas S, Cao K-F, Stokes A. 2016. Root structure-function relationships in 74 species: evidence of root economics spectrum related to carbon economy. New Phytologist 210: 815-826.']
Length: 1, dtype: str",Carex,doisutepensis,Cyperaceae,Poales
Carex filifolia,,-1.7039055877450273,4.678025021150672,"<ArrowStringArray>
['Kembel SW, Cahill JF, Jr. 2011. Independent Evolution of Leaf and Root Traits within and among Temperate Grassland Plant Communities. PLoS ONE 6(6): e19992.']
Length: 1, dtype: str",Carex,filifolia,Cyperaceae,Poales
Carex flacca,,-0.8895505779036719,4.1069991583341805,"<ArrowStringArray>
['Roumet C, Birouste M, Picon-Cochard C, Ghestem M, Osman N, Vrignon-Brenas S, Cao K-F, Stokes A. 2016. Root structure-function relationships in 74 species: evidence of root economics spectrum related to carbon economy. New Phytologist 210: 815-826.',
                                                                 'Fort F, Volaire F, Guilioni L, Barkaoui K, Navas ML, Roumet C. 2017. Root traits are related to plant water-use among rangeland Mediterranean species. Functional Ecology 31: 1700-1709',
                                                         'Poirier V, Roumet C, Angers DA, Munson AD. 2018. Species and root traits impact macroaggregation in the rhizospheric soil of a Mediterranean common garden experiment. Plant Soil 424: 289-302.']
Length: 3, dtype: str",Carex,flacca,Cyperaceae,Poales
Carex humilis,,-1.296453657120101,4.4513486186640385,"<ArrowStringArray>
[                       'Perez-Ramos IM, Volaire F, Fattet M, Blanchard A, Roumet C. Tradeoffs between functional strategies for resource-use and drought-survival in Mediterranean rangeland species. Environmental and Experimental Botany 87: 126-136.',
 'Roumet C, Birouste M, Picon-Cochard C, Ghestem M, Osman N, Vrignon-Brenas S, Cao K-F, Stokes A. 2016. Root structure-function relationships in 74 species: evidence of root economics spectrum related to carbon economy. New Phytologist 210: 815-826.',
                                                         'Poirier V, Roumet C, Angers DA, Munson AD. 2018. Species and root traits impact macroaggregation in the rhizospheric soil of a Mediterranean common garden experiment. Plant Soil 424: 289-302.']
Length: 3, dtype: str",Carex,humilis,Cyperaceae,Poales
Carex korshinskyi,,-1.40649706843741,5.531609248914061,"<ArrowStringArray>
['Zhou M, Wang J, Bai W, Zhang Y, Zhang W-H. 2019. The response of root traits to precipitation change of herbaceous species in temperate steppes. Functional Ecology, in press.']
Length: 1, dtype: str",Carex,korshinskyi,Cyperaceae,Poales
Carex lasiocarpa,,-1.4696759700589417,5.529429087511423,"<ArrowStringArray>
['Craine JM, Froehle J, Tilman DG, Wedin DA, Chapin FS. 2001. The relationships among root and leaf traits of 76 grassland species and relative abundance among fertility and disturbance gradients. Oikos 93: 274-285']
Length: 1, dtype: str",Carex,lasiocarpa,Cyperaceae,Poales
Carex moorcroftii,,-0.5447271754416722,-1.1307843023744606,"<ArrowStringArray>
['Hong J, Ma X, Yan Y, Zhang X, Wang X. 2017. Which root traits determine nitrogen uptake by alpine plant species on the Tibetan Plateau? Plant Soil, in press. ']
Length: 1, dtype: str",Carex,moorcroftii,Cyperaceae,Poales
Carex nigra,,-1.1394342831883648,2.2126603854660587,"<ArrowStringArray>
['Smith SW, Woodin SJ, Pakeman RJ, Johnson D, van der Wal R. 2014. Root traits predict decomposition across a landscape-scale grazing experiment. New Phytologist 203: 851-862.']
Length: 1, dtype: str",Carex,nigra,Cyperaceae,Poales
Carex obtusata,,-1.7993213221070719,4.619216429009954,"<ArrowStringArray>
['Kembel SW, Cahill JF, Jr. 2011. Independent Evolution of Leaf and Root Traits within and among Temperate Grassland Plant Communities. PLoS ONE 6(6): e19992.']
Length: 1, dtype: str",Carex,obtusata,Cyperaceae,Poales
Carpinus caroliniana,,-0.46063762749541176,3.0393599951522816,"<ArrowStringArray>
['Valverde-Barrantes OJ, Smemo KA,  Feinstein LM, Kershner MW, Blackwood CB. 2015. Aggregated and complementary: symmetric proliferation, overyielding, and mass effects explain fine-root biomass in soil patches in a diverse temperate deciduous forest landscape. New Phytologist 205(2): 731-742.']
Length: 1, dtype: str",Carpinus,caroliniana,Betulaceae,Fagales
Carpodetus serratus,,-0.6597607615423119,3.4448828229628194,"<ArrowStringArray>
['Holdaway RJ, Richardson SJ, Dickie IA, Peltzer DA, Coomes DA. 2011. Species- and community-level patterns in fine root traits along a 120 000-year soil chronosequence in temperate rain forest. Journal of Ecology 99: 954-963.', 'Kramer-Walter KR, Bellingham PJ, Millar TR, Smissen RD, Richardson SJ, Laughlin DC. 2016. Root traits are multidimensional: specific root length is independent from root tissue density and the plant economic spectrum. Journal of Ecology 104: 1299-1310.']
Length: 2, dtype: str",Carpodetus,serratus,Rousseaceae,Asterales
Carya cordiformis,,-0.4942250485172908,3.1219220039762328,"<ArrowStringArray>
['Valverde-Barrantes OJ, Smemo KA,  Feinstein LM, Kershner MW, Blackwood CB. 2015. Aggregated and complementary: symmetric proliferation, overyielding, and mass effects explain fine-root biomass in soil patches in a diverse temperate deciduous forest landscape. New Phytologist 205(2): 731-742.']
Length: 1, dtype: str",Carya,cordiformis,Juglandaceae,Fagales
Carya ovata,,-0.5419758262936542,3.067860515438203,"<ArrowStringArray>
['Comas LH, Eissenstat DM. 2009. Patterns in root trait variation among 25 co-existing North American forest species. New Phytologist 182: 919-928.', 'Valverde-Barrantes OJ, Smemo KA,  Feinstein LM, Kershner MW, Blackwood CB. 2015. Aggregated and complementary: symmetric proliferation, overyielding, and mass effects explain fine-root biomass in soil patches in a diverse temperate deciduous forest landscape. New Phytologist 205(2): 731-742.']
Length: 2, dtype: str",Carya,ovata,Juglandaceae,Fagales
Ceiba pentandra,,0.0,1.9600947840472698,"<ArrowStringArray>
['Rajab YA, Holscher D, Leuschner C, Barus H, Tjoa A, Hertel D. 2018. Effects of shade tree cover and diversity on root system structure and dynamics in cacao agroforests: The role of root competition and space partitioning. Plant Soil 422: 349-369.']
Length: 1, dtype: str",Ceiba,pentandra,Malvaceae,Malvales
Celtis australis,,-1.2670013549319075,3.1154290151287816,"<ArrowStringArray>
['de la Riva, Navarro-Fernandez, Perez-Ramos, Villar, Maranon. Unpublished.']
Length: 1, dtype: str",Celtis,australis,Cannabaceae,Rosales
Centaurea pectinata,,-0.6178281686681016,3.7740270390550457,"<ArrowStringArray>
['Roumet C, Birouste M, Picon-Cochard C, Ghestem M, Osman N, Vrignon-Brenas S, Cao K-F, Stokes A. 2016. Root structure-function relationships in 74 species: evidence of root economics spectrum related to carbon economy. New Phytologist 210: 815-826.',
                                                                 'Fort F, Volaire F, Guilioni L, Barkaoui K, Navas ML, Roumet C. 2017. Root traits are related to plant water-use among rangeland Mediterranean species. Functional Ecology 31: 1700-1709',
                                                         'Poirier V, Roumet C, Angers DA, Munson AD. 2018. Species and root traits impact macroaggregation in the rhizospheric soil of a Mediterranean common garden experiment. Plant Soil 424: 289-302.']
Length: 3, dtype: str",Centaurea,pectinata,Asteraceae,Asterales
Cerastium arvense,,-1.667243592764639,4.517229830868229,"<ArrowStringArray>
['Kembel SW, Cahill JF, Jr. 2011. Independent Evolution of Leaf and Root Traits within and among Temperate Grassland Plant Communities. PLoS ONE 6(6): e19992.']
Length: 1, dtype: str",Cerastium,arvense,Caryophyllaceae,Caryophyllales
Cerastium fontanum,,-1.2729656758128873,1.9740810260220096,"<ArrowStringArray>
['Smith SW, Woodin SJ, Pakeman RJ, Johnson D, van der Wal R. 2014. Root traits predict decomposition across a landscape-scale grazing experiment. New Phytologist 203: 851-862.']
Length: 1, dtype: str",Cerastium,fontanum,Caryophyllaceae,Caryophyllales
Cercis canadensis,,-0.5978370007556204,3.299533727885655,"<ArrowStringArray>
['Comas LH, Eissenstat DM. 2009. Patterns in root trait variation among 25 co-existing North American forest species. New Phytologist 182: 919-928.']
Length: 1, dtype: str",Cercis,canadensis,Fabaceae,Fabales
Chamaecrista fasciculata,,-1.0788096613719298,4.248495242049359,"<ArrowStringArray>
['Craine JM, Froehle J, Tilman DG, Wedin DA, Chapin FS. 2001. The relationships among root and leaf traits of 76 grassland species and relative abundance among fertility and disturbance gradients. Oikos 93: 274-285']
Length: 1, dtype: str",Chamaecrista,fasciculata,Fabaceae,Fabales
Chamaerhodos erecta,,-1.448169764837978,4.658710952916121,"<ArrowStringArray>
['Zhou M, Wang J, Bai W, Zhang Y, Zhang W-H. 2019. The response of root traits to precipitation change of herbaceous species in temperate steppes. Functional Ecology, in press.']
Length: 1, dtype: str",Chamaerhodos,erecta,Rosaceae,Rosales
Chenopodium album,,-1.5808504555821878,4.955499329608534,"<ArrowStringArray>
['Craine JM, Froehle J, Tilman DG, Wedin DA, Chapin FS. 2001. The relationships among root and leaf traits of 76 grassland species and relative abundance among fertility and disturbance gradients. Oikos 93: 274-285', 'Kembel SW, Cahill JF, Jr. 2011. Independent Evolution of Leaf and Root Traits within and among Temperate Grassland Plant Communities. PLoS ONE 6(6): e19992.']
Length: 2, dtype: str",Chenopodium,album,Amaranthaceae,Caryophyllales
Chionanthus mildbraedii,,-0.527632742082372,2.247072383063787,"<ArrowStringArray>
['Assefa D, Godbold DL, Belay B, Abiya A, Rewald B. 2018. Fine root morphology, biochemistry and litter quality indices of fast- and slow-growing woody species in Ethiopian highland forest. Ecosystems 21: 482-494.']
Length: 1, dtype: str",Chionanthus,mildbraedii,Oleaceae,Lamiales
Chloris anomala,,-0.5727010274840783,2.9947317732204075,"<ArrowStringArray>
['Roumet C, Birouste M, Picon-Cochard C, Ghestem M, Osman N, Vrignon-Brenas S, Cao K-F, Stokes A. 2016. Root structure-function relationships in 74 species: evidence of root economics spectrum related to carbon economy. New Phytologist 210: 815-826.']
Length: 1, dtype: str",Chloris,anomala,Poaceae,Poales
Chomelia psilocarpa,,-0.6148457794040797,2.942511704428173,"<ArrowStringArray>
['Collins CG, Wright SJ, Wurzburger N. 2016. Root and leaf traits reflect distinct resource acquisition strategies in tropical lianas and trees. Oecologia 180: 1037-1047.']
Length: 1, dtype: str",Chomelia,psilocarpa,Rubiaceae,Gentianales
Chondrosum gracile,,-1.5829988599044778,4.481377676912836,"<ArrowStringArray>
['Kembel SW, Cahill JF, Jr. 2011. Independent Evolution of Leaf and Root Traits within and among Temperate Grassland Plant Communities. PLoS ONE 6(6): e19992.']
Length: 1, dtype: str",Chondrosum,gracile,Poaceae,Poales
Cichorium intybus,,-1.0377053528236775,5.937234329179472,"<ArrowStringArray>
['Comas - Pasture species']
Length: 1, dtype: str",Cichorium,intybus,Asteraceae,Asterales
Cinnamomum subcuneatum,,-0.15969937875767493,2.3134459003267915,"<ArrowStringArray>
['Ushio M, Fujiki Y, Hidaka A, Kitayama K. 2015. Linkage of root physiology and morphology as an adaptation to soil phosphorus impoverishment in tropical montane forests. Functional Ecology 29: 1235-1245.']
Length: 1, dtype: str",Cinnamomum,subcuneatum,Lauraceae,Laurales
Cistus albidus,,-0.8367866307615561,1.9409949168545357,"<ArrowStringArray>
['de la Riva, Navarro-Fernandez, Perez-Ramos, Villar, Maranon. Unpublished.']
Length: 1, dtype: str",Cistus,albidus,Cistaceae,Malvales
Cistus crispus,,-0.8227007808152502,2.52003676585818,"<ArrowStringArray>
['de la Riva, Navarro-Fernandez, Perez-Ramos, Villar, Maranon. Unpublished.']
Length: 1, dtype: str",Cistus,crispus,Cistaceae,Malvales
Cistus ladanifer,,-0.9332461662735686,2.226795782089849,"<ArrowStringArray>
['de la Riva, Navarro-Fernandez, Perez-Ramos, Villar, Maranon. Unpublished.']
Length: 1, dtype: str",Cistus,ladanifer,Cistaceae,Malvales
Cistus libanotis,,-0.8528172307941627,2.3383594434867416,"<ArrowStringArray>
['de la Riva, Navarro-Fernandez, Perez-Ramos, Villar, Maranon. Unpublished.']
Length: 1, dtype: str",Cistus,libanotis,Cistaceae,Malvales
Cistus monspeliensis,,-0.6041447309050415,2.2929109689902534,"<ArrowStringArray>
['de la Riva, Navarro-Fernandez, Perez-Ramos, Villar, Maranon. Unpublished.']
Length: 1, dtype: str",Cistus,monspeliensis,Cistaceae,Malvales
Cistus salviifolius,,-0.8010943721145385,2.2678828720579176,"<ArrowStringArray>
['de la Riva, Navarro-Fernandez, Perez-Ramos, Villar, Maranon. Unpublished.']
Length: 1, dtype: str",Cistus,salviifolius,Cistaceae,Malvales
Citrus aurantium,,-0.4474596648108411,3.0301337002713233,"<ArrowStringArray>
['Graham JH, Syvertsen JP. 1985. Host determinants of mycorrhizal dependency of citrus rootstock seedlings. New Phytologist 101: 667-676.']
Length: 1, dtype: str",Citrus,aurantium,Rutaceae,Sapindales
Citrus trifoliata,,-0.7236063880446539,3.484312288372662,"<ArrowStringArray>
['Graham JH, Syvertsen JP. 1985. Host determinants of mycorrhizal dependency of citrus rootstock seedlings. New Phytologist 101: 667-676.']
Length: 1, dtype: str",Citrus,trifoliata,Rutaceae,Sapindales
Cleistogenes squarrosa,,-1.491654876777717,5.365742342862826,"<ArrowStringArray>
['Zhou M, Wang J, Bai W, Zhang Y, Zhang W-H. 2019. The response of root traits to precipitation change of herbaceous species in temperate steppes. Functional Ecology, in press.']
Length: 1, dtype: str",Cleistogenes,squarrosa,Poaceae,Poales
Clinopodium nepeta,,-1.311186888633085,4.860587297852597,"<ArrowStringArray>
['Birouste M, Kazakou E, Blanchard A, Roumet C. 2012. Plant traits and decomposition: are the relationships for roots comparable to those for leaves? Annals of Botany 109: 463-472. ', 'Roumet C, Birouste M, Picon-Cochard C, Ghestem M, Osman N, Vrignon-Brenas S, Cao K-F, Stokes A. 2016. Root structure-function relationships in 74 species: evidence of root economics spectrum related to carbon economy. New Phytologist 210: 815-826.']
Length: 2, dtype: str",Clinopodium,nepeta,Lamiaceae,Lamiales
Clitoria javitensis,,-0.3222197900242901,2.520045233152446,"<ArrowStringArray>
['Collins CG, Wright SJ, Wurzburger N. 2016. Root and leaf traits reflect distinct resource acquisition strategies in tropical lianas and trees. Oecologia 180: 1037-1047.']
Length: 1, dtype: str",Clitoria,javitensis,Fabaceae,Fabales
Coccoloba excelsa,,-0.8871032927541169,2.9170122877272475,"<ArrowStringArray>
['Collins CG, Wright SJ, Wurzburger N. 2016. Root and leaf traits reflect distinct resource acquisition strategies in tropical lianas and trees. Oecologia 180: 1037-1047.']
Length: 1, dtype: str",Coccoloba,excelsa,Polygonaceae,Caryophyllales
Coccoloba manzinellensis,,-0.7342801898986285,2.498546556996704,"<ArrowStringArray>
['Collins CG, Wright SJ, Wurzburger N. 2016. Root and leaf traits reflect distinct resource acquisition strategies in tropical lianas and trees. Oecologia 180: 1037-1047.']
Length: 1, dtype: str",Coccoloba,manzinellensis,Polygonaceae,Caryophyllales
Cocos nucifera,,-0.5978370007556204,3.0397491589707655,"<ArrowStringArray>
['Rajab YA, Holscher D, Leuschner C, Barus H, Tjoa A, Hertel D. 2018. Effects of shade tree cover and diversity on root system structure and dynamics in cacao agroforests: The role of root competition and space partitioning. Plant Soil 422: 349-369.']
Length: 1, dtype: str",Cocos,nucifera,Arecaceae,Arecales
Coffea arabica,,-0.2744368457017603,2.2063494851132197,"<ArrowStringArray>
['Prieto I, Roumet C, Cardinael R, Dupraz C, Jourdan C, Kim JH, Maeght JL, Mao Z, Pierret A, Portillo N, Roupsard O, Thammahacksa C, Stokes A. 2015. Root functional parameters along a land-use gradient: evidence of a community-level economics spectrum. Journal of Ecology 103: 361-363.']
Length: 1, dtype: str",Coffea,arabica,Rubiaceae,Gentianales
Comandra umbellata,,-1.1351132759510045,3.445590362853224,"<ArrowStringArray>
['Kembel SW, Cahill JF, Jr. 2011. Independent Evolution of Leaf and Root Traits within and among Temperate Grassland Plant Communities. PLoS ONE 6(6): e19992.']
Length: 1, dtype: str",Comandra,umbellata,Santalaceae,Santalales
Combretum collinum,,-0.6348782724359695,2.5249283241374862,"<ArrowStringArray>
['Assefa D, Godbold DL, Belay B, Abiya A, Rewald B. 2018. Fine root morphology, biochemistry and litter quality indices of fast- and slow-growing woody species in Ethiopian highland forest. Ecosystems 21: 482-494.']
Length: 1, dtype: str",Combretum,collinum,Combretaceae,Myrtales
Combretum decandrum,,-0.4721526131384609,2.3587757453038294,"<ArrowStringArray>
['Collins CG, Wright SJ, Wurzburger N. 2016. Root and leaf traits reflect distinct resource acquisition strategies in tropical lianas and trees. Oecologia 180: 1037-1047.']
Length: 1, dtype: str",Combretum,decandrum,Combretaceae,Myrtales
Coprosma ciliata,,-1.6094379124341003,4.516338972281476,"<ArrowStringArray>
['Holdaway RJ, Richardson SJ, Dickie IA, Peltzer DA, Coomes DA. 2011. Species- and community-level patterns in fine root traits along a 120 000-year soil chronosequence in temperate rain forest. Journal of Ecology 99: 954-963.']
Length: 1, dtype: str",Coprosma,ciliata,Rubiaceae,Gentianales
Coprosma foetidissima,,-0.9942522733438669,3.7954891891721947,"<ArrowStringArray>
['Holdaway RJ, Richardson SJ, Dickie IA, Peltzer DA, Coomes DA. 2011. Species- and community-level patterns in fine root traits along a 120 000-year soil chronosequence in temperate rain forest. Journal of Ecology 99: 954-963.']
Length: 1, dtype: str",Coprosma,foetidissima,Rubiaceae,Gentianales
Coprosma linariifolia,,-0.5827820659672622,3.1038419942108035,"<ArrowStringArray>
['Kramer-Walter KR, Bellingham PJ, Millar TR, Smissen RD, Richardson SJ, Laughlin DC. 2016. Root traits are multidimensional: specific root length is independent from root tissue density and the plant economic spectrum. Journal of Ecology 104: 1299-1310.']
Length: 1, dtype: str",Coprosma,linariifolia,Rubiaceae,Gentianales
Coprosma lucida,,-0.7985076962177716,3.258096538021482,"<ArrowStringArray>
['Holdaway RJ, Richardson SJ, Dickie IA, Peltzer DA, Coomes DA. 2011. Species- and community-level patterns in fine root traits along a 120 000-year soil chronosequence in temperate rain forest. Journal of Ecology 99: 954-963.']
Length: 1, dtype: str",Coprosma,lucida,Rubiaceae,Gentianales
Coprosma rhamnoides,,-1.6094379124341003,5.064491966886966,"<ArrowStringArray>
['Holdaway RJ, Richardson SJ, Dickie IA, Peltzer DA, Coomes DA. 2011. Species- and community-level patterns in fine root traits along a 120 000-year soil chronosequence in temperate rain forest. Journal of Ecology 99: 954-963.']
Length: 1, dtype: str",Coprosma,rhamnoides,Rubiaceae,Gentianales
Coreopsis palmata,,-1.1086626245216111,4.727387818712341,"<ArrowStringArray>
['Craine JM, Froehle J, Tilman DG, Wedin DA, Chapin FS. 2001. The relationships among root and leaf traits of 76 grassland species and relative abundance among fertility and disturbance gradients. Oikos 93: 274-285']
Length: 1, dtype: str",Coreopsis,palmata,Asteraceae,Asterales
Coriaria arborea,,-1.171182981502945,3.3105430133940246,"<ArrowStringArray>
['Holdaway RJ, Richardson SJ, Dickie IA, Peltzer DA, Coomes DA. 2011. Species- and community-level patterns in fine root traits along a 120 000-year soil chronosequence in temperate rain forest. Journal of Ecology 99: 954-963.']
Length: 1, dtype: str",Coriaria,arborea,Coriariaceae,Cucurbitales
Coronilla juncea,,-1.2036395265358157,2.056111871040096,"<ArrowStringArray>
['de la Riva, Navarro-Fernandez, Perez-Ramos, Villar, Maranon. Unpublished.']
Length: 1, dtype: str",Coronilla,juncea,Fabaceae,Fabales
Coronilla minima,,-0.6213593853935282,3.6998855391456513,"<ArrowStringArray>
['Roumet C, Birouste M, Picon-Cochard C, Ghestem M, Osman N, Vrignon-Brenas S, Cao K-F, Stokes A. 2016. Root structure-function relationships in 74 species: evidence of root economics spectrum related to carbon economy. New Phytologist 210: 815-826.',
                                                                 'Fort F, Volaire F, Guilioni L, Barkaoui K, Navas ML, Roumet C. 2017. Root traits are related to plant water-use among rangeland Mediterranean species. Functional Ecology 31: 1700-1709',
                                                         'Poirier V, Roumet C, Angers DA, Munson AD. 2018. Species and root traits impact macroaggregation in the rhizospheric soil of a Mediterranean common garden experiment. Plant Soil 424: 289-302.']
Length: 3, dtype: str",Coronilla,minima,Fabaceae,Fabales
Corynocarpus laevigatus,,-0.5310283310835102,3.1696648970181456,"<ArrowStringArray>
['Kramer-Walter KR, Bellingham PJ, Millar TR, Smissen RD, Richardson SJ, Laughlin DC. 2016. Root traits are multidimensional: specific root length is independent from root tissue density and the plant economic spectrum. Journal of Ecology 104: 1299-1310.']
Length: 1, dtype: str",Corynocarpus,laevigatus,Corynocarpaceae,Cucurbitales
Crataegus monogyna,,-0.8412412388046728,2.3113937952094306,"<ArrowStringArray>
['de la Riva, Navarro-Fernandez, Perez-Ramos, Villar, Maranon. Unpublished.']
Length: 1, dtype: str",Crataegus,monogyna,Rosaceae,Rosales
Crepis foetida,,-1.2605431558143303,5.690798547097907,"<ArrowStringArray>
['Birouste M, Kazakou E, Blanchard A, Roumet C. 2012. Plant traits and decomposition: are the relationships for roots comparable to those for leaves? Annals of Botany 109: 463-472. ', 'Roumet C, Birouste M, Picon-Cochard C, Ghestem M, Osman N, Vrignon-Brenas S, Cao K-F, Stokes A. 2016. Root structure-function relationships in 74 species: evidence of root economics spectrum related to carbon economy. New Phytologist 210: 815-826.']
Length: 2, dtype: str",Crepis,foetida,Asteraceae,Asterales
Crepis sancta,,-1.2378743560016174,5.786897381366708,"<ArrowStringArray>
['Roumet C, Lafont F, Sari M, Warembourg F, Garnier E. 2008. Root traits and taxonomic affiliation of nine herbaceous species grown in glasshouse conditions. Plant Soil 312:69-83. ']
Length: 1, dtype: str",Crepis,sancta,Asteraceae,Asterales
Crepis tectorum,,-1.0788096613719298,4.77912349311153,"<ArrowStringArray>
['Craine JM, Froehle J, Tilman DG, Wedin DA, Chapin FS. 2001. The relationships among root and leaf traits of 76 grassland species and relative abundance among fertility and disturbance gradients. Oikos 93: 274-285']
Length: 1, dtype: str",Crepis,tectorum,Asteraceae,Asterales
Cyathea dealbata,,-0.46426015461866993,2.7746455279300806,"<ArrowStringArray>
['Kramer-Walter KR, Bellingham PJ, Millar TR, Smissen RD, Richardson SJ, Laughlin DC. 2016. Root traits are multidimensional: specific root length is independent from root tissue density and the plant economic spectrum. Journal of Ecology 104: 1299-1310.']
Length: 1, dtype: str",Cyathea,dealbata,Cyatheaceae,Cyatheales
Cyathea medullaris,,-0.588805183416047,3.2221471559730768,"<ArrowStringArray>
['Kramer-Walter KR, Bellingham PJ, Millar TR, Smissen RD, Richardson SJ, Laughlin DC. 2016. Root traits are multidimensional: specific root length is independent from root tissue density and the plant economic spectrum. Journal of Ecology 104: 1299-1310.']
Length: 1, dtype: str",Cyathea,medullaris,Cyatheaceae,Cyatheales
Cyathea smithii,,-0.5526153482906783,2.8366148034445104,"<ArrowStringArray>
['Holdaway RJ, Richardson SJ, Dickie IA, Peltzer DA, Coomes DA. 2011. Species- and community-level patterns in fine root traits along a 120 000-year soil chronosequence in temperate rain forest. Journal of Ecology 99: 954-963.', 'Kramer-Walter KR, Bellingham PJ, Millar TR, Smissen RD, Richardson SJ, Laughlin DC. 2016. Root traits are multidimensional: specific root length is independent from root tissue density and the plant economic spectrum. Journal of Ecology 104: 1299-1310.']
Length: 2, dtype: str",Cyathea,smithii,Cyatheaceae,Cyatheales
Cydonia oblonga,,-0.9182927345448282,2.2425130299388965,"<ArrowStringArray>
['de la Riva, Navarro-Fernandez, Perez-Ramos, Villar, Maranon. Unpublished.']
Length: 1, dtype: str",Cydonia,oblonga,Rosaceae,Rosales
Cyperus difformis,,-0.6674794338113675,4.195245147157833,"<ArrowStringArray>
['Roumet C, Birouste M, Picon-Cochard C, Ghestem M, Osman N, Vrignon-Brenas S, Cao K-F, Stokes A. 2016. Root structure-function relationships in 74 species: evidence of root economics spectrum related to carbon economy. New Phytologist 210: 815-826.']
Length: 1, dtype: str",Cyperus,difformis,Cyperaceae,Poales
Cytisus grandiflorus,,-0.2984060358147566,1.1790898931449363,"<ArrowStringArray>
['de la Riva, Navarro-Fernandez, Perez-Ramos, Villar, Maranon. Unpublished.']
Length: 1, dtype: str",Cytisus,grandiflorus,Fabaceae,Fabales
Dacrycarpus dacrydioides,,-0.5039101966079766,2.8782873307037025,"<ArrowStringArray>
['Kramer-Walter KR, Bellingham PJ, Millar TR, Smissen RD, Richardson SJ, Laughlin DC. 2016. Root traits are multidimensional: specific root length is independent from root tissue density and the plant economic spectrum. Journal of Ecology 104: 1299-1310.']
Length: 1, dtype: str",Dacrycarpus,dacrydioides,Podocarpaceae,Pinales
Dacrydium cupressinum,,-0.672834879248067,3.2849865081609457,"<ArrowStringArray>
['Holdaway RJ, Richardson SJ, Dickie IA, Peltzer DA, Coomes DA. 2011. Species- and community-level patterns in fine root traits along a 120 000-year soil chronosequence in temperate rain forest. Journal of Ecology 99: 954-963.', 'Kramer-Walter KR, Bellingham PJ, Millar TR, Smissen RD, Richardson SJ, Laughlin DC. 2016. Root traits are multidimensional: specific root length is independent from root tissue density and the plant economic spectrum. Journal of Ecology 104: 1299-1310.']
Length: 2, dtype: str",Dacrydium,cupressinum,Podocarpaceae,Pinales
Dacrydium gracile,,-0.6022101855678432,2.8637767814029216,"<ArrowStringArray>
['Ushio M, Fujiki Y, Hidaka A, Kitayama K. 2015. Linkage of root physiology and morphology as an adaptation to soil phosphorus impoverishment in tropical montane forests. Functional Ecology 29: 1235-1245.']
Length: 1, dtype: str",Dacrydium,gracile,Podocarpaceae,Pinales
Dacrydium pectinatum,,-0.5807117512301572,2.705563779182268,"<ArrowStringArray>
['Ushio M, Fujiki Y, Hidaka A, Kitayama K. 2015. Linkage of root physiology and morphology as an adaptation to soil phosphorus impoverishment in tropical montane forests. Functional Ecology 29: 1235-1245.']
Length: 1, dtype: str",Dacrydium,pectinatum,Podocarpaceae,Pinales
Dactylis glomerata,,-1.5883836306715444,5.8174593452660055,"<ArrowStringArray>
[                                                                    'Ryser P, Lambers H. 1995. Root and leaf attributes accounting for the performance of fast and slow-growing grasses at different nutrient supply. Plant and Soil 170: 251-265, 1995.',
                                                                     'Birouste M, Kazakou E, Blanchard A, Roumet C. 2012. Plant traits and decomposition: are the relationships for roots comparable to those for leaves? Annals of Botany 109: 463-472. ',
                                                               'Fort F, Jouany C, Cruz P. 2013.Root and leaf functional trait relations in Poaceae species: implications of differing resource-acquisition strategies. Journal of Plant Ecology 6:211-219',
    'Yang Z, Culvenor RA, Haling RE, Stefanski A, Ryan MH, Sandral GA, Kidd DR, Lambers H, Simpson RJ. 2015. Variation in root traits associated with nutrient foraging among temperate legumes and grasses. Grass and Forage Science, early view article',
 'Roumet C, Birouste M, Picon-Cochard C, Ghestem M, Osman N, Vrignon-Brenas S, Cao K-F, Stokes A. 2016. Root structure-function relationships in 74 species: evidence of root economics spectrum related to carbon economy. New Phytologist 210: 815-826.',
                                                                                                                                                                                                                                 'Comas - Pasture species']
Length: 6, dtype: str",Dactylis,glomerata,Poaceae,Poales
Dalea purpurea,,-0.9786981920027721,3.9247991068600374,"<ArrowStringArray>
['Craine JM, Froehle J, Tilman DG, Wedin DA, Chapin FS. 2001. The relationships among root and leaf traits of 76 grassland species and relative abundance among fertility and disturbance gradients. Oikos 93: 274-285', 'Kembel SW, Cahill JF, Jr. 2011. Independent Evolution of Leaf and Root Traits within and among Temperate Grassland Plant Communities. PLoS ONE 6(6): e19992.']
Length: 2, dtype: str",Dalea,purpurea,Fabaceae,Fabales
Danthonia intermedia,,-0.9744496460476871,2.7450339821360643,"<ArrowStringArray>
['Kembel SW, Cahill JF, Jr. 2011. Independent Evolution of Leaf and Root Traits within and among Temperate Grassland Plant Communities. PLoS ONE 6(6): e19992.']
Length: 1, dtype: str",Danthonia,intermedia,Poaceae,Poales
Daucus carota,,-1.6269474565705004,5.8395161225355094,"<ArrowStringArray>
[                                                                    'Birouste M, Kazakou E, Blanchard A, Roumet C. 2012. Plant traits and decomposition: are the relationships for roots comparable to those for leaves? Annals of Botany 109: 463-472. ',
 'Roumet C, Birouste M, Picon-Cochard C, Ghestem M, Osman N, Vrignon-Brenas S, Cao K-F, Stokes A. 2016. Root structure-function relationships in 74 species: evidence of root economics spectrum related to carbon economy. New Phytologist 210: 815-826.',
                                                    'Poon GT, Maherali H. 2015. Competitive interactions between a nonmycorrhizal invasive plant, Alliaria petiolata, and a suite of mycorrhizal grassland, old field, and forest species. PeerJ 3: e1090']
Length: 3, dtype: str",Daucus,carota,Apiaceae,Apiales
Deschampsia cespitosa,,-1.7147984280919266,4.852030263919617,"<ArrowStringArray>
['Fort F, Jouany C, Cruz P. 2013.Root and leaf functional trait relations in Poaceae species: implications of differing resource-acquisition strategies. Journal of Plant Ecology 6:211-219']
Length: 1, dtype: str",Deschampsia,cespitosa,Poaceae,Poales
Descurainia sophia,,-2.0722673379318355,5.1278286821668875,"<ArrowStringArray>
['Kembel SW, Cahill JF, Jr. 2011. Independent Evolution of Leaf and Root Traits within and among Temperate Grassland Plant Communities. PLoS ONE 6(6): e19992.']
Length: 1, dtype: str",Descurainia,sophia,Brassicaceae,Brassicales
Desmodium canadense,,-1.0788096613719298,4.836281906951478,"<ArrowStringArray>
['Craine JM, Froehle J, Tilman DG, Wedin DA, Chapin FS. 2001. The relationships among root and leaf traits of 76 grassland species and relative abundance among fertility and disturbance gradients. Oikos 93: 274-285']
Length: 1, dtype: str",Desmodium,canadense,Fabaceae,Fabales
Dicksonia squarrosa,,-0.416563973274428,2.803815831516592,"<ArrowStringArray>
['Holdaway RJ, Richardson SJ, Dickie IA, Peltzer DA, Coomes DA. 2011. Species- and community-level patterns in fine root traits along a 120 000-year soil chronosequence in temperate rain forest. Journal of Ecology 99: 954-963.', 'Kramer-Walter KR, Bellingham PJ, Millar TR, Smissen RD, Richardson SJ, Laughlin DC. 2016. Root traits are multidimensional: specific root length is independent from root tissue density and the plant economic spectrum. Journal of Ecology 104: 1299-1310.']
Length: 2, dtype: str",Dicksonia,squarrosa,Dicksoniaceae,Cyatheales
Digitaria setigera,,-1.0356374895067213,3.586015818654697,"<ArrowStringArray>
['Roumet C, Birouste M, Picon-Cochard C, Ghestem M, Osman N, Vrignon-Brenas S, Cao K-F, Stokes A. 2016. Root structure-function relationships in 74 species: evidence of root economics spectrum related to carbon economy. New Phytologist 210: 815-826.']
Length: 1, dtype: str",Digitaria,setigera,Poaceae,Poales
Doellingeria umbellata,,-1.0376112671107107,4.744941478302148,"<ArrowStringArray>
['Poon GT, Maherali H. 2015. Competitive interactions between a nonmycorrhizal invasive plant, Alliaria petiolata, and a suite of mycorrhizal grassland, old field, and forest species. PeerJ 3: e1090']
Length: 1, dtype: str",Doellingeria,umbellata,Asteraceae,Asterales
Dovyalis abyssinica,,-0.4780358009429998,2.3758355547336385,"<ArrowStringArray>
['Assefa D, Godbold DL, Belay B, Abiya A, Rewald B. 2018. Fine root morphology, biochemistry and litter quality indices of fast- and slow-growing woody species in Ethiopian highland forest. Ecosystems 21: 482-494.']
Length: 1, dtype: str",Dovyalis,abyssinica,Salicaceae,Malpighiales
Draba nemorosa,,-2.007306943920637,5.604183683891964,"<ArrowStringArray>
['Kembel SW, Cahill JF, Jr. 2011. Independent Evolution of Leaf and Root Traits within and among Temperate Grassland Plant Communities. PLoS ONE 6(6): e19992.']
Length: 1, dtype: str",Draba,nemorosa,Brassicaceae,Brassicales
Dracophyllum longifolium,,-1.5132190546935576,4.871479538812571,"<ArrowStringArray>
['Kramer-Walter KR, Bellingham PJ, Millar TR, Smissen RD, Richardson SJ, Laughlin DC. 2016. Root traits are multidimensional: specific root length is independent from root tissue density and the plant economic spectrum. Journal of Ecology 104: 1299-1310.']
Length: 1, dtype: str",Dracophyllum,longifolium,Ericaceae,Ericales
Dysoxylum spectabile,,-0.08204192700361627,2.0624450465768707,"<ArrowStringArray>
['Kramer-Walter KR, Bellingham PJ, Millar TR, Smissen RD, Richardson SJ, Laughlin DC. 2016. Root traits are multidimensional: specific root length is independent from root tissue density and the plant economic spectrum. Journal of Ecology 104: 1299-1310.']
Length: 1, dtype: str",Dysoxylum,spectabile,Meliaceae,Sapindales
Echinacea serotina,,-0.8915981192837836,3.5553480614894135,"<ArrowStringArray>
['Craine JM, Froehle J, Tilman DG, Wedin DA, Chapin FS. 2001. The relationships among root and leaf traits of 76 grassland species and relative abundance among fertility and disturbance gradients. Oikos 93: 274-285']
Length: 1, dtype: str",Echinacea,serotina,Asteraceae,Asterales
Eclipta prostrata,,-0.7194911558995473,3.4210000089583352,"<ArrowStringArray>
['Roumet C, Birouste M, Picon-Cochard C, Ghestem M, Osman N, Vrignon-Brenas S, Cao K-F, Stokes A. 2016. Root structure-function relationships in 74 species: evidence of root economics spectrum related to carbon economy. New Phytologist 210: 815-826.']
Length: 1, dtype: str",Eclipta,prostrata,Asteraceae,Asterales
Ehrharta stipoides,,-1.7282920177308392,5.2733117457256995,"<ArrowStringArray>
['Hill JO, Simpson RJ, Moore AD, Chapman DF. 2006. Morphology and response of roots of pasture species to phosphorus and nitrogen nutrition. Plant and Soil 286: 7-19.']
Length: 1, dtype: str",Ehrharta,stipoides,Poaceae,Poales
Ekebergia capensis,,-0.3011050927839216,1.9892432737616872,"<ArrowStringArray>
['Assefa D, Godbold DL, Belay B, Abiya A, Rewald B. 2018. Fine root morphology, biochemistry and litter quality indices of fast- and slow-growing woody species in Ethiopian highland forest. Ecosystems 21: 482-494.']
Length: 1, dtype: str",Ekebergia,capensis,Meliaceae,Sapindales
Elaeagnus commutata,,-0.920298753271694,2.917456692508743,"<ArrowStringArray>
['Kembel SW, Cahill JF, Jr. 2011. Independent Evolution of Leaf and Root Traits within and among Temperate Grassland Plant Communities. PLoS ONE 6(6): e19992.']
Length: 1, dtype: str",Elaeagnus,commutata,Elaeagnaceae,Rosales
Elaeocarpus dentatus,,-0.5211164887848129,3.3367627618187212,"<ArrowStringArray>
['Kramer-Walter KR, Bellingham PJ, Millar TR, Smissen RD, Richardson SJ, Laughlin DC. 2016. Root traits are multidimensional: specific root length is independent from root tissue density and the plant economic spectrum. Journal of Ecology 104: 1299-1310.']
Length: 1, dtype: str",Elaeocarpus,dentatus,Elaeocarpaceae,Oxalidales
Elaeocarpus hookerianus,,-0.8581790688169394,3.5092922518629455,"<ArrowStringArray>
['Kramer-Walter KR, Bellingham PJ, Millar TR, Smissen RD, Richardson SJ, Laughlin DC. 2016. Root traits are multidimensional: specific root length is independent from root tissue density and the plant economic spectrum. Journal of Ecology 104: 1299-1310.']
Length: 1, dtype: str",Elaeocarpus,hookerianus,Elaeocarpaceae,Oxalidales
Elymus canadensis,,-1.7432550601684398,5.098901371555127,"<ArrowStringArray>
['Craine JM, Froehle J, Tilman DG, Wedin DA, Chapin FS. 2001. The relationships among root and leaf traits of 76 grassland species and relative abundance among fertility and disturbance gradients. Oikos 93: 274-285', 'Poon GT, Maherali H. 2015. Competitive interactions between a nonmycorrhizal invasive plant, Alliaria petiolata, and a suite of mycorrhizal grassland, old field, and forest species. PeerJ 3: e1090']
Length: 2, dtype: str",Elymus,canadensis,Poaceae,Poales
Elymus lanceolatus,,-1.5087482869191498,4.551559169124093,"<ArrowStringArray>
['Kembel SW, Cahill JF, Jr. 2011. Independent Evolution of Leaf and Root Traits within and among Temperate Grassland Plant Communities. PLoS ONE 6(6): e19992.']
Length: 1, dtype: str",Elymus,lanceolatus,Poaceae,Poales
Elymus repens,,-1.1912997042025673,4.663275528495375,"<ArrowStringArray>
[                                   'Craine JM, Froehle J, Tilman DG, Wedin DA, Chapin FS. 2001. The relationships among root and leaf traits of 76 grassland species and relative abundance among fertility and disturbance gradients. Oikos 93: 274-285',
 'Roumet C, Birouste M, Picon-Cochard C, Ghestem M, Osman N, Vrignon-Brenas S, Cao K-F, Stokes A. 2016. Root structure-function relationships in 74 species: evidence of root economics spectrum related to carbon economy. New Phytologist 210: 815-826.',
                                                                                            'Kembel SW, Cahill JF, Jr. 2011. Independent Evolution of Leaf and Root Traits within and among Temperate Grassland Plant Communities. PLoS ONE 6(6): e19992.',
                                                                                                                                                                                                                             'Craine J. Unpublished data.']
Length: 4, dtype: str",Elymus,repens,Poaceae,Poales
Elymus riparius,,-1.8244892938509738,5.299063020678885,"<ArrowStringArray>
['Poon GT, Maherali H. 2015. Competitive interactions between a nonmycorrhizal invasive plant, Alliaria petiolata, and a suite of mycorrhizal grassland, old field, and forest species. PeerJ 3: e1090']
Length: 1, dtype: str",Elymus,riparius,Poaceae,Poales
Elymus virginicus,,-1.625035109610525,5.642148918759129,"<ArrowStringArray>
['Poon GT, Maherali H. 2015. Competitive interactions between a nonmycorrhizal invasive plant, Alliaria petiolata, and a suite of mycorrhizal grassland, old field, and forest species. PeerJ 3: e1090', 'Comas - Pasture species']
Length: 2, dtype: str",Elymus,virginicus,Poaceae,Poales
Ephedra fragilis,,-0.6789813257443353,1.2210552998275395,"<ArrowStringArray>
['de la Riva, Navarro-Fernandez, Perez-Ramos, Villar, Maranon. Unpublished.']
Length: 1, dtype: str",Ephedra,fragilis,Ephedraceae,Gnetales
Eragrostis trichodes,,-1.5606477482646683,4.290459441148391,"<ArrowStringArray>
['Craine JM, Froehle J, Tilman DG, Wedin DA, Chapin FS. 2001. The relationships among root and leaf traits of 76 grassland species and relative abundance among fertility and disturbance gradients. Oikos 93: 274-285']
Length: 1, dtype: str",Eragrostis,trichodes,Poaceae,Poales
Erica arborea,,-0.9663348068612736,2.649813790196861,"<ArrowStringArray>
['de la Riva, Navarro-Fernandez, Perez-Ramos, Villar, Maranon. Unpublished.']
Length: 1, dtype: str",Erica,arborea,Ericaceae,Ericales
Erica scoparia,,-1.3508306968443216,3.00616006713636,"<ArrowStringArray>
['de la Riva, Navarro-Fernandez, Perez-Ramos, Villar, Maranon. Unpublished.']
Length: 1, dtype: str",Erica,scoparia,Ericaceae,Ericales
Erigeron canadensis,,-1.0498221244986778,4.77912349311153,"<ArrowStringArray>
['Craine JM, Froehle J, Tilman DG, Wedin DA, Chapin FS. 2001. The relationships among root and leaf traits of 76 grassland species and relative abundance among fertility and disturbance gradients. Oikos 93: 274-285']
Length: 1, dtype: str",Erigeron,canadensis,Asteraceae,Asterales
Erigeron glabellus,,-1.1847149888114397,3.9811057282116824,"<ArrowStringArray>
['Kembel SW, Cahill JF, Jr. 2011. Independent Evolution of Leaf and Root Traits within and among Temperate Grassland Plant Communities. PLoS ONE 6(6): e19992.']
Length: 1, dtype: str",Erigeron,glabellus,Asteraceae,Asterales
Erigeron pumilus,,-1.6947235067164608,4.437386082817152,"<ArrowStringArray>
['Kembel SW, Cahill JF, Jr. 2011. Independent Evolution of Leaf and Root Traits within and among Temperate Grassland Plant Communities. PLoS ONE 6(6): e19992.']
Length: 1, dtype: str",Erigeron,pumilus,Asteraceae,Asterales
Erysimum inconspicuum,,-2.104554242494911,5.885458494246953,"<ArrowStringArray>
['Kembel SW, Cahill JF, Jr. 2011. Independent Evolution of Leaf and Root Traits within and among Temperate Grassland Plant Communities. PLoS ONE 6(6): e19992.']
Length: 1, dtype: str",Erysimum,inconspicuum,Brassicaceae,Brassicales
Eucalyptus grandis,,-0.9505222458837193,3.2622681366723527,"<ArrowStringArray>
['Germon A, Guerrini IA, Bordron B, Bouillet J-P, Nouvellon Y, de Moraes Goncalves JL, Jourdan C Paula RR, Laclau J-P. 2018. Consequences of mixing Acacia mangium and Eucalyptus grandis trees on soil exploration by fine-roots down to a depth of 17 m. Plant Soil 424: 203-220.']
Length: 1, dtype: str",Eucalyptus,grandis,Myrtaceae,Myrtales
Euphorbia cyparissias,,-0.3581045367483269,1.8468787684491346,"<ArrowStringArray>
['Roumet C, Birouste M, Picon-Cochard C, Ghestem M, Osman N, Vrignon-Brenas S, Cao K-F, Stokes A. 2016. Root structure-function relationships in 74 species: evidence of root economics spectrum related to carbon economy. New Phytologist 210: 815-826.']
Length: 1, dtype: str",Euphorbia,cyparissias,Euphorbiaceae,Malpighiales
Eurotia lanata,,-1.4045601699267831,4.37709589063546,"<ArrowStringArray>
['Kembel SW, Cahill JF, Jr. 2011. Independent Evolution of Leaf and Root Traits within and among Temperate Grassland Plant Communities. PLoS ONE 6(6): e19992.']
Length: 1, dtype: str",Eurotia,lanata,Amaranthaceae,Caryophyllales
Fagus grandifolia,,-0.5125189758696612,2.9809269817890933,"<ArrowStringArray>
[                                                                                                                                                   'Comas LH, Eissenstat DM. 2009. Patterns in root trait variation among 25 co-existing North American forest species. New Phytologist 182: 919-928.',
 'Valverde-Barrantes OJ, Smemo KA,  Feinstein LM, Kershner MW, Blackwood CB. 2015. Aggregated and complementary: symmetric proliferation, overyielding, and mass effects explain fine-root biomass in soil patches in a diverse temperate deciduous forest landscape. New Phytologist 205(2): 731-742.',
                                                                                                                                            'Fahey TJ, Yavitt JB. 2005. An in situ approach for measuring root-associated respiration and nitrate uptake of forest trees. Plant and Soil 272: 125-131.']
Length: 3, dtype: str",Fagus,grandifolia,Fagaceae,Fagales
Fagus sylvatica,,-0.9192162786827299,3.2326123571815595,"<ArrowStringArray>
[                                 'Kubisch P, Hertel D, Leuschner C. 2015. Do ectomycorrhizal and arbuscular mycorrhizal temperate tree species systematically differ in root order-related fine root morphology and biomass? Frontiers in Plant Science 6(64): 1-12.',
 'Hertel D, Strecker T, Muller-Haubold H, Leuschner C. 2013. Fine root biomass and dynamics in beech forests across a precipitation gradient â is optimal resource partitioning theory applicable to water-limited mature trees? Journal of Ecology 101: 1183-1200.',
                                                                                       'Withington JM, Reich PB, Oleksyn J, Eissenstat DM. 2006. Comparisons of structure and life span in roots and leaves among temperate trees. Ecological Monographs 76: 381-397.',
                                                                                                     'Liese R, Alings K, Meier IC. 2017. Root branching is a leading root trait of the plant economics spectrum in temperate trees. Frontiers in Plant Science 8:315.',
                                               'Weemstra M, Sterck FJ, Visser EJW, Kuyper TW, Goudzwaard L, Mommer L. 2017. Fine-root trait plasticity of beech (Fagus sylvatica) and spruce (Picea abies) forests on two contrasting soils. Plant Soil 415: 175-188.',
                                                                                                  'Liese R, Lubbe T, Albers NW, Meier IC. 2018. The mycorrhizal type governs root exudation and nitrogen uptake of temperate tree species. Tree Physiology 38: 83-95.',
                          'Klingenberg E, Leuschner C. 2018. A belowground perspective of temperate old-growth forests: Fine root system structure in beech primeval and production forests. Forest Ecology and Management. Forest Ecology and Management 425: 68-74.']
Length: 7, dtype: str",Fagus,sylvatica,Fagaceae,Fagales
Fallopia convolvulus,,-1.3862943611198906,5.303304908059076,"<ArrowStringArray>
['Craine JM, Froehle J, Tilman DG, Wedin DA, Chapin FS. 2001. The relationships among root and leaf traits of 76 grassland species and relative abundance among fertility and disturbance gradients. Oikos 93: 274-285']
Length: 1, dtype: str",Fallopia,convolvulus,Polygonaceae,Caryophyllales
Festuca arundinacea,,-1.4034913859484122,5.324563186555312,"<ArrowStringArray>
[                                                              'Fort F, Jouany C, Cruz P. 2013.Root and leaf functional trait relations in Poaceae species: implications of differing resource-acquisition strategies. Journal of Plant Ecology 6:211-219',
 'Roumet C, Birouste M, Picon-Cochard C, Ghestem M, Osman N, Vrignon-Brenas S, Cao K-F, Stokes A. 2016. Root structure-function relationships in 74 species: evidence of root economics spectrum related to carbon economy. New Phytologist 210: 815-826.',
                                                                                                                                                                                                                                 'Comas - Pasture species']
Length: 3, dtype: str",Festuca,arundinacea,Poaceae,Poales
Festuca christianii-bernardii,,-1.4034405199548612,5.271703847697988,"<ArrowStringArray>
[                       'Perez-Ramos IM, Volaire F, Fattet M, Blanchard A, Roumet C. Tradeoffs between functional strategies for resource-use and drought-survival in Mediterranean rangeland species. Environmental and Experimental Botany 87: 126-136.',
 'Roumet C, Birouste M, Picon-Cochard C, Ghestem M, Osman N, Vrignon-Brenas S, Cao K-F, Stokes A. 2016. Root structure-function relationships in 74 species: evidence of root economics spectrum related to carbon economy. New Phytologist 210: 815-826.',
                                                         'Poirier V, Roumet C, Angers DA, Munson AD. 2018. Species and root traits impact macroaggregation in the rhizospheric soil of a Mediterranean common garden experiment. Plant Soil 424: 289-302.']
Length: 3, dtype: str",Festuca,christianii-bernardii,Poaceae,Poales
Festuca hallii,,-1.6001808911714235,4.418167587152136,"<ArrowStringArray>
['Kembel SW, Cahill JF, Jr. 2011. Independent Evolution of Leaf and Root Traits within and among Temperate Grassland Plant Communities. PLoS ONE 6(6): e19992.']
Length: 1, dtype: str",Festuca,hallii,Poaceae,Poales
Festuca ovina,,-1.5371172508544741,4.529206647181052,"<ArrowStringArray>
['Craine JM, Froehle J, Tilman DG, Wedin DA, Chapin FS. 2001. The relationships among root and leaf traits of 76 grassland species and relative abundance among fertility and disturbance gradients. Oikos 93: 274-285', 'Smith SW, Woodin SJ, Pakeman RJ, Johnson D, van der Wal R. 2014. Root traits predict decomposition across a landscape-scale grazing experiment. New Phytologist 203: 851-862.']
Length: 2, dtype: str",Festuca,ovina,Poaceae,Poales
Festuca rubra,,-1.6519975268528964,5.189655109840973,"<ArrowStringArray>
[                                   'Craine JM, Froehle J, Tilman DG, Wedin DA, Chapin FS. 2001. The relationships among root and leaf traits of 76 grassland species and relative abundance among fertility and disturbance gradients. Oikos 93: 274-285',
                                                               'Fort F, Jouany C, Cruz P. 2013.Root and leaf functional trait relations in Poaceae species: implications of differing resource-acquisition strategies. Journal of Plant Ecology 6:211-219',
 'Roumet C, Birouste M, Picon-Cochard C, Ghestem M, Osman N, Vrignon-Brenas S, Cao K-F, Stokes A. 2016. Root structure-function relationships in 74 species: evidence of root economics spectrum related to carbon economy. New Phytologist 210: 815-826.']
Length: 3, dtype: str",Festuca,rubra,Poaceae,Poales
Ficus carica,,-1.0000120724285002,3.0623500711846616,"<ArrowStringArray>
['de la Riva, Navarro-Fernandez, Perez-Ramos, Villar, Maranon. Unpublished.']
Length: 1, dtype: str",Ficus,carica,Moraceae,Rosales
Ficus tikoua,,-0.5887871652357024,1.8794650496471605,"<ArrowStringArray>
['Roumet C, Birouste M, Picon-Cochard C, Ghestem M, Osman N, Vrignon-Brenas S, Cao K-F, Stokes A. 2016. Root structure-function relationships in 74 species: evidence of root economics spectrum related to carbon economy. New Phytologist 210: 815-826.']
Length: 1, dtype: str",Ficus,tikoua,Moraceae,Rosales
Fragaria virginiana,,-1.7567785003328094,5.480531035188941,"<ArrowStringArray>
['Poon GT, Maherali H. 2015. Competitive interactions between a nonmycorrhizal invasive plant, Alliaria petiolata, and a suite of mycorrhizal grassland, old field, and forest species. PeerJ 3: e1090']
Length: 1, dtype: str",Fragaria,virginiana,Rosaceae,Rosales
Fraxinus angustifolia,,-0.7818964304125747,2.937420688479367,"<ArrowStringArray>
['de la Riva, Navarro-Fernandez, Perez-Ramos, Villar, Maranon. Unpublished.']
Length: 1, dtype: str",Fraxinus,angustifolia,Oleaceae,Lamiales
Fraxinus nigra,,-0.5509148621262682,3.2953635102374483,"<ArrowStringArray>
['Valverde-Barrantes OJ, Smemo KA,  Feinstein LM, Kershner MW, Blackwood CB. 2015. Aggregated and complementary: symmetric proliferation, overyielding, and mass effects explain fine-root biomass in soil patches in a diverse temperate deciduous forest landscape. New Phytologist 205(2): 731-742.']
Length: 1, dtype: str",Fraxinus,nigra,Oleaceae,Lamiales
Fuchsia excorticata,,-1.0700664819963401,4.431153827467956,"<ArrowStringArray>
['Kramer-Walter KR, Bellingham PJ, Millar TR, Smissen RD, Richardson SJ, Laughlin DC. 2016. Root traits are multidimensional: specific root length is independent from root tissue density and the plant economic spectrum. Journal of Ecology 104: 1299-1310.']
Length: 1, dtype: str",Fuchsia,excorticata,Onagraceae,Myrtales
Fumana thymifolia,,-0.8833396317344692,1.7075845310126203,"<ArrowStringArray>
['de la Riva, Navarro-Fernandez, Perez-Ramos, Villar, Maranon. Unpublished.']
Length: 1, dtype: str",Fumana,thymifolia,Cistaceae,Malvales
Gahnia procera,,-1.1394342831883648,4.072439726834051,"<ArrowStringArray>
['Holdaway RJ, Richardson SJ, Dickie IA, Peltzer DA, Coomes DA. 2011. Species- and community-level patterns in fine root traits along a 120 000-year soil chronosequence in temperate rain forest. Journal of Ecology 99: 954-963.']
Length: 1, dtype: str",Gahnia,procera,Cyperaceae,Poales
Gahnia xanthocarpa,,-0.7765287894989963,3.8199077165203406,"<ArrowStringArray>
['Holdaway RJ, Richardson SJ, Dickie IA, Peltzer DA, Coomes DA. 2011. Species- and community-level patterns in fine root traits along a 120 000-year soil chronosequence in temperate rain forest. Journal of Ecology 99: 954-963.']
Length: 1, dtype: str",Gahnia,xanthocarpa,Cyperaceae,Poales
Galearia maingayi,,-0.6011150951134516,1.7291067837174938,"<ArrowStringArray>
['Makita N, Kosugi Y, Dannoura M, Takanashi S, Niiyama K, Kassim AR, Nik AR. 2012. Patterns of root respiration rates and morphological traits in 13 tree species in a tropical forest. Tree Physiology 32: 303-312.']
Length: 1, dtype: str",Galearia,maingayi,Pandaceae,Malpighiales
Galium boreale,,-1.7265336843103476,5.15235633994251,"<ArrowStringArray>
['Kembel SW, Cahill JF, Jr. 2011. Independent Evolution of Leaf and Root Traits within and among Temperate Grassland Plant Communities. PLoS ONE 6(6): e19992.']
Length: 1, dtype: str",Galium,boreale,Rubiaceae,Gentianales
Genista hirsuta,,-0.8415601857027184,2.4158881056500805,"<ArrowStringArray>
['de la Riva, Navarro-Fernandez, Perez-Ramos, Villar, Maranon. Unpublished.']
Length: 1, dtype: str",Genista,hirsuta,Fabaceae,Fabales
Genista triacanthos,,-0.8679173212010655,2.5533958239963295,"<ArrowStringArray>
['de la Riva, Navarro-Fernandez, Perez-Ramos, Villar, Maranon. Unpublished.']
Length: 1, dtype: str",Genista,triacanthos,Fabaceae,Fabales
Gentiana andrewsii,,-1.171182981502945,4.859812404361672,"<ArrowStringArray>
['Craine JM, Froehle J, Tilman DG, Wedin DA, Chapin FS. 2001. The relationships among root and leaf traits of 76 grassland species and relative abundance among fertility and disturbance gradients. Oikos 93: 274-285']
Length: 1, dtype: str",Gentiana,andrewsii,Gentianaceae,Gentianales
Geranium rotundifolium,,-1.3509272172825992,5.428577790382191,"<ArrowStringArray>
['Birouste M, Kazakou E, Blanchard A, Roumet C. 2012. Plant traits and decomposition: are the relationships for roots comparable to those for leaves? Annals of Botany 109: 463-472. ', 'Roumet C, Birouste M, Picon-Cochard C, Ghestem M, Osman N, Vrignon-Brenas S, Cao K-F, Stokes A. 2016. Root structure-function relationships in 74 species: evidence of root economics spectrum related to carbon economy. New Phytologist 210: 815-826.']
Length: 2, dtype: str",Geranium,rotundifolium,Geraniaceae,Geraniales
Gleichenia microphylla,,-1.3093333199837622,3.756538102587751,"<ArrowStringArray>
['Holdaway RJ, Richardson SJ, Dickie IA, Peltzer DA, Coomes DA. 2011. Species- and community-level patterns in fine root traits along a 120 000-year soil chronosequence in temperate rain forest. Journal of Ecology 99: 954-963.']
Length: 1, dtype: str",Gleichenia,microphylla,Gleicheniaceae,Gleicheniales
Gliricidia sepium,,-0.2930296787783762,3.475067230228611,"<ArrowStringArray>
['Rajab YA, Holscher D, Leuschner C, Barus H, Tjoa A, Hertel D. 2018. Effects of shade tree cover and diversity on root system structure and dynamics in cacao agroforests: The role of root competition and space partitioning. Plant Soil 422: 349-369.']
Length: 1, dtype: str",Gliricidia,sepium,Fabaceae,Fabales
Gnetum gnemon,,-1.2039728043259361,4.872904620630176,"<ArrowStringArray>
['Rajab YA, Holscher D, Leuschner C, Barus H, Tjoa A, Hertel D. 2018. Effects of shade tree cover and diversity on root system structure and dynamics in cacao agroforests: The role of root competition and space partitioning. Plant Soil 422: 349-369.']
Length: 1, dtype: str",Gnetum,gnemon,Gnetaceae,Gnetales
Gutierrezia sarothrae,,-1.3238831009984935,4.4387154166359855,"<ArrowStringArray>
['Kembel SW, Cahill JF, Jr. 2011. Independent Evolution of Leaf and Root Traits within and among Temperate Grassland Plant Communities. PLoS ONE 6(6): e19992.']
Length: 1, dtype: str",Gutierrezia,sarothrae,Asteraceae,Asterales
Hakea ceratophylla,,-0.4942963218147801,3.9889840465642745,"<ArrowStringArray>
['Poot P, Lambers H. 2003. Are trade-offs in allocation pattern and root morphology related to species abundance? A congeneric comparison between rare and common species in the south-western Australian flora. Journal of Ecology 91: 58-67.']
Length: 1, dtype: str",Hakea,ceratophylla,Proteaceae,Proteales
Hakea cyclocarpa,,-0.4942963218147801,4.1588830833596715,"<ArrowStringArray>
['Poot P, Lambers H. 2003. Are trade-offs in allocation pattern and root morphology related to species abundance? A congeneric comparison between rare and common species in the south-western Australian flora. Journal of Ecology 91: 58-67.']
Length: 1, dtype: str",Hakea,cyclocarpa,Proteaceae,Proteales
Hakea linearis,,-0.527632742082372,3.8066624897703196,"<ArrowStringArray>
['Poot P, Lambers H. 2003. Are trade-offs in allocation pattern and root morphology related to species abundance? A congeneric comparison between rare and common species in the south-western Australian flora. Journal of Ecology 91: 58-67.']
Length: 1, dtype: str",Hakea,linearis,Proteaceae,Proteales
Hakea lissocarpha,,-0.4942963218147801,4.060443010546419,"<ArrowStringArray>
['Poot P, Lambers H. 2003. Are trade-offs in allocation pattern and root morphology related to species abundance? A congeneric comparison between rare and common species in the south-western Australian flora. Journal of Ecology 91: 58-67.']
Length: 1, dtype: str",Hakea,lissocarpha,Proteaceae,Proteales
Hakea oldfieldii,,-0.616186139423817,4.499809670330265,"<ArrowStringArray>
['Poot P, Lambers H. 2003. Are trade-offs in allocation pattern and root morphology related to species abundance? A congeneric comparison between rare and common species in the south-western Australian flora. Journal of Ecology 91: 58-67.']
Length: 1, dtype: str",Hakea,oldfieldii,Proteaceae,Proteales
Hakea tuberculata,,-0.579818495252942,4.343805421853684,"<ArrowStringArray>
['Poot P, Lambers H. 2003. Are trade-offs in allocation pattern and root morphology related to species abundance? A congeneric comparison between rare and common species in the south-western Australian flora. Journal of Ecology 91: 58-67.']
Length: 1, dtype: str",Hakea,tuberculata,Proteaceae,Proteales
Hakea varia,,-0.5447271754416722,4.02535169073515,"<ArrowStringArray>
['Poot P, Lambers H. 2003. Are trade-offs in allocation pattern and root morphology related to species abundance? A congeneric comparison between rare and common species in the south-western Australian flora. Journal of Ecology 91: 58-67.']
Length: 1, dtype: str",Hakea,varia,Proteaceae,Proteales
Halimium commutatum,,-0.660486398320397,1.881847792780877,"<ArrowStringArray>
['de la Riva, Navarro-Fernandez, Perez-Ramos, Villar, Maranon. Unpublished.']
Length: 1, dtype: str",Halimium,commutatum,Cistaceae,Malvales
Halimium halimifolium,,-0.8786939327095946,2.2403200814738007,"<ArrowStringArray>
['de la Riva, Navarro-Fernandez, Perez-Ramos, Villar, Maranon. Unpublished.']
Length: 1, dtype: str",Halimium,halimifolium,Cistaceae,Malvales
Halocarpus biformis,,-0.446729908986019,2.394426509026899,"<ArrowStringArray>
['Kramer-Walter KR, Bellingham PJ, Millar TR, Smissen RD, Richardson SJ, Laughlin DC. 2016. Root traits are multidimensional: specific root length is independent from root tissue density and the plant economic spectrum. Journal of Ecology 104: 1299-1310.']
Length: 1, dtype: str",Halocarpus,biformis,Podocarpaceae,Pinales
Halocarpus kirkii,,-0.4363367717752515,2.6595837293320734,"<ArrowStringArray>
['Kramer-Walter KR, Bellingham PJ, Millar TR, Smissen RD, Richardson SJ, Laughlin DC. 2016. Root traits are multidimensional: specific root length is independent from root tissue density and the plant economic spectrum. Journal of Ecology 104: 1299-1310.']
Length: 1, dtype: str",Halocarpus,kirkii,Podocarpaceae,Pinales
Handroanthus guayacan,,-0.11118243854320953,2.3960405798500517,"<ArrowStringArray>
['Collins CG, Wright SJ, Wurzburger N. 2016. Root and leaf traits reflect distinct resource acquisition strategies in tropical lianas and trees. Oecologia 180: 1037-1047.']
Length: 1, dtype: str",Handroanthus,guayacan,Bignoniaceae,Lamiales
Haplopappus spinulosus,,-1.1510641486705337,4.751151876003154,"<ArrowStringArray>
['Kembel SW, Cahill JF, Jr. 2011. Independent Evolution of Leaf and Root Traits within and among Temperate Grassland Plant Communities. PLoS ONE 6(6): e19992.']
Length: 1, dtype: str",Haplopappus,spinulosus,Asteraceae,Asterales
Hedeoma hispida,,-1.5141277326297755,5.111987788356544,"<ArrowStringArray>
['Craine JM, Froehle J, Tilman DG, Wedin DA, Chapin FS. 2001. The relationships among root and leaf traits of 76 grassland species and relative abundance among fertility and disturbance gradients. Oikos 93: 274-285']
Length: 1, dtype: str",Hedeoma,hispida,Lamiaceae,Lamiales
Hedera helix,,-0.6044039707255567,2.6615401246560184,"<ArrowStringArray>
['de la Riva, Navarro-Fernandez, Perez-Ramos, Villar, Maranon. Unpublished.']
Length: 1, dtype: str",Hedera,helix,Araliaceae,Apiales
Hedycarya arborea,,-0.05593563233030319,2.606995283041733,"<ArrowStringArray>
['Holdaway RJ, Richardson SJ, Dickie IA, Peltzer DA, Coomes DA. 2011. Species- and community-level patterns in fine root traits along a 120 000-year soil chronosequence in temperate rain forest. Journal of Ecology 99: 954-963.', 'Kramer-Walter KR, Bellingham PJ, Millar TR, Smissen RD, Richardson SJ, Laughlin DC. 2016. Root traits are multidimensional: specific root length is independent from root tissue density and the plant economic spectrum. Journal of Ecology 104: 1299-1310.']
Length: 2, dtype: str",Hedycarya,arborea,Monimiaceae,Laurales
Helianthemum almeriense,,-0.528183741312198,0.925675274184316,"<ArrowStringArray>
['de la Riva, Navarro-Fernandez, Perez-Ramos, Villar, Maranon. Unpublished.']
Length: 1, dtype: str",Helianthemum,almeriense,Cistaceae,Malvales
Helianthemum apenninum,,-1.1464856597707636,4.275281848253369,"<ArrowStringArray>
['Roumet C, Birouste M, Picon-Cochard C, Ghestem M, Osman N, Vrignon-Brenas S, Cao K-F, Stokes A. 2016. Root structure-function relationships in 74 species: evidence of root economics spectrum related to carbon economy. New Phytologist 210: 815-826.', 'Fort F, Volaire F, Guilioni L, Barkaoui K, Navas ML, Roumet C. 2017. Root traits are related to plant water-use among rangeland Mediterranean species. Functional Ecology 31: 1700-1709']
Length: 2, dtype: str",Helianthemum,apenninum,Cistaceae,Malvales
Helianthemum oelandicum,,-0.9465345285408214,3.8838190465245344,"<ArrowStringArray>
['Roumet C, Birouste M, Picon-Cochard C, Ghestem M, Osman N, Vrignon-Brenas S, Cao K-F, Stokes A. 2016. Root structure-function relationships in 74 species: evidence of root economics spectrum related to carbon economy. New Phytologist 210: 815-826.',
                                                                 'Fort F, Volaire F, Guilioni L, Barkaoui K, Navas ML, Roumet C. 2017. Root traits are related to plant water-use among rangeland Mediterranean species. Functional Ecology 31: 1700-1709',
                                                         'Poirier V, Roumet C, Angers DA, Munson AD. 2018. Species and root traits impact macroaggregation in the rhizospheric soil of a Mediterranean common garden experiment. Plant Soil 424: 289-302.']
Length: 3, dtype: str",Helianthemum,oelandicum,Cistaceae,Malvales
Helianthemum syriacum,,-0.7452829349804738,1.3568929599401491,"<ArrowStringArray>
['de la Riva, Navarro-Fernandez, Perez-Ramos, Villar, Maranon. Unpublished.']
Length: 1, dtype: str",Helianthemum,syriacum,Cistaceae,Malvales
Helianthus agrestis,,-0.6488566675108559,5.413118182025214,"<ArrowStringArray>
['Bowsher AW, Mason CM, Goolsby EW, Donavan LA. 2016. Fine root tradeoffs between nitrogen concentration and xylem vessel traits preclude unified whole-plant resource strategies in Helianthus. Ecology and Evolution 6: 1016-1031.']
Length: 1, dtype: str",Helianthus,agrestis,Asteraceae,Asterales
Helianthus angustifolius,,-0.5983864213564506,5.7826039240768505,"<ArrowStringArray>
['Bowsher AW, Mason CM, Goolsby EW, Donavan LA. 2016. Fine root tradeoffs between nitrogen concentration and xylem vessel traits preclude unified whole-plant resource strategies in Helianthus. Ecology and Evolution 6: 1016-1031.']
Length: 1, dtype: str",Helianthus,angustifolius,Asteraceae,Asterales
Helianthus annuus,,-0.5339972407402029,5.49425414742403,"<ArrowStringArray>
['Bowsher AW, Mason CM, Goolsby EW, Donavan LA. 2016. Fine root tradeoffs between nitrogen concentration and xylem vessel traits preclude unified whole-plant resource strategies in Helianthus. Ecology and Evolution 6: 1016-1031.']
Length: 1, dtype: str",Helianthus,annuus,Asteraceae,Asterales
Helianthus argophyllus,,-0.7637472571951524,5.63981268065158,"<ArrowStringArray>
['Bowsher AW, Mason CM, Goolsby EW, Donavan LA. 2016. Fine root tradeoffs between nitrogen concentration and xylem vessel traits preclude unified whole-plant resource strategies in Helianthus. Ecology and Evolution 6: 1016-1031.']
Length: 1, dtype: str",Helianthus,argophyllus,Asteraceae,Asterales
Helianthus atrorubens,,-0.6416097839677622,5.60285655606624,"<ArrowStringArray>
['Bowsher AW, Mason CM, Goolsby EW, Donavan LA. 2016. Fine root tradeoffs between nitrogen concentration and xylem vessel traits preclude unified whole-plant resource strategies in Helianthus. Ecology and Evolution 6: 1016-1031.']
Length: 1, dtype: str",Helianthus,atrorubens,Asteraceae,Asterales
Helianthus carnosus,,-0.4752483078936949,5.6008018408809885,"<ArrowStringArray>
['Bowsher AW, Mason CM, Goolsby EW, Donavan LA. 2016. Fine root tradeoffs between nitrogen concentration and xylem vessel traits preclude unified whole-plant resource strategies in Helianthus. Ecology and Evolution 6: 1016-1031.']
Length: 1, dtype: str",Helianthus,carnosus,Asteraceae,Asterales
Helianthus cusickii,,-0.5165030599496425,5.1800404589569835,"<ArrowStringArray>
['Bowsher AW, Mason CM, Goolsby EW, Donavan LA. 2016. Fine root tradeoffs between nitrogen concentration and xylem vessel traits preclude unified whole-plant resource strategies in Helianthus. Ecology and Evolution 6: 1016-1031.']
Length: 1, dtype: str",Helianthus,cusickii,Asteraceae,Asterales
Helianthus debilis,,-0.8116420645202245,5.774240938304763,"<ArrowStringArray>
['Bowsher AW, Mason CM, Goolsby EW, Donavan LA. 2016. Fine root tradeoffs between nitrogen concentration and xylem vessel traits preclude unified whole-plant resource strategies in Helianthus. Ecology and Evolution 6: 1016-1031.']
Length: 1, dtype: str",Helianthus,debilis,Asteraceae,Asterales
Helianthus floridanus,,-0.4061756504836199,5.50577859046014,"<ArrowStringArray>
['Bowsher AW, Mason CM, Goolsby EW, Donavan LA. 2016. Fine root tradeoffs between nitrogen concentration and xylem vessel traits preclude unified whole-plant resource strategies in Helianthus. Ecology and Evolution 6: 1016-1031.']
Length: 1, dtype: str",Helianthus,floridanus,Asteraceae,Asterales
Helianthus giganteus,,-0.7564867052255949,5.156696196880458,"<ArrowStringArray>
['Craine JM, Froehle J, Tilman DG, Wedin DA, Chapin FS. 2001. The relationships among root and leaf traits of 76 grassland species and relative abundance among fertility and disturbance gradients. Oikos 93: 274-285', 'Bowsher AW, Mason CM, Goolsby EW, Donavan LA. 2016. Fine root tradeoffs between nitrogen concentration and xylem vessel traits preclude unified whole-plant resource strategies in Helianthus. Ecology and Evolution 6: 1016-1031.']
Length: 2, dtype: str",Helianthus,giganteus,Asteraceae,Asterales
Helianthus grosseserratus,,-0.6766220851749594,5.358588984889605,"<ArrowStringArray>
['Bowsher AW, Mason CM, Goolsby EW, Donavan LA. 2016. Fine root tradeoffs between nitrogen concentration and xylem vessel traits preclude unified whole-plant resource strategies in Helianthus. Ecology and Evolution 6: 1016-1031.']
Length: 1, dtype: str",Helianthus,grosseserratus,Asteraceae,Asterales
Helianthus heterophyllus,,-0.45917382781447247,5.604109458172135,"<ArrowStringArray>
['Bowsher AW, Mason CM, Goolsby EW, Donavan LA. 2016. Fine root tradeoffs between nitrogen concentration and xylem vessel traits preclude unified whole-plant resource strategies in Helianthus. Ecology and Evolution 6: 1016-1031.']
Length: 1, dtype: str",Helianthus,heterophyllus,Asteraceae,Asterales
Helianthus longifolius,,-0.7639208367031093,5.85574027569081,"<ArrowStringArray>
['Bowsher AW, Mason CM, Goolsby EW, Donavan LA. 2016. Fine root tradeoffs between nitrogen concentration and xylem vessel traits preclude unified whole-plant resource strategies in Helianthus. Ecology and Evolution 6: 1016-1031.']
Length: 1, dtype: str",Helianthus,longifolius,Asteraceae,Asterales
Helianthus maximiliani,,-0.641252355128475,5.588259383400662,"<ArrowStringArray>
['Bowsher AW, Mason CM, Goolsby EW, Donavan LA. 2016. Fine root tradeoffs between nitrogen concentration and xylem vessel traits preclude unified whole-plant resource strategies in Helianthus. Ecology and Evolution 6: 1016-1031.']
Length: 1, dtype: str",Helianthus,maximiliani,Asteraceae,Asterales
Helianthus mollis,,-0.790852825200569,5.658174741178069,"<ArrowStringArray>
['Bowsher AW, Mason CM, Goolsby EW, Donavan LA. 2016. Fine root tradeoffs between nitrogen concentration and xylem vessel traits preclude unified whole-plant resource strategies in Helianthus. Ecology and Evolution 6: 1016-1031.']
Length: 1, dtype: str",Helianthus,mollis,Asteraceae,Asterales
Helianthus neglectus,,-0.9305335053418341,5.5967724511598815,"<ArrowStringArray>
['Bowsher AW, Mason CM, Goolsby EW, Donavan LA. 2016. Fine root tradeoffs between nitrogen concentration and xylem vessel traits preclude unified whole-plant resource strategies in Helianthus. Ecology and Evolution 6: 1016-1031.']
Length: 1, dtype: str",Helianthus,neglectus,Asteraceae,Asterales
Helianthus niveus,,-0.5583792527602542,5.549348421349137,"<ArrowStringArray>
['Bowsher AW, Mason CM, Goolsby EW, Donavan LA. 2016. Fine root tradeoffs between nitrogen concentration and xylem vessel traits preclude unified whole-plant resource strategies in Helianthus. Ecology and Evolution 6: 1016-1031.']
Length: 1, dtype: str",Helianthus,niveus,Asteraceae,Asterales
Helianthus occidentalis,,-0.7811273685135821,5.692788933181335,"<ArrowStringArray>
['Bowsher AW, Mason CM, Goolsby EW, Donavan LA. 2016. Fine root tradeoffs between nitrogen concentration and xylem vessel traits preclude unified whole-plant resource strategies in Helianthus. Ecology and Evolution 6: 1016-1031.']
Length: 1, dtype: str",Helianthus,occidentalis,Asteraceae,Asterales
Helianthus pauciflorus,,-1.0216512475319814,3.9512437185814275,"<ArrowStringArray>
['Craine JM, Froehle J, Tilman DG, Wedin DA, Chapin FS. 2001. The relationships among root and leaf traits of 76 grassland species and relative abundance among fertility and disturbance gradients. Oikos 93: 274-285']
Length: 1, dtype: str",Helianthus,pauciflorus,Asteraceae,Asterales
Helianthus petiolaris,,-0.7987436685014857,5.6947249118337,"<ArrowStringArray>
['Bowsher AW, Mason CM, Goolsby EW, Donavan LA. 2016. Fine root tradeoffs between nitrogen concentration and xylem vessel traits preclude unified whole-plant resource strategies in Helianthus. Ecology and Evolution 6: 1016-1031.']
Length: 1, dtype: str",Helianthus,petiolaris,Asteraceae,Asterales
Helianthus porteri,,-0.7703298974643312,5.974860797941202,"<ArrowStringArray>
['Bowsher AW, Mason CM, Goolsby EW, Donavan LA. 2016. Fine root tradeoffs between nitrogen concentration and xylem vessel traits preclude unified whole-plant resource strategies in Helianthus. Ecology and Evolution 6: 1016-1031.']
Length: 1, dtype: str",Helianthus,porteri,Asteraceae,Asterales
Helianthus praecox,,-0.8292986425705315,5.948844061271341,"<ArrowStringArray>
['Bowsher AW, Mason CM, Goolsby EW, Donavan LA. 2016. Fine root tradeoffs between nitrogen concentration and xylem vessel traits preclude unified whole-plant resource strategies in Helianthus. Ecology and Evolution 6: 1016-1031.']
Length: 1, dtype: str",Helianthus,praecox,Asteraceae,Asterales
Helianthus radula,,-0.570062640522608,5.563677139995326,"<ArrowStringArray>
['Bowsher AW, Mason CM, Goolsby EW, Donavan LA. 2016. Fine root tradeoffs between nitrogen concentration and xylem vessel traits preclude unified whole-plant resource strategies in Helianthus. Ecology and Evolution 6: 1016-1031.']
Length: 1, dtype: str",Helianthus,radula,Asteraceae,Asterales
Helianthus salicifolius,,-0.9083546435927543,5.513247278087744,"<ArrowStringArray>
['Bowsher AW, Mason CM, Goolsby EW, Donavan LA. 2016. Fine root tradeoffs between nitrogen concentration and xylem vessel traits preclude unified whole-plant resource strategies in Helianthus. Ecology and Evolution 6: 1016-1031.']
Length: 1, dtype: str",Helianthus,salicifolius,Asteraceae,Asterales
Helianthus silphioides,,-0.6064274202529941,5.455534767746079,"<ArrowStringArray>
['Bowsher AW, Mason CM, Goolsby EW, Donavan LA. 2016. Fine root tradeoffs between nitrogen concentration and xylem vessel traits preclude unified whole-plant resource strategies in Helianthus. Ecology and Evolution 6: 1016-1031.']
Length: 1, dtype: str",Helianthus,silphioides,Asteraceae,Asterales
Helianthus verticillatus,,-0.6069735118499393,5.432564128235085,"<ArrowStringArray>
['Bowsher AW, Mason CM, Goolsby EW, Donavan LA. 2016. Fine root tradeoffs between nitrogen concentration and xylem vessel traits preclude unified whole-plant resource strategies in Helianthus. Ecology and Evolution 6: 1016-1031.']
Length: 1, dtype: str",Helianthus,verticillatus,Asteraceae,Asterales
Helichrysum italicum,,-1.1509060833892437,2.91169127715811,"<ArrowStringArray>
['de la Riva, Navarro-Fernandez, Perez-Ramos, Villar, Maranon. Unpublished.']
Length: 1, dtype: str",Helichrysum,italicum,Asteraceae,Asterales
Helichrysum stoechas,,-0.7093781936703626,1.8107268950627968,"<ArrowStringArray>
['de la Riva, Navarro-Fernandez, Perez-Ramos, Villar, Maranon. Unpublished.']
Length: 1, dtype: str",Helichrysum,stoechas,Asteraceae,Asterales
Heliopsis helianthoides,,-0.9675840262617056,4.1588830833596715,"<ArrowStringArray>
['Craine JM, Froehle J, Tilman DG, Wedin DA, Chapin FS. 2001. The relationships among root and leaf traits of 76 grassland species and relative abundance among fertility and disturbance gradients. Oikos 93: 274-285']
Length: 1, dtype: str",Heliopsis,helianthoides,Asteraceae,Asterales
Hesperis matronalis,,-1.8363385126260223,6.077521545790148,"<ArrowStringArray>
['Poon GT, Maherali H. 2015. Competitive interactions between a nonmycorrhizal invasive plant, Alliaria petiolata, and a suite of mycorrhizal grassland, old field, and forest species. PeerJ 3: e1090']
Length: 1, dtype: str",Hesperis,matronalis,Brassicaceae,Brassicales
Heterotheca villosa,,-1.516403046466911,4.649990266460689,"<ArrowStringArray>
['Kembel SW, Cahill JF, Jr. 2011. Independent Evolution of Leaf and Root Traits within and among Temperate Grassland Plant Communities. PLoS ONE 6(6): e19992.']
Length: 1, dtype: str",Heterotheca,villosa,Asteraceae,Asterales
Heuchera richardsonii,,-1.5789087073992776,4.5134432929167865,"<ArrowStringArray>
['Kembel SW, Cahill JF, Jr. 2011. Independent Evolution of Leaf and Root Traits within and among Temperate Grassland Plant Communities. PLoS ONE 6(6): e19992.']
Length: 1, dtype: str",Heuchera,richardsonii,Saxifragaceae,Saxifragales
Hoheria lyallii,,-0.6172449007720592,3.6376550512630836,"<ArrowStringArray>
['Kramer-Walter KR, Bellingham PJ, Millar TR, Smissen RD, Richardson SJ, Laughlin DC. 2016. Root traits are multidimensional: specific root length is independent from root tissue density and the plant economic spectrum. Journal of Ecology 104: 1299-1310.']
Length: 1, dtype: str",Hoheria,lyallii,Malvaceae,Malvales
Hoheria sexstylosa,,-0.24613500752528245,3.1747385806282606,"<ArrowStringArray>
['Kramer-Walter KR, Bellingham PJ, Millar TR, Smissen RD, Richardson SJ, Laughlin DC. 2016. Root traits are multidimensional: specific root length is independent from root tissue density and the plant economic spectrum. Journal of Ecology 104: 1299-1310.']
Length: 1, dtype: str",Hoheria,sexstylosa,Malvaceae,Malvales
Holcus lanatus,,-1.804930353376222,5.832711321341544,"<ArrowStringArray>
[                                                              'Fort F, Jouany C, Cruz P. 2013.Root and leaf functional trait relations in Poaceae species: implications of differing resource-acquisition strategies. Journal of Plant Ecology 6:211-219',
                                                                                    'Hill JO, Simpson RJ, Moore AD, Chapman DF. 2006. Morphology and response of roots of pasture species to phosphorus and nitrogen nutrition. Plant and Soil 286: 7-19.',
                                                                           'Smith SW, Woodin SJ, Pakeman RJ, Johnson D, van der Wal R. 2014. Root traits predict decomposition across a landscape-scale grazing experiment. New Phytologist 203: 851-862.',
 'Roumet C, Birouste M, Picon-Cochard C, Ghestem M, Osman N, Vrignon-Brenas S, Cao K-F, Stokes A. 2016. Root structure-function relationships in 74 species: evidence of root economics spectrum related to carbon economy. New Phytologist 210: 815-826.']
Length: 4, dtype: str",Holcus,lanatus,Poaceae,Poales
Hordeum murinum,,-1.5251787917211486,5.322975965389215,"<ArrowStringArray>
['Hill JO, Simpson RJ, Moore AD, Chapman DF. 2006. Morphology and response of roots of pasture species to phosphorus and nitrogen nutrition. Plant and Soil 286: 7-19.']
Length: 1, dtype: str",Hordeum,murinum,Poaceae,Poales
Hymenoxys richardsonii,,-1.26443077336305,4.235371220014702,"<ArrowStringArray>
['Kembel SW, Cahill JF, Jr. 2011. Independent Evolution of Leaf and Root Traits within and among Temperate Grassland Plant Communities. PLoS ONE 6(6): e19992.']
Length: 1, dtype: str",Hymenoxys,richardsonii,Asteraceae,Asterales
Hypericum perforatum,,-1.7208165004174896,6.446661646330484,"<ArrowStringArray>
['Poon GT, Maherali H. 2015. Competitive interactions between a nonmycorrhizal invasive plant, Alliaria petiolata, and a suite of mycorrhizal grassland, old field, and forest species. PeerJ 3: e1090']
Length: 1, dtype: str",Hypericum,perforatum,Hypericaceae,Malpighiales
Hypobathrum racemosum,,-0.7714871720111968,2.4349198419260096,"<ArrowStringArray>
['Makita N, Kosugi Y, Dannoura M, Takanashi S, Niiyama K, Kassim AR, Nik AR. 2012. Patterns of root respiration rates and morphological traits in 13 tree species in a tropical forest. Tree Physiology 32: 303-312.']
Length: 1, dtype: str",Hypobathrum,racemosum,Rubiaceae,Gentianales
Hypochaeris radicata,,-0.9377697635512792,3.9917579734469997,"<ArrowStringArray>
['Mokany K, Ash J. 2008. Are traits measured on pot grown plants representative of those in natural communities? Journal of Vegetation Science 19: 119-126.']
Length: 1, dtype: str",Hypochaeris,radicata,Asteraceae,Asterales
Ilex macropoda,,-1.171182981502945,4.40745068701404,"<ArrowStringArray>
['Sun L, Kominami Y, Yoshimura K, Kitayama K. 2017. Root-exudate flux variations among four co-existing canopy species in a temperate forest, Japan. Ecological Research 32: 331-339.']
Length: 1, dtype: str",Ilex,macropoda,Aquifoliaceae,Aquifoliales
Ilex pedunculosa,,-1.2039728043259361,4.00369019395397,"<ArrowStringArray>
['Sun L, Kominami Y, Yoshimura K, Kitayama K. 2017. Root-exudate flux variations among four co-existing canopy species in a temperate forest, Japan. Ecological Research 32: 331-339.']
Length: 1, dtype: str",Ilex,pedunculosa,Aquifoliaceae,Aquifoliales
Ilex verticillata,,-0.44926026810783587,3.423506973046555,"<ArrowStringArray>
['Valverde-Barrantes OJ, Smemo KA,  Feinstein LM, Kershner MW, Blackwood CB. 2015. Aggregated and complementary: symmetric proliferation, overyielding, and mass effects explain fine-root biomass in soil patches in a diverse temperate deciduous forest landscape. New Phytologist 205(2): 731-742.']
Length: 1, dtype: str",Ilex,verticillata,Aquifoliaceae,Aquifoliales
Inula conyza,,-0.8818893051568227,5.108910770030852,"<ArrowStringArray>
[                                                                    'Birouste M, Kazakou E, Blanchard A, Roumet C. 2012. Plant traits and decomposition: are the relationships for roots comparable to those for leaves? Annals of Botany 109: 463-472. ',
                                                                      'Roumet C, Lafont F, Sari M, Warembourg F, Garnier E. 2008. Root traits and taxonomic affiliation of nine herbaceous species grown in glasshouse conditions. Plant Soil 312:69-83. ',
 'Roumet C, Birouste M, Picon-Cochard C, Ghestem M, Osman N, Vrignon-Brenas S, Cao K-F, Stokes A. 2016. Root structure-function relationships in 74 species: evidence of root economics spectrum related to carbon economy. New Phytologist 210: 815-826.']
Length: 3, dtype: str",Inula,conyza,Asteraceae,Asterales
Iris versicolor,,-1.2729656758128873,4.77912349311153,"<ArrowStringArray>
['Craine JM, Froehle J, Tilman DG, Wedin DA, Chapin FS. 2001. The relationships among root and leaf traits of 76 grassland species and relative abundance among fertility and disturbance gradients. Oikos 93: 274-285']
Length: 1, dtype: str",Iris,versicolor,Iridaceae,Asparagales
Jasminum fruticans,,-0.7999531848777546,2.6862280519037403,"<ArrowStringArray>
['de la Riva, Navarro-Fernandez, Perez-Ramos, Villar, Maranon. Unpublished.']
Length: 1, dtype: str",Jasminum,fruticans,Oleaceae,Lamiales
Juncus effusus,,-1.155182640156504,3.6723689019869465,"<ArrowStringArray>
['Smith SW, Woodin SJ, Pakeman RJ, Johnson D, van der Wal R. 2014. Root traits predict decomposition across a landscape-scale grazing experiment. New Phytologist 203: 851-862.']
Length: 1, dtype: str",Juncus,effusus,Juncaceae,Poales
Juniperus phoenicea,,-0.6554661135922568,2.083632139845222,"<ArrowStringArray>
['de la Riva, Navarro-Fernandez, Perez-Ramos, Villar, Maranon. Unpublished.']
Length: 1, dtype: str",Juniperus,phoenicea,Cupressaceae,Pinales
Knightia excelsa,,-0.9589894864072704,3.8155490559505125,"<ArrowStringArray>
['Kramer-Walter KR, Bellingham PJ, Millar TR, Smissen RD, Richardson SJ, Laughlin DC. 2016. Root traits are multidimensional: specific root length is independent from root tissue density and the plant economic spectrum. Journal of Ecology 104: 1299-1310.']
Length: 1, dtype: str",Knightia,excelsa,Proteaceae,Proteales
Koeleria macrantha,,-1.77009582763489,4.825694901543437,"<ArrowStringArray>
['Kembel SW, Cahill JF, Jr. 2011. Independent Evolution of Leaf and Root Traits within and among Temperate Grassland Plant Communities. PLoS ONE 6(6): e19992.']
Length: 1, dtype: str",Koeleria,macrantha,Poaceae,Poales
Koeleria pyramidata,,-1.099255783666613,4.111387138818783,"<ArrowStringArray>
['Craine JM, Froehle J, Tilman DG, Wedin DA, Chapin FS. 2001. The relationships among root and leaf traits of 76 grassland species and relative abundance among fertility and disturbance gradients. Oikos 93: 274-285', 'Craine J. Unpublished data.']
Length: 2, dtype: str",Koeleria,pyramidata,Poaceae,Poales
Koeleria vallesiana,,-1.2531959867342348,4.52323665416606,"<ArrowStringArray>
['Roumet C, Birouste M, Picon-Cochard C, Ghestem M, Osman N, Vrignon-Brenas S, Cao K-F, Stokes A. 2016. Root structure-function relationships in 74 species: evidence of root economics spectrum related to carbon economy. New Phytologist 210: 815-826.',
                                                                 'Fort F, Volaire F, Guilioni L, Barkaoui K, Navas ML, Roumet C. 2017. Root traits are related to plant water-use among rangeland Mediterranean species. Functional Ecology 31: 1700-1709',
                                                         'Poirier V, Roumet C, Angers DA, Munson AD. 2018. Species and root traits impact macroaggregation in the rhizospheric soil of a Mediterranean common garden experiment. Plant Soil 424: 289-302.']
Length: 3, dtype: str",Koeleria,vallesiana,Poaceae,Poales
Kunzea ericoides,,-0.6225334012319539,3.6755373147169257,"<ArrowStringArray>
['Kramer-Walter KR, Bellingham PJ, Millar TR, Smissen RD, Richardson SJ, Laughlin DC. 2016. Root traits are multidimensional: specific root length is independent from root tissue density and the plant economic spectrum. Journal of Ecology 104: 1299-1310.']
Length: 1, dtype: str",Kunzea,ericoides,Myrtaceae,Myrtales
Lactuca tatarica,,-1.0896773246105305,4.34629184061853,"<ArrowStringArray>
['Kembel SW, Cahill JF, Jr. 2011. Independent Evolution of Leaf and Root Traits within and among Temperate Grassland Plant Communities. PLoS ONE 6(6): e19992.']
Length: 1, dtype: str",Lactuca,tatarica,Asteraceae,Asterales
Lansium parasiticum,,-0.6931471805599453,3.039749158970765,"<ArrowStringArray>
['Rajab YA, Holscher D, Leuschner C, Barus H, Tjoa A, Hertel D. 2018. Effects of shade tree cover and diversity on root system structure and dynamics in cacao agroforests: The role of root competition and space partitioning. Plant Soil 422: 349-369.']
Length: 1, dtype: str",Lansium,parasiticum,Meliaceae,Sapindales
Larix decidua,,-0.6838571336528526,3.13824405484261,"<ArrowStringArray>
['Withington JM, Reich PB, Oleksyn J, Eissenstat DM. 2006. Comparisons of structure and life span in roots and leaves among temperate trees. Ecological Monographs 76: 381-397.', 'Liese R, Alings K, Meier IC. 2017. Root branching is a leading root trait of the plant economics spectrum in temperate trees. Frontiers in Plant Science 8:315.']
Length: 2, dtype: str",Larix,decidua,Pinaceae,Pinales
Larix kaempferi,,-0.4462871026284195,2.7847025526232927,"<ArrowStringArray>
['Yin L, Dijkstra FA, Wang P, Zhu B, Cheng W. 2018. Rhizosphere priming effects on soil carbon and nitrogen dynamics among tree species with and without intraspecific competition. New Phytologist , in press.']
Length: 1, dtype: str",Larix,kaempferi,Pinaceae,Pinales
Lathyrus venosus,,-0.9875182411625228,3.84651487154136,"<ArrowStringArray>
['Kembel SW, Cahill JF, Jr. 2011. Independent Evolution of Leaf and Root Traits within and among Temperate Grassland Plant Communities. PLoS ONE 6(6): e19992.']
Length: 1, dtype: str",Lathyrus,venosus,Fabaceae,Fabales
Launaea arborescens,,-0.9779666873982497,1.8622937900490932,"<ArrowStringArray>
['de la Riva, Navarro-Fernandez, Perez-Ramos, Villar, Maranon. Unpublished.']
Length: 1, dtype: str",Launaea,arborescens,Asteraceae,Asterales
Laurelia novae-zelandiae,,-0.04908520769049141,2.371936588214485,"<ArrowStringArray>
['Kramer-Walter KR, Bellingham PJ, Millar TR, Smissen RD, Richardson SJ, Laughlin DC. 2016. Root traits are multidimensional: specific root length is independent from root tissue density and the plant economic spectrum. Journal of Ecology 104: 1299-1310.']
Length: 1, dtype: str",Laurelia,novae-zelandiae,Atherospermataceae,Laurales
Lavandula multifida,,-1.0219174866741803,2.8012134656292926,"<ArrowStringArray>
['de la Riva, Navarro-Fernandez, Perez-Ramos, Villar, Maranon. Unpublished.']
Length: 1, dtype: str",Lavandula,multifida,Lamiaceae,Lamiales
Leiospermum racemosum,,-1.4696759700589417,3.7256934272366524,"<ArrowStringArray>
['Holdaway RJ, Richardson SJ, Dickie IA, Peltzer DA, Coomes DA. 2011. Species- and community-level patterns in fine root traits along a 120 000-year soil chronosequence in temperate rain forest. Journal of Ecology 99: 954-963.']
Length: 1, dtype: str",Leiospermum,racemosum,Cunoniaceae,Oxalidales
Leontopodium nanum,,-1.6094379124341003,-0.9673735221034713,"<ArrowStringArray>
['Hong J, Ma X, Yan Y, Zhang X, Wang X. 2017. Which root traits determine nitrogen uptake by alpine plant species on the Tibetan Plateau? Plant Soil, in press. ']
Length: 1, dtype: str",Leontopodium,nanum,Asteraceae,Asterales
Lepidium densiflorum,,-1.7984820149888818,4.559569288282495,"<ArrowStringArray>
['Kembel SW, Cahill JF, Jr. 2011. Independent Evolution of Leaf and Root Traits within and among Temperate Grassland Plant Communities. PLoS ONE 6(6): e19992.']
Length: 1, dtype: str",Lepidium,densiflorum,Brassicaceae,Brassicales
Lepidothamnus intermedius,,-1.2378743560016174,3.068052935133617,"<ArrowStringArray>
['Holdaway RJ, Richardson SJ, Dickie IA, Peltzer DA, Coomes DA. 2011. Species- and community-level patterns in fine root traits along a 120 000-year soil chronosequence in temperate rain forest. Journal of Ecology 99: 954-963.']
Length: 1, dtype: str",Lepidothamnus,intermedius,Podocarpaceae,Pinales
Leptecophylla juniperina,,-2.3025850929940455,4.853591544486569,"<ArrowStringArray>
['Holdaway RJ, Richardson SJ, Dickie IA, Peltzer DA, Coomes DA. 2011. Species- and community-level patterns in fine root traits along a 120 000-year soil chronosequence in temperate rain forest. Journal of Ecology 99: 954-963.']
Length: 1, dtype: str",Leptecophylla,juniperina,Ericaceae,Ericales
Leptospermum scoparium,,-1.0209570441025055,4.570324634660773,"<ArrowStringArray>
['Holdaway RJ, Richardson SJ, Dickie IA, Peltzer DA, Coomes DA. 2011. Species- and community-level patterns in fine root traits along a 120 000-year soil chronosequence in temperate rain forest. Journal of Ecology 99: 954-963.', 'Kramer-Walter KR, Bellingham PJ, Millar TR, Smissen RD, Richardson SJ, Laughlin DC. 2016. Root traits are multidimensional: specific root length is independent from root tissue density and the plant economic spectrum. Journal of Ecology 104: 1299-1310.']
Length: 2, dtype: str",Leptospermum,scoparium,Myrtaceae,Myrtales
Lespedeza capitata,,-0.9942522733438669,4.290459441148391,"<ArrowStringArray>
['Craine JM, Froehle J, Tilman DG, Wedin DA, Chapin FS. 2001. The relationships among root and leaf traits of 76 grassland species and relative abundance among fertility and disturbance gradients. Oikos 93: 274-285']
Length: 1, dtype: str",Lespedeza,capitata,Fabaceae,Fabales
Lespedeza davidii,,-0.7550225842780328,5.209486152841421,"<ArrowStringArray>
['Fu X, Wang J, Wang H, Dai X, Yang F, Zhao M. 2016. Response of the fine root production, phenology, and turnover rate of six shrub species from a subtropical forest to a soil moisture gradient and shading. Plant Soil 399: 135-146. ']
Length: 1, dtype: str",Lespedeza,davidii,Fabaceae,Fabales
Lespedeza davurica,,-1.171182981502945,3.6942400603560324,"<ArrowStringArray>
['Zhou M, Wang J, Bai W, Zhang Y, Zhang W-H. 2019. The response of root traits to precipitation change of herbaceous species in temperate steppes. Functional Ecology, in press.']
Length: 1, dtype: str",Lespedeza,davurica,Fabaceae,Fabales
Leucaena Leucocephala,,-0.6286086594223742,3.0220495818713644,"<ArrowStringArray>
['Rajab YA, Holscher D, Leuschner C, Barus H, Tjoa A, Hertel D. 2018. Effects of shade tree cover and diversity on root system structure and dynamics in cacao agroforests: The role of root competition and space partitioning. Plant Soil 422: 349-369.']
Length: 1, dtype: str",Leucaena,Leucocephala,Fabaceae,Fabales
Leucanthemum vulgare,,-1.322155920003659,5.469632869487687,"<ArrowStringArray>
['Poon GT, Maherali H. 2015. Competitive interactions between a nonmycorrhizal invasive plant, Alliaria petiolata, and a suite of mycorrhizal grassland, old field, and forest species. PeerJ 3: e1090']
Length: 1, dtype: str",Leucanthemum,vulgare,Asteraceae,Asterales
Leymus chinensis,,-1.4784096500276962,4.652635663623805,"<ArrowStringArray>
['Zhou M, Wang J, Bai W, Zhang Y, Zhang W-H. 2019. The response of root traits to precipitation change of herbaceous species in temperate steppes. Functional Ecology, in press.']
Length: 1, dtype: str",Leymus,chinensis,Poaceae,Poales
Liatris aspera,,-0.7985076962177716,4.382026634673881,"<ArrowStringArray>
['Craine JM, Froehle J, Tilman DG, Wedin DA, Chapin FS. 2001. The relationships among root and leaf traits of 76 grassland species and relative abundance among fertility and disturbance gradients. Oikos 93: 274-285']
Length: 1, dtype: str",Liatris,aspera,Asteraceae,Asterales
Lindera benzoin,,-0.32877255752628815,2.547008672983871,"<ArrowStringArray>
['Comas LH, Eissenstat DM. 2009. Patterns in root trait variation among 25 co-existing North American forest species. New Phytologist 182: 919-928.', 'Caplan JS, Stone BWG, Faillace CA, Lafond JJ, Baumgarten JM, Mozdzer TJ, Dighton J, Meiners SJ, Grabosky JC, Ehrenfeld JG. 2017. Nutrient foraging strategies are associated with productivity and population growth in forest shrubs. Annals of Botany 119: 977-988.']
Length: 2, dtype: str",Lindera,benzoin,Lauraceae,Laurales
Linum lewisii,,-1.3145319948929999,4.093923640313569,"<ArrowStringArray>
['Kembel SW, Cahill JF, Jr. 2011. Independent Evolution of Leaf and Root Traits within and among Temperate Grassland Plant Communities. PLoS ONE 6(6): e19992.']
Length: 1, dtype: str",Linum,lewisii,Linaceae,Malpighiales
Lithocarpus clementianus,,-0.8480481417779078,3.385169620584958,"<ArrowStringArray>
['Ushio M, Fujiki Y, Hidaka A, Kitayama K. 2015. Linkage of root physiology and morphology as an adaptation to soil phosphorus impoverishment in tropical montane forests. Functional Ecology 29: 1235-1245.']
Length: 1, dtype: str",Lithocarpus,clementianus,Fagaceae,Fagales
Lithocarpus confertus,,-0.6655320135269719,3.01950739220476,"<ArrowStringArray>
['Ushio M, Fujiki Y, Hidaka A, Kitayama K. 2015. Linkage of root physiology and morphology as an adaptation to soil phosphorus impoverishment in tropical montane forests. Functional Ecology 29: 1235-1245.']
Length: 1, dtype: str",Lithocarpus,confertus,Fagaceae,Fagales
Lithocarpus lampadarius,,-0.6866682144622362,2.9859786108603728,"<ArrowStringArray>
['Ushio M, Fujiki Y, Hidaka A, Kitayama K. 2015. Linkage of root physiology and morphology as an adaptation to soil phosphorus impoverishment in tropical montane forests. Functional Ecology 29: 1235-1245.']
Length: 1, dtype: str",Lithocarpus,lampadarius,Fagaceae,Fagales
Lithocarpus rigidus,,-0.5811586786118981,2.732385026117004,"<ArrowStringArray>
['Ushio M, Fujiki Y, Hidaka A, Kitayama K. 2015. Linkage of root physiology and morphology as an adaptation to soil phosphorus impoverishment in tropical montane forests. Functional Ecology 29: 1235-1245.']
Length: 1, dtype: str",Lithocarpus,rigidus,Fagaceae,Fagales
Lobelia siphilitica,,-1.670887874750323,6.215416816801312,"<ArrowStringArray>
['Poon GT, Maherali H. 2015. Competitive interactions between a nonmycorrhizal invasive plant, Alliaria petiolata, and a suite of mycorrhizal grassland, old field, and forest species. PeerJ 3: e1090']
Length: 1, dtype: str",Lobelia,siphilitica,Campanulaceae,Asterales
Lolium multiflorum,,-1.0498221244986778,5.645446897643238,"<ArrowStringArray>
['Roumet C, Lafont F, Sari M, Warembourg F, Garnier E. 2008. Root traits and taxonomic affiliation of nine herbaceous species grown in glasshouse conditions. Plant Soil 312:69-83. ']
Length: 1, dtype: str",Lolium,multiflorum,Poaceae,Poales
Lolium perenne,,-1.419276794624461,5.380603529331644,"<ArrowStringArray>
[                                                              'Fort F, Jouany C, Cruz P. 2013.Root and leaf functional trait relations in Poaceae species: implications of differing resource-acquisition strategies. Journal of Plant Ecology 6:211-219',
 'Roumet C, Birouste M, Picon-Cochard C, Ghestem M, Osman N, Vrignon-Brenas S, Cao K-F, Stokes A. 2016. Root structure-function relationships in 74 species: evidence of root economics spectrum related to carbon economy. New Phytologist 210: 815-826.',
                                                                                                                                                                                                                                 'Comas - Pasture species']
Length: 3, dtype: str",Lolium,perenne,Poaceae,Poales
Lolium rigidum,,-1.6419560886563702,5.541041358744827,"<ArrowStringArray>
['Hill JO, Simpson RJ, Moore AD, Chapman DF. 2006. Morphology and response of roots of pasture species to phosphorus and nitrogen nutrition. Plant and Soil 286: 7-19.']
Length: 1, dtype: str",Lolium,rigidum,Poaceae,Poales
Lomandra filiformis,,-0.6635883783184009,3.1654750481410856,"<ArrowStringArray>
['Mokany K, Ash J. 2008. Are traits measured on pot grown plants representative of those in natural communities? Journal of Vegetation Science 19: 119-126.']
Length: 1, dtype: str",Lomandra,filiformis,Asparagaceae,Asparagales
Lonicera maackii,,-1.3618199759166192,3.417016919112529,"<ArrowStringArray>
['Caplan JS, Stone BWG, Faillace CA, Lafond JJ, Baumgarten JM, Mozdzer TJ, Dighton J, Meiners SJ, Grabosky JC, Ehrenfeld JG. 2017. Nutrient foraging strategies are associated with productivity and population growth in forest shrubs. Annals of Botany 119: 977-988.']
Length: 1, dtype: str",Lonicera,maackii,Caprifoliaceae,Dipsacales
Loropetalum chinense,,-0.5621189181535413,4.51085950651685,"<ArrowStringArray>
['Fu X, Wang J, Wang H, Dai X, Yang F, Zhao M. 2016. Response of the fine root production, phenology, and turnover rate of six shrub species from a subtropical forest to a soil moisture gradient and shading. Plant Soil 399: 135-146. ']
Length: 1, dtype: str",Loropetalum,chinense,Hamamelidaceae,Saxifragales
Lotus corniculatus,,-0.8220255618634535,5.007580493301723,"<ArrowStringArray>
[   'Yang Z, Culvenor RA, Haling RE, Stefanski A, Ryan MH, Sandral GA, Kidd DR, Lambers H, Simpson RJ. 2015. Variation in root traits associated with nutrient foraging among temperate legumes and grasses. Grass and Forage Science, early view article',
 'Roumet C, Birouste M, Picon-Cochard C, Ghestem M, Osman N, Vrignon-Brenas S, Cao K-F, Stokes A. 2016. Root structure-function relationships in 74 species: evidence of root economics spectrum related to carbon economy. New Phytologist 210: 815-826.',
                                                                 'Fort F, Volaire F, Guilioni L, Barkaoui K, Navas ML, Roumet C. 2017. Root traits are related to plant water-use among rangeland Mediterranean species. Functional Ecology 31: 1700-1709',
                                                                                                                                                                                                                                 'Comas - Pasture species']
Length: 4, dtype: str",Lotus,corniculatus,Fabaceae,Fabales
Lotus tenuis,,-0.6539264674066639,4.709530201312334,"<ArrowStringArray>
['Roumet C, Lafont F, Sari M, Warembourg F, Garnier E. 2008. Root traits and taxonomic affiliation of nine herbaceous species grown in glasshouse conditions. Plant Soil 312:69-83. ']
Length: 1, dtype: str",Lotus,tenuis,Fabaceae,Fabales
Lupinus perennis,,-1.0788096613719298,4.762173934797756,"<ArrowStringArray>
['Craine JM, Froehle J, Tilman DG, Wedin DA, Chapin FS. 2001. The relationships among root and leaf traits of 76 grassland species and relative abundance among fertility and disturbance gradients. Oikos 93: 274-285']
Length: 1, dtype: str",Lupinus,perennis,Fabaceae,Fabales
Luzula sylvatica,,-0.9493305859523552,4.280824129164719,"<ArrowStringArray>
['Roumet C, Birouste M, Picon-Cochard C, Ghestem M, Osman N, Vrignon-Brenas S, Cao K-F, Stokes A. 2016. Root structure-function relationships in 74 species: evidence of root economics spectrum related to carbon economy. New Phytologist 210: 815-826.']
Length: 1, dtype: str",Luzula,sylvatica,Juncaceae,Poales
Lycopodium volubile,,-0.8209805520698302,4.0163830207523885,"<ArrowStringArray>
['Holdaway RJ, Richardson SJ, Dickie IA, Peltzer DA, Coomes DA. 2011. Species- and community-level patterns in fine root traits along a 120 000-year soil chronosequence in temperate rain forest. Journal of Ecology 99: 954-963.']
Length: 1, dtype: str",Lycopodium,volubile,Lycopodiaceae,Lycopodiales
Lysimachia nemorum,,-0.7635696448564911,4.456206032848133,"<ArrowStringArray>
['Roumet C, Birouste M, Picon-Cochard C, Ghestem M, Osman N, Vrignon-Brenas S, Cao K-F, Stokes A. 2016. Root structure-function relationships in 74 species: evidence of root economics spectrum related to carbon economy. New Phytologist 210: 815-826.']
Length: 1, dtype: str",Lysimachia,nemorum,Primulaceae,Ericales
Madhuca endertii,,-0.22752814963203385,2.199416617504179,"<ArrowStringArray>
['Ushio M, Fujiki Y, Hidaka A, Kitayama K. 2015. Linkage of root physiology and morphology as an adaptation to soil phosphorus impoverishment in tropical montane forests. Functional Ecology 29: 1235-1245.']
Length: 1, dtype: str",Madhuca,endertii,Sapotaceae,Ericales
Magnolia carsonii,,-0.16193086714622057,2.520012337312146,"<ArrowStringArray>
['Ushio M, Fujiki Y, Hidaka A, Kitayama K. 2015. Linkage of root physiology and morphology as an adaptation to soil phosphorus impoverishment in tropical montane forests. Functional Ecology 29: 1235-1245.']
Length: 1, dtype: str",Magnolia,carsonii,Magnoliaceae,Magnoliales
Manoao colensoi,,-0.7550225842780328,2.9391619220655967,"<ArrowStringArray>
['Holdaway RJ, Richardson SJ, Dickie IA, Peltzer DA, Coomes DA. 2011. Species- and community-level patterns in fine root traits along a 120 000-year soil chronosequence in temperate rain forest. Journal of Ecology 99: 954-963.']
Length: 1, dtype: str",Manoao,colensoi,Podocarpaceae,Pinales
Maytenus arbutifolia,,-0.6539264674066639,2.7650604558189897,"<ArrowStringArray>
['Assefa D, Godbold DL, Belay B, Abiya A, Rewald B. 2018. Fine root morphology, biochemistry and litter quality indices of fast- and slow-growing woody species in Ethiopian highland forest. Ecosystems 21: 482-494.']
Length: 1, dtype: str",Maytenus,arbutifolia,Celastraceae,Celastrales
Maytenus schippii,,-0.29536004344466127,1.9193782260458543,"<ArrowStringArray>
['Collins CG, Wright SJ, Wurzburger N. 2016. Root and leaf traits reflect distinct resource acquisition strategies in tropical lianas and trees. Oecologia 180: 1037-1047.']
Length: 1, dtype: str",Maytenus,schippii,Celastraceae,Celastrales
Medicago minima,,-1.2006450142332614,5.35413043136725,"<ArrowStringArray>
[                                                                    'Birouste M, Kazakou E, Blanchard A, Roumet C. 2012. Plant traits and decomposition: are the relationships for roots comparable to those for leaves? Annals of Botany 109: 463-472. ',
                                                                      'Roumet C, Lafont F, Sari M, Warembourg F, Garnier E. 2008. Root traits and taxonomic affiliation of nine herbaceous species grown in glasshouse conditions. Plant Soil 312:69-83. ',
 'Roumet C, Birouste M, Picon-Cochard C, Ghestem M, Osman N, Vrignon-Brenas S, Cao K-F, Stokes A. 2016. Root structure-function relationships in 74 species: evidence of root economics spectrum related to carbon economy. New Phytologist 210: 815-826.']
Length: 3, dtype: str",Medicago,minima,Fabaceae,Fabales
Medicago ruthenica,,-1.3470736479666092,4.1892000932347795,"<ArrowStringArray>
['Zhou M, Wang J, Bai W, Zhang Y, Zhang W-H. 2019. The response of root traits to precipitation change of herbaceous species in temperate steppes. Functional Ecology, in press.']
Length: 1, dtype: str",Medicago,ruthenica,Fabaceae,Fabales
Medicago sativa,,-1.1085270226048554,5.505876391130344,"<ArrowStringArray>
['Yang Z, Culvenor RA, Haling RE, Stefanski A, Ryan MH, Sandral GA, Kidd DR, Lambers H, Simpson RJ. 2015. Variation in root traits associated with nutrient foraging among temperate legumes and grasses. Grass and Forage Science, early view article', 'Comas - Pasture species']
Length: 2, dtype: str",Medicago,sativa,Fabaceae,Fabales
Melicytus ramiflorus,,-0.7467765347450437,4.038309379748019,"<ArrowStringArray>
['Holdaway RJ, Richardson SJ, Dickie IA, Peltzer DA, Coomes DA. 2011. Species- and community-level patterns in fine root traits along a 120 000-year soil chronosequence in temperate rain forest. Journal of Ecology 99: 954-963.', 'Kramer-Walter KR, Bellingham PJ, Millar TR, Smissen RD, Richardson SJ, Laughlin DC. 2016. Root traits are multidimensional: specific root length is independent from root tissue density and the plant economic spectrum. Journal of Ecology 104: 1299-1310.']
Length: 2, dtype: str",Melicytus,ramiflorus,Violaceae,Malpighiales
Melilotus officinalis,,-1.2378743560016174,4.605170185988092,"<ArrowStringArray>
['Craine JM, Froehle J, Tilman DG, Wedin DA, Chapin FS. 2001. The relationships among root and leaf traits of 76 grassland species and relative abundance among fertility and disturbance gradients. Oikos 93: 274-285']
Length: 1, dtype: str",Melilotus,officinalis,Fabaceae,Fabales
Merremia umbellata,,-0.6500876910994983,3.455685566946225,"<ArrowStringArray>
['Roumet C, Birouste M, Picon-Cochard C, Ghestem M, Osman N, Vrignon-Brenas S, Cao K-F, Stokes A. 2016. Root structure-function relationships in 74 species: evidence of root economics spectrum related to carbon economy. New Phytologist 210: 815-826.']
Length: 1, dtype: str",Merremia,umbellata,Convolvulaceae,Solanales
Metrosideros diffusa,,-1.7719568419318752,4.439115601658009,"<ArrowStringArray>
['Holdaway RJ, Richardson SJ, Dickie IA, Peltzer DA, Coomes DA. 2011. Species- and community-level patterns in fine root traits along a 120 000-year soil chronosequence in temperate rain forest. Journal of Ecology 99: 954-963.']
Length: 1, dtype: str",Metrosideros,diffusa,Myrtaceae,Myrtales
Metrosideros excelsa,,-0.7215809492224928,3.1890902893846174,"<ArrowStringArray>
['Kramer-Walter KR, Bellingham PJ, Millar TR, Smissen RD, Richardson SJ, Laughlin DC. 2016. Root traits are multidimensional: specific root length is independent from root tissue density and the plant economic spectrum. Journal of Ecology 104: 1299-1310.']
Length: 1, dtype: str",Metrosideros,excelsa,Myrtaceae,Myrtales
Metrosideros fulgens,,-1.6607312068216509,4.33729074083249,"<ArrowStringArray>
['Holdaway RJ, Richardson SJ, Dickie IA, Peltzer DA, Coomes DA. 2011. Species- and community-level patterns in fine root traits along a 120 000-year soil chronosequence in temperate rain forest. Journal of Ecology 99: 954-963.']
Length: 1, dtype: str",Metrosideros,fulgens,Myrtaceae,Myrtales
Metrosideros robusta,,-0.8516740887881828,3.8622916936231837,"<ArrowStringArray>
['Kramer-Walter KR, Bellingham PJ, Millar TR, Smissen RD, Richardson SJ, Laughlin DC. 2016. Root traits are multidimensional: specific root length is independent from root tissue density and the plant economic spectrum. Journal of Ecology 104: 1299-1310.']
Length: 1, dtype: str",Metrosideros,robusta,Myrtaceae,Myrtales
Metrosideros umbellata,,-1.0356374895067213,3.4657359027997265,"<ArrowStringArray>
['Holdaway RJ, Richardson SJ, Dickie IA, Peltzer DA, Coomes DA. 2011. Species- and community-level patterns in fine root traits along a 120 000-year soil chronosequence in temperate rain forest. Journal of Ecology 99: 954-963.', 'Kramer-Walter KR, Bellingham PJ, Millar TR, Smissen RD, Richardson SJ, Laughlin DC. 2016. Root traits are multidimensional: specific root length is independent from root tissue density and the plant economic spectrum. Journal of Ecology 104: 1299-1310.']
Length: 2, dtype: str",Metrosideros,umbellata,Myrtaceae,Myrtales
Molinia caerulea,,-1.2378743560016174,3.332025922800857,"<ArrowStringArray>
['Smith SW, Woodin SJ, Pakeman RJ, Johnson D, van der Wal R. 2014. Root traits predict decomposition across a landscape-scale grazing experiment. New Phytologist 203: 851-862.']
Length: 1, dtype: str",Molinia,caerulea,Poaceae,Poales
Monarda fistulosa,,-1.171182981502945,4.795790545596741,"<ArrowStringArray>
['Craine JM, Froehle J, Tilman DG, Wedin DA, Chapin FS. 2001. The relationships among root and leaf traits of 76 grassland species and relative abundance among fertility and disturbance gradients. Oikos 93: 274-285']
Length: 1, dtype: str",Monarda,fistulosa,Lamiaceae,Lamiales
Musineon divaricatum,,-0.6659211943063538,3.5699012105435526,"<ArrowStringArray>
['Kembel SW, Cahill JF, Jr. 2011. Independent Evolution of Leaf and Root Traits within and among Temperate Grassland Plant Communities. PLoS ONE 6(6): e19992.']
Length: 1, dtype: str",Musineon,divaricatum,Apiaceae,Apiales
Myrsine coriacea,,-0.7367508180420773,3.3762833229293965,"<ArrowStringArray>
['Kramer-Walter KR, Bellingham PJ, Millar TR, Smissen RD, Richardson SJ, Laughlin DC. 2016. Root traits are multidimensional: specific root length is independent from root tissue density and the plant economic spectrum. Journal of Ecology 104: 1299-1310.']
Length: 1, dtype: str",Myrsine,coriacea,Primulaceae,Ericales
Myrtus communis,,-0.8600876353155976,2.3155834521037053,"<ArrowStringArray>
['de la Riva, Navarro-Fernandez, Perez-Ramos, Villar, Maranon. Unpublished.']
Length: 1, dtype: str",Myrtus,communis,Myrtaceae,Myrtales
Mytilaria laosensis,,-0.916290731874155,3.7524409356036807,"<ArrowStringArray>
['Liu R, Huang Z, McCormack ML, Zhou X, Wan X, Yu Z, Wang M, Zheng L. 2017. Plasticity of fine-root functional traits in the litter layer in response to nitrogen addition in a subtropical forest plantation. Plant Soil 415: 317-330']
Length: 1, dtype: str",Mytilaria,laosensis,Hamamelidaceae,Saxifragales
Nardus stricta,,-1.1530684744641684,3.6251406131469297,"<ArrowStringArray>
['Smith SW, Woodin SJ, Pakeman RJ, Johnson D, van der Wal R. 2014. Root traits predict decomposition across a landscape-scale grazing experiment. New Phytologist 203: 851-862.', 'Roumet C, Birouste M, Picon-Cochard C, Ghestem M, Osman N, Vrignon-Brenas S, Cao K-F, Stokes A. 2016. Root structure-function relationships in 74 species: evidence of root economics spectrum related to carbon economy. New Phytologist 210: 815-826.']
Length: 2, dtype: str",Nardus,stricta,Poaceae,Poales
Nassella viridula,,-1.4407505469159494,4.005383297618432,"<ArrowStringArray>
['Kembel SW, Cahill JF, Jr. 2011. Independent Evolution of Leaf and Root Traits within and among Temperate Grassland Plant Communities. PLoS ONE 6(6): e19992.']
Length: 1, dtype: str",Nassella,viridula,Poaceae,Poales
Neomyrtus pedunculata,,-1.5606477482646683,3.744787086052232,"<ArrowStringArray>
['Holdaway RJ, Richardson SJ, Dickie IA, Peltzer DA, Coomes DA. 2011. Species- and community-level patterns in fine root traits along a 120 000-year soil chronosequence in temperate rain forest. Journal of Ecology 99: 954-963.']
Length: 1, dtype: str",Neomyrtus,pedunculata,Myrtaceae,Myrtales
Neopanax arboreus,,-0.2453709015909429,2.884487803959676,"<ArrowStringArray>
['Kramer-Walter KR, Bellingham PJ, Millar TR, Smissen RD, Richardson SJ, Laughlin DC. 2016. Root traits are multidimensional: specific root length is independent from root tissue density and the plant economic spectrum. Journal of Ecology 104: 1299-1310.']
Length: 1, dtype: str",Neopanax,arboreus,Araliaceae,Apiales
Neopanax colensoi,,-0.8209805520698302,3.104586678466073,"<ArrowStringArray>
['Holdaway RJ, Richardson SJ, Dickie IA, Peltzer DA, Coomes DA. 2011. Species- and community-level patterns in fine root traits along a 120 000-year soil chronosequence in temperate rain forest. Journal of Ecology 99: 954-963.']
Length: 1, dtype: str",Neopanax,colensoi,Araliaceae,Apiales
Nerium oleander,,-0.7908886461457182,2.6517353083394815,"<ArrowStringArray>
['de la Riva, Navarro-Fernandez, Perez-Ramos, Villar, Maranon. Unpublished.']
Length: 1, dtype: str",Nerium,oleander,Apocynaceae,Gentianales
Nestegis lanceolata,,-0.29476161886174657,2.3945741502437707,"<ArrowStringArray>
['Kramer-Walter KR, Bellingham PJ, Millar TR, Smissen RD, Richardson SJ, Laughlin DC. 2016. Root traits are multidimensional: specific root length is independent from root tissue density and the plant economic spectrum. Journal of Ecology 104: 1299-1310.']
Length: 1, dtype: str",Nestegis,lanceolata,Oleaceae,Lamiales
Nothofagus fusca,,-1.1821705436429357,4.035806379416535,"<ArrowStringArray>
['Kramer-Walter KR, Bellingham PJ, Millar TR, Smissen RD, Richardson SJ, Laughlin DC. 2016. Root traits are multidimensional: specific root length is independent from root tissue density and the plant economic spectrum. Journal of Ecology 104: 1299-1310.']
Length: 1, dtype: str",Nothofagus,fusca,Nothofagaceae,Fagales
Nothofagus menziesii,,-1.1839523358351252,3.7903915385757774,"<ArrowStringArray>
['Kramer-Walter KR, Bellingham PJ, Millar TR, Smissen RD, Richardson SJ, Laughlin DC. 2016. Root traits are multidimensional: specific root length is independent from root tissue density and the plant economic spectrum. Journal of Ecology 104: 1299-1310.']
Length: 1, dtype: str",Nothofagus,menziesii,Nothofagaceae,Fagales
Nothofagus obliqua,,-1.0216512475319814,3.5667118201397288,"<ArrowStringArray>
['Kramer-Walter KR, Bellingham PJ, Millar TR, Smissen RD, Richardson SJ, Laughlin DC. 2016. Root traits are multidimensional: specific root length is independent from root tissue density and the plant economic spectrum. Journal of Ecology 104: 1299-1310.']
Length: 1, dtype: str",Nothofagus,obliqua,Nothofagaceae,Fagales
Nothofagus solandri,,-1.4407505469159494,4.601569864094061,"<ArrowStringArray>
['Kramer-Walter KR, Bellingham PJ, Millar TR, Smissen RD, Richardson SJ, Laughlin DC. 2016. Root traits are multidimensional: specific root length is independent from root tissue density and the plant economic spectrum. Journal of Ecology 104: 1299-1310.']
Length: 1, dtype: str",Nothofagus,solandri,Nothofagaceae,Fagales
Oenothera biennis,,-1.1394342831883648,4.553876891600541,"<ArrowStringArray>
['Craine JM, Froehle J, Tilman DG, Wedin DA, Chapin FS. 2001. The relationships among root and leaf traits of 76 grassland species and relative abundance among fertility and disturbance gradients. Oikos 93: 274-285']
Length: 1, dtype: str",Oenothera,biennis,Onagraceae,Myrtales
Olea europaea,,-0.4155154439616658,2.4097725102789664,"<ArrowStringArray>
['Polverigiani S, McCormack ML, Mueller CW, Eissenstat DM. 2011. Growth and physiology of olive pioneer and fibrous roots exposed to soil moisture deficits. Tree Physiology 31: 1228-1237.']
Length: 1, dtype: str",Olea,europaea,Oleaceae,Lamiales
Olearia avicenniaefolia,,-0.7339691750802004,2.9856819377004897,"<ArrowStringArray>
['Holdaway RJ, Richardson SJ, Dickie IA, Peltzer DA, Coomes DA. 2011. Species- and community-level patterns in fine root traits along a 120 000-year soil chronosequence in temperate rain forest. Journal of Ecology 99: 954-963.']
Length: 1, dtype: str",Olearia,avicenniaefolia,Asteraceae,Asterales
Olearia rani,,-0.6216951131533057,3.80891799302419,"<ArrowStringArray>
['Kramer-Walter KR, Bellingham PJ, Millar TR, Smissen RD, Richardson SJ, Laughlin DC. 2016. Root traits are multidimensional: specific root length is independent from root tissue density and the plant economic spectrum. Journal of Ecology 104: 1299-1310.']
Length: 1, dtype: str",Olearia,rani,Asteraceae,Asterales
Ornithopus compressus,,-1.288688645348188,5.5812293835404105,"<ArrowStringArray>
['Yang Z, Culvenor RA, Haling RE, Stefanski A, Ryan MH, Sandral GA, Kidd DR, Lambers H, Simpson RJ. 2015. Variation in root traits associated with nutrient foraging among temperate legumes and grasses. Grass and Forage Science, early view article']
Length: 1, dtype: str",Ornithopus,compressus,Fabaceae,Fabales
Ornithopus sativus,,-1.3290938140564474,5.704335240852814,"<ArrowStringArray>
['Yang Z, Culvenor RA, Haling RE, Stefanski A, Ryan MH, Sandral GA, Kidd DR, Lambers H, Simpson RJ. 2015. Variation in root traits associated with nutrient foraging among temperate legumes and grasses. Grass and Forage Science, early view article']
Length: 1, dtype: str",Ornithopus,sativus,Fabaceae,Fabales
Orthocarpus luteus,,-1.5789087073992776,4.435217814437088,"<ArrowStringArray>
['Kembel SW, Cahill JF, Jr. 2011. Independent Evolution of Leaf and Root Traits within and among Temperate Grassland Plant Communities. PLoS ONE 6(6): e19992.']
Length: 1, dtype: str",Orthocarpus,luteus,Orobanchaceae,Lamiales
Osyris alba,,-0.4605682824592504,1.773033775520673,"<ArrowStringArray>
['de la Riva, Navarro-Fernandez, Perez-Ramos, Villar, Maranon. Unpublished.']
Length: 1, dtype: str",Osyris,alba,Santalaceae,Santalales
Oxytropis sericea,,-1.266380264454553,4.571144285822836,"<ArrowStringArray>
['Kembel SW, Cahill JF, Jr. 2011. Independent Evolution of Leaf and Root Traits within and among Temperate Grassland Plant Communities. PLoS ONE 6(6): e19992.']
Length: 1, dtype: str",Oxytropis,sericea,Fabaceae,Fabales
Panicum capillare,,-1.6094379124341003,5.384495062789089,"<ArrowStringArray>
['Craine JM, Froehle J, Tilman DG, Wedin DA, Chapin FS. 2001. The relationships among root and leaf traits of 76 grassland species and relative abundance among fertility and disturbance gradients. Oikos 93: 274-285']
Length: 1, dtype: str",Panicum,capillare,Poaceae,Poales
Panicum virgatum,,-1.431570705989526,5.4060253962374105,"<ArrowStringArray>
['Craine JM, Froehle J, Tilman DG, Wedin DA, Chapin FS. 2001. The relationships among root and leaf traits of 76 grassland species and relative abundance among fertility and disturbance gradients. Oikos 93: 274-285', 'Poon GT, Maherali H. 2015. Competitive interactions between a nonmycorrhizal invasive plant, Alliaria petiolata, and a suite of mycorrhizal grassland, old field, and forest species. PeerJ 3: e1090']
Length: 2, dtype: str",Panicum,virgatum,Poaceae,Poales
Pappobolus microphyllus,,-0.7462131821068964,5.638532589448084,"<ArrowStringArray>
['Bowsher AW, Mason CM, Goolsby EW, Donavan LA. 2016. Fine root tradeoffs between nitrogen concentration and xylem vessel traits preclude unified whole-plant resource strategies in Helianthus. Ecology and Evolution 6: 1016-1031.']
Length: 1, dtype: str",Pappobolus,microphyllus,Asteraceae,Asterales
Payena microphylla,,-0.20948722486672405,2.1418880322967535,"<ArrowStringArray>
['Ushio M, Fujiki Y, Hidaka A, Kitayama K. 2015. Linkage of root physiology and morphology as an adaptation to soil phosphorus impoverishment in tropical montane forests. Functional Ecology 29: 1235-1245.']
Length: 1, dtype: str",Payena,microphylla,Sapotaceae,Ericales
Pennantia corymbosa,,-0.6970978312566852,3.5384101215550334,"<ArrowStringArray>
['Kramer-Walter KR, Bellingham PJ, Millar TR, Smissen RD, Richardson SJ, Laughlin DC. 2016. Root traits are multidimensional: specific root length is independent from root tissue density and the plant economic spectrum. Journal of Ecology 104: 1299-1310.']
Length: 1, dtype: str",Pennantia,corymbosa,Pennantiaceae,Apiales
Pennisetum glaucum,,-1.5141277326297755,4.997212273764115,"<ArrowStringArray>
['Craine JM, Froehle J, Tilman DG, Wedin DA, Chapin FS. 2001. The relationships among root and leaf traits of 76 grassland species and relative abundance among fertility and disturbance gradients. Oikos 93: 274-285']
Length: 1, dtype: str",Pennisetum,glaucum,Poaceae,Poales
Penstemon confertus,,-1.2395999819690873,4.381321386044519,"<ArrowStringArray>
['Kembel SW, Cahill JF, Jr. 2011. Independent Evolution of Leaf and Root Traits within and among Temperate Grassland Plant Communities. PLoS ONE 6(6): e19992.']
Length: 1, dtype: str",Penstemon,confertus,Plantaginaceae,Lamiales
Penstemon grandiflorus,,-0.8915981192837836,3.9318256327243257,"<ArrowStringArray>
['Craine JM, Froehle J, Tilman DG, Wedin DA, Chapin FS. 2001. The relationships among root and leaf traits of 76 grassland species and relative abundance among fertility and disturbance gradients. Oikos 93: 274-285']
Length: 1, dtype: str",Penstemon,grandiflorus,Plantaginaceae,Lamiales
Penstemon nitidus,,-1.119631655892185,3.2524364348165227,"<ArrowStringArray>
['Kembel SW, Cahill JF, Jr. 2011. Independent Evolution of Leaf and Root Traits within and among Temperate Grassland Plant Communities. PLoS ONE 6(6): e19992.']
Length: 1, dtype: str",Penstemon,nitidus,Plantaginaceae,Lamiales
Penstemon procerus,,-0.9401992769258307,3.8642920528859657,"<ArrowStringArray>
['Kembel SW, Cahill JF, Jr. 2011. Independent Evolution of Leaf and Root Traits within and among Temperate Grassland Plant Communities. PLoS ONE 6(6): e19992.']
Length: 1, dtype: str",Penstemon,procerus,Plantaginaceae,Lamiales
Pentaspadon motleyi,,-1.2089853461494804,3.666321662240143,"<ArrowStringArray>
['Makita N, Kosugi Y, Dannoura M, Takanashi S, Niiyama K, Kassim AR, Nik AR. 2012. Patterns of root respiration rates and morphological traits in 13 tree species in a tropical forest. Tree Physiology 32: 303-312.']
Length: 1, dtype: str",Pentaspadon,motleyi,Anacardiaceae,Sapindales
Persea americana,,-0.916290731874155,3.7074558396868715,"<ArrowStringArray>
['Rajab YA, Holscher D, Leuschner C, Barus H, Tjoa A, Hertel D. 2018. Effects of shade tree cover and diversity on root system structure and dynamics in cacao agroforests: The role of root competition and space partitioning. Plant Soil 422: 349-369.']
Length: 1, dtype: str",Persea,americana,Lauraceae,Laurales
Phalaris aquatica,,-1.2505441172175538,5.088858965504056,"<ArrowStringArray>
['Hill JO, Simpson RJ, Moore AD, Chapman DF. 2006. Morphology and response of roots of pasture species to phosphorus and nitrogen nutrition. Plant and Soil 286: 7-19.', 'Yang Z, Culvenor RA, Haling RE, Stefanski A, Ryan MH, Sandral GA, Kidd DR, Lambers H, Simpson RJ. 2015. Variation in root traits associated with nutrient foraging among temperate legumes and grasses. Grass and Forage Science, early view article']
Length: 2, dtype: str",Phalaris,aquatica,Poaceae,Poales
Phalaris arundinacea,,-1.1736052677095397,5.389871424131001,"<ArrowStringArray>
['Comas - Pasture species']
Length: 1, dtype: str",Phalaris,arundinacea,Poaceae,Poales
Phillyrea angustifolia,,-0.8836521297586326,2.5256984990538918,"<ArrowStringArray>
['de la Riva, Navarro-Fernandez, Perez-Ramos, Villar, Maranon. Unpublished.']
Length: 1, dtype: str",Phillyrea,angustifolia,Oleaceae,Lamiales
Phillyrea latifolia,,-0.8748489294744942,2.546835568051659,"<ArrowStringArray>
['de la Riva, Navarro-Fernandez, Perez-Ramos, Villar, Maranon. Unpublished.']
Length: 1, dtype: str",Phillyrea,latifolia,Oleaceae,Lamiales
Phleum pratense,,-1.6590221417898607,5.5734990134065425,"<ArrowStringArray>
[                                   'Craine JM, Froehle J, Tilman DG, Wedin DA, Chapin FS. 2001. The relationships among root and leaf traits of 76 grassland species and relative abundance among fertility and disturbance gradients. Oikos 93: 274-285',
                                                               'Fort F, Jouany C, Cruz P. 2013.Root and leaf functional trait relations in Poaceae species: implications of differing resource-acquisition strategies. Journal of Plant Ecology 6:211-219',
 'Roumet C, Birouste M, Picon-Cochard C, Ghestem M, Osman N, Vrignon-Brenas S, Cao K-F, Stokes A. 2016. Root structure-function relationships in 74 species: evidence of root economics spectrum related to carbon economy. New Phytologist 210: 815-826.',
                                                                                                                                                                                                                                 'Comas - Pasture species']
Length: 4, dtype: str",Phleum,pratense,Poaceae,Poales
Phlomis purpurea,,-0.8047214058324258,2.070783309506272,"<ArrowStringArray>
['de la Riva, Navarro-Fernandez, Perez-Ramos, Villar, Maranon. Unpublished.']
Length: 1, dtype: str",Phlomis,purpurea,Lamiaceae,Lamiales
Phlox hoodii,,-1.3291581697490815,4.673338915563373,"<ArrowStringArray>
['Kembel SW, Cahill JF, Jr. 2011. Independent Evolution of Leaf and Root Traits within and among Temperate Grassland Plant Communities. PLoS ONE 6(6): e19992.']
Length: 1, dtype: str",Phlox,hoodii,Polemoniaceae,Ericales
Phyllocladus hypophyllus,,-0.5340089592216478,2.981436828851437,"<ArrowStringArray>
['Ushio M, Fujiki Y, Hidaka A, Kitayama K. 2015. Linkage of root physiology and morphology as an adaptation to soil phosphorus impoverishment in tropical montane forests. Functional Ecology 29: 1235-1245.']
Length: 1, dtype: str",Phyllocladus,hypophyllus,Podocarpaceae,Pinales
Phyllocladus trichomanoides,,-0.45599398885193027,2.7593291180767983,"<ArrowStringArray>
['Holdaway RJ, Richardson SJ, Dickie IA, Peltzer DA, Coomes DA. 2011. Species- and community-level patterns in fine root traits along a 120 000-year soil chronosequence in temperate rain forest. Journal of Ecology 99: 954-963.', 'Kramer-Walter KR, Bellingham PJ, Millar TR, Smissen RD, Richardson SJ, Laughlin DC. 2016. Root traits are multidimensional: specific root length is independent from root tissue density and the plant economic spectrum. Journal of Ecology 104: 1299-1310.']
Length: 2, dtype: str",Phyllocladus,trichomanoides,Podocarpaceae,Pinales
Physalis virginiana,,-1.2039728043259361,3.9889840465642745,"<ArrowStringArray>
['Craine JM, Froehle J, Tilman DG, Wedin DA, Chapin FS. 2001. The relationships among root and leaf traits of 76 grassland species and relative abundance among fertility and disturbance gradients. Oikos 93: 274-285']
Length: 1, dtype: str",Physalis,virginiana,Solanaceae,Solanales
Picea abies,,-0.7387695605474307,2.725403759224066,"<ArrowStringArray>
[                                        'Withington JM, Reich PB, Oleksyn J, Eissenstat DM. 2006. Comparisons of structure and life span in roots and leaves among temperate trees. Ecological Monographs 76: 381-397.',
                                                       'Liese R, Alings K, Meier IC. 2017. Root branching is a leading root trait of the plant economics spectrum in temperate trees. Frontiers in Plant Science 8:315.',
 'Weemstra M, Sterck FJ, Visser EJW, Kuyper TW, Goudzwaard L, Mommer L. 2017. Fine-root trait plasticity of beech (Fagus sylvatica) and spruce (Picea abies) forests on two contrasting soils. Plant Soil 415: 175-188.',
                                                                   'Borken W, Kossmann G, Matzner E. 2007. Biomass, morphology and nutrient contents of fine roots in four Norway spruce stands. Plant Soil 292: 79-93.']
Length: 4, dtype: str",Picea,abies,Pinaceae,Pinales
Picea rubens,,-0.7985076962177716,2.91235066461494,"<ArrowStringArray>
['Chen W, Koide RT, Adams TS, DeForest JL, Cheng L, Eissenstat DM. 2016. Root morphology and mycorrhizal symbioses together shape nutrient foraging strategies of temperate trees. Proceedings of the National Academy of Sciences 113: 8741-8746.']
Length: 1, dtype: str",Picea,rubens,Pinaceae,Pinales
Picris hieracioides,,-1.1006142913387829,5.24830395451591,"<ArrowStringArray>
[                                                                    'Birouste M, Kazakou E, Blanchard A, Roumet C. 2012. Plant traits and decomposition: are the relationships for roots comparable to those for leaves? Annals of Botany 109: 463-472. ',
                                                                      'Roumet C, Lafont F, Sari M, Warembourg F, Garnier E. 2008. Root traits and taxonomic affiliation of nine herbaceous species grown in glasshouse conditions. Plant Soil 312:69-83. ',
 'Roumet C, Birouste M, Picon-Cochard C, Ghestem M, Osman N, Vrignon-Brenas S, Cao K-F, Stokes A. 2016. Root structure-function relationships in 74 species: evidence of root economics spectrum related to carbon economy. New Phytologist 210: 815-826.']
Length: 3, dtype: str",Picris,hieracioides,Asteraceae,Asterales
Pilosella officinarum,,-0.8544203935788969,4.017628367688596,"<ArrowStringArray>
['Roumet C, Birouste M, Picon-Cochard C, Ghestem M, Osman N, Vrignon-Brenas S, Cao K-F, Stokes A. 2016. Root structure-function relationships in 74 species: evidence of root economics spectrum related to carbon economy. New Phytologist 210: 815-826.',
                                                                 'Fort F, Volaire F, Guilioni L, Barkaoui K, Navas ML, Roumet C. 2017. Root traits are related to plant water-use among rangeland Mediterranean species. Functional Ecology 31: 1700-1709',
                                                         'Poirier V, Roumet C, Angers DA, Munson AD. 2018. Species and root traits impact macroaggregation in the rhizospheric soil of a Mediterranean common garden experiment. Plant Soil 424: 289-302.']
Length: 3, dtype: str",Pilosella,officinarum,Asteraceae,Asterales
Pilosella peleteriana,,-0.4231200433468851,2.598979106047848,"<ArrowStringArray>
['Roumet C, Birouste M, Picon-Cochard C, Ghestem M, Osman N, Vrignon-Brenas S, Cao K-F, Stokes A. 2016. Root structure-function relationships in 74 species: evidence of root economics spectrum related to carbon economy. New Phytologist 210: 815-826.']
Length: 1, dtype: str",Pilosella,peleteriana,Asteraceae,Asterales
Pinus nigra,,-0.7985076962177716,3.5085558999826545,"<ArrowStringArray>
['Withington JM, Reich PB, Oleksyn J, Eissenstat DM. 2006. Comparisons of structure and life span in roots and leaves among temperate trees. Ecological Monographs 76: 381-397.']
Length: 1, dtype: str",Pinus,nigra,Pinaceae,Pinales
Pinus pinaster,,-0.4726622291068139,2.057569730247584,"<ArrowStringArray>
['Bakker MR, Augusto L, Achat DL. 2006. Fine root distribution of trees and understory in mature stands of maritime pine (Pinus pinaster) on dry and humid sites. Plant Soil 286: 37-51. ']
Length: 1, dtype: str",Pinus,pinaster,Pinaceae,Pinales
Pinus pinea,,-1.1525670162660357,2.9320806795136076,"<ArrowStringArray>
['de la Riva, Navarro-Fernandez, Perez-Ramos, Villar, Maranon. Unpublished.']
Length: 1, dtype: str",Pinus,pinea,Pinaceae,Pinales
Pinus pungens,,-0.7339691750802004,3.4468078929142076,"<ArrowStringArray>
['Comas LH, Eissenstat DM. 2009. Patterns in root trait variation among 25 co-existing North American forest species. New Phytologist 182: 919-928.']
Length: 1, dtype: str",Pinus,pungens,Pinaceae,Pinales
Pinus taeda,,-0.3339036546541068,3.068401711513366,"<ArrowStringArray>
['Beidler KV, Taylor BN, Strand AE, Cooper ER, Schonholz M, Pritchard SG. 2015. Changes in root architecture under elevated concentrations of CO2 and nitrogen reflect alternate soil exploration strategies. New Phytologist 205: 1153-1163.']
Length: 1, dtype: str",Pinus,taeda,Pinaceae,Pinales
Pistacia lentiscus,,-0.8466947089862523,2.4433962786339625,"<ArrowStringArray>
['de la Riva, Navarro-Fernandez, Perez-Ramos, Villar, Maranon. Unpublished.']
Length: 1, dtype: str",Pistacia,lentiscus,Anacardiaceae,Sapindales
Pistacia terebinthus,,-0.7980633505095052,2.158969708422966,"<ArrowStringArray>
['de la Riva, Navarro-Fernandez, Perez-Ramos, Villar, Maranon. Unpublished.']
Length: 1, dtype: str",Pistacia,terebinthus,Anacardiaceae,Sapindales
Pittosporum eugenioides,,-0.8771768620352551,3.90262338923604,"<ArrowStringArray>
['Kramer-Walter KR, Bellingham PJ, Millar TR, Smissen RD, Richardson SJ, Laughlin DC. 2016. Root traits are multidimensional: specific root length is independent from root tissue density and the plant economic spectrum. Journal of Ecology 104: 1299-1310.']
Length: 1, dtype: str",Pittosporum,eugenioides,Pittosporaceae,Apiales
Pittosporum tenuifolium,,-0.8525449355741938,3.935679341115721,"<ArrowStringArray>
['Kramer-Walter KR, Bellingham PJ, Millar TR, Smissen RD, Richardson SJ, Laughlin DC. 2016. Root traits are multidimensional: specific root length is independent from root tissue density and the plant economic spectrum. Journal of Ecology 104: 1299-1310.']
Length: 1, dtype: str",Pittosporum,tenuifolium,Pittosporaceae,Apiales
Plagianthus regius,,-0.8291578344906496,4.06592529618082,"<ArrowStringArray>
['Kramer-Walter KR, Bellingham PJ, Millar TR, Smissen RD, Richardson SJ, Laughlin DC. 2016. Root traits are multidimensional: specific root length is independent from root tissue density and the plant economic spectrum. Journal of Ecology 104: 1299-1310.']
Length: 1, dtype: str",Plagianthus,regius,Malvaceae,Malvales
Plantago lanceolata,,-1.6252427086668626,5.880221476480564,"<ArrowStringArray>
['Poon GT, Maherali H. 2015. Competitive interactions between a nonmycorrhizal invasive plant, Alliaria petiolata, and a suite of mycorrhizal grassland, old field, and forest species. PeerJ 3: e1090', 'Comas - Pasture species']
Length: 2, dtype: str",Plantago,lanceolata,Plantaginaceae,Lamiales
Plantago patagonica,,-1.7531158475600377,5.146203713904753,"<ArrowStringArray>
['Kembel SW, Cahill JF, Jr. 2011. Independent Evolution of Leaf and Root Traits within and among Temperate Grassland Plant Communities. PLoS ONE 6(6): e19992.']
Length: 1, dtype: str",Plantago,patagonica,Plantaginaceae,Lamiales
Plantago varia,,-0.5996568374726066,3.224857896545748,"<ArrowStringArray>
['Mokany K, Ash J. 2008. Are traits measured on pot grown plants representative of those in natural communities? Journal of Vegetation Science 19: 119-126.']
Length: 1, dtype: str",Plantago,varia,Plantaginaceae,Lamiales
Platypodium elegans,,-0.13361083520857264,1.8629676225874312,"<ArrowStringArray>
['Collins CG, Wright SJ, Wurzburger N. 2016. Root and leaf traits reflect distinct resource acquisition strategies in tropical lianas and trees. Oecologia 180: 1037-1047.']
Length: 1, dtype: str",Platypodium,elegans,Fabaceae,Fabales
Poa cusickii,,-1.7814131771739108,4.899614377441543,"<ArrowStringArray>
['Kembel SW, Cahill JF, Jr. 2011. Independent Evolution of Leaf and Root Traits within and among Temperate Grassland Plant Communities. PLoS ONE 6(6): e19992.']
Length: 1, dtype: str",Poa,cusickii,Poaceae,Poales
Poa glauca,,-1.0498221244986778,-0.09018732406558425,"<ArrowStringArray>
['Hong J, Ma X, Yan Y, Zhang X, Wang X. 2017. Which root traits determine nitrogen uptake by alpine plant species on the Tibetan Plateau? Plant Soil, in press. ']
Length: 1, dtype: str",Poa,glauca,Poaceae,Poales
Poa labillardierei,,-1.3684544429915595,5.002603122398992,"<ArrowStringArray>
['Mokany K, Ash J. 2008. Are traits measured on pot grown plants representative of those in natural communities? Journal of Vegetation Science 19: 119-126.']
Length: 1, dtype: str",Poa,labillardierei,Poaceae,Poales
Poa nemoralis,,-1.3862943611198906,5.1298987149230735,"<ArrowStringArray>
['Craine JM, Froehle J, Tilman DG, Wedin DA, Chapin FS. 2001. The relationships among root and leaf traits of 76 grassland species and relative abundance among fertility and disturbance gradients. Oikos 93: 274-285']
Length: 1, dtype: str",Poa,nemoralis,Poaceae,Poales
Poa pratensis,,-1.5937614330490928,5.832412080274224,"<ArrowStringArray>
[                                   'Craine JM, Froehle J, Tilman DG, Wedin DA, Chapin FS. 2001. The relationships among root and leaf traits of 76 grassland species and relative abundance among fertility and disturbance gradients. Oikos 93: 274-285',
 'Roumet C, Birouste M, Picon-Cochard C, Ghestem M, Osman N, Vrignon-Brenas S, Cao K-F, Stokes A. 2016. Root structure-function relationships in 74 species: evidence of root economics spectrum related to carbon economy. New Phytologist 210: 815-826.',
                                                                                                                                                                                                                                 'Comas - Pasture species',
                                                                                            'Kembel SW, Cahill JF, Jr. 2011. Independent Evolution of Leaf and Root Traits within and among Temperate Grassland Plant Communities. PLoS ONE 6(6): e19992.']
Length: 4, dtype: str",Poa,pratensis,Poaceae,Poales
Poa trivialis,,-1.6820086052689358,6.071776449314649,"<ArrowStringArray>
['Roumet C, Birouste M, Picon-Cochard C, Ghestem M, Osman N, Vrignon-Brenas S, Cao K-F, Stokes A. 2016. Root structure-function relationships in 74 species: evidence of root economics spectrum related to carbon economy. New Phytologist 210: 815-826.']
Length: 1, dtype: str",Poa,trivialis,Poaceae,Poales
Podocarpus cunninghamii,,-0.13666009142607263,2.1514330926453265,"<ArrowStringArray>
['Holdaway RJ, Richardson SJ, Dickie IA, Peltzer DA, Coomes DA. 2011. Species- and community-level patterns in fine root traits along a 120 000-year soil chronosequence in temperate rain forest. Journal of Ecology 99: 954-963.', 'Kramer-Walter KR, Bellingham PJ, Millar TR, Smissen RD, Richardson SJ, Laughlin DC. 2016. Root traits are multidimensional: specific root length is independent from root tissue density and the plant economic spectrum. Journal of Ecology 104: 1299-1310.']
Length: 2, dtype: str",Podocarpus,cunninghamii,Podocarpaceae,Pinales
Podocarpus gibbsii,,-0.4652151125139384,2.689342973636514,"<ArrowStringArray>
['Ushio M, Fujiki Y, Hidaka A, Kitayama K. 2015. Linkage of root physiology and morphology as an adaptation to soil phosphorus impoverishment in tropical montane forests. Functional Ecology 29: 1235-1245.']
Length: 1, dtype: str",Podocarpus,gibbsii,Podocarpaceae,Pinales
Podocarpus totara,,-0.13137860948506097,2.3990297137002687,"<ArrowStringArray>
['Kramer-Walter KR, Bellingham PJ, Millar TR, Smissen RD, Richardson SJ, Laughlin DC. 2016. Root traits are multidimensional: specific root length is independent from root tissue density and the plant economic spectrum. Journal of Ecology 104: 1299-1310.']
Length: 1, dtype: str",Podocarpus,totara,Podocarpaceae,Pinales
Podophyllum peltatum,,-0.17559224945598745,2.8144171099764566,"<ArrowStringArray>
['Valverde-Barrantes OJ, Smemo KA,  Feinstein LM, Kershner MW, Blackwood CB. 2015. Aggregated and complementary: symmetric proliferation, overyielding, and mass effects explain fine-root biomass in soil patches in a diverse temperate deciduous forest landscape. New Phytologist 205(2): 731-742.']
Length: 1, dtype: str",Podophyllum,peltatum,Berberidaceae,Ranunculales
Polystichum chilense,,-1.2039728043259361,3.7773481021015445,"<ArrowStringArray>
['Holdaway RJ, Richardson SJ, Dickie IA, Peltzer DA, Coomes DA. 2011. Species- and community-level patterns in fine root traits along a 120 000-year soil chronosequence in temperate rain forest. Journal of Ecology 99: 954-963.']
Length: 1, dtype: str",Polystichum,chilense,Dryopteridaceae,Polypodiales
Populus alba,,-0.6362943689671625,2.228302173091705,"<ArrowStringArray>
['de la Riva, Navarro-Fernandez, Perez-Ramos, Villar, Maranon. Unpublished.']
Length: 1, dtype: str",Populus,alba,Salicaceae,Malpighiales
Populus grandidentata,,-0.6463017633284405,3.7898378154128265,"<ArrowStringArray>
['Comas LH, Eissenstat DM. 2009. Patterns in root trait variation among 25 co-existing North American forest species. New Phytologist 182: 919-928.', 'Valverde-Barrantes OJ, Smemo KA,  Feinstein LM, Kershner MW, Blackwood CB. 2015. Aggregated and complementary: symmetric proliferation, overyielding, and mass effects explain fine-root biomass in soil patches in a diverse temperate deciduous forest landscape. New Phytologist 205(2): 731-742.']
Length: 2, dtype: str",Populus,grandidentata,Salicaceae,Malpighiales
Potentilla acaulis,,-1.4271163556401458,4.434559785122148,"<ArrowStringArray>
['Zhou M, Wang J, Bai W, Zhang Y, Zhang W-H. 2019. The response of root traits to precipitation change of herbaceous species in temperate steppes. Functional Ecology, in press.']
Length: 1, dtype: str",Potentilla,acaulis,Rosaceae,Rosales
Potentilla arguta,,-1.0319354308715785,3.876772620209502,"<ArrowStringArray>
['Craine JM, Froehle J, Tilman DG, Wedin DA, Chapin FS. 2001. The relationships among root and leaf traits of 76 grassland species and relative abundance among fertility and disturbance gradients. Oikos 93: 274-285', 'Kembel SW, Cahill JF, Jr. 2011. Independent Evolution of Leaf and Root Traits within and among Temperate Grassland Plant Communities. PLoS ONE 6(6): e19992.']
Length: 2, dtype: str",Potentilla,arguta,Rosaceae,Rosales
Potentilla neumanniana,,-0.9037745874519166,4.122104655280028,"<ArrowStringArray>
[                       'Perez-Ramos IM, Volaire F, Fattet M, Blanchard A, Roumet C. Tradeoffs between functional strategies for resource-use and drought-survival in Mediterranean rangeland species. Environmental and Experimental Botany 87: 126-136.',
 'Roumet C, Birouste M, Picon-Cochard C, Ghestem M, Osman N, Vrignon-Brenas S, Cao K-F, Stokes A. 2016. Root structure-function relationships in 74 species: evidence of root economics spectrum related to carbon economy. New Phytologist 210: 815-826.',
                                                                 'Fort F, Volaire F, Guilioni L, Barkaoui K, Navas ML, Roumet C. 2017. Root traits are related to plant water-use among rangeland Mediterranean species. Functional Ecology 31: 1700-1709',
                                                         'Poirier V, Roumet C, Angers DA, Munson AD. 2018. Species and root traits impact macroaggregation in the rhizospheric soil of a Mediterranean common garden experiment. Plant Soil 424: 289-302.']
Length: 4, dtype: str",Potentilla,neumanniana,Rosaceae,Rosales
Potentilla tanacetifolia,,-1.3862943611198906,4.235771783916321,"<ArrowStringArray>
['Zhou M, Wang J, Bai W, Zhang Y, Zhang W-H. 2019. The response of root traits to precipitation change of herbaceous species in temperate steppes. Functional Ecology, in press.']
Length: 1, dtype: str",Potentilla,tanacetifolia,Rosaceae,Rosales
Prionostemma aspera,,-0.36564172851786464,2.5234223284853243,"<ArrowStringArray>
['Collins CG, Wright SJ, Wurzburger N. 2016. Root and leaf traits reflect distinct resource acquisition strategies in tropical lianas and trees. Oecologia 180: 1037-1047.']
Length: 1, dtype: str",Prionostemma,aspera,Celastraceae,Celastrales
Prumnopitys ferruginea,,-0.12335913013844098,1.9429713186126407,"<ArrowStringArray>
['Holdaway RJ, Richardson SJ, Dickie IA, Peltzer DA, Coomes DA. 2011. Species- and community-level patterns in fine root traits along a 120 000-year soil chronosequence in temperate rain forest. Journal of Ecology 99: 954-963.', 'Kramer-Walter KR, Bellingham PJ, Millar TR, Smissen RD, Richardson SJ, Laughlin DC. 2016. Root traits are multidimensional: specific root length is independent from root tissue density and the plant economic spectrum. Journal of Ecology 104: 1299-1310.']
Length: 2, dtype: str",Prumnopitys,ferruginea,Podocarpaceae,Pinales
Prumnopitys taxifolia,,-0.28741544133435,2.3979538000726293,"<ArrowStringArray>
['Kramer-Walter KR, Bellingham PJ, Millar TR, Smissen RD, Richardson SJ, Laughlin DC. 2016. Root traits are multidimensional: specific root length is independent from root tissue density and the plant economic spectrum. Journal of Ecology 104: 1299-1310.']
Length: 1, dtype: str",Prumnopitys,taxifolia,Podocarpaceae,Pinales
Prunella vulgaris,,-1.4656262104020212,5.566303758415884,"<ArrowStringArray>
['Roumet C, Birouste M, Picon-Cochard C, Ghestem M, Osman N, Vrignon-Brenas S, Cao K-F, Stokes A. 2016. Root structure-function relationships in 74 species: evidence of root economics spectrum related to carbon economy. New Phytologist 210: 815-826.', 'Poon GT, Maherali H. 2015. Competitive interactions between a nonmycorrhizal invasive plant, Alliaria petiolata, and a suite of mycorrhizal grassland, old field, and forest species. PeerJ 3: e1090']
Length: 2, dtype: str",Prunella,vulgaris,Lamiaceae,Lamiales
Prunus serotina,,-0.4574632348724531,3.0232165875237538,"<ArrowStringArray>
[                                                                                                                                                   'Comas LH, Eissenstat DM. 2009. Patterns in root trait variation among 25 co-existing North American forest species. New Phytologist 182: 919-928.',
                                                     'Chen W, Koide RT, Adams TS, DeForest JL, Cheng L, Eissenstat DM. 2016. Root morphology and mycorrhizal symbioses together shape nutrient foraging strategies of temperate trees. Proceedings of the National Academy of Sciences 113: 8741-8746.',
 'Valverde-Barrantes OJ, Smemo KA,  Feinstein LM, Kershner MW, Blackwood CB. 2015. Aggregated and complementary: symmetric proliferation, overyielding, and mass effects explain fine-root biomass in soil patches in a diverse temperate deciduous forest landscape. New Phytologist 205(2): 731-742.']
Length: 3, dtype: str",Prunus,serotina,Rosaceae,Rosales
Prunus virginiana,,-1.0328245481301066,3.979612123671706,"<ArrowStringArray>
['Poon GT, Maherali H. 2015. Competitive interactions between a nonmycorrhizal invasive plant, Alliaria petiolata, and a suite of mycorrhizal grassland, old field, and forest species. PeerJ 3: e1090']
Length: 1, dtype: str",Prunus,virginiana,Rosaceae,Rosales
Pseudopanax crassifolius,,-0.4002910168344353,3.1820720849325004,"<ArrowStringArray>
['Holdaway RJ, Richardson SJ, Dickie IA, Peltzer DA, Coomes DA. 2011. Species- and community-level patterns in fine root traits along a 120 000-year soil chronosequence in temperate rain forest. Journal of Ecology 99: 954-963.', 'Kramer-Walter KR, Bellingham PJ, Millar TR, Smissen RD, Richardson SJ, Laughlin DC. 2016. Root traits are multidimensional: specific root length is independent from root tissue density and the plant economic spectrum. Journal of Ecology 104: 1299-1310.']
Length: 2, dtype: str",Pseudopanax,crassifolius,Araliaceae,Apiales
Pseudosclerochloa rupestris,,-1.8078888511579385,4.960266555333299,"<ArrowStringArray>
['Kembel SW, Cahill JF, Jr. 2011. Independent Evolution of Leaf and Root Traits within and among Temperate Grassland Plant Communities. PLoS ONE 6(6): e19992.']
Length: 1, dtype: str",Pseudosclerochloa,rupestris,Poaceae,Poales
Pseudotsuga menziesii,,-0.5621189181535413,3.2068032436339315,"<ArrowStringArray>
['Withington JM, Reich PB, Oleksyn J, Eissenstat DM. 2006. Comparisons of structure and life span in roots and leaves among temperate trees. Ecological Monographs 76: 381-397.']
Length: 1, dtype: str",Pseudotsuga,menziesii,Pinaceae,Pinales
Pseudowintera colorata,,-0.17895579874622952,2.608424832700646,"<ArrowStringArray>
['Holdaway RJ, Richardson SJ, Dickie IA, Peltzer DA, Coomes DA. 2011. Species- and community-level patterns in fine root traits along a 120 000-year soil chronosequence in temperate rain forest. Journal of Ecology 99: 954-963.', 'Kramer-Walter KR, Bellingham PJ, Millar TR, Smissen RD, Richardson SJ, Laughlin DC. 2016. Root traits are multidimensional: specific root length is independent from root tissue density and the plant economic spectrum. Journal of Ecology 104: 1299-1310.']
Length: 2, dtype: str",Pseudowintera,colorata,Winteraceae,Canellales
Pterocarpus indicus,,0.0,1.5260563034950494,"<ArrowStringArray>
['Rajab YA, Holscher D, Leuschner C, Barus H, Tjoa A, Hertel D. 2018. Effects of shade tree cover and diversity on root system structure and dynamics in cacao agroforests: The role of root competition and space partitioning. Plant Soil 422: 349-369.']
Length: 1, dtype: str",Pterocarpus,indicus,Fabaceae,Fabales
Pueraria stricta,,-0.41703174447962976,1.601405740736836,"<ArrowStringArray>
['Roumet C, Birouste M, Picon-Cochard C, Ghestem M, Osman N, Vrignon-Brenas S, Cao K-F, Stokes A. 2016. Root structure-function relationships in 74 species: evidence of root economics spectrum related to carbon economy. New Phytologist 210: 815-826.']
Length: 1, dtype: str",Pueraria,stricta,Fabaceae,Fabales
Pycnanthemum virginianum,,-1.0788096613719298,4.430816798843313,"<ArrowStringArray>
['Craine JM, Froehle J, Tilman DG, Wedin DA, Chapin FS. 2001. The relationships among root and leaf traits of 76 grassland species and relative abundance among fertility and disturbance gradients. Oikos 93: 274-285']
Length: 1, dtype: str",Pycnanthemum,virginianum,Lamiaceae,Lamiales
Pyrus bourgaeana,,-0.8459487708179082,2.2300474258504153,"<ArrowStringArray>
['de la Riva, Navarro-Fernandez, Perez-Ramos, Villar, Maranon. Unpublished.']
Length: 1, dtype: str",Pyrus,bourgaeana,Rosaceae,Rosales
Quercus bicolor,,-0.6127744574174347,3.4530200829815474,"<ArrowStringArray>
['Valverde-Barrantes OJ, Smemo KA,  Feinstein LM, Kershner MW, Blackwood CB. 2015. Aggregated and complementary: symmetric proliferation, overyielding, and mass effects explain fine-root biomass in soil patches in a diverse temperate deciduous forest landscape. New Phytologist 205(2): 731-742.']
Length: 1, dtype: str",Quercus,bicolor,Fagaceae,Fagales
Quercus canariensis,,-0.8824933522908643,2.552651901209491,"<ArrowStringArray>
['de la Riva, Navarro-Fernandez, Perez-Ramos, Villar, Maranon. Unpublished.']
Length: 1, dtype: str",Quercus,canariensis,Fagaceae,Fagales
Quercus coccifera,,-0.7487744150182892,2.2988541711526858,"<ArrowStringArray>
['de la Riva, Navarro-Fernandez, Perez-Ramos, Villar, Maranon. Unpublished.']
Length: 1, dtype: str",Quercus,coccifera,Fagaceae,Fagales
Quercus faginea,,-0.6774214800984629,2.1051146846126847,"<ArrowStringArray>
['de la Riva, Navarro-Fernandez, Perez-Ramos, Villar, Maranon. Unpublished.']
Length: 1, dtype: str",Quercus,faginea,Fagaceae,Fagales
Quercus glauca,,-1.5141277326297755,4.179145163914566,"<ArrowStringArray>
['Sun L, Kominami Y, Yoshimura K, Kitayama K. 2017. Root-exudate flux variations among four co-existing canopy species in a temperate forest, Japan. Ecological Research 32: 331-339.']
Length: 1, dtype: str",Quercus,glauca,Fagaceae,Fagales
Quercus ilex,,-0.597405275780442,1.9956557032249547,"<ArrowStringArray>
['de la Riva, Navarro-Fernandez, Perez-Ramos, Villar, Maranon. Unpublished.']
Length: 1, dtype: str",Quercus,ilex,Fagaceae,Fagales
Quercus lowii,,-1.0023934309275668,3.4331481428939825,"<ArrowStringArray>
['Ushio M, Fujiki Y, Hidaka A, Kitayama K. 2015. Linkage of root physiology and morphology as an adaptation to soil phosphorus impoverishment in tropical montane forests. Functional Ecology 29: 1235-1245.']
Length: 1, dtype: str",Quercus,lowii,Fagaceae,Fagales
Quercus macrocarpa,,-1.2463237448664664,3.863577169390978,"<ArrowStringArray>
['Poon GT, Maherali H. 2015. Competitive interactions between a nonmycorrhizal invasive plant, Alliaria petiolata, and a suite of mycorrhizal grassland, old field, and forest species. PeerJ 3: e1090']
Length: 1, dtype: str",Quercus,macrocarpa,Fagaceae,Fagales
Quercus palustris,,-0.6864695258067048,3.6298774545165577,"<ArrowStringArray>
['Valverde-Barrantes OJ, Smemo KA,  Feinstein LM, Kershner MW, Blackwood CB. 2015. Aggregated and complementary: symmetric proliferation, overyielding, and mass effects explain fine-root biomass in soil patches in a diverse temperate deciduous forest landscape. New Phytologist 205(2): 731-742.']
Length: 1, dtype: str",Quercus,palustris,Fagaceae,Fagales
Quercus suber,,-1.0632692763961136,2.9451271123484846,"<ArrowStringArray>
['de la Riva, Navarro-Fernandez, Perez-Ramos, Villar, Maranon. Unpublished.']
Length: 1, dtype: str",Quercus,suber,Fagaceae,Fagales
Quintinia serrata,,-0.9810959552402707,3.6095164482813833,"<ArrowStringArray>
['Holdaway RJ, Richardson SJ, Dickie IA, Peltzer DA, Coomes DA. 2011. Species- and community-level patterns in fine root traits along a 120 000-year soil chronosequence in temperate rain forest. Journal of Ecology 99: 954-963.', 'Kramer-Walter KR, Bellingham PJ, Millar TR, Smissen RD, Richardson SJ, Laughlin DC. 2016. Root traits are multidimensional: specific root length is independent from root tissue density and the plant economic spectrum. Journal of Ecology 104: 1299-1310.']
Length: 2, dtype: str",Quintinia,serrata,Paracryphiaceae,Paracryphiales
Ranunculus acris,,-1.171182981502945,1.9358598132018119,"<ArrowStringArray>
['Smith SW, Woodin SJ, Pakeman RJ, Johnson D, van der Wal R. 2014. Root traits predict decomposition across a landscape-scale grazing experiment. New Phytologist 203: 851-862.']
Length: 1, dtype: str",Ranunculus,acris,Ranunculaceae,Ranunculales
Rapanea australis,,-0.9020796887801914,3.6431529372184897,"<ArrowStringArray>
['Holdaway RJ, Richardson SJ, Dickie IA, Peltzer DA, Coomes DA. 2011. Species- and community-level patterns in fine root traits along a 120 000-year soil chronosequence in temperate rain forest. Journal of Ecology 99: 954-963.', 'Kramer-Walter KR, Bellingham PJ, Millar TR, Smissen RD, Richardson SJ, Laughlin DC. 2016. Root traits are multidimensional: specific root length is independent from root tissue density and the plant economic spectrum. Journal of Ecology 104: 1299-1310.']
Length: 2, dtype: str",Rapanea,australis,Primulaceae,Ericales
Rapanea divaricata,,-0.9680665988214664,3.6504980557807416,"<ArrowStringArray>
['Holdaway RJ, Richardson SJ, Dickie IA, Peltzer DA, Coomes DA. 2011. Species- and community-level patterns in fine root traits along a 120 000-year soil chronosequence in temperate rain forest. Journal of Ecology 99: 954-963.', 'Kramer-Walter KR, Bellingham PJ, Millar TR, Smissen RD, Richardson SJ, Laughlin DC. 2016. Root traits are multidimensional: specific root length is independent from root tissue density and the plant economic spectrum. Journal of Ecology 104: 1299-1310.']
Length: 2, dtype: str",Rapanea,divaricata,Primulaceae,Ericales
Ratibida pinnata,,-0.8209805520698302,4.02535169073515,"<ArrowStringArray>
['Craine JM, Froehle J, Tilman DG, Wedin DA, Chapin FS. 2001. The relationships among root and leaf traits of 76 grassland species and relative abundance among fertility and disturbance gradients. Oikos 93: 274-285']
Length: 1, dtype: str",Ratibida,pinnata,Asteraceae,Asterales
Raukaua simplex,,-1.0216512475319814,3.459466289786131,"<ArrowStringArray>
['Holdaway RJ, Richardson SJ, Dickie IA, Peltzer DA, Coomes DA. 2011. Species- and community-level patterns in fine root traits along a 120 000-year soil chronosequence in temperate rain forest. Journal of Ecology 99: 954-963.']
Length: 1, dtype: str",Raukaua,simplex,Araliaceae,Apiales
Rhamnus alaternus,,-1.0199166417197731,2.7821448194524847,"<ArrowStringArray>
['de la Riva, Navarro-Fernandez, Perez-Ramos, Villar, Maranon. Unpublished.']
Length: 1, dtype: str",Rhamnus,alaternus,Rhamnaceae,Rosales
Rhamnus lycioides,,-1.1427993135577832,3.222429909620088,"<ArrowStringArray>
['de la Riva, Navarro-Fernandez, Perez-Ramos, Villar, Maranon. Unpublished.']
Length: 1, dtype: str",Rhamnus,lycioides,Rhamnaceae,Rosales
Rhododendron ponticum,,-0.8505029913361519,2.854882490144274,"<ArrowStringArray>
['de la Riva, Navarro-Fernandez, Perez-Ramos, Villar, Maranon. Unpublished.']
Length: 1, dtype: str",Rhododendron,ponticum,Ericaceae,Ericales
Rhopalostylis sapida,,-0.6680644001924823,3.1034160946192193,"<ArrowStringArray>
['Kramer-Walter KR, Bellingham PJ, Millar TR, Smissen RD, Richardson SJ, Laughlin DC. 2016. Root traits are multidimensional: specific root length is independent from root tissue density and the plant economic spectrum. Journal of Ecology 104: 1299-1310.']
Length: 1, dtype: str",Rhopalostylis,sapida,Arecaceae,Arecales
Rhus chinensis,,-0.35953617621976464,1.6789639750827108,"<ArrowStringArray>
['Roumet C, Birouste M, Picon-Cochard C, Ghestem M, Osman N, Vrignon-Brenas S, Cao K-F, Stokes A. 2016. Root structure-function relationships in 74 species: evidence of root economics spectrum related to carbon economy. New Phytologist 210: 815-826.']
Length: 1, dtype: str",Rhus,chinensis,Anacardiaceae,Sapindales
Rhus typhina,,-0.7985076962177716,4.3294166844015844,"<ArrowStringArray>
['Comas LH, Eissenstat DM. 2009. Patterns in root trait variation among 25 co-existing North American forest species. New Phytologist 182: 919-928.']
Length: 1, dtype: str",Rhus,typhina,Anacardiaceae,Sapindales
Rosa arkansana,,-1.1856418476412125,3.726321455046138,"<ArrowStringArray>
['Kembel SW, Cahill JF, Jr. 2011. Independent Evolution of Leaf and Root Traits within and among Temperate Grassland Plant Communities. PLoS ONE 6(6): e19992.']
Length: 1, dtype: str",Rosa,arkansana,Rosaceae,Rosales
Rosa canina,,-0.6529173613408791,2.540897280645857,"<ArrowStringArray>
['de la Riva, Navarro-Fernandez, Perez-Ramos, Villar, Maranon. Unpublished.']
Length: 1, dtype: str",Rosa,canina,Rosaceae,Rosales
Rosmarinus officinalis,,-0.8572359690928401,2.467363963126187,"<ArrowStringArray>
['de la Riva, Navarro-Fernandez, Perez-Ramos, Villar, Maranon. Unpublished.']
Length: 1, dtype: str",Rosmarinus,officinalis,Lamiaceae,Lamiales
Rubia peregrina,,-1.0147308046874075,4.645351975620923,"<ArrowStringArray>
['Birouste M, Kazakou E, Blanchard A, Roumet C. 2012. Plant traits and decomposition: are the relationships for roots comparable to those for leaves? Annals of Botany 109: 463-472. ', 'Roumet C, Birouste M, Picon-Cochard C, Ghestem M, Osman N, Vrignon-Brenas S, Cao K-F, Stokes A. 2016. Root structure-function relationships in 74 species: evidence of root economics spectrum related to carbon economy. New Phytologist 210: 815-826.']
Length: 2, dtype: str",Rubia,peregrina,Rubiaceae,Gentianales
Rubus allegheniensis,,-1.6349964724737638,3.2664288641140624,"<ArrowStringArray>
['Caplan JS, Stone BWG, Faillace CA, Lafond JJ, Baumgarten JM, Mozdzer TJ, Dighton J, Meiners SJ, Grabosky JC, Ehrenfeld JG. 2017. Nutrient foraging strategies are associated with productivity and population growth in forest shrubs. Annals of Botany 119: 977-988.']
Length: 1, dtype: str",Rubus,allegheniensis,Rosaceae,Rosales
Rubus corchorifolius,,-1.2039728043259361,6.100094711633431,"<ArrowStringArray>
['Fu X, Wang J, Wang H, Dai X, Yang F, Zhao M. 2016. Response of the fine root production, phenology, and turnover rate of six shrub species from a subtropical forest to a soil moisture gradient and shading. Plant Soil 399: 135-146. ']
Length: 1, dtype: str",Rubus,corchorifolius,Rosaceae,Rosales
Rubus phoenicolasius,,-1.5050154951529964,3.195567292117267,"<ArrowStringArray>
['Caplan JS, Stone BWG, Faillace CA, Lafond JJ, Baumgarten JM, Mozdzer TJ, Dighton J, Meiners SJ, Grabosky JC, Ehrenfeld JG. 2017. Nutrient foraging strategies are associated with productivity and population growth in forest shrubs. Annals of Botany 119: 977-988.']
Length: 1, dtype: str",Rubus,phoenicolasius,Rosaceae,Rosales
Rubus ulmifolius,,-1.102742682010621,2.9745224117776665,"<ArrowStringArray>
['de la Riva, Navarro-Fernandez, Perez-Ramos, Villar, Maranon. Unpublished.']
Length: 1, dtype: str",Rubus,ulmifolius,Rosaceae,Rosales
Rudbeckia hirta,,-1.3327915096025842,5.69426756890243,"<ArrowStringArray>
['Poon GT, Maherali H. 2015. Competitive interactions between a nonmycorrhizal invasive plant, Alliaria petiolata, and a suite of mycorrhizal grassland, old field, and forest species. PeerJ 3: e1090']
Length: 1, dtype: str",Rudbeckia,hirta,Asteraceae,Asterales
Rumex acetosa,,-1.171182981502945,1.5810384379124025,"<ArrowStringArray>
['Smith SW, Woodin SJ, Pakeman RJ, Johnson D, van der Wal R. 2014. Root traits predict decomposition across a landscape-scale grazing experiment. New Phytologist 203: 851-862.']
Length: 1, dtype: str",Rumex,acetosa,Polygonaceae,Caryophyllales
Rumex acetosella,,-1.0788096613719298,4.844187086458591,"<ArrowStringArray>
['Craine JM, Froehle J, Tilman DG, Wedin DA, Chapin FS. 2001. The relationships among root and leaf traits of 76 grassland species and relative abundance among fertility and disturbance gradients. Oikos 93: 274-285']
Length: 1, dtype: str",Rumex,acetosella,Polygonaceae,Caryophyllales
Rungia pectinata,,-0.8119307165499123,2.9161477942111484,"<ArrowStringArray>
['Roumet C, Birouste M, Picon-Cochard C, Ghestem M, Osman N, Vrignon-Brenas S, Cao K-F, Stokes A. 2016. Root structure-function relationships in 74 species: evidence of root economics spectrum related to carbon economy. New Phytologist 210: 815-826.']
Length: 1, dtype: str",Rungia,pectinata,Acanthaceae,Lamiales
Rytidosperma caespitosum,,-1.305636458102436,5.128121989551922,"<ArrowStringArray>
['Mokany K, Ash J. 2008. Are traits measured on pot grown plants representative of those in natural communities? Journal of Vegetation Science 19: 119-126.']
Length: 1, dtype: str",Rytidosperma,caespitosum,Poaceae,Poales
Rytidosperma carphoides,,-1.1583622930738837,4.672361435528415,"<ArrowStringArray>
['Mokany K, Ash J. 2008. Are traits measured on pot grown plants representative of those in natural communities? Journal of Vegetation Science 19: 119-126.']
Length: 1, dtype: str",Rytidosperma,carphoides,Poaceae,Poales
Rytidosperma pallidum,,-0.770028224895903,3.7281001672672174,"<ArrowStringArray>
['Mokany K, Ash J. 2008. Are traits measured on pot grown plants representative of those in natural communities? Journal of Vegetation Science 19: 119-126.']
Length: 1, dtype: str",Rytidosperma,pallidum,Poaceae,Poales
Rytidosperma richardsonii,,-1.5609454600367378,5.204880305864415,"<ArrowStringArray>
['Hill JO, Simpson RJ, Moore AD, Chapman DF. 2006. Morphology and response of roots of pasture species to phosphorus and nitrogen nutrition. Plant and Soil 286: 7-19.']
Length: 1, dtype: str",Rytidosperma,richardsonii,Poaceae,Poales
Salix atrocinerea,,-0.9680446586523068,3.163929590823813,"<ArrowStringArray>
['de la Riva, Navarro-Fernandez, Perez-Ramos, Villar, Maranon. Unpublished.']
Length: 1, dtype: str",Salix,atrocinerea,Salicaceae,Malpighiales
Sambucus canadensis,,-0.893453497971398,5.167856335421548,"<ArrowStringArray>
['Poon GT, Maherali H. 2015. Competitive interactions between a nonmycorrhizal invasive plant, Alliaria petiolata, and a suite of mycorrhizal grassland, old field, and forest species. PeerJ 3: e1090']
Length: 1, dtype: str",Sambucus,canadensis,Adoxaceae,Dipsacales
Sanguisorba minor,,-0.5253898507700704,4.409100289823117,"<ArrowStringArray>
['Roumet C, Birouste M, Picon-Cochard C, Ghestem M, Osman N, Vrignon-Brenas S, Cao K-F, Stokes A. 2016. Root structure-function relationships in 74 species: evidence of root economics spectrum related to carbon economy. New Phytologist 210: 815-826.',
                                                                 'Fort F, Volaire F, Guilioni L, Barkaoui K, Navas ML, Roumet C. 2017. Root traits are related to plant water-use among rangeland Mediterranean species. Functional Ecology 31: 1700-1709',
                                                         'Poirier V, Roumet C, Angers DA, Munson AD. 2018. Species and root traits impact macroaggregation in the rhizospheric soil of a Mediterranean common garden experiment. Plant Soil 424: 289-302.',
                                                                                                                                                                                                                                 'Comas - Pasture species']
Length: 4, dtype: str",Sanguisorba,minor,Rosaceae,Rosales
Schefflera digitata,,-0.5290320257079781,3.8132561635075457,"<ArrowStringArray>
['Holdaway RJ, Richardson SJ, Dickie IA, Peltzer DA, Coomes DA. 2011. Species- and community-level patterns in fine root traits along a 120 000-year soil chronosequence in temperate rain forest. Journal of Ecology 99: 954-963.', 'Kramer-Walter KR, Bellingham PJ, Millar TR, Smissen RD, Richardson SJ, Laughlin DC. 2016. Root traits are multidimensional: specific root length is independent from root tissue density and the plant economic spectrum. Journal of Ecology 104: 1299-1310.']
Length: 2, dtype: str",Schefflera,digitata,Araliaceae,Apiales
Schizachyrium scoparium,,-0.9569695074840612,3.986735115817894,"<ArrowStringArray>
['Craine JM, Froehle J, Tilman DG, Wedin DA, Chapin FS. 2001. The relationships among root and leaf traits of 76 grassland species and relative abundance among fertility and disturbance gradients. Oikos 93: 274-285', 'Craine J. Unpublished data.']
Length: 2, dtype: str",Schizachyrium,scoparium,Poaceae,Poales
Serissa japonica,,-1.1086626245216111,6.228905403123016,"<ArrowStringArray>
['Fu X, Wang J, Wang H, Dai X, Yang F, Zhao M. 2016. Response of the fine root production, phenology, and turnover rate of six shrub species from a subtropical forest to a soil moisture gradient and shading. Plant Soil 399: 135-146. ']
Length: 1, dtype: str",Serissa,japonica,Rubiaceae,Gentianales
Shorea acuminata,,-0.8721661967494261,3.313569615107139,"<ArrowStringArray>
['Makita N, Kosugi Y, Dannoura M, Takanashi S, Niiyama K, Kassim AR, Nik AR. 2012. Patterns of root respiration rates and morphological traits in 13 tree species in a tropical forest. Tree Physiology 32: 303-312.']
Length: 1, dtype: str",Shorea,acuminata,Dipterocarpaceae,Malvales
Shorea leprosula,,-1.0734262544155966,3.218846728444904,"<ArrowStringArray>
['Makita N, Kosugi Y, Dannoura M, Takanashi S, Niiyama K, Kassim AR, Nik AR. 2012. Patterns of root respiration rates and morphological traits in 13 tree species in a tropical forest. Tree Physiology 32: 303-312.']
Length: 1, dtype: str",Shorea,leprosula,Dipterocarpaceae,Malvales
Shorea multiflora,,-0.12590341688915566,0.6628897455013167,"<ArrowStringArray>
['Makita N, Kosugi Y, Dannoura M, Takanashi S, Niiyama K, Kassim AR, Nik AR. 2012. Patterns of root respiration rates and morphological traits in 13 tree species in a tropical forest. Tree Physiology 32: 303-312.']
Length: 1, dtype: str",Shorea,multiflora,Dipterocarpaceae,Malvales
Sibbaldianthe bifurca,,-1.3280254529959148,3.9446837876676946,"<ArrowStringArray>
['Zhou M, Wang J, Bai W, Zhang Y, Zhang W-H. 2019. The response of root traits to precipitation change of herbaceous species in temperate steppes. Functional Ecology, in press.']
Length: 1, dtype: str",Sibbaldianthe,bifurca,Rosaceae,Rosales
Sida acuta,,-0.8964881045779755,2.949164637737656,"<ArrowStringArray>
['Roumet C, Birouste M, Picon-Cochard C, Ghestem M, Osman N, Vrignon-Brenas S, Cao K-F, Stokes A. 2016. Root structure-function relationships in 74 species: evidence of root economics spectrum related to carbon economy. New Phytologist 210: 815-826.']
Length: 1, dtype: str",Sida,acuta,Malvaceae,Malvales
Sideritis pusilla,,-1.1562149188045685,1.9670460126870186,"<ArrowStringArray>
['de la Riva, Navarro-Fernandez, Perez-Ramos, Villar, Maranon. Unpublished.']
Length: 1, dtype: str",Sideritis,pusilla,Lamiaceae,Lamiales
Silene rupestris,,-0.5516476182862459,2.8707357833793057,"<ArrowStringArray>
['Roumet C, Birouste M, Picon-Cochard C, Ghestem M, Osman N, Vrignon-Brenas S, Cao K-F, Stokes A. 2016. Root structure-function relationships in 74 species: evidence of root economics spectrum related to carbon economy. New Phytologist 210: 815-826.']
Length: 1, dtype: str",Silene,rupestris,Caryophyllaceae,Caryophyllales
Smilax aspera,,-0.7548763183796662,2.3310310236994383,"<ArrowStringArray>
['de la Riva, Navarro-Fernandez, Perez-Ramos, Villar, Maranon. Unpublished.']
Length: 1, dtype: str",Smilax,aspera,Smilacaceae,Liliales
Solanum americanum,,-0.8843076860211043,3.7395725684294545,"<ArrowStringArray>
['Roumet C, Birouste M, Picon-Cochard C, Ghestem M, Osman N, Vrignon-Brenas S, Cao K-F, Stokes A. 2016. Root structure-function relationships in 74 species: evidence of root economics spectrum related to carbon economy. New Phytologist 210: 815-826.']
Length: 1, dtype: str",Solanum,americanum,Solanaceae,Solanales
Solidago canadensis,,-1.5813364823232257,6.046421490121615,"<ArrowStringArray>
['Poon GT, Maherali H. 2015. Competitive interactions between a nonmycorrhizal invasive plant, Alliaria petiolata, and a suite of mycorrhizal grassland, old field, and forest species. PeerJ 3: e1090']
Length: 1, dtype: str",Solidago,canadensis,Asteraceae,Asterales
Solidago missouriensis,,-1.1278866303423978,4.607294958060293,"<ArrowStringArray>
['Kembel SW, Cahill JF, Jr. 2011. Independent Evolution of Leaf and Root Traits within and among Temperate Grassland Plant Communities. PLoS ONE 6(6): e19992.']
Length: 1, dtype: str",Solidago,missouriensis,Asteraceae,Asterales
Solidago nemoralis,,-1.0028703838886066,5.764657181120432,"<ArrowStringArray>
['Craine JM, Froehle J, Tilman DG, Wedin DA, Chapin FS. 2001. The relationships among root and leaf traits of 76 grassland species and relative abundance among fertility and disturbance gradients. Oikos 93: 274-285', 'Comas - Pasture species']
Length: 2, dtype: str",Solidago,nemoralis,Asteraceae,Asterales
Solidago ptarmicoides,,-0.941608539858445,3.5263605246161616,"<ArrowStringArray>
['Craine JM, Froehle J, Tilman DG, Wedin DA, Chapin FS. 2001. The relationships among root and leaf traits of 76 grassland species and relative abundance among fertility and disturbance gradients. Oikos 93: 274-285']
Length: 1, dtype: str",Solidago,ptarmicoides,Asteraceae,Asterales
Solidago rigida,,-0.7290367532474269,3.586696471228973,"<ArrowStringArray>
['Craine JM, Froehle J, Tilman DG, Wedin DA, Chapin FS. 2001. The relationships among root and leaf traits of 76 grassland species and relative abundance among fertility and disturbance gradients. Oikos 93: 274-285',
                                                         'Kembel SW, Cahill JF, Jr. 2011. Independent Evolution of Leaf and Root Traits within and among Temperate Grassland Plant Communities. PLoS ONE 6(6): e19992.',
                                                                                                                                                                                          'Craine J. Unpublished data.']
Length: 3, dtype: str",Solidago,rigida,Asteraceae,Asterales
Solidago speciosa,,-0.9675840262617056,3.828641396489095,"<ArrowStringArray>
['Craine JM, Froehle J, Tilman DG, Wedin DA, Chapin FS. 2001. The relationships among root and leaf traits of 76 grassland species and relative abundance among fertility and disturbance gradients. Oikos 93: 274-285']
Length: 1, dtype: str",Solidago,speciosa,Asteraceae,Asterales
Sophora microphylla,,-0.6643653791344931,3.267919444914978,"<ArrowStringArray>
['Kramer-Walter KR, Bellingham PJ, Millar TR, Smissen RD, Richardson SJ, Laughlin DC. 2016. Root traits are multidimensional: specific root length is independent from root tissue density and the plant economic spectrum. Journal of Ecology 104: 1299-1310.']
Length: 1, dtype: str",Sophora,microphylla,Fabaceae,Fabales
Sorghastrum nutans,,-1.3093333199837622,4.672828834461906,"<ArrowStringArray>
['Craine JM, Froehle J, Tilman DG, Wedin DA, Chapin FS. 2001. The relationships among root and leaf traits of 76 grassland species and relative abundance among fertility and disturbance gradients. Oikos 93: 274-285']
Length: 1, dtype: str",Sorghastrum,nutans,Poaceae,Poales
Sphaeralcea coccinea,,-1.1510641486705337,4.1833313048084735,"<ArrowStringArray>
['Kembel SW, Cahill JF, Jr. 2011. Independent Evolution of Leaf and Root Traits within and among Temperate Grassland Plant Communities. PLoS ONE 6(6): e19992.']
Length: 1, dtype: str",Sphaeralcea,coccinea,Malvaceae,Malvales
Sporobolus heterolepis,,-1.0498221244986778,3.9512437185814275,"<ArrowStringArray>
['Craine JM, Froehle J, Tilman DG, Wedin DA, Chapin FS. 2001. The relationships among root and leaf traits of 76 grassland species and relative abundance among fertility and disturbance gradients. Oikos 93: 274-285']
Length: 1, dtype: str",Sporobolus,heterolepis,Poaceae,Poales
Stauracanthus genistoides,,-0.816445396904439,2.5758454344059665,"<ArrowStringArray>
['de la Riva, Navarro-Fernandez, Perez-Ramos, Villar, Maranon. Unpublished.']
Length: 1, dtype: str",Stauracanthus,genistoides,Fabaceae,Fabales
Sticherus cunninghamii,,-1.2378743560016174,2.8213788864092133,"<ArrowStringArray>
['Holdaway RJ, Richardson SJ, Dickie IA, Peltzer DA, Coomes DA. 2011. Species- and community-level patterns in fine root traits along a 120 000-year soil chronosequence in temperate rain forest. Journal of Ecology 99: 954-963.']
Length: 1, dtype: str",Sticherus,cunninghamii,Gleicheniaceae,Gleicheniales
Stipa comata,,-1.5216232860523249,4.70389731137906,"<ArrowStringArray>
['Kembel SW, Cahill JF, Jr. 2011. Independent Evolution of Leaf and Root Traits within and among Temperate Grassland Plant Communities. PLoS ONE 6(6): e19992.']
Length: 1, dtype: str",Stipa,comata,Poaceae,Poales
Stipa krylovii,,-1.3093333199837622,4.746669748261791,"<ArrowStringArray>
['Zhou M, Wang J, Bai W, Zhang Y, Zhang W-H. 2019. The response of root traits to precipitation change of herbaceous species in temperate steppes. Functional Ecology, in press.']
Length: 1, dtype: str",Stipa,krylovii,Poaceae,Poales
Stipa pennata,,-0.9369468409423073,3.9280901425386214,"<ArrowStringArray>
['Roumet C, Birouste M, Picon-Cochard C, Ghestem M, Osman N, Vrignon-Brenas S, Cao K-F, Stokes A. 2016. Root structure-function relationships in 74 species: evidence of root economics spectrum related to carbon economy. New Phytologist 210: 815-826.',
                                                                 'Fort F, Volaire F, Guilioni L, Barkaoui K, Navas ML, Roumet C. 2017. Root traits are related to plant water-use among rangeland Mediterranean species. Functional Ecology 31: 1700-1709',
                                                         'Poirier V, Roumet C, Angers DA, Munson AD. 2018. Species and root traits impact macroaggregation in the rhizospheric soil of a Mediterranean common garden experiment. Plant Soil 424: 289-302.']
Length: 3, dtype: str",Stipa,pennata,Poaceae,Poales
Stipa purpurea,,-0.527632742082372,0.03683325004534898,"<ArrowStringArray>
['Hong J, Ma X, Yan Y, Zhang X, Wang X. 2017. Which root traits determine nitrogen uptake by alpine plant species on the Tibetan Plateau? Plant Soil, in press. ']
Length: 1, dtype: str",Stipa,purpurea,Poaceae,Poales
Stipa spartea,,-1.3878956424868645,4.016647616554643,"<ArrowStringArray>
['Kembel SW, Cahill JF, Jr. 2011. Independent Evolution of Leaf and Root Traits within and among Temperate Grassland Plant Communities. PLoS ONE 6(6): e19992.']
Length: 1, dtype: str",Stipa,spartea,Poaceae,Poales
Symphoricarpos occidentalis,,-1.1944075872235103,3.893871976060932,"<ArrowStringArray>
['Kembel SW, Cahill JF, Jr. 2011. Independent Evolution of Leaf and Root Traits within and among Temperate Grassland Plant Communities. PLoS ONE 6(6): e19992.']
Length: 1, dtype: str",Symphoricarpos,occidentalis,Caprifoliaceae,Dipsacales
Symphyotrichum ciliolatum,,-1.7406861990440543,4.71076309414069,"<ArrowStringArray>
['Kembel SW, Cahill JF, Jr. 2011. Independent Evolution of Leaf and Root Traits within and among Temperate Grassland Plant Communities. PLoS ONE 6(6): e19992.']
Length: 1, dtype: str",Symphyotrichum,ciliolatum,Asteraceae,Asterales
Symphyotrichum ericoides,,-1.119938075382862,4.491497441499515,"<ArrowStringArray>
['Craine JM, Froehle J, Tilman DG, Wedin DA, Chapin FS. 2001. The relationships among root and leaf traits of 76 grassland species and relative abundance among fertility and disturbance gradients. Oikos 93: 274-285', 'Kembel SW, Cahill JF, Jr. 2011. Independent Evolution of Leaf and Root Traits within and among Temperate Grassland Plant Communities. PLoS ONE 6(6): e19992.']
Length: 2, dtype: str",Symphyotrichum,ericoides,Asteraceae,Asterales
Symphyotrichum falcatum,,-1.1673837560953204,4.13519143659285,"<ArrowStringArray>
['Kembel SW, Cahill JF, Jr. 2011. Independent Evolution of Leaf and Root Traits within and among Temperate Grassland Plant Communities. PLoS ONE 6(6): e19992.']
Length: 1, dtype: str",Symphyotrichum,falcatum,Asteraceae,Asterales
Symphyotrichum laeve,,-1.2039728043259361,4.48863636973214,"<ArrowStringArray>
['Craine JM, Froehle J, Tilman DG, Wedin DA, Chapin FS. 2001. The relationships among root and leaf traits of 76 grassland species and relative abundance among fertility and disturbance gradients. Oikos 93: 274-285']
Length: 1, dtype: str",Symphyotrichum,laeve,Asteraceae,Asterales
Symphyotrichum novae-angliae,,-0.7765287894989963,3.9512437185814275,"<ArrowStringArray>
['Craine JM, Froehle J, Tilman DG, Wedin DA, Chapin FS. 2001. The relationships among root and leaf traits of 76 grassland species and relative abundance among fertility and disturbance gradients. Oikos 93: 274-285']
Length: 1, dtype: str",Symphyotrichum,novae-angliae,Asteraceae,Asterales
Symphyotrichum oolentangiense,,-1.0498221244986778,4.465908118654584,"<ArrowStringArray>
['Craine JM, Froehle J, Tilman DG, Wedin DA, Chapin FS. 2001. The relationships among root and leaf traits of 76 grassland species and relative abundance among fertility and disturbance gradients. Oikos 93: 274-285']
Length: 1, dtype: str",Symphyotrichum,oolentangiense,Asteraceae,Asterales
Symphyotrichum puniceum,,-1.2729656758128873,4.955827057601261,"<ArrowStringArray>
['Craine JM, Froehle J, Tilman DG, Wedin DA, Chapin FS. 2001. The relationships among root and leaf traits of 76 grassland species and relative abundance among fertility and disturbance gradients. Oikos 93: 274-285']
Length: 1, dtype: str",Symphyotrichum,puniceum,Asteraceae,Asterales
Syzygium castaneum,,-0.7258582186077501,3.295399059743442,"<ArrowStringArray>
['Ushio M, Fujiki Y, Hidaka A, Kitayama K. 2015. Linkage of root physiology and morphology as an adaptation to soil phosphorus impoverishment in tropical montane forests. Functional Ecology 29: 1235-1245.']
Length: 1, dtype: str",Syzygium,castaneum,Myrtaceae,Myrtales
Syzygium kunstleri,,-0.6145670804370882,3.0724849596523827,"<ArrowStringArray>
['Ushio M, Fujiki Y, Hidaka A, Kitayama K. 2015. Linkage of root physiology and morphology as an adaptation to soil phosphorus impoverishment in tropical montane forests. Functional Ecology 29: 1235-1245.']
Length: 1, dtype: str",Syzygium,kunstleri,Myrtaceae,Myrtales
Syzygium maire,,-1.1034740880850173,4.267999807329096,"<ArrowStringArray>
['Kramer-Walter KR, Bellingham PJ, Millar TR, Smissen RD, Richardson SJ, Laughlin DC. 2016. Root traits are multidimensional: specific root length is independent from root tissue density and the plant economic spectrum. Journal of Ecology 104: 1299-1310.']
Length: 1, dtype: str",Syzygium,maire,Myrtaceae,Myrtales
Syzygium malaccense,,-1.2039728043259361,5.0795392727434665,"<ArrowStringArray>
['Rajab YA, Holscher D, Leuschner C, Barus H, Tjoa A, Hertel D. 2018. Effects of shade tree cover and diversity on root system structure and dynamics in cacao agroforests: The role of root competition and space partitioning. Plant Soil 422: 349-369.']
Length: 1, dtype: str",Syzygium,malaccense,Myrtaceae,Myrtales
Syzygium napiforme,,-0.8559602709658569,3.2558199100079093,"<ArrowStringArray>
['Ushio M, Fujiki Y, Hidaka A, Kitayama K. 2015. Linkage of root physiology and morphology as an adaptation to soil phosphorus impoverishment in tropical montane forests. Functional Ecology 29: 1235-1245.']
Length: 1, dtype: str",Syzygium,napiforme,Myrtaceae,Myrtales
Syzygium pachysepalum,,-0.7011793522572096,2.9680612716289456,"<ArrowStringArray>
['Ushio M, Fujiki Y, Hidaka A, Kitayama K. 2015. Linkage of root physiology and morphology as an adaptation to soil phosphorus impoverishment in tropical montane forests. Functional Ecology 29: 1235-1245.']
Length: 1, dtype: str",Syzygium,pachysepalum,Myrtaceae,Myrtales
Syzygium subdecussatum,,-0.4242657375718818,2.4527922932307433,"<ArrowStringArray>
['Ushio M, Fujiki Y, Hidaka A, Kitayama K. 2015. Linkage of root physiology and morphology as an adaptation to soil phosphorus impoverishment in tropical montane forests. Functional Ecology 29: 1235-1245.']
Length: 1, dtype: str",Syzygium,subdecussatum,Myrtaceae,Myrtales
Tanaecium pyramidatum,,-0.33678361735516227,2.966051958452808,"<ArrowStringArray>
['Collins CG, Wright SJ, Wurzburger N. 2016. Root and leaf traits reflect distinct resource acquisition strategies in tropical lianas and trees. Oecologia 180: 1037-1047.']
Length: 1, dtype: str",Tanaecium,pyramidatum,Bignoniaceae,Lamiales
Taraxacum campylodes,,-1.3798402338800921,5.2339855443800944,"<ArrowStringArray>
['Roumet C, Birouste M, Picon-Cochard C, Ghestem M, Osman N, Vrignon-Brenas S, Cao K-F, Stokes A. 2016. Root structure-function relationships in 74 species: evidence of root economics spectrum related to carbon economy. New Phytologist 210: 815-826.',
                                                    'Poon GT, Maherali H. 2015. Competitive interactions between a nonmycorrhizal invasive plant, Alliaria petiolata, and a suite of mycorrhizal grassland, old field, and forest species. PeerJ 3: e1090',
                                                                                                                                                                                                                                 'Comas - Pasture species',
                                                                                            'Kembel SW, Cahill JF, Jr. 2011. Independent Evolution of Leaf and Root Traits within and among Temperate Grassland Plant Communities. PLoS ONE 6(6): e19992.']
Length: 4, dtype: str",Taraxacum,campylodes,Asteraceae,Asterales
Terminalia amazonia,,-0.47658662231622245,2.5408591540055725,"<ArrowStringArray>
['Collins CG, Wright SJ, Wurzburger N. 2016. Root and leaf traits reflect distinct resource acquisition strategies in tropical lianas and trees. Oecologia 180: 1037-1047.']
Length: 1, dtype: str",Terminalia,amazonia,Combretaceae,Myrtales
Ternstroemia coriacea,,-0.27575350158650713,2.191122665144751,"<ArrowStringArray>
['Ushio M, Fujiki Y, Hidaka A, Kitayama K. 2015. Linkage of root physiology and morphology as an adaptation to soil phosphorus impoverishment in tropical montane forests. Functional Ecology 29: 1235-1245.']
Length: 1, dtype: str",Ternstroemia,coriacea,Pentaphylacaceae,Ericales
Tetractomia tetrandra,,-0.6866682144622362,3.6368951315477167,"<ArrowStringArray>
['Ushio M, Fujiki Y, Hidaka A, Kitayama K. 2015. Linkage of root physiology and morphology as an adaptation to soil phosphorus impoverishment in tropical montane forests. Functional Ecology 29: 1235-1245.']
Length: 1, dtype: str",Tetractomia,tetrandra,Rutaceae,Sapindales
Teucrium chamaedrys,,-1.156771202841642,4.885109863301713,"<ArrowStringArray>
['Birouste M, Kazakou E, Blanchard A, Roumet C. 2012. Plant traits and decomposition: are the relationships for roots comparable to those for leaves? Annals of Botany 109: 463-472. ', 'Roumet C, Birouste M, Picon-Cochard C, Ghestem M, Osman N, Vrignon-Brenas S, Cao K-F, Stokes A. 2016. Root structure-function relationships in 74 species: evidence of root economics spectrum related to carbon economy. New Phytologist 210: 815-826.']
Length: 2, dtype: str",Teucrium,chamaedrys,Lamiaceae,Lamiales
Teucrium charidemi,,-0.7959554005416274,1.2958499515570632,"<ArrowStringArray>
['de la Riva, Navarro-Fernandez, Perez-Ramos, Villar, Maranon. Unpublished.']
Length: 1, dtype: str",Teucrium,charidemi,Lamiaceae,Lamiales
Teucrium fruticans,,-0.9641032490961401,2.7007519797555455,"<ArrowStringArray>
['de la Riva, Navarro-Fernandez, Perez-Ramos, Villar, Maranon. Unpublished.']
Length: 1, dtype: str",Teucrium,fruticans,Lamiaceae,Lamiales
Themeda triandra,,-0.9942522733438669,4.1198498526304625,"<ArrowStringArray>
['Mokany K, Ash J. 2008. Are traits measured on pot grown plants representative of those in natural communities? Journal of Vegetation Science 19: 119-126.']
Length: 1, dtype: str",Themeda,triandra,Poaceae,Poales
Theobroma cacao,,-0.579818495252942,3.4671238280745746,"<ArrowStringArray>
['Rajab YA, Holscher D, Leuschner C, Barus H, Tjoa A, Hertel D. 2018. Effects of shade tree cover and diversity on root system structure and dynamics in cacao agroforests: The role of root competition and space partitioning. Plant Soil 422: 349-369.']
Length: 1, dtype: str",Theobroma,cacao,Malvaceae,Malvales
Thermopsis rhombifolia,,-1.3938226275406822,4.643452580211669,"<ArrowStringArray>
['Kembel SW, Cahill JF, Jr. 2011. Independent Evolution of Leaf and Root Traits within and among Temperate Grassland Plant Communities. PLoS ONE 6(6): e19992.']
Length: 1, dtype: str",Thermopsis,rhombifolia,Fabaceae,Fabales
Thuja occidentalis,,-1.152076358537434,4.691342262708767,"<ArrowStringArray>
['Poon GT, Maherali H. 2015. Competitive interactions between a nonmycorrhizal invasive plant, Alliaria petiolata, and a suite of mycorrhizal grassland, old field, and forest species. PeerJ 3: e1090']
Length: 1, dtype: str",Thuja,occidentalis,Cupressaceae,Pinales
Thymelaea hirsuta,,-0.9167908569158374,1.6748172628506357,"<ArrowStringArray>
['de la Riva, Navarro-Fernandez, Perez-Ramos, Villar, Maranon. Unpublished.']
Length: 1, dtype: str",Thymelaea,hirsuta,Thymelaeaceae,Malvales
Thymus dolomiticus,,-1.0663393725796793,4.168172739022467,"<ArrowStringArray>
['Roumet C, Birouste M, Picon-Cochard C, Ghestem M, Osman N, Vrignon-Brenas S, Cao K-F, Stokes A. 2016. Root structure-function relationships in 74 species: evidence of root economics spectrum related to carbon economy. New Phytologist 210: 815-826.',
                                                                 'Fort F, Volaire F, Guilioni L, Barkaoui K, Navas ML, Roumet C. 2017. Root traits are related to plant water-use among rangeland Mediterranean species. Functional Ecology 31: 1700-1709',
                                                         'Poirier V, Roumet C, Angers DA, Munson AD. 2018. Species and root traits impact macroaggregation in the rhizospheric soil of a Mediterranean common garden experiment. Plant Soil 424: 289-302.']
Length: 3, dtype: str",Thymus,dolomiticus,Lamiaceae,Lamiales
Thymus hyemalis,,-0.8740098021176559,1.5996100623338587,"<ArrowStringArray>
['de la Riva, Navarro-Fernandez, Perez-Ramos, Villar, Maranon. Unpublished.']
Length: 1, dtype: str",Thymus,hyemalis,Lamiaceae,Lamiales
Thymus mastichina,,-1.269667549188171,3.057933054461179,"<ArrowStringArray>
['de la Riva, Navarro-Fernandez, Perez-Ramos, Villar, Maranon. Unpublished.']
Length: 1, dtype: str",Thymus,mastichina,Lamiaceae,Lamiales
Tilia americana,,-0.8043581098959471,4.613627495710977,"<ArrowStringArray>
['Comas LH, Eissenstat DM. 2009. Patterns in root trait variation among 25 co-existing North American forest species. New Phytologist 182: 919-928.', 'Valverde-Barrantes OJ, Smemo KA,  Feinstein LM, Kershner MW, Blackwood CB. 2015. Aggregated and complementary: symmetric proliferation, overyielding, and mass effects explain fine-root biomass in soil patches in a diverse temperate deciduous forest landscape. New Phytologist 205(2): 731-742.']
Length: 2, dtype: str",Tilia,americana,Malvaceae,Malvales
Tordylium maximum,,-1.2694006096483912,5.590464455958976,"<ArrowStringArray>
['Birouste M, Kazakou E, Blanchard A, Roumet C. 2012. Plant traits and decomposition: are the relationships for roots comparable to those for leaves? Annals of Botany 109: 463-472. ', 'Roumet C, Birouste M, Picon-Cochard C, Ghestem M, Osman N, Vrignon-Brenas S, Cao K-F, Stokes A. 2016. Root structure-function relationships in 74 species: evidence of root economics spectrum related to carbon economy. New Phytologist 210: 815-826.']
Length: 2, dtype: str",Tordylium,maximum,Apiaceae,Apiales
Toxicoscordion venenosum,,-1.0546911016101816,4.410553351099985,"<ArrowStringArray>
['Kembel SW, Cahill JF, Jr. 2011. Independent Evolution of Leaf and Root Traits within and among Temperate Grassland Plant Communities. PLoS ONE 6(6): e19992.']
Length: 1, dtype: str",Toxicoscordion,venenosum,Melanthiaceae,Liliales
Tragopogon dubius,,-1.2559680994443163,4.741745898589571,"<ArrowStringArray>
['Kembel SW, Cahill JF, Jr. 2011. Independent Evolution of Leaf and Root Traits within and among Temperate Grassland Plant Communities. PLoS ONE 6(6): e19992.']
Length: 1, dtype: str",Tragopogon,dubius,Asteraceae,Asterales
Trichophorum cespitosum,,-0.8556661100577202,3.5686872687855304,"<ArrowStringArray>
['Roumet C, Birouste M, Picon-Cochard C, Ghestem M, Osman N, Vrignon-Brenas S, Cao K-F, Stokes A. 2016. Root structure-function relationships in 74 species: evidence of root economics spectrum related to carbon economy. New Phytologist 210: 815-826.']
Length: 1, dtype: str",Trichophorum,cespitosum,Cyperaceae,Poales
Trifolium angustifolium,,-0.8964881045779756,4.852498904090656,"<ArrowStringArray>
[                                                                    'Birouste M, Kazakou E, Blanchard A, Roumet C. 2012. Plant traits and decomposition: are the relationships for roots comparable to those for leaves? Annals of Botany 109: 463-472. ',
                                                                      'Roumet C, Lafont F, Sari M, Warembourg F, Garnier E. 2008. Root traits and taxonomic affiliation of nine herbaceous species grown in glasshouse conditions. Plant Soil 312:69-83. ',
 'Roumet C, Birouste M, Picon-Cochard C, Ghestem M, Osman N, Vrignon-Brenas S, Cao K-F, Stokes A. 2016. Root structure-function relationships in 74 species: evidence of root economics spectrum related to carbon economy. New Phytologist 210: 815-826.']
Length: 3, dtype: str",Trifolium,angustifolium,Fabaceae,Fabales
Trifolium dubium,,-1.2482730632225159,5.241747015059643,"<ArrowStringArray>
['Mokany K, Ash J. 2008. Are traits measured on pot grown plants representative of those in natural communities? Journal of Vegetation Science 19: 119-126.']
Length: 1, dtype: str",Trifolium,dubium,Fabaceae,Fabales
Trifolium hirtum,,-1.2435592187397728,5.602828405411903,"<ArrowStringArray>
['Yang Z, Culvenor RA, Haling RE, Stefanski A, Ryan MH, Sandral GA, Kidd DR, Lambers H, Simpson RJ. 2015. Variation in root traits associated with nutrient foraging among temperate legumes and grasses. Grass and Forage Science, early view article']
Length: 1, dtype: str",Trifolium,hirtum,Fabaceae,Fabales
Trifolium incarnatum,,-1.2900321110419712,5.572457321732169,"<ArrowStringArray>
['Yang Z, Culvenor RA, Haling RE, Stefanski A, Ryan MH, Sandral GA, Kidd DR, Lambers H, Simpson RJ. 2015. Variation in root traits associated with nutrient foraging among temperate legumes and grasses. Grass and Forage Science, early view article']
Length: 1, dtype: str",Trifolium,incarnatum,Fabaceae,Fabales
Trifolium pratense,,-1.3192233351956377,5.018514850711326,"<ArrowStringArray>
['Craine JM, Froehle J, Tilman DG, Wedin DA, Chapin FS. 2001. The relationships among root and leaf traits of 76 grassland species and relative abundance among fertility and disturbance gradients. Oikos 93: 274-285',
                 'Poon GT, Maherali H. 2015. Competitive interactions between a nonmycorrhizal invasive plant, Alliaria petiolata, and a suite of mycorrhizal grassland, old field, and forest species. PeerJ 3: e1090',
                                                                                                                                                                                              'Comas - Pasture species']
Length: 3, dtype: str",Trifolium,pratense,Fabaceae,Fabales
Trifolium purpureum,,-1.0822821765210842,5.300096768473002,"<ArrowStringArray>
['Yang Z, Culvenor RA, Haling RE, Stefanski A, Ryan MH, Sandral GA, Kidd DR, Lambers H, Simpson RJ. 2015. Variation in root traits associated with nutrient foraging among temperate legumes and grasses. Grass and Forage Science, early view article', 'Comas - Pasture species']
Length: 2, dtype: str",Trifolium,purpureum,Fabaceae,Fabales
Trifolium repens,,-1.1188149949652209,6.218383034377429,"<ArrowStringArray>
['Comas - Pasture species']
Length: 1, dtype: str",Trifolium,repens,Fabaceae,Fabales
Trifolium spumosum,,-1.1679268224185348,5.5040936397704145,"<ArrowStringArray>
['Yang Z, Culvenor RA, Haling RE, Stefanski A, Ryan MH, Sandral GA, Kidd DR, Lambers H, Simpson RJ. 2015. Variation in root traits associated with nutrient foraging among temperate legumes and grasses. Grass and Forage Science, early view article']
Length: 1, dtype: str",Trifolium,spumosum,Fabaceae,Fabales
Trifolium subterraneum,,-0.9080440708248549,4.9321152611614165,"<ArrowStringArray>
[                                                                                'Hill JO, Simpson RJ, Moore AD, Chapman DF. 2006. Morphology and response of roots of pasture species to phosphorus and nitrogen nutrition. Plant and Soil 286: 7-19.',
                                                                                            'Mokany K, Ash J. 2008. Are traits measured on pot grown plants representative of those in natural communities? Journal of Vegetation Science 19: 119-126.',
 'Yang Z, Culvenor RA, Haling RE, Stefanski A, Ryan MH, Sandral GA, Kidd DR, Lambers H, Simpson RJ. 2015. Variation in root traits associated with nutrient foraging among temperate legumes and grasses. Grass and Forage Science, early view article',
                                                                     'Jeffery RP, Simpson RJ, Lambers H, Kidd DR, Ryan MH. 2017. Root morphology acclimation to phosphorus supply by six cultivars of Trifolium subterraneum L. Plant Soil 412: 21-34.']
Length: 4, dtype: str",Trifolium,subterraneum,Fabaceae,Fabales
Trisetum flavescens,,-1.5511690043101247,5.764469839602284,"<ArrowStringArray>
['Roumet C, Birouste M, Picon-Cochard C, Ghestem M, Osman N, Vrignon-Brenas S, Cao K-F, Stokes A. 2016. Root structure-function relationships in 74 species: evidence of root economics spectrum related to carbon economy. New Phytologist 210: 815-826.']
Length: 1, dtype: str",Trisetum,flavescens,Poaceae,Poales
Tristaniopsis clementis,,-1.1631508098056809,3.688795075554166,"<ArrowStringArray>
['Ushio M, Fujiki Y, Hidaka A, Kitayama K. 2015. Linkage of root physiology and morphology as an adaptation to soil phosphorus impoverishment in tropical montane forests. Functional Ecology 29: 1235-1245.']
Length: 1, dtype: str",Tristaniopsis,clementis,Myrtaceae,Myrtales
Tristaniopsis elliptica,,-1.2131817434112457,3.7239147378724575,"<ArrowStringArray>
['Ushio M, Fujiki Y, Hidaka A, Kitayama K. 2015. Linkage of root physiology and morphology as an adaptation to soil phosphorus impoverishment in tropical montane forests. Functional Ecology 29: 1235-1245.']
Length: 1, dtype: str",Tristaniopsis,elliptica,Myrtaceae,Myrtales
Triticum durum,,-0.6931471805599453,3.6222053208459437,"<ArrowStringArray>
['Prieto I, Roumet C, Cardinael R, Dupraz C, Jourdan C, Kim JH, Maeght JL, Mao Z, Pierret A, Portillo N, Roupsard O, Thammahacksa C, Stokes A. 2015. Root functional parameters along a land-use gradient: evidence of a community-level economics spectrum. Journal of Ecology 103: 361-363.']
Length: 1, dtype: str",Triticum,durum,Poaceae,Poales
Tsuga canadensis,,-0.6931471805599453,2.9601050959108397,"<ArrowStringArray>
['Comas LH, Eissenstat DM. 2009. Patterns in root trait variation among 25 co-existing North American forest species. New Phytologist 182: 919-928.']
Length: 1, dtype: str",Tsuga,canadensis,Pinaceae,Pinales
Ulex parviflorus,,-0.9856966355221471,2.2180232141147225,"<ArrowStringArray>
['de la Riva, Navarro-Fernandez, Perez-Ramos, Villar, Maranon. Unpublished.']
Length: 1, dtype: str",Ulex,parviflorus,Fabaceae,Fabales
Ulmus minor,,-1.0559839266124866,2.9924656414161306,"<ArrowStringArray>
['de la Riva, Navarro-Fernandez, Perez-Ramos, Villar, Maranon. Unpublished.']
Length: 1, dtype: str",Ulmus,minor,Ulmaceae,Rosales
Ulmus rubra,,-0.9942522733438669,4.370712874773608,"<ArrowStringArray>
['Comas LH, Eissenstat DM. 2009. Patterns in root trait variation among 25 co-existing North American forest species. New Phytologist 182: 919-928.']
Length: 1, dtype: str",Ulmus,rubra,Ulmaceae,Rosales
Vaccinium bracteatum,,-1.3470736479666092,6.311553304478671,"<ArrowStringArray>
['Fu X, Wang J, Wang H, Dai X, Yang F, Zhao M. 2016. Response of the fine root production, phenology, and turnover rate of six shrub species from a subtropical forest to a soil moisture gradient and shading. Plant Soil 399: 135-146. ']
Length: 1, dtype: str",Vaccinium,bracteatum,Ericaceae,Ericales
Vepris nobilis,,-0.2876820724517809,1.8484548129046001,"<ArrowStringArray>
['Assefa D, Godbold DL, Belay B, Abiya A, Rewald B. 2018. Fine root morphology, biochemistry and litter quality indices of fast- and slow-growing woody species in Ethiopian highland forest. Ecosystems 21: 482-494.']
Length: 1, dtype: str",Vepris,nobilis,Rutaceae,Sapindales
Verbascum thapsus,,-1.1086626245216111,4.0943445622221,"<ArrowStringArray>
['Craine JM, Froehle J, Tilman DG, Wedin DA, Chapin FS. 2001. The relationships among root and leaf traits of 76 grassland species and relative abundance among fertility and disturbance gradients. Oikos 93: 274-285']
Length: 1, dtype: str",Verbascum,thapsus,Scrophulariaceae,Lamiales
Verbena hastata,,-1.1394342831883648,4.5217885770490405,"<ArrowStringArray>
['Craine JM, Froehle J, Tilman DG, Wedin DA, Chapin FS. 2001. The relationships among root and leaf traits of 76 grassland species and relative abundance among fertility and disturbance gradients. Oikos 93: 274-285']
Length: 1, dtype: str",Verbena,hastata,Verbenaceae,Lamiales
Vernonia fasciculata,,-1.171182981502945,4.812184355372417,"<ArrowStringArray>
['Craine JM, Froehle J, Tilman DG, Wedin DA, Chapin FS. 2001. The relationships among root and leaf traits of 76 grassland species and relative abundance among fertility and disturbance gradients. Oikos 93: 274-285']
Length: 1, dtype: str",Vernonia,fasciculata,Asteraceae,Asterales
Veronica persica,,-1.3394107752210402,6.207130208566233,"<ArrowStringArray>
['Birouste M, Kazakou E, Blanchard A, Roumet C. 2012. Plant traits and decomposition: are the relationships for roots comparable to those for leaves? Annals of Botany 109: 463-472. ', 'Roumet C, Birouste M, Picon-Cochard C, Ghestem M, Osman N, Vrignon-Brenas S, Cao K-F, Stokes A. 2016. Root structure-function relationships in 74 species: evidence of root economics spectrum related to carbon economy. New Phytologist 210: 815-826.']
Length: 2, dtype: str",Veronica,persica,Plantaginaceae,Lamiales
Veronicastrum virginicum,,-1.2039728043259361,4.875197323201151,"<ArrowStringArray>
['Craine JM, Froehle J, Tilman DG, Wedin DA, Chapin FS. 2001. The relationships among root and leaf traits of 76 grassland species and relative abundance among fertility and disturbance gradients. Oikos 93: 274-285']
Length: 1, dtype: str",Veronicastrum,virginicum,Plantaginaceae,Lamiales
Viburnum dentatum,,-0.6226359453929833,2.153714757644333,"<ArrowStringArray>
['Caplan JS, Stone BWG, Faillace CA, Lafond JJ, Baumgarten JM, Mozdzer TJ, Dighton J, Meiners SJ, Grabosky JC, Ehrenfeld JG. 2017. Nutrient foraging strategies are associated with productivity and population growth in forest shrubs. Annals of Botany 119: 977-988.']
Length: 1, dtype: str",Viburnum,dentatum,Adoxaceae,Dipsacales
Viburnum tinus,,-0.7912562736702646,2.4221381878376254,"<ArrowStringArray>
['de la Riva, Navarro-Fernandez, Perez-Ramos, Villar, Maranon. Unpublished.']
Length: 1, dtype: str",Viburnum,tinus,Adoxaceae,Dipsacales
Vicia americana,,-1.0128612884947492,5.1088861286613305,"<ArrowStringArray>
['Comas - Pasture species', 'Kembel SW, Cahill JF, Jr. 2011. Independent Evolution of Leaf and Root Traits within and among Temperate Grassland Plant Communities. PLoS ONE 6(6): e19992.']
Length: 2, dtype: str",Vicia,americana,Fabaceae,Fabales
Vicia villosa,,-0.843970070294529,4.0943445622221,"<ArrowStringArray>
['Craine JM, Froehle J, Tilman DG, Wedin DA, Chapin FS. 2001. The relationships among root and leaf traits of 76 grassland species and relative abundance among fertility and disturbance gradients. Oikos 93: 274-285']
Length: 1, dtype: str",Vicia,villosa,Fabaceae,Fabales
Viola adunca,,-1.4223361324671562,4.4214869056693535,"<ArrowStringArray>
['Kembel SW, Cahill JF, Jr. 2011. Independent Evolution of Leaf and Root Traits within and among Temperate Grassland Plant Communities. PLoS ONE 6(6): e19992.']
Length: 1, dtype: str",Viola,adunca,Violaceae,Malpighiales
Viola thomasiana,,-0.8964881045779755,3.4339872044851463,"<ArrowStringArray>
['Roumet C, Birouste M, Picon-Cochard C, Ghestem M, Osman N, Vrignon-Brenas S, Cao K-F, Stokes A. 2016. Root structure-function relationships in 74 species: evidence of root economics spectrum related to carbon economy. New Phytologist 210: 815-826.']
Length: 1, dtype: str",Viola,thomasiana,Violaceae,Malpighiales
Vitex lucens,,-0.6092043957761833,3.7222136089629787,"<ArrowStringArray>
['Kramer-Walter KR, Bellingham PJ, Millar TR, Smissen RD, Richardson SJ, Laughlin DC. 2016. Root traits are multidimensional: specific root length is independent from root tissue density and the plant economic spectrum. Journal of Ecology 104: 1299-1310.']
Length: 1, dtype: str",Vitex,lucens,Lamiaceae,Lamiales
Vitis vulpina,,-0.3879234382122918,3.05337155526361,"<ArrowStringArray>
['Valverde-Barrantes OJ, Smemo KA,  Feinstein LM, Kershner MW, Blackwood CB. 2015. Aggregated and complementary: symmetric proliferation, overyielding, and mass effects explain fine-root biomass in soil patches in a diverse temperate deciduous forest landscape. New Phytologist 205(2): 731-742.']
Length: 1, dtype: str",Vitis,vulpina,Vitaceae,Vitales
Vulpia bromoides,,-1.2224762758904957,6.0348831674755035,"<ArrowStringArray>
['Mokany K, Ash J. 2008. Are traits measured on pot grown plants representative of those in natural communities? Journal of Vegetation Science 19: 119-126.']
Length: 1, dtype: str",Vulpia,bromoides,Poaceae,Poales
Weinmannia blumei,,-1.458865053954726,4.369488990861333,"<ArrowStringArray>
['Ushio M, Fujiki Y, Hidaka A, Kitayama K. 2015. Linkage of root physiology and morphology as an adaptation to soil phosphorus impoverishment in tropical montane forests. Functional Ecology 29: 1235-1245.']
Length: 1, dtype: str",Weinmannia,blumei,Cunoniaceae,Oxalidales
Weinmannia racemosa,,-0.9713505090571825,4.006441160457682,"<ArrowStringArray>
['Kramer-Walter KR, Bellingham PJ, Millar TR, Smissen RD, Richardson SJ, Laughlin DC. 2016. Root traits are multidimensional: specific root length is independent from root tissue density and the plant economic spectrum. Journal of Ecology 104: 1299-1310.']
Length: 1, dtype: str",Weinmannia,racemosa,Cunoniaceae,Oxalidales
Weinmannia silvicola,,-0.9594070229477831,3.7858402033877927,"<ArrowStringArray>
['Kramer-Walter KR, Bellingham PJ, Millar TR, Smissen RD, Richardson SJ, Laughlin DC. 2016. Root traits are multidimensional: specific root length is independent from root tissue density and the plant economic spectrum. Journal of Ecology 104: 1299-1310.']
Length: 1, dtype: str",Weinmannia,silvicola,Cunoniaceae,Oxalidales
Withania frutescens,,-0.9370037734716967,1.7633423174239145,"<ArrowStringArray>
['de la Riva, Navarro-Fernandez, Perez-Ramos, Villar, Maranon. Unpublished.']
Length: 1, dtype: str",Withania,frutescens,Solanaceae,Solanales
Xanthophyllum tenue,,-0.8306865945820068,3.2280040356950725,"<ArrowStringArray>
['Ushio M, Fujiki Y, Hidaka A, Kitayama K. 2015. Linkage of root physiology and morphology as an adaptation to soil phosphorus impoverishment in tropical montane forests. Functional Ecology 29: 1235-1245.']
Length: 1, dtype: str",Xanthophyllum,tenue,Polygalaceae,Fabales
Zizia aurea,,-1.171182981502945,4.605170185988092,"<ArrowStringArray>
['Craine JM, Froehle J, Tilman DG, Wedin DA, Chapin FS. 2001. The relationships among root and leaf traits of 76 grassland species and relative abundance among fertility and disturbance gradients. Oikos 93: 274-285']
Length: 1, dtype: str",Zizia,aurea,Apiaceae,Apiales
