binominal,F01286,F01287,F01289,F01290,F00004,F00043,F00645
Acer saccharum,Acer,saccharum,Sapindaceae,Sapindales,"Pregitzer KS, Kubiske ME, Yu CK, Hendrick RL. 1997. Relationships among root branch order, carbon, and nitrogen in four temperate species. Oecologia 111: 301-308.",C3,
Fraxinus americana,Fraxinus,americana,Oleaceae,Lamiales,"Pregitzer KS, Kubiske ME, Yu CK, Hendrick RL. 1997. Relationships among root branch order, carbon, and nitrogen in four temperate species. Oecologia 111: 301-308.",C3,
Viola pubescens,Viola,pubescens,Violaceae,Malpighiales,"Pregitzer KS, Kubiske ME, Yu CK, Hendrick RL. 1997. Relationships among root branch order, carbon, and nitrogen in four temperate species. Oecologia 111: 301-308.",C3,
Hydrophyllum canadense,Hydrophyllum,canadense,Boraginaceae,Boraginales,"Pregitzer KS, Kubiske ME, Yu CK, Hendrick RL. 1997. Relationships among root branch order, carbon, and nitrogen in four temperate species. Oecologia 111: 301-308.",C3,
Larix gmelinii,Larix,gmelinii,Pinaceae,Pinales,"Wang Z, Guo D, Wang X, Gu J, Mei L. 2006. Fine root architecture, morphology, and biomass of different branch orders of two Chinese temperate tree species. Plant Soil 288:155-171.",C3,
Fraxinus mandshurica,Fraxinus,mandshurica,Oleaceae,Lamiales,"Wang Z, Guo D, Wang X, Gu J, Mei L. 2006. Fine root architecture, morphology, and biomass of different branch orders of two Chinese temperate tree species. Plant Soil 288:155-171.",C3,
Pinus palustris,Pinus,palustris,Pinaceae,Pinales,"Guo DL, Mitchell RJ, and Hendricks JJ. 2004. Fine root branch orders respond differentially to carbon source-sink manipulation in a longleaf pine forest. Oecologia 140:450-457.",C3,
Populus trichocarpa,Populus,trichocarpa,Salicaceae,Malpighiales,"Hajek P, Hertel D, Leuschner C. 2014. Root order- and root age-dependent response of two poplar species to belowground competition. Plant Soil 337:337-355.",C3,
Populus tremula,Populus,tremula,Salicaceae,Malpighiales,"Hajek P, Hertel D, Leuschner C. 2014. Root order- and root age-dependent response of two poplar species to belowground competition. Plant Soil 337:337-355.",C3,
Acer tegmentosum,Acer,tegmentosum,Sapindaceae,Sapindales,"Shi W, Wang ZQ, Liu JL, Gu JC, Guo DL. 2008. Fine root morphology of twenty hardwood species in Maoershan Natural Secondary Forest in Northeastern China. Journal of Plant Ecology (Chinese Version) 32: 1217-1226.",C3,AM
Euonymus alatus,Euonymus,alatus,Celastraceae,Celastrales,"Shi W, Wang ZQ, Liu JL, Gu JC, Guo DL. 2008. Fine root morphology of twenty hardwood species in Maoershan Natural Secondary Forest in Northeastern China. Journal of Plant Ecology (Chinese Version) 32: 1217-1226.",C3,AM
Euonymus verrucosus,Euonymus,verrucosus,Celastraceae,Celastrales,"Shi W, Wang ZQ, Liu JL, Gu JC, Guo DL. 2008. Fine root morphology of twenty hardwood species in Maoershan Natural Secondary Forest in Northeastern China. Journal of Plant Ecology (Chinese Version) 32: 1217-1226.",,AM
Fraxinus mandshurica,Fraxinus,mandshurica,Oleaceae,Lamiales,"Shi W, Wang ZQ, Liu JL, Gu JC, Guo DL. 2008. Fine root morphology of twenty hardwood species in Maoershan Natural Secondary Forest in Northeastern China. Journal of Plant Ecology (Chinese Version) 32: 1217-1226.",C3,AM
Juglans mandshurica,Juglans,mandshurica,Juglandaceae,Fagales,"Shi W, Wang ZQ, Liu JL, Gu JC, Guo DL. 2008. Fine root morphology of twenty hardwood species in Maoershan Natural Secondary Forest in Northeastern China. Journal of Plant Ecology (Chinese Version) 32: 1217-1226.",C3,AM
Prunus sibirica,Prunus,sibirica,Rosaceae,Rosales,"Shi W, Wang ZQ, Liu JL, Gu JC, Guo DL. 2008. Fine root morphology of twenty hardwood species in Maoershan Natural Secondary Forest in Northeastern China. Journal of Plant Ecology (Chinese Version) 32: 1217-1226.",C3,AM
Phellodendron amurense,Phellodendron,amurense,Rutaceae,Sapindales,"Shi W, Wang ZQ, Liu JL, Gu JC, Guo DL. 2008. Fine root morphology of twenty hardwood species in Maoershan Natural Secondary Forest in Northeastern China. Journal of Plant Ecology (Chinese Version) 32: 1217-1226.",C3,AM
Salix pierotii,Salix,pierotii,Salicaceae,Malpighiales,"Shi W, Wang ZQ, Liu JL, Gu JC, Guo DL. 2008. Fine root morphology of twenty hardwood species in Maoershan Natural Secondary Forest in Northeastern China. Journal of Plant Ecology (Chinese Version) 32: 1217-1226.",C3,AM
Ulmus pumila,Ulmus,pumila,Ulmaceae,Rosales,"Shi W, Wang ZQ, Liu JL, Gu JC, Guo DL. 2008. Fine root morphology of twenty hardwood species in Maoershan Natural Secondary Forest in Northeastern China. Journal of Plant Ecology (Chinese Version) 32: 1217-1226.",C3,AM
Acer pictum,Acer,pictum,Sapindaceae,Sapindales,"Shi W, Wang ZQ, Liu JL, Gu JC, Guo DL. 2008. Fine root morphology of twenty hardwood species in Maoershan Natural Secondary Forest in Northeastern China. Journal of Plant Ecology (Chinese Version) 32: 1217-1226.",C3,EM
Acer tataricum,Acer,tataricum,Sapindaceae,Sapindales,"Shi W, Wang ZQ, Liu JL, Gu JC, Guo DL. 2008. Fine root morphology of twenty hardwood species in Maoershan Natural Secondary Forest in Northeastern China. Journal of Plant Ecology (Chinese Version) 32: 1217-1226.",C3,EM
Acer caudatum,Acer,caudatum,Sapindaceae,Sapindales,"Shi W, Wang ZQ, Liu JL, Gu JC, Guo DL. 2008. Fine root morphology of twenty hardwood species in Maoershan Natural Secondary Forest in Northeastern China. Journal of Plant Ecology (Chinese Version) 32: 1217-1226.",C3,EM
Alnus hirsuta,Alnus,hirsuta,Betulaceae,Fagales,"Shi W, Wang ZQ, Liu JL, Gu JC, Guo DL. 2008. Fine root morphology of twenty hardwood species in Maoershan Natural Secondary Forest in Northeastern China. Journal of Plant Ecology (Chinese Version) 32: 1217-1226.",,EM
Alnus mandshurica,Alnus,mandshurica,Betulaceae,Fagales,"Shi W, Wang ZQ, Liu JL, Gu JC, Guo DL. 2008. Fine root morphology of twenty hardwood species in Maoershan Natural Secondary Forest in Northeastern China. Journal of Plant Ecology (Chinese Version) 32: 1217-1226.",C3,EM
Betula platyphylla,Betula,platyphylla,Betulaceae,Fagales,"Shi W, Wang ZQ, Liu JL, Gu JC, Guo DL. 2008. Fine root morphology of twenty hardwood species in Maoershan Natural Secondary Forest in Northeastern China. Journal of Plant Ecology (Chinese Version) 32: 1217-1226.",C3,EM
Betula costata,Betula,costata,Betulaceae,Fagales,"Shi W, Wang ZQ, Liu JL, Gu JC, Guo DL. 2008. Fine root morphology of twenty hardwood species in Maoershan Natural Secondary Forest in Northeastern China. Journal of Plant Ecology (Chinese Version) 32: 1217-1226.",C3,EM
Quercus mongolica,Quercus,mongolica,Fagaceae,Fagales,"Shi W, Wang ZQ, Liu JL, Gu JC, Guo DL. 2008. Fine root morphology of twenty hardwood species in Maoershan Natural Secondary Forest in Northeastern China. Journal of Plant Ecology (Chinese Version) 32: 1217-1226.",C3,EM
Tilia mandshurica,Tilia,mandshurica,Malvaceae,Malvales,"Shi W, Wang ZQ, Liu JL, Gu JC, Guo DL. 2008. Fine root morphology of twenty hardwood species in Maoershan Natural Secondary Forest in Northeastern China. Journal of Plant Ecology (Chinese Version) 32: 1217-1226.",C3,EM
Ulmus davidiana,Ulmus,davidiana,Ulmaceae,Rosales,"Shi W, Wang ZQ, Liu JL, Gu JC, Guo DL. 2008. Fine root morphology of twenty hardwood species in Maoershan Natural Secondary Forest in Northeastern China. Journal of Plant Ecology (Chinese Version) 32: 1217-1226.",C3,EM
Ulmus laciniata,Ulmus,laciniata,Ulmaceae,Rosales,"Shi W, Wang ZQ, Liu JL, Gu JC, Guo DL. 2008. Fine root morphology of twenty hardwood species in Maoershan Natural Secondary Forest in Northeastern China. Journal of Plant Ecology (Chinese Version) 32: 1217-1226.",C3,EM
Platycladus orientalis,Platycladus,orientalis,Cupressaceae,Pinales,"Li R, Ling N, Hao J, Min J, Chen X, Guan Q. 2013. Effects of stand ages on carbon storage, fine root morphology and biomass in Platycladus orientalis  plantation. Journal of Nanjing Forestry University (Natural Sciences edition) 37: 21-27.",C3,
Alnus formosana,Alnus,formosana,Betulaceae,Fagales,"Miao Y, Chen YL, Li XW, Fan C, Liu YK, Yang ZJ, Zhang J, Cai XL. 2013. Effects of fertilization on Alnus formosana fine root morphological characteristics, biomass and issue content of C, N under A. formosana-Hemarthria compressa compound mode. Chinese Journal of Plant Ecology 37: 674-683.",,
Pinus tabuliformis,Pinus,tabuliformis,Pinaceae,Pinales,"Wang G, Fahey TJ, Xue S, Liu F. 2013. Root morphology and architecture respond to N addition in Pinus tabuliformis, west China. Oecologia 171:583-590.",C3,
Cinnamomum micranthum,Cinnamomum,micranthum,Lauraceae,Laurales,"Xiong D, Huang J, Yang Z, Lu Z, Chen G, Yang Y. 2012. Fine root architecture and morphology among different branch orders of six subtropical tree species. Acta Ecologica Sinica 32: 1888-1897.",,
Magnolia odora,Magnolia,odora,Magnoliaceae,Magnoliales,"Xiong D, Huang J, Yang Z, Lu Z, Chen G, Yang Y. 2012. Fine root architecture and morphology among different branch orders of six subtropical tree species. Acta Ecologica Sinica 32: 1888-1897.",C3,
Cinnamomum chekiangense,Cinnamomum,chekiangense,Lauraceae,Laurales,"Xiong D, Huang J, Yang Z, Lu Z, Chen G, Yang Y. 2012. Fine root architecture and morphology among different branch orders of six subtropical tree species. Acta Ecologica Sinica 32: 1888-1897.",C3,
Castanopsis faberi,Castanopsis,faberi,Fagaceae,Fagales,"Xiong D, Huang J, Yang Z, Lu Z, Chen G, Yang Y. 2012. Fine root architecture and morphology among different branch orders of six subtropical tree species. Acta Ecologica Sinica 32: 1888-1897.",C3,
Altingia gracilipes,Altingia,gracilipes,Altingiaceae,Saxifragales,"Xiong D, Huang J, Yang Z, Lu Z, Chen G, Yang Y. 2012. Fine root architecture and morphology among different branch orders of six subtropical tree species. Acta Ecologica Sinica 32: 1888-1897.",,
Castanopsis carlesii,Castanopsis,carlesii,Fagaceae,Fagales,"Xiong D, Huang J, Yang Z, Lu Z, Chen G, Yang Y. 2012. Fine root architecture and morphology among different branch orders of six subtropical tree species. Acta Ecologica Sinica 32: 1888-1897.",C3,
Populus tremuloides,Populus,tremuloides,Salicaceae,Malpighiales,"Zadworny M, Eissenstat DM. 2011. Contrasting the morphology, anatomy and fungal colonization of new pioneer and fibrous roots. New Phytologist 190:213-221.",C3,
Fraxinus mandshurica,Fraxinus,mandshurica,Oleaceae,Lamiales,"Jia SX, Zhao YL, Ding GQ, Sun Y, Xu Y, Wang ZQ. 2010. Relationship among fine-root morphology, anatomy, tissue nitrogen concentration and respiration in different branch root orders in Larix gmelinii and Fraxinus mandshurica. Chinese Bulletin of Botany 45: 174-181.",C3,
Larix gmelinii,Larix,gmelinii,Pinaceae,Pinales,"Jia SX, Zhao YL, Ding GQ, Sun Y, Xu Y, Wang ZQ. 2010. Relationship among fine-root morphology, anatomy, tissue nitrogen concentration and respiration in different branch root orders in Larix gmelinii and Fraxinus mandshurica. Chinese Bulletin of Botany 45: 174-181.",C3,
Altingia obovata,Altingia,obovata,Altingiaceae,Saxifragales,"Xu Y, Gu JC, Dong XY, Liu Y, Wang ZQ. 2011. Fine root morphology, anatomy and tissue nitrogen and carbon contents of the first five orders in four tropical hardwood species in Hainan Island, China. Chinese Journal of Plant Ecology 35:955-964.",C3,
Cryptocarya chinensis,Cryptocarya,chinensis,Lauraceae,Laurales,"Xu Y, Gu JC, Dong XY, Liu Y, Wang ZQ. 2011. Fine root morphology, anatomy and tissue nitrogen and carbon contents of the first five orders in four tropical hardwood species in Hainan Island, China. Chinese Journal of Plant Ecology 35:955-964.",C3,
Elaeocarpus sylvestris,Elaeocarpus,sylvestris,Elaeocarpaceae,Oxalidales,"Xu Y, Gu JC, Dong XY, Liu Y, Wang ZQ. 2011. Fine root morphology, anatomy and tissue nitrogen and carbon contents of the first five orders in four tropical hardwood species in Hainan Island, China. Chinese Journal of Plant Ecology 35:955-964.",C3,
Endospermum chinense,Endospermum,chinense,Euphorbiaceae,Malpighiales,"Xu Y, Gu JC, Dong XY, Liu Y, Wang ZQ. 2011. Fine root morphology, anatomy and tissue nitrogen and carbon contents of the first five orders in four tropical hardwood species in Hainan Island, China. Chinese Journal of Plant Ecology 35:955-964.",C3,
Vaccinium corymbosum,Vaccinium,corymbosum,Ericaceae,Ericales,"Valenzuela-Estrada LR, Vera-Caraballo V, Ruth LE, Eissenstat DM. 2008. Root anatomy, morphology, and longevity among root orders in Vaccinium corymbosum (Ericaceae). American Journal of Botany 95:1506-1514.",C3,
Fraxinus excelsior,Fraxinus,excelsior,Oleaceae,Lamiales,"Kubisch P, Hertel D, Leuschner C. 2015. Do ectomycorrhizal and arbuscular mycorrhizal temperate tree species systematically differ in root order-related fine root morphology and biomass? Frontiers in Plant Science 6(64): 1-12.",C3,AM
Acer pseudoplatanus,Acer,pseudoplatanus,Sapindaceae,Sapindales,"Kubisch P, Hertel D, Leuschner C. 2015. Do ectomycorrhizal and arbuscular mycorrhizal temperate tree species systematically differ in root order-related fine root morphology and biomass? Frontiers in Plant Science 6(64): 1-12.",C3,AM
Acer platanoides,Acer,platanoides,Sapindaceae,Sapindales,"Kubisch P, Hertel D, Leuschner C. 2015. Do ectomycorrhizal and arbuscular mycorrhizal temperate tree species systematically differ in root order-related fine root morphology and biomass? Frontiers in Plant Science 6(64): 1-12.",C3,AM
Carpinus betulus,Carpinus,betulus,Betulaceae,Fagales,"Kubisch P, Hertel D, Leuschner C. 2015. Do ectomycorrhizal and arbuscular mycorrhizal temperate tree species systematically differ in root order-related fine root morphology and biomass? Frontiers in Plant Science 6(64): 1-12.",C3,EM
Tilia cordata,Tilia,cordata,Malvaceae,Malvales,"Kubisch P, Hertel D, Leuschner C. 2015. Do ectomycorrhizal and arbuscular mycorrhizal temperate tree species systematically differ in root order-related fine root morphology and biomass? Frontiers in Plant Science 6(64): 1-12.",C3,EM
Acer saccharum,Acer,saccharum,Sapindaceae,Sapindales," Valverde-Barrantes OJ, Smemo KA, Blackwood CB. 2014. Fine root morphology is phylogenetically structured, but nitrogen is related to the plant economics spectrum in temperate trees. Functional Ecology 29: 796-807.",C3,AM
Aesculus hippocastanum,Aesculus,hippocastanum,Sapindaceae,Sapindales," Valverde-Barrantes OJ, Smemo KA, Blackwood CB. 2014. Fine root morphology is phylogenetically structured, but nitrogen is related to the plant economics spectrum in temperate trees. Functional Ecology 29: 796-807.",C3,AM
Aesculus parviflora,Aesculus,parviflora,Sapindaceae,Sapindales," Valverde-Barrantes OJ, Smemo KA, Blackwood CB. 2014. Fine root morphology is phylogenetically structured, but nitrogen is related to the plant economics spectrum in temperate trees. Functional Ecology 29: 796-807.",C3,AM
Asimina triloba,Asimina,triloba,Annonaceae,Magnoliales," Valverde-Barrantes OJ, Smemo KA, Blackwood CB. 2014. Fine root morphology is phylogenetically structured, but nitrogen is related to the plant economics spectrum in temperate trees. Functional Ecology 29: 796-807.",,AM
Catalpa bignonioides,Catalpa,bignonioides,Bignoniaceae,Lamiales," Valverde-Barrantes OJ, Smemo KA, Blackwood CB. 2014. Fine root morphology is phylogenetically structured, but nitrogen is related to the plant economics spectrum in temperate trees. Functional Ecology 29: 796-807.",C3,AM
Cercidiphyllum japonicum,Cercidiphyllum,japonicum,Cercidiphyllaceae,Saxifragales," Valverde-Barrantes OJ, Smemo KA, Blackwood CB. 2014. Fine root morphology is phylogenetically structured, but nitrogen is related to the plant economics spectrum in temperate trees. Functional Ecology 29: 796-807.",C3,AM
Chionanthus virginicus,Chionanthus,virginicus,Oleaceae,Lamiales," Valverde-Barrantes OJ, Smemo KA, Blackwood CB. 2014. Fine root morphology is phylogenetically structured, but nitrogen is related to the plant economics spectrum in temperate trees. Functional Ecology 29: 796-807.",C3,AM
Cornus florida,Cornus,florida,Cornaceae,Cornales," Valverde-Barrantes OJ, Smemo KA, Blackwood CB. 2014. Fine root morphology is phylogenetically structured, but nitrogen is related to the plant economics spectrum in temperate trees. Functional Ecology 29: 796-807.",C3,AM
Diospyros virginiana,Diospyros,virginiana,Ebenaceae,Ericales," Valverde-Barrantes OJ, Smemo KA, Blackwood CB. 2014. Fine root morphology is phylogenetically structured, but nitrogen is related to the plant economics spectrum in temperate trees. Functional Ecology 29: 796-807.",C3,AM
Fraxinus americana,Fraxinus,americana,Oleaceae,Lamiales," Valverde-Barrantes OJ, Smemo KA, Blackwood CB. 2014. Fine root morphology is phylogenetically structured, but nitrogen is related to the plant economics spectrum in temperate trees. Functional Ecology 29: 796-807.",C3,AM
Gleditsia triacanthos,Gleditsia,triacanthos,Fabaceae,Fabales," Valverde-Barrantes OJ, Smemo KA, Blackwood CB. 2014. Fine root morphology is phylogenetically structured, but nitrogen is related to the plant economics spectrum in temperate trees. Functional Ecology 29: 796-807.",C3,AM
Halesia tetraptera,Halesia,tetraptera,Styracaceae,Ericales," Valverde-Barrantes OJ, Smemo KA, Blackwood CB. 2014. Fine root morphology is phylogenetically structured, but nitrogen is related to the plant economics spectrum in temperate trees. Functional Ecology 29: 796-807.",,AM
Hamamelis virginiana,Hamamelis,virginiana,Hamamelidaceae,Saxifragales," Valverde-Barrantes OJ, Smemo KA, Blackwood CB. 2014. Fine root morphology is phylogenetically structured, but nitrogen is related to the plant economics spectrum in temperate trees. Functional Ecology 29: 796-807.",,AM
Ilex opaca,Ilex,opaca,Aquifoliaceae,Aquifoliales," Valverde-Barrantes OJ, Smemo KA, Blackwood CB. 2014. Fine root morphology is phylogenetically structured, but nitrogen is related to the plant economics spectrum in temperate trees. Functional Ecology 29: 796-807.",C3,AM
Juglans nigra,Juglans,nigra,Juglandaceae,Fagales," Valverde-Barrantes OJ, Smemo KA, Blackwood CB. 2014. Fine root morphology is phylogenetically structured, but nitrogen is related to the plant economics spectrum in temperate trees. Functional Ecology 29: 796-807.",C3,AM
Koelreuteria paniculata,Koelreuteria,paniculata,Sapindaceae,Sapindales," Valverde-Barrantes OJ, Smemo KA, Blackwood CB. 2014. Fine root morphology is phylogenetically structured, but nitrogen is related to the plant economics spectrum in temperate trees. Functional Ecology 29: 796-807.",C3,AM
Liquidambar styraciflua,Liquidambar,styraciflua,Altingiaceae,Saxifragales," Valverde-Barrantes OJ, Smemo KA, Blackwood CB. 2014. Fine root morphology is phylogenetically structured, but nitrogen is related to the plant economics spectrum in temperate trees. Functional Ecology 29: 796-807.",C3,AM
Liriodendron tulipifera,Liriodendron,tulipifera,Magnoliaceae,Magnoliales," Valverde-Barrantes OJ, Smemo KA, Blackwood CB. 2014. Fine root morphology is phylogenetically structured, but nitrogen is related to the plant economics spectrum in temperate trees. Functional Ecology 29: 796-807.",C3,AM
Magnolia acuminata,Magnolia,acuminata,Magnoliaceae,Magnoliales," Valverde-Barrantes OJ, Smemo KA, Blackwood CB. 2014. Fine root morphology is phylogenetically structured, but nitrogen is related to the plant economics spectrum in temperate trees. Functional Ecology 29: 796-807.",C3,AM
Magnolia denudata,Magnolia,denudata,Magnoliaceae,Magnoliales," Valverde-Barrantes OJ, Smemo KA, Blackwood CB. 2014. Fine root morphology is phylogenetically structured, but nitrogen is related to the plant economics spectrum in temperate trees. Functional Ecology 29: 796-807.",C3,AM
Magnolia grandiflora,Magnolia,grandiflora,Magnoliaceae,Magnoliales," Valverde-Barrantes OJ, Smemo KA, Blackwood CB. 2014. Fine root morphology is phylogenetically structured, but nitrogen is related to the plant economics spectrum in temperate trees. Functional Ecology 29: 796-807.",C3,AM
Magnolia kobus,Magnolia,kobus,Magnoliaceae,Magnoliales," Valverde-Barrantes OJ, Smemo KA, Blackwood CB. 2014. Fine root morphology is phylogenetically structured, but nitrogen is related to the plant economics spectrum in temperate trees. Functional Ecology 29: 796-807.",C3,AM
Magnolia macrophylla,Magnolia,macrophylla,Magnoliaceae,Magnoliales," Valverde-Barrantes OJ, Smemo KA, Blackwood CB. 2014. Fine root morphology is phylogenetically structured, but nitrogen is related to the plant economics spectrum in temperate trees. Functional Ecology 29: 796-807.",C3,AM
Magnolia stellata,Magnolia,stellata,Magnoliaceae,Magnoliales," Valverde-Barrantes OJ, Smemo KA, Blackwood CB. 2014. Fine root morphology is phylogenetically structured, but nitrogen is related to the plant economics spectrum in temperate trees. Functional Ecology 29: 796-807.",C3,AM
Magnolia tripetala,Magnolia,tripetala,Magnoliaceae,Magnoliales," Valverde-Barrantes OJ, Smemo KA, Blackwood CB. 2014. Fine root morphology is phylogenetically structured, but nitrogen is related to the plant economics spectrum in temperate trees. Functional Ecology 29: 796-807.",C3,AM
Magnolia virginiana,Magnolia,virginiana,Magnoliaceae,Magnoliales," Valverde-Barrantes OJ, Smemo KA, Blackwood CB. 2014. Fine root morphology is phylogenetically structured, but nitrogen is related to the plant economics spectrum in temperate trees. Functional Ecology 29: 796-807.",C3,AM
Nyssa sylvatica,Nyssa,sylvatica,Cornaceae,Cornales," Valverde-Barrantes OJ, Smemo KA, Blackwood CB. 2014. Fine root morphology is phylogenetically structured, but nitrogen is related to the plant economics spectrum in temperate trees. Functional Ecology 29: 796-807.",C3,AM
Platanus occidentalis,Platanus,occidentalis,Platanaceae,Proteales," Valverde-Barrantes OJ, Smemo KA, Blackwood CB. 2014. Fine root morphology is phylogenetically structured, but nitrogen is related to the plant economics spectrum in temperate trees. Functional Ecology 29: 796-807.",C3,AM
Populus deltoides,Populus,deltoides,Salicaceae,Malpighiales," Valverde-Barrantes OJ, Smemo KA, Blackwood CB. 2014. Fine root morphology is phylogenetically structured, but nitrogen is related to the plant economics spectrum in temperate trees. Functional Ecology 29: 796-807.",C3,AM
Prunus sargentii,Prunus,sargentii,Rosaceae,Rosales," Valverde-Barrantes OJ, Smemo KA, Blackwood CB. 2014. Fine root morphology is phylogenetically structured, but nitrogen is related to the plant economics spectrum in temperate trees. Functional Ecology 29: 796-807.",C3,AM
Sassafras albidum,Sassafras,albidum,Lauraceae,Laurales," Valverde-Barrantes OJ, Smemo KA, Blackwood CB. 2014. Fine root morphology is phylogenetically structured, but nitrogen is related to the plant economics spectrum in temperate trees. Functional Ecology 29: 796-807.",C3,AM
Styphnolobium japonicum,Styphnolobium,japonicum,Fabaceae,Fabales," Valverde-Barrantes OJ, Smemo KA, Blackwood CB. 2014. Fine root morphology is phylogenetically structured, but nitrogen is related to the plant economics spectrum in temperate trees. Functional Ecology 29: 796-807.",C3,AM
Syringa reticulata,Syringa,reticulata,Oleaceae,Lamiales," Valverde-Barrantes OJ, Smemo KA, Blackwood CB. 2014. Fine root morphology is phylogenetically structured, but nitrogen is related to the plant economics spectrum in temperate trees. Functional Ecology 29: 796-807.",C3,AM
Ulmus americana,Ulmus,americana,Ulmaceae,Rosales," Valverde-Barrantes OJ, Smemo KA, Blackwood CB. 2014. Fine root morphology is phylogenetically structured, but nitrogen is related to the plant economics spectrum in temperate trees. Functional Ecology 29: 796-807.",C3,AM
Acer fabri,Acer,fabri,Sapindaceae,Sapindales,"Liu B, Li H, Zhu B, Koide RT, Eissenstat DM, Guo D. 2015. Complementarity between roots and AM fungi in nutrient foraging strategies. New Phytologist 208: 125-136.",C3,AM
Schima superba,Schima,superba,Theaceae,Ericales,"Liu B, Li H, Zhu B, Koide RT, Eissenstat DM, Guo D. 2015. Complementarity between roots and AM fungi in nutrient foraging strategies. New Phytologist 208: 125-136.",C3,AM
Choerospondias axillaris,Choerospondias,axillaris,Anacardiaceae,Sapindales,"Liu B, Li H, Zhu B, Koide RT, Eissenstat DM, Guo D. 2015. Complementarity between roots and AM fungi in nutrient foraging strategies. New Phytologist 208: 125-136.",C3,AM
Acer coriaceifolium,Acer,coriaceifolium,Sapindaceae,Sapindales,"Liu B, Li H, Zhu B, Koide RT, Eissenstat DM, Guo D. 2015. Complementarity between roots and AM fungi in nutrient foraging strategies. New Phytologist 208: 125-136.",,AM
Liquidambar formosana,Liquidambar,formosana,Altingiaceae,Saxifragales,"Liu B, Li H, Zhu B, Koide RT, Eissenstat DM, Guo D. 2015. Complementarity between roots and AM fungi in nutrient foraging strategies. New Phytologist 208: 125-136.",C3,AM
Elaeocarpus glabripetalus,Elaeocarpus,glabripetalus,Elaeocarpaceae,Oxalidales,"Liu B, Li H, Zhu B, Koide RT, Eissenstat DM, Guo D. 2015. Complementarity between roots and AM fungi in nutrient foraging strategies. New Phytologist 208: 125-136.",,AM
Alniphyllum fortunei,Alniphyllum,fortunei,Styracaceae,Ericales,"Liu B, Li H, Zhu B, Koide RT, Eissenstat DM, Guo D. 2015. Complementarity between roots and AM fungi in nutrient foraging strategies. New Phytologist 208: 125-136.",C3,AM
Cinnamomum porrectum,Cinnamomum,porrectum,Lauraceae,Laurales,"Liu B, Li H, Zhu B, Koide RT, Eissenstat DM, Guo D. 2015. Complementarity between roots and AM fungi in nutrient foraging strategies. New Phytologist 208: 125-136.",C3,AM
Cinnamomum austrosinense,Cinnamomum,austrosinense,Lauraceae,Laurales,"Liu B, Li H, Zhu B, Koide RT, Eissenstat DM, Guo D. 2015. Complementarity between roots and AM fungi in nutrient foraging strategies. New Phytologist 208: 125-136.",,AM
Machilus oculodracontis,Machilus,oculodracontis,Lauraceae,Laurales,"Liu B, Li H, Zhu B, Koide RT, Eissenstat DM, Guo D. 2015. Complementarity between roots and AM fungi in nutrient foraging strategies. New Phytologist 208: 125-136.",,AM
Magnolia yuyuanensis,Magnolia,yuyuanensis,Magnoliaceae,Magnoliales,"Liu B, Li H, Zhu B, Koide RT, Eissenstat DM, Guo D. 2015. Complementarity between roots and AM fungi in nutrient foraging strategies. New Phytologist 208: 125-136.",,AM
Neolitsea phanerophlebia,Neolitsea,phanerophlebia,Lauraceae,Laurales,"Liu B, Li H, Zhu B, Koide RT, Eissenstat DM, Guo D. 2015. Complementarity between roots and AM fungi in nutrient foraging strategies. New Phytologist 208: 125-136.",,AM
Cunninghamia lanceolata,Cunninghamia,lanceolata,Cupressaceae,Pinales,"Liu B, Li H, Zhu B, Koide RT, Eissenstat DM, Guo D. 2015. Complementarity between roots and AM fungi in nutrient foraging strategies. New Phytologist 208: 125-136.",C3,AM
Podocarpus chinensis,Podocarpus,chinensis,Podocarpaceae,Pinales,"Liu B, Li H, Zhu B, Koide RT, Eissenstat DM, Guo D. 2015. Complementarity between roots and AM fungi in nutrient foraging strategies. New Phytologist 208: 125-136.",,AM
Ardisia quinquegona,Ardisia,quinquegona,Primulaceae,Ericales,"Wang J-J, Tharayil N, Chow AT, Suseela V, Zeng H. 2015. Phenolic profile within the fine-root branching orders of an evergreen species highlights a disconnect in root tissue quality predicted by elemental- and molecular-level carbon composition. New Phytologist 206: 1261-1273.",C3,
Magnolia macclurei,Magnolia,macclurei,Magnoliaceae,Magnoliales,"Kong D, Ma C, Zhang Q, Li L, Chen X, Zeng H, Guo D. 2014. Leading dimensions in absorptive root trait variation across 96 subtropical forest species. New Phytologist 203: 863-872.",C3,AM
Magnolia yunnanensis,Magnolia,yunnanensis,Magnoliaceae,Magnoliales,"Kong D, Ma C, Zhang Q, Li L, Chen X, Zeng H, Guo D. 2014. Leading dimensions in absorptive root trait variation across 96 subtropical forest species. New Phytologist 203: 863-872.",C3,AM
Magnolia lotungensis,Magnolia,lotungensis,Magnoliaceae,Magnoliales,"Kong D, Ma C, Zhang Q, Li L, Chen X, Zeng H, Guo D. 2014. Leading dimensions in absorptive root trait variation across 96 subtropical forest species. New Phytologist 203: 863-872.",C3,AM
Magnolia balansae,Magnolia,balansae,Magnoliaceae,Magnoliales,"Kong D, Ma C, Zhang Q, Li L, Chen X, Zeng H, Guo D. 2014. Leading dimensions in absorptive root trait variation across 96 subtropical forest species. New Phytologist 203: 863-872.",C3,AM
Magnolia odora,Magnolia,odora,Magnoliaceae,Magnoliales,"Kong D, Ma C, Zhang Q, Li L, Chen X, Zeng H, Guo D. 2014. Leading dimensions in absorptive root trait variation across 96 subtropical forest species. New Phytologist 203: 863-872.",C3,AM
Magnolia fulva,Magnolia,fulva,Magnoliaceae,Magnoliales,"Kong D, Ma C, Zhang Q, Li L, Chen X, Zeng H, Guo D. 2014. Leading dimensions in absorptive root trait variation across 96 subtropical forest species. New Phytologist 203: 863-872.",C3,AM
Magnolia cavaleriei,Magnolia,cavaleriei,Magnoliaceae,Magnoliales,"Kong D, Ma C, Zhang Q, Li L, Chen X, Zeng H, Guo D. 2014. Leading dimensions in absorptive root trait variation across 96 subtropical forest species. New Phytologist 203: 863-872.",C3,AM
Manglietia paruicula,Manglietia,paruicula,Magnoliaceae,Magnoliales,"Kong D, Ma C, Zhang Q, Li L, Chen X, Zeng H, Guo D. 2014. Leading dimensions in absorptive root trait variation across 96 subtropical forest species. New Phytologist 203: 863-872.",,AM
Magnolia champaca,Magnolia,champaca,Magnoliaceae,Magnoliales,"Kong D, Ma C, Zhang Q, Li L, Chen X, Zeng H, Guo D. 2014. Leading dimensions in absorptive root trait variation across 96 subtropical forest species. New Phytologist 203: 863-872.",C3,AM
Magnolia opipara,Magnolia,opipara,Magnoliaceae,Magnoliales,"Kong D, Ma C, Zhang Q, Li L, Chen X, Zeng H, Guo D. 2014. Leading dimensions in absorptive root trait variation across 96 subtropical forest species. New Phytologist 203: 863-872.",,AM
Magnolia maudiae,Magnolia,maudiae,Magnoliaceae,Magnoliales,"Kong D, Ma C, Zhang Q, Li L, Chen X, Zeng H, Guo D. 2014. Leading dimensions in absorptive root trait variation across 96 subtropical forest species. New Phytologist 203: 863-872.",C3,AM
Liriodendron chinense,Liriodendron,chinense,Magnoliaceae,Magnoliales,"Kong D, Ma C, Zhang Q, Li L, Chen X, Zeng H, Guo D. 2014. Leading dimensions in absorptive root trait variation across 96 subtropical forest species. New Phytologist 203: 863-872.",C3,AM
Magnolia ernestii,Magnolia,ernestii,Magnoliaceae,Magnoliales,"Kong D, Ma C, Zhang Q, Li L, Chen X, Zeng H, Guo D. 2014. Leading dimensions in absorptive root trait variation across 96 subtropical forest species. New Phytologist 203: 863-872.",C3,AM
Magnolia grandiflora,Magnolia,grandiflora,Magnoliaceae,Magnoliales,"Kong D, Ma C, Zhang Q, Li L, Chen X, Zeng H, Guo D. 2014. Leading dimensions in absorptive root trait variation across 96 subtropical forest species. New Phytologist 203: 863-872.",C3,AM
Magnolia baillonii,Magnolia,baillonii,Magnoliaceae,Magnoliales,"Kong D, Ma C, Zhang Q, Li L, Chen X, Zeng H, Guo D. 2014. Leading dimensions in absorptive root trait variation across 96 subtropical forest species. New Phytologist 203: 863-872.",C3,AM
Magnolia dandyi,Magnolia,dandyi,Magnoliaceae,Magnoliales,"Kong D, Ma C, Zhang Q, Li L, Chen X, Zeng H, Guo D. 2014. Leading dimensions in absorptive root trait variation across 96 subtropical forest species. New Phytologist 203: 863-872.",C3,AM
Magnolia chapensis,Magnolia,chapensis,Magnoliaceae,Magnoliales,"Kong D, Ma C, Zhang Q, Li L, Chen X, Zeng H, Guo D. 2014. Leading dimensions in absorptive root trait variation across 96 subtropical forest species. New Phytologist 203: 863-872.",C3,AM
Cryptocarya chinensis,Cryptocarya,chinensis,Lauraceae,Laurales,"Kong D, Ma C, Zhang Q, Li L, Chen X, Zeng H, Guo D. 2014. Leading dimensions in absorptive root trait variation across 96 subtropical forest species. New Phytologist 203: 863-872.",C3,AM
Machilus velutina,Machilus,velutina,Lauraceae,Laurales,"Kong D, Ma C, Zhang Q, Li L, Chen X, Zeng H, Guo D. 2014. Leading dimensions in absorptive root trait variation across 96 subtropical forest species. New Phytologist 203: 863-872.",C3,AM
Machilus kwangtungensis,Machilus,kwangtungensis,Lauraceae,Laurales,"Kong D, Ma C, Zhang Q, Li L, Chen X, Zeng H, Guo D. 2014. Leading dimensions in absorptive root trait variation across 96 subtropical forest species. New Phytologist 203: 863-872.",,AM
Litsea cubeba,Litsea,cubeba,Lauraceae,Laurales,"Kong D, Ma C, Zhang Q, Li L, Chen X, Zeng H, Guo D. 2014. Leading dimensions in absorptive root trait variation across 96 subtropical forest species. New Phytologist 203: 863-872.",C3,AM
Cinnamomum camphora,Cinnamomum,camphora,Lauraceae,Laurales,"Kong D, Ma C, Zhang Q, Li L, Chen X, Zeng H, Guo D. 2014. Leading dimensions in absorptive root trait variation across 96 subtropical forest species. New Phytologist 203: 863-872.",C3,AM
Litsea verticillata,Litsea,verticillata,Lauraceae,Laurales,"Kong D, Ma C, Zhang Q, Li L, Chen X, Zeng H, Guo D. 2014. Leading dimensions in absorptive root trait variation across 96 subtropical forest species. New Phytologist 203: 863-872.",,AM
Cryptocarya concinna,Cryptocarya,concinna,Lauraceae,Laurales,"Kong D, Ma C, Zhang Q, Li L, Chen X, Zeng H, Guo D. 2014. Leading dimensions in absorptive root trait variation across 96 subtropical forest species. New Phytologist 203: 863-872.",C3,AM
Machilus robusta,Machilus,robusta,Lauraceae,Laurales,"Kong D, Ma C, Zhang Q, Li L, Chen X, Zeng H, Guo D. 2014. Leading dimensions in absorptive root trait variation across 96 subtropical forest species. New Phytologist 203: 863-872.",,AM
Cinnamomum micranthum,Cinnamomum,micranthum,Lauraceae,Laurales,"Kong D, Ma C, Zhang Q, Li L, Chen X, Zeng H, Guo D. 2014. Leading dimensions in absorptive root trait variation across 96 subtropical forest species. New Phytologist 203: 863-872.",,AM
Cinnamomum cassia,Cinnamomum,cassia,Lauraceae,Laurales,"Kong D, Ma C, Zhang Q, Li L, Chen X, Zeng H, Guo D. 2014. Leading dimensions in absorptive root trait variation across 96 subtropical forest species. New Phytologist 203: 863-872.",,AM
Litsea baviensis,Litsea,baviensis,Lauraceae,Laurales,"Kong D, Ma C, Zhang Q, Li L, Chen X, Zeng H, Guo D. 2014. Leading dimensions in absorptive root trait variation across 96 subtropical forest species. New Phytologist 203: 863-872.",,AM
Cinnamomum porrectum,Cinnamomum,porrectum,Lauraceae,Laurales,"Kong D, Ma C, Zhang Q, Li L, Chen X, Zeng H, Guo D. 2014. Leading dimensions in absorptive root trait variation across 96 subtropical forest species. New Phytologist 203: 863-872.",C3,AM
Ocotea lancifolia,Ocotea,lancifolia,Lauraceae,Laurales,"Kong D, Ma C, Zhang Q, Li L, Chen X, Zeng H, Guo D. 2014. Leading dimensions in absorptive root trait variation across 96 subtropical forest species. New Phytologist 203: 863-872.",,AM
Orophea creaghii,Orophea,creaghii,Annonaceae,Magnoliales,"Kong D, Ma C, Zhang Q, Li L, Chen X, Zeng H, Guo D. 2014. Leading dimensions in absorptive root trait variation across 96 subtropical forest species. New Phytologist 203: 863-872.",,AM
Helicia formosana,Helicia,formosana,Proteaceae,Proteales,"Kong D, Ma C, Zhang Q, Li L, Chen X, Zeng H, Guo D. 2014. Leading dimensions in absorptive root trait variation across 96 subtropical forest species. New Phytologist 203: 863-872.",C3,AM
Syzygium hancei,Syzygium,hancei,Myrtaceae,Myrtales,"Kong D, Ma C, Zhang Q, Li L, Chen X, Zeng H, Guo D. 2014. Leading dimensions in absorptive root trait variation across 96 subtropical forest species. New Phytologist 203: 863-872.",C3,AM
Syzygium levinei,Syzygium,levinei,Myrtaceae,Myrtales,"Kong D, Ma C, Zhang Q, Li L, Chen X, Zeng H, Guo D. 2014. Leading dimensions in absorptive root trait variation across 96 subtropical forest species. New Phytologist 203: 863-872.",C3,AM
Eucalyptus urophylla,Eucalyptus,urophylla,Myrtaceae,Myrtales,"Kong D, Ma C, Zhang Q, Li L, Chen X, Zeng H, Guo D. 2014. Leading dimensions in absorptive root trait variation across 96 subtropical forest species. New Phytologist 203: 863-872.",C3,AM + EM
Syzygium globiflorum,Syzygium,globiflorum,Myrtaceae,Myrtales,"Kong D, Ma C, Zhang Q, Li L, Chen X, Zeng H, Guo D. 2014. Leading dimensions in absorptive root trait variation across 96 subtropical forest species. New Phytologist 203: 863-872.",,AM
Microtropis discolor,Microtropis,discolor,Celastraceae,Celastrales,"Kong D, Ma C, Zhang Q, Li L, Chen X, Zeng H, Guo D. 2014. Leading dimensions in absorptive root trait variation across 96 subtropical forest species. New Phytologist 203: 863-872.",,AM
Castanea henryi,Castanea,henryi,Fagaceae,Fagales,"Kong D, Ma C, Zhang Q, Li L, Chen X, Zeng H, Guo D. 2014. Leading dimensions in absorptive root trait variation across 96 subtropical forest species. New Phytologist 203: 863-872.",C3,EM
Castanopsis fissa,Castanopsis,fissa,Fagaceae,Fagales,"Kong D, Ma C, Zhang Q, Li L, Chen X, Zeng H, Guo D. 2014. Leading dimensions in absorptive root trait variation across 96 subtropical forest species. New Phytologist 203: 863-872.",C3,EM
Quercus asymmetrica,Quercus,asymmetrica,Fagaceae,Fagales,"Kong D, Ma C, Zhang Q, Li L, Chen X, Zeng H, Guo D. 2014. Leading dimensions in absorptive root trait variation across 96 subtropical forest species. New Phytologist 203: 863-872.",C3,EM
Castanopsis hystrix,Castanopsis,hystrix,Fagaceae,Fagales,"Kong D, Ma C, Zhang Q, Li L, Chen X, Zeng H, Guo D. 2014. Leading dimensions in absorptive root trait variation across 96 subtropical forest species. New Phytologist 203: 863-872.",C3,EM
Castanopsis echinocarpa,Castanopsis,echinocarpa,Fagaceae,Fagales,"Kong D, Ma C, Zhang Q, Li L, Chen X, Zeng H, Guo D. 2014. Leading dimensions in absorptive root trait variation across 96 subtropical forest species. New Phytologist 203: 863-872.",C3,EM
Castanopsis wattii,Castanopsis,wattii,Fagaceae,Fagales,"Kong D, Ma C, Zhang Q, Li L, Chen X, Zeng H, Guo D. 2014. Leading dimensions in absorptive root trait variation across 96 subtropical forest species. New Phytologist 203: 863-872.",C3,EM
Lithocarpus chiungchungensis,Lithocarpus,chiungchungensis,Fagaceae,Fagales,"Kong D, Ma C, Zhang Q, Li L, Chen X, Zeng H, Guo D. 2014. Leading dimensions in absorptive root trait variation across 96 subtropical forest species. New Phytologist 203: 863-872.",,EM
Aporosa octandra,Aporosa,octandra,Phyllanthaceae,Malpighiales,"Kong D, Ma C, Zhang Q, Li L, Chen X, Zeng H, Guo D. 2014. Leading dimensions in absorptive root trait variation across 96 subtropical forest species. New Phytologist 203: 863-872.",C3,AM
Macaranga sampsonii,Macaranga,sampsonii,Euphorbiaceae,Malpighiales,"Kong D, Ma C, Zhang Q, Li L, Chen X, Zeng H, Guo D. 2014. Leading dimensions in absorptive root trait variation across 96 subtropical forest species. New Phytologist 203: 863-872.",,AM
Aporosa yunnanensis,Aporosa,yunnanensis,Phyllanthaceae,Malpighiales,"Kong D, Ma C, Zhang Q, Li L, Chen X, Zeng H, Guo D. 2014. Leading dimensions in absorptive root trait variation across 96 subtropical forest species. New Phytologist 203: 863-872.",C3,AM
Endospermum chinense,Endospermum,chinense,Euphorbiaceae,Malpighiales,"Kong D, Ma C, Zhang Q, Li L, Chen X, Zeng H, Guo D. 2014. Leading dimensions in absorptive root trait variation across 96 subtropical forest species. New Phytologist 203: 863-872.",C3,AM
Antidesma maclurei,Antidesma,maclurei,Phyllanthaceae,Malpighiales,"Kong D, Ma C, Zhang Q, Li L, Chen X, Zeng H, Guo D. 2014. Leading dimensions in absorptive root trait variation across 96 subtropical forest species. New Phytologist 203: 863-872.",,AM
Engelhardia roxburghiana,Engelhardia,roxburghiana,Juglandaceae,Fagales,"Kong D, Ma C, Zhang Q, Li L, Chen X, Zeng H, Guo D. 2014. Leading dimensions in absorptive root trait variation across 96 subtropical forest species. New Phytologist 203: 863-872.",C3,EM
Elaeocarpus dubius,Elaeocarpus,dubius,Elaeocarpaceae,Oxalidales,"Kong D, Ma C, Zhang Q, Li L, Chen X, Zeng H, Guo D. 2014. Leading dimensions in absorptive root trait variation across 96 subtropical forest species. New Phytologist 203: 863-872.",C3,AM
Ficus variolosa,Ficus,variolosa,Moraceae,Rosales,"Kong D, Ma C, Zhang Q, Li L, Chen X, Zeng H, Guo D. 2014. Leading dimensions in absorptive root trait variation across 96 subtropical forest species. New Phytologist 203: 863-872.",C3,AM
Artocarpus styracifolius,Artocarpus,styracifolius,Moraceae,Rosales,"Kong D, Ma C, Zhang Q, Li L, Chen X, Zeng H, Guo D. 2014. Leading dimensions in absorptive root trait variation across 96 subtropical forest species. New Phytologist 203: 863-872.",C3,AM
Gironniera subaequalis,Gironniera,subaequalis,Cannabaceae,Rosales,"Kong D, Ma C, Zhang Q, Li L, Chen X, Zeng H, Guo D. 2014. Leading dimensions in absorptive root trait variation across 96 subtropical forest species. New Phytologist 203: 863-872.",C3,NM
Celtis sinensis,Celtis,sinensis,Cannabaceae,Rosales,"Kong D, Ma C, Zhang Q, Li L, Chen X, Zeng H, Guo D. 2014. Leading dimensions in absorptive root trait variation across 96 subtropical forest species. New Phytologist 203: 863-872.",C3,AM
Canarium album,Canarium,album,Burseraceae,Sapindales,"Kong D, Ma C, Zhang Q, Li L, Chen X, Zeng H, Guo D. 2014. Leading dimensions in absorptive root trait variation across 96 subtropical forest species. New Phytologist 203: 863-872.",C3,AM
Pistacia chinensis,Pistacia,chinensis,Anacardiaceae,Sapindales,"Kong D, Ma C, Zhang Q, Li L, Chen X, Zeng H, Guo D. 2014. Leading dimensions in absorptive root trait variation across 96 subtropical forest species. New Phytologist 203: 863-872.",C3,AM
Acronychia pedunculata,Acronychia,pedunculata,Rutaceae,Sapindales,"Kong D, Ma C, Zhang Q, Li L, Chen X, Zeng H, Guo D. 2014. Leading dimensions in absorptive root trait variation across 96 subtropical forest species. New Phytologist 203: 863-872.",C3,AM
Melicope pteleifolia,Melicope,pteleifolia,Rutaceae,Sapindales,"Kong D, Ma C, Zhang Q, Li L, Chen X, Zeng H, Guo D. 2014. Leading dimensions in absorptive root trait variation across 96 subtropical forest species. New Phytologist 203: 863-872.",C3,AM
Nephelium lappaceum,Nephelium,lappaceum,Sapindaceae,Sapindales,"Kong D, Ma C, Zhang Q, Li L, Chen X, Zeng H, Guo D. 2014. Leading dimensions in absorptive root trait variation across 96 subtropical forest species. New Phytologist 203: 863-872.",C3,AM
Allophylus cobbe,Allophylus,cobbe,Sapindaceae,Sapindales,"Kong D, Ma C, Zhang Q, Li L, Chen X, Zeng H, Guo D. 2014. Leading dimensions in absorptive root trait variation across 96 subtropical forest species. New Phytologist 203: 863-872.",C3,AM
Vaccinium mandarinorum,Vaccinium,mandarinorum,Ericaceae,Ericales,"Kong D, Ma C, Zhang Q, Li L, Chen X, Zeng H, Guo D. 2014. Leading dimensions in absorptive root trait variation across 96 subtropical forest species. New Phytologist 203: 863-872.",C3,ErM
Barringtonia racemosa,Barringtonia,racemosa,Lecythidaceae,Ericales,"Kong D, Ma C, Zhang Q, Li L, Chen X, Zeng H, Guo D. 2014. Leading dimensions in absorptive root trait variation across 96 subtropical forest species. New Phytologist 203: 863-872.",,AM
Pentaphylax euryoides,Pentaphylax,euryoides,Pentaphylacaceae,Ericales,"Kong D, Ma C, Zhang Q, Li L, Chen X, Zeng H, Guo D. 2014. Leading dimensions in absorptive root trait variation across 96 subtropical forest species. New Phytologist 203: 863-872.",C3,AM
Alniphyllum fortunei,Alniphyllum,fortunei,Styracaceae,Ericales,"Kong D, Ma C, Zhang Q, Li L, Chen X, Zeng H, Guo D. 2014. Leading dimensions in absorptive root trait variation across 96 subtropical forest species. New Phytologist 203: 863-872.",C3,AM
Gordonia axillaris,Gordonia,axillaris,Theaceae,Ericales,"Kong D, Ma C, Zhang Q, Li L, Chen X, Zeng H, Guo D. 2014. Leading dimensions in absorptive root trait variation across 96 subtropical forest species. New Phytologist 203: 863-872.",C3,AM
Schima wallichii,Schima,wallichii,Theaceae,Ericales,"Kong D, Ma C, Zhang Q, Li L, Chen X, Zeng H, Guo D. 2014. Leading dimensions in absorptive root trait variation across 96 subtropical forest species. New Phytologist 203: 863-872.",C3,AM
Alstonia scholaris,Alstonia,scholaris,Apocynaceae,Gentianales,"Kong D, Ma C, Zhang Q, Li L, Chen X, Zeng H, Guo D. 2014. Leading dimensions in absorptive root trait variation across 96 subtropical forest species. New Phytologist 203: 863-872.",C3,AM
Catunaregam spinosa,Catunaregam,spinosa,Rubiaceae,Gentianales,"Kong D, Ma C, Zhang Q, Li L, Chen X, Zeng H, Guo D. 2014. Leading dimensions in absorptive root trait variation across 96 subtropical forest species. New Phytologist 203: 863-872.",,AM
Wendlandia uvariifolia,Wendlandia,uvariifolia,Rubiaceae,Gentianales,"Kong D, Ma C, Zhang Q, Li L, Chen X, Zeng H, Guo D. 2014. Leading dimensions in absorptive root trait variation across 96 subtropical forest species. New Phytologist 203: 863-872.",,AM
Pertusadina metcalfii,Pertusadina,metcalfii,Rubiaceae,Gentianales,"Kong D, Ma C, Zhang Q, Li L, Chen X, Zeng H, Guo D. 2014. Leading dimensions in absorptive root trait variation across 96 subtropical forest species. New Phytologist 203: 863-872.",C3,AM
Psychotria asiatica,Psychotria,asiatica,Rubiaceae,Gentianales,"Kong D, Ma C, Zhang Q, Li L, Chen X, Zeng H, Guo D. 2014. Leading dimensions in absorptive root trait variation across 96 subtropical forest species. New Phytologist 203: 863-872.",C3,AM
Saprosma ternatum,Saprosma,ternatum,Rubiaceae,Gentianales,"Kong D, Ma C, Zhang Q, Li L, Chen X, Zeng H, Guo D. 2014. Leading dimensions in absorptive root trait variation across 96 subtropical forest species. New Phytologist 203: 863-872.",,AM
Osmanthus didymopetalus,Osmanthus,didymopetalus,Oleaceae,Lamiales,"Kong D, Ma C, Zhang Q, Li L, Chen X, Zeng H, Guo D. 2014. Leading dimensions in absorptive root trait variation across 96 subtropical forest species. New Phytologist 203: 863-872.",C3,AM
Olea rosea,Olea,rosea,Oleaceae,Lamiales,"Kong D, Ma C, Zhang Q, Li L, Chen X, Zeng H, Guo D. 2014. Leading dimensions in absorptive root trait variation across 96 subtropical forest species. New Phytologist 203: 863-872.",,AM
Schefflera minutistellata,Schefflera,minutistellata,Araliaceae,Apiales,"Kong D, Ma C, Zhang Q, Li L, Chen X, Zeng H, Guo D. 2014. Leading dimensions in absorptive root trait variation across 96 subtropical forest species. New Phytologist 203: 863-872.",,AM
Macropanax undulatus,Macropanax,undulatus,Araliaceae,Apiales,"Kong D, Ma C, Zhang Q, Li L, Chen X, Zeng H, Guo D. 2014. Leading dimensions in absorptive root trait variation across 96 subtropical forest species. New Phytologist 203: 863-872.",,AM
Pterospermum acerifolium,Pterospermum,acerifolium,Malvaceae,Malvales,"Kong D, Ma C, Zhang Q, Li L, Chen X, Zeng H, Guo D. 2014. Leading dimensions in absorptive root trait variation across 96 subtropical forest species. New Phytologist 203: 863-872.",C3,AM
Sterculia lanceolata,Sterculia,lanceolata,Malvaceae,Malvales,"Kong D, Ma C, Zhang Q, Li L, Chen X, Zeng H, Guo D. 2014. Leading dimensions in absorptive root trait variation across 96 subtropical forest species. New Phytologist 203: 863-872.",C3,AM
Itea chinensis,Itea,chinensis,Iteaceae,Saxifragales,"Kong D, Ma C, Zhang Q, Li L, Chen X, Zeng H, Guo D. 2014. Leading dimensions in absorptive root trait variation across 96 subtropical forest species. New Phytologist 203: 863-872.",,AM
Garcinia oblongifolia,Garcinia,oblongifolia,Clusiaceae,Malpighiales,"Kong D, Ma C, Zhang Q, Li L, Chen X, Zeng H, Guo D. 2014. Leading dimensions in absorptive root trait variation across 96 subtropical forest species. New Phytologist 203: 863-872.",C3,AM
Cratoxylum cochinchinense,Cratoxylum,cochinchinense,Hypericaceae,Malpighiales,"Kong D, Ma C, Zhang Q, Li L, Chen X, Zeng H, Guo D. 2014. Leading dimensions in absorptive root trait variation across 96 subtropical forest species. New Phytologist 203: 863-872.",C3,AM
Garcinia cowa,Garcinia,cowa,Clusiaceae,Malpighiales,"Kong D, Ma C, Zhang Q, Li L, Chen X, Zeng H, Guo D. 2014. Leading dimensions in absorptive root trait variation across 96 subtropical forest species. New Phytologist 203: 863-872.",C3,AM
Eriobotrya japonica,Eriobotrya,japonica,Rosaceae,Rosales,"Kong D, Ma C, Zhang Q, Li L, Chen X, Zeng H, Guo D. 2014. Leading dimensions in absorptive root trait variation across 96 subtropical forest species. New Phytologist 203: 863-872.",C3,AM
Rhaphiolepis indica,Rhaphiolepis,indica,Rosaceae,Rosales,"Kong D, Ma C, Zhang Q, Li L, Chen X, Zeng H, Guo D. 2014. Leading dimensions in absorptive root trait variation across 96 subtropical forest species. New Phytologist 203: 863-872.",,AM
Archidendron lucidum,Archidendron,lucidum,Fabaceae,Fabales,"Kong D, Ma C, Zhang Q, Li L, Chen X, Zeng H, Guo D. 2014. Leading dimensions in absorptive root trait variation across 96 subtropical forest species. New Phytologist 203: 863-872.",C3,AM
Acacia crassicarpa,Acacia,crassicarpa,Fabaceae,Fabales,"Kong D, Ma C, Zhang Q, Li L, Chen X, Zeng H, Guo D. 2014. Leading dimensions in absorptive root trait variation across 96 subtropical forest species. New Phytologist 203: 863-872.",C3,AM + EM
Acacia mangium,Acacia,mangium,Fabaceae,Fabales,"Kong D, Ma C, Zhang Q, Li L, Chen X, Zeng H, Guo D. 2014. Leading dimensions in absorptive root trait variation across 96 subtropical forest species. New Phytologist 203: 863-872.",C3,AM + EM
Acacia auriculiformis,Acacia,auriculiformis,Fabaceae,Fabales,"Kong D, Ma C, Zhang Q, Li L, Chen X, Zeng H, Guo D. 2014. Leading dimensions in absorptive root trait variation across 96 subtropical forest species. New Phytologist 203: 863-872.",C3,AM
Archidendron clypearia,Archidendron,clypearia,Fabaceae,Fabales,"Kong D, Ma C, Zhang Q, Li L, Chen X, Zeng H, Guo D. 2014. Leading dimensions in absorptive root trait variation across 96 subtropical forest species. New Phytologist 203: 863-872.",C3,AM
Millettia leptobotrya,Millettia,leptobotrya,Fabaceae,Fabales,"Kong D, Ma C, Zhang Q, Li L, Chen X, Zeng H, Guo D. 2014. Leading dimensions in absorptive root trait variation across 96 subtropical forest species. New Phytologist 203: 863-872.",,AM
Carallia brachiata,Carallia,brachiata,Rhizophoraceae,Malpighiales,"Kong D, Ma C, Zhang Q, Li L, Chen X, Zeng H, Guo D. 2014. Leading dimensions in absorptive root trait variation across 96 subtropical forest species. New Phytologist 203: 863-872.",C3,AM
Alangium chinense,Alangium,chinense,Cornaceae,Cornales,"Kong D, Ma C, Zhang Q, Li L, Chen X, Zeng H, Guo D. 2014. Leading dimensions in absorptive root trait variation across 96 subtropical forest species. New Phytologist 203: 863-872.",C3,AM
Microcos paniculata,Microcos,paniculata,Malvaceae,Malvales,"Kong D, Ma C, Zhang Q, Li L, Chen X, Zeng H, Guo D. 2014. Leading dimensions in absorptive root trait variation across 96 subtropical forest species. New Phytologist 203: 863-872.",C3,AM
Acer fabri,Acer,fabri,Sapindaceae,Sapindales,"Kong D, Ma C, Zhang Q, Li L, Chen X, Zeng H, Guo D. 2014. Leading dimensions in absorptive root trait variation across 96 subtropical forest species. New Phytologist 203: 863-872.",C3,AM
Decaspermum gracilentum,Decaspermum,gracilentum,Myrtaceae,Myrtales,"Kong D, Ma C, Zhang Q, Li L, Chen X, Zeng H, Guo D. 2014. Leading dimensions in absorptive root trait variation across 96 subtropical forest species. New Phytologist 203: 863-872.",C3,AM
Adiantum pedatum,Adiantum,pedatum,Pteridaceae,Polypodiales,"Dong X, Wang H, Gu J, Wang Y, Wang Z. 2014. Root morphology, histology and chemistry of nine fern species (pteridophyta) in a temperate forest. Plant Soil 393: 215-227.",C3,AM
Athyrium multidentatum,Athyrium,multidentatum,Athyriaceae,Polypodiales,"Dong X, Wang H, Gu J, Wang Y, Wang Z. 2014. Root morphology, histology and chemistry of nine fern species (pteridophyta) in a temperate forest. Plant Soil 393: 215-227.",,AM
Athyrium sinense,Athyrium,sinense,Athyriaceae,Polypodiales,"Dong X, Wang H, Gu J, Wang Y, Wang Z. 2014. Root morphology, histology and chemistry of nine fern species (pteridophyta) in a temperate forest. Plant Soil 393: 215-227.",,AM
Cystopteris sudetica,Cystopteris,sudetica,Cystopteridaceae,Polypodiales,"Dong X, Wang H, Gu J, Wang Y, Wang Z. 2014. Root morphology, histology and chemistry of nine fern species (pteridophyta) in a temperate forest. Plant Soil 393: 215-227.",C3,
Equisetum hyemale,Equisetum,hyemale,Equisetaceae,Equisetales,"Dong X, Wang H, Gu J, Wang Y, Wang Z. 2014. Root morphology, histology and chemistry of nine fern species (pteridophyta) in a temperate forest. Plant Soil 393: 215-227.",C3,AM
Equisetum pratense,Equisetum,pratense,Equisetaceae,Equisetales,"Dong X, Wang H, Gu J, Wang Y, Wang Z. 2014. Root morphology, histology and chemistry of nine fern species (pteridophyta) in a temperate forest. Plant Soil 393: 215-227.",C3,
Matteuccia struthiopteris,Matteuccia,struthiopteris,Onocleaceae,Polypodiales,"Dong X, Wang H, Gu J, Wang Y, Wang Z. 2014. Root morphology, histology and chemistry of nine fern species (pteridophyta) in a temperate forest. Plant Soil 393: 215-227.",C3,
Onoclea sensibilis,Onoclea,sensibilis,Onocleaceae,Polypodiales,"Dong X, Wang H, Gu J, Wang Y, Wang Z. 2014. Root morphology, histology and chemistry of nine fern species (pteridophyta) in a temperate forest. Plant Soil 393: 215-227.",C3,
Athyrium spinulosum,Athyrium,spinulosum,Athyriaceae,Polypodiales,"Dong X, Wang H, Gu J, Wang Y, Wang Z. 2014. Root morphology, histology and chemistry of nine fern species (pteridophyta) in a temperate forest. Plant Soil 393: 215-227.",,AM
Juglans mandshurica,Juglans,mandshurica,Juglandaceae,Fagales,"Wang Y, Dong X, Wang H, Wang Z, Gu J. 2016. Root tip morphology, anatomy, chemistry and potential hydraulic conductivity vary with soil depth in three temperate hardwood species. Tree Physiology 36:99-108.",C3,
Fraxinus mandshurica,Fraxinus,mandshurica,Oleaceae,Lamiales,"Wang Y, Dong X, Wang H, Wang Z, Gu J. 2016. Root tip morphology, anatomy, chemistry and potential hydraulic conductivity vary with soil depth in three temperate hardwood species. Tree Physiology 36:99-108.",C3,
Phellodendron amurense,Phellodendron,amurense,Rutaceae,Sapindales,"Wang Y, Dong X, Wang H, Wang Z, Gu J. 2016. Root tip morphology, anatomy, chemistry and potential hydraulic conductivity vary with soil depth in three temperate hardwood species. Tree Physiology 36:99-108.",C3,
Chenopodium serotinum,Chenopodium,serotinum,Amaranthaceae,Caryophyllales,"Chen W, Zeng H, Eissenstat DM, Guo D. 2013. Variation of first-order root traits across climatic gradients and evolutionary trends in geological time. Global Ecology and Biogeography 22: 846-856.",C3,AM
Euonymus alatus,Euonymus,alatus,Celastraceae,Celastrales,"Chen W, Zeng H, Eissenstat DM, Guo D. 2013. Variation of first-order root traits across climatic gradients and evolutionary trends in geological time. Global Ecology and Biogeography 22: 846-856.",C3,AM
Cornus officinalis,Cornus,officinalis,Cornaceae,Cornales,"Chen W, Zeng H, Eissenstat DM, Guo D. 2013. Variation of first-order root traits across climatic gradients and evolutionary trends in geological time. Global Ecology and Biogeography 22: 846-856.",C3,AM + EM
Cornus bretschneideri,Cornus,bretschneideri,Cornaceae,Cornales,"Chen W, Zeng H, Eissenstat DM, Guo D. 2013. Variation of first-order root traits across climatic gradients and evolutionary trends in geological time. Global Ecology and Biogeography 22: 846-856.",C3,AM
Sambucus williamsii,Sambucus,williamsii,Adoxaceae,Dipsacales,"Chen W, Zeng H, Eissenstat DM, Guo D. 2013. Variation of first-order root traits across climatic gradients and evolutionary trends in geological time. Global Ecology and Biogeography 22: 846-856.",C3,AM
Ardisia depressa,Ardisia,depressa,Primulaceae,Ericales,"Chen W, Zeng H, Eissenstat DM, Guo D. 2013. Variation of first-order root traits across climatic gradients and evolutionary trends in geological time. Global Ecology and Biogeography 22: 846-856.",,AM
Eurya japonica,Eurya,japonica,Pentaphylacaceae,Ericales,"Chen W, Zeng H, Eissenstat DM, Guo D. 2013. Variation of first-order root traits across climatic gradients and evolutionary trends in geological time. Global Ecology and Biogeography 22: 846-856.",,AM
Diospyros strigosa,Diospyros,strigosa,Ebenaceae,Ericales,"Chen W, Zeng H, Eissenstat DM, Guo D. 2013. Variation of first-order root traits across climatic gradients and evolutionary trends in geological time. Global Ecology and Biogeography 22: 846-856.",,AM
Barringtonia racemosa,Barringtonia,racemosa,Lecythidaceae,Ericales,"Chen W, Zeng H, Eissenstat DM, Guo D. 2013. Variation of first-order root traits across climatic gradients and evolutionary trends in geological time. Global Ecology and Biogeography 22: 846-856.",,AM
Myrsine seguinii,Myrsine,seguinii,Primulaceae,Ericales,"Chen W, Zeng H, Eissenstat DM, Guo D. 2013. Variation of first-order root traits across climatic gradients and evolutionary trends in geological time. Global Ecology and Biogeography 22: 846-856.",C3,AM
Betula albosinensis,Betula,albosinensis,Betulaceae,Fagales,"Chen W, Zeng H, Eissenstat DM, Guo D. 2013. Variation of first-order root traits across climatic gradients and evolutionary trends in geological time. Global Ecology and Biogeography 22: 846-856.",C3,EM
Carpinus cordata,Carpinus,cordata,Betulaceae,Fagales,"Chen W, Zeng H, Eissenstat DM, Guo D. 2013. Variation of first-order root traits across climatic gradients and evolutionary trends in geological time. Global Ecology and Biogeography 22: 846-856.",C3,EM
Betula dahurica,Betula,dahurica,Betulaceae,Fagales,"Chen W, Zeng H, Eissenstat DM, Guo D. 2013. Variation of first-order root traits across climatic gradients and evolutionary trends in geological time. Global Ecology and Biogeography 22: 846-856.",C3,EM
Lithocarpus fenestratus,Lithocarpus,fenestratus,Fagaceae,Fagales,"Chen W, Zeng H, Eissenstat DM, Guo D. 2013. Variation of first-order root traits across climatic gradients and evolutionary trends in geological time. Global Ecology and Biogeography 22: 846-856.",C3,EM
Quercus aliena,Quercus,aliena,Fagaceae,Fagales,"Chen W, Zeng H, Eissenstat DM, Guo D. 2013. Variation of first-order root traits across climatic gradients and evolutionary trends in geological time. Global Ecology and Biogeography 22: 846-856.",C3,EM
Quercus variabilis,Quercus,variabilis,Fagaceae,Fagales,"Chen W, Zeng H, Eissenstat DM, Guo D. 2013. Variation of first-order root traits across climatic gradients and evolutionary trends in geological time. Global Ecology and Biogeography 22: 846-856.",C3,EM
Quercus wutaishanica,Quercus,wutaishanica,Fagaceae,Fagales,"Chen W, Zeng H, Eissenstat DM, Guo D. 2013. Variation of first-order root traits across climatic gradients and evolutionary trends in geological time. Global Ecology and Biogeography 22: 846-856.",,EM
Aidia oxyodonta,Aidia,oxyodonta,Rubiaceae,Gentianales,"Chen W, Zeng H, Eissenstat DM, Guo D. 2013. Variation of first-order root traits across climatic gradients and evolutionary trends in geological time. Global Ecology and Biogeography 22: 846-856.",,AM
Ginkgo biloba,Ginkgo,biloba,Ginkgoaceae,Ginkgoales,"Chen W, Zeng H, Eissenstat DM, Guo D. 2013. Variation of first-order root traits across climatic gradients and evolutionary trends in geological time. Global Ecology and Biogeography 22: 846-856.",C3,AM
Fraxinus chinensis,Fraxinus,chinensis,Oleaceae,Lamiales,"Chen W, Zeng H, Eissenstat DM, Guo D. 2013. Variation of first-order root traits across climatic gradients and evolutionary trends in geological time. Global Ecology and Biogeography 22: 846-856.",C3,AM
Syringa reticulata,Syringa,reticulata,Oleaceae,Lamiales,"Chen W, Zeng H, Eissenstat DM, Guo D. 2013. Variation of first-order root traits across climatic gradients and evolutionary trends in geological time. Global Ecology and Biogeography 22: 846-856.",C3,AM + EM
Cryptocarya concinna,Cryptocarya,concinna,Lauraceae,Laurales,"Chen W, Zeng H, Eissenstat DM, Guo D. 2013. Variation of first-order root traits across climatic gradients and evolutionary trends in geological time. Global Ecology and Biogeography 22: 846-856.",C3,AM
Machilus breviflora,Machilus,breviflora,Lauraceae,Laurales,"Chen W, Zeng H, Eissenstat DM, Guo D. 2013. Variation of first-order root traits across climatic gradients and evolutionary trends in geological time. Global Ecology and Biogeography 22: 846-856.",C3,AM
Machilus shweliensis,Machilus,shweliensis,Lauraceae,Laurales,"Chen W, Zeng H, Eissenstat DM, Guo D. 2013. Variation of first-order root traits across climatic gradients and evolutionary trends in geological time. Global Ecology and Biogeography 22: 846-856.",,AM
Ocotea lancifolia,Ocotea,lancifolia,Lauraceae,Laurales,"Chen W, Zeng H, Eissenstat DM, Guo D. 2013. Variation of first-order root traits across climatic gradients and evolutionary trends in geological time. Global Ecology and Biogeography 22: 846-856.",,AM
Cinnamomum camphora,Cinnamomum,camphora,Lauraceae,Laurales,"Chen W, Zeng H, Eissenstat DM, Guo D. 2013. Variation of first-order root traits across climatic gradients and evolutionary trends in geological time. Global Ecology and Biogeography 22: 846-856.",C3,AM
Lindera communis,Lindera,communis,Lauraceae,Laurales,"Chen W, Zeng H, Eissenstat DM, Guo D. 2013. Variation of first-order root traits across climatic gradients and evolutionary trends in geological time. Global Ecology and Biogeography 22: 846-856.",C3,AM
Goniothalamus griffithii,Goniothalamus,griffithii,Annonaceae,Magnoliales,"Chen W, Zeng H, Eissenstat DM, Guo D. 2013. Variation of first-order root traits across climatic gradients and evolutionary trends in geological time. Global Ecology and Biogeography 22: 846-856.",,AM
Liriodendron chinense,Liriodendron,chinense,Magnoliaceae,Magnoliales,"Chen W, Zeng H, Eissenstat DM, Guo D. 2013. Variation of first-order root traits across climatic gradients and evolutionary trends in geological time. Global Ecology and Biogeography 22: 846-856.",C3,AM
Magnolia championii,Magnolia,championii,Magnoliaceae,Magnoliales,"Chen W, Zeng H, Eissenstat DM, Guo D. 2013. Variation of first-order root traits across climatic gradients and evolutionary trends in geological time. Global Ecology and Biogeography 22: 846-856.",C3,AM
Magnolia macclurei,Magnolia,macclurei,Magnoliaceae,Magnoliales,"Chen W, Zeng H, Eissenstat DM, Guo D. 2013. Variation of first-order root traits across climatic gradients and evolutionary trends in geological time. Global Ecology and Biogeography 22: 846-856.",C3,AM
Magnolia maudiae,Magnolia,maudiae,Magnoliaceae,Magnoliales,"Chen W, Zeng H, Eissenstat DM, Guo D. 2013. Variation of first-order root traits across climatic gradients and evolutionary trends in geological time. Global Ecology and Biogeography 22: 846-856.",C3,AM
Magnolia ernestii,Magnolia,ernestii,Magnoliaceae,Magnoliales,"Chen W, Zeng H, Eissenstat DM, Guo D. 2013. Variation of first-order root traits across climatic gradients and evolutionary trends in geological time. Global Ecology and Biogeography 22: 846-856.",C3,AM
Magnolia odora,Magnolia,odora,Magnoliaceae,Magnoliales,"Chen W, Zeng H, Eissenstat DM, Guo D. 2013. Variation of first-order root traits across climatic gradients and evolutionary trends in geological time. Global Ecology and Biogeography 22: 846-856.",C3,AM
Knema erratica,Knema,erratica,Myristicaceae,Magnoliales,"Chen W, Zeng H, Eissenstat DM, Guo D. 2013. Variation of first-order root traits across climatic gradients and evolutionary trends in geological time. Global Ecology and Biogeography 22: 846-856.",,AM
Populus cathayana,Populus,cathayana,Salicaceae,Malpighiales,"Chen W, Zeng H, Eissenstat DM, Guo D. 2013. Variation of first-order root traits across climatic gradients and evolutionary trends in geological time. Global Ecology and Biogeography 22: 846-856.",C3,AM + EM
Salix caprea,Salix,caprea,Salicaceae,Malpighiales,"Chen W, Zeng H, Eissenstat DM, Guo D. 2013. Variation of first-order root traits across climatic gradients and evolutionary trends in geological time. Global Ecology and Biogeography 22: 846-856.",C3,AM + EM
Alchornea tiliifolia,Alchornea,tiliifolia,Euphorbiaceae,Malpighiales,"Chen W, Zeng H, Eissenstat DM, Guo D. 2013. Variation of first-order root traits across climatic gradients and evolutionary trends in geological time. Global Ecology and Biogeography 22: 846-856.",,AM
Macaranga sampsonii,Macaranga,sampsonii,Euphorbiaceae,Malpighiales,"Chen W, Zeng H, Eissenstat DM, Guo D. 2013. Variation of first-order root traits across climatic gradients and evolutionary trends in geological time. Global Ecology and Biogeography 22: 846-856.",,AM
Sterculia nobilis,Sterculia,nobilis,Malvaceae,Malvales,"Chen W, Zeng H, Eissenstat DM, Guo D. 2013. Variation of first-order root traits across climatic gradients and evolutionary trends in geological time. Global Ecology and Biogeography 22: 846-856.",,AM
Tilia mandshurica,Tilia,mandshurica,Malvaceae,Malvales,"Chen W, Zeng H, Eissenstat DM, Guo D. 2013. Variation of first-order root traits across climatic gradients and evolutionary trends in geological time. Global Ecology and Biogeography 22: 846-856.",C3,AM
Tilia mongolica,Tilia,mongolica,Malvaceae,Malvales,"Chen W, Zeng H, Eissenstat DM, Guo D. 2013. Variation of first-order root traits across climatic gradients and evolutionary trends in geological time. Global Ecology and Biogeography 22: 846-856.",C3,EM
Memecylon nigrescens,Memecylon,nigrescens,Melastomataceae,Myrtales,"Chen W, Zeng H, Eissenstat DM, Guo D. 2013. Variation of first-order root traits across climatic gradients and evolutionary trends in geological time. Global Ecology and Biogeography 22: 846-856.",,AM
Syzygium hancei,Syzygium,hancei,Myrtaceae,Myrtales,"Chen W, Zeng H, Eissenstat DM, Guo D. 2013. Variation of first-order root traits across climatic gradients and evolutionary trends in geological time. Global Ecology and Biogeography 22: 846-856.",C3,AM
Syzygium levinei,Syzygium,levinei,Myrtaceae,Myrtales,"Chen W, Zeng H, Eissenstat DM, Guo D. 2013. Variation of first-order root traits across climatic gradients and evolutionary trends in geological time. Global Ecology and Biogeography 22: 846-856.",C3,AM
Syzygium szemaoense,Syzygium,szemaoense,Myrtaceae,Myrtales,"Chen W, Zeng H, Eissenstat DM, Guo D. 2013. Variation of first-order root traits across climatic gradients and evolutionary trends in geological time. Global Ecology and Biogeography 22: 846-856.",,AM
Larix gmelinii,Larix,gmelinii,Pinaceae,Pinales,"Chen W, Zeng H, Eissenstat DM, Guo D. 2013. Variation of first-order root traits across climatic gradients and evolutionary trends in geological time. Global Ecology and Biogeography 22: 846-856.",C3,EM
Picea meyeri,Picea,meyeri,Pinaceae,Pinales,"Chen W, Zeng H, Eissenstat DM, Guo D. 2013. Variation of first-order root traits across climatic gradients and evolutionary trends in geological time. Global Ecology and Biogeography 22: 846-856.",C3,EM
Picea wilsonii,Picea,wilsonii,Pinaceae,Pinales,"Chen W, Zeng H, Eissenstat DM, Guo D. 2013. Variation of first-order root traits across climatic gradients and evolutionary trends in geological time. Global Ecology and Biogeography 22: 846-856.",C3,EM
Pinus armandii,Pinus,armandii,Pinaceae,Pinales,"Chen W, Zeng H, Eissenstat DM, Guo D. 2013. Variation of first-order root traits across climatic gradients and evolutionary trends in geological time. Global Ecology and Biogeography 22: 846-856.",C3,EM
Pinus tabuliformis,Pinus,tabuliformis,Pinaceae,Pinales,"Chen W, Zeng H, Eissenstat DM, Guo D. 2013. Variation of first-order root traits across climatic gradients and evolutionary trends in geological time. Global Ecology and Biogeography 22: 846-856.",C3,EM
Dacrycarpus imbricatus,Dacrycarpus,imbricatus,Podocarpaceae,Pinales,"Chen W, Zeng H, Eissenstat DM, Guo D. 2013. Variation of first-order root traits across climatic gradients and evolutionary trends in geological time. Global Ecology and Biogeography 22: 846-856.",C3,AM
Ulmus macrocarpa,Ulmus,macrocarpa,Ulmaceae,Rosales,"Chen W, Zeng H, Eissenstat DM, Guo D. 2013. Variation of first-order root traits across climatic gradients and evolutionary trends in geological time. Global Ecology and Biogeography 22: 846-856.",C3,AM
Ulmus davidiana,Ulmus,davidiana,Ulmaceae,Rosales,"Chen W, Zeng H, Eissenstat DM, Guo D. 2013. Variation of first-order root traits across climatic gradients and evolutionary trends in geological time. Global Ecology and Biogeography 22: 846-856.",C3,AM + EM
Malus baccata,Malus,baccata,Rosaceae,Rosales,"Chen W, Zeng H, Eissenstat DM, Guo D. 2013. Variation of first-order root traits across climatic gradients and evolutionary trends in geological time. Global Ecology and Biogeography 22: 846-856.",C3,AM
Pyrus betulifolia,Pyrus,betulifolia,Rosaceae,Rosales,"Chen W, Zeng H, Eissenstat DM, Guo D. 2013. Variation of first-order root traits across climatic gradients and evolutionary trends in geological time. Global Ecology and Biogeography 22: 846-856.",C3,AM
Sanguisorba officinalis,Sanguisorba,officinalis,Rosaceae,Rosales,"Chen W, Zeng H, Eissenstat DM, Guo D. 2013. Variation of first-order root traits across climatic gradients and evolutionary trends in geological time. Global Ecology and Biogeography 22: 846-856.",,AM
Sorbus aucuparia,Sorbus,aucuparia,Rosaceae,Rosales,"Chen W, Zeng H, Eissenstat DM, Guo D. 2013. Variation of first-order root traits across climatic gradients and evolutionary trends in geological time. Global Ecology and Biogeography 22: 846-856.",C3,AM
Aphanamixis polystachya,Aphanamixis,polystachya,Meliaceae,Sapindales,"Chen W, Zeng H, Eissenstat DM, Guo D. 2013. Variation of first-order root traits across climatic gradients and evolutionary trends in geological time. Global Ecology and Biogeography 22: 846-856.",C3,AM
Dysoxylum excelsum,Dysoxylum,excelsum,Meliaceae,Sapindales,"Chen W, Zeng H, Eissenstat DM, Guo D. 2013. Variation of first-order root traits across climatic gradients and evolutionary trends in geological time. Global Ecology and Biogeography 22: 846-856.",,AM
Acronychia pedunculata,Acronychia,pedunculata,Rutaceae,Sapindales,"Chen W, Zeng H, Eissenstat DM, Guo D. 2013. Variation of first-order root traits across climatic gradients and evolutionary trends in geological time. Global Ecology and Biogeography 22: 846-856.",C3,AM
Canarium album,Canarium,album,Burseraceae,Sapindales,"Chen W, Zeng H, Eissenstat DM, Guo D. 2013. Variation of first-order root traits across climatic gradients and evolutionary trends in geological time. Global Ecology and Biogeography 22: 846-856.",C3,AM
Acer davidii,Acer,davidii,Sapindaceae,Sapindales,"Chen W, Zeng H, Eissenstat DM, Guo D. 2013. Variation of first-order root traits across climatic gradients and evolutionary trends in geological time. Global Ecology and Biogeography 22: 846-856.",C3,AM
Acer truncatum,Acer,truncatum,Sapindaceae,Sapindales,"Chen W, Zeng H, Eissenstat DM, Guo D. 2013. Variation of first-order root traits across climatic gradients and evolutionary trends in geological time. Global Ecology and Biogeography 22: 846-856.",C3,AM + EM
Rhodoleia championii,Rhodoleia,championii,Hamamelidaceae,Saxifragales,"Chen W, Zeng H, Eissenstat DM, Guo D. 2013. Variation of first-order root traits across climatic gradients and evolutionary trends in geological time. Global Ecology and Biogeography 22: 846-856.",,AM
Dicranopteris linearis,Dicranopteris,linearis,Gleicheniaceae,Gleicheniales,"Kong DL, Wang JJ, Kardol P, Wu HF, Zeng H, Deng XB, Deng Y. 2016. Economic strategies of plant absorptive roots vary with root diameter. Biogeosciences 13: 415-424.",C3,
Acacia auriculiformis,Acacia,auriculiformis,Fabaceae,Fabales,"Kong DL, Wang JJ, Kardol P, Wu HF, Zeng H, Deng XB, Deng Y. 2016. Economic strategies of plant absorptive roots vary with root diameter. Biogeosciences 13: 415-424.",C3,
Gordonia axillaris,Gordonia,axillaris,Theaceae,Ericales,"Kong DL, Wang JJ, Kardol P, Wu HF, Zeng H, Deng XB, Deng Y. 2016. Economic strategies of plant absorptive roots vary with root diameter. Biogeosciences 13: 415-424.",,
Cunninghamia lanceolata,Cunninghamia,lanceolata,Cupressaceae,Pinales,"Kong DL, Wang JJ, Kardol P, Wu HF, Zeng H, Deng XB, Deng Y. 2016. Economic strategies of plant absorptive roots vary with root diameter. Biogeosciences 13: 415-424.",C3,
Magnolia baillonii,Magnolia,baillonii,Magnoliaceae,Magnoliales,"Kong DL, Wang JJ, Kardol P, Wu HF, Zeng H, Deng XB, Deng Y. 2016. Economic strategies of plant absorptive roots vary with root diameter. Biogeosciences 13: 415-424.",C3,
Endospermum chinense,Endospermum,chinense,Euphorbiaceae,Malpighiales,"Kong DL, Wang JJ, Kardol P, Wu HF, Zeng H, Deng XB, Deng Y. 2016. Economic strategies of plant absorptive roots vary with root diameter. Biogeosciences 13: 415-424.",C3,
Cryptocarya chinensis,Cryptocarya,chinensis,Lauraceae,Laurales,"Kong DL, Wang JJ, Kardol P, Wu HF, Zeng H, Deng XB, Deng Y. 2016. Economic strategies of plant absorptive roots vary with root diameter. Biogeosciences 13: 415-424.",C3,
Abies fargesii,Abies,fargesii,Pinaceae,Pinales,"Pu X, Yin C, Xioa Q, Qiao M, Liu Q. 2016. Fine roots branch orders of Abies faxoniana respond differentially to warming in a subalpine coniferous forest ecosystem. Agroforestry Systems online article. doi:10.1007/s10457-016-9970-7",C3,
Quercus robur,Quercus,robur,Fagaceae,Fagales," Zadworny M, McCormack ML, Rawlik K, Jagodzinski AM. 2015. Seasonal variation in chemistry, but not morphology, in roots of Quercus robur growing in different soil types. Tree Physiology 35: 644-652.",C3,
Acer negundo,Acer,negundo,Sapindaceae,Sapindales,"McCormack ML, Adams TS, Smithwick EAH, Eissenstat DM. 2012. Predicting fine root lifespan from plant functional traits in temperate trees. New Phytologist 195:823-831.",C3,
Acer rubrum,Acer,rubrum,Sapindaceae,Sapindales,"McCormack ML, Adams TS, Smithwick EAH, Eissenstat DM. 2012. Predicting fine root lifespan from plant functional traits in temperate trees. New Phytologist 195:823-831.",C3,
Acer saccharum,Acer,saccharum,Sapindaceae,Sapindales,"McCormack ML, Adams TS, Smithwick EAH, Eissenstat DM. 2012. Predicting fine root lifespan from plant functional traits in temperate trees. New Phytologist 195:823-831.",C3,
Carya glabra,Carya,glabra,Juglandaceae,Fagales,"McCormack ML, Adams TS, Smithwick EAH, Eissenstat DM. 2012. Predicting fine root lifespan from plant functional traits in temperate trees. New Phytologist 195:823-831.",C3,
Juglans nigra,Juglans,nigra,Juglandaceae,Fagales,"McCormack ML, Adams TS, Smithwick EAH, Eissenstat DM. 2012. Predicting fine root lifespan from plant functional traits in temperate trees. New Phytologist 195:823-831.",C3,
Liriodendron tulipifera,Liriodendron,tulipifera,Magnoliaceae,Magnoliales,"McCormack ML, Adams TS, Smithwick EAH, Eissenstat DM. 2012. Predicting fine root lifespan from plant functional traits in temperate trees. New Phytologist 195:823-831.",C3,
Pinus strobus,Pinus,strobus,Pinaceae,Pinales,"McCormack ML, Adams TS, Smithwick EAH, Eissenstat DM. 2012. Predicting fine root lifespan from plant functional traits in temperate trees. New Phytologist 195:823-831.",C3,
Pinus virginiana,Pinus,virginiana,Pinaceae,Pinales,"McCormack ML, Adams TS, Smithwick EAH, Eissenstat DM. 2012. Predicting fine root lifespan from plant functional traits in temperate trees. New Phytologist 195:823-831.",C3,
Populus tremuloides,Populus,tremuloides,Salicaceae,Malpighiales,"McCormack ML, Adams TS, Smithwick EAH, Eissenstat DM. 2012. Predicting fine root lifespan from plant functional traits in temperate trees. New Phytologist 195:823-831.",C3,
Quercus alba,Quercus,alba,Fagaceae,Fagales,"McCormack ML, Adams TS, Smithwick EAH, Eissenstat DM. 2012. Predicting fine root lifespan from plant functional traits in temperate trees. New Phytologist 195:823-831.",C3,
Quercus rubra,Quercus,rubra,Fagaceae,Fagales,"McCormack ML, Adams TS, Smithwick EAH, Eissenstat DM. 2012. Predicting fine root lifespan from plant functional traits in temperate trees. New Phytologist 195:823-831.",C3,
Sassafras albidum,Sassafras,albidum,Lauraceae,Laurales,"McCormack ML, Adams TS, Smithwick EAH, Eissenstat DM. 2012. Predicting fine root lifespan from plant functional traits in temperate trees. New Phytologist 195:823-831.",C3,
Pinus elliottii,Pinus,elliottii,Pinaceae,Pinales,"Kou L, Guo D, Yang H, Gao W, Li S. 2015. Growth, morphological traits and mycorrhizal colonization of fine roots respond differently to nitrogen addition in a slash pine plantation in subtropical China. Plant Soil 391: 207-218.",C3,
Salix gordejevii,Salix,gordejevii,Salicaceae,Malpighiales,"Huang G, Zhao  X-Y, Zhao H-L, Huang Y-X, Zuo X-A. 2010. Linking root morphology, longevity and function to root branch order: a case study in three shrubs. Plant Soil 336: 197-208.",C3,
Artemisia halodendron,Artemisia,halodendron,Asteraceae,Asterales,"Huang G, Zhao  X-Y, Zhao H-L, Huang Y-X, Zuo X-A. 2010. Linking root morphology, longevity and function to root branch order: a case study in three shrubs. Plant Soil 336: 197-208.",C3,
Caragana microphylla,Caragana,microphylla,Fabaceae,Fabales,"Huang G, Zhao  X-Y, Zhao H-L, Huang Y-X, Zuo X-A. 2010. Linking root morphology, longevity and function to root branch order: a case study in three shrubs. Plant Soil 336: 197-208.",C3,
Pinus sylvestris,Pinus,sylvestris,Pinaceae,Pinales,"Zadworny M, McCormack ML, Mucha J, Reich PB, Oleksyn. 2016. Scots pine fine roots adjust along a 2000-km latitudinal climatic gradient. New Phytologist 212: 389-399. Zadworny M, McCormack ML, Zytkowiak R, Karolewski P, Mucha J, Oleksyn J. 2017. Patterns of structural and defense investments in fine roots of Scots pine (Pinus sylvestris L.) across a strong temperature and latitudinal gradient in Europe. Global Change Biology 23: 1218-1231.",C3,
Cupressus funebris,Cupressus,funebris,Cupressaceae,Pinales,"Su Y, Li X, Liu Y, Li J, Yin H, Wang Z. 2015. Fine root morphology and biomass characteristics at preliminary stage of gap border trees of reformed low beneficial Cupressus funebris forests. Acta Botanica Boreali-Occidentalia Sinica 35: 0587-0593.",C3,
Cunninghamia lanceolata,Cunninghamia,lanceolata,Cupressaceae,Pinales,"Wang Z-H, Li R-X, Guan Z-W. 2013. Effects of thinning on fine-root morphology, biomass and N concentration of different branch orders of Chinese fir. Chinese Journal of Applied Ecology 24: 1487-1493.",C3,
Chamaecyparis obtusa,Chamaecyparis,obtusa,Cupressaceae,Pinales,"Doi R, Tanikawa T, Miyatani K, Hirano Y. 2017. Intraspecific variation in morphological traits of root branch orders in Chamaecyparis obtusa. Plant Soil 416: 503-513.",C3,
Acer pictum,Acer,pictum,Sapindaceae,Sapindales,"Razaq M, Zhang P, Shen H, Salahuddin. 2017. Influence of nitrogen and phosphorous on the growth and root morphology of Acer mono. PLoS ONE 12: e0171321.",C3,
Platycladus orientalis,Platycladus,orientalis,Cupressaceae,Pinales,"Li R, Peng T, Liu N, Wang D, Jiangang M, Guan Q. 2013. Response of carbon storage, fine root biomass and morphology to thinning in Platycladus orientalis plantation. Journal of Northeast Forestry university 41: 34-38.",C3,
Juglans mandshurica,Juglans,mandshurica,Juglandaceae,Fagales,"Wang W, Wang Y, Hoch G, Wang Z, Gu J. 2018. Linkage of root morphology to anatomy with increasing nitrogen availability in six temperate tree species. Plant Soil 425: 198-200.",C3,
Fraxinus mandshurica,Fraxinus,mandshurica,Oleaceae,Lamiales,"Wang W, Wang Y, Hoch G, Wang Z, Gu J. 2018. Linkage of root morphology to anatomy with increasing nitrogen availability in six temperate tree species. Plant Soil 425: 198-200.",C3,
Phellodendron amurense,Phellodendron,amurense,Rutaceae,Sapindales,"Wang W, Wang Y, Hoch G, Wang Z, Gu J. 2018. Linkage of root morphology to anatomy with increasing nitrogen availability in six temperate tree species. Plant Soil 425: 198-200.",C3,
Larix gmelinii,Larix,gmelinii,Pinaceae,Pinales,"Wang W, Wang Y, Hoch G, Wang Z, Gu J. 2018. Linkage of root morphology to anatomy with increasing nitrogen availability in six temperate tree species. Plant Soil 425: 198-200.",C3,
Pinus koraiensis,Pinus,koraiensis,Pinaceae,Pinales,"Wang W, Wang Y, Hoch G, Wang Z, Gu J. 2018. Linkage of root morphology to anatomy with increasing nitrogen availability in six temperate tree species. Plant Soil 425: 198-200.",C3,
Picea koraiensis,Picea,koraiensis,Pinaceae,Pinales,"Wang W, Wang Y, Hoch G, Wang Z, Gu J. 2018. Linkage of root morphology to anatomy with increasing nitrogen availability in six temperate tree species. Plant Soil 425: 198-200.",C3,
Larix gmelinii,Larix,gmelinii,Pinaceae,Pinales,"Salahuddin, Rewald B, Razaq M, Lixue Y, Li J, Khan F, Jie Z. 2018. Root order-based traits of Manchurian walnut & larch and their plasticity under interspecific competition. Scientific Reports 8: 9815",C3,EM
Juglans mandshurica,Juglans,mandshurica,Juglandaceae,Fagales,"Salahuddin, Rewald B, Razaq M, Lixue Y, Li J, Khan F, Jie Z. 2018. Root order-based traits of Manchurian walnut & larch and their plasticity under interspecific competition. Scientific Reports 8: 9815",C3,AM
Acer saccharum,Acer,saccharum,Sapindaceae,Sapindales,"Pregitzer KS, DeForest JL, Burton AJ, Allen MF, Ruess RW, Hendrick RL. 2002. Fine root architecture of nine North American trees. Ecological Monographs 72: 293-309.",C3,
Juniperus monosperma,Juniperus,monosperma,Cupressaceae,Pinales,"Pregitzer KS, DeForest JL, Burton AJ, Allen MF, Ruess RW, Hendrick RL. 2002. Fine root architecture of nine North American trees. Ecological Monographs 72: 293-309.",C3,
Liriodendron tulipifera,Liriodendron,tulipifera,Magnoliaceae,Magnoliales,"Pregitzer KS, DeForest JL, Burton AJ, Allen MF, Ruess RW, Hendrick RL. 2002. Fine root architecture of nine North American trees. Ecological Monographs 72: 293-309.",C3,
Picea glauca,Picea,glauca,Pinaceae,Pinales,"Pregitzer KS, DeForest JL, Burton AJ, Allen MF, Ruess RW, Hendrick RL. 2002. Fine root architecture of nine North American trees. Ecological Monographs 72: 293-309.",C3,
Pinus edulis,Pinus,edulis,Pinaceae,Pinales,"Pregitzer KS, DeForest JL, Burton AJ, Allen MF, Ruess RW, Hendrick RL. 2002. Fine root architecture of nine North American trees. Ecological Monographs 72: 293-309.",C3,
Pinus elliottii,Pinus,elliottii,Pinaceae,Pinales,"Pregitzer KS, DeForest JL, Burton AJ, Allen MF, Ruess RW, Hendrick RL. 2002. Fine root architecture of nine North American trees. Ecological Monographs 72: 293-309.",C3,
Pinus resinosa,Pinus,resinosa,Pinaceae,Pinales,"Pregitzer KS, DeForest JL, Burton AJ, Allen MF, Ruess RW, Hendrick RL. 2002. Fine root architecture of nine North American trees. Ecological Monographs 72: 293-309.",C3,
Populus balsamifera,Populus,balsamifera,Salicaceae,Malpighiales,"Pregitzer KS, DeForest JL, Burton AJ, Allen MF, Ruess RW, Hendrick RL. 2002. Fine root architecture of nine North American trees. Ecological Monographs 72: 293-309.",C3,
Quercus alba,Quercus,alba,Fagaceae,Fagales,"Pregitzer KS, DeForest JL, Burton AJ, Allen MF, Ruess RW, Hendrick RL. 2002. Fine root architecture of nine North American trees. Ecological Monographs 72: 293-309.",C3,
Acer saccharum,Acer,saccharum,Sapindaceae,Sapindales,Valverde et al (unpublished),C3,
Aesculus hippocastanum,Aesculus,hippocastanum,Sapindaceae,Sapindales,Valverde et al (unpublished),,
Aesculus parviflora,Aesculus,parviflora,Sapindaceae,Sapindales,Valverde et al (unpublished),C3,
Asimina triloba,Asimina,triloba,Annonaceae,Magnoliales,Valverde et al (unpublished),,
Catalpa bignonioides,Catalpa,bignonioides,Bignoniaceae,Lamiales,Valverde et al (unpublished),C3,
Cercidiphyllum japonicum,Cercidiphyllum,japonicum,Cercidiphyllaceae,Saxifragales,Valverde et al (unpublished),C3,
Chionanthus virginicus,Chionanthus,virginicus,Oleaceae,Lamiales,Valverde et al (unpublished),C3,
Cornus florida,Cornus,florida,Cornaceae,Cornales,Valverde et al (unpublished),C3,
Diospyros virginiana,Diospyros,virginiana,Ebenaceae,Ericales,Valverde et al (unpublished),C3,
Fraxinus americana,Fraxinus,americana,Oleaceae,Lamiales,Valverde et al (unpublished),C3,
Gleditsia triacanthos,Gleditsia,triacanthos,Fabaceae,Fabales,Valverde et al (unpublished),C3,
Halesia tetraptera,Halesia,tetraptera,Styracaceae,Ericales,Valverde et al (unpublished),,
Hamamelis virginiana,Hamamelis,virginiana,Hamamelidaceae,Saxifragales,Valverde et al (unpublished),,
Ilex opaca,Ilex,opaca,Aquifoliaceae,Aquifoliales,Valverde et al (unpublished),C3,
Juglans nigra,Juglans,nigra,Juglandaceae,Fagales,Valverde et al (unpublished),C3,
Koelreuteria paniculata,Koelreuteria,paniculata,Sapindaceae,Sapindales,Valverde et al (unpublished),C3,
Liquidambar styraciflua,Liquidambar,styraciflua,Altingiaceae,Saxifragales,Valverde et al (unpublished),C3,
Liriodendron tulipifera,Liriodendron,tulipifera,Magnoliaceae,Magnoliales,Valverde et al (unpublished),C3,
Magnolia acuminata,Magnolia,acuminata,Magnoliaceae,Magnoliales,Valverde et al (unpublished),C3,
Magnolia denudata,Magnolia,denudata,Magnoliaceae,Magnoliales,Valverde et al (unpublished),C3,
Magnolia grandiflora,Magnolia,grandiflora,Magnoliaceae,Magnoliales,Valverde et al (unpublished),C3,
Magnolia kobus,Magnolia,kobus,Magnoliaceae,Magnoliales,Valverde et al (unpublished),C3,
Magnolia macrophylla,Magnolia,macrophylla,Magnoliaceae,Magnoliales,Valverde et al (unpublished),C3,
Magnolia stellata,Magnolia,stellata,Magnoliaceae,Magnoliales,Valverde et al (unpublished),C3,
Magnolia tripetala,Magnolia,tripetala,Magnoliaceae,Magnoliales,Valverde et al (unpublished),C3,
Magnolia virginiana,Magnolia,virginiana,Magnoliaceae,Magnoliales,Valverde et al (unpublished),C3,
Nyssa aquatica,Nyssa,aquatica,Cornaceae,Cornales,Valverde et al (unpublished),C3,
Platanus acerifolia,Platanus,acerifolia,Platanaceae,Proteales,Valverde et al (unpublished),C3,
Populus deltoides,Populus,deltoides,Salicaceae,Malpighiales,Valverde et al (unpublished),C3,
Prunus sargentii,Prunus,sargentii,Rosaceae,Rosales,Valverde et al (unpublished),C3,
Sassafras albidum,Sassafras,albidum,Lauraceae,Laurales,Valverde et al (unpublished),C3,
Styphnolobium japonicum,Styphnolobium,japonicum,Fabaceae,Fabales,Valverde et al (unpublished),C3,
Syringa reticulata,Syringa,reticulata,Oleaceae,Lamiales,Valverde et al (unpublished),C3,
Ulmus americana,Ulmus,americana,Ulmaceae,Rosales,Valverde et al (unpublished),C3,
Mallotus paniculatus,Mallotus,paniculatus,Euphorbiaceae,Malpighiales,"Wang R, Wang Q, Zhao N, Xu Z, Zhu X, Jiao C, Yu G, He N. 2018. Different phylogenetic and environmental controls of first-order root morphological and nutrient traits: Evidence of multidimensional root traits. Special Focus on Functional Traits Along A Transect 32(1): 29-39.",C3,AM
Blastus cochinchinesis,Blastus,cochinchinesis,Melastomataceae,Myrtales,"Wang R, Wang Q, Zhao N, Xu Z, Zhu X, Jiao C, Yu G, He N. 2018. Different phylogenetic and environmental controls of first-order root morphological and nutrient traits: Evidence of multidimensional root traits. Special Focus on Functional Traits Along A Transect 32(1): 29-39.",,AM
Sarcandra glabra,Sarcandra,glabra,Chloranthaceae,Chloranthales,"Wang R, Wang Q, Zhao N, Xu Z, Zhu X, Jiao C, Yu G, He N. 2018. Different phylogenetic and environmental controls of first-order root morphological and nutrient traits: Evidence of multidimensional root traits. Special Focus on Functional Traits Along A Transect 32(1): 29-39.",,mycorrhizal
Machilus breviflora,Machilus,breviflora,Lauraceae,Laurales,"Wang R, Wang Q, Zhao N, Xu Z, Zhu X, Jiao C, Yu G, He N. 2018. Different phylogenetic and environmental controls of first-order root morphological and nutrient traits: Evidence of multidimensional root traits. Special Focus on Functional Traits Along A Transect 32(1): 29-39.",C3,AM
Cinnamomum tenuifolium,Cinnamomum,tenuifolium,Lauraceae,Laurales,"Wang R, Wang Q, Zhao N, Xu Z, Zhu X, Jiao C, Yu G, He N. 2018. Different phylogenetic and environmental controls of first-order root morphological and nutrient traits: Evidence of multidimensional root traits. Special Focus on Functional Traits Along A Transect 32(1): 29-39.",C3,AM
Alchornea trewioides,Alchornea,trewioides,Euphorbiaceae,Malpighiales,"Wang R, Wang Q, Zhao N, Xu Z, Zhu X, Jiao C, Yu G, He N. 2018. Different phylogenetic and environmental controls of first-order root morphological and nutrient traits: Evidence of multidimensional root traits. Special Focus on Functional Traits Along A Transect 32(1): 29-39.",C3,AM
Cryptocarya chinensis,Cryptocarya,chinensis,Lauraceae,Laurales,"Wang R, Wang Q, Zhao N, Xu Z, Zhu X, Jiao C, Yu G, He N. 2018. Different phylogenetic and environmental controls of first-order root morphological and nutrient traits: Evidence of multidimensional root traits. Special Focus on Functional Traits Along A Transect 32(1): 29-39.",C3,AM
Calamus rhabdocladus,Calamus,rhabdocladus,Arecaceae,Arecales,"Wang R, Wang Q, Zhao N, Xu Z, Zhu X, Jiao C, Yu G, He N. 2018. Different phylogenetic and environmental controls of first-order root morphological and nutrient traits: Evidence of multidimensional root traits. Special Focus on Functional Traits Along A Transect 32(1): 29-39.",C3,AM
Engelhardia roxburghiana,Engelhardia,roxburghiana,Juglandaceae,Fagales,"Wang R, Wang Q, Zhao N, Xu Z, Zhu X, Jiao C, Yu G, He N. 2018. Different phylogenetic and environmental controls of first-order root morphological and nutrient traits: Evidence of multidimensional root traits. Special Focus on Functional Traits Along A Transect 32(1): 29-39.",C3,EM
Sterculia lanceolata,Sterculia,lanceolata,Malvaceae,Malvales,"Wang R, Wang Q, Zhao N, Xu Z, Zhu X, Jiao C, Yu G, He N. 2018. Different phylogenetic and environmental controls of first-order root morphological and nutrient traits: Evidence of multidimensional root traits. Special Focus on Functional Traits Along A Transect 32(1): 29-39.",C3,AM
Cibotium barometz,Cibotium,barometz,Cibotiaceae,Cyatheales,"Wang R, Wang Q, Zhao N, Xu Z, Zhu X, Jiao C, Yu G, He N. 2018. Different phylogenetic and environmental controls of first-order root morphological and nutrient traits: Evidence of multidimensional root traits. Special Focus on Functional Traits Along A Transect 32(1): 29-39.",C3,NM
Psychotria asiatica,Psychotria,asiatica,Rubiaceae,Gentianales,"Wang R, Wang Q, Zhao N, Xu Z, Zhu X, Jiao C, Yu G, He N. 2018. Different phylogenetic and environmental controls of first-order root morphological and nutrient traits: Evidence of multidimensional root traits. Special Focus on Functional Traits Along A Transect 32(1): 29-39.",,AM
Castanopsis fissa,Castanopsis,fissa,Fagaceae,Fagales,"Wang R, Wang Q, Zhao N, Xu Z, Zhu X, Jiao C, Yu G, He N. 2018. Different phylogenetic and environmental controls of first-order root morphological and nutrient traits: Evidence of multidimensional root traits. Special Focus on Functional Traits Along A Transect 32(1): 29-39.",C3,EM
Dicranopteris pedata,Dicranopteris,pedata,Gleicheniaceae,Gleicheniales,"Wang R, Wang Q, Zhao N, Xu Z, Zhu X, Jiao C, Yu G, He N. 2018. Different phylogenetic and environmental controls of first-order root morphological and nutrient traits: Evidence of multidimensional root traits. Special Focus on Functional Traits Along A Transect 32(1): 29-39.",,NM
Schima superba,Schima,superba,Theaceae,Ericales,"Wang R, Wang Q, Zhao N, Xu Z, Zhu X, Jiao C, Yu G, He N. 2018. Different phylogenetic and environmental controls of first-order root morphological and nutrient traits: Evidence of multidimensional root traits. Special Focus on Functional Traits Along A Transect 32(1): 29-39.",C3,AM
Machilus nanmu,Machilus,nanmu,Lauraceae,Laurales,"Wang R, Wang Q, Zhao N, Xu Z, Zhu X, Jiao C, Yu G, He N. 2018. Different phylogenetic and environmental controls of first-order root morphological and nutrient traits: Evidence of multidimensional root traits. Special Focus on Functional Traits Along A Transect 32(1): 29-39.",C3,AM
Syzygium jambos,Syzygium,jambos,Myrtaceae,Myrtales,"Wang R, Wang Q, Zhao N, Xu Z, Zhu X, Jiao C, Yu G, He N. 2018. Different phylogenetic and environmental controls of first-order root morphological and nutrient traits: Evidence of multidimensional root traits. Special Focus on Functional Traits Along A Transect 32(1): 29-39.",C3,EM
Blechnum orientale,Blechnum,orientale,Blechnaceae,Polypodiales,"Wang R, Wang Q, Zhao N, Xu Z, Zhu X, Jiao C, Yu G, He N. 2018. Different phylogenetic and environmental controls of first-order root morphological and nutrient traits: Evidence of multidimensional root traits. Special Focus on Functional Traits Along A Transect 32(1): 29-39.",C3,AM
Elaeocarpus dubius,Elaeocarpus,dubius,Elaeocarpaceae,Oxalidales,"Wang R, Wang Q, Zhao N, Xu Z, Zhu X, Jiao C, Yu G, He N. 2018. Different phylogenetic and environmental controls of first-order root morphological and nutrient traits: Evidence of multidimensional root traits. Special Focus on Functional Traits Along A Transect 32(1): 29-39.",C3,AM
Syzygium acuminatissimum,Syzygium,acuminatissimum,Myrtaceae,Myrtales,"Wang R, Wang Q, Zhao N, Xu Z, Zhu X, Jiao C, Yu G, He N. 2018. Different phylogenetic and environmental controls of first-order root morphological and nutrient traits: Evidence of multidimensional root traits. Special Focus on Functional Traits Along A Transect 32(1): 29-39.",C3,AM
Schefflera heptaphylla,Schefflera,heptaphylla,Araliaceae,Apiales,"Wang R, Wang Q, Zhao N, Xu Z, Zhu X, Jiao C, Yu G, He N. 2018. Different phylogenetic and environmental controls of first-order root morphological and nutrient traits: Evidence of multidimensional root traits. Special Focus on Functional Traits Along A Transect 32(1): 29-39.",C3,AM
Aporosa yunnanensis,Aporosa,yunnanensis,Phyllanthaceae,Malpighiales,"Wang R, Wang Q, Zhao N, Xu Z, Zhu X, Jiao C, Yu G, He N. 2018. Different phylogenetic and environmental controls of first-order root morphological and nutrient traits: Evidence of multidimensional root traits. Special Focus on Functional Traits Along A Transect 32(1): 29-39.",C3,AM
Caryota maxima,Caryota,maxima,Arecaceae,Arecales,"Wang R, Wang Q, Zhao N, Xu Z, Zhu X, Jiao C, Yu G, He N. 2018. Different phylogenetic and environmental controls of first-order root morphological and nutrient traits: Evidence of multidimensional root traits. Special Focus on Functional Traits Along A Transect 32(1): 29-39.",C3,AM
Podocarpus neriifolius,Podocarpus,neriifolius,Podocarpaceae,Pinales,"Wang R, Wang Q, Zhao N, Xu Z, Zhu X, Jiao C, Yu G, He N. 2018. Different phylogenetic and environmental controls of first-order root morphological and nutrient traits: Evidence of multidimensional root traits. Special Focus on Functional Traits Along A Transect 32(1): 29-39.",C3,AM
Sorbus discolor,Sorbus,discolor,Rosaceae,Rosales,"Wang R, Wang Q, Zhao N, Xu Z, Zhu X, Jiao C, Yu G, He N. 2018. Different phylogenetic and environmental controls of first-order root morphological and nutrient traits: Evidence of multidimensional root traits. Special Focus on Functional Traits Along A Transect 32(1): 29-39.",C3,mycorrhizal
Prunus alabamensis,Prunus,alabamensis,Rosaceae,Rosales,"Wang R, Wang Q, Zhao N, Xu Z, Zhu X, Jiao C, Yu G, He N. 2018. Different phylogenetic and environmental controls of first-order root morphological and nutrient traits: Evidence of multidimensional root traits. Special Focus on Functional Traits Along A Transect 32(1): 29-39.",,AM
Eleutherococcus senticosus,Eleutherococcus,senticosus,Araliaceae,Apiales,"Wang R, Wang Q, Zhao N, Xu Z, Zhu X, Jiao C, Yu G, He N. 2018. Different phylogenetic and environmental controls of first-order root morphological and nutrient traits: Evidence of multidimensional root traits. Special Focus on Functional Traits Along A Transect 32(1): 29-39.",C3,AM
Deutzia grandiflora,Deutzia,grandiflora,Hydrangeaceae,Cornales,"Wang R, Wang Q, Zhao N, Xu Z, Zhu X, Jiao C, Yu G, He N. 2018. Different phylogenetic and environmental controls of first-order root morphological and nutrient traits: Evidence of multidimensional root traits. Special Focus on Functional Traits Along A Transect 32(1): 29-39.",,AM
Nabalus tatarinowii,Nabalus,tatarinowii,Asteraceae,Asterales,"Wang R, Wang Q, Zhao N, Xu Z, Zhu X, Jiao C, Yu G, He N. 2018. Different phylogenetic and environmental controls of first-order root morphological and nutrient traits: Evidence of multidimensional root traits. Special Focus on Functional Traits Along A Transect 32(1): 29-39.",,AM
Doellingeria scabra,Doellingeria,scabra,Asteraceae,Asterales,"Wang R, Wang Q, Zhao N, Xu Z, Zhu X, Jiao C, Yu G, He N. 2018. Different phylogenetic and environmental controls of first-order root morphological and nutrient traits: Evidence of multidimensional root traits. Special Focus on Functional Traits Along A Transect 32(1): 29-39.",,AM
Juglans mandshurica,Juglans,mandshurica,Juglandaceae,Fagales,"Wang R, Wang Q, Zhao N, Xu Z, Zhu X, Jiao C, Yu G, He N. 2018. Different phylogenetic and environmental controls of first-order root morphological and nutrient traits: Evidence of multidimensional root traits. Special Focus on Functional Traits Along A Transect 32(1): 29-39.",C3,AM
Betula dahurica,Betula,dahurica,Betulaceae,Fagales,"Wang R, Wang Q, Zhao N, Xu Z, Zhu X, Jiao C, Yu G, He N. 2018. Different phylogenetic and environmental controls of first-order root morphological and nutrient traits: Evidence of multidimensional root traits. Special Focus on Functional Traits Along A Transect 32(1): 29-39.",C3,EM
Lespedeza bicolor,Lespedeza,bicolor,Fabaceae,Fabales,"Wang R, Wang Q, Zhao N, Xu Z, Zhu X, Jiao C, Yu G, He N. 2018. Different phylogenetic and environmental controls of first-order root morphological and nutrient traits: Evidence of multidimensional root traits. Special Focus on Functional Traits Along A Transect 32(1): 29-39.",C3,AM
Saussurea mongolica,Saussurea,mongolica,Asteraceae,Asterales,"Wang R, Wang Q, Zhao N, Xu Z, Zhu X, Jiao C, Yu G, He N. 2018. Different phylogenetic and environmental controls of first-order root morphological and nutrient traits: Evidence of multidimensional root traits. Special Focus on Functional Traits Along A Transect 32(1): 29-39.",C3,AM
Larix gmelinii,Larix,gmelinii,Pinaceae,Pinales,"Wang R, Wang Q, Zhao N, Xu Z, Zhu X, Jiao C, Yu G, He N. 2018. Different phylogenetic and environmental controls of first-order root morphological and nutrient traits: Evidence of multidimensional root traits. Special Focus on Functional Traits Along A Transect 32(1): 29-39.",C3,EM
Fraxinus chinensis,Fraxinus,chinensis,Oleaceae,Lamiales,"Wang R, Wang Q, Zhao N, Xu Z, Zhu X, Jiao C, Yu G, He N. 2018. Different phylogenetic and environmental controls of first-order root morphological and nutrient traits: Evidence of multidimensional root traits. Special Focus on Functional Traits Along A Transect 32(1): 29-39.",C3,AM
Matteuccia struthiopteris,Matteuccia,struthiopteris,Onocleaceae,Polypodiales,"Wang R, Wang Q, Zhao N, Xu Z, Zhu X, Jiao C, Yu G, He N. 2018. Different phylogenetic and environmental controls of first-order root morphological and nutrient traits: Evidence of multidimensional root traits. Special Focus on Functional Traits Along A Transect 32(1): 29-39.",C3,mycorrhizal
Veratrum nigrum,Veratrum,nigrum,Melanthiaceae,Liliales,"Wang R, Wang Q, Zhao N, Xu Z, Zhu X, Jiao C, Yu G, He N. 2018. Different phylogenetic and environmental controls of first-order root morphological and nutrient traits: Evidence of multidimensional root traits. Special Focus on Functional Traits Along A Transect 32(1): 29-39.",C3,AM
Convallaria majalis,Convallaria,majalis,Asparagaceae,Asparagales,"Wang R, Wang Q, Zhao N, Xu Z, Zhu X, Jiao C, Yu G, He N. 2018. Different phylogenetic and environmental controls of first-order root morphological and nutrient traits: Evidence of multidimensional root traits. Special Focus on Functional Traits Along A Transect 32(1): 29-39.",C3,AM + NM
Abelia biflora,Abelia,biflora,Caprifoliaceae,Dipsacales,"Wang R, Wang Q, Zhao N, Xu Z, Zhu X, Jiao C, Yu G, He N. 2018. Different phylogenetic and environmental controls of first-order root morphological and nutrient traits: Evidence of multidimensional root traits. Special Focus on Functional Traits Along A Transect 32(1): 29-39.",C3,AM
Asparagus schoberioides,Asparagus,schoberioides,Asparagaceae,Asparagales,"Wang R, Wang Q, Zhao N, Xu Z, Zhu X, Jiao C, Yu G, He N. 2018. Different phylogenetic and environmental controls of first-order root morphological and nutrient traits: Evidence of multidimensional root traits. Special Focus on Functional Traits Along A Transect 32(1): 29-39.",C3,AM
Agrimonia pilosa,Agrimonia,pilosa,Rosaceae,Rosales,"Wang R, Wang Q, Zhao N, Xu Z, Zhu X, Jiao C, Yu G, He N. 2018. Different phylogenetic and environmental controls of first-order root morphological and nutrient traits: Evidence of multidimensional root traits. Special Focus on Functional Traits Along A Transect 32(1): 29-39.",C3,AM
Veronica spuria,Veronica,spuria,Plantaginaceae,Lamiales,"Wang R, Wang Q, Zhao N, Xu Z, Zhu X, Jiao C, Yu G, He N. 2018. Different phylogenetic and environmental controls of first-order root morphological and nutrient traits: Evidence of multidimensional root traits. Special Focus on Functional Traits Along A Transect 32(1): 29-39.",,AM
Astilbe rubra,Astilbe,rubra,Saxifragaceae,Saxifragales,"Wang R, Wang Q, Zhao N, Xu Z, Zhu X, Jiao C, Yu G, He N. 2018. Different phylogenetic and environmental controls of first-order root morphological and nutrient traits: Evidence of multidimensional root traits. Special Focus on Functional Traits Along A Transect 32(1): 29-39.",,AM
Syringa reticulata,Syringa,reticulata,Oleaceae,Lamiales,"Wang R, Wang Q, Zhao N, Xu Z, Zhu X, Jiao C, Yu G, He N. 2018. Different phylogenetic and environmental controls of first-order root morphological and nutrient traits: Evidence of multidimensional root traits. Special Focus on Functional Traits Along A Transect 32(1): 29-39.",C3,AM
Corylus sieboldiana,Corylus,sieboldiana,Betulaceae,Fagales,"Wang R, Wang Q, Zhao N, Xu Z, Zhu X, Jiao C, Yu G, He N. 2018. Different phylogenetic and environmental controls of first-order root morphological and nutrient traits: Evidence of multidimensional root traits. Special Focus on Functional Traits Along A Transect 32(1): 29-39.",,EM
Quercus wutaishanica,Quercus,wutaishanica,Fagaceae,Fagales,"Wang R, Wang Q, Zhao N, Xu Z, Zhu X, Jiao C, Yu G, He N. 2018. Different phylogenetic and environmental controls of first-order root morphological and nutrient traits: Evidence of multidimensional root traits. Special Focus on Functional Traits Along A Transect 32(1): 29-39.",C3,EM
Populus cathayana,Populus,cathayana,Salicaceae,Malpighiales,"Wang R, Wang Q, Zhao N, Xu Z, Zhu X, Jiao C, Yu G, He N. 2018. Different phylogenetic and environmental controls of first-order root morphological and nutrient traits: Evidence of multidimensional root traits. Special Focus on Functional Traits Along A Transect 32(1): 29-39.",C3,AM + EM
Aster tataricus,Aster,tataricus,Asteraceae,Asterales,"Wang R, Wang Q, Zhao N, Xu Z, Zhu X, Jiao C, Yu G, He N. 2018. Different phylogenetic and environmental controls of first-order root morphological and nutrient traits: Evidence of multidimensional root traits. Special Focus on Functional Traits Along A Transect 32(1): 29-39.",C3,AM
Acer pictum,Acer,pictum,Sapindaceae,Sapindales,"Wang R, Wang Q, Zhao N, Xu Z, Zhu X, Jiao C, Yu G, He N. 2018. Different phylogenetic and environmental controls of first-order root morphological and nutrient traits: Evidence of multidimensional root traits. Special Focus on Functional Traits Along A Transect 32(1): 29-39.",C3,AM
Vitis amurensis,Vitis,amurensis,Vitaceae,Vitales,"Wang R, Wang Q, Zhao N, Xu Z, Zhu X, Jiao C, Yu G, He N. 2018. Different phylogenetic and environmental controls of first-order root morphological and nutrient traits: Evidence of multidimensional root traits. Special Focus on Functional Traits Along A Transect 32(1): 29-39.",C3,AM
Prunus armeniaca,Prunus,armeniaca,Rosaceae,Rosales,"Wang R, Wang Q, Zhao N, Xu Z, Zhu X, Jiao C, Yu G, He N. 2018. Different phylogenetic and environmental controls of first-order root morphological and nutrient traits: Evidence of multidimensional root traits. Special Focus on Functional Traits Along A Transect 32(1): 29-39.",C3,AM
Rubus crataegifolius,Rubus,crataegifolius,Rosaceae,Rosales,"Wang R, Wang Q, Zhao N, Xu Z, Zhu X, Jiao C, Yu G, He N. 2018. Different phylogenetic and environmental controls of first-order root morphological and nutrient traits: Evidence of multidimensional root traits. Special Focus on Functional Traits Along A Transect 32(1): 29-39.",C3,AM
Rhamnus davurica,Rhamnus,davurica,Rhamnaceae,Rosales,"Wang R, Wang Q, Zhao N, Xu Z, Zhu X, Jiao C, Yu G, He N. 2018. Different phylogenetic and environmental controls of first-order root morphological and nutrient traits: Evidence of multidimensional root traits. Special Focus on Functional Traits Along A Transect 32(1): 29-39.",C3,AM + NM
Spiraea pubescens,Spiraea,pubescens,Rosaceae,Rosales,"Wang R, Wang Q, Zhao N, Xu Z, Zhu X, Jiao C, Yu G, He N. 2018. Different phylogenetic and environmental controls of first-order root morphological and nutrient traits: Evidence of multidimensional root traits. Special Focus on Functional Traits Along A Transect 32(1): 29-39.",C3,AM
Euonymus alatus,Euonymus,alatus,Celastraceae,Celastrales,"Wang R, Wang Q, Zhao N, Xu Z, Zhu X, Jiao C, Yu G, He N. 2018. Different phylogenetic and environmental controls of first-order root morphological and nutrient traits: Evidence of multidimensional root traits. Special Focus on Functional Traits Along A Transect 32(1): 29-39.",C3,AM
Galium aparine,Galium,aparine,Rubiaceae,Gentianales,"Wang R, Wang Q, Zhao N, Xu Z, Zhu X, Jiao C, Yu G, He N. 2018. Different phylogenetic and environmental controls of first-order root morphological and nutrient traits: Evidence of multidimensional root traits. Special Focus on Functional Traits Along A Transect 32(1): 29-39.",C3,AM
Saussurea nivea,Saussurea,nivea,Asteraceae,Asterales,"Wang R, Wang Q, Zhao N, Xu Z, Zhu X, Jiao C, Yu G, He N. 2018. Different phylogenetic and environmental controls of first-order root morphological and nutrient traits: Evidence of multidimensional root traits. Special Focus on Functional Traits Along A Transect 32(1): 29-39.",C3,AM
Ulmus pumila,Ulmus,pumila,Ulmaceae,Rosales,"Wang R, Wang Q, Zhao N, Xu Z, Zhu X, Jiao C, Yu G, He N. 2018. Different phylogenetic and environmental controls of first-order root morphological and nutrient traits: Evidence of multidimensional root traits. Special Focus on Functional Traits Along A Transect 32(1): 29-39.",C3,AM
Betula platyphylla,Betula,platyphylla,Betulaceae,Fagales,"Wang R, Wang Q, Zhao N, Xu Z, Zhu X, Jiao C, Yu G, He N. 2018. Different phylogenetic and environmental controls of first-order root morphological and nutrient traits: Evidence of multidimensional root traits. Special Focus on Functional Traits Along A Transect 32(1): 29-39.",C3,EM
Prunus padus,Prunus,padus,Rosaceae,Rosales,"Wang R, Wang Q, Zhao N, Xu Z, Zhu X, Jiao C, Yu G, He N. 2018. Different phylogenetic and environmental controls of first-order root morphological and nutrient traits: Evidence of multidimensional root traits. Special Focus on Functional Traits Along A Transect 32(1): 29-39.",C3,AM + EM
Rosa acicularis,Rosa,acicularis,Rosaceae,Rosales,"Wang R, Wang Q, Zhao N, Xu Z, Zhu X, Jiao C, Yu G, He N. 2018. Different phylogenetic and environmental controls of first-order root morphological and nutrient traits: Evidence of multidimensional root traits. Special Focus on Functional Traits Along A Transect 32(1): 29-39.",,AM
Salix raddeana,Salix,raddeana,Salicaceae,Malpighiales,"Wang R, Wang Q, Zhao N, Xu Z, Zhu X, Jiao C, Yu G, He N. 2018. Different phylogenetic and environmental controls of first-order root morphological and nutrient traits: Evidence of multidimensional root traits. Special Focus on Functional Traits Along A Transect 32(1): 29-39.",C3,mycorrhizal
Salix viminalis,Salix,viminalis,Salicaceae,Malpighiales,"Wang R, Wang Q, Zhao N, Xu Z, Zhu X, Jiao C, Yu G, He N. 2018. Different phylogenetic and environmental controls of first-order root morphological and nutrient traits: Evidence of multidimensional root traits. Special Focus on Functional Traits Along A Transect 32(1): 29-39.",C3,AM + EM
Rubus irritans,Rubus,irritans,Rosaceae,Rosales,"Wang R, Wang Q, Zhao N, Xu Z, Zhu X, Jiao C, Yu G, He N. 2018. Different phylogenetic and environmental controls of first-order root morphological and nutrient traits: Evidence of multidimensional root traits. Special Focus on Functional Traits Along A Transect 32(1): 29-39.",C3,AM
Spiraea dahurica,Spiraea,dahurica,Rosaceae,Rosales,"Wang R, Wang Q, Zhao N, Xu Z, Zhu X, Jiao C, Yu G, He N. 2018. Different phylogenetic and environmental controls of first-order root morphological and nutrient traits: Evidence of multidimensional root traits. Special Focus on Functional Traits Along A Transect 32(1): 29-39.",C3,AM
Populus koreana,Populus,koreana,Salicaceae,Malpighiales,"Wang R, Wang Q, Zhao N, Xu Z, Zhu X, Jiao C, Yu G, He N. 2018. Different phylogenetic and environmental controls of first-order root morphological and nutrient traits: Evidence of multidimensional root traits. Special Focus on Functional Traits Along A Transect 32(1): 29-39.",C3,AM + EM
Juniperus sabina,Juniperus,sabina,Cupressaceae,Pinales,"Wang R, Wang Q, Zhao N, Xu Z, Zhu X, Jiao C, Yu G, He N. 2018. Different phylogenetic and environmental controls of first-order root morphological and nutrient traits: Evidence of multidimensional root traits. Special Focus on Functional Traits Along A Transect 32(1): 29-39.",C3,AM
Pinus pumila,Pinus,pumila,Pinaceae,Pinales,"Wang R, Wang Q, Zhao N, Xu Z, Zhu X, Jiao C, Yu G, He N. 2018. Different phylogenetic and environmental controls of first-order root morphological and nutrient traits: Evidence of multidimensional root traits. Special Focus on Functional Traits Along A Transect 32(1): 29-39.",C3,EM
Betula fruticosa,Betula,fruticosa,Betulaceae,Fagales,"Wang R, Wang Q, Zhao N, Xu Z, Zhu X, Jiao C, Yu G, He N. 2018. Different phylogenetic and environmental controls of first-order root morphological and nutrient traits: Evidence of multidimensional root traits. Special Focus on Functional Traits Along A Transect 32(1): 29-39.",C3,EM
Pinus sylvestris,Pinus,sylvestris,Pinaceae,Pinales,"Wang R, Wang Q, Zhao N, Xu Z, Zhu X, Jiao C, Yu G, He N. 2018. Different phylogenetic and environmental controls of first-order root morphological and nutrient traits: Evidence of multidimensional root traits. Special Focus on Functional Traits Along A Transect 32(1): 29-39.",C3,EM
Liquidambar formosana,Liquidambar,formosana,Altingiaceae,Saxifragales,"Wang R, Wang Q, Zhao N, Xu Z, Zhu X, Jiao C, Yu G, He N. 2018. Different phylogenetic and environmental controls of first-order root morphological and nutrient traits: Evidence of multidimensional root traits. Special Focus on Functional Traits Along A Transect 32(1): 29-39.",C3,AM
Diplospora dubia,Diplospora,dubia,Rubiaceae,Gentianales,"Wang R, Wang Q, Zhao N, Xu Z, Zhu X, Jiao C, Yu G, He N. 2018. Different phylogenetic and environmental controls of first-order root morphological and nutrient traits: Evidence of multidimensional root traits. Special Focus on Functional Traits Along A Transect 32(1): 29-39.",,AM
Magnolia odora,Magnolia,odora,Magnoliaceae,Magnoliales,"Wang R, Wang Q, Zhao N, Xu Z, Zhu X, Jiao C, Yu G, He N. 2018. Different phylogenetic and environmental controls of first-order root morphological and nutrient traits: Evidence of multidimensional root traits. Special Focus on Functional Traits Along A Transect 32(1): 29-39.",C3,AM
Styrax suberifolius,Styrax,suberifolius,Styracaceae,Ericales,"Wang R, Wang Q, Zhao N, Xu Z, Zhu X, Jiao C, Yu G, He N. 2018. Different phylogenetic and environmental controls of first-order root morphological and nutrient traits: Evidence of multidimensional root traits. Special Focus on Functional Traits Along A Transect 32(1): 29-39.",C3,AM
Iris japonica,Iris,japonica,Iridaceae,Asparagales,"Wang R, Wang Q, Zhao N, Xu Z, Zhu X, Jiao C, Yu G, He N. 2018. Different phylogenetic and environmental controls of first-order root morphological and nutrient traits: Evidence of multidimensional root traits. Special Focus on Functional Traits Along A Transect 32(1): 29-39.",C3,AM
Daphniphyllum pentandrum,Daphniphyllum,pentandrum,Daphniphyllaceae,Saxifragales,"Wang R, Wang Q, Zhao N, Xu Z, Zhu X, Jiao C, Yu G, He N. 2018. Different phylogenetic and environmental controls of first-order root morphological and nutrient traits: Evidence of multidimensional root traits. Special Focus on Functional Traits Along A Transect 32(1): 29-39.",,AM
Cinnamomum austrosinense,Cinnamomum,austrosinense,Lauraceae,Laurales,"Wang R, Wang Q, Zhao N, Xu Z, Zhu X, Jiao C, Yu G, He N. 2018. Different phylogenetic and environmental controls of first-order root morphological and nutrient traits: Evidence of multidimensional root traits. Special Focus on Functional Traits Along A Transect 32(1): 29-39.",,AM
Litsea elongata,Litsea,elongata,Lauraceae,Laurales,"Wang R, Wang Q, Zhao N, Xu Z, Zhu X, Jiao C, Yu G, He N. 2018. Different phylogenetic and environmental controls of first-order root morphological and nutrient traits: Evidence of multidimensional root traits. Special Focus on Functional Traits Along A Transect 32(1): 29-39.",,AM
Cinnamomum porrectum,Cinnamomum,porrectum,Lauraceae,Laurales,"Wang R, Wang Q, Zhao N, Xu Z, Zhu X, Jiao C, Yu G, He N. 2018. Different phylogenetic and environmental controls of first-order root morphological and nutrient traits: Evidence of multidimensional root traits. Special Focus on Functional Traits Along A Transect 32(1): 29-39.",C3,AM
Rubus rosifolius,Rubus,rosifolius,Rosaceae,Rosales,"Wang R, Wang Q, Zhao N, Xu Z, Zhu X, Jiao C, Yu G, He N. 2018. Different phylogenetic and environmental controls of first-order root morphological and nutrient traits: Evidence of multidimensional root traits. Special Focus on Functional Traits Along A Transect 32(1): 29-39.",C3,AM
Chloranthus henryi,Chloranthus,henryi,Chloranthaceae,Chloranthales,"Wang R, Wang Q, Zhao N, Xu Z, Zhu X, Jiao C, Yu G, He N. 2018. Different phylogenetic and environmental controls of first-order root morphological and nutrient traits: Evidence of multidimensional root traits. Special Focus on Functional Traits Along A Transect 32(1): 29-39.",,mycorrhizal
Magnolia chapensis,Magnolia,chapensis,Magnoliaceae,Magnoliales,"Wang R, Wang Q, Zhao N, Xu Z, Zhu X, Jiao C, Yu G, He N. 2018. Different phylogenetic and environmental controls of first-order root morphological and nutrient traits: Evidence of multidimensional root traits. Special Focus on Functional Traits Along A Transect 32(1): 29-39.",C3,AM
Dryopteris lepidopoda,Dryopteris,lepidopoda,Dryopteridaceae,Polypodiales,"Wang R, Wang Q, Zhao N, Xu Z, Zhu X, Jiao C, Yu G, He N. 2018. Different phylogenetic and environmental controls of first-order root morphological and nutrient traits: Evidence of multidimensional root traits. Special Focus on Functional Traits Along A Transect 32(1): 29-39.",C3,NM
Dryopteris sparsa,Dryopteris,sparsa,Dryopteridaceae,Polypodiales,"Wang R, Wang Q, Zhao N, Xu Z, Zhu X, Jiao C, Yu G, He N. 2018. Different phylogenetic and environmental controls of first-order root morphological and nutrient traits: Evidence of multidimensional root traits. Special Focus on Functional Traits Along A Transect 32(1): 29-39.",,AM
Castanopsis faberi,Castanopsis,faberi,Fagaceae,Fagales,"Wang R, Wang Q, Zhao N, Xu Z, Zhu X, Jiao C, Yu G, He N. 2018. Different phylogenetic and environmental controls of first-order root morphological and nutrient traits: Evidence of multidimensional root traits. Special Focus on Functional Traits Along A Transect 32(1): 29-39.",C3,EM
Trachelospermum axillare,Trachelospermum,axillare,Apocynaceae,Gentianales,"Wang R, Wang Q, Zhao N, Xu Z, Zhu X, Jiao C, Yu G, He N. 2018. Different phylogenetic and environmental controls of first-order root morphological and nutrient traits: Evidence of multidimensional root traits. Special Focus on Functional Traits Along A Transect 32(1): 29-39.",,AM
Alniphyllum fortunei,Alniphyllum,fortunei,Styracaceae,Ericales,"Wang R, Wang Q, Zhao N, Xu Z, Zhu X, Jiao C, Yu G, He N. 2018. Different phylogenetic and environmental controls of first-order root morphological and nutrient traits: Evidence of multidimensional root traits. Special Focus on Functional Traits Along A Transect 32(1): 29-39.",C3,AM
Choerospondias axillaris,Choerospondias,axillaris,Anacardiaceae,Sapindales,"Wang R, Wang Q, Zhao N, Xu Z, Zhu X, Jiao C, Yu G, He N. 2018. Different phylogenetic and environmental controls of first-order root morphological and nutrient traits: Evidence of multidimensional root traits. Special Focus on Functional Traits Along A Transect 32(1): 29-39.",C3,AM
Cryptomeria japonica,Cryptomeria,japonica,Cupressaceae,Pinales,"Wang R, Wang Q, Zhao N, Xu Z, Zhu X, Jiao C, Yu G, He N. 2018. Different phylogenetic and environmental controls of first-order root morphological and nutrient traits: Evidence of multidimensional root traits. Special Focus on Functional Traits Along A Transect 32(1): 29-39.",C3,AM
Smilax trinervula,Smilax,trinervula,Smilacaceae,Liliales,"Wang R, Wang Q, Zhao N, Xu Z, Zhu X, Jiao C, Yu G, He N. 2018. Different phylogenetic and environmental controls of first-order root morphological and nutrient traits: Evidence of multidimensional root traits. Special Focus on Functional Traits Along A Transect 32(1): 29-39.",C3,AM
Strobilanthes dimorphotricha,Strobilanthes,dimorphotricha,Acanthaceae,Lamiales,"Wang R, Wang Q, Zhao N, Xu Z, Zhu X, Jiao C, Yu G, He N. 2018. Different phylogenetic and environmental controls of first-order root morphological and nutrient traits: Evidence of multidimensional root traits. Special Focus on Functional Traits Along A Transect 32(1): 29-39.",,AM
Strobilanthes villosum,Strobilanthes,villosum,Acanthaceae,Lamiales,"Wang R, Wang Q, Zhao N, Xu Z, Zhu X, Jiao C, Yu G, He N. 2018. Different phylogenetic and environmental controls of first-order root morphological and nutrient traits: Evidence of multidimensional root traits. Special Focus on Functional Traits Along A Transect 32(1): 29-39.",,AM
Alpinia japonica,Alpinia,japonica,Zingiberaceae,Zingiberales,"Wang R, Wang Q, Zhao N, Xu Z, Zhu X, Jiao C, Yu G, He N. 2018. Different phylogenetic and environmental controls of first-order root morphological and nutrient traits: Evidence of multidimensional root traits. Special Focus on Functional Traits Along A Transect 32(1): 29-39.",,AM
Cunninghamia lanceolata,Cunninghamia,lanceolata,Cupressaceae,Pinales,"Wang R, Wang Q, Zhao N, Xu Z, Zhu X, Jiao C, Yu G, He N. 2018. Different phylogenetic and environmental controls of first-order root morphological and nutrient traits: Evidence of multidimensional root traits. Special Focus on Functional Traits Along A Transect 32(1): 29-39.",C3,AM
Magnolia maudiae,Magnolia,maudiae,Magnoliaceae,Magnoliales,"Wang R, Wang Q, Zhao N, Xu Z, Zhu X, Jiao C, Yu G, He N. 2018. Different phylogenetic and environmental controls of first-order root morphological and nutrient traits: Evidence of multidimensional root traits. Special Focus on Functional Traits Along A Transect 32(1): 29-39.",C3,AM
Castanopsis fargesii,Castanopsis,fargesii,Fagaceae,Fagales,"Wang R, Wang Q, Zhao N, Xu Z, Zhu X, Jiao C, Yu G, He N. 2018. Different phylogenetic and environmental controls of first-order root morphological and nutrient traits: Evidence of multidimensional root traits. Special Focus on Functional Traits Along A Transect 32(1): 29-39.",C3,EM
Castanopsis eyrei,Castanopsis,eyrei,Fagaceae,Fagales,"Wang R, Wang Q, Zhao N, Xu Z, Zhu X, Jiao C, Yu G, He N. 2018. Different phylogenetic and environmental controls of first-order root morphological and nutrient traits: Evidence of multidimensional root traits. Special Focus on Functional Traits Along A Transect 32(1): 29-39.",C3,EM
Elaeocarpus sylvestris,Elaeocarpus,sylvestris,Elaeocarpaceae,Oxalidales,"Wang R, Wang Q, Zhao N, Xu Z, Zhu X, Jiao C, Yu G, He N. 2018. Different phylogenetic and environmental controls of first-order root morphological and nutrient traits: Evidence of multidimensional root traits. Special Focus on Functional Traits Along A Transect 32(1): 29-39.",C3,AM
Embelia vestita,Embelia,vestita,Primulaceae,Ericales,"Wang R, Wang Q, Zhao N, Xu Z, Zhu X, Jiao C, Yu G, He N. 2018. Different phylogenetic and environmental controls of first-order root morphological and nutrient traits: Evidence of multidimensional root traits. Special Focus on Functional Traits Along A Transect 32(1): 29-39.",,AM
Parthenocissus quinquefolia,Parthenocissus,quinquefolia,Vitaceae,Vitales,"Wang R, Wang Q, Zhao N, Xu Z, Zhu X, Jiao C, Yu G, He N. 2018. Different phylogenetic and environmental controls of first-order root morphological and nutrient traits: Evidence of multidimensional root traits. Special Focus on Functional Traits Along A Transect 32(1): 29-39.",C3,AM
Blastus pauciflorus,Blastus,pauciflorus,Melastomataceae,Myrtales,"Wang R, Wang Q, Zhao N, Xu Z, Zhu X, Jiao C, Yu G, He N. 2018. Different phylogenetic and environmental controls of first-order root morphological and nutrient traits: Evidence of multidimensional root traits. Special Focus on Functional Traits Along A Transect 32(1): 29-39.",,AM
Dendropanax dentiger,Dendropanax,dentiger,Araliaceae,Apiales,"Wang R, Wang Q, Zhao N, Xu Z, Zhu X, Jiao C, Yu G, He N. 2018. Different phylogenetic and environmental controls of first-order root morphological and nutrient traits: Evidence of multidimensional root traits. Special Focus on Functional Traits Along A Transect 32(1): 29-39.",,AM
Ardisia japonica,Ardisia,japonica,Primulaceae,Ericales,"Wang R, Wang Q, Zhao N, Xu Z, Zhu X, Jiao C, Yu G, He N. 2018. Different phylogenetic and environmental controls of first-order root morphological and nutrient traits: Evidence of multidimensional root traits. Special Focus on Functional Traits Along A Transect 32(1): 29-39.",C3,AM
Oreocnide frutescens,Oreocnide,frutescens,Urticaceae,Rosales,"Wang R, Wang Q, Zhao N, Xu Z, Zhu X, Jiao C, Yu G, He N. 2018. Different phylogenetic and environmental controls of first-order root morphological and nutrient traits: Evidence of multidimensional root traits. Special Focus on Functional Traits Along A Transect 32(1): 29-39.",,AM
Abies nephrolepis,Abies,nephrolepis,Pinaceae,Pinales,"Wang R, Wang Q, Zhao N, Xu Z, Zhu X, Jiao C, Yu G, He N. 2018. Different phylogenetic and environmental controls of first-order root morphological and nutrient traits: Evidence of multidimensional root traits. Special Focus on Functional Traits Along A Transect 32(1): 29-39.",C3,EM
Ulmus davidiana,Ulmus,davidiana,Ulmaceae,Rosales,"Wang R, Wang Q, Zhao N, Xu Z, Zhu X, Jiao C, Yu G, He N. 2018. Different phylogenetic and environmental controls of first-order root morphological and nutrient traits: Evidence of multidimensional root traits. Special Focus on Functional Traits Along A Transect 32(1): 29-39.",C3,AM + EM
Philadelphus incanus,Philadelphus,incanus,Hydrangeaceae,Cornales,"Wang R, Wang Q, Zhao N, Xu Z, Zhu X, Jiao C, Yu G, He N. 2018. Different phylogenetic and environmental controls of first-order root morphological and nutrient traits: Evidence of multidimensional root traits. Special Focus on Functional Traits Along A Transect 32(1): 29-39.",,mycorrhizal
Betula costata,Betula,costata,Betulaceae,Fagales,"Wang R, Wang Q, Zhao N, Xu Z, Zhu X, Jiao C, Yu G, He N. 2018. Different phylogenetic and environmental controls of first-order root morphological and nutrient traits: Evidence of multidimensional root traits. Special Focus on Functional Traits Along A Transect 32(1): 29-39.",C3,EM
Actinidia kolomikta,Actinidia,kolomikta,Actinidiaceae,Ericales,"Wang R, Wang Q, Zhao N, Xu Z, Zhu X, Jiao C, Yu G, He N. 2018. Different phylogenetic and environmental controls of first-order root morphological and nutrient traits: Evidence of multidimensional root traits. Special Focus on Functional Traits Along A Transect 32(1): 29-39.",C3,AM
Deutzia glabrata,Deutzia,glabrata,Hydrangeaceae,Cornales,"Wang R, Wang Q, Zhao N, Xu Z, Zhu X, Jiao C, Yu G, He N. 2018. Different phylogenetic and environmental controls of first-order root morphological and nutrient traits: Evidence of multidimensional root traits. Special Focus on Functional Traits Along A Transect 32(1): 29-39.",C3,AM
Picea koraiensis,Picea,koraiensis,Pinaceae,Pinales,"Wang R, Wang Q, Zhao N, Xu Z, Zhu X, Jiao C, Yu G, He N. 2018. Different phylogenetic and environmental controls of first-order root morphological and nutrient traits: Evidence of multidimensional root traits. Special Focus on Functional Traits Along A Transect 32(1): 29-39.",C3,EM
Pinus koraiensis,Pinus,koraiensis,Pinaceae,Pinales,"Wang R, Wang Q, Zhao N, Xu Z, Zhu X, Jiao C, Yu G, He N. 2018. Different phylogenetic and environmental controls of first-order root morphological and nutrient traits: Evidence of multidimensional root traits. Special Focus on Functional Traits Along A Transect 32(1): 29-39.",C3,EM
Acer caudatum,Acer,caudatum,Sapindaceae,Sapindales,"Wang R, Wang Q, Zhao N, Xu Z, Zhu X, Jiao C, Yu G, He N. 2018. Different phylogenetic and environmental controls of first-order root morphological and nutrient traits: Evidence of multidimensional root traits. Special Focus on Functional Traits Along A Transect 32(1): 29-39.",C3,AM
Phellodendron amurense,Phellodendron,amurense,Rutaceae,Sapindales,"Wang R, Wang Q, Zhao N, Xu Z, Zhu X, Jiao C, Yu G, He N. 2018. Different phylogenetic and environmental controls of first-order root morphological and nutrient traits: Evidence of multidimensional root traits. Special Focus on Functional Traits Along A Transect 32(1): 29-39.",C3,AM
Euonymus verrucosus,Euonymus,verrucosus,Celastraceae,Celastrales,"Wang R, Wang Q, Zhao N, Xu Z, Zhu X, Jiao C, Yu G, He N. 2018. Different phylogenetic and environmental controls of first-order root morphological and nutrient traits: Evidence of multidimensional root traits. Special Focus on Functional Traits Along A Transect 32(1): 29-39.",,AM
Caltha palustris,Caltha,palustris,Ranunculaceae,Ranunculales,"Wang R, Wang Q, Zhao N, Xu Z, Zhu X, Jiao C, Yu G, He N. 2018. Different phylogenetic and environmental controls of first-order root morphological and nutrient traits: Evidence of multidimensional root traits. Special Focus on Functional Traits Along A Transect 32(1): 29-39.",C3,AM + NM
Acer tegmentosum,Acer,tegmentosum,Sapindaceae,Sapindales,"Wang R, Wang Q, Zhao N, Xu Z, Zhu X, Jiao C, Yu G, He N. 2018. Different phylogenetic and environmental controls of first-order root morphological and nutrient traits: Evidence of multidimensional root traits. Special Focus on Functional Traits Along A Transect 32(1): 29-39.",C3,AM
Filipendula palmata,Filipendula,palmata,Rosaceae,Rosales,"Wang R, Wang Q, Zhao N, Xu Z, Zhu X, Jiao C, Yu G, He N. 2018. Different phylogenetic and environmental controls of first-order root morphological and nutrient traits: Evidence of multidimensional root traits. Special Focus on Functional Traits Along A Transect 32(1): 29-39.",C3,AM + NM
Saussurea amurensis,Saussurea,amurensis,Asteraceae,Asterales,"Wang R, Wang Q, Zhao N, Xu Z, Zhu X, Jiao C, Yu G, He N. 2018. Different phylogenetic and environmental controls of first-order root morphological and nutrient traits: Evidence of multidimensional root traits. Special Focus on Functional Traits Along A Transect 32(1): 29-39.",,AM
Adiantum pedatum,Adiantum,pedatum,Pteridaceae,Polypodiales,"Wang R, Wang Q, Zhao N, Xu Z, Zhu X, Jiao C, Yu G, He N. 2018. Different phylogenetic and environmental controls of first-order root morphological and nutrient traits: Evidence of multidimensional root traits. Special Focus on Functional Traits Along A Transect 32(1): 29-39.",C3,mycorrhizal
Tilia amurensis,Tilia,amurensis,Malvaceae,Malvales,"Wang R, Wang Q, Zhao N, Xu Z, Zhu X, Jiao C, Yu G, He N. 2018. Different phylogenetic and environmental controls of first-order root morphological and nutrient traits: Evidence of multidimensional root traits. Special Focus on Functional Traits Along A Transect 32(1): 29-39.",C3,EM
Fraxinus mandshurica,Fraxinus,mandshurica,Oleaceae,Lamiales,"Wang R, Wang Q, Zhao N, Xu Z, Zhu X, Jiao C, Yu G, He N. 2018. Different phylogenetic and environmental controls of first-order root morphological and nutrient traits: Evidence of multidimensional root traits. Special Focus on Functional Traits Along A Transect 32(1): 29-39.",C3,AM
Lithocarpus cleistocarpus,Lithocarpus,cleistocarpus,Fagaceae,Fagales,"Wang R, Wang Q, Zhao N, Xu Z, Zhu X, Jiao C, Yu G, He N. 2018. Different phylogenetic and environmental controls of first-order root morphological and nutrient traits: Evidence of multidimensional root traits. Special Focus on Functional Traits Along A Transect 32(1): 29-39.",C3,EM
Sanicula orthacantha,Sanicula,orthacantha,Apiaceae,Apiales,"Wang R, Wang Q, Zhao N, Xu Z, Zhu X, Jiao C, Yu G, He N. 2018. Different phylogenetic and environmental controls of first-order root morphological and nutrient traits: Evidence of multidimensional root traits. Special Focus on Functional Traits Along A Transect 32(1): 29-39.",,AM
Corylus ferox,Corylus,ferox,Betulaceae,Fagales,"Wang R, Wang Q, Zhao N, Xu Z, Zhu X, Jiao C, Yu G, He N. 2018. Different phylogenetic and environmental controls of first-order root morphological and nutrient traits: Evidence of multidimensional root traits. Special Focus on Functional Traits Along A Transect 32(1): 29-39.",C3,EM
Astilbe rivularis,Astilbe,rivularis,Saxifragaceae,Saxifragales,"Wang R, Wang Q, Zhao N, Xu Z, Zhu X, Jiao C, Yu G, He N. 2018. Different phylogenetic and environmental controls of first-order root morphological and nutrient traits: Evidence of multidimensional root traits. Special Focus on Functional Traits Along A Transect 32(1): 29-39.",,AM
Cornus controversa,Cornus,controversa,Cornaceae,Cornales,"Wang R, Wang Q, Zhao N, Xu Z, Zhu X, Jiao C, Yu G, He N. 2018. Different phylogenetic and environmental controls of first-order root morphological and nutrient traits: Evidence of multidimensional root traits. Special Focus on Functional Traits Along A Transect 32(1): 29-39.",C3,AM
Quercus serrata,Quercus,serrata,Fagaceae,Fagales,"Wang R, Wang Q, Zhao N, Xu Z, Zhu X, Jiao C, Yu G, He N. 2018. Different phylogenetic and environmental controls of first-order root morphological and nutrient traits: Evidence of multidimensional root traits. Special Focus on Functional Traits Along A Transect 32(1): 29-39.",C3,EM
Quercus multinervis,Quercus,multinervis,Fagaceae,Fagales,"Wang R, Wang Q, Zhao N, Xu Z, Zhu X, Jiao C, Yu G, He N. 2018. Different phylogenetic and environmental controls of first-order root morphological and nutrient traits: Evidence of multidimensional root traits. Special Focus on Functional Traits Along A Transect 32(1): 29-39.",C3,EM
Rhododendron hypoglaucum,Rhododendron,hypoglaucum,Ericaceae,Ericales,"Wang R, Wang Q, Zhao N, Xu Z, Zhu X, Jiao C, Yu G, He N. 2018. Different phylogenetic and environmental controls of first-order root morphological and nutrient traits: Evidence of multidimensional root traits. Special Focus on Functional Traits Along A Transect 32(1): 29-39.",C3,ErM
Pinus armandii,Pinus,armandii,Pinaceae,Pinales,"Wang R, Wang Q, Zhao N, Xu Z, Zhu X, Jiao C, Yu G, He N. 2018. Different phylogenetic and environmental controls of first-order root morphological and nutrient traits: Evidence of multidimensional root traits. Special Focus on Functional Traits Along A Transect 32(1): 29-39.",C3,EM
Salvia chinensis,Salvia,chinensis,Lamiaceae,Lamiales,"Wang R, Wang Q, Zhao N, Xu Z, Zhu X, Jiao C, Yu G, He N. 2018. Different phylogenetic and environmental controls of first-order root morphological and nutrient traits: Evidence of multidimensional root traits. Special Focus on Functional Traits Along A Transect 32(1): 29-39.",,AM
Cornus ulotricha,Cornus,ulotricha,Cornaceae,Cornales,"Wang R, Wang Q, Zhao N, Xu Z, Zhu X, Jiao C, Yu G, He N. 2018. Different phylogenetic and environmental controls of first-order root morphological and nutrient traits: Evidence of multidimensional root traits. Special Focus on Functional Traits Along A Transect 32(1): 29-39.",,AM
Pteridium aquilinum,Pteridium,aquilinum,Dennstaedtiaceae,Polypodiales,"Wang R, Wang Q, Zhao N, Xu Z, Zhu X, Jiao C, Yu G, He N. 2018. Different phylogenetic and environmental controls of first-order root morphological and nutrient traits: Evidence of multidimensional root traits. Special Focus on Functional Traits Along A Transect 32(1): 29-39.",C3,AM
Euptelea pleiosperma,Euptelea,pleiosperma,Eupteleaceae,Ranunculales,"Wang R, Wang Q, Zhao N, Xu Z, Zhu X, Jiao C, Yu G, He N. 2018. Different phylogenetic and environmental controls of first-order root morphological and nutrient traits: Evidence of multidimensional root traits. Special Focus on Functional Traits Along A Transect 32(1): 29-39.",C3,mycorrhizal
Coriaria nepalensis,Coriaria,nepalensis,Coriariaceae,Cucurbitales,"Wang R, Wang Q, Zhao N, Xu Z, Zhu X, Jiao C, Yu G, He N. 2018. Different phylogenetic and environmental controls of first-order root morphological and nutrient traits: Evidence of multidimensional root traits. Special Focus on Functional Traits Along A Transect 32(1): 29-39.",C3,mycorrhizal
Quercus oxyodon,Quercus,oxyodon,Fagaceae,Fagales,"Wang R, Wang Q, Zhao N, Xu Z, Zhu X, Jiao C, Yu G, He N. 2018. Different phylogenetic and environmental controls of first-order root morphological and nutrient traits: Evidence of multidimensional root traits. Special Focus on Functional Traits Along A Transect 32(1): 29-39.",C3,EM
Lespedeza thunbergii,Lespedeza,thunbergii,Fabaceae,Fabales,"Wang R, Wang Q, Zhao N, Xu Z, Zhu X, Jiao C, Yu G, He N. 2018. Different phylogenetic and environmental controls of first-order root morphological and nutrient traits: Evidence of multidimensional root traits. Special Focus on Functional Traits Along A Transect 32(1): 29-39.",C3,mycorrhizal
Fagus engleriana,Fagus,engleriana,Fagaceae,Fagales,"Wang R, Wang Q, Zhao N, Xu Z, Zhu X, Jiao C, Yu G, He N. 2018. Different phylogenetic and environmental controls of first-order root morphological and nutrient traits: Evidence of multidimensional root traits. Special Focus on Functional Traits Along A Transect 32(1): 29-39.",C3,EM
Schoepfia jasminodora,Schoepfia,jasminodora,Schoepfiaceae,Santalales,"Wang R, Wang Q, Zhao N, Xu Z, Zhu X, Jiao C, Yu G, He N. 2018. Different phylogenetic and environmental controls of first-order root morphological and nutrient traits: Evidence of multidimensional root traits. Special Focus on Functional Traits Along A Transect 32(1): 29-39.",,NM
Acer davidii,Acer,davidii,Sapindaceae,Sapindales,"Wang R, Wang Q, Zhao N, Xu Z, Zhu X, Jiao C, Yu G, He N. 2018. Different phylogenetic and environmental controls of first-order root morphological and nutrient traits: Evidence of multidimensional root traits. Special Focus on Functional Traits Along A Transect 32(1): 29-39.",C3,AM
Quercus aliena,Quercus,aliena,Fagaceae,Fagales,"Wang R, Wang Q, Zhao N, Xu Z, Zhu X, Jiao C, Yu G, He N. 2018. Different phylogenetic and environmental controls of first-order root morphological and nutrient traits: Evidence of multidimensional root traits. Special Focus on Functional Traits Along A Transect 32(1): 29-39.",C3,EM
Lindera obtusiloba,Lindera,obtusiloba,Lauraceae,Laurales,"Wang R, Wang Q, Zhao N, Xu Z, Zhu X, Jiao C, Yu G, He N. 2018. Different phylogenetic and environmental controls of first-order root morphological and nutrient traits: Evidence of multidimensional root traits. Special Focus on Functional Traits Along A Transect 32(1): 29-39.",C3,AM
Actaea cimicifuga,Actaea,cimicifuga,Ranunculaceae,Ranunculales,"Wang R, Wang Q, Zhao N, Xu Z, Zhu X, Jiao C, Yu G, He N. 2018. Different phylogenetic and environmental controls of first-order root morphological and nutrient traits: Evidence of multidimensional root traits. Special Focus on Functional Traits Along A Transect 32(1): 29-39.",,AM + NM
Cornus kousa,Cornus,kousa,Cornaceae,Cornales,"Wang R, Wang Q, Zhao N, Xu Z, Zhu X, Jiao C, Yu G, He N. 2018. Different phylogenetic and environmental controls of first-order root morphological and nutrient traits: Evidence of multidimensional root traits. Special Focus on Functional Traits Along A Transect 32(1): 29-39.",C3,AM
Anaphalis aureopunctata,Anaphalis,aureopunctata,Asteraceae,Asterales,"Wang R, Wang Q, Zhao N, Xu Z, Zhu X, Jiao C, Yu G, He N. 2018. Different phylogenetic and environmental controls of first-order root morphological and nutrient traits: Evidence of multidimensional root traits. Special Focus on Functional Traits Along A Transect 32(1): 29-39.",,AM + NM
Cotoneaster adpressus,Cotoneaster,adpressus,Rosaceae,Rosales,"Wang R, Wang Q, Zhao N, Xu Z, Zhu X, Jiao C, Yu G, He N. 2018. Different phylogenetic and environmental controls of first-order root morphological and nutrient traits: Evidence of multidimensional root traits. Special Focus on Functional Traits Along A Transect 32(1): 29-39.",C3,AM
Prunus avium,Prunus,avium,Rosaceae,Rosales,"Wang R, Wang Q, Zhao N, Xu Z, Zhu X, Jiao C, Yu G, He N. 2018. Different phylogenetic and environmental controls of first-order root morphological and nutrient traits: Evidence of multidimensional root traits. Special Focus on Functional Traits Along A Transect 32(1): 29-39.",C3,AM
Solidago decurrens,Solidago,decurrens,Asteraceae,Asterales,"Wang R, Wang Q, Zhao N, Xu Z, Zhu X, Jiao C, Yu G, He N. 2018. Different phylogenetic and environmental controls of first-order root morphological and nutrient traits: Evidence of multidimensional root traits. Special Focus on Functional Traits Along A Transect 32(1): 29-39.",C3,AM
Litsea ichangensis,Litsea,ichangensis,Lauraceae,Laurales,"Wang R, Wang Q, Zhao N, Xu Z, Zhu X, Jiao C, Yu G, He N. 2018. Different phylogenetic and environmental controls of first-order root morphological and nutrient traits: Evidence of multidimensional root traits. Special Focus on Functional Traits Along A Transect 32(1): 29-39.",,AM
Pinus tabuliformis,Pinus,tabuliformis,Pinaceae,Pinales,"Wang R, Wang Q, Zhao N, Xu Z, Zhu X, Jiao C, Yu G, He N. 2018. Different phylogenetic and environmental controls of first-order root morphological and nutrient traits: Evidence of multidimensional root traits. Special Focus on Functional Traits Along A Transect 32(1): 29-39.",C3,EM
Acer campbellii,Acer,campbellii,Sapindaceae,Sapindales,"Wang R, Wang Q, Zhao N, Xu Z, Zhu X, Jiao C, Yu G, He N. 2018. Different phylogenetic and environmental controls of first-order root morphological and nutrient traits: Evidence of multidimensional root traits. Special Focus on Functional Traits Along A Transect 32(1): 29-39.",C3,AM
Tilia oliveri,Tilia,oliveri,Malvaceae,Malvales,"Wang R, Wang Q, Zhao N, Xu Z, Zhu X, Jiao C, Yu G, He N. 2018. Different phylogenetic and environmental controls of first-order root morphological and nutrient traits: Evidence of multidimensional root traits. Special Focus on Functional Traits Along A Transect 32(1): 29-39.",C3,EM
Hosta ventricosa,Hosta,ventricosa,Asparagaceae,Asparagales,"Wang R, Wang Q, Zhao N, Xu Z, Zhu X, Jiao C, Yu G, He N. 2018. Different phylogenetic and environmental controls of first-order root morphological and nutrient traits: Evidence of multidimensional root traits. Special Focus on Functional Traits Along A Transect 32(1): 29-39.",C3,AM
Osmunda japonica,Osmunda,japonica,Osmundaceae,Osmundales,"Wang R, Wang Q, Zhao N, Xu Z, Zhu X, Jiao C, Yu G, He N. 2018. Different phylogenetic and environmental controls of first-order root morphological and nutrient traits: Evidence of multidimensional root traits. Special Focus on Functional Traits Along A Transect 32(1): 29-39.",,AM
Phlomoides umbrosa,Phlomoides,umbrosa,Lamiaceae,Lamiales,"Wang R, Wang Q, Zhao N, Xu Z, Zhu X, Jiao C, Yu G, He N. 2018. Different phylogenetic and environmental controls of first-order root morphological and nutrient traits: Evidence of multidimensional root traits. Special Focus on Functional Traits Along A Transect 32(1): 29-39.",C3,AM
Acer tataricum,Acer,tataricum,Sapindaceae,Sapindales,"Wang R, Wang Q, Zhao N, Xu Z, Zhu X, Jiao C, Yu G, He N. 2018. Different phylogenetic and environmental controls of first-order root morphological and nutrient traits: Evidence of multidimensional root traits. Special Focus on Functional Traits Along A Transect 32(1): 29-39.",C3,AM
Dioscorea nipponica,Dioscorea,nipponica,Dioscoreaceae,Dioscoreales,"Wang R, Wang Q, Zhao N, Xu Z, Zhu X, Jiao C, Yu G, He N. 2018. Different phylogenetic and environmental controls of first-order root morphological and nutrient traits: Evidence of multidimensional root traits. Special Focus on Functional Traits Along A Transect 32(1): 29-39.",,AM
Rubus idaeus,Rubus,idaeus,Rosaceae,Rosales,"Wang R, Wang Q, Zhao N, Xu Z, Zhu X, Jiao C, Yu G, He N. 2018. Different phylogenetic and environmental controls of first-order root morphological and nutrient traits: Evidence of multidimensional root traits. Special Focus on Functional Traits Along A Transect 32(1): 29-39.",C3,AM
Adenocaulon himalaicum,Adenocaulon,himalaicum,Asteraceae,Asterales,"Wang R, Wang Q, Zhao N, Xu Z, Zhu X, Jiao C, Yu G, He N. 2018. Different phylogenetic and environmental controls of first-order root morphological and nutrient traits: Evidence of multidimensional root traits. Special Focus on Functional Traits Along A Transect 32(1): 29-39.",C3,AM
Rosa xanthina,Rosa,xanthina,Rosaceae,Rosales,"Wang R, Wang Q, Zhao N, Xu Z, Zhu X, Jiao C, Yu G, He N. 2018. Different phylogenetic and environmental controls of first-order root morphological and nutrient traits: Evidence of multidimensional root traits. Special Focus on Functional Traits Along A Transect 32(1): 29-39.",C3,AM
Lonicera chrysantha,Lonicera,chrysantha,Caprifoliaceae,Dipsacales,"Wang R, Wang Q, Zhao N, Xu Z, Zhu X, Jiao C, Yu G, He N. 2018. Different phylogenetic and environmental controls of first-order root morphological and nutrient traits: Evidence of multidimensional root traits. Special Focus on Functional Traits Along A Transect 32(1): 29-39.",C3,AM
Cotoneaster acutifolius,Cotoneaster,acutifolius,Rosaceae,Rosales,"Wang R, Wang Q, Zhao N, Xu Z, Zhu X, Jiao C, Yu G, He N. 2018. Different phylogenetic and environmental controls of first-order root morphological and nutrient traits: Evidence of multidimensional root traits. Special Focus on Functional Traits Along A Transect 32(1): 29-39.",C3,AM
Caulophyllum robustum,Caulophyllum,robustum,Berberidaceae,Ranunculales,"Wang R, Wang Q, Zhao N, Xu Z, Zhu X, Jiao C, Yu G, He N. 2018. Different phylogenetic and environmental controls of first-order root morphological and nutrient traits: Evidence of multidimensional root traits. Special Focus on Functional Traits Along A Transect 32(1): 29-39.",C3,AM
Anaphalis hancockii,Anaphalis,hancockii,Asteraceae,Asterales,"Wang R, Wang Q, Zhao N, Xu Z, Zhu X, Jiao C, Yu G, He N. 2018. Different phylogenetic and environmental controls of first-order root morphological and nutrient traits: Evidence of multidimensional root traits. Special Focus on Functional Traits Along A Transect 32(1): 29-39.",C3,AM
Artemisia mongolica,Artemisia,mongolica,Asteraceae,Asterales,"Wang R, Wang Q, Zhao N, Xu Z, Zhu X, Jiao C, Yu G, He N. 2018. Different phylogenetic and environmental controls of first-order root morphological and nutrient traits: Evidence of multidimensional root traits. Special Focus on Functional Traits Along A Transect 32(1): 29-39.",C3,AM
Cotoneaster multiflorus,Cotoneaster,multiflorus,Rosaceae,Rosales,"Wang R, Wang Q, Zhao N, Xu Z, Zhu X, Jiao C, Yu G, He N. 2018. Different phylogenetic and environmental controls of first-order root morphological and nutrient traits: Evidence of multidimensional root traits. Special Focus on Functional Traits Along A Transect 32(1): 29-39.",,AM
Artemisia igniaria,Artemisia,igniaria,Asteraceae,Asterales,"Wang R, Wang Q, Zhao N, Xu Z, Zhu X, Jiao C, Yu G, He N. 2018. Different phylogenetic and environmental controls of first-order root morphological and nutrient traits: Evidence of multidimensional root traits. Special Focus on Functional Traits Along A Transect 32(1): 29-39.",C3,AM
Cornus bretschneideri,Cornus,bretschneideri,Cornaceae,Cornales,"Wang R, Wang Q, Zhao N, Xu Z, Zhu X, Jiao C, Yu G, He N. 2018. Different phylogenetic and environmental controls of first-order root morphological and nutrient traits: Evidence of multidimensional root traits. Special Focus on Functional Traits Along A Transect 32(1): 29-39.",C3,AM
Crataegus pinnatifida,Crataegus,pinnatifida,Rosaceae,Rosales,"Wang R, Wang Q, Zhao N, Xu Z, Zhu X, Jiao C, Yu G, He N. 2018. Different phylogenetic and environmental controls of first-order root morphological and nutrient traits: Evidence of multidimensional root traits. Special Focus on Functional Traits Along A Transect 32(1): 29-39.",C3,EM
Duchesnea indica,Duchesnea,indica,Rosaceae,Rosales,"Wang R, Wang Q, Zhao N, Xu Z, Zhu X, Jiao C, Yu G, He N. 2018. Different phylogenetic and environmental controls of first-order root morphological and nutrient traits: Evidence of multidimensional root traits. Special Focus on Functional Traits Along A Transect 32(1): 29-39.",C3,AM
Adina pilulifera,Adina,pilulifera,Rubiaceae,Gentianales,"Wang R, Wang Q, Zhao N, Xu Z, Zhu X, Jiao C, Yu G, He N. 2018. Different phylogenetic and environmental controls of first-order root morphological and nutrient traits: Evidence of multidimensional root traits. Special Focus on Functional Traits Along A Transect 32(1): 29-39.",,AM
Thalictrum simplex,Thalictrum,simplex,Ranunculaceae,Ranunculales,"Wang R, Wang Q, Zhao N, Xu Z, Zhu X, Jiao C, Yu G, He N. 2018. Different phylogenetic and environmental controls of first-order root morphological and nutrient traits: Evidence of multidimensional root traits. Special Focus on Functional Traits Along A Transect 32(1): 29-39.",C3,AM
Sambucus williamsii,Sambucus,williamsii,Adoxaceae,Dipsacales,"Wang R, Wang Q, Zhao N, Xu Z, Zhu X, Jiao C, Yu G, He N. 2018. Different phylogenetic and environmental controls of first-order root morphological and nutrient traits: Evidence of multidimensional root traits. Special Focus on Functional Traits Along A Transect 32(1): 29-39.",C3,AM
Lamium album,Lamium,album,Lamiaceae,Lamiales,"Wang R, Wang Q, Zhao N, Xu Z, Zhu X, Jiao C, Yu G, He N. 2018. Different phylogenetic and environmental controls of first-order root morphological and nutrient traits: Evidence of multidimensional root traits. Special Focus on Functional Traits Along A Transect 32(1): 29-39.",C3,AM
Acer barbinerve,Acer,barbinerve,Sapindaceae,Sapindales,"Wang R, Wang Q, Zhao N, Xu Z, Zhu X, Jiao C, Yu G, He N. 2018. Different phylogenetic and environmental controls of first-order root morphological and nutrient traits: Evidence of multidimensional root traits. Special Focus on Functional Traits Along A Transect 32(1): 29-39.",C3,AM
Quercus mongolica,Quercus,mongolica,Fagaceae,Fagales,"Wang R, Wang Q, Zhao N, Xu Z, Zhu X, Jiao C, Yu G, He N. 2018. Different phylogenetic and environmental controls of first-order root morphological and nutrient traits: Evidence of multidimensional root traits. Special Focus on Functional Traits Along A Transect 32(1): 29-39.",C3,EM
Acer triflorum,Acer,triflorum,Sapindaceae,Sapindales,"Wang R, Wang Q, Zhao N, Xu Z, Zhu X, Jiao C, Yu G, He N. 2018. Different phylogenetic and environmental controls of first-order root morphological and nutrient traits: Evidence of multidimensional root traits. Special Focus on Functional Traits Along A Transect 32(1): 29-39.",C3,AM
Pinus massoniana,Pinus,massoniana,Pinaceae,Pinales,"Wang R, Wang Q, Zhao N, Xu Z, Zhu X, Jiao C, Yu G, He N. 2018. Different phylogenetic and environmental controls of first-order root morphological and nutrient traits: Evidence of multidimensional root traits. Special Focus on Functional Traits Along A Transect 32(1): 29-39.",C3,EM
Castanopsis carlesii,Castanopsis,carlesii,Fagaceae,Fagales,"Wang R, Wang Q, Zhao N, Xu Z, Zhu X, Jiao C, Yu G, He N. 2018. Different phylogenetic and environmental controls of first-order root morphological and nutrient traits: Evidence of multidimensional root traits. Special Focus on Functional Traits Along A Transect 32(1): 29-39.",C3,EM
Castanopsis faberi,Castanopsis,faberi,Fagaceae,Fagales,"Wang R, Wang Q, Zhao N, Xu Z, Zhu X, Jiao C, Yu G, He N. 2018. Different phylogenetic and environmental controls of first-order root morphological and nutrient traits: Evidence of multidimensional root traits. Special Focus on Functional Traits Along A Transect 32(1): 29-39.",,EM
Fraxinus mandshurica,Fraxinus,mandshurica,Oleaceae,Lamiales,"Wang Y, Gao G, Wang N, Wang Z, Gu J. 2019. Effects of morphology and stand structure on root biomass and length differed between absorptive and transport roots in temperate trees. Plant Soil, in press.",C3,
Juglans mandshurica,Juglans,mandshurica,Juglandaceae,Fagales,"Wang Y, Gao G, Wang N, Wang Z, Gu J. 2019. Effects of morphology and stand structure on root biomass and length differed between absorptive and transport roots in temperate trees. Plant Soil, in press.",C3,
Betula platyphylla,Betula,platyphylla,Betulaceae,Fagales,"Wang Y, Gao G, Wang N, Wang Z, Gu J. 2019. Effects of morphology and stand structure on root biomass and length differed between absorptive and transport roots in temperate trees. Plant Soil, in press.",C3,
Larix gmelinii,Larix,gmelinii,Pinaceae,Pinales,"Wang Y, Gao G, Wang N, Wang Z, Gu J. 2019. Effects of morphology and stand structure on root biomass and length differed between absorptive and transport roots in temperate trees. Plant Soil, in press.",C3,
Picea koraiensis,Picea,koraiensis,Pinaceae,Pinales,"Wang Y, Gao G, Wang N, Wang Z, Gu J. 2019. Effects of morphology and stand structure on root biomass and length differed between absorptive and transport roots in temperate trees. Plant Soil, in press.",C3,
Pinus koraiensis,Pinus,koraiensis,Pinaceae,Pinales,"Wang Y, Gao G, Wang N, Wang Z, Gu J. 2019. Effects of morphology and stand structure on root biomass and length differed between absorptive and transport roots in temperate trees. Plant Soil, in press.",C3,
Pinus sylvestris,Pinus,sylvestris,Pinaceae,Pinales,"Wang Y, Gao G, Wang N, Wang Z, Gu J. 2019. Effects of morphology and stand structure on root biomass and length differed between absorptive and transport roots in temperate trees. Plant Soil, in press.",C3,
Malus domestica,Malus,domestica,Rosaceae,Rosales,"Lavely EL, Chen W, Peterson KA, Klodd AE, Volder E, Marini RP, Eissenstat D. 2020. On characterizing root function in perennial horticultural crops. American Journal of Botany",C3,
Prunus persica,Prunus,persica,Rosaceae,Rosales,"Lavely EL, Chen W, Peterson KA, Klodd AE, Volder E, Marini RP, Eissenstat D. 2020. On characterizing root function in perennial horticultural crops. American Journal of Botany",C3,
Vitis vinifera,Vitis,vinifera,Vitaceae,Vitales,"Lavely EL, Chen W, Peterson KA, Klodd AE, Volder E, Marini RP, Eissenstat D. 2020. On characterizing root function in perennial horticultural crops. American Journal of Botany",C3,
