"rates","alpha","sigma.sq","theta","expected_mean","expected_var","tip_state","criteria","cd"
0.000978463194650539,1.17567136197742e-10,0.019469605692881,-0.677531130864722,-0.677531130864722,7.6068240554004,"AM","RD",TRUE
0.000978463194650539,1.17567136197742e-10,0.019469605692881,-0.677531130864722,-0.677531130864722,7.6068240554004,"AM","RD",TRUE
0.000978463194650539,1.17567136197742e-10,0.019469605692881,-0.677531130864722,-0.677531130864722,7.6068240554004,"AM","RD",TRUE
0.000978463194650539,1.17567136197742e-10,0.019469605692881,-0.677531130864722,-0.677531130864722,7.6068240554004,"AM","RD",TRUE
0.000978463194650539,1.17567136197742e-10,0.019469605692881,-0.677531130864722,-0.677531130864722,7.6068240554004,"AM","RD",TRUE
0.000978463194650539,1.17567136197742e-10,0.019469605692881,-0.677531130864722,-0.677531130864722,7.6068240554004,"AM","RD",TRUE
0.000978463194650539,1.17567136197742e-10,0.019469605692881,-0.677531130864722,-0.677531130864722,7.6068240554004,"AM","RD",TRUE
0.000978463194650539,1.17567136197742e-10,0.019469605692881,-0.677531130864722,-0.677531130864722,7.6068240554004,"AM","RD",TRUE
0.000978463194650539,1.17567136197742e-10,0.019469605692881,-0.677531130864722,-0.677531130864722,7.60682423925791,"AM","RD",TRUE
0.000978463194650539,1.17567136197742e-10,0.019469605692881,-0.677531130864722,-0.677531130864722,7.60682423925791,"AM","RD",TRUE
0.000978463194650539,1.17567136197742e-10,0.019469605692881,-0.677531130864722,-0.677531130864722,7.6068240554004,"AM","RD",TRUE
0.000978463194650539,0.00363442156524062,0.019469605692881,0.542292751608805,0.0111791525797671,14.0589753342361,"AM","RD",TRUE
0.000978463194650539,1.17567136197742e-10,0.019469605692881,-0.677531130864722,-0.677531130864722,7.6068240554004,"AM","RD",TRUE
0.000978463194650539,1.17567136197742e-10,0.019469605692881,-0.677531130864722,-0.677531130864722,7.60682423925791,"AM","RD",TRUE
0.000978463194650539,1.17567136197742e-10,0.019469605692881,-0.677531130864722,-0.677531130864722,7.60682423925791,"AM","RD",TRUE
0.000978463194650539,1.17567136197742e-10,0.019469605692881,-0.677531130864722,-0.677531130864722,7.60682423925791,"AM","RD",TRUE
0.000978463194650539,1.17567136197742e-10,0.019469605692881,-0.677531130864722,-0.677531130864722,7.6068240554004,"AM","RD",TRUE
0.000978463194650539,1.17567136197742e-10,0.019469605692881,-0.677531130864722,-0.677531130864722,7.6068240554004,"AM","RD",TRUE
0.000978463194650539,1.17567136197742e-10,0.019469605692881,-0.677531130864722,-0.677531130864722,7.6068240554004,"AM","RD",TRUE
0.000978463194650539,1.17567136197742e-10,0.019469605692881,-0.677531130864722,-0.677531130864722,7.6068240554004,"AM","RD",TRUE
0.000978463194650539,1.17567136197742e-10,0.019469605692881,-0.677531130864722,-0.677531130864722,7.6068240554004,"AM","RD",TRUE
0.000978463194650539,1.17567136197742e-10,0.019469605692881,-0.677531130864722,-0.677531130864722,7.60682444150117,"AM","RD",TRUE
0.000978463194650539,1.17567136197742e-10,0.019469605692881,-0.677531130864722,-0.677531130864722,7.6068240554004,"AM","RD",TRUE
0.000978463194650539,0.000245843957769953,0.019469605692881,-45.2136764392782,-0.75424125709234,7.60899020153806,"NMAM","RD",TRUE
0.000978463194650539,1.17567136197742e-10,0.019469605692881,-0.677531130864722,-0.677531130864722,7.6068240554004,"AM","RD",TRUE
0.000978463194650539,1.17567136197742e-10,0.019469605692881,-0.677531130864722,-0.677531130864722,7.6068240554004,"AM","RD",TRUE
0.000978463194650539,1.17567136197742e-10,0.019469605692881,-0.677531130864722,-0.677531130864722,7.6068240554004,"AM","RD",TRUE
0.000978463194650539,1.17567136197742e-10,0.019469605692881,-0.677531130864722,-0.677531130864722,7.6068240554004,"AM","RD",TRUE
0.000978463194650539,0.00363442156524062,0.019469605692881,0.542292751608805,0.0111791873495094,14.0589758829829,"AM","RD",TRUE
0.000978463194650539,1.17567136197742e-10,0.019469605692881,-0.677531130864722,-0.677531130864722,7.60682423925791,"AM","RD",TRUE
0.000978463194650539,1.17567136197742e-10,0.019469605692881,-0.677531130864722,-0.677531130864722,7.60682423925791,"AM","RD",TRUE
0.000978463194650539,1.17567136197742e-10,0.019469605692881,-0.677531130864722,-0.677531130864722,7.6068240554004,"AM","RD",TRUE
0.000978463194650539,1.17567136197742e-10,0.019469605692881,-0.677531130864722,-0.677531130864722,7.60682423925791,"AM","RD",TRUE
0.000978463194650539,1.17567136197742e-10,0.019469605692881,-0.677531130864722,-0.677531130864722,7.60682423925791,"AM","RD",TRUE
0.000978463194650539,1.17567136197742e-10,0.019469605692881,-0.677531130864722,-0.677531130864722,7.60682423925791,"AM","RD",TRUE
0.000978463194650539,1.17567136197742e-10,0.019469605692881,-0.677531130864722,-0.677531130864722,7.6068240554004,"AM","RD",TRUE
0.000978463194650539,0.000245843957769953,0.019469605692881,-45.2136764392782,-0.780409476408377,7.60960357819585,"NMAM","RD",TRUE
0.000978463194650539,1.17567136197742e-10,0.019469605692881,-0.677531130864722,-0.677531130864722,7.6068240554004,"AM","RD",TRUE
0.000978463194650539,1.17567136197742e-10,0.019469605692881,-0.677531130864722,-0.677531130864722,7.6068240554004,"AM","RD",TRUE
0.000978463194650539,1.17567136197742e-10,0.019469605692881,-0.677531130864722,-0.677531130864722,7.6068240554004,"AM","RD",TRUE
0.000978463194650539,1.17567136197742e-10,0.019469605692881,-0.677531130864722,-0.677531130864722,7.6068240554004,"AM","RD",TRUE
0.000978463194650539,1.17567136197742e-10,0.019469605692881,-0.677531130864722,-0.677531130864722,7.6068240554004,"AM","RD",TRUE
0.000978463194650539,1.17567136197742e-10,0.019469605692881,-0.677531130864722,-0.677531130864722,7.6068240554004,"AM","RD",TRUE
0.000978463194650539,1.17567136197742e-10,0.019469605692881,-0.677531130864722,-0.677531130864722,7.6068240554004,"AM","RD",TRUE
0.000978463194650539,1.17567136197742e-10,0.019469605692881,-0.677531130864722,-0.677531130864722,7.6068240554004,"AM","RD",TRUE
0.000978463194650539,1.17567136197742e-10,0.019469605692881,-0.677531130864722,-0.677531130864722,7.6068240554004,"AM","RD",TRUE
0.000978463194650539,1.17567136197742e-10,0.019469605692881,-0.677531130864722,-0.677531130864722,7.6068240554004,"AM","RD",TRUE
0.000978463194650539,2.73552482309868e-07,0.019469605692881,-14.3462201760024,-0.677750282217213,7.60680578454137,"ErM","RD",TRUE
0.000978463194650539,2.73552482309868e-07,0.019469605692881,-14.3462201760024,-0.677750282217213,7.60680578454137,"ErM","RD",TRUE
0.000978463194650539,2.73552482309868e-07,0.019469605692881,-14.3462201760024,-0.677750282217213,7.60680578454137,"ErM","RD",TRUE
0.000978463194650539,1.17567136197742e-10,0.019469605692881,-0.677531130864722,-0.677531130864722,7.6068240554004,"AM","RD",TRUE
0.000978463194650539,1.17567136197742e-10,0.019469605692881,-0.677531130864722,-0.677531130864722,7.6068240554004,"AM","RD",TRUE
0.000978463194650539,1.17567136197742e-10,0.019469605692881,-0.677531130864722,-0.677531130864722,7.6068240554004,"AM","RD",TRUE
0.000978463194650539,1.17567136197742e-10,0.019469605692881,-0.677531130864722,-0.677531130864722,7.6068240554004,"AM","RD",TRUE
0.000978463194650539,1.17567136197742e-10,0.019469605692881,-0.677531130864722,-0.677531130864722,7.6068240554004,"AM","RD",TRUE
0.000978463194650539,1.17567136197742e-10,0.019469605692881,-0.677531130864722,-0.677531130864722,7.6068240554004,"AM","RD",TRUE
0.000978463194650539,1.17567136197742e-10,0.019469605692881,-0.677531130864722,-0.677531130864722,7.6068240554004,"AM","RD",TRUE
0.000978463194650539,1.17567136197742e-10,0.019469605692881,-0.677531130864722,-0.677531130864722,7.6068240554004,"AM","RD",TRUE
0.000978463194650539,1.17567136197742e-10,0.019469605692881,-0.677531130864722,-0.677531130864722,7.6068240554004,"AM","RD",TRUE
0.000978463194650539,1.17567136197742e-10,0.019469605692881,-0.677531130864722,-0.677531130864722,7.6068240554004,"AM","RD",TRUE
0.000978463194650539,1.17567136197742e-10,0.019469605692881,-0.677531130864722,-0.677531130864722,7.6068240554004,"AM","RD",TRUE
0.000978463194650539,1.17567136197742e-10,0.019469605692881,-0.677531130864722,-0.677531130864722,7.6068240554004,"AM","RD",TRUE
0.000978463194650539,1.17567136197742e-10,0.019469605692881,-0.677531130864722,-0.677531130864722,7.6068240554004,"AM","RD",TRUE
0.000978463194650539,1.17567136197742e-10,0.019469605692881,-0.677531130864722,-0.677531130864722,7.6068240554004,"AM","RD",TRUE
0.000978463194650539,1.17567136197742e-10,0.019469605692881,-0.677531130864722,-0.677531130864722,7.6068240554004,"AM","RD",TRUE
0.000978463194650539,1.17567136197742e-10,0.019469605692881,-0.677531130864722,-0.677531130864722,7.6068240554004,"AM","RD",TRUE
0.000978463194650539,1.17567136197742e-10,0.019469605692881,-0.677531130864722,-0.677531130864722,7.6068240554004,"AM","RD",TRUE
0.000978463194650539,1.17567136197742e-10,0.019469605692881,-0.677531130864722,-0.677531130864722,7.6068240554004,"AM","RD",TRUE
0.000978463194650539,1.17567136197742e-10,0.019469605692881,-0.677531130864722,-0.677531130864722,7.6068240554004,"AM","RD",TRUE
0.000978463194650539,1.17567136197742e-10,0.019469605692881,-0.677531130864722,-0.677531130864722,7.6068240554004,"AM","RD",TRUE
0.000978463194650539,1.17567136197742e-10,0.019469605692881,-0.677531130864722,-0.677531130864722,7.6068240554004,"AM","RD",TRUE
0.000978463194650539,1.17567136197742e-10,0.019469605692881,-0.677531130864722,-0.677531130864722,7.6068240554004,"AM","RD",TRUE
0.000978463194650539,1.17567136197742e-10,0.019469605692881,-0.677531130864722,-0.677531130864722,7.6068240554004,"AM","RD",TRUE
0.000978463194650539,1.17567136197742e-10,0.019469605692881,-0.677531130864722,-0.677531130864722,7.6068240554004,"AM","RD",TRUE
0.000978463194650539,1.17567136197742e-10,0.019469605692881,-0.677531130864722,-0.677531130864722,7.6068240554004,"AM","RD",TRUE
0.000978463194650539,0.00363442156524062,0.019469605692881,0.542292751608805,0.0111791525797671,14.0589753342361,"AM","RD",TRUE
0.000978463194650539,1.17567136197742e-10,0.019469605692881,-0.677531130864722,-0.677531130864722,7.6068240554004,"AM","RD",TRUE
0.000978463194650539,1.17567136197742e-10,0.019469605692881,-0.677531130864722,-0.677531130864722,7.6068240554004,"AM","RD",TRUE
0.000978463194650539,0.000245843957769953,0.019469605692881,-45.2136764392782,-1.38327935583438,7.60586306803247,"NMAM","RD",TRUE
0.000978463194650539,1.17567136197742e-10,0.019469605692881,-0.677531130864722,-0.677531130864722,7.6068240554004,"AM","RD",TRUE
0.000978463194650539,1.17567136197742e-10,0.019469605692881,-0.677531130864722,-0.677531130864722,7.6068240554004,"AM","RD",TRUE
0.000978463194650539,1.17567136197742e-10,0.019469605692881,-0.677531130864722,-0.677531130864722,7.6068240554004,"AM","RD",TRUE
0.000978463194650539,1.17567136197742e-10,0.019469605692881,-0.677531130864722,-0.677531130864722,7.6068240554004,"AM","RD",TRUE
0.000978463194650539,1.17567136197742e-10,0.019469605692881,-0.677531130864722,-0.677531130864722,7.6068240554004,"AM","RD",TRUE
0.000978463194650539,3.03506462509469e-10,0.019469605692881,267.780381881177,-0.677529787245101,7.6068240361104,"EcMAM","RD",TRUE
0.000978463194650539,3.03506462509469e-10,0.019469605692881,267.780381881177,-0.677529787245101,7.6068240361104,"EcMAM","RD",TRUE
0.000978463194650539,3.03506462509469e-10,0.019469605692881,267.780381881177,-0.677529787245101,7.6068240361104,"EcMAM","RD",TRUE
0.000978463194650539,1.17567136197742e-10,0.019469605692881,-0.677531130864722,-0.677531130864722,7.6068240554004,"AM","RD",TRUE
0.000978463194650539,1.17567136197742e-10,0.019469605692881,-0.677531130864722,-0.677531130864722,7.6068240554004,"AM","RD",TRUE
0.000978463194650539,0.00363442156524062,0.019469605692881,0.542292751608805,0.0111792568889843,14.0589769804764,"AM","RD",TRUE
0.000978463194650539,1.17567136197742e-10,0.019469605692881,-0.677531130864722,-0.677531130864722,7.6068240554004,"AM","RD",TRUE
0.000978463194650539,1.17567136197742e-10,0.019469605692881,-0.677531130864722,-0.677531130864722,7.6068240554004,"AM","RD",TRUE
0.000978463194650539,1.17567136197742e-10,0.019469605692881,-0.677531130864722,-0.677531130864722,7.6068240554004,"AM","RD",TRUE
0.000978463194650539,1.17567136197742e-10,0.019469605692881,-0.677531130864722,-0.677531130864722,7.6068240554004,"AM","RD",TRUE
0.000978463194650539,1.17567136197742e-10,0.019469605692881,-0.677531130864722,-0.677531130864722,7.6068240554004,"AM","RD",TRUE
0.000978463194650539,1.17567136197742e-10,0.019469605692881,-0.677531130864722,-0.677531130864722,7.6068240554004,"AM","RD",TRUE
0.000978463194650539,1.17567136197742e-10,0.019469605692881,-0.677531130864722,-0.677531130864722,7.6068240554004,"AM","RD",TRUE
0.000978463194650539,1.17567136197742e-10,0.019469605692881,-0.677531130864722,-0.677531130864722,7.6068240554004,"AM","RD",TRUE
0.000978463194650539,1.17567136197742e-10,0.019469605692881,-0.677531130864722,-0.677531130864722,7.6068240554004,"AM","RD",TRUE
0.000978463194650539,0.00363442156524062,0.019469605692881,0.542292751608805,0.0111792221192484,14.0589764317296,"AM","RD",TRUE
0.000978463194650539,1.17567136197742e-10,0.019469605692881,-0.677531130864722,-0.677531130864722,7.60682423925791,"AM","RD",TRUE
0.000978463194650539,1.17567136197742e-10,0.019469605692881,-0.677531130864722,-0.677531130864722,7.6068240554004,"AM","RD",TRUE
0.000978463194650539,1.17567136197742e-10,0.019469605692881,-0.677531130864722,-0.677531130864722,7.6068240554004,"AM","RD",TRUE
0.000978463194650539,1.17567136197742e-10,0.019469605692881,-0.677531130864722,-0.677531130864722,7.6068240554004,"AM","RD",TRUE
0.000978463194650539,1.17567136197742e-10,0.019469605692881,-0.677531130864722,-0.677531130864722,7.6068240554004,"AM","RD",TRUE
0.000978463194650539,1.17567136197742e-10,0.019469605692881,-0.677531130864722,-0.677531130864722,7.6068240554004,"AM","RD",TRUE
0.000978463194650539,1.17567136197742e-10,0.019469605692881,-0.677531130864722,-0.677531130864722,7.6068240554004,"AM","RD",TRUE
0.000978463194650539,1.17567136197742e-10,0.019469605692881,-0.677531130864722,-0.677531130864722,7.6068240554004,"AM","RD",TRUE
0.000978463194650539,1.17567136197742e-10,0.019469605692881,-0.677531130864722,-0.677531130864722,7.6068240554004,"AM","RD",TRUE
0.000978463194650539,1.17567136197742e-10,0.019469605692881,-0.677531130864722,-0.677531130864722,7.6068240554004,"AM","RD",TRUE
0.000978463194650539,1.17567136197742e-10,0.019469605692881,-0.677531130864722,-0.677531130864722,7.6068240554004,"AM","RD",TRUE
0.000978463194650539,1.17567136197742e-10,0.019469605692881,-0.677531130864722,-0.677531130864722,7.60682423925791,"AM","RD",TRUE
0.000978463194650539,1.17567136197742e-10,0.019469605692881,-0.677531130864722,-0.677531130864722,7.6068240554004,"AM","RD",TRUE
0.000978463194650539,1.17567136197742e-10,0.019469605692881,-0.677531130864722,-0.677531130864722,7.6068240554004,"AM","RD",TRUE
0.000978463194650539,1.17567136197742e-10,0.019469605692881,-0.677531130864722,-0.677531130864722,7.6068240554004,"AM","RD",TRUE
0.000978463194650539,1.17567136197742e-10,0.019469605692881,-0.677531130864722,-0.677531130864722,7.6068240554004,"AM","RD",TRUE
0.000978463194650539,0.00363442156524062,0.019469605692881,0.542292751608805,-0.480583437114528,10.472063984674,"AM","RD",TRUE
0.000978463194650539,1.17567136197742e-10,0.019469605692881,-0.677531130864722,-0.677531130864722,7.6068240554004,"AM","RD",TRUE
0.000978463194650539,1.17567136197742e-10,0.019469605692881,-0.677531130864722,-0.677531130864722,7.6068240554004,"AM","RD",TRUE
0.000978463194650539,0.000245843957769953,0.019469605692881,-45.2136764392782,-1.08491896196514,7.61201627981047,"NMAM","RD",TRUE
0.000978463194650539,1.17567136197742e-10,0.019469605692881,-0.677531130864722,-0.677531130864722,7.6068240554004,"AM","RD",TRUE
0.000978463194650539,1.17567136197742e-10,0.019469605692881,-0.677531130864722,-0.677531130864722,7.6068240554004,"AM","RD",TRUE
0.000978463194650539,1.17567136197742e-10,0.019469605692881,-0.677531130864722,-0.677531130864722,7.6068240554004,"AM","RD",TRUE
0.000978463194650539,1.17567136197742e-10,0.019469605692881,-0.677531130864722,-0.677531130864722,7.6068240554004,"AM","RD",TRUE
0.000978463194650539,1.17567136197742e-10,0.019469605692881,-0.677531130864722,-0.677531130864722,7.6068240554004,"AM","RD",TRUE
0.000978463194650539,0.00363442156524062,0.019469605692881,0.542292751608805,0.0111791525797671,14.0589753342361,"AM","RD",TRUE
0.000978463194650539,0.00363442156524062,0.019469605692881,0.542292751608805,0.0111791525797671,14.0589753342361,"AM","RD",TRUE
0.000978463194650539,1.17567136197742e-10,0.019469605692881,-0.677531130864722,-0.677531130864722,7.6068240554004,"AM","RD",TRUE
0.000978463194650539,0.00363442156524062,0.019469605692881,0.542292751608805,0.0111791525797671,14.0589753342361,"EcM","RD",TRUE
0.000978463194650539,0.00363442156524062,0.019469605692881,0.542292751608805,0.0111791525797671,14.0589753342361,"EcM","RD",TRUE
0.000978463194650539,0.00363442156524062,0.019469605692881,0.542292751608805,0.0111791525797671,14.0589753342361,"EcM","RD",TRUE
0.000978463194650539,0.00363442156524062,0.019469605692881,0.542292751608805,0.0111791525797671,14.0589753342361,"EcM","RD",TRUE
0.000978463194650539,0.00363442156524062,0.019469605692881,0.542292751608805,0.0111791525797671,14.0589753342361,"EcM","RD",TRUE
0.000978463194650539,0.00363442156524062,0.019469605692881,0.542292751608805,0.0111791525797671,14.0589753342361,"EcM","RD",TRUE
0.000978463194650539,0.00363442156524062,0.019469605692881,0.542292751608805,0.0111791525797671,14.0589753342361,"EcM","RD",TRUE
0.000978463194650539,0.00363442156524062,0.019469605692881,0.542292751608805,0.0111791525797671,14.0589753342361,"EcM","RD",TRUE
0.000978463194650539,1.17567136197742e-10,0.019469605692881,-0.677531130864722,-0.677531130864722,7.6068240554004,"EcM","RD",TRUE
0.000978463194650539,0.00363442156524062,0.019469605692881,0.542292751608805,0.0111791873495095,14.0589758829829,"EcM","RD",TRUE
0.000978463194650539,1.17567136197742e-10,0.019469605692881,-0.677531130864722,-0.064951064684892,13.0976739496825,"AM","RD",TRUE
0.000978463194650539,1.17567136197742e-10,0.019469605692881,-0.677531130864722,-0.064951064684892,13.0976739496825,"AM","RD",TRUE
0.000978463194650539,0.00363442156524062,0.019469605692881,0.542292751608805,0.0111791525797671,14.0589753342361,"EcM","RD",TRUE
0.000978463194650539,1.17567136197742e-10,0.019469605692881,-0.677531130864722,-0.677531130864722,7.6068240554004,"EcM","RD",TRUE
0.000978463194650539,1.17567136197742e-10,0.019469605692881,-0.677531130864722,-0.677531130864722,7.6068240554004,"EcM","RD",TRUE
0.000978463194650539,1.17567136197742e-10,0.019469605692881,-0.677531130864722,-0.677531130864722,7.60682423925791,"EcM","RD",TRUE
0.000978463194650539,0.00363442156524062,0.019469605692881,0.542292751608805,0.0111792568889843,14.0589769804764,"EcM","RD",TRUE
0.000978463194650539,0.00363442156524062,0.019469605692881,0.542292751608805,0.0111792568889843,14.0589769804764,"EcM","RD",TRUE
0.000978463194650539,0.00363442156524062,0.019469605692881,0.542292751608805,0.0111792568889843,14.0589769804764,"EcM","RD",TRUE
0.000978463194650539,0.00363442156524062,0.019469605692881,0.542292751608805,0.0111792568889843,14.0589769804764,"EcM","RD",TRUE
0.000978463194650539,0.00363442156524062,0.019469605692881,0.542292751608805,0.0111792568889843,14.0589769804764,"EcM","RD",TRUE
0.000978463194650539,0.00363442156524062,0.019469605692881,0.542292751608805,0.0111792568889843,14.0589769804764,"EcM","RD",TRUE
0.000978463194650539,0.00363442156524062,0.019469605692881,0.542292751608805,0.0111791525797671,14.0589753342361,"EcM","RD",TRUE
0.000978463194650539,1.17567136197742e-10,0.019469605692881,-0.677531130864722,-0.677531130864722,7.6068240554004,"EcM","RD",TRUE
0.000978463194650539,0.00363442156524062,0.019469605692881,0.542292751608805,0.0111791525797671,14.0589753342361,"EcM","RD",TRUE
0.000978463194650539,0.00363442156524062,0.019469605692881,0.542292751608805,0.0111791525797671,14.0589753342361,"EcM","RD",TRUE
0.000978463194650539,0.00363442156524062,0.019469605692881,0.542292751608805,0.0111791525797671,14.0589753342361,"EcM","RD",TRUE
0.000978463194650539,1.17567136197742e-10,0.019469605692881,-0.677531130864722,-0.677531130864722,7.6068240554004,"EcM","RD",TRUE
0.000978463194650539,0.00363442156524062,0.019469605692881,0.542292751608805,0.0111791525797671,14.0589753342361,"EcM","RD",TRUE
0.000978463194650539,0.00363442156524062,0.019469605692881,0.542292751608805,0.0111791525797671,14.0589753342361,"EcM","RD",TRUE
0.000978463194650539,0.00363442156524062,0.019469605692881,0.542292751608805,0.0111791525797671,14.0589753342361,"EcM","RD",TRUE
0.000978463194650539,1.17567136197742e-10,0.019469605692881,-0.677531130864722,-0.677531130864722,7.60682423925791,"EcM","RD",TRUE
0.000978463194650539,0.00363442156524062,0.019469605692881,0.542292751608805,0.0111791525797671,14.0589753342361,"EcM","RD",TRUE
0.000978463194650539,0.00363442156524062,0.019469605692881,0.542292751608805,0.0111791525797671,14.0589753342361,"EcM","RD",TRUE
0.000978463194650539,0.00363442156524062,0.019469605692881,0.542292751608805,0.0111791525797671,14.0589753342361,"EcM","RD",TRUE
0.000978463194650539,1.17567136197742e-10,0.019469605692881,-0.677531130864722,-0.162954915456844,8.19221806043065,"EcM","RD",TRUE
0.000978463194650539,1.17567136197742e-10,0.019469605692881,-0.677531130864722,-0.677531130864722,7.6068240554004,"AM","RD",TRUE
0.000978463194650539,1.17567136197742e-10,0.019469605692881,-0.677531130864722,-0.677531130864722,7.6068240554004,"AM","RD",TRUE
0.000978463194650539,1.17567136197742e-10,0.019469605692881,-0.677531130864722,-0.677531130864722,7.6068240554004,"AM","RD",TRUE
0.000978463194650539,3.03506462509469e-10,0.019469605692881,267.780381881177,-0.677525716443548,7.60682402965725,"EcMAM","RD",TRUE
0.000978463194650539,3.03506462509469e-10,0.019469605692881,267.780381881177,-0.677525716443548,7.60682402965725,"EcMAM","RD",TRUE
0.000978463194650539,3.03506462509469e-10,0.019469605692881,267.780381881177,-0.677525716443548,7.60682402965725,"EcMAM","RD",TRUE
0.000978463194650539,3.03506462509469e-10,0.019469605692881,267.780381881177,-0.677525716443548,7.60682402965725,"EcMAM","RD",TRUE
0.000978463194650539,3.03506462509469e-10,0.019469605692881,267.780381881177,-0.677525716443548,7.60682402965725,"EcMAM","RD",TRUE
0.000978463194650539,3.03506462509469e-10,0.019469605692881,267.780381881177,-0.677525716443548,7.60682402965725,"EcMAM","RD",TRUE
0.000978463194650539,3.03506462509469e-10,0.019469605692881,267.780381881177,-0.677525716443548,7.60682402965725,"EcMAM","RD",TRUE
0.000978463194650539,3.03506462509469e-10,0.019469605692881,267.780381881177,-0.677525716443548,7.60682402965725,"EcMAM","RD",TRUE
0.000978463194650539,3.03506462509469e-10,0.019469605692881,267.780381881177,-0.677525716443548,7.60682402965725,"EcMAM","RD",TRUE
0.000978463194650539,1.17567136197742e-10,0.019469605692881,-0.677531130864722,-0.677531130864722,7.6068240554004,"AM","RD",TRUE
0.000978463194650539,1.17567136197742e-10,0.019469605692881,-0.677531130864722,-0.677531130864722,7.6068240554004,"AM","RD",TRUE
0.000978463194650539,1.17567136197742e-10,0.019469605692881,-0.677531130864722,-0.677531130864722,7.6068240554004,"AM","RD",TRUE
0.000978463194650539,1.17567136197742e-10,0.019469605692881,-0.677531130864722,-0.677531130864722,7.6068240554004,"AM","RD",TRUE
0.000978463194650539,0.00363442156524062,0.019469605692881,0.542292751608805,-0.480583308149264,10.4720662527449,"AM","RD",TRUE
0.000978463194650539,1.17567136197742e-10,0.019469605692881,-0.677531130864722,-0.677531130864722,7.6068240554004,"AM","RD",TRUE
0.000978463194650539,1.17567136197742e-10,0.019469605692881,-0.677531130864722,-0.677531130864722,7.6068240554004,"AM","RD",TRUE
0.000978463194650539,1.17567136197742e-10,0.019469605692881,-0.677531130864722,-0.677531130864722,7.6068240554004,"AM","RD",TRUE
0.000978463194650539,1.17567136197742e-10,0.019469605692881,-0.677531130864722,-0.677531130864722,7.6068240554004,"AM","RD",TRUE
0.000978463194650539,1.17567136197742e-10,0.019469605692881,-0.677531130864722,-0.677531130864722,7.6068240554004,"AM","RD",TRUE
0.000978463194650539,1.17567136197742e-10,0.019469605692881,-0.677531130864722,-0.677531130864722,7.6068240554004,"AM","RD",TRUE
0.000978463194650539,1.17567136197742e-10,0.019469605692881,-0.677531130864722,-0.677531130864722,7.6068240554004,"AM","RD",TRUE
0.000978463194650539,1.17567136197742e-10,0.019469605692881,-0.677531130864722,-0.677531130864722,7.6068240554004,"AM","RD",TRUE
0.000978463194650539,1.17567136197742e-10,0.019469605692881,-0.677531130864722,-0.677531130864722,7.6068240554004,"AM","RD",TRUE
0.000978463194650539,1.17567136197742e-10,0.019469605692881,-0.677531130864722,-0.677531130864722,7.6068240554004,"AM","RD",TRUE
0.000978463194650539,1.17567136197742e-10,0.019469605692881,-0.677531130864722,-0.677531130864722,7.6068240554004,"AM","RD",TRUE
0.000978463194650539,1.17567136197742e-10,0.019469605692881,-0.677531130864722,-0.677531130864722,7.60682502984519,"EcM","RD",TRUE
0.000978463194650539,1.17567136197742e-10,0.019469605692881,-0.677531130864722,-0.677531130864722,7.6068240554004,"EcM","RD",TRUE
0.000978463194650539,0.00363442156524062,0.019469605692881,0.542292751608805,-0.480583308149264,10.4720662527449,"EcM","RD",TRUE
0.000978463194650539,0.00363442156524062,0.019469605692881,0.542292751608805,-0.480583308149264,10.4720662527449,"EcM","RD",TRUE
0.000978463194650539,0.00363442156524062,0.019469605692881,0.542292751608805,-0.480583308149264,10.4720662527449,"EcM","RD",TRUE
0.000978463194650539,1.17567136197742e-10,0.019469605692881,-0.677531130864722,-0.677531130864722,7.60682482760193,"AM","RD",TRUE
0.000978463194650539,1.17567136197742e-10,0.019469605692881,-0.677531130864722,-0.677531130864722,7.6068240554004,"AM","RD",TRUE
0.000978463194650539,1.17567136197742e-10,0.019469605692881,-0.677531130864722,-0.677531130864722,7.6068240554004,"AM","RD",TRUE
0.000978463194650539,1.17567136197742e-10,0.019469605692881,-0.677531130864722,-0.677531130864722,7.6068240554004,"AM","RD",TRUE
0.000978463194650539,1.17567136197742e-10,0.019469605692881,-0.677531130864722,-0.677531130864722,7.6068240554004,"AM","RD",TRUE
0.000978463194650539,1.17567136197742e-10,0.019469605692881,-0.677531130864722,-0.677531130864722,7.6068240554004,"AM","RD",TRUE
0.000978463194650539,1.17567136197742e-10,0.019469605692881,-0.677531130864722,-0.677531130864722,7.6068240554004,"AM","RD",TRUE
0.000978463194650539,1.17567136197742e-10,0.019469605692881,-0.677531130864722,-0.677531130864722,7.6068240554004,"AM","RD",TRUE
0.000978463194650539,1.17567136197742e-10,0.019469605692881,-0.677531130864722,-0.677531130864722,7.6068240554004,"AM","RD",TRUE
0.000978463194650539,1.17567136197742e-10,0.019469605692881,-0.677531130864722,-0.677531130864722,7.6068240554004,"AM","RD",TRUE
0.000978463194650539,1.17567136197742e-10,0.019469605692881,-0.677531130864722,-0.677531130864722,7.6068240554004,"AM","RD",TRUE
0.000978463194650539,1.17567136197742e-10,0.019469605692881,-0.677531130864722,-0.677531130864722,7.6068240554004,"AM","RD",TRUE
0.000978463194650539,1.17567136197742e-10,0.019469605692881,-0.677531130864722,-0.677531130864722,7.6068240554004,"AM","RD",TRUE
0.000978463194650539,1.17567136197742e-10,0.019469605692881,-0.677531130864722,-0.677531130864722,7.6068240554004,"AM","RD",TRUE
0.000978463194650539,1.17567136197742e-10,0.019469605692881,-0.677531130864722,-0.677531130864722,7.6068240554004,"AM","RD",TRUE
0.000978463194650539,1.17567136197742e-10,0.019469605692881,-0.677531130864722,-0.677531130864722,7.6068240554004,"AM","RD",TRUE
0.000978463194650539,1.17567136197742e-10,0.019469605692881,-0.677531130864722,-0.677531130864722,7.6068240554004,"AM","RD",TRUE
0.000978463194650539,1.17567136197742e-10,0.019469605692881,-0.677531130864722,-0.677531130864722,7.6068240554004,"AM","RD",TRUE
0.000978463194650539,1.17567136197742e-10,0.019469605692881,-0.677531130864722,-0.677531130864722,7.6068240554004,"AM","RD",TRUE
0.000978463194650539,1.17567136197742e-10,0.019469605692881,-0.677531130864722,-0.677531130864722,7.6068240554004,"AM","RD",TRUE
0.000978463194650539,1.17567136197742e-10,0.019469605692881,-0.677531130864722,-0.677531130864722,7.6068240554004,"AM","RD",TRUE
0.000978463194650539,1.17567136197742e-10,0.019469605692881,-0.677531130864722,-0.677531130864722,7.6068240554004,"AM","RD",TRUE
0.000978463194650539,3.03506462509469e-10,0.019469605692881,267.780381881177,-0.677529649032191,7.60682405832409,"AM","RD",TRUE
0.000978463194650539,1.17567136197742e-10,0.019469605692881,-0.677531130864722,-0.677531130864722,7.60682444150117,"AM","RD",TRUE
0.000978463194650539,1.17567136197742e-10,0.019469605692881,-0.677531130864722,-0.677531130864722,7.6068240554004,"AM","RD",TRUE
0.000978463194650539,1.17567136197742e-10,0.019469605692881,-0.677531130864722,-0.677531130864722,7.6068240554004,"AM","RD",TRUE
0.000978463194650539,1.17567136197742e-10,0.019469605692881,-0.677531130864722,-0.677531130864722,7.6068240554004,"AM","RD",TRUE
0.000978463194650539,1.17567136197742e-10,0.019469605692881,-0.677531130864722,-0.677531130864722,7.6068240554004,"AM","RD",TRUE
0.000978463194650539,1.17567136197742e-10,0.019469605692881,-0.677531130864722,-0.677531130864722,7.6068240554004,"AM","RD",TRUE
0.000978463194650539,1.17567136197742e-10,0.019469605692881,-0.677531130864722,-0.677531130864722,7.6068240554004,"AM","RD",TRUE
0.000978463194650539,1.17567136197742e-10,0.019469605692881,-0.677531130864722,-0.677531130864722,7.6068240554004,"AM","RD",TRUE
0.000978463194650539,1.17567136197742e-10,0.019469605692881,-0.677531130864722,-0.677531130864722,7.6068240554004,"AM","RD",TRUE
0.000978463194650539,1.17567136197742e-10,0.019469605692881,-0.677531130864722,-0.677531130864722,7.6068240554004,"AM","RD",TRUE
0.000978463194650539,1.17567136197742e-10,0.019469605692881,-0.677531130864722,-0.677531130864722,7.6068240554004,"AM","RD",TRUE
0.000978463194650539,1.17567136197742e-10,0.019469605692881,-0.677531130864722,-0.677531130864722,7.6068240554004,"AM","RD",TRUE
0.000978463194650539,1.17567136197742e-10,0.019469605692881,-0.677531130864722,-0.677531130864722,7.6068240554004,"EcMAM","RD",TRUE
0.000978463194650539,0.000245843957769953,0.019469605692881,-45.2136764392782,-0.73608704174983,7.60852709638232,"AM","RD",TRUE
0.000978463194650539,1.17567136197742e-10,0.019469605692881,-0.677531130864722,-0.677531130864722,7.6068240554004,"AM","RD",TRUE
0.000978463194650539,1.17567136197742e-10,0.019469605692881,-0.677531130864722,-0.677531130864722,7.6068240554004,"AM","RD",TRUE
0.000978463194650539,1.17567136197742e-10,0.019469605692881,-0.677531130864722,-0.677531130864722,7.6068240554004,"AM","RD",TRUE
0.000978463194650539,1.17567136197742e-10,0.019469605692881,-0.677531130864722,-0.677531130864722,7.6068240554004,"AM","RD",TRUE
0.000978463194650539,1.17567136197742e-10,0.019469605692881,-0.677531130864722,-0.677531130864722,7.60682462535867,"AM","RD",TRUE
0.000978463194650539,1.17567136197742e-10,0.019469605692881,-0.677531130864722,-0.677531130864722,7.6068240554004,"AM","RD",TRUE
0.000978463194650539,1.17567136197742e-10,0.019469605692881,-0.677531130864722,-0.677531130864722,7.6068240554004,"AM","RD",TRUE
0.000978463194650539,0.000245843957769953,0.019469605692881,-45.2136764392782,-1.33675724042868,7.60738165810593,"NMAM","RD",TRUE
0.000978463194650539,0.000245843957769953,0.019469605692881,-45.2136764392782,-1.33675724042868,7.60738165810593,"NMAM","RD",TRUE
0.000978463194650539,1.17567136197742e-10,0.019469605692881,-0.677531130864722,-0.677531130864722,7.6068240554004,"AM","RD",TRUE
0.000978463194650539,1.17567136197742e-10,0.019469605692881,-0.677531130864722,-0.677531130864722,7.6068240554004,"AM","RD",TRUE
0.000978463194650539,1.17567136197742e-10,0.019469605692881,-0.677531130864722,-0.677531130864722,7.6068240554004,"AM","RD",TRUE
0.000978463194650539,0.000202350091228962,0.019469605692881,-11.3593915314354,-0.799694497189559,7.60578821557279,"AM","RD",TRUE
0.000978463194650539,1.17567136197742e-10,0.019469605692881,-0.677531130864722,-0.677531130864722,7.60682423925791,"AM","RD",TRUE
0.000978463194650539,1.17567136197742e-10,0.019469605692881,-0.677531130864722,-0.677531130864722,7.6068240554004,"AM","RD",TRUE
0.000978463194650539,1.17567136197742e-10,0.019469605692881,-0.677531130864722,-0.677531130864722,7.60682423925791,"AM","RD",TRUE
0.000978463194650539,1.17567136197742e-10,0.019469605692881,-0.677531130864722,-0.677531130864722,7.60682423925791,"AM","RD",TRUE
0.000978463194650539,1.17567136197742e-10,0.019469605692881,-0.677531130864722,-0.677531130864722,7.60682423925791,"AM","RD",TRUE
0.000978463194650539,1.17567136197742e-10,0.019469605692881,-0.677531130864722,-0.677531130864722,7.6068240554004,"NM","RD",TRUE
0.000978463194650539,1.17567136197742e-10,0.019469605692881,-0.677531130864722,-0.677531130864722,7.6068240554004,"AM","RD",TRUE
0.000978463194650539,1.17567136197742e-10,0.019469605692881,-0.677531130864722,-0.677531130864722,7.6068240554004,"AM","RD",TRUE
0.000978463194650539,1.17567136197742e-10,0.019469605692881,-0.677531130864722,-0.677531130864722,7.6068240554004,"NMAM","RD",TRUE
0.000978463194650539,1.17567136197742e-10,0.019469605692881,-0.677531130864722,-0.677531130864722,7.6068240554004,"AM","RD",TRUE
0.000978463194650539,1.17567136197742e-10,0.019469605692881,-0.677531130864722,-0.677531130864722,7.6068240554004,"AM","RD",TRUE
0.000978463194650539,1.17567136197742e-10,0.019469605692881,-0.677531130864722,-0.677531130864722,7.6068240554004,"AM","RD",TRUE
0.000978463194650539,1.17567136197742e-10,0.019469605692881,-0.677531130864722,-0.677531130864722,7.6068240554004,"AM","RD",TRUE
0.000978463194650539,0.000245843957769953,0.019469605692881,-45.2136764392782,-0.914836793149943,7.61174403739836,"AM","RD",TRUE
0.000978463194650539,1.17567136197742e-10,0.019469605692881,-0.677531130864722,-0.677531130864722,7.6068240554004,"AM","RD",TRUE
0.000978463194650539,1.17567136197742e-10,0.019469605692881,-0.677531130864722,-0.677531130864722,7.6068240554004,"AM","RD",TRUE
0.000978463194650539,1.17567136197742e-10,0.019469605692881,-0.677531130864722,-0.677531130864722,7.6068252137027,"AM","RD",TRUE
0.000978463194650539,1.17567136197742e-10,0.019469605692881,-0.677531130864722,-0.677531130864722,7.60682462535867,"AM","RD",TRUE
0.000978463194650539,1.17567136197742e-10,0.019469605692881,-0.677531130864722,-0.677531130864722,7.6068240554004,"AM","RD",TRUE
0.000978463194650539,1.17567136197742e-10,0.019469605692881,-0.677531130864722,-0.677531130864722,7.6068240554004,"AM","RD",TRUE
0.000978463194650539,1.17567136197742e-10,0.019469605692881,-0.677531130864722,-0.677531130864722,7.6068240554004,"AM","RD",TRUE
0.000978463194650539,1.17567136197742e-10,0.019469605692881,-0.677531130864722,-0.677531130864722,7.6068240554004,"AM","RD",TRUE
0.000978463194650539,1.17567136197742e-10,0.019469605692881,-0.677531130864722,-0.677531130864722,7.6068240554004,"AM","RD",TRUE
0.000978463194650539,1.17567136197742e-10,0.019469605692881,-0.677531130864722,-0.677531130864722,7.6068240554004,"AM","RD",TRUE
0.000978463194650539,1.17567136197742e-10,0.019469605692881,-0.677531130864722,-0.677531130864722,7.60682462535867,"AM","RD",TRUE
0.000978463194650539,1.17567136197742e-10,0.019469605692881,-0.677531130864722,-0.677531130864722,7.6068240554004,"AM","RD",TRUE
0.000978463194650539,1.17567136197742e-10,0.019469605692881,-0.677531130864722,-0.677531130864722,7.6068240554004,"AM","RD",TRUE
0.000978463194650539,1.17567136197742e-10,0.019469605692881,-0.677531130864722,-0.677531130864722,7.60682541594596,"AM","RD",TRUE
0.000978463194650539,1.17567136197742e-10,0.019469605692881,-0.677531130864722,-0.677531130864722,7.6068240554004,"AM","RD",TRUE
0.000978463194650539,1.17567136197742e-10,0.019469605692881,-0.677531130864722,-0.677531130864722,7.60682462535867,"AM","RD",TRUE
0.000978463194650539,1.17567136197742e-10,0.019469605692881,-0.677531130864722,-0.677531130864722,7.6068240554004,"AM","RD",TRUE
0.000978463194650539,1.17567136197742e-10,0.019469605692881,-0.677531130864722,-0.677531130864722,7.6068240554004,"AM","RD",TRUE
0.000978463194650539,1.17567136197742e-10,0.019469605692881,-0.677531130864722,-0.677531130864722,7.6068240554004,"AM","RD",TRUE
0.000978463194650539,1.17567136197742e-10,0.019469605692881,-0.677531130864722,-0.677531130864722,7.6068240554004,"AM","RD",TRUE
0.000978463194650539,1.17567136197742e-10,0.019469605692881,-0.677531130864722,-0.677531130864722,7.60682462535867,"AM","RD",TRUE
0.000978463194650539,1.17567136197742e-10,0.019469605692881,-0.677531130864722,-0.677531130864722,7.60682462535867,"AM","RD",TRUE
0.000978463194650539,1.17567136197742e-10,0.019469605692881,-0.677531130864722,-0.162954915456843,8.19221796153169,"AM","RD",TRUE
0.000978463194650539,0.00363442156524062,0.019469605692881,0.542292751608805,0.151679233447064,9.15851183971148,"AM","RD",TRUE
0.000978463194650539,1.17567136197742e-10,0.019469605692881,-0.677531130864722,-0.677531130864722,7.6068240554004,"AM","RD",TRUE
0.000978463194650539,1.17567136197742e-10,0.019469605692881,-0.677531130864722,-0.677531130864722,7.60682482760193,"AM","RD",TRUE
0.000978463194650539,1.17567136197742e-10,0.019469605692881,-0.677531130864722,-0.677531130864722,7.60682482760193,"AM","RD",TRUE
0.000978463194650539,1.17567136197742e-10,0.019469605692881,-0.677531130864722,-0.677531130864722,7.6068240554004,"AM","RD",TRUE
0.000978463194650539,1.17567136197742e-10,0.019469605692881,-0.677531130864722,-0.677531130864722,7.60682559980346,"AM","RD",TRUE
0.000978463194650539,1.17567136197742e-10,0.019469605692881,-0.677531130864722,-0.677531130864722,7.60682559980346,"AM","RD",TRUE
0.000978463194650539,1.17567136197742e-10,0.019469605692881,-0.677531130864722,-0.677531130864722,7.60682462535867,"AM","RD",TRUE
0.000978463194650539,0.00363442156524062,0.019469605692881,0.542292751608805,0.151679233447064,9.15851183971148,"AM","RD",TRUE
0.000978463194650539,1.17567136197742e-10,0.019469605692881,-0.677531130864722,-0.677531130864722,7.6068240554004,"AM","RD",TRUE
0.000978463194650539,1.17567136197742e-10,0.019469605692881,-0.677531130864722,-0.677531130864722,7.60682462535867,"AM","RD",TRUE
0.000978463194650539,1.17567136197742e-10,0.019469605692881,-0.677531130864722,-0.677531130864722,7.60682462535867,"AM","RD",TRUE
0.000978463194650539,1.17567136197742e-10,0.019469605692881,-0.677531130864722,-0.677531130864722,7.60682423925791,"AM","RD",TRUE
0.000978463194650539,1.17567136197742e-10,0.019469605692881,-0.677531130864722,-0.677531130864722,7.6068240554004,"AM","RD",TRUE
0.000978463194650539,1.17567136197742e-10,0.019469605692881,-0.677531130864722,-0.677531130864722,7.60682444150117,"AM","RD",TRUE
0.000978463194650539,1.17567136197742e-10,0.019469605692881,-0.677531130864722,-0.677531130864722,7.60682444150117,"AM","RD",TRUE
0.000978463194650539,1.17567136197742e-10,0.019469605692881,-0.677531130864722,-0.677531130864722,7.6068240554004,"AM","RD",TRUE
0.000978463194650539,1.17567136197742e-10,0.019469605692881,-0.677531130864722,-0.677531130864722,7.6068240554004,"AM","RD",TRUE
0.000978463194650539,1.17567136197742e-10,0.019469605692881,-0.677531130864722,-0.677531130864722,7.6068240554004,"AM","RD",TRUE
0.000978463194650539,1.17567136197742e-10,0.019469605692881,-0.677531130864722,-0.162954915456844,8.19221806043065,"AM","RD",TRUE
0.000978463194650539,1.17567136197742e-10,0.019469605692881,-0.677531130864722,-0.677531130864722,7.6068240554004,"AM","RD",TRUE
0.000978463194650539,1.17567136197742e-10,0.019469605692881,-0.677531130864722,-0.677531130864722,7.6068240554004,"AM","RD",TRUE
0.000978463194650539,1.17567136197742e-10,0.019469605692881,-0.677531130864722,-0.677531130864722,7.6068240554004,"AM","RD",TRUE
0.000978463194650539,1.17567136197742e-10,0.019469605692881,-0.677531130864722,-0.677531130864722,7.60682423925791,"AM","RD",TRUE
0.000978463194650539,1.17567136197742e-10,0.019469605692881,-0.677531130864722,-0.677531130864722,7.60682423925791,"AM","RD",TRUE
0.000978463194650539,1.17567136197742e-10,0.019469605692881,-0.677531130864722,-0.677531130864722,7.6068240554004,"NMAM","RD",TRUE
0.000978463194650539,1.17567136197742e-10,0.019469605692881,-0.677531130864722,-0.677531130864722,7.6068240554004,"AM","RD",TRUE
0.000978463194650539,1.17567136197742e-10,0.019469605692881,-0.677531130864722,-0.677531130864722,7.6068240554004,"AM","RD",TRUE
0.000978463194650539,1.17567136197742e-10,0.019469605692881,-0.677531130864722,-0.677531130864722,7.6068240554004,"AM","RD",TRUE
0.000978463194650539,1.17567136197742e-10,0.019469605692881,-0.677531130864722,-0.677531130864722,7.6068240554004,"AM","RD",TRUE
0.000978463194650539,1.17567136197742e-10,0.019469605692881,-0.677531130864722,-0.677531130864722,7.6068240554004,"AM","RD",TRUE
0.000978463194650539,1.17567136197742e-10,0.019469605692881,-0.677531130864722,-0.677531130864722,7.6068240554004,"AM","RD",TRUE
0.000978463194650539,1.17567136197742e-10,0.019469605692881,-0.677531130864722,-0.677531130864722,7.6068240554004,"AM","RD",TRUE
0.000978463194650539,1.17567136197742e-10,0.019469605692881,-0.677531130864722,-0.677531130864722,7.6068240554004,"AM","RD",TRUE
0.000978463194650539,1.17567136197742e-10,0.019469605692881,-0.677531130864722,-0.677531130864722,7.6068240554004,"AM","RD",TRUE
0.000978463194650539,1.17567136197742e-10,0.019469605692881,-0.677531130864722,-0.162954915456843,8.19221796153169,"AM","RD",TRUE
0.000978463194650539,1.17567136197742e-10,0.019469605692881,-0.677531130864722,-0.677531130864722,7.6068240554004,"AM","RD",TRUE
0.000978463194650539,1.17567136197742e-10,0.019469605692881,-0.677531130864722,-0.677531130864722,7.6068240554004,"AM","RD",TRUE
0.000978463194650539,0.00363442156524062,0.019469605692881,0.542292751608805,0.151679233447064,9.15851183971148,"AM","RD",TRUE
0.000978463194650539,1.17567136197742e-10,0.019469605692881,-0.677531130864722,-0.677531130864722,7.60682407378616,"AM","RD",TRUE
0.000978463194650539,1.17567136197742e-10,0.019469605692881,-0.677531130864722,-0.162954915456844,8.19221806043065,"AM","RD",TRUE
0.000978463194650539,1.17567136197742e-10,0.019469605692881,-0.677531130864722,-0.677531130864722,7.60682403701465,"AM","RD",TRUE
0.000978463194650539,1.17567136197742e-10,0.019469605692881,-0.677531130864722,-0.677531130864722,7.6068240554004,"AM","RD",TRUE
0.000978463194650539,1.17567136197742e-10,0.019469605692881,-0.677531130864722,-0.677531130864722,7.6068240554004,"AM","RD",TRUE
0.000978463194650539,1.17567136197742e-10,0.019469605692881,-0.677531130864722,-0.677531130864722,7.6068240554004,"AM","RD",TRUE
0.000978463194650539,1.17567136197742e-10,0.019469605692881,-0.677531130864722,-0.677531130864722,7.6068240554004,"AM","RD",TRUE
0.000978463194650539,1.17567136197742e-10,0.019469605692881,-0.677531130864722,-0.677531130864722,7.6068240554004,"AM","RD",TRUE
0.000978463194650539,1.17567136197742e-10,0.019469605692881,-0.677531130864722,-0.677531130864722,7.6068240554004,"AM","RD",TRUE
0.000978463194650539,1.17567136197742e-10,0.019469605692881,-0.677531130864722,-0.162954915456843,8.19221796153169,"AM","RD",TRUE
0.000978463194650539,1.17567136197742e-10,0.019469605692881,-0.677531130864722,-0.162954915456843,8.19221796153169,"AM","RD",TRUE
0.000978463194650539,1.17567136197742e-10,0.019469605692881,-0.677531130864722,-0.162954915456843,8.19221796153169,"AM","RD",TRUE
0.000978463194650539,1.17567136197742e-10,0.019469605692881,-0.677531130864722,-0.162954915456843,8.19221796153169,"AM","RD",TRUE
0.000978463194650539,1.17567136197742e-10,0.019469605692881,-0.677531130864722,-0.162954915456844,8.19221806043065,"AM","RD",TRUE
0.000978463194650539,1.17567136197742e-10,0.019469605692881,-0.677531130864722,-0.162954915456843,8.19221796153169,"AM","RD",TRUE
0.000978463194650539,1.17567136197742e-10,0.019469605692881,-0.677531130864722,-0.162954915456844,8.19221806043065,"AM","RD",TRUE
0.000978463194650539,1.17567136197742e-10,0.019469605692881,-0.677531130864722,-0.162954915456844,8.19221806043065,"AM","RD",TRUE
0.000978463194650539,1.17567136197742e-10,0.019469605692881,-0.677531130864722,-0.162954915456844,8.19221806043065,"AM","RD",TRUE
0.000978463194650539,1.17567136197742e-10,0.019469605692881,-0.677531130864722,-0.162954915456843,8.19221796153169,"AM","RD",TRUE
0.000978463194650539,1.17567136197742e-10,0.019469605692881,-0.677531130864722,-0.162954915456844,8.19221806043065,"AM","RD",TRUE
0.000978463194650539,1.17567136197742e-10,0.019469605692881,-0.677531130864722,-0.162954915456844,8.19221806043065,"AM","RD",TRUE
0.000978463194650539,1.17567136197742e-10,0.019469605692881,-0.677531130864722,-0.677531130864722,7.6068240554004,"AM","RD",TRUE
0.000978463194650539,1.17567136197742e-10,0.019469605692881,-0.677531130864722,-0.677531130864722,7.6068240554004,"AM","RD",TRUE
0.000978463194650539,1.17567136197742e-10,0.019469605692881,-0.677531130864722,-0.162954915456844,8.19221806043065,"AM","RD",TRUE
0.000978463194650539,1.17567136197742e-10,0.019469605692881,-0.677531130864722,-0.162954915456844,8.19221806043065,"AM","RD",TRUE
0.000978463194650539,1.17567136197742e-10,0.019469605692881,-0.677531130864722,-0.162954915456844,8.19221806043065,"AM","RD",TRUE
0.000978463194650539,1.17567136197742e-10,0.019469605692881,-0.677531130864722,-0.162954915456844,8.19221806043065,"AM","RD",TRUE
0.000978463194650539,1.17567136197742e-10,0.019469605692881,-0.677531130864722,-0.162954915456843,8.19221796153169,"AM","RD",TRUE
0.000978463194650539,1.17567136197742e-10,0.019469605692881,-0.677531130864722,-0.162954915456843,8.19221796153169,"AM","RD",TRUE
0.000978463194650539,1.17567136197742e-10,0.019469605692881,-0.677531130864722,-0.162954915456843,8.19221796153169,"AM","RD",TRUE
0.000978463194650539,0.00363442156524062,0.019469605692881,0.542292751608805,0.151679233447064,9.15851183971148,"AM","RD",TRUE
0.000978463194650539,1.17567136197742e-10,0.019469605692881,-0.677531130864722,-0.162954915456843,8.19221796153169,"AM","RD",TRUE
0.000978463194650539,1.17567136197742e-10,0.019469605692881,-0.677531130864722,-0.162954915456843,8.19221796153169,"AM","RD",TRUE
0.000978463194650539,0.00363442156524062,0.019469605692881,0.542292751608805,0.0111791525797671,14.0589753342361,"AM","RD",TRUE
0.000978463194650539,0.00363442156524062,0.019469605692881,0.542292751608805,0.151679233447064,9.15851183971148,"EcM","RD",TRUE
0.000978463194650539,0.00363442156524062,0.019469605692881,0.542292751608805,0.151679233447064,9.15851183971148,"EcM","RD",TRUE
0.000978463194650539,0.00363442156524062,0.019469605692881,0.542292751608805,0.151679233447064,9.15851183971148,"EcM","RD",TRUE
0.000978463194650539,0.00363442156524062,0.019469605692881,0.542292751608805,0.151679233447064,9.15851183971148,"EcM","RD",TRUE
0.000978463194650539,0.00363442156524062,0.019469605692881,0.542292751608805,0.151679233447064,9.15851183971148,"EcM","RD",TRUE
0.000978463194650539,1.17567136197742e-10,0.019469605692881,-0.677531130864722,-0.677531130864722,7.6068240554004,"EcM","RD",TRUE
0.000978463194650539,0.00363442156524062,0.019469605692881,0.542292751608805,0.151679233447064,9.15851183971148,"EcM","RD",TRUE
0.000978463194650539,0.00363442156524062,0.019469605692881,0.542292751608805,0.151679233447064,9.15851183971148,"EcM","RD",TRUE
0.000978463194650539,0.00363442156524062,0.019469605692881,0.542292751608805,0.151679233447064,9.15851183971148,"EcM","RD",TRUE
0.000978463194650539,1.17567136197742e-10,0.019469605692881,-0.677531130864722,-0.677531130864722,7.6068240554004,"EcM","RD",TRUE
0.000978463194650539,0.00363442156524062,0.019469605692881,0.542292751608805,0.151679233447064,9.15851183971148,"EcM","RD",TRUE
0.000978463194650539,0.00363442156524062,0.019469605692881,0.542292751608805,0.151679233447064,9.15851183971148,"EcM","RD",TRUE
0.000978463194650539,0.00363442156524062,0.019469605692881,0.542292751608805,0.151679233447064,9.15851183971148,"EcM","RD",TRUE
0.000978463194650539,1.17567136197742e-10,0.019469605692881,-0.677531130864722,-0.677531130864722,7.6068240554004,"EcM","RD",TRUE
0.000978463194650539,0.00363442156524062,0.019469605692881,0.542292751608805,0.151679233447064,9.15851183971148,"EcM","RD",TRUE
0.000978463194650539,0.00363442156524062,0.019469605692881,0.542292751608805,0.151679233447064,9.15851183971148,"EcM","RD",TRUE
0.000978463194650539,0.00363442156524062,0.019469605692881,0.542292751608805,0.151679233447064,9.15851183971148,"EcM","RD",TRUE
0.000978463194650539,0.00363442156524062,0.019469605692881,0.542292751608805,0.151679233447064,9.15851183971148,"EcM","RD",TRUE
0.000978463194650539,0.00363442156524062,0.019469605692881,0.542292751608805,0.151679233447064,9.15851183971148,"EcM","RD",TRUE
0.000978463194650539,1.17567136197742e-10,0.019469605692881,-0.677531130864722,-0.677531130864722,7.6068240554004,"EcM","RD",TRUE
0.000978463194650539,1.17567136197742e-10,0.019469605692881,-0.677531130864722,-0.677531130864722,7.6068240554004,"AM","RD",TRUE
0.000978463194650539,1.17567136197742e-10,0.019469605692881,-0.677531130864722,-0.677531130864722,7.6068240554004,"AM","RD",TRUE
0.000978463194650539,1.17567136197742e-10,0.019469605692881,-0.677531130864722,-0.677531130864722,7.6068240554004,"AM","RD",TRUE
0.000978463194650539,1.17567136197742e-10,0.019469605692881,-0.677531130864722,-0.677531130864722,7.6068240554004,"AM","RD",TRUE
0.000978463194650539,1.17567136197742e-10,0.019469605692881,-0.677531130864722,-0.677531130864722,7.6068240554004,"AM","RD",TRUE
0.000978463194650539,1.17567136197742e-10,0.019469605692881,-0.677531130864722,-0.677531130864722,7.6068240554004,"AM","RD",TRUE
0.000978463194650539,1.17567136197742e-10,0.019469605692881,-0.677531130864722,-0.677531130864722,7.6068240554004,"AM","RD",TRUE
0.000978463194650539,1.17567136197742e-10,0.019469605692881,-0.677531130864722,-0.677531130864722,7.6068240554004,"AM","RD",TRUE
0.000978463194650539,1.17567136197742e-10,0.019469605692881,-0.677531130864722,-0.677531130864722,7.60682403701465,"AM","RD",TRUE
0.000978463194650539,1.17567136197742e-10,0.019469605692881,-0.677531130864722,-0.677531130864722,7.6068240554004,"AM","RD",TRUE
0.000978463194650539,1.17567136197742e-10,0.019469605692881,-0.677531130864722,-0.677531130864722,7.60682407378616,"AM","RD",TRUE
0.000978463194650539,1.17567136197742e-10,0.019469605692881,-0.677531130864722,-0.677531130864722,7.60682407378616,"AM","RD",TRUE
0.000978463194650539,1.17567136197742e-10,0.019469605692881,-0.677531130864722,-0.677531130864722,7.60682423925791,"AM","RD",TRUE
0.000978463194650539,1.17567136197742e-10,0.019469605692881,-0.677531130864722,-0.677531130864722,7.60682423925791,"AM","RD",TRUE
0.000978463194650539,1.17567136197742e-10,0.019469605692881,-0.677531130864722,-0.677531130864722,7.60682423925791,"AM","RD",TRUE
0.000978463194650539,1.17567136197742e-10,0.019469605692881,-0.677531130864722,-0.677531130864722,7.60682423925791,"AM","RD",TRUE
0.000978463194650539,1.17567136197742e-10,0.019469605692881,-0.677531130864722,-0.677531130864722,7.6068240554004,"AM","RD",TRUE
0.000978463194650539,1.17567136197742e-10,0.019469605692881,-0.677531130864722,-0.677531130864722,7.60682462535867,"AM","RD",TRUE
0.000978463194650539,1.17567136197742e-10,0.019469605692881,-0.677531130864722,-0.677531130864722,7.6068240554004,"AM","RD",TRUE
0.000978463194650539,1.17567136197742e-10,0.019469605692881,-0.677531130864722,-0.677531130864722,7.6068240554004,"AM","RD",TRUE
0.000978463194650539,1.17567136197742e-10,0.019469605692881,-0.677531130864722,-0.677531130864722,7.60682403701465,"AM","RD",TRUE
0.000978463194650539,1.17567136197742e-10,0.019469605692881,-0.677531130864722,-0.162954915456843,8.19221796153169,"AM","RD",TRUE
0.000978463194650539,0.000245843957769953,0.019469605692881,-45.2136764392782,-3.3317587306579,7.35134686595248,"NMAM","RD",TRUE
0.000978463194650539,0.000245843957769953,0.019469605692881,-45.2136764392782,-3.3317587306579,7.35134686595248,"NMAM","RD",TRUE
0.000148116192316423,0.000184098417122771,0.0111136995769698,-0.234990442516334,-0.875101563851254,6.5408608395369,"AM","RD",FALSE
0.000148116192316423,0.000184098417122771,0.0111136995769698,-0.234990442516334,-0.875101563851254,6.5408608395369,"AM","RD",FALSE
0.00263672835753271,0.000184098417122771,0.0271426016156969,-21.9648997308852,-1.13758199481624,7.58621106900439,"AM","RD",FALSE
0.000148116192316423,0.000184098417122771,0.0111136995769698,-0.234990442516334,-0.875101563851254,6.5408608395369,"AM","RD",FALSE
0.000148116192316423,0.000184098417122771,0.0111136995769698,-0.234990442516334,-0.875101563851254,6.5408608395369,"AM","RD",FALSE
0.000148116192316423,0.000184098417122771,0.0111136995769698,-0.234990442516334,-0.875101563851254,6.5408608395369,"AM","RD",FALSE
0.000148116192316423,0.000184098417122771,0.0111136995769698,-0.234990442516334,-0.875101563851254,6.5408608395369,"AM","RD",FALSE
0.000148098610194987,0.000184098417122771,0.0111135863322842,-0.234836920039335,-0.234836920039335,4.0442413429244,"AM","RD",FALSE
0.0026367283575327,0.000184098417122771,0.0271426016156968,-21.9648997308851,-1.13758199481624,7.58621106900439,"AM","RD",FALSE
0.000148116192316423,0.000184098417122771,0.0111136995769698,-0.234990442516334,-0.875101562672751,6.54086092659038,"AM","RD",FALSE
0.000148116192316423,0.000184098417122771,0.0111136995769698,-0.234990442516334,-0.875101562672751,6.54086092659038,"AM","RD",FALSE
0.00263672835752652,0.000184098417122771,0.027142601615657,-21.9648997308312,-1.13758199481624,7.58621106900439,"AM","RD",FALSE
0.00263672835753271,0.000184098417122771,0.0271426016156969,-21.9648997308852,-1.13758199481624,7.58621106900439,"AM","RD",FALSE
0.00263672835753271,0.000184098417122771,0.0271426016156969,-21.9648997308852,-1.13758203315901,7.58621131249822,"AM","RD",FALSE
0.00263672835753271,0.000184098417122771,0.0271426016156969,-21.9648997308852,-1.13758203315901,7.58621131249822,"AM","RD",FALSE
0.0026367283575327,0.000184098417122771,0.0271426016156968,-21.9648997308851,-1.13758199481624,7.58621106900439,"AM","RD",FALSE
0.00263672835753271,0.000184098417122771,0.0271426016156969,-21.9648997308852,-1.13758199481624,7.58621106900439,"AM","RD",FALSE
0.00263672835753271,0.000184098417122771,0.0271426016156969,-21.9648997308852,-1.13758199481624,7.58621106900439,"AM","RD",FALSE
0.00263672815877168,0.000184098417122771,0.0271426003354969,-21.964897995356,-1.13758199481624,7.58621106900439,"AM","RD",FALSE
0.00263672835753271,0.000184098417122771,0.0271426016156969,-21.9648997308852,-1.13758199481624,7.58621106900439,"AM","RD",FALSE
0.00263672835753271,0.000184098417122771,0.0271426016156969,-21.9648997308852,-1.13758199481624,7.58621106900439,"AM","RD",FALSE
0.000148098610194987,0.000184098417122771,0.0111135863322842,-0.234836920039335,-0.234836920039335,4.04424133329989,"AM","RD",FALSE
0.000148116391077458,0.000184098417122771,0.0111137008571697,-0.234992178045613,-0.937503310246875,6.7882299262512,"AM","RD",FALSE
0.00263672835753271,0.000184098417122771,0.0271426016156969,-21.9648997308852,-1.13758199481624,7.58621106900439,"NMAM","RD",FALSE
0.00263672835753271,0.000184098417122771,0.0271426016156969,-21.9648997308852,-1.13758199481624,7.58621106900439,"AM","RD",FALSE
0.00263672835753271,0.000184098417122771,0.0271426016156969,-21.9648997308852,-1.13758199481624,7.58621106900439,"AM","RD",FALSE
0.00263672835753271,0.000184098417122771,0.0271426016156969,-21.9648997308852,-1.13758199481624,7.58621106900439,"AM","RD",FALSE
0.00263672835752652,0.000184098417122771,0.027142601615657,-21.9648997308312,-1.13758199481624,7.58621106900439,"AM","RD",FALSE
0.000148116192316423,0.000184098417122771,0.0111136995769698,-0.234990442516334,-0.875101563851254,6.5408608395369,"AM","RD",FALSE
0.00263672835753271,0.000184098417122771,0.0271426016156969,-21.9648997308852,-1.13758203315901,7.58621131249822,"AM","RD",FALSE
0.00263672835753271,0.000184098417122771,0.0271426016156969,-21.9648997308852,-1.13758203315901,7.58621131249822,"AM","RD",FALSE
0.00263672835753271,0.000184098417122771,0.0271426016156969,-21.9648997308852,-1.13758199481624,7.58621106900439,"AM","RD",FALSE
0.00263672835753271,0.000184098417122771,0.0271426016156969,-21.9648997308852,-1.13758203315901,7.58621131249822,"AM","RD",FALSE
0.00263672835753271,0.000184098417122771,0.0271426016156969,-21.9648997308852,-1.13758203315901,7.58621131249822,"AM","RD",FALSE
0.00263672835753271,0.000184098417122771,0.0271426016156969,-21.9648997308852,-1.13758199481624,7.58621106900439,"AM","RD",FALSE
0.000148098610194987,0.000184098417122771,0.0111135863322842,-0.234836920039335,-0.234836920039335,4.04424133329989,"AM","RD",FALSE
0.00263672835753271,0.000184098417122771,0.0271426016156969,-21.9648997308852,-1.13758199481624,7.58621106900439,"NMAM","RD",FALSE
0.00263672835753271,0.000184098417122771,0.0271426016156969,-21.9648997308852,-1.13758199481624,7.58621106900439,"AM","RD",FALSE
0.00263672835753271,0.000184098417122771,0.0271426016156969,-21.9648997308852,-1.13758199481624,7.58621106900439,"AM","RD",FALSE
0.0026367283575327,0.000184098417122771,0.0271426016156968,-21.9648997308851,-1.13758199481624,7.58621106900439,"AM","RD",FALSE
0.0026367283575327,0.000184098417122771,0.0271426016156968,-21.9648997308851,-1.13758199481624,7.58621106900439,"AM","RD",FALSE
0.00263672835753271,0.000184098417122771,0.0271426016156969,-21.9648997308852,-1.13758199481624,7.58621106900439,"AM","RD",FALSE
0.000148116391077458,0.000184098417122771,0.0111137008571697,-0.234992178045613,-0.937503310246875,6.7882299262512,"AM","RD",FALSE
0.0026367283575327,0.000184098417122771,0.0271426016156968,-21.9648997308851,-1.13758199481624,7.58621106900439,"AM","RD",FALSE
0.0026367283575327,0.000184098417122771,0.0271426016156968,-21.9648997308851,-1.13758199481624,7.58621106900439,"AM","RD",FALSE
0.00263672835753271,0.000184098417122771,0.0271426016156969,-21.9648997308852,-1.13758199481624,7.58621106900439,"AM","RD",FALSE
0.0026367283575327,0.000184098417122771,0.0271426016156968,-21.9648997308851,-1.13758199481624,7.58621106900439,"AM","RD",FALSE
0.00263672835753271,0.000184098417122771,0.0271426016156969,-21.9648997308852,-1.13758199481624,7.58621106900439,"ErM","RD",FALSE
0.00263672835753271,0.000184098417122771,0.0271426016156969,-21.9648997308852,-1.13758199481624,7.58621106900439,"ErM","RD",FALSE
0.00263672835753271,0.000184098417122771,0.0271426016156969,-21.9648997308852,-1.13758199481624,7.58621106900439,"ErM","RD",FALSE
0.00263672835753271,0.000184098417122771,0.0271426016156969,-21.9648997308852,-1.13758199481624,7.58621106900439,"AM","RD",FALSE
0.00263672835753271,0.000184098417122771,0.0271426016156969,-21.9648997308852,-1.13758199481624,7.58621106900439,"AM","RD",FALSE
0.00263672835753271,0.000184098417122771,0.0271426016156969,-21.9648997308852,-1.13758199481624,7.58621106900439,"AM","RD",FALSE
0.000148116391077458,0.000184098417122771,0.0111137008571697,-0.234992178045613,-0.937503310246875,6.7882299262512,"AM","RD",FALSE
0.000148116391077458,0.000184098417122771,0.0111137008571697,-0.234992178045613,-0.937503310246875,6.7882299262512,"AM","RD",FALSE
0.00263672835753271,0.000184098417122771,0.0271426016156969,-21.9648997308852,-1.13758199481624,7.58621106900439,"AM","RD",FALSE
0.000148116391077458,0.000184098417122771,0.0111137008571697,-0.234992178045613,-0.9696048308333,6.91576445116142,"AM","RD",FALSE
0.000148116391077458,0.000184098417122771,0.0111137008571697,-0.234992178045613,-0.937503310246875,6.7882299262512,"AM","RD",FALSE
0.00263672835753271,0.000184098417122771,0.0271426016156969,-21.9648997308852,-1.13758199481624,7.58621106900439,"AM","RD",FALSE
0.00263672835753271,0.000184098417122771,0.0271426016156969,-21.9648997308852,-1.13758199481624,7.58621106900439,"AM","RD",FALSE
0.00263672835753271,0.000184098417122771,0.0271426016156969,-21.9648997308852,-1.13758199481624,7.58621106900439,"AM","RD",FALSE
0.00263672835753271,0.000184098417122771,0.0271426016156969,-21.9648997308852,-1.13758199481624,7.58621106900439,"AM","RD",FALSE
0.00263672835753271,0.000184098417122771,0.0271426016156969,-21.9648997308852,-1.13758199481624,7.58621106900439,"AM","RD",FALSE
0.00263672835753271,0.000184098417122771,0.0271426016156969,-21.9648997308852,-1.13758199481624,7.58621106900439,"AM","RD",FALSE
0.0026367283575327,0.000184098417122771,0.0271426016156968,-21.9648997308851,-1.13758199481624,7.58621106900439,"AM","RD",FALSE
0.00263672835753271,0.000184098417122771,0.0271426016156969,-21.9648997308852,-1.13758199481624,7.58621106900439,"AM","RD",FALSE
0.00263672835753271,0.000184098417122771,0.0271426016156969,-21.9648997308852,-1.13758199481624,7.58621106900439,"AM","RD",FALSE
0.00263672835753271,0.000184098417122771,0.0271426016156969,-21.9648997308852,-1.13758199481624,7.58621106900439,"AM","RD",FALSE
0.00263672835753271,0.000184098417122771,0.0271426016156969,-21.9648997308852,-1.13758199481624,7.58621106900439,"AM","RD",FALSE
0.00263672835753271,0.000184098417122771,0.0271426016156969,-21.9648997308852,-1.13758199481624,7.58621106900439,"AM","RD",FALSE
0.00263672835753271,0.000184098417122771,0.0271426016156969,-21.9648997308852,-1.13758199481624,7.58621106900439,"AM","RD",FALSE
0.00263672408145624,0.000184098417122771,0.027142574073916,-21.964862393306,-1.13758199481624,7.58621106900439,"AM","RD",FALSE
0.00263672835753271,0.000184098417122771,0.0271426016156969,-21.9648997308852,-1.13758199481624,7.58621106900439,"AM","RD",FALSE
0.00263672835753271,0.000184098417122771,0.0271426016156969,-21.9648997308852,-1.13758199481624,7.58621106900439,"AM","RD",FALSE
0.00263672835752652,0.000184098417122771,0.027142601615657,-21.9648997308312,-1.13758203315901,7.58621131249822,"AM","RD",FALSE
0.00263672835753271,0.000184098417122771,0.0271426016156969,-21.9648997308852,-1.13758199481624,7.58621106900439,"AM","RD",FALSE
0.00263672835753271,0.000184098417122771,0.0271426016156969,-21.9648997308852,-1.13758199481624,7.58621106900439,"AM","RD",FALSE
0.00263672835753271,0.000184098417122771,0.0271426016156969,-21.9648997308852,-1.13758199481624,7.58621106900439,"AM","RD",FALSE
0.000148111916233743,0.000184098417122771,0.011113672035149,-0.234953104882916,-0.2348410962249,4.04425776563974,"NMAM","RD",FALSE
0.00263672815877168,0.000184098417122771,0.0271426003354969,-21.964897995356,-1.13758199481624,7.58621106900439,"AM","RD",FALSE
0.00263672835753271,0.000184098417122771,0.0271426016156969,-21.9648997308852,-1.13758199481624,7.58621106900439,"AM","RD",FALSE
0.00263672835753271,0.000184098417122771,0.0271426016156969,-21.9648997308852,-1.13758199481624,7.58621106900439,"AM","RD",FALSE
0.00263672835752652,0.000184098417122771,0.027142601615657,-21.9648997308312,-1.13758203315901,7.58621131249822,"AM","RD",FALSE
0.00263672835752652,0.000184098417122771,0.027142601615657,-21.9648997308312,-1.13758199481624,7.58621106900439,"AM","RD",FALSE
0.00263672835753271,0.000184098417122771,0.0271426016156969,-21.9648997308852,-1.13758199481624,7.58621106900439,"EcMAM","RD",FALSE
0.00263672835753271,0.000184098417122771,0.0271426016156969,-21.9648997308852,-1.13758199481624,7.58621106900439,"EcMAM","RD",FALSE
0.00263672835752652,0.000184098417122771,0.027142601615657,-21.9648997308312,-1.13758199481624,7.58621106900439,"EcMAM","RD",FALSE
0.00263672835753271,0.000184098417122771,0.0271426016156969,-21.9648997308852,-1.13758199481624,7.58621106900439,"AM","RD",FALSE
0.00263672835753271,0.000184098417122771,0.0271426016156969,-21.9648997308852,-1.13758199481624,7.58621106900439,"AM","RD",FALSE
0.00263672815877168,0.000184098417122771,0.0271426003354969,-21.964897995356,-1.13758199481624,7.58621106900439,"AM","RD",FALSE
0.00263671505149396,0.000184098417122771,0.0271425159128321,-21.9647835460417,-1.13758126439888,7.58620815157995,"AM","RD",FALSE
0.00263672835753271,0.000184098417122771,0.0271426016156969,-21.9648997308852,-1.13758199481624,7.58621106900439,"AM","RD",FALSE
0.00263672408145624,0.000184098417122771,0.027142574073916,-21.964862393306,-1.13758199481624,7.58621106900439,"AM","RD",FALSE
0.00263672815877168,0.000184098417122771,0.0271426003354969,-21.964897995356,-1.13758199481624,7.58621106900439,"AM","RD",FALSE
0.00263672815877168,0.000184098417122771,0.0271426003354969,-21.964897995356,-1.13758199481624,7.58621106900439,"AM","RD",FALSE
0.0026367283575327,0.000184098417122771,0.0271426016156968,-21.9648997308851,-1.13758199481624,7.58621106900439,"AM","RD",FALSE
0.00263672835753271,0.000184098417122771,0.0271426016156969,-21.9648997308852,-1.13758199481624,7.58621106900439,"AM","RD",FALSE
0.00263672835753271,0.000184098417122771,0.0271426016156969,-21.9648997308852,-1.13758199481624,7.58621106900439,"AM","RD",FALSE
0.00263672408145623,0.000184098417122771,0.0271425740739159,-21.9648623933059,-1.13758199481624,7.58621106900439,"AM","RD",FALSE
0.00263672835753271,0.000184098417122771,0.0271426016156969,-21.9648997308852,-1.13758203315901,7.58621131249822,"AM","RD",FALSE
0.00263672835753271,0.000184098417122771,0.0271426016156969,-21.9648997308852,-1.13758199481624,7.58621106900439,"AM","RD",FALSE
0.00263672835752652,0.000184098417122771,0.027142601615657,-21.9648997308312,-1.13758203315901,7.58621131249822,"AM","RD",FALSE
0.00263672835752652,0.000184098417122771,0.027142601615657,-21.9648997308312,-1.13758203315901,7.58621131249822,"AM","RD",FALSE
0.00263672408145624,0.000184098417122771,0.027142574073916,-21.964862393306,-1.13758199481624,7.58621106900439,"AM","RD",FALSE
0.00263672835752652,0.000184098417122771,0.027142601615657,-21.9648997308312,-1.13758203315901,7.58621131249822,"AM","RD",FALSE
0.00263672835752652,0.000184098417122771,0.027142601615657,-21.9648997308312,-1.13758203315901,7.58621131249822,"AM","RD",FALSE
0.00263672835753271,0.000184098417122771,0.0271426016156969,-21.9648997308852,-1.13758203315901,7.58621131249822,"AM","RD",FALSE
0.00263672835752652,0.000184098417122771,0.027142601615657,-21.9648997308312,-1.13758203315901,7.58621131249822,"AM","RD",FALSE
0.00263672835752652,0.000184098417122771,0.027142601615657,-21.9648997308312,-1.13758203315901,7.58621131249822,"AM","RD",FALSE
0.00263672835752652,0.000184098417122771,0.027142601615657,-21.9648997308312,-1.13758203315901,7.58621131249822,"AM","RD",FALSE
0.00263672835752652,0.000184098417122771,0.027142601615657,-21.9648997308312,-1.13758203315901,7.58621131249822,"AM","RD",FALSE
0.000148098610194987,0.000184098417122771,0.0111135863322842,-0.234836920039335,-0.234836920039335,4.04424132367537,"AM","RD",FALSE
0.00263672408145624,0.000184098417122771,0.027142574073916,-21.964862393306,-1.13758207150177,7.58621155599204,"AM","RD",FALSE
0.00263672835752652,0.000184098417122771,0.027142601615657,-21.9648997308312,-1.13758199481624,7.58621106900439,"AM","RD",FALSE
0.00263672835752652,0.000184098417122771,0.027142601615657,-21.9648997308312,-1.13758199481624,7.58621106900439,"AM","RD",FALSE
0.00263672408145624,0.000184098417122771,0.027142574073916,-21.964862393306,-1.13758199481624,7.58621106900439,"AM","RD",FALSE
0.00263672835752652,0.000184098417122771,0.027142601615657,-21.9648997308312,-1.13758199481624,7.58621106900439,"AM","RD",FALSE
0.00263672835753271,0.000184098417122771,0.0271426016156969,-21.9648997308852,-1.13758199481624,7.58621106900439,"AM","RD",FALSE
0.00263672835753271,0.000184098417122771,0.0271426016156969,-21.9648997308852,-1.13758199481624,7.58621106900439,"AM","RD",FALSE
0.00263672408145624,0.000184098417122771,0.027142574073916,-21.964862393306,-1.13758203315901,7.58621131249822,"NMAM","RD",FALSE
0.00263672835753271,0.000184098417122771,0.0271426016156969,-21.9648997308852,-1.13758199481624,7.58621106900439,"AM","RD",FALSE
0.00263672835753271,0.000184098417122771,0.0271426016156969,-21.9648997308852,-1.13758199481624,7.58621106900439,"AM","RD",FALSE
0.00263672408145624,0.000184098417122771,0.027142574073916,-21.964862393306,-1.13758203315901,7.58621131249822,"AM","RD",FALSE
0.00263672408145623,0.000184098417122771,0.0271425740739159,-21.9648623933059,-1.13758199481624,7.58621106900439,"AM","RD",FALSE
0.00263672408145623,0.000184098417122771,0.0271425740739159,-21.9648623933059,-1.13758199481624,7.58621106900439,"AM","RD",FALSE
0.00263672835753271,0.000184098417122771,0.0271426016156969,-21.9648997308852,-1.13758199481624,7.58621106900439,"AM","RD",FALSE
0.00263672835753271,0.000184098417122771,0.0271426016156969,-21.9648997308852,-1.13758199481624,7.58621106900439,"AM","RD",FALSE
0.000148098610194987,0.000184098417122771,0.0111135863322842,-0.234836920039335,-0.234836920039335,4.04424133329989,"AM","RD",FALSE
0.00263672835753271,0.000184098417122771,0.0271426016156969,-21.9648997308852,-1.13758199481624,7.58621106900439,"EcM","RD",FALSE
0.00263672835753271,0.000184098417122771,0.0271426016156969,-21.9648997308852,-1.13758199481624,7.58621106900439,"EcM","RD",FALSE
0.00263672815877168,0.000184098417122771,0.0271426003354969,-21.964897995356,-1.13758199481624,7.58621106900439,"EcM","RD",FALSE
0.00263672815877168,0.000184098417122771,0.0271426003354969,-21.964897995356,-1.13758199481624,7.58621106900439,"EcM","RD",FALSE
0.00263672408145624,0.000184098417122771,0.027142574073916,-21.964862393306,-1.13758199481624,7.58621106900439,"EcM","RD",FALSE
0.00263672408145624,0.000184098417122771,0.027142574073916,-21.964862393306,-1.13758199481624,7.58621106900439,"EcM","RD",FALSE
0.00263672408145624,0.000184098417122771,0.027142574073916,-21.964862393306,-1.13758199481624,7.58621106900439,"EcM","RD",FALSE
0.00263672408145624,0.000184098417122771,0.027142574073916,-21.964862393306,-1.13758199481624,7.58621106900439,"EcM","RD",FALSE
0.00263672408145624,0.000184098417122771,0.027142574073916,-21.964862393306,-1.13758199481624,7.58621106900439,"EcM","RD",FALSE
0.00263672835753271,0.000184098417122771,0.0271426016156969,-21.9648997308852,-1.13758203315901,7.58621131249822,"EcM","RD",FALSE
0.00263672408145624,0.000184098417122771,0.027142574073916,-21.964862393306,-1.13758210984453,7.58621179948586,"AM","RD",FALSE
0.00263672408145624,0.000184098417122771,0.027142574073916,-21.964862393306,-1.13758210984453,7.58621179948586,"AM","RD",FALSE
0.00263672835753271,0.000184098417122771,0.0271426016156969,-21.9648997308852,-1.13758203315901,7.58621131249822,"EcM","RD",FALSE
0.00263672408145624,0.000184098417122771,0.027142574073916,-21.964862393306,-1.13758199481624,7.58621106900439,"EcM","RD",FALSE
0.00263672408145624,0.000184098417122771,0.027142574073916,-21.964862393306,-1.13758203315901,7.58621131249822,"EcM","RD",FALSE
0.00263672408145624,0.000184098417122771,0.027142574073916,-21.964862393306,-1.13758203315901,7.58621131249822,"EcM","RD",FALSE
0.00263672408145624,0.000184098417122771,0.027142574073916,-21.964862393306,-1.13758203315901,7.58621131249822,"EcM","RD",FALSE
0.00263672408145624,0.000184098417122771,0.027142574073916,-21.964862393306,-1.13758203315901,7.58621131249822,"EcM","RD",FALSE
0.00263672408145624,0.000184098417122771,0.027142574073916,-21.964862393306,-1.13758199481624,7.58621106900439,"EcM","RD",FALSE
0.00263672408145624,0.000184098417122771,0.027142574073916,-21.964862393306,-1.13758199481624,7.58621106900439,"EcM","RD",FALSE
0.00263672408145624,0.000184098417122771,0.027142574073916,-21.964862393306,-1.13758199481624,7.58621106900439,"EcM","RD",FALSE
0.00263672408145624,0.000184098417122771,0.027142574073916,-21.964862393306,-1.13758199481624,7.58621106900439,"EcM","RD",FALSE
0.00263672408145624,0.000184098417122771,0.027142574073916,-21.964862393306,-1.13758199481624,7.58621106900439,"EcM","RD",FALSE
0.00263672835753271,0.000184098417122771,0.0271426016156969,-21.9648997308852,-1.13758199481624,7.58621106900439,"EcM","RD",FALSE
0.00263672835753271,0.000184098417122771,0.0271426016156969,-21.9648997308852,-1.13758199481624,7.58621106900439,"EcM","RD",FALSE
0.00263672408145624,0.000184098417122771,0.027142574073916,-21.964862393306,-1.13758199481624,7.58621106900439,"EcM","RD",FALSE
0.00263672408145624,0.000184098417122771,0.027142574073916,-21.964862393306,-1.13758199481624,7.58621106900439,"EcM","RD",FALSE
0.00263672835753271,0.000184098417122771,0.0271426016156969,-21.9648997308852,-1.13758199481624,7.58621106900439,"EcM","RD",FALSE
0.00263672835753271,0.000184098417122771,0.0271426016156969,-21.9648997308852,-1.13758199481624,7.58621106900439,"EcM","RD",FALSE
0.00263672835753271,0.000184098417122771,0.0271426016156969,-21.9648997308852,-1.13758199481624,7.58621106900439,"EcM","RD",FALSE
0.00263672835753271,0.000184098417122771,0.0271426016156969,-21.9648997308852,-1.13758199481624,7.58621106900439,"EcM","RD",FALSE
0.00263672835752652,0.000184098417122771,0.027142601615657,-21.9648997308312,-1.13758203315901,7.58621131249822,"EcM","RD",FALSE
0.00263672835753271,0.000184098417122771,0.0271426016156969,-21.9648997308852,-1.13758199481624,7.58621106900439,"EcM","RD",FALSE
0.00263672835753271,0.000184098417122771,0.0271426016156969,-21.9648997308852,-1.13758199481624,7.58621106900439,"EcM","RD",FALSE
0.00263672835753271,0.000184098417122771,0.0271426016156969,-21.9648997308852,-1.13758199481624,7.58621106900439,"EcM","RD",FALSE
0.00263671505149396,0.000184098417122771,0.0271425159128321,-21.9647835460417,-1.13758090171735,7.58620670979767,"EcM","RD",FALSE
0.00263672835753271,0.000184098417122771,0.0271426016156969,-21.9648997308852,-1.13758199481624,7.58621106900439,"AM","RD",FALSE
0.00263672835753271,0.000184098417122771,0.0271426016156969,-21.9648997308852,-1.13758199481624,7.58621106900439,"AM","RD",FALSE
0.00263672835753271,0.000184098417122771,0.0271426016156969,-21.9648997308852,-1.13758199481624,7.58621106900439,"AM","RD",FALSE
0.00263672835753271,0.000184098417122771,0.0271426016156969,-21.9648997308852,-1.13758199481624,7.58621106900439,"EcMAM","RD",FALSE
0.00263672835753271,0.000184098417122771,0.0271426016156969,-21.9648997308852,-1.13758199481624,7.58621106900439,"EcMAM","RD",FALSE
0.00263672835753271,0.000184098417122771,0.0271426016156969,-21.9648997308852,-1.13758199481624,7.58621106900439,"EcMAM","RD",FALSE
0.00263672835753271,0.000184098417122771,0.0271426016156969,-21.9648997308852,-1.13758199481624,7.58621106900439,"EcMAM","RD",FALSE
0.00263672835753271,0.000184098417122771,0.0271426016156969,-21.9648997308852,-1.13758199481624,7.58621106900439,"EcMAM","RD",FALSE
0.0026367283575327,0.000184098417122771,0.0271426016156968,-21.9648997308851,-1.13758199481624,7.58621106900439,"EcMAM","RD",FALSE
0.00263672835753271,0.000184098417122771,0.0271426016156969,-21.9648997308852,-1.13758199481624,7.58621106900439,"EcMAM","RD",FALSE
0.0026367283575327,0.000184098417122771,0.0271426016156968,-21.9648997308851,-1.13758199481624,7.58621106900439,"EcMAM","RD",FALSE
0.00263672835753271,0.000184098417122771,0.0271426016156969,-21.9648997308852,-1.13758199481624,7.58621106900439,"EcMAM","RD",FALSE
0.00263672835753271,0.000184098417122771,0.0271426016156969,-21.9648997308852,-1.13758203315901,7.58621131249822,"AM","RD",FALSE
0.00263672835753271,0.000184098417122771,0.0271426016156969,-21.9648997308852,-1.13758199482775,7.58621106907744,"AM","RD",FALSE
0.00263672835753271,0.000184098417122771,0.0271426016156969,-21.9648997308852,-1.13758199482775,7.58621106907744,"AM","RD",FALSE
0.00263672835753271,0.000184098417122771,0.0271426016156969,-21.9648997308852,-1.13758199481624,7.58621106900439,"AM","RD",FALSE
0.00263672835752651,0.000184098417122771,0.0271426016156569,-21.964899730831,-1.13758199481624,7.58621106900439,"AM","RD",FALSE
0.0026367283575327,0.000184098417122771,0.0271426016156968,-21.9648997308851,-1.13758199481624,7.58621106900439,"AM","RD",FALSE
0.0026367283575327,0.000184098417122771,0.0271426016156968,-21.9648997308851,-1.13758199481624,7.58621106900439,"AM","RD",FALSE
0.00263672835753271,0.000184098417122771,0.0271426016156969,-21.9648997308852,-1.13758199481624,7.58621106900439,"AM","RD",FALSE
0.00263672835753271,0.000184098417122771,0.0271426016156969,-21.9648997308852,-1.13758199481624,7.58621106900439,"AM","RD",FALSE
0.00263672835752652,0.000184098417122771,0.027142601615657,-21.9648997308312,-1.13758199481624,7.58621106900439,"AM","RD",FALSE
0.00263672835753271,0.000184098417122771,0.0271426016156969,-21.9648997308852,-1.13758203315901,7.58621131249822,"AM","RD",FALSE
0.00263672835753271,0.000184098417122771,0.0271426016156969,-21.9648997308852,-1.13758203315901,7.58621131249822,"AM","RD",FALSE
0.00263672835753271,0.000184098417122771,0.0271426016156969,-21.9648997308852,-1.13758207150177,7.58621155599204,"AM","RD",FALSE
0.00263672835753271,0.000184098417122771,0.0271426016156969,-21.9648997308852,-1.13758207150177,7.58621155599204,"AM","RD",FALSE
0.00263671505148775,0.000184098417122771,0.0271425159127922,-21.9647835459875,-1.13758188371912,7.58621062407516,"AM","RD",FALSE
0.000148116192316423,0.000184098417122771,0.0111136995769698,-0.234990442516334,-0.875101563851254,6.5408608395369,"AM","RD",FALSE
0.00263672835753271,0.000184098417122771,0.0271426016156969,-21.9648997308852,-1.13758203315901,7.58621131249822,"EcM","RD",FALSE
0.00263672835752651,0.000184098417122771,0.0271426016156569,-21.964899730831,-1.13758199481624,7.58621106900439,"EcM","RD",FALSE
0.00263672835752652,0.000184098417122771,0.027142601615657,-21.9648997308312,-1.13758199481624,7.58621106900439,"EcM","RD",FALSE
0.00263672835752652,0.000184098417122771,0.027142601615657,-21.9648997308312,-1.13758199481624,7.58621106900439,"EcM","RD",FALSE
0.00263672835752651,0.000184098417122771,0.0271426016156569,-21.964899730831,-1.13758199481624,7.58621106900439,"EcM","RD",FALSE
0.00263672408145624,0.000184098417122771,0.027142574073916,-21.964862393306,-1.13758199481624,7.58621106900439,"AM","RD",FALSE
0.00263672835753271,0.000184098417122771,0.0271426016156969,-21.9648997308852,-1.13758203315901,7.58621131249822,"AM","RD",FALSE
0.00263672835753271,0.000184098417122771,0.0271426016156969,-21.9648997308852,-1.13758203315901,7.58621131249822,"AM","RD",FALSE
0.000148116391071252,0.000184098417122771,0.0111137008571298,-0.234992177991423,-1.0453947656757,7.21762037718311,"AM","RD",FALSE
0.00263671505148775,0.000184098417122771,0.0271425159127922,-21.9647835459875,-1.13758150191222,7.5862090982343,"AM","RD",FALSE
0.00263672835752651,0.000184098417122771,0.0271426016156569,-21.964899730831,-1.13758199481624,7.58621106900439,"AM","RD",FALSE
0.00263672835752651,0.000184098417122771,0.0271426016156569,-21.964899730831,-1.13758199481624,7.58621106900439,"AM","RD",FALSE
0.00263672835752651,0.000184098417122771,0.0271426016156569,-21.964899730831,-1.13758199481624,7.58621106900439,"AM","RD",FALSE
0.00263672835752651,0.000184098417122771,0.0271426016156569,-21.964899730831,-1.13758199481624,7.58621106900439,"AM","RD",FALSE
0.00263672835752651,0.000184098417122771,0.0271426016156569,-21.964899730831,-1.13758199481624,7.58621106900439,"AM","RD",FALSE
0.00263672835752651,0.000184098417122771,0.0271426016156569,-21.964899730831,-1.13758199481624,7.58621106900439,"AM","RD",FALSE
0.00263672835753271,0.000184098417122771,0.0271426016156969,-21.9648997308852,-1.13758199481624,7.58621106900439,"AM","RD",FALSE
0.00263672835752651,0.000184098417122771,0.0271426016156569,-21.964899730831,-1.13758199481624,7.58621106900439,"AM","RD",FALSE
0.00263672835752651,0.000184098417122771,0.0271426016156569,-21.964899730831,-1.13758199481624,7.58621106900439,"AM","RD",FALSE
0.00263672835752652,0.000184098417122771,0.027142601615657,-21.9648997308312,-1.13758199481624,7.58621106900439,"AM","RD",FALSE
0.00263672835752651,0.000184098417122771,0.0271426016156569,-21.964899730831,-1.13758199481624,7.58621106900439,"AM","RD",FALSE
0.00263672835752651,0.000184098417122771,0.0271426016156569,-21.964899730831,-1.13758199481624,7.58621106900439,"AM","RD",FALSE
0.00263672408145005,0.000184098417122771,0.0271425740738761,-21.9648623932519,-1.13758199481624,7.58621106900439,"AM","RD",FALSE
0.00263672835753271,0.000184098417122771,0.0271426016156969,-21.9648997308852,-1.13758199481624,7.58621106900439,"AM","RD",FALSE
0.00263672835752651,0.000184098417122771,0.0271426016156569,-21.964899730831,-1.13758199481624,7.58621106900439,"AM","RD",FALSE
0.00263672835752651,0.000184098417122771,0.0271426016156569,-21.964899730831,-1.13758199481624,7.58621106900439,"AM","RD",FALSE
0.00263672835753271,0.000184098417122771,0.0271426016156969,-21.9648997308852,-1.13758199481624,7.58621106900439,"AM","RD",FALSE
0.00263672408145624,0.000184098417122771,0.027142574073916,-21.964862393306,-1.13758199481624,7.58621106900439,"AM","RD",FALSE
0.00263672835752652,0.000184098417122771,0.027142601615657,-21.9648997308312,-1.13758199481624,7.58621106900439,"AM","RD",FALSE
0.00263672835752652,0.000184098417122771,0.027142601615657,-21.9648997308312,-1.13758199481624,7.58621106900439,"AM","RD",FALSE
0.00263672835752652,0.000184098417122771,0.027142601615657,-21.9648997308312,-1.13758199481624,7.58621106900439,"AM","RD",FALSE
0.00263672835752652,0.000184098417122771,0.027142601615657,-21.9648997308312,-1.13758199481624,7.58621106900439,"AM","RD",FALSE
0.00263672835752652,0.000184098417122771,0.027142601615657,-21.9648997308312,-1.13758199481624,7.58621106900439,"AM","RD",FALSE
0.00263672835753271,0.000184098417122771,0.0271426016156969,-21.9648997308852,-1.13758199481624,7.58621106900439,"AM","RD",FALSE
0.00263672835753271,0.000184098417122771,0.0271426016156969,-21.9648997308852,-1.13758199481624,7.58621106900439,"AM","RD",FALSE
0.00263672835753271,0.000184098417122771,0.0271426016156969,-21.9648997308852,-1.13758199481624,7.58621106900439,"AM","RD",FALSE
0.00263672835753271,0.000184098417122771,0.0271426016156969,-21.9648997308852,-1.13758199481624,7.58621106900439,"AM","RD",FALSE
0.00263672835753271,0.000184098417122771,0.0271426016156969,-21.9648997308852,-1.13758199481624,7.58621106900439,"AM","RD",FALSE
0.00263672835753271,0.000184098417122771,0.0271426016156969,-21.9648997308852,-1.13758199481624,7.58621106900439,"AM","RD",FALSE
0.00263672835753271,0.000184098417122771,0.0271426016156969,-21.9648997308852,-1.13758203315901,7.58621131249822,"AM","RD",FALSE
0.0026367283575327,0.000184098417122771,0.0271426016156968,-21.9648997308851,-1.13758199481624,7.58621106900439,"EcMAM","RD",FALSE
0.00263672408145624,0.000184098417122771,0.027142574073916,-21.964862393306,-1.13758199481624,7.58621106900439,"AM","RD",FALSE
0.000148116391077458,0.000184098417122771,0.0111137008571697,-0.234992178045613,-0.797989391378828,6.23616945872242,"AM","RD",FALSE
0.000148116391077458,0.000184098417122771,0.0111137008571697,-0.234992178045613,-0.797989391378828,6.23616945872242,"AM","RD",FALSE
0.00263672835753271,0.000184098417122771,0.0271426016156969,-21.9648997308852,-1.13758199481624,7.58621106900439,"AM","RD",FALSE
0.00263672835753271,0.000184098417122771,0.0271426016156969,-21.9648997308852,-1.13758199481624,7.58621106900439,"AM","RD",FALSE
0.00263672835753271,0.000184098417122771,0.0271426016156969,-21.9648997308852,-1.13758199481624,7.58621106900439,"AM","RD",FALSE
0.00263672835753271,0.000184098417122771,0.0271426016156969,-21.9648997308852,-1.13758199481624,7.58621106900439,"AM","RD",FALSE
0.00263672835753271,0.000184098417122771,0.0271426016156969,-21.9648997308852,-1.13758199481624,7.58621106900439,"AM","RD",FALSE
0.00263672835753271,0.000184098417122771,0.0271426016156969,-21.9648997308852,-1.13758199481624,7.58621106900439,"NMAM","RD",FALSE
0.00263672835753271,0.000184098417122771,0.0271426016156969,-21.9648997308852,-1.13758199481624,7.58621106900439,"NMAM","RD",FALSE
0.00263672835753271,0.000184098417122771,0.0271426016156969,-21.9648997308852,-1.13758199481624,7.58621106900439,"AM","RD",FALSE
0.00263672835753271,0.000184098417122771,0.0271426016156969,-21.9648997308852,-1.13758207150177,7.58621155599204,"AM","RD",FALSE
0.00263672835753271,0.000184098417122771,0.0271426016156969,-21.9648997308852,-1.13758207150177,7.58621155599204,"AM","RD",FALSE
0.00263672835753271,0.000184098417122771,0.0271426016156969,-21.9648997308852,-1.13758199481624,7.58621106900439,"AM","RD",FALSE
0.00263672835753271,0.000184098417122771,0.0271426016156969,-21.9648997308852,-1.13758199481624,7.58621106900439,"AM","RD",FALSE
0.00263672835753271,0.000184098417122771,0.0271426016156969,-21.9648997308852,-1.13758199481624,7.58621106900439,"AM","RD",FALSE
0.00263672835753271,0.000184098417122771,0.0271426016156969,-21.9648997308852,-1.13758199481624,7.58621106900439,"AM","RD",FALSE
0.00263672835753271,0.000184098417122771,0.0271426016156969,-21.9648997308852,-1.13758199481624,7.58621106900439,"AM","RD",FALSE
0.00263672835753271,0.000184098417122771,0.0271426016156969,-21.9648997308852,-1.13758199481624,7.58621106900439,"AM","RD",FALSE
0.000148112114994779,0.000184098417122771,0.0111136733153489,-0.234954840412195,-0.750510669819175,6.04911335610428,"NM","RD",FALSE
0.000148112114994792,0.000184098417122771,0.011113673315349,-0.23495484041231,-0.750510669819175,6.04911335610428,"AM","RD",FALSE
0.000148112114994779,0.000184098417122771,0.0111136733153489,-0.234954840412195,-0.750510669819175,6.04911335610428,"AM","RD",FALSE
0.00263672408145005,0.000184098417122771,0.0271425740738761,-21.9648623932519,-1.13758199481624,7.58621106900439,"NMAM","RD",FALSE
0.00263672408145005,0.000184098417122771,0.0271425740738761,-21.9648623932519,-1.13758199481624,7.58621106900439,"AM","RD",FALSE
0.00263671057665026,0.000184098417122771,0.0271424870908114,-21.9647444728791,-1.13758140280889,7.58620870300272,"AM","RD",FALSE
0.000148112115000985,0.000184098417122771,0.0111136733153889,-0.234954840466385,-0.750510669819175,6.04911335610428,"AM","RD",FALSE
0.00263672835753271,0.000184098417122771,0.0271426016156969,-21.9648997308852,-1.13758199481624,7.58621106900439,"AM","RD",FALSE
0.00263672388268901,0.000184098417122771,0.0271425727936762,-21.9648606577227,-1.13758199481624,7.58621106900439,"AM","RD",FALSE
0.00263672388268901,0.000184098417122771,0.0271425727936762,-21.9648606577227,-1.13758199481624,7.58621106900439,"AM","RD",FALSE
0.00263672408145005,0.000184098417122771,0.0271425740738761,-21.9648623932519,-1.13758226321558,7.58621277346116,"AM","RD",FALSE
0.000148111916233756,0.000184098417122771,0.011113672035149,-0.234953104883031,-0.922162292882755,6.72734946700268,"AM","RD",FALSE
0.00263672408145005,0.000184098417122771,0.0271425740738761,-21.9648623932519,-1.13758222487281,7.58621252996734,"AM","RD",FALSE
0.00263672408145005,0.000184098417122771,0.0271425740738761,-21.9648623932519,-1.13758199481624,7.58621106900439,"AM","RD",FALSE
0.00263672408145004,0.000184098417122771,0.027142574073876,-21.9648623932518,-1.13758199481624,7.58621106900439,"AM","RD",FALSE
0.000148111916233756,0.000184098417122771,0.011113672035149,-0.234953104883031,-1.07256390069431,7.32608742471327,"AM","RD",FALSE
0.00263672388268901,0.000184098417122771,0.0271425727936762,-21.9648606577227,-1.13758199481624,7.58621106900439,"AM","RD",FALSE
0.00263672408145005,0.000184098417122771,0.0271425740738761,-21.9648623932519,-1.13758222487281,7.58621252996734,"AM","RD",FALSE
0.00263672408145005,0.000184098417122771,0.0271425740738761,-21.9648623932519,-1.13758222487281,7.58621252996734,"AM","RD",FALSE
0.00263672835752651,0.000184098417122771,0.0271426016156569,-21.964899730831,-1.13758199481624,7.58621106900439,"AM","RD",FALSE
0.00263672408145005,0.000184098417122771,0.0271425740738761,-21.9648623932519,-1.13758230155834,7.58621301695498,"AM","RD",FALSE
0.00263672408145005,0.000184098417122771,0.0271425740738761,-21.9648623932519,-1.13758230155834,7.58621301695498,"AM","RD",FALSE
0.00263672408145005,0.000184098417122771,0.0271425740738761,-21.9648623932519,-1.13758226321558,7.58621277346116,"AM","RD",FALSE
0.00263672835752651,0.000184098417122771,0.0271426016156569,-21.964899730831,-1.13758199481624,7.58621106900439,"AM","RD",FALSE
0.00263672408145005,0.000184098417122771,0.0271425740738761,-21.9648623932519,-1.13758210984453,7.58621179948586,"AM","RD",FALSE
0.0026367283575327,0.000184098417122771,0.0271426016156968,-21.9648997308851,-1.13758199481624,7.58621106900439,"AM","RD",FALSE
0.00263672408145005,0.000184098417122771,0.0271425740738761,-21.9648623932519,-1.13758203315901,7.58621131249822,"AM","RD",FALSE
0.00263672408145005,0.000184098417122771,0.0271425740738761,-21.9648623932519,-1.13758199481624,7.58621106900439,"AM","RD",FALSE
0.00263672835752652,0.000184098417122771,0.027142601615657,-21.9648997308312,-1.13758199481624,7.58621106900439,"AM","RD",FALSE
0.00263672408145005,0.000184098417122771,0.0271425740738761,-21.9648623932519,-1.13758207150177,7.58621155599204,"AM","RD",FALSE
0.00263672408145004,0.000184098417122771,0.027142574073876,-21.9648623932518,-1.13758199481624,7.58621106900439,"AM","RD",FALSE
0.00263672408145624,0.000184098417122771,0.027142574073916,-21.964862393306,-1.13758199481624,7.58621106900439,"AM","RD",FALSE
0.00263672408145004,0.000184098417122771,0.027142574073876,-21.9648623932518,-1.13758199481624,7.58621106900439,"AM","RD",FALSE
0.00263672388268901,0.000184098417122771,0.0271425727936762,-21.9648606577227,-1.13758210984453,7.58621179948586,"AM","RD",FALSE
0.00263672408145005,0.000184098417122771,0.0271425740738761,-21.9648623932519,-1.13758199481624,7.58621106900439,"AM","RD",FALSE
0.00263672815877168,0.000184098417122771,0.0271426003354969,-21.964897995356,-1.13758199481624,7.58621106900439,"AM","RD",FALSE
0.00263672388268901,0.000184098417122771,0.0271425727936762,-21.9648606577227,-1.13758210984453,7.58621179948586,"AM","RD",FALSE
0.00263672408145005,0.000184098417122771,0.0271425740738761,-21.9648623932519,-1.13758230155834,7.58621301695498,"AM","RD",FALSE
0.00263672408145005,0.000184098417122771,0.0271425740738761,-21.9648623932519,-1.13758230155834,7.58621301695498,"AM","RD",FALSE
0.00263672408145005,0.000184098417122771,0.0271425740738761,-21.9648623932519,-1.13758210984453,7.58621179948586,"AM","RD",FALSE
0.00263672408145004,0.000184098417122771,0.027142574073876,-21.9648623932518,-1.13758222487281,7.58621252996734,"AM","RD",FALSE
0.00263672408145005,0.000184098417122771,0.0271425740738761,-21.9648623932519,-1.13758218653005,7.58621228647352,"AM","RD",FALSE
0.00263672408145005,0.000184098417122771,0.0271425740738761,-21.9648623932519,-1.13758210984453,7.58621179948586,"AM","RD",FALSE
0.00263672408145005,0.000184098417122771,0.0271425740738761,-21.9648623932519,-1.13758210984453,7.58621179948586,"AM","RD",FALSE
0.00263672388268901,0.000184098417122771,0.0271425727936762,-21.9648606577227,-1.13758210984453,7.58621179948586,"AM","RD",FALSE
0.00263672835753271,0.000184098417122771,0.0271426016156969,-21.9648997308852,-1.13758199481624,7.58621106900439,"AM","RD",FALSE
0.00263672835752652,0.000184098417122771,0.027142601615657,-21.9648997308312,-1.13758203315901,7.58621131249822,"AM","RD",FALSE
0.00263672835752652,0.000184098417122771,0.027142601615657,-21.9648997308312,-1.13758203315901,7.58621131249822,"AM","RD",FALSE
0.00263672835752652,0.000184098417122771,0.027142601615657,-21.9648997308312,-1.13758199481624,7.58621106900439,"AM","RD",FALSE
0.00263672835752652,0.000184098417122771,0.027142601615657,-21.9648997308312,-1.13758199481624,7.58621106900439,"AM","RD",FALSE
0.00263672408145005,0.000184098417122771,0.0271425740738761,-21.9648623932519,-1.13758199481624,7.58621106900439,"AM","RD",FALSE
0.00263672408145005,0.000184098417122771,0.0271425740738761,-21.9648623932519,-1.13758210984453,7.58621179948586,"AM","RD",FALSE
0.00263672835752652,0.000184098417122771,0.027142601615657,-21.9648997308312,-1.13758199481624,7.58621106900439,"AM","RD",FALSE
0.00263672835752652,0.000184098417122771,0.027142601615657,-21.9648997308312,-1.13758199481624,7.58621106900439,"AM","RD",FALSE
0.00263672835752652,0.000184098417122771,0.027142601615657,-21.9648997308312,-1.13758199481624,7.58621106900439,"AM","RD",FALSE
0.00263672835752652,0.000184098417122771,0.027142601615657,-21.9648997308312,-1.13758199481624,7.58621106900439,"AM","RD",FALSE
0.00263672835752652,0.000184098417122771,0.027142601615657,-21.9648997308312,-1.13758199481624,7.58621106900439,"AM","RD",FALSE
0.00263672835753271,0.000184098417122771,0.0271426016156969,-21.9648997308852,-1.13758199481624,7.58621106900439,"NMAM","RD",FALSE
0.00263672835752652,0.000184098417122771,0.027142601615657,-21.9648997308312,-1.13758199481624,7.58621106900439,"AM","RD",FALSE
0.00263672835752652,0.000184098417122771,0.027142601615657,-21.9648997308312,-1.13758199481624,7.58621106900439,"AM","RD",FALSE
0.00263672835752652,0.000184098417122771,0.027142601615657,-21.9648997308312,-1.13758199481624,7.58621106900439,"AM","RD",FALSE
0.00263672835752652,0.000184098417122771,0.027142601615657,-21.9648997308312,-1.13758199481624,7.58621106900439,"AM","RD",FALSE
0.00263672835752652,0.000184098417122771,0.027142601615657,-21.9648997308312,-1.13758199481624,7.58621106900439,"AM","RD",FALSE
0.00263672835752652,0.000184098417122771,0.027142601615657,-21.9648997308312,-1.13758199481624,7.58621106900439,"AM","RD",FALSE
0.00263672835752652,0.000184098417122771,0.027142601615657,-21.9648997308312,-1.13758199481624,7.58621106900439,"AM","RD",FALSE
0.00263672408145005,0.000184098417122771,0.0271425740738761,-21.9648623932519,-1.13758199481624,7.58621106900439,"AM","RD",FALSE
0.00263672408145005,0.000184098417122771,0.0271425740738761,-21.9648623932519,-1.13758199481624,7.58621106900439,"AM","RD",FALSE
0.000148111916233743,0.000184098417122771,0.011113672035149,-0.234953104882916,-0.2348410962249,4.04425776563974,"AM","RD",FALSE
0.00263672408145005,0.000184098417122771,0.0271425740738761,-21.9648623932519,-1.13758199481624,7.58621106900439,"AM","RD",FALSE
0.00263672408145005,0.000184098417122771,0.0271425740738761,-21.9648623932519,-1.13758199481624,7.58621106900439,"AM","RD",FALSE
0.00263672835752652,0.000184098417122771,0.027142601615657,-21.9648997308312,-1.13758199481624,7.58621106900439,"AM","RD",FALSE
0.00263672835752652,0.000184098417122771,0.027142601615657,-21.9648997308312,-1.13758199481624,7.58621106900439,"AM","RD",FALSE
0.00263672835752652,0.000184098417122771,0.027142601615657,-21.9648997308312,-1.13758199481624,7.58621106900439,"AM","RD",FALSE
0.00263672408145005,0.000184098417122771,0.0271425740738761,-21.9648623932519,-1.13758199481624,7.58621106900439,"AM","RD",FALSE
0.000148111916233743,0.000184098417122771,0.011113672035149,-0.234953104882916,-0.2348410962249,4.04425776563974,"AM","RD",FALSE
0.000148111916233743,0.000184098417122771,0.011113672035149,-0.234953104882916,-0.2348410962249,4.04425776563974,"AM","RD",FALSE
0.000148111916233743,0.000184098417122771,0.011113672035149,-0.234953104882916,-0.2348410962249,4.04425776563974,"AM","RD",FALSE
0.000148111916233743,0.000184098417122771,0.011113672035149,-0.234953104882916,-0.2348410962249,4.04425776563974,"AM","RD",FALSE
0.000148111916233743,0.000184098417122771,0.011113672035149,-0.234953104882916,-0.2348410962249,4.04425776563974,"AM","RD",FALSE
0.000148111916233743,0.000184098417122771,0.011113672035149,-0.234953104882916,-0.2348410962249,4.04425776563974,"AM","RD",FALSE
0.000148111916233743,0.000184098417122771,0.011113672035149,-0.234953104882916,-0.234841096225106,4.04425786188563,"AM","RD",FALSE
0.000148111916233743,0.000184098417122771,0.011113672035149,-0.234953104882916,-0.234841096225106,4.04425786188563,"AM","RD",FALSE
0.000148111916233743,0.000184098417122771,0.011113672035149,-0.234953104882916,-0.234841096225106,4.04425786188563,"AM","RD",FALSE
0.000148111916233743,0.000184098417122771,0.011113672035149,-0.234953104882916,-0.234841096225106,4.04425786188563,"AM","RD",FALSE
0.000148111916233743,0.000184098417122771,0.011113672035149,-0.234953104882916,-0.234841096225106,4.04425786188563,"AM","RD",FALSE
0.000148111916233743,0.000184098417122771,0.011113672035149,-0.234953104882916,-0.234841096225106,4.04425786188563,"AM","RD",FALSE
0.000148098610194987,0.000184098417122771,0.0111135863322842,-0.234836920039335,-0.234840948434834,4.04425727009872,"AM","RD",FALSE
0.000148111916233743,0.000184098417122771,0.011113672035149,-0.234953104882916,-0.234841096225106,4.04425786188563,"AM","RD",FALSE
0.000148111916233743,0.000184098417122771,0.011113672035149,-0.234953104882916,-0.234841096225106,4.04425786188563,"AM","RD",FALSE
0.000148111916233743,0.000184098417122771,0.011113672035149,-0.234953104882916,-0.2348410962249,4.04425776563974,"AM","RD",FALSE
0.000148111916233743,0.000184098417122771,0.011113672035149,-0.234953104882916,-0.2348410962249,4.04425776563974,"AM","RD",FALSE
0.000148111916233743,0.000184098417122771,0.011113672035149,-0.234953104882916,-0.2348410962249,4.04425776563974,"AM","RD",FALSE
0.00263672835752652,0.000184098417122771,0.027142601615657,-21.9648997308312,-1.13758199481624,7.58621106900439,"AM","RD",FALSE
0.00263672835752652,0.000184098417122771,0.027142601615657,-21.9648997308312,-1.13758199481624,7.58621106900439,"AM","RD",FALSE
0.000148111916233743,0.000184098417122771,0.011113672035149,-0.234953104882916,-0.2348410962249,4.04425776563974,"AM","RD",FALSE
0.000148111916233743,0.000184098417122771,0.011113672035149,-0.234953104882916,-0.2348410962249,4.04425776563974,"AM","RD",FALSE
0.000148111916233743,0.000184098417122771,0.011113672035149,-0.234953104882916,-0.2348410962249,4.04425776563974,"AM","RD",FALSE
0.000148111916233743,0.000184098417122771,0.011113672035149,-0.234953104882916,-0.2348410962249,4.04425776563974,"AM","RD",FALSE
0.000148111916233743,0.000184098417122771,0.011113672035149,-0.234953104882916,-0.234841096225106,4.04425786188563,"AM","RD",FALSE
0.000148111916233743,0.000184098417122771,0.011113672035149,-0.234953104882916,-0.2348410962249,4.04425776563974,"AM","RD",FALSE
0.000148111916233743,0.000184098417122771,0.011113672035149,-0.234953104882916,-0.2348410962249,4.04425776563974,"AM","RD",FALSE
0.000148111916233743,0.000184098417122771,0.011113672035149,-0.234953104882916,-0.2348410962249,4.04425776563974,"AM","RD",FALSE
0.000148111916233743,0.000184098417122771,0.011113672035149,-0.234953104882916,-0.2348410962249,4.04425776563974,"AM","RD",FALSE
0.000148111916233743,0.000184098417122771,0.011113672035149,-0.234953104882916,-0.2348410962249,4.04425776563974,"AM","RD",FALSE
0.000148111916233743,0.000184098417122771,0.011113672035149,-0.234953104882916,-0.2348410962249,4.04425776563974,"AM","RD",FALSE
0.000148111916233743,0.000184098417122771,0.011113672035149,-0.234953104882916,-0.2348410962249,4.04425776563974,"EcM","RD",FALSE
0.000148111916233743,0.000184098417122771,0.011113672035149,-0.234953104882916,-0.2348410962249,4.04425776563974,"EcM","RD",FALSE
0.000148111916233743,0.000184098417122771,0.011113672035149,-0.234953104882916,-0.2348410962249,4.04425776563974,"EcM","RD",FALSE
0.000148111916233743,0.000184098417122771,0.011113672035149,-0.234953104882916,-0.2348410962249,4.04425776563974,"EcM","RD",FALSE
0.000148111916233743,0.000184098417122771,0.011113672035149,-0.234953104882916,-0.2348410962249,4.04425776563974,"EcM","RD",FALSE
0.000148111916233743,0.000184098417122771,0.011113672035149,-0.234953104882916,-0.2348410962249,4.04425776563974,"EcM","RD",FALSE
0.000148111916233743,0.000184098417122771,0.011113672035149,-0.234953104882916,-0.2348410962249,4.04425776563974,"EcM","RD",FALSE
0.000148111916233743,0.000184098417122771,0.011113672035149,-0.234953104882916,-0.2348410962249,4.04425776563974,"EcM","RD",FALSE
0.000148111916233743,0.000184098417122771,0.011113672035149,-0.234953104882916,-0.2348410962249,4.04425776563974,"EcM","RD",FALSE
0.000148111916233743,0.000184098417122771,0.011113672035149,-0.234953104882916,-0.2348410962249,4.04425776563974,"EcM","RD",FALSE
0.000148098610194987,0.000184098417122771,0.0111135863322842,-0.234836920039335,-0.234836920039335,4.04424133329989,"EcM","RD",FALSE
0.000148098610194987,0.000184098417122771,0.0111135863322842,-0.234836920039335,-0.234836920039335,4.04424133329989,"EcM","RD",FALSE
0.000148111916233743,0.000184098417122771,0.011113672035149,-0.234953104882916,-0.2348410962249,4.04425776563974,"EcM","RD",FALSE
0.000148111916233743,0.000184098417122771,0.011113672035149,-0.234953104882916,-0.2348410962249,4.04425776563974,"EcM","RD",FALSE
0.000148098610194987,0.000184098417122771,0.0111135863322842,-0.234836920039335,-0.234836920039335,4.04424133329988,"EcM","RD",FALSE
0.000148098610194987,0.000184098417122771,0.0111135863322842,-0.234836920039335,-0.234836920039335,4.04424133329988,"EcM","RD",FALSE
0.000148111916233743,0.000184098417122771,0.011113672035149,-0.234953104882916,-0.2348410962249,4.04425776563974,"EcM","RD",FALSE
0.000148098610194987,0.000184098417122771,0.0111135863322842,-0.234836920039335,-0.234836920039335,4.04424133329989,"EcM","RD",FALSE
0.000148098610194987,0.000184098417122771,0.0111135863322842,-0.234836920039335,-0.234836920039335,4.04424133329989,"EcM","RD",FALSE
0.000148098610194987,0.000184098417122771,0.0111135863322842,-0.234836920039335,-0.234836920039335,4.04424133329989,"EcM","RD",FALSE
0.000148098610194987,0.000184098417122771,0.0111135863322842,-0.234836920039335,-0.234836920039335,4.04424132367537,"AM","RD",FALSE
0.000148098610194987,0.000184098417122771,0.0111135863322842,-0.234836920039335,-0.234836920039335,4.04424133329989,"AM","RD",FALSE
0.000148098610194987,0.000184098417122771,0.0111135863322842,-0.234836920039335,-0.234836920039335,4.04424133329989,"AM","RD",FALSE
0.000148098610194987,0.000184098417122771,0.0111135863322842,-0.234836920039335,-0.234836920039335,4.0442413429244,"AM","RD",FALSE
0.000148098610194987,0.000184098417122771,0.0111135863322842,-0.234836920039335,-0.234836920039335,4.0442413429244,"AM","RD",FALSE
0.000148098610194987,0.000184098417122771,0.0111135863322842,-0.234836920039335,-0.234836920039335,4.04424142954498,"AM","RD",FALSE
0.000148098610194987,0.000184098417122771,0.0111135863322842,-0.234836920039335,-0.234836920039335,4.04424142954498,"AM","RD",FALSE
0.000148111916233743,0.000184098417122771,0.011113672035149,-0.234953104882916,-0.234841096225106,4.04425786188563,"AM","RD",FALSE
0.000148102886271461,0.000184098417122771,0.0111136138740651,-0.234874257618562,-0.234836920039335,4.04424133329989,"AM","RD",FALSE
0.000148098610194987,0.000184098417122771,0.0111135863322842,-0.234836920039335,-0.234836920039335,4.04424132367537,"AM","RD",FALSE
0.000148098808956036,0.000184098417122771,0.0111135876124843,-0.234838655568728,-0.234836920039335,4.04424132367537,"AM","RD",FALSE
0.000148098808956036,0.000184098417122771,0.0111135876124843,-0.234838655568728,-0.234836920039335,4.04424132367537,"AM","RD",FALSE
0.000148116192316423,0.000184098417122771,0.0111136995769698,-0.234990442516334,-0.875101563851254,6.5408608395369,"AM","RD",FALSE
0.00263672835753271,0.000184098417122771,0.0271426016156969,-21.9648997308852,-1.13758203315901,7.58621131249822,"AM","RD",FALSE
0.000148116192316423,0.000184098417122771,0.0111136995769698,-0.234990442516334,-0.875101563851254,6.5408608395369,"AM","RD",FALSE
0.000148111916233743,0.000184098417122771,0.011113672035149,-0.234953104882916,-0.234841096225106,4.04425786188563,"AM","RD",FALSE
0.00263672408145005,0.000184098417122771,0.0271425740738761,-21.9648623932519,-1.13758210984453,7.58621179948586,"AM","RD",FALSE
0.000148098610194987,0.000184098417122771,0.0111135863322842,-0.234836920039335,-0.234836920039335,4.04424133329989,"AM","RD",FALSE
0.000148111916233743,0.000184098417122771,0.011113672035149,-0.234953104882916,-0.234841096225106,4.04425786188563,"AM","RD",FALSE
0.00263672835753271,0.000184098417122771,0.0271426016156969,-21.9648997308852,-1.13758203315901,7.58621131249822,"AM","RD",FALSE
0.00263672835753271,0.000184098417122771,0.0271426016156969,-21.9648997308852,-1.13758199481624,7.58621106900439,"AM","RD",FALSE
0.00263671077541129,0.000184098417122771,0.0271424883710114,-21.9647462084084,-1.13758140248704,7.58620870171969,"AM","RD",FALSE
0.00263672835753271,0.000184098417122771,0.0271426016156969,-21.9648997308852,-1.13758199481624,7.58621106900439,"NMAM","RD",FALSE
0.00263672835753271,0.000184098417122771,0.0271426016156969,-21.9648997308852,-1.13758203315901,7.58621131249822,"NMAM","RD",FALSE
0.00153842229729436,0.000151842754630859,0.0113838534859996,-0.738783335443645,-0.738783335443645,4.19397251486356,"AM","ORDER",TRUE
0.00153842229729436,0.000151842754630859,0.0113838534859996,-0.738783335443645,-0.738783335443645,4.19397251486356,"AM","ORDER",TRUE
0.00153842229729436,0.000151842754630859,0.0113838534859996,-0.738783335443645,-0.738783335443645,4.19397251486356,"AM","ORDER",TRUE
0.00153842229729436,0.000151842754630859,0.0113838534859996,-0.738783335443645,-0.738783335443645,4.19397251486356,"AM","ORDER",TRUE
0.00153842229729436,0.000151842754630859,0.0113838534859996,-0.738783335443645,-0.738783335443645,4.19397251486356,"AM","ORDER",TRUE
0.00153842229729436,0.000151842754630859,0.0113838534859996,-0.738783335443645,-0.738783335443645,4.19397251486356,"AM","ORDER",TRUE
0.00153842229729436,0.000151842754630859,0.0113838534859996,-0.738783335443645,-0.738783335443645,4.19397251486356,"AM","ORDER",TRUE
0.00153842229729436,0.000151842754630859,0.0113838534859996,-0.738783335443645,-0.738783335443645,4.19397251486356,"AM","ORDER",TRUE
0.00153842229729436,0.000151842754630859,0.0113838534859996,-0.738783335443645,-0.738783335443645,4.19397251486356,"AM","ORDER",TRUE
0.00153842229729436,0.000151842754630859,0.0113838534859996,-0.738783335443645,-0.738783335443645,4.19397261596561,"AM","ORDER",TRUE
0.00153842229729436,0.000151842754630859,0.0113838534859996,-0.738783335443645,-0.738783335443645,4.19397261596561,"AM","ORDER",TRUE
0.00153842229729436,0.000151842754630859,0.0113838534859996,-0.738783335443645,-0.738783335443645,4.19397251486356,"AM","ORDER",TRUE
0.00153842229729436,0.000151842754630859,0.0113838534859996,-0.738783335443645,-0.738783335443645,4.19397251486356,"AM","ORDER",TRUE
0.00153842229729436,0.000151842754630859,0.0113838534859996,-0.738783335443645,-0.738783335443645,4.19397261596561,"AM","ORDER",TRUE
0.00153842229729436,0.000151842754630859,0.0113838534859996,-0.738783335443645,-0.738783335443645,4.19397261596561,"AM","ORDER",TRUE
0.00153842229729436,0.000151842754630859,0.0113838534859996,-0.738783335443645,-0.738783335443645,4.19397251486356,"AM","ORDER",TRUE
0.00153842229729436,0.000151842754630859,0.0113838534859996,-0.738783335443645,-0.738783335443645,4.19397261596561,"AM","ORDER",TRUE
0.00153842229729436,0.000151842754630859,0.0113838534859996,-0.738783335443645,-0.738783335443645,4.19397261596561,"AM","ORDER",TRUE
0.00153842229729436,0.000151842754630859,0.0113838534859996,-0.738783335443645,-0.738783335443645,4.19397251486356,"AM","ORDER",TRUE
0.00153842229729436,0.000151842754630859,0.0113838534859996,-0.738783335443645,-0.738783335443645,4.19397251486356,"AM","ORDER",TRUE
0.00153842229729436,0.000151842754630859,0.0113838534859996,-0.738783335443645,-0.738783335443645,4.19397251486356,"AM","ORDER",TRUE
0.00153842229729436,0.000151842754630859,0.0113838534859996,-0.738783335443645,-0.738783335443645,4.19397251486356,"AM","ORDER",TRUE
0.00153842229729436,0.000151842754630859,0.0113838533593036,-0.738783687864677,-0.738783335448131,4.19397250743853,"AM","ORDER",TRUE
0.00210391309325487,0.000151842754630859,0.0113838533599597,-45.2680872784592,-0.781903919964423,4.19397251405937,"NMAM","ORDER",TRUE
0.00153842229729436,0.000151842754630859,0.0113838534859996,-0.738783335443645,-0.738783335443645,4.19397251486356,"AM","ORDER",TRUE
0.00153842229729436,0.000151842754630859,0.0113838534859996,-0.738783335443645,-0.738783335443645,4.19397251486356,"AM","ORDER",TRUE
0.00153842229729436,0.000151842754630859,0.0113838534859996,-0.738783335443645,-0.738783335443645,4.19397251486356,"AM","ORDER",TRUE
0.00153842229729436,0.000151842754630859,0.0113838534859996,-0.738783335443645,-0.738783335443645,4.19397251486356,"AM","ORDER",TRUE
0.00153842229729436,0.000151842754630859,0.0113838534859996,-0.738783335443645,-0.738783335443645,4.19397261596561,"AM","ORDER",TRUE
0.00153842229729436,0.000151842754630859,0.0113838534859996,-0.738783335443645,-0.738783335443645,4.19397251486356,"AM","ORDER",TRUE
0.00153842229729436,0.000151842754630859,0.0113838534859996,-0.738783335443645,-0.738783335443645,4.19397251486356,"AM","ORDER",TRUE
0.00153842229729436,0.000151842754630859,0.0113838534859996,-0.738783335443645,-0.738783335443645,4.19397251486356,"AM","ORDER",TRUE
0.00153842229729436,0.000151842754630859,0.0113838533599597,-0.738783573322386,-0.738783335444088,4.1939725137841,"AM","ORDER",TRUE
0.00153842229729436,0.000151842754630859,0.0113838534859996,-0.738783335443645,-0.738783335443645,4.19397251486356,"AM","ORDER",TRUE
0.00153842229729436,0.000151842754630859,0.0113838534859996,-0.738783335443645,-0.738783335443645,4.19397251486356,"AM","ORDER",TRUE
0.00153842229729436,0.000151842754630859,0.0113838534859996,-0.738783335443645,-0.738783335443645,4.19397261596561,"AM","ORDER",TRUE
0.00210391309325487,0.000151842754630859,0.0113838534859996,-45.2680870405804,-0.796653692880325,4.19397251486356,"NMAM","ORDER",TRUE
0.00153842229729436,0.000151842754630859,0.0113838534859996,-0.738783335443645,-0.738783335443645,4.19397251486356,"AM","ORDER",TRUE
0.00153842229729436,0.000151842754630859,0.0113838534859996,-0.738783335443645,-0.738783335443645,4.19397251486356,"AM","ORDER",TRUE
0.00153842229729436,0.000151842754630859,0.0113838534859996,-0.738783335443645,-0.738783335443645,4.19397251486356,"AM","ORDER",TRUE
0.00153842229729436,0.000151842754630859,0.0113838534859996,-0.738783335443645,-0.738783335443645,4.19397251486356,"AM","ORDER",TRUE
0.00153842229729436,0.000151842754630859,0.0113838534859996,-0.738783335443645,-0.738783335443645,4.19397251486356,"AM","ORDER",TRUE
0.00153842229729436,0.000151842754630859,0.0113838534859996,-0.738783335443645,-0.738783335443645,4.19397251486356,"AM","ORDER",TRUE
0.00153842229729436,0.000151842754630859,0.0113838534859996,-0.738783335443645,-0.738783335443645,4.19397251486356,"AM","ORDER",TRUE
0.00153842229729436,0.000151842754630859,0.0113838534859996,-0.738783335443645,-0.738783335443645,4.19397251486356,"AM","ORDER",TRUE
0.00153842229729436,0.000151842754630859,0.0113838533593036,-0.738783687864677,-0.738783335448131,4.19397250743853,"AM","ORDER",TRUE
0.00153842229729436,0.000151842754630859,0.0113838533593036,-0.738783687864677,-0.738783335448131,4.19397250743853,"AM","ORDER",TRUE
0.0242000721347706,0.000151842754630859,0.0113838534859996,-45.2680870405804,-1.13328580606525,4.19397251486356,"ErM","ORDER",TRUE
0.0242000721347706,0.000151842754630859,0.0113838534859996,-45.2680870405804,-1.13328580606525,4.19397251486356,"ErM","ORDER",TRUE
0.0242000721347706,0.000151842754630859,0.0113838534859996,-45.2680870405804,-1.13328580606525,4.19397251486356,"ErM","ORDER",TRUE
0.00153842229729436,0.000151842754630859,0.0113838534859996,-0.738783335443645,-0.738783335443645,4.19397251486356,"AM","ORDER",TRUE
0.00153842229729436,0.000151842754630859,0.0113838534859996,-0.738783335443645,-0.738783335443645,4.19397251486356,"AM","ORDER",TRUE
0.00153842229729436,0.000151842754630859,0.0113838534859996,-0.738783335443645,-0.738783335443645,4.19397251486356,"AM","ORDER",TRUE
0.00153842229729436,0.000151842754630859,0.0113838534859996,-0.738783335443645,-0.738783335443645,4.19397251486356,"AM","ORDER",TRUE
0.00153842229729436,0.000151842754630859,0.0113838534859996,-0.738783335443645,-0.738783335443645,4.19397251486356,"AM","ORDER",TRUE
0.00153842229729436,0.000151842754630859,0.0113838534859996,-0.738783335443645,-0.738783335443645,4.19397251486356,"AM","ORDER",TRUE
0.00153842229729436,0.000151842754630859,0.0113838534859996,-0.738783335443645,-0.738783335443645,4.19397251486356,"AM","ORDER",TRUE
0.00153842229729436,0.000151842754630859,0.0113838534859996,-0.738783335443645,-0.738783335443645,4.19397251486356,"AM","ORDER",TRUE
0.00153842229729436,0.000151842754630859,0.0113838534859996,-0.738783335443645,-0.738783335443645,4.19397251486356,"AM","ORDER",TRUE
0.00153842229729436,0.000151842754630859,0.0113838534859996,-0.738783335443645,-0.738783335443645,4.19397251486356,"AM","ORDER",TRUE
0.00153842229729436,0.000151842754630859,0.0113838534859996,-0.738783335443645,-0.738783335443645,4.19397251486356,"AM","ORDER",TRUE
0.00153842229729436,0.000151842754630859,0.0113838534859996,-0.738783335443645,-0.738783335443645,4.19397251486356,"AM","ORDER",TRUE
0.00153842229729436,0.000151842754630859,0.0113838534859996,-0.738783335443645,-0.738783335443645,4.19397251486356,"AM","ORDER",TRUE
0.00153842229729436,0.000151842754630859,0.0113838534859996,-0.738783335443645,-0.738783335443645,4.19397251486356,"AM","ORDER",TRUE
0.00153842229729436,0.000151842754630859,0.0113838534859996,-0.738783335443645,-0.738783335443645,4.19397251486356,"AM","ORDER",TRUE
0.00153842229729436,0.000151842754630859,0.0113838534859996,-0.738783335443645,-0.738783335443645,4.19397251486356,"AM","ORDER",TRUE
0.00153842229729436,0.000151842754630859,0.0113838534859996,-0.738783335443645,-0.738783335443645,4.19397251486356,"AM","ORDER",TRUE
0.00153842229729436,0.000151842754630859,0.0113838534859996,-0.738783335443645,-0.738783335443645,4.19397251486356,"AM","ORDER",TRUE
0.00153842229729436,0.000151842754630859,0.0113838546001773,-0.738780576598794,-0.738783335433765,4.19397253323677,"AM","ORDER",TRUE
0.00153842229729436,0.000151842754630859,0.0113838534859996,-0.738783335443645,-0.738783335443645,4.19397251486356,"AM","ORDER",TRUE
0.00153842229729436,0.000151842754630859,0.0113838534859996,-0.738783335443645,-0.738783335443645,4.19397251486356,"AM","ORDER",TRUE
0.00153842229729436,0.000151842754630859,0.0113838534859996,-0.738783335443645,-0.738783335443645,4.19397251486356,"AM","ORDER",TRUE
0.00153842229729436,0.000151842754630859,0.0113838534859996,-0.738783335443645,-0.738783335443645,4.19397251486356,"AM","ORDER",TRUE
0.00153842229729436,0.000151842754630859,0.0113838534859996,-0.738783335443645,-0.738783335443645,4.19397251486356,"AM","ORDER",TRUE
0.00153842229729436,0.000151842754630859,0.0113838534859996,-0.738783335443645,-0.738783335443645,4.19397251486356,"AM","ORDER",TRUE
0.00153842229729436,0.000151842754630859,0.0113838534469494,-0.738782944851365,-0.738783335434868,4.19397251082297,"AM","ORDER",TRUE
0.00153842229729436,0.000151842754630859,0.0113838534859996,-0.738783335443645,-0.738783335443645,4.19397251486356,"AM","ORDER",TRUE
0.00153842229729436,0.000151842754630859,0.0113838534859996,-0.738783335443645,-0.738783335443645,4.19397251486356,"AM","ORDER",TRUE
0.00210391309325487,0.000151842754630859,0.0113838534859996,-45.2680870405804,-1.14220672124959,4.19397251486357,"NMAM","ORDER",TRUE
0.00153842229729436,0.000151842754630859,0.0113838534859996,-0.738783335443645,-0.738783335443645,4.19397251486357,"AM","ORDER",TRUE
0.00153842229729436,0.000151842754630859,0.0113838546001773,-0.738780576598794,-0.738783335433765,4.19397253323677,"AM","ORDER",TRUE
0.00153842229729436,0.000151842754630859,0.0113838546001773,-0.738780576598794,-0.738783335433765,4.19397253323677,"AM","ORDER",TRUE
0.00153842229729436,0.000151842754630859,0.0113838534859996,-0.738783335443645,-0.738783335443645,4.19397251486356,"AM","ORDER",TRUE
0.00153842229729436,0.000151842754630859,0.0113838534469494,-0.738782944851365,-0.738783335434868,4.19397251082297,"AM","ORDER",TRUE
0.00341835033138537,0.000151842754630859,0.0113838534859996,-45.2680870405804,-0.850143158980443,4.19397251486356,"EcMAM","ORDER",TRUE
0.00341835033138537,0.000151842754630859,0.0113838534859996,-45.2680870405804,-0.850143158980443,4.19397251486356,"EcMAM","ORDER",TRUE
0.00341835033138537,0.000151842754630859,0.0113838534859996,-45.2680870405804,-0.850143158980443,4.19397251486356,"EcMAM","ORDER",TRUE
0.00153842229729436,0.000151842754630859,0.0113838534859996,-0.738783335443645,-0.738783335443645,4.19397251486356,"AM","ORDER",TRUE
0.00153842229729436,0.000151842754630859,0.0113838534859996,-0.738783335443645,-0.738783335443645,4.19397251486356,"AM","ORDER",TRUE
0.00153842229729436,0.000151842754630859,0.0113838534469494,-0.738782944851365,-0.738783335434868,4.19397251082297,"AM","ORDER",TRUE
0.00153842229729436,0.000151842754630859,0.0113838534859996,-0.738783335443645,-0.738783335443645,4.19397251486356,"AM","ORDER",TRUE
0.00153842229729436,0.000151842754630859,0.0113838534859996,-0.738783335443645,-0.738783335443645,4.19397251486356,"AM","ORDER",TRUE
0.00153842229729436,0.000151842754630859,0.0113838534859996,-0.738783335443645,-0.738783335443645,4.19397251486356,"AM","ORDER",TRUE
0.00153842229729436,0.000151842754630859,0.0113838534859996,-0.738783335443645,-0.738783335443645,4.19397251486356,"AM","ORDER",TRUE
0.00153842229729436,0.000151842754630859,0.0113838534859996,-0.738783335443645,-0.738783335443645,4.19397251486356,"AM","ORDER",TRUE
0.00153842229729436,0.000151842754630859,0.0113838534469494,-0.738782944851365,-0.738783335434868,4.19397251082297,"AM","ORDER",TRUE
0.00153842229729436,0.000151842754630859,0.0113838534859996,-0.738783335443645,-0.738783335443645,4.19397251486356,"AM","ORDER",TRUE
0.00153842229729436,0.000151842754630859,0.0113838534859996,-0.738783335443645,-0.738783335443645,4.19397251486356,"AM","ORDER",TRUE
0.00153842229729436,0.000151842754630859,0.0113838533599597,-0.738783573322386,-0.738783335445415,4.19397251054594,"AM","ORDER",TRUE
0.00153842229729436,0.000151842754630859,0.0113838534469494,-0.738782944851365,-0.738783335434868,4.19397251082297,"AM","ORDER",TRUE
0.00153842229729436,0.000151842754630859,0.0113838534859996,-0.738783335443645,-0.738783335443645,4.19397251486356,"AM","ORDER",TRUE
0.00153842229729436,0.000151842754630859,0.0113838534859996,-0.738783335443645,-0.738783335443645,4.19397261596561,"AM","ORDER",TRUE
0.00153842229729436,0.000151842754630859,0.0113838534859996,-0.738783335443645,-0.738783335443645,4.19397261596561,"AM","ORDER",TRUE
0.00153842229729436,0.000151842754630859,0.0113838534859996,-0.738783335443645,-0.738783335443645,4.19397261596561,"AM","ORDER",TRUE
0.00153842229729436,0.000151842754630859,0.0113838534859996,-0.738783335443645,-0.738783335443645,4.19397261596561,"AM","ORDER",TRUE
0.00153842229729436,0.000151842754630859,0.0113838534859996,-0.738783335443645,-0.738783335443645,4.19397261596561,"AM","ORDER",TRUE
0.00153842229729436,0.000151842754630859,0.0113838534469494,-0.738782944851365,-0.738783335434867,4.19397261192502,"AM","ORDER",TRUE
0.00153842229729436,0.000151842754630859,0.0113838534859996,-0.738783335443645,-0.738783335443645,4.19397261596561,"AM","ORDER",TRUE
0.00153842229729436,0.000151842754630859,0.0113838534859996,-0.738783335443645,-0.738783335443645,4.19397261596561,"AM","ORDER",TRUE
0.00153842229729436,0.000151842754630859,0.0113838534859996,-0.738783335443645,-0.738783335443645,4.19397261596561,"AM","ORDER",TRUE
0.00153842229729436,0.000151842754630859,0.0113838534859996,-0.738783335443645,-0.738783335443645,4.19397261596561,"AM","ORDER",TRUE
0.00153842229729436,0.000151842754630859,0.0113838534469494,-0.738782944851365,-0.738783335434867,4.19397261192502,"AM","ORDER",TRUE
0.00153842229729436,0.000151842754630859,0.0113838534469494,-0.738782944851365,-0.738783335434868,4.19397251082297,"AM","ORDER",TRUE
0.00153842229729436,0.000151842754630859,0.0113838534859996,-0.738783335443645,-0.738783335443645,4.19397251486356,"AM","ORDER",TRUE
0.00153842229729436,0.000151842754630859,0.0113838534859996,-0.738783335443645,-0.738783335443645,4.19397251486356,"AM","ORDER",TRUE
0.00153842229729436,0.000151842754630859,0.0113838534859996,-0.738783335443645,-0.738783335443645,4.19397251486356,"AM","ORDER",TRUE
0.00153842229729436,0.000151842754630859,0.0113838534469494,-0.738782944851365,-0.738783335442533,4.19397251435149,"AM","ORDER",TRUE
0.00153842229729436,0.000151842754630859,0.0113838534859996,-0.738783335443645,-0.738783335443645,4.19397251486356,"AM","ORDER",TRUE
0.00153842229729436,0.000151842754630859,0.0113838534859996,-0.738783335443645,-0.738783335443645,4.19397251486356,"AM","ORDER",TRUE
0.00210391309325487,0.000151842754630859,0.0113838534469494,-45.2680866499882,-0.969803809254323,4.19397251082297,"NMAM","ORDER",TRUE
0.00153842229729436,0.000151842754630859,0.0113838534859996,-0.738783335443645,-0.738783335443645,4.19397251486356,"AM","ORDER",TRUE
0.00153842229729436,0.000151842754630859,0.0113838534859996,-0.738783335443645,-0.738783335443645,4.19397251486356,"AM","ORDER",TRUE
0.00153842229729436,0.000151842754630859,0.0113838534469494,-0.738782944851365,-0.738783335434868,4.19397251082297,"AM","ORDER",TRUE
0.00153842229729436,0.000151842754630859,0.0113838534469494,-0.738782944851365,-0.738783335434868,4.19397251082297,"AM","ORDER",TRUE
0.00153842229729436,0.000151842754630859,0.0113838534469494,-0.738782944851365,-0.738783335434868,4.19397251082297,"AM","ORDER",TRUE
0.00153842229729436,0.000151842754630859,0.0113838534859996,-0.738783335443645,-0.738783335443645,4.19397251486356,"AM","ORDER",TRUE
0.00153842229729436,0.000151842754630859,0.0113838534859996,-0.738783335443645,-0.738783335443645,4.19397251486356,"AM","ORDER",TRUE
0.00153842229729436,0.000151842754630859,0.0113838534859996,-0.738783335443645,-0.738783335443705,4.19397251471838,"AM","ORDER",TRUE
0.00161584448889024,0.000151842754630859,0.0113838534469494,79.175942448831,0.507006908819125,4.19397251082297,"EcM","ORDER",TRUE
0.00161584448889024,0.000151842754630859,0.0113838534469494,79.175942448831,0.507006908819125,4.19397251082297,"EcM","ORDER",TRUE
0.00161584448889024,0.000151842754630859,0.0113838534469494,79.175942448831,0.507006908819125,4.19397251082297,"EcM","ORDER",TRUE
0.00161584448889024,0.000151842754630859,0.0113838534469494,79.175942448831,0.507006908819125,4.19397251082297,"EcM","ORDER",TRUE
0.00161584448889024,0.000151842754630859,0.0113838534469494,79.175942448831,0.507006908819125,4.19397251082297,"EcM","ORDER",TRUE
0.00161584448889024,0.000151842754630859,0.0113838534469494,79.175942448831,0.507006908819125,4.19397251082297,"EcM","ORDER",TRUE
0.00161584448889024,0.000151842754630859,0.0113838534469494,79.175942448831,0.507006908819125,4.19397251082297,"EcM","ORDER",TRUE
0.00161584448889024,0.000151842754630859,0.0113838534469494,79.175942448831,0.50700690881146,4.19397251435149,"EcM","ORDER",TRUE
0.00161584448889024,0.000151842754630859,0.0113838534859996,79.1759420582388,0.507006908810347,4.19397251486356,"EcM","ORDER",TRUE
0.00161584448889024,0.000151842754630859,0.0113838534859996,79.1759420582388,0.507007028270536,4.19397261270014,"EcM","ORDER",TRUE
0.00153842229729436,0.000151842754630859,0.0113838534469494,-0.738782944851365,0.254533814925284,4.19397251082297,"AM","ORDER",TRUE
0.00153842229729436,0.000151842754630859,0.0113838534469494,-0.738782944851365,0.254533814925284,4.19397251082297,"AM","ORDER",TRUE
0.00161584448889024,0.000151842754630859,0.0113838534859996,79.1759420582388,0.507007028270536,4.19397261270014,"EcM","ORDER",TRUE
0.00161584448889024,0.000151842754630859,0.0113838534859996,79.1759420582388,0.507007028263442,4.19397261596561,"EcM","ORDER",TRUE
0.00161584448889024,0.000151842754630859,0.0113838534469494,79.175942448831,0.507007028272219,4.19397261192502,"EcM","ORDER",TRUE
0.00161584448889024,0.000151842754630859,0.0113838534859996,79.1759420582388,0.50700714771652,4.19397271706766,"EcM","ORDER",TRUE
0.00161584448889024,0.000151842754630859,0.0113838534469494,79.175942448831,0.507007147725297,4.19397271302707,"EcM","ORDER",TRUE
0.00161584448889024,0.000151842754630859,0.0113838534469494,79.175942448831,0.507007147725297,4.19397271302707,"EcM","ORDER",TRUE
0.00161584448889024,0.000151842754630859,0.0113838534469494,79.175942448831,0.507007147725297,4.19397271302707,"EcM","ORDER",TRUE
0.00161584448889024,0.000151842754630859,0.0113838534469494,79.175942448831,0.507007147725297,4.19397271302707,"EcM","ORDER",TRUE
0.00161584448889024,0.000151842754630859,0.0113838534469494,79.175942448831,0.507007147725297,4.19397271302707,"EcM","ORDER",TRUE
0.00161584448889024,0.000151842754630859,0.0113838534859996,79.1759420582388,0.50700714771652,4.19397271706766,"EcM","ORDER",TRUE
0.00161584448889024,0.000151842754630859,0.0113838534469494,79.175942448831,0.507007028272219,4.19397261192502,"EcM","ORDER",TRUE
0.00161584448889024,0.000151842754630859,0.0113838534859996,79.1759420582388,0.507006908810347,4.19397251486356,"EcM","ORDER",TRUE
0.00161584448889024,0.000151842754630859,0.0113838546001773,79.1759448170836,0.507006908849812,4.19397258824844,"EcM","ORDER",TRUE
0.00161584448889024,0.000151842754630859,0.0113838534469494,79.175942448831,0.507006908819125,4.19397251082297,"EcM","ORDER",TRUE
0.00161584448889024,0.000151842754630859,0.0113838534469494,79.175942448831,0.507006908819125,4.19397251082297,"EcM","ORDER",TRUE
0.00161584448889024,0.000151842754630859,0.0113838534859996,79.1759420582388,0.507006908810347,4.19397251486356,"EcM","ORDER",TRUE
0.00161584448889024,0.000151842754630859,0.0113838534469494,79.175942448831,0.507006908819125,4.19397251082297,"EcM","ORDER",TRUE
0.00161584448889024,0.000151842754630859,0.0113838534469494,79.175942448831,0.507006908819125,4.19397251082297,"EcM","ORDER",TRUE
0.00161584448889024,0.000151842754630859,0.0113838546001773,79.1759448170836,0.507006908849827,4.19397258827661,"EcM","ORDER",TRUE
0.00161584448889024,0.000151842754630859,0.0113838534859996,79.1759420582388,0.507006908810347,4.19397251486356,"EcM","ORDER",TRUE
0.00161584448889024,0.000151842754630859,0.0113838546001773,79.1759448170836,0.507006908849827,4.19397258827661,"EcM","ORDER",TRUE
0.00161584448889024,0.000151842754630859,0.0113838534859996,79.1759420582388,0.507006908810347,4.19397251486356,"EcM","ORDER",TRUE
0.00161584448889024,0.000151842754630859,0.0113838534859996,79.1759420582388,0.507006908810347,4.19397251486356,"EcM","ORDER",TRUE
0.00161584448889024,0.000151842754630859,0.0113838534469494,79.175942448831,0.507006908819125,4.19397251082297,"EcM","ORDER",TRUE
0.00153842229729436,0.000151842754630859,0.0113838534859996,-0.738783335443645,-0.738783335443645,4.19397251486356,"AM","ORDER",TRUE
0.00153842229729436,0.000151842754630859,0.0113838546001773,-0.738780576598794,-0.738783335404181,4.19397258824844,"AM","ORDER",TRUE
0.00153842229729436,0.000151842754630859,0.0113838546001773,-0.738780576598794,-0.738783335404181,4.19397258824844,"AM","ORDER",TRUE
0.00341835033138537,0.000151842754630859,0.0113838534859996,-45.2680870405804,-1.18583592867384,4.19397251486356,"EcMAM","ORDER",TRUE
0.00341835033138537,0.000151842754630859,0.0113838546001773,-45.2680842817356,-1.18583592863436,4.19397258827661,"EcMAM","ORDER",TRUE
0.00341835033138537,0.000151842754630859,0.0113838546001773,-45.2680842817356,-1.18583592863436,4.19397258827661,"EcMAM","ORDER",TRUE
0.00341835033138537,0.000151842754630859,0.0113838546001773,-45.2680842817356,-1.18583592863436,4.19397258827661,"EcMAM","ORDER",TRUE
0.00341835033138537,0.000151842754630859,0.0113838546001773,-45.2680842817356,-1.18583592863436,4.19397258827661,"EcMAM","ORDER",TRUE
0.00341835033138537,0.000151842754630859,0.0113838534859996,-45.2680870405804,-1.18583592867384,4.19397251486356,"EcMAM","ORDER",TRUE
0.00341835033138537,0.000151842754630859,0.0113838534469494,-45.2680866499882,-1.18583592867273,4.19397251435149,"EcMAM","ORDER",TRUE
0.00341835033138537,0.000151842754630859,0.0113838534859996,-45.2680870405804,-1.18583592867384,4.19397251486356,"EcMAM","ORDER",TRUE
0.00341835033138537,0.000151842754630859,0.0113838534859996,-45.2680870405804,-1.18583592867384,4.19397251486356,"EcMAM","ORDER",TRUE
0.00153842229729436,0.000151842754630859,0.0113838534859996,-0.738783335443645,-0.738783335443645,4.19397251486356,"AM","ORDER",TRUE
0.00153842229729436,0.000151842754630859,0.0113838534859996,-0.738783335443645,-0.738783335443645,4.19397251486356,"AM","ORDER",TRUE
0.00153842229729436,0.000151842754630859,0.0113838534859996,-0.738783335443645,-0.738783335443645,4.19397251486356,"AM","ORDER",TRUE
0.00153842229729436,0.000151842754630859,0.0113838534859996,-0.738783335443645,-0.738783335443645,4.19397251486356,"AM","ORDER",TRUE
0.00153842229729436,0.000151842754630859,0.0113838534859996,-0.738783335443645,-0.738783335443645,4.19397251486356,"AM","ORDER",TRUE
0.00153842229729436,0.000151842754630859,0.0113838534859996,-0.738783335443645,-0.738783335443645,4.19397251486356,"AM","ORDER",TRUE
0.00153842229729436,0.000151842754630859,0.0113838534859996,-0.738783335443645,-0.738783335443645,4.19397251486356,"AM","ORDER",TRUE
0.00153842229729436,0.000151842754630859,0.0113838534859996,-0.738783335443645,-0.738783335443645,4.19397251489389,"AM","ORDER",TRUE
0.00153842229729436,0.000151842754630859,0.0113838534859996,-0.738783335443645,-0.738783335443645,4.19397251489389,"AM","ORDER",TRUE
0.00153842229729436,0.000151842754630859,0.0113838534859996,-0.738783335443645,-0.738783335443645,4.19397251486356,"AM","ORDER",TRUE
0.00153842229729436,0.000151842754630859,0.0113838534859996,-0.738783335443645,-0.738783335443645,4.19397251486356,"AM","ORDER",TRUE
0.00153842229729436,0.000151842754630859,0.0113838534859996,-0.738783335443645,-0.738783335443645,4.19397251486356,"AM","ORDER",TRUE
0.00153842229729436,0.000151842754630859,0.0113838534469494,-0.738782944851365,-0.738783335442533,4.19397251435149,"AM","ORDER",TRUE
0.00153842229729436,0.000151842754630859,0.0113838534469494,-0.738782944851365,-0.738783335442533,4.19397251435149,"AM","ORDER",TRUE
0.00153842229729436,0.000151842754630859,0.0113838534859996,-0.738783335443645,-0.738783335443645,4.19397251486356,"AM","ORDER",TRUE
0.00153842229729436,0.000151842754630859,0.0113838534859996,-0.738783335443645,-0.738783335443645,4.19397261596561,"AM","ORDER",TRUE
0.00161584448889024,0.000151842754630859,0.0113838534859996,79.1759420582388,-0.579818670091682,4.19397261596562,"EcM","ORDER",TRUE
0.00161584448889024,0.000151842754630859,0.0113838534859996,79.1759420582388,-0.579818548988338,4.19397271706766,"EcM","ORDER",TRUE
0.00161584448889024,0.000151842754630859,0.0113838534859996,79.1759420582388,-0.579818548988338,4.19397271706766,"EcM","ORDER",TRUE
0.00161584448889024,0.000151842754630859,0.0113838534859996,79.1759420582388,-0.579818548988338,4.19397271706766,"EcM","ORDER",TRUE
0.00161584448889024,0.000151842754630859,0.0113838534859996,79.1759420582388,-0.579818548988338,4.19397271706766,"EcM","ORDER",TRUE
0.00153842229729436,0.000151842754630859,0.0113838534859996,-0.738783335443645,-0.738783335443645,4.19397261596561,"AM","ORDER",TRUE
0.00153842229729436,0.000151842754630859,0.0113838534859996,-0.738783335443645,-0.738783335443645,4.19397251486356,"AM","ORDER",TRUE
0.00153842229729436,0.000151842754630859,0.0113838534859996,-0.738783335443645,-0.738783335443645,4.19397251486356,"AM","ORDER",TRUE
0.00153842229729436,0.000151842754630859,0.0113838534859996,-0.738783335443645,-0.738783335443645,4.19397251486356,"AM","ORDER",TRUE
0.00153842229729436,0.000151842754630859,0.0113838534859996,-0.738783335443645,-0.738783335443645,4.19397251486356,"AM","ORDER",TRUE
0.00153842229729436,0.000151842754630859,0.0113838534859996,-0.738783335443645,-0.738783335443645,4.19397251486356,"AM","ORDER",TRUE
0.00153842229729436,0.000151842754630859,0.0113838534859996,-0.738783335443645,-0.738783335443645,4.19397251486356,"AM","ORDER",TRUE
0.00153842229729436,0.000151842754630859,0.0113838534859996,-0.738783335443645,-0.738783335443645,4.19397251486356,"AM","ORDER",TRUE
0.00153842229729436,0.000151842754630859,0.0113838534859996,-0.738783335443645,-0.738783335443645,4.19397251486356,"AM","ORDER",TRUE
0.00153842229729436,0.000151842754630859,0.0113838534859996,-0.738783335443645,-0.738783335443645,4.19397251486356,"AM","ORDER",TRUE
0.00153842229729436,0.000151842754630859,0.0113838534859996,-0.738783335443645,-0.738783335443645,4.19397251486356,"AM","ORDER",TRUE
0.00153842229729436,0.000151842754630859,0.0113838534859996,-0.738783335443645,-0.738783335443645,4.19397251486356,"AM","ORDER",TRUE
0.00153842229729436,0.000151842754630859,0.0113838534859996,-0.738783335443645,-0.738783335443645,4.19397251486356,"AM","ORDER",TRUE
0.00153842229729436,0.000151842754630859,0.0113838534859996,-0.738783335443645,-0.738783335443645,4.19397251486356,"AM","ORDER",TRUE
0.00153842229729436,0.000151842754630859,0.0113838534859996,-0.738783335443645,-0.738783335443645,4.19397251486356,"AM","ORDER",TRUE
0.00153842229729436,0.000151842754630859,0.0113838534859996,-0.738783335443645,-0.738783335443645,4.19397251486356,"AM","ORDER",TRUE
0.00153842229729436,0.000151842754630859,0.0113838534859996,-0.738783335443645,-0.738783335443645,4.19397251486356,"AM","ORDER",TRUE
0.00153842229729436,0.000151842754630859,0.0113838534859996,-0.738783335443645,-0.738783335443645,4.19397251486356,"AM","ORDER",TRUE
0.00153842229729436,0.000151842754630859,0.0113838534859996,-0.738783335443645,-0.738783335443645,4.19397251486356,"AM","ORDER",TRUE
0.00153842229729436,0.000151842754630859,0.0113838534859996,-0.738783335443645,-0.738783335443645,4.19397251486356,"AM","ORDER",TRUE
0.00153842229729436,0.000151842754630859,0.0113838534859996,-0.738783335443645,-0.738783335443645,4.19397251486356,"AM","ORDER",TRUE
0.00153842229729436,0.000151842754630859,0.0113838534859996,-0.738783335443645,-0.738783335443645,4.19397251486356,"AM","ORDER",TRUE
0.00153842229729436,0.000151842754630859,0.0113838546001773,-0.738780576598794,-0.738783335432748,4.19397253512675,"AM","ORDER",TRUE
0.00153842229729436,0.000151842754630859,0.0113838534859996,-0.738783335443645,-0.738783335443645,4.19397251486356,"AM","ORDER",TRUE
0.00153842229729436,0.000151842754630859,0.0113838534859996,-0.738783335443645,-0.738783335443645,4.19397251486356,"AM","ORDER",TRUE
0.00153842229729436,0.000151842754630859,0.0113838534859996,-0.738783335443645,-0.738783335443645,4.19397251486356,"AM","ORDER",TRUE
0.00153842229729436,0.000151842754630859,0.0113838534859996,-0.738783335443645,-0.738783335443645,4.19397251486356,"AM","ORDER",TRUE
0.00153842229729436,0.000151842754630859,0.0113838534859996,-0.738783335443645,-0.738783335443645,4.19397251486356,"AM","ORDER",TRUE
0.00153842229729436,0.000151842754630859,0.0113838534859996,-0.738783335443645,-0.738783335443645,4.19397251486356,"AM","ORDER",TRUE
0.00153842229729436,0.000151842754630859,0.0113838534859996,-0.738783335443645,-0.738783335443645,4.19397251486356,"AM","ORDER",TRUE
0.00153842229729436,0.000151842754630859,0.0113838534859996,-0.738783335443645,-0.738783335443645,4.19397251486356,"AM","ORDER",TRUE
0.00153842229729436,0.000151842754630859,0.0113838534859996,-0.738783335443645,-0.738783335443645,4.19397251486356,"AM","ORDER",TRUE
0.00153842229729436,0.000151842754630859,0.0113838534859996,-0.738783335443645,-0.738783335443645,4.19397251486356,"AM","ORDER",TRUE
0.00153842229729436,0.000151842754630859,0.0113838534859996,-0.738783335443645,-0.738783335443645,4.19397251486356,"AM","ORDER",TRUE
0.00153842229729436,0.000151842754630859,0.0113838533499186,-0.738783051369352,-0.738783335440368,4.19397250763627,"AM","ORDER",TRUE
0.00341835033138537,0.000151842754630859,0.0113838534859996,-45.2680870405804,-0.861582497860885,4.19397251486356,"EcMAM","ORDER",TRUE
0.00153842229729436,0.000151842754630859,0.0113838534859996,-0.738783335443645,-0.738783335443645,4.19397251486356,"AM","ORDER",TRUE
0.00153842229729436,0.000151842754630859,0.0113838534859996,-0.738783335443645,-0.738783335443645,4.19397251486356,"AM","ORDER",TRUE
0.00153842229729436,0.000151842754630859,0.0113838534859996,-0.738783335443645,-0.738783335443645,4.19397251486356,"AM","ORDER",TRUE
0.00153842229729436,0.000151842754630859,0.0113838534859996,-0.738783335443645,-0.738783335443645,4.19397251486356,"AM","ORDER",TRUE
0.00153842229729436,0.000151842754630859,0.0113838534859996,-0.738783335443645,-0.738783335443645,4.19397251486356,"AM","ORDER",TRUE
0.00153842229729436,0.000151842754630859,0.0113838534859996,-0.738783335443645,-0.738783335443645,4.19397251486356,"AM","ORDER",TRUE
0.00153842229729436,0.000151842754630859,0.0113838533599597,-0.738783573322386,-0.738783335446533,4.19397250781813,"AM","ORDER",TRUE
0.00153842229729436,0.000151842754630859,0.0113838533599597,-0.738783573322386,-0.738783335446533,4.19397250781813,"AM","ORDER",TRUE
0.00210391309325487,0.000151842754630859,0.0113838534859996,-45.2680870405804,-1.11514280362681,4.19397251486356,"NMAM","ORDER",TRUE
0.00210391309325487,0.000151842754630859,0.0113838534859996,-45.2680870405804,-1.11514280362681,4.19397251486356,"NMAM","ORDER",TRUE
0.00153842229729436,0.000151842754630859,0.0113838534859996,-0.738783335443645,-0.738783335443645,4.19397251486356,"AM","ORDER",TRUE
0.00153842229729436,0.000151842754630859,0.0113838534859996,-0.738783335443645,-0.738783335443645,4.19397251486357,"AM","ORDER",TRUE
0.00153842229729436,0.000151842754630859,0.0113838534859996,-0.738783335443645,-0.738783335443645,4.19397251486357,"AM","ORDER",TRUE
0.00153842229729436,0.000151842754630859,0.0113838534859996,-0.738783335443645,-0.738783335443645,4.19397271706766,"AM","ORDER",TRUE
0.00153842229729436,0.000151842754630859,0.0113838534859996,-0.738783335443645,-0.738783335443645,4.19397261596561,"AM","ORDER",TRUE
0.00153842229729436,0.000151842754630859,0.0113838534859996,-0.738783335443645,-0.738783335443645,4.19397251486358,"AM","ORDER",TRUE
0.00153842229729436,0.000151842754630859,0.0113838534859996,-0.738783335443645,-0.738783335443645,4.19397271706766,"AM","ORDER",TRUE
0.00153842229729436,0.000151842754630859,0.0113838534859996,-0.738783335443645,-0.738783335443645,4.19397251486356,"AM","ORDER",TRUE
0.00153842229729436,0.000151842754630859,0.0113838534859996,-0.738783335443645,-0.738783335443645,4.19397251486356,"AM","ORDER",TRUE
0.2982302103112,0.000151842754630859,0.0113838534859996,-45.1167699750312,-1.09523007453385,4.19397251486358,"NM","ORDER",TRUE
0.00153842229729436,0.000151842754630859,0.0113838533599597,-0.738783573322386,-0.73878333544467,4.1939725123626,"AM","ORDER",TRUE
0.00153842229729436,0.000151842754630859,0.0113838534859996,-0.738783335443645,-0.738783335443645,4.19397251486356,"AM","ORDER",TRUE
0.00210391309325487,0.000151842754630859,0.0113838534859996,-45.2680870405804,-0.872746742747208,4.19397251486356,"NMAM","ORDER",TRUE
0.00153842229729436,0.000151842754630859,0.0113838534859996,-0.738783335443645,-0.738783335443645,4.19397251486356,"AM","ORDER",TRUE
0.00153842229729436,0.000151842754630859,0.0113838534859996,-0.738783335443645,-0.738783335443645,4.19397251486358,"AM","ORDER",TRUE
0.00153842229729436,0.000151842754630859,0.0113838534859996,-0.738783335443645,-0.738783335443645,4.19397251486356,"AM","ORDER",TRUE
0.00153842229729436,0.000151842754630859,0.0113838534859996,-0.738783335443645,-0.738783335443645,4.19397251486356,"AM","ORDER",TRUE
0.00153842229729436,0.000151842754630859,0.0113838534859996,-0.738783335443645,-0.738783335443645,4.19397251486356,"AM","ORDER",TRUE
0.00153842229729436,0.000151842754630859,0.0113838534859996,-0.738783335443645,-0.738783335443645,4.19397251486356,"AM","ORDER",TRUE
0.00153842229729436,0.000151842754630859,0.0113838534859996,-0.738783335443645,-0.738783335443645,4.19397251486356,"AM","ORDER",TRUE
0.00153842229729436,0.000151842754630859,0.0113838534859996,-0.738783335443645,-0.738783335443645,4.19397251486356,"AM","ORDER",TRUE
0.00153842229729436,0.000151842754630859,0.0113838534469494,-0.738782944851365,-0.738783335436498,4.19397251157328,"AM","ORDER",TRUE
0.00153842229729436,0.000151842754630859,0.0113838534859996,-0.738783335443645,-0.738783335443645,4.19397251486356,"AM","ORDER",TRUE
0.00153842229729436,0.000151842754630859,0.0113838534859996,-0.738783335443645,-0.738783335443645,4.19397251486356,"AM","ORDER",TRUE
0.00153842229729436,0.000151842754630859,0.0113838534859996,-0.738783335443645,-0.738783335443645,4.19397251486356,"AM","ORDER",TRUE
0.00153842229729436,0.000151842754630859,0.0113838534859996,-0.738783335443645,-0.738783335443645,4.19397251486356,"AM","ORDER",TRUE
0.00153842229729436,0.000151842754630859,0.0113838534859996,-0.738783335443645,-0.738783335443645,4.19397251486356,"AM","ORDER",TRUE
0.00153842229729436,0.000151842754630859,0.0113838534859996,-0.738783335443645,-0.738783335443645,4.19397251486356,"AM","ORDER",TRUE
0.00153842229729436,0.000151842754630859,0.0113838534859996,-0.738783335443645,-0.738783335443645,4.19397251486358,"AM","ORDER",TRUE
0.00153842229729436,0.000151842754630859,0.0113838534859996,-0.738783335443645,-0.738783335443645,4.19397251486358,"AM","ORDER",TRUE
0.00153842229729436,0.000151842754630859,0.0113838534859996,-0.738783335443645,-0.738783335443645,4.19397251486358,"AM","ORDER",TRUE
0.00153842229729436,0.000151842754630859,0.0113838534859996,-0.738783335443645,-0.738783335443645,4.19397251486356,"AM","ORDER",TRUE
0.00153842229729436,0.000151842754630859,0.0113838533599597,-0.738783573322386,-0.738783335446742,4.19397301281942,"AM","ORDER",TRUE
0.00153842229729436,0.000151842754630859,0.0113838534859996,-0.738783335443645,-0.738783335443645,4.19397362698608,"AM","ORDER",TRUE
0.00153842229729436,0.000151842754630859,0.0113838534859996,-0.738783335443645,-0.738783335443645,4.19397342478199,"AM","ORDER",TRUE
0.00153842229729436,0.000151842754630859,0.0113838534859996,-0.738783335443645,-0.738783335443645,4.19397271706767,"AM","ORDER",TRUE
0.00153842229729436,0.000151842754630859,0.0113838534859996,-0.738783335443645,-0.738783335443645,4.19397352588403,"AM","ORDER",TRUE
0.00153842229729436,0.000151842754630859,0.0113838534859996,-0.738783335443645,-0.738783335443645,4.19397322257788,"AM","ORDER",TRUE
0.00153842229729436,0.000151842754630859,0.0113838534859996,-0.738783335443645,-0.738783335443645,4.19397342478199,"AM","ORDER",TRUE
0.00153842229729436,0.000151842754630859,0.0113838534859996,-0.738783335443645,-0.738783335443645,4.19397281816971,"AM","ORDER",TRUE
0.00153842229729436,0.000151842754630859,0.0113838534859996,-0.738783335443645,-0.738783335443645,4.19397251486356,"AM","ORDER",TRUE
0.00153842229729436,0.000151842754630859,0.0113838534859996,-0.738783335443645,-0.738783335443645,4.19397352588403,"AM","ORDER",TRUE
0.00153842229729436,0.000151842754630859,0.0113838534859996,-0.738783335443645,-0.738783335443645,4.19397291927175,"AM","ORDER",TRUE
0.00153842229729436,0.000151842754630859,0.0113838534859996,-0.738783335443645,-0.738783335443645,4.19397261596561,"AM","ORDER",TRUE
0.00153842229729436,0.000151842754630859,0.0113838534859996,-0.738783335443645,-0.738783335443645,4.19397312147584,"AM","ORDER",TRUE
0.00153842229729436,0.000151842754630859,0.0113838534859996,-0.738783335443645,-0.738783335443645,4.19397352588403,"AM","ORDER",TRUE
0.00153842229729436,0.000151842754630859,0.0113838534859996,-0.738783335443645,-0.738783335443645,4.19397362698606,"AM","ORDER",TRUE
0.00153842229729436,0.000151842754630859,0.0113838534859996,-0.738783335443645,-0.738783335443645,4.19397362698606,"AM","ORDER",TRUE
0.00153842229729436,0.000151842754630859,0.0113838534859996,-0.738783335443645,-0.738783335443645,4.19397362698606,"AM","ORDER",TRUE
0.00153842229729436,0.000151842754630859,0.0113838534469494,-0.738782944851365,-0.738783335436498,4.19397362369578,"AM","ORDER",TRUE
0.00153842229729436,0.000151842754630859,0.0113838534859996,-0.738783335443645,-0.738783335443645,4.19397362698606,"AM","ORDER",TRUE
0.00153842229729436,0.000151842754630859,0.0113838534859996,-0.738783335443645,-0.738783335443645,4.19397362698606,"AM","ORDER",TRUE
0.00153842229729436,0.000151842754630859,0.0113838534859996,-0.738783335443645,-0.738783335443645,4.19397362698606,"AM","ORDER",TRUE
0.00153842229729436,0.000151842754630859,0.0113838534859996,-0.738783335443645,-0.738783335443645,4.19397362698606,"AM","ORDER",TRUE
0.00153842229729436,0.000151842754630859,0.0113838533599597,-0.738783573322386,-0.738783335443897,4.19397362637255,"AM","ORDER",TRUE
0.00153842229729436,0.000151842754630859,0.0113838534859996,-0.738783335443645,-0.738783335443645,4.19397251486356,"AM","ORDER",TRUE
0.00153842229729436,0.000151842754630859,0.0113838534859996,-0.738783335443645,-0.738783335443645,4.19397251486356,"AM","ORDER",TRUE
0.00153842229729436,0.000151842754630859,0.0113838534859996,-0.738783335443645,-0.738783335443645,4.19397251486356,"AM","ORDER",TRUE
0.00153842229729436,0.000151842754630859,0.0113838534859996,-0.738783335443645,-0.738783335443645,4.19397251486356,"AM","ORDER",TRUE
0.00153842229729436,0.000151842754630859,0.0113838534859996,-0.738783335443645,-0.738783335443645,4.19397251486356,"AM","ORDER",TRUE
0.00153842229729436,0.000151842754630859,0.0113838534859996,-0.738783335443645,-0.738783335443705,4.19397251471838,"AM","ORDER",TRUE
0.00153842229729436,0.000151842754630859,0.0113838534859996,-0.738783335443645,-0.738783335443645,4.19397261596561,"AM","ORDER",TRUE
0.00153842229729436,0.000151842754630859,0.0113838534859996,-0.738783335443645,-0.738783335443645,4.19397261596561,"AM","ORDER",TRUE
0.00153842229729436,0.000151842754630859,0.0113838534859996,-0.738783335443645,-0.738783335443645,4.19397251486356,"AM","ORDER",TRUE
0.00153842229729436,0.000151842754630859,0.0113838534859996,-0.738783335443645,-0.738783335443645,4.19397251486356,"AM","ORDER",TRUE
0.00153842229729436,0.000151842754630859,0.0113838534859996,-0.738783335443645,-0.738783335443645,4.19397251486356,"AM","ORDER",TRUE
0.00210391309325487,0.000151842754630859,0.0113838534859996,-45.2680870405804,-0.771683230522881,4.19397251486356,"NMAM","ORDER",TRUE
0.00153842229729436,0.000151842754630859,0.0113838534859996,-0.738783335443645,-0.738783335443645,4.19397251486356,"AM","ORDER",TRUE
0.00153842229729436,0.000151842754630859,0.0113838534859996,-0.738783335443645,-0.738783335443645,4.19397251486356,"AM","ORDER",TRUE
0.00153842229729436,0.000151842754630859,0.0113838534859996,-0.738783335443645,-0.738783335443645,4.19397251486356,"AM","ORDER",TRUE
0.00153842229729436,0.000151842754630859,0.0113838534859996,-0.738783335443645,-0.738783335443645,4.19397251486356,"AM","ORDER",TRUE
0.00153842229729436,0.000151842754630859,0.0113838534859996,-0.738783335443645,-0.738783335443645,4.19397251486356,"AM","ORDER",TRUE
0.00153842229729436,0.000151842754630859,0.0113838534859996,-0.738783335443645,-0.738783335443645,4.19397251486356,"AM","ORDER",TRUE
0.00153842229729436,0.000151842754630859,0.0113838534859996,-0.738783335443645,-0.738783335443645,4.19397251486356,"AM","ORDER",TRUE
0.00153842229729436,0.000151842754630859,0.0113838534859996,-0.738783335443645,-0.738783335443645,4.19397251486356,"AM","ORDER",TRUE
0.00153842229729436,0.000151842754630859,0.0113838534859996,-0.738783335443645,-0.738783335443645,4.19397251486356,"AM","ORDER",TRUE
0.00153842229729436,0.000151842754630859,0.0113838534859996,-0.738783335443645,-0.738783335443645,4.19397251486356,"AM","ORDER",TRUE
0.00153842229729436,0.000151842754630859,0.0113838534859996,-0.738783335443645,-0.738783335443645,4.19397251486356,"AM","ORDER",TRUE
0.00153842229729436,0.000151842754630859,0.0113838534859996,-0.738783335443645,-0.738783335443645,4.19397251486356,"AM","ORDER",TRUE
0.00153842229729436,0.000151842754630859,0.0113838534469494,-0.738782944851365,-0.738783335436498,4.19397251157328,"AM","ORDER",TRUE
0.00153842229729436,0.000151842754630859,0.0113838534859996,-0.738783335443645,-0.738783335443645,4.19397251486356,"AM","ORDER",TRUE
0.00153842229729436,0.000151842754630859,0.0113838534859996,-0.738783335443645,-0.738783335443645,4.19397251486356,"AM","ORDER",TRUE
0.00153842229729436,0.000151842754630859,0.0113838534859996,-0.738783335443645,-0.738783335443645,4.19397251486356,"AM","ORDER",TRUE
0.00153842229729436,0.000151842754630859,0.0113838534859996,-0.738783335443645,-0.738783335443645,4.19397251486356,"AM","ORDER",TRUE
0.00153842229729436,0.000151842754630859,0.0113838534859996,-0.738783335443645,-0.738783335443645,4.19397251486356,"AM","ORDER",TRUE
0.00153842229729436,0.000151842754630859,0.0113838534859996,-0.738783335443645,-0.738783335443645,4.19397251486356,"AM","ORDER",TRUE
0.00153842229729436,0.000151842754630859,0.0113838534859996,-0.738783335443645,-0.738783335443645,4.19397251486356,"AM","ORDER",TRUE
0.00153842229729436,0.000151842754630859,0.0113838534859996,-0.738783335443645,-0.723700789048311,4.19397251486356,"AM","ORDER",TRUE
0.00153842229729436,0.000151842754630859,0.0113838534859996,-0.738783335443645,-0.723700789048311,4.19397251486356,"AM","ORDER",TRUE
0.00153842229729436,0.000151842754630859,0.0113838534859996,-0.738783335443645,-0.723700789048311,4.19397251486356,"AM","ORDER",TRUE
0.00153842229729436,0.000151842754630859,0.0113838534859996,-0.738783335443645,-0.723700789048311,4.19397251486356,"AM","ORDER",TRUE
0.00153842229729436,0.000151842754630859,0.0113838534859996,-0.738783335443645,-0.723700789048311,4.19397251486356,"AM","ORDER",TRUE
0.00153842229729436,0.000151842754630859,0.0113838534859996,-0.738783335443645,-0.723700789048311,4.19397251486356,"AM","ORDER",TRUE
0.00153842229729436,0.000151842754630859,0.0113838534469494,-0.738782944851365,-0.723700789041163,4.19397251157328,"AM","ORDER",TRUE
0.00153842229729436,0.000151842754630859,0.0113838534859996,-0.738783335443645,-0.723700789048311,4.19397251486356,"AM","ORDER",TRUE
0.00153842229729436,0.000151842754630859,0.0113838534859996,-0.738783335443645,-0.723700789071212,4.19397261596561,"AM","ORDER",TRUE
0.00153842229729436,0.000151842754630859,0.0113838534859996,-0.738783335443645,-0.723700789071212,4.19397261596561,"AM","ORDER",TRUE
0.00153842229729436,0.000151842754630859,0.0113838534469494,-0.738782944851365,-0.723700789064065,4.19397261267533,"AM","ORDER",TRUE
0.00153842229729436,0.000151842754630859,0.0113838534469494,-0.738782944851365,-0.723700789064065,4.19397261267533,"AM","ORDER",TRUE
0.00153842229729436,0.000151842754630859,0.0113838534859996,-0.738783335443645,-0.723700789071212,4.19397261596561,"AM","ORDER",TRUE
0.00153842229729436,0.000151842754630859,0.0113838534859996,-0.738783335443645,-0.723700789071212,4.19397261596561,"AM","ORDER",TRUE
0.00153842229729436,0.000151842754630859,0.0113838534859996,-0.738783335443645,-0.723700789071212,4.19397261596561,"AM","ORDER",TRUE
0.00153842229729436,0.000151842754630859,0.0113838534859996,-0.738783335443645,-0.723700789071212,4.19397261596561,"AM","ORDER",TRUE
0.00153842229729436,0.000151842754630859,0.0113838534859996,-0.738783335443645,-0.723700789071212,4.19397261596561,"AM","ORDER",TRUE
0.00153842229729436,0.000151842754630859,0.0113838534859996,-0.738783335443645,-0.723700789071212,4.19397261596561,"AM","ORDER",TRUE
0.00153842229729436,0.000151842754630859,0.0113838534859996,-0.738783335443645,-0.723700789071212,4.19397261596561,"AM","ORDER",TRUE
0.00153842229729436,0.000151842754630859,0.0113838534859996,-0.738783335443645,-0.723700789071212,4.19397261596561,"AM","ORDER",TRUE
0.00153842229729436,0.000151842754630859,0.0113838534859996,-0.738783335443645,-0.723700789071212,4.19397261596561,"AM","ORDER",TRUE
0.00153842229729436,0.000151842754630859,0.0113838534469494,-0.738782944851365,-0.723700789041163,4.19397251157328,"AM","ORDER",TRUE
0.00153842229729436,0.000151842754630859,0.0113838534469494,-0.738782944851365,-0.723700789041163,4.19397251157328,"AM","ORDER",TRUE
0.00153842229729436,0.000151842754630859,0.0113838534469494,-0.738782944851365,-0.723700789041163,4.19397251157328,"AM","ORDER",TRUE
0.00153842229729436,0.000151842754630859,0.0113838534469494,-0.738782944851365,-0.723700789041163,4.19397251157328,"AM","ORDER",TRUE
0.00153842229729436,0.000151842754630859,0.0113838534469494,-0.738782944851365,-0.723700789041163,4.19397251157328,"AM","ORDER",TRUE
0.00153842229729436,0.000151842754630859,0.0113838534859996,-0.738783335443645,-0.723700789048311,4.19397251486357,"AM","ORDER",TRUE
0.00161584448889024,0.000151842754630859,0.0113838534469494,79.175942448831,0.297341653309455,4.19397251157328,"EcM","ORDER",TRUE
0.00161584448889024,0.000151842754630859,0.0113838534469494,79.175942448831,0.297341653309455,4.19397251157328,"EcM","ORDER",TRUE
0.00161584448889024,0.000151842754630859,0.0113838534469494,79.175942448831,0.297341653309455,4.19397251157328,"EcM","ORDER",TRUE
0.00161584448889024,0.000151842754630859,0.0113838534469494,79.175942448831,0.297341653309455,4.19397251157328,"EcM","ORDER",TRUE
0.00161584448889024,0.000151842754630859,0.0113838534469494,79.175942448831,0.297341653309455,4.19397251157328,"EcM","ORDER",TRUE
0.00161584448889024,0.000151842754630859,0.0113838534859996,79.1759420582388,0.297341653302308,4.19397251486356,"EcM","ORDER",TRUE
0.00161584448889024,0.000151842754630859,0.0113838534859996,79.1759420582388,0.297341653302308,4.19397251486356,"EcM","ORDER",TRUE
0.00161584448889024,0.000151842754630859,0.0113838534469494,79.175942448831,0.297341653309455,4.19397251157328,"EcM","ORDER",TRUE
0.00161584448889024,0.000151842754630859,0.0113838534469494,79.175942448831,0.297341653309455,4.19397251157328,"EcM","ORDER",TRUE
0.00161584448889024,0.000151842754630859,0.0113838534859996,79.1759420582388,0.297341653302308,4.19397251486356,"EcM","ORDER",TRUE
0.00161584448889024,0.000151842754630859,0.0113838534469494,79.175942448831,0.297341653309455,4.19397251157328,"EcM","ORDER",TRUE
0.00161584448889024,0.000151842754630859,0.0113838534469494,79.175942448831,0.297341653309455,4.19397251157328,"EcM","ORDER",TRUE
0.00161584448889024,0.000151842754630859,0.0113838534859996,79.1759420582388,0.297341653302248,4.19397251471838,"EcM","ORDER",TRUE
0.00161584448889024,0.000151842754630859,0.0113838534859996,79.1759420582388,0.297341653302308,4.19397251486356,"EcM","ORDER",TRUE
0.00161584448889024,0.000151842754630859,0.0113838534859996,79.1759420582388,0.297341653302308,4.19397251486356,"EcM","ORDER",TRUE
0.00161584448889024,0.000151842754630859,0.0113838534859996,79.1759420582388,0.297341653302308,4.19397251486356,"EcM","ORDER",TRUE
0.00161584448889024,0.000151842754630859,0.0113838534859996,79.1759420582388,0.297341653302308,4.19397251486356,"EcM","ORDER",TRUE
0.00161584448889024,0.000151842754630859,0.0113838534859996,79.1759420582388,0.297341653302308,4.19397251486356,"EcM","ORDER",TRUE
0.00161584448889024,0.000151842754630859,0.0113838534859996,79.1759420582388,0.297341653302308,4.19397251486356,"EcM","ORDER",TRUE
0.00161584448889024,0.000151842754630859,0.0113838534859996,79.1759420582388,0.297341653302308,4.19397251486356,"EcM","ORDER",TRUE
0.00153842229729436,0.000151842754630859,0.0113838534859996,-0.738783335443645,-0.738783335443645,4.19397251486356,"AM","ORDER",TRUE
0.00153842229729436,0.000151842754630859,0.0113838534859996,-0.738783335443645,-0.738783335443645,4.19397251486356,"AM","ORDER",TRUE
0.00153842229729436,0.000151842754630859,0.0113838534859996,-0.738783335443645,-0.738783335443645,4.19397251486356,"AM","ORDER",TRUE
0.00153842229729436,0.000151842754630859,0.0113838534859996,-0.738783335443645,-0.738783335443705,4.19397251471838,"AM","ORDER",TRUE
0.00153842229729436,0.000151842754630859,0.0113838534859996,-0.738783335443645,-0.738783335443705,4.19397251471838,"AM","ORDER",TRUE
0.00153842229729436,0.000151842754630859,0.0113838534859996,-0.738783335443645,-0.738783335443705,4.19397251471838,"AM","ORDER",TRUE
0.00153842229729436,0.000151842754630859,0.0113838534859996,-0.738783335443645,-0.738783335443705,4.19397251471838,"AM","ORDER",TRUE
0.00153842229729436,0.000151842754630859,0.0113838534469494,-0.738782944851365,-0.738783335434868,4.19397251082297,"AM","ORDER",TRUE
0.00153842229729436,0.000151842754630859,0.0113838534859996,-0.738783335443645,-0.738783335443705,4.19397250460817,"AM","ORDER",TRUE
0.00153842229729436,0.000151842754630859,0.0113838534859996,-0.738783335443645,-0.738783335443705,4.19397251471838,"AM","ORDER",TRUE
0.00153842229729436,0.000151842754630859,0.0113838534859996,-0.738783335443645,-0.738783335443705,4.19397252482858,"AM","ORDER",TRUE
0.00153842229729436,0.000151842754630859,0.0113838534859996,-0.738783335443645,-0.738783335443705,4.19397252482858,"AM","ORDER",TRUE
0.00153842229729436,0.000151842754630859,0.0113838533599597,-0.738783573322386,-0.738783335456011,4.19397258579796,"AM","ORDER",TRUE
0.00153842229729436,0.000151842754630859,0.0113838533599597,-0.738783573322386,-0.738783335456011,4.19397258579796,"AM","ORDER",TRUE
0.00153842229729436,0.000151842754630859,0.0113838534859996,-0.738783335443645,-0.738783335443645,4.19397251486356,"AM","ORDER",TRUE
0.00153842229729436,0.000151842754630859,0.0113838534859996,-0.738783335443645,-0.738783335443645,4.19397252497377,"AM","ORDER",TRUE
0.00153842229729436,0.000151842754630859,0.0113838534859996,-0.738783335443645,-0.738783335443705,4.19397250460817,"AM","ORDER",TRUE
0.00153842229729436,0.000151842754630859,0.0113838534859996,-0.738783335443645,-0.738783335443705,4.19397251471838,"AM","ORDER",TRUE
0.00153842229729436,0.000151842754630859,0.0113838534859996,-0.738783335443645,-0.738783335443705,4.19397251471838,"AM","ORDER",TRUE
0.00153842229729436,0.000151842754630859,0.0113838534859996,-0.738783335443645,-0.738783335443645,4.19397251486356,"AM","ORDER",TRUE
0.00153842229729436,0.000151842754630859,0.0113838534859996,-0.738783335443645,-0.738783335443645,4.19397250475336,"AM","ORDER",TRUE
0.00153842229729436,0.000151842754630859,0.0113838534859996,-0.738783335443645,-0.738783335443645,4.19397251486357,"AM","ORDER",TRUE
0.00210391309325487,0.000151842754630859,0.0113838534859996,-45.2680870405804,-1.55266705507539,4.19397250475336,"NMAM","ORDER",TRUE
0.00210391309325487,0.000151842754630859,0.0113838534859996,-45.2680870405804,-1.55266705507539,4.19397250475336,"NMAM","ORDER",TRUE
0.00124630274682089,6.55749840017601e-05,0.0105640827391236,-0.968038398190722,-0.968038398190721,4.02345157769072,"AM","ORDER",FALSE
0.00124630274682089,6.55749840017601e-05,0.0105640827391236,-0.968038398190722,-0.968038398190721,4.02345157769072,"AM","ORDER",FALSE
0.00124630274682089,6.55749840017601e-05,0.0105640827391236,-0.968038398190722,-0.968038398190721,4.02345157769072,"AM","ORDER",FALSE
0.00124630279670813,6.55749840017601e-05,0.0105640827391236,-0.968037998525644,-0.968038398190721,4.02345157769072,"AM","ORDER",FALSE
0.00124630274682089,6.55749840017601e-05,0.0105640827391236,-0.968038398190722,-0.968038398190721,4.02345157769072,"AM","ORDER",FALSE
0.00124630274682089,6.55749840017601e-05,0.0105640827391236,-0.968038398190722,-0.968038398190721,4.02345157769072,"AM","ORDER",FALSE
0.00124630274682089,6.55749840017601e-05,0.0105640827391236,-0.968038398190722,-0.968038398190721,4.02345157769072,"AM","ORDER",FALSE
0.00124630274682089,6.55749840017601e-05,0.0105640827391236,-0.968038398190722,-0.968038398190721,4.02345157769072,"AM","ORDER",FALSE
0.00124630274682089,6.55749840017601e-05,0.0105640827391236,-0.968038398190722,-0.968038398190721,4.02345167805479,"AM","ORDER",FALSE
0.0012463027468245,6.55749840017601e-05,0.0105640827391236,-0.968038398161759,-0.968038398190721,4.02345156765431,"AM","ORDER",FALSE
0.00124630274682089,6.55749840017601e-05,0.0105640827391236,-0.968038398190722,-0.968038398190721,4.02345167805479,"AM","ORDER",FALSE
0.0012463027691311,6.55749840017601e-05,0.0105640827391236,-0.968038219455349,-0.968038398190721,4.02345156765431,"AM","ORDER",FALSE
0.00124630274682089,6.55749840017601e-05,0.0105640827391236,-0.968038398190722,-0.968038398190721,4.02345157769072,"AM","ORDER",FALSE
0.00124630274682089,6.55749840017601e-05,0.0105640827391236,-0.968038398190722,-0.968038398190721,4.02345167805479,"AM","ORDER",FALSE
0.00124630274694166,6.55749840017601e-05,0.0105640827391236,-0.968038397223203,-0.968038398190721,4.02345167805479,"AM","ORDER",FALSE
0.00124630320331518,6.55749840017601e-05,0.0105640827391236,-0.968034741046671,-0.968038398190721,4.02345156765431,"AM","ORDER",FALSE
0.00124630274682089,6.55749840017601e-05,0.0105640827391236,-0.968038398190722,-0.968038398190721,4.02345157769072,"AM","ORDER",FALSE
0.00124630274682089,6.55749840017601e-05,0.0105640827391236,-0.968038398190722,-0.968038398190721,4.02345157769072,"AM","ORDER",FALSE
0.0470099864326056,6.55749840017601e-05,0.0105640827391236,365.661697231922,-0.358464115244399,4.02345157769072,"AM","ORDER",FALSE
0.00124630274682089,6.55749840017601e-05,0.0105640827391236,-0.968038398190722,-0.968038398190721,4.02345157769072,"AM","ORDER",FALSE
0.00124630288450397,6.55749840017601e-05,0.0105640827391236,-0.968037295160824,-0.968038398190721,4.02345156765431,"AM","ORDER",FALSE
0.00124630274690047,6.55749840017601e-05,0.0105640827391236,-0.968038397553157,-0.968038398190721,4.02345157769072,"AM","ORDER",FALSE
0.00124630274682089,6.55749840017601e-05,0.0105640827391236,-0.968038398190722,-0.968038398190721,4.02345157769072,"AM","ORDER",FALSE
0.00124630615292721,6.55749840017601e-05,0.0105640827391236,-0.968011110617688,-0.968038398190721,4.02345157769072,"NMAM","ORDER",FALSE
0.00124630293044164,6.55749840017601e-05,0.0105640827391236,-0.968036927137229,-0.968038398190721,4.02345157769072,"AM","ORDER",FALSE
0.00124630274682089,6.55749840017601e-05,0.0105640827391236,-0.968038398190722,-0.968038398190721,4.02345157769072,"AM","ORDER",FALSE
0.00124630274682089,6.55749840017601e-05,0.0105640827391236,-0.968038398190722,-0.968038398190721,4.02345157769072,"AM","ORDER",FALSE
0.00124630274682089,6.55749840017601e-05,0.0105640827391236,-0.968038398190722,-0.968038398190721,4.02345157769072,"AM","ORDER",FALSE
0.00124630276698253,6.55749840017601e-05,0.0105640827391236,-0.968038236668351,-0.968038398190721,4.02345167805479,"AM","ORDER",FALSE
0.0012463030696822,6.55749840017601e-05,0.0105640827391236,-0.968035811629735,-0.968038398190721,4.02345167805479,"AM","ORDER",FALSE
0.00124630274682089,6.55749840017601e-05,0.0105640827391236,-0.968038398190722,-0.968038398190721,4.02345167805479,"AM","ORDER",FALSE
0.00124630274682089,6.55749840017601e-05,0.0105640827391236,-0.968038398190722,-0.968038398190721,4.02345157769072,"AM","ORDER",FALSE
0.00124630274682089,6.55749840017601e-05,0.0105640827391236,-0.968038398190722,-0.968038398190721,4.02345157769072,"AM","ORDER",FALSE
0.00124630274682089,6.55749840017601e-05,0.0105640827391236,-0.968038398190722,-0.968038398190721,4.02345157769072,"AM","ORDER",FALSE
0.00124630274682089,6.55749840017601e-05,0.0105640827391236,-0.968038398190722,-0.968038398190721,4.02345157769072,"AM","ORDER",FALSE
0.00124630274682089,6.55749840017601e-05,0.0105640827391236,-0.968038398190722,-0.968038398190721,4.02345157769072,"AM","ORDER",FALSE
0.00124630274682089,6.55749840017601e-05,0.0105640827391236,-0.968038398190722,-0.968038398190721,4.02345157769072,"NMAM","ORDER",FALSE
0.00124630274690333,6.55749840017601e-05,0.0105640827391236,-0.968038397530216,-0.968038398190721,4.02345157769072,"AM","ORDER",FALSE
0.00124630274682089,6.55749840017601e-05,0.0105640827391236,-0.968038398190722,-0.968038398190721,4.02345167805479,"AM","ORDER",FALSE
0.00124630785287042,6.55749840017601e-05,0.0105640827391236,-0.967997491746164,-0.968038398190721,4.02345157769072,"AM","ORDER",FALSE
0.00124630337294759,6.55749840017601e-05,0.0105640827391236,-0.968033382058968,-0.968038398190721,4.02345157769072,"AM","ORDER",FALSE
0.00124630274682089,6.55749840017601e-05,0.0105640827391236,-0.968038398190722,-0.968038398190721,4.02345157769072,"AM","ORDER",FALSE
0.00124630274682089,6.55749840017601e-05,0.0105640827391236,-0.968038398190722,-0.968038398190721,4.02345157769072,"AM","ORDER",FALSE
0.00124630274811048,6.55749840017601e-05,0.0105640827391236,-0.968038387859331,-0.968038398190721,4.02345157769072,"AM","ORDER",FALSE
0.00124630274811048,6.55749840017601e-05,0.0105640827391236,-0.968038387859331,-0.968038398190721,4.02345157769072,"AM","ORDER",FALSE
0.00124630275716907,6.55749840017601e-05,0.0105640827391236,-0.968038315287634,-0.968038398190721,4.02345157769072,"AM","ORDER",FALSE
0.00124630275716907,6.55749840017601e-05,0.0105640827391236,-0.968038315287634,-0.968038398190721,4.02345157769072,"AM","ORDER",FALSE
0.0012463029303872,6.55749840017601e-05,0.0105640827391236,-0.968036927573366,-0.968038398190721,4.02345157769072,"ErM","ORDER",FALSE
0.00124630274682116,6.55749840017601e-05,0.0105640827391236,-0.968038398188545,-0.968038398190721,4.02345157769072,"ErM","ORDER",FALSE
0.00124630275033864,6.55749840017601e-05,0.0105640827391236,-0.968038370008717,-0.968038398190721,4.02345157769072,"ErM","ORDER",FALSE
0.00124630274682089,6.55749840017601e-05,0.0105640827391236,-0.968038398190722,-0.968038398190721,4.02345157769072,"AM","ORDER",FALSE
0.00124630275158995,6.55749840017601e-05,0.0105640827391236,-0.968038359983978,-0.968038398190721,4.02345157769072,"AM","ORDER",FALSE
0.00124630275158995,6.55749840017601e-05,0.0105640827391236,-0.968038359983978,-0.968038398190721,4.02345157769072,"AM","ORDER",FALSE
0.00124630274682089,6.55749840017601e-05,0.0105640827391236,-0.968038398190722,-0.968038398190721,4.02345157769072,"AM","ORDER",FALSE
0.00124630274682089,6.55749840017601e-05,0.0105640827391236,-0.968038398190722,-0.968038398190721,4.02345157769072,"AM","ORDER",FALSE
0.00124630274687533,6.55749840017601e-05,0.0105640827391236,-0.968038397754585,-0.968038398190721,4.02345157769072,"AM","ORDER",FALSE
0.00124630274682089,6.55749840017601e-05,0.0105640827391236,-0.968038398190722,-0.968038398190721,4.02345157769072,"AM","ORDER",FALSE
0.00124630284574361,6.55749840017601e-05,0.0105640827391236,-0.9680376056843,-0.968038398190721,4.02345157769072,"AM","ORDER",FALSE
0.00124630286331056,6.55749840017601e-05,0.0105640827391236,-0.968037464949011,-0.968038398190721,4.02345157769072,"AM","ORDER",FALSE
0.00124630274682089,6.55749840017601e-05,0.0105640827391236,-0.968038398190722,-0.968038398190721,4.02345157769072,"AM","ORDER",FALSE
0.00124630285425477,6.55749840017601e-05,0.0105640827391236,-0.968037537498271,-0.968038398190721,4.02345157769072,"AM","ORDER",FALSE
0.00124630274811048,6.55749840017601e-05,0.0105640827391236,-0.968038387859331,-0.968038398190721,4.02345157769072,"AM","ORDER",FALSE
0.00124630274682089,6.55749840017601e-05,0.0105640827391236,-0.968038398190722,-0.968038398190721,4.02345157769072,"AM","ORDER",FALSE
0.00124630274682089,6.55749840017601e-05,0.0105640827391236,-0.968038398190722,-0.968038398190721,4.02345157769072,"AM","ORDER",FALSE
0.00124630274682089,6.55749840017601e-05,0.0105640827391236,-0.968038398190722,-0.968038398190721,4.02345157769072,"AM","ORDER",FALSE
0.00124630274682089,6.55749840017601e-05,0.0105640827391236,-0.968038398190722,-0.968038398190721,4.02345157769072,"AM","ORDER",FALSE
0.00124630274682089,6.55749840017601e-05,0.0105640827391236,-0.968038398190722,-0.968038398190721,4.02345157769072,"AM","ORDER",FALSE
0.00124630284609313,6.55749840017601e-05,0.0105640827391236,-0.96803760288416,-0.968038398190721,4.02345157769072,"AM","ORDER",FALSE
0.00124630274682089,6.55749840017601e-05,0.0105640827391236,-0.968038398190722,-0.968038398190721,4.02345157769072,"AM","ORDER",FALSE
0.0012463027468245,6.55749840017601e-05,0.0105640827391236,-0.968038398161759,-0.968038398190721,4.02345157769072,"AM","ORDER",FALSE
0.0012463027468245,6.55749840017601e-05,0.0105640827391236,-0.968038398161759,-0.968038398190721,4.02345157769072,"AM","ORDER",FALSE
0.00124630274682089,6.55749840017601e-05,0.0105640827391236,-0.968038398190722,-0.968038398190721,4.02345157769072,"AM","ORDER",FALSE
0.00124630274682089,6.55749840017601e-05,0.0105640827391236,-0.968038398190722,-0.968038398190721,4.02345157769072,"AM","ORDER",FALSE
0.00124630274693081,6.55749840017601e-05,0.0105640827391236,-0.968038397310058,-0.968038398190721,4.02345157769072,"AM","ORDER",FALSE
0.00124630274682089,6.55749840017601e-05,0.0105640827391236,-0.968038398190722,-0.968038398190721,4.02345157769072,"AM","ORDER",FALSE
0.00124630274682089,6.55749840017601e-05,0.0105640827391236,-0.968038398190722,-0.968038398190721,4.02345157769072,"AM","ORDER",FALSE
0.00124630287604451,6.55749840017601e-05,0.0105640827391236,-0.968037362932646,-0.968038398190721,4.02345157769072,"AM","ORDER",FALSE
0.00124630287604451,6.55749840017601e-05,0.0105640827391236,-0.968037362932646,-0.968038398190721,4.02345157769072,"AM","ORDER",FALSE
0.00124630290551808,6.55749840017601e-05,0.0105640827391236,-0.968037126809,-0.968038398190721,4.02345177841887,"NMAM","ORDER",FALSE
0.0012463045517441,6.55749840017601e-05,0.0105640827391236,-0.968023938285703,-0.968038398190721,4.02345157769072,"AM","ORDER",FALSE
0.00124630274682089,6.55749840017601e-05,0.0105640827391236,-0.968038398190722,-0.968038398190721,4.02345157769072,"AM","ORDER",FALSE
0.00124630274682089,6.55749840017601e-05,0.0105640827391236,-0.968038398190722,-0.968038398190721,4.02345157769072,"AM","ORDER",FALSE
0.00124630408594542,6.55749840017601e-05,0.0105640827391236,-0.968027669970585,-0.968038398190721,4.02345157769072,"AM","ORDER",FALSE
0.00124630274811048,6.55749840017601e-05,0.0105640827391236,-0.968038387859331,-0.968038398190721,4.02345157769072,"AM","ORDER",FALSE
0.00124630291632568,6.55749840017601e-05,0.0105640827391236,-0.968037040225388,-0.968038398190721,4.02345157769072,"EcMAM","ORDER",FALSE
0.00124630291632568,6.55749840017601e-05,0.0105640827391236,-0.968037040225388,-0.968038398190721,4.02345157769072,"EcMAM","ORDER",FALSE
0.0012463030486318,6.55749840017601e-05,0.0105640827391236,-0.96803598027227,-0.968038398190721,4.02345157769072,"EcMAM","ORDER",FALSE
0.0012463028912393,6.55749840017601e-05,0.0105640827391236,-0.968037241201567,-0.968038398190721,4.02345157769072,"AM","ORDER",FALSE
0.00124630289085522,6.55749840017601e-05,0.0105640827391236,-0.968037244278576,-0.968038398190721,4.02345157769072,"AM","ORDER",FALSE
0.00124630274682089,6.55749840017601e-05,0.0105640827391236,-0.968038398190721,-0.968038398190721,4.02345157769072,"AM","ORDER",FALSE
0.00124630274873235,6.55749840017601e-05,0.0105640827391236,-0.968038382877272,-0.968038398190721,4.02345157769072,"AM","ORDER",FALSE
0.00124630285919431,6.55749840017601e-05,0.0105640827391236,-0.968037497925841,-0.968038398190721,4.02345157769072,"AM","ORDER",FALSE
0.00124630285919431,6.55749840017601e-05,0.0105640827391236,-0.968037497925841,-0.968038398190721,4.02345157769072,"AM","ORDER",FALSE
0.00124630343772221,6.55749840017601e-05,0.0105640827391236,-0.968032863125628,-0.968038398190721,4.02345157769072,"AM","ORDER",FALSE
0.00124630274682089,6.55749840017601e-05,0.0105640827391236,-0.968038398190722,-0.968038398190721,4.02345157769072,"AM","ORDER",FALSE
0.00124630274682089,6.55749840017601e-05,0.0105640827391236,-0.968038398190722,-0.968038398190721,4.02345157769072,"AM","ORDER",FALSE
0.00124630274687058,6.55749840017601e-05,0.0105640827391236,-0.968038397792592,-0.968038398190721,4.02345157769072,"AM","ORDER",FALSE
0.00124630274682089,6.55749840017601e-05,0.0105640827391236,-0.968038398190722,-0.968038398190721,4.02345157769072,"AM","ORDER",FALSE
0.0012463031166273,6.55749840017601e-05,0.0105640827391236,-0.968035435535252,-0.968038398190721,4.02345157769072,"AM","ORDER",FALSE
0.00124630333869836,6.55749840017601e-05,0.0105640827391236,-0.96803365644212,-0.968038398190721,4.02345158772713,"AM","ORDER",FALSE
0.0012463029426185,6.55749840017601e-05,0.0105640827391236,-0.968036829583909,-0.968038398190721,4.02345157769072,"AM","ORDER",FALSE
0.00124630274682089,6.55749840017601e-05,0.0105640827391236,-0.968038398190722,-0.968038398190721,4.02345167805479,"AM","ORDER",FALSE
0.00124630274682089,6.55749840017601e-05,0.0105640827391236,-0.968038398190722,-0.968038398190721,4.02345167805479,"AM","ORDER",FALSE
0.00124630274682089,6.55749840017601e-05,0.0105640827391236,-0.968038398190722,-0.968038398190721,4.02345157769072,"AM","ORDER",FALSE
0.00124630274682089,6.55749840017601e-05,0.0105640827391236,-0.968038398190722,-0.968038398190721,4.02345167805479,"AM","ORDER",FALSE
0.00124630274682089,6.55749840017601e-05,0.0105640827391236,-0.968038398190722,-0.968038398190721,4.02345167805479,"AM","ORDER",FALSE
0.0012463028912393,6.55749840017601e-05,0.0105640827391236,-0.968037241201567,-0.968038398190721,4.02345157769072,"AM","ORDER",FALSE
0.00124630274682089,6.55749840017601e-05,0.0105640827391236,-0.968038398190722,-0.968038398190721,4.02345167805479,"AM","ORDER",FALSE
0.00124630274682089,6.55749840017601e-05,0.0105640827391236,-0.968038398190722,-0.968038398190721,4.02345167805479,"AM","ORDER",FALSE
0.00124630274682089,6.55749840017601e-05,0.0105640827391236,-0.968038398190722,-0.968038398190721,4.02345167805479,"AM","ORDER",FALSE
0.00124630284695602,6.55749840017601e-05,0.0105640827391236,-0.96803759597131,-0.968038398190721,4.02345167805479,"AM","ORDER",FALSE
0.00124630274682089,6.55749840017601e-05,0.0105640827391236,-0.968038398190722,-0.968038398190721,4.02345157769072,"AM","ORDER",FALSE
0.00124630274682089,6.55749840017601e-05,0.0105640827391236,-0.968038398190716,-0.968038398190721,4.02345157769072,"AM","ORDER",FALSE
0.00124630274682089,6.55749840017601e-05,0.0105640827391236,-0.968038398190722,-0.968038398190721,4.02345157769072,"AM","ORDER",FALSE
0.00124630274682089,6.55749840017601e-05,0.0105640827391236,-0.968038398190722,-0.968038398190721,4.02345157769072,"AM","ORDER",FALSE
0.00124630274682089,6.55749840017601e-05,0.0105640827391236,-0.968038398190721,-0.968038398190721,4.02345157769072,"AM","ORDER",FALSE
0.00124630274769937,6.55749840017601e-05,0.0105640827391236,-0.968038391152868,-0.968038398190721,4.02345157769072,"AM","ORDER",FALSE
0.00124630274682089,6.55749840017601e-05,0.0105640827391236,-0.968038398190722,-0.968038398190721,4.02345157769072,"AM","ORDER",FALSE
0.00124630274682089,6.55749840017601e-05,0.0105640827391236,-0.968038398190722,-0.968038398190721,4.02345157769072,"AM","ORDER",FALSE
0.00124630274682089,6.55749840017601e-05,0.0105640827391236,-0.968038398190722,-0.968038398190721,4.02345157769072,"NMAM","ORDER",FALSE
0.00124630274682089,6.55749840017601e-05,0.0105640827391236,-0.968038398190722,-0.968038398190721,4.02345157769072,"AM","ORDER",FALSE
0.00124630274687585,6.55749840017601e-05,0.0105640827391236,-0.968038397750407,-0.968038398190721,4.02345157769072,"AM","ORDER",FALSE
0.00124630274682089,6.55749840017601e-05,0.0105640827391236,-0.968038398190722,-0.968038398190721,4.02345167805479,"AM","ORDER",FALSE
0.00124630274682089,6.55749840017601e-05,0.0105640827391236,-0.968038398190722,-0.968038398190721,4.02345157769072,"AM","ORDER",FALSE
0.00124630274682089,6.55749840017601e-05,0.0105640827391236,-0.968038398190722,-0.968038398190721,4.02345157769072,"AM","ORDER",FALSE
0.00124630274682089,6.55749840017601e-05,0.0105640827391236,-0.968038398190722,-0.968038398190721,4.02345157769072,"AM","ORDER",FALSE
0.00124630274682089,6.55749840017601e-05,0.0105640827391236,-0.968038398190722,-0.968038398190721,4.02345157769072,"AM","ORDER",FALSE
0.00124630274682089,6.55749840017601e-05,0.0105640827391236,-0.968038398190722,-0.968038398190721,4.02345157769072,"AM","ORDER",FALSE
0.00124630274682089,6.55749840017601e-05,0.0105640827391236,-0.968038398190722,-0.968038398190721,4.02345157769072,"EcM","ORDER",FALSE
0.00124630287537966,6.55749840017601e-05,0.0105640827391236,-0.968037368258976,-0.968038398190721,4.02345157769072,"EcM","ORDER",FALSE
0.00124630292416057,6.55749840017601e-05,0.0105640827391236,-0.968036977457172,-0.968038398190721,4.02345157769072,"EcM","ORDER",FALSE
0.00124630274682089,6.55749840017601e-05,0.0105640827391236,-0.968038398190722,-0.968038398190721,4.02345157769072,"EcM","ORDER",FALSE
0.00124630274682089,6.55749840017601e-05,0.0105640827391236,-0.968038398190722,-0.968038398190721,4.02345157769072,"EcM","ORDER",FALSE
0.00124630274682089,6.55749840017601e-05,0.0105640827391236,-0.968038398190722,-0.968038398190721,4.02345157769072,"EcM","ORDER",FALSE
0.00124630274682089,6.55749840017601e-05,0.0105640827391236,-0.968038398190722,-0.968038398190721,4.02345167805479,"EcM","ORDER",FALSE
0.00124630274853076,6.55749840017601e-05,0.0105640827391236,-0.968038384492275,-0.968038398190721,4.02345157769072,"EcM","ORDER",FALSE
0.00124630274682089,6.55749840017601e-05,0.0105640827391236,-0.968038398190722,-0.968038398190721,4.02345157769072,"EcM","ORDER",FALSE
0.00124630299962495,6.55749840017601e-05,0.0105640827391236,-0.968036372884169,-0.968038398190721,4.02345157769072,"EcM","ORDER",FALSE
0.00124630305608375,6.55749840017601e-05,0.0105640827391236,-0.968035920571933,-0.968038398190721,4.02345167805479,"AM","ORDER",FALSE
0.00124630274682761,6.55749840017601e-05,0.0105640827391236,-0.968038398136834,-0.968038398190721,4.02345167805479,"AM","ORDER",FALSE
0.0012463027468211,6.55749840017601e-05,0.0105640827391236,-0.968038398188979,-0.968038398190721,4.02345157769072,"EcM","ORDER",FALSE
0.00124630274682089,6.55749840017601e-05,0.0105640827391236,-0.968038398190722,-0.968038398190721,4.02345167805479,"EcM","ORDER",FALSE
0.00124630274682089,6.55749840017601e-05,0.0105640827391236,-0.968038398190722,-0.968038398190721,4.02345157769072,"EcM","ORDER",FALSE
0.00124630274682089,6.55749840017601e-05,0.0105640827391236,-0.968038398190722,-0.968038398190721,4.02345157769072,"EcM","ORDER",FALSE
0.0012463028319639,6.55749840017601e-05,0.0105640827391236,-0.968037716078662,-0.968038398190721,4.02345187878294,"EcM","ORDER",FALSE
0.00124630274682089,6.55749840017601e-05,0.0105640827391236,-0.968038398190722,-0.968038398190721,4.02345187878294,"EcM","ORDER",FALSE
0.00124630895013033,6.55749840017601e-05,0.0105640827391236,-0.967988701192647,-0.968038398190721,4.02345157769072,"EcM","ORDER",FALSE
0.00124630294785896,6.55749840017601e-05,0.0105640827391236,-0.968036787600622,-0.968038398190721,4.02345187878294,"EcM","ORDER",FALSE
0.00124630284224376,6.55749840017601e-05,0.0105640827391236,-0.968037633722931,-0.968038398190721,4.02345187878294,"EcM","ORDER",FALSE
0.00124630274682089,6.55749840017601e-05,0.0105640827391236,-0.968038398190722,-0.968038398190721,4.02345157769072,"EcM","ORDER",FALSE
0.00124630274682089,6.55749840017601e-05,0.0105640827391236,-0.968038398190722,-0.968038398190721,4.02345157769072,"EcM","ORDER",FALSE
0.00124630301993606,6.55749840017601e-05,0.0105640827391236,-0.9680362101644,-0.968038398190721,4.02345157769072,"EcM","ORDER",FALSE
0.00124630274682089,6.55749840017601e-05,0.0105640827391236,-0.968038398190722,-0.968038398190721,4.02345157769072,"EcM","ORDER",FALSE
0.00124630274682089,6.55749840017601e-05,0.0105640827391236,-0.968038398190722,-0.968038398190721,4.02345157769072,"EcM","ORDER",FALSE
0.00124630274682089,6.55749840017601e-05,0.0105640827391236,-0.968038398190722,-0.968038398190721,4.02345157769072,"EcM","ORDER",FALSE
0.00124630274682089,6.55749840017601e-05,0.0105640827391236,-0.968038398190722,-0.968038398190721,4.02345157769072,"EcM","ORDER",FALSE
0.00124630274682089,6.55749840017601e-05,0.0105640827391236,-0.968038398190722,-0.968038398190721,4.02345157769072,"EcM","ORDER",FALSE
0.00124630274682089,6.55749840017601e-05,0.0105640827391236,-0.968038398190722,-0.968038398190721,4.02345157769072,"EcM","ORDER",FALSE
0.00124630274682729,6.55749840017601e-05,0.0105640827391236,-0.968038398139454,-0.968038398190721,4.02345167805479,"EcM","ORDER",FALSE
0.00124630274682089,6.55749840017601e-05,0.0105640827391236,-0.968038398190722,-0.968038398190721,4.02345167805479,"EcM","ORDER",FALSE
0.00124630274682089,6.55749840017601e-05,0.0105640827391236,-0.968038398190722,-0.968038398190721,4.02345187878294,"EcM","ORDER",FALSE
0.00124630274682089,6.55749840017601e-05,0.0105640827391236,-0.968038398190722,-0.968038398190721,4.02345157769072,"EcM","ORDER",FALSE
0.00124630274682089,6.55749840017601e-05,0.0105640827391236,-0.968038398190722,-0.968038398190721,4.02345157769072,"EcM","ORDER",FALSE
0.00124630274682159,6.55749840017601e-05,0.0105640827391236,-0.968038398185067,-0.968038398190721,4.02345157769072,"EcM","ORDER",FALSE
0.00124630274682089,6.55749840017601e-05,0.0105640827391236,-0.968038398190722,-0.968038398190721,4.02345187878294,"AM","ORDER",FALSE
0.00124630308523448,6.55749840017601e-05,0.0105640827391236,-0.968035687034673,-0.968038398190721,4.02345157769072,"AM","ORDER",FALSE
0.00124630308523448,6.55749840017601e-05,0.0105640827391236,-0.968035687034673,-0.968038398190721,4.02345157769072,"AM","ORDER",FALSE
0.00124630274682089,6.55749840017601e-05,0.0105640827391236,-0.968038398190722,-0.968038398190721,4.02345157769072,"EcMAM","ORDER",FALSE
0.00124630274688123,6.55749840017601e-05,0.0105640827391236,-0.968038397707302,-0.968038398190721,4.02345157769072,"EcMAM","ORDER",FALSE
0.00124630274688123,6.55749840017601e-05,0.0105640827391236,-0.968038397707302,-0.968038398190721,4.02345157769072,"EcMAM","ORDER",FALSE
0.00124630292117518,6.55749840017601e-05,0.0105640827391236,-0.968037001374242,-0.968038398190721,4.02345157769072,"EcMAM","ORDER",FALSE
0.00124630292117518,6.55749840017601e-05,0.0105640827391236,-0.968037001374242,-0.968038398190721,4.02345157769072,"EcMAM","ORDER",FALSE
0.00124630274682089,6.55749840017601e-05,0.0105640827391236,-0.968038398190722,-0.968038398190721,4.02345157769072,"EcMAM","ORDER",FALSE
0.00124630274682089,6.55749840017601e-05,0.0105640827391236,-0.968038398190722,-0.968038398190721,4.02345157769072,"EcMAM","ORDER",FALSE
0.00124630292117518,6.55749840017601e-05,0.0105640827391236,-0.968037001374242,-0.968038398190721,4.02345157769072,"EcMAM","ORDER",FALSE
0.001246302921348,6.55749840017601e-05,0.0105640827391236,-0.968036999989725,-0.968038398190721,4.02345157769072,"EcMAM","ORDER",FALSE
0.00124630274682089,6.55749840017601e-05,0.0105640827391236,-0.968038398190716,-0.968038398190721,4.02345157769072,"AM","ORDER",FALSE
0.00124630274682089,6.55749840017601e-05,0.0105640827391236,-0.968038398190722,-0.968038398190721,4.02345157769072,"AM","ORDER",FALSE
0.00124630274682089,6.55749840017601e-05,0.0105640827391236,-0.968038398190722,-0.968038398190721,4.02345157769072,"AM","ORDER",FALSE
0.00124630302817104,6.55749840017601e-05,0.0105640827391236,-0.968036144190947,-0.968038398190721,4.02345157769072,"AM","ORDER",FALSE
0.00124630274682761,6.55749840017601e-05,0.0105640827391236,-0.968038398136834,-0.968038398190721,4.02345157769072,"AM","ORDER",FALSE
0.00124630274682089,6.55749840017601e-05,0.0105640827391236,-0.968038398190722,-0.968038398190721,4.02345157769072,"AM","ORDER",FALSE
0.00124630274682089,6.55749840017601e-05,0.0105640827391236,-0.968038398190722,-0.968038398190721,4.02345157769072,"AM","ORDER",FALSE
0.00124630274682089,6.55749840017601e-05,0.0105640827391236,-0.968038398190722,-0.968038398190721,4.02345157772085,"AM","ORDER",FALSE
0.00124630274682089,6.55749840017601e-05,0.0105640827391236,-0.968038398190722,-0.968038398190721,4.02345157772085,"AM","ORDER",FALSE
0.00124630274688123,6.55749840017601e-05,0.0105640827391236,-0.968038397707302,-0.968038398190721,4.02345157769072,"AM","ORDER",FALSE
0.00124630274682089,6.55749840017601e-05,0.0105640827391236,-0.968038398190722,-0.968038398190721,4.02345157769072,"AM","ORDER",FALSE
0.00124630274682089,6.55749840017601e-05,0.0105640827391236,-0.968038398190722,-0.968038398190721,4.02345157769072,"AM","ORDER",FALSE
0.00124630274682285,6.55749840017601e-05,0.0105640827391236,-0.96803839817503,-0.968038398190721,4.02345157769072,"AM","ORDER",FALSE
0.00124630297348356,6.55749840017601e-05,0.0105640827391236,-0.968036582312522,-0.968038398190721,4.02345157769072,"AM","ORDER",FALSE
0.00124630292117518,6.55749840017601e-05,0.0105640827391236,-0.968037001374242,-0.968038398190721,4.02345157769072,"AM","ORDER",FALSE
0.00124630274682089,6.55749840017601e-05,0.0105640827391236,-0.968038398190722,-0.968038398190721,4.02345157769072,"AM","ORDER",FALSE
0.00124630274682089,6.55749840017601e-05,0.0105640827391236,-0.968038398190722,-0.968038398190721,4.02345157769072,"EcM","ORDER",FALSE
0.00124630274682089,6.55749840017601e-05,0.0105640827391236,-0.968038398190722,-0.968038398190721,4.02345157769072,"EcM","ORDER",FALSE
0.00124630274682089,6.55749840017601e-05,0.0105640827391236,-0.968038398190722,-0.968038398190721,4.02345167805479,"EcM","ORDER",FALSE
0.00124630274682089,6.55749840017601e-05,0.0105640827391236,-0.968038398190722,-0.968038398190721,4.02345167805479,"EcM","ORDER",FALSE
0.00124630292117518,6.55749840017601e-05,0.0105640827391236,-0.968037001374242,-0.968038398190721,4.02345157769072,"EcM","ORDER",FALSE
0.00124630274687585,6.55749840017601e-05,0.0105640827391236,-0.968038397750407,-0.968038398190721,4.02345177841887,"AM","ORDER",FALSE
0.0012463034802515,6.55749840017601e-05,0.0105640827391236,-0.968032522407789,-0.968038398190721,4.02345177841887,"AM","ORDER",FALSE
0.0012463034802515,6.55749840017601e-05,0.0105640827391236,-0.968032522407789,-0.968038398190721,4.02345177841887,"AM","ORDER",FALSE
0.0012463034802515,6.55749840017601e-05,0.0105640827391236,-0.968032522407789,-0.968038398190721,4.02345167805479,"AM","ORDER",FALSE
0.0012463034802515,6.55749840017601e-05,0.0105640827391236,-0.968032522407789,-0.968038398190721,4.02345167805479,"AM","ORDER",FALSE
0.0012463037444488,6.55749840017601e-05,0.0105640827391236,-0.968030405825872,-0.968038398190721,4.02345157769072,"AM","ORDER",FALSE
0.00124630274682089,6.55749840017601e-05,0.0105640827391236,-0.968038398190722,-0.968038398190721,4.02345157769072,"AM","ORDER",FALSE
0.00124630274700235,6.55749840017601e-05,0.0105640827391236,-0.968038396736926,-0.968038398190721,4.02345157769072,"AM","ORDER",FALSE
0.00124630274682089,6.55749840017601e-05,0.0105640827391236,-0.968038398190722,-0.968038398190721,4.02345157769072,"AM","ORDER",FALSE
0.00124630299202303,6.55749840017601e-05,0.0105640827391236,-0.968036433786021,-0.968038398190721,4.02345157769072,"AM","ORDER",FALSE
0.00124630274682089,6.55749840017601e-05,0.0105640827391236,-0.968038398190722,-0.968038398190721,4.02345157769072,"AM","ORDER",FALSE
0.00124630274682089,6.55749840017601e-05,0.0105640827391236,-0.968038398190722,-0.968038398190721,4.02345157769072,"AM","ORDER",FALSE
0.00124630274682089,6.55749840017601e-05,0.0105640827391236,-0.968038398190722,-0.968038398190721,4.02345157769072,"AM","ORDER",FALSE
0.00124630274682089,6.55749840017601e-05,0.0105640827391236,-0.968038398190722,-0.968038398190721,4.02345157769072,"AM","ORDER",FALSE
0.00124630278501166,6.55749840017601e-05,0.0105640827391236,-0.968038092230394,-0.968038398190721,4.02345157769072,"AM","ORDER",FALSE
0.00124630278008726,6.55749840017601e-05,0.0105640827391236,-0.968038131681578,-0.968038398190721,4.02345157769072,"AM","ORDER",FALSE
0.00124630274682089,6.55749840017601e-05,0.0105640827391236,-0.968038398190722,-0.968038398190721,4.02345157769072,"AM","ORDER",FALSE
0.00124630352717673,6.55749840017601e-05,0.0105640827391236,-0.968032146472493,-0.968038398190721,4.02345167805479,"AM","ORDER",FALSE
0.00124630285929105,6.55749840017601e-05,0.0105640827391236,-0.968037497150786,-0.968038398190721,4.02345157769072,"AM","ORDER",FALSE
0.00124630274682089,6.55749840017601e-05,0.0105640827391236,-0.968038398190722,-0.968038398190721,4.02345157769072,"AM","ORDER",FALSE
0.00124630274682089,6.55749840017601e-05,0.0105640827391236,-0.968038398190722,-0.968038398190721,4.02345157769072,"AM","ORDER",FALSE
0.00124630274682089,6.55749840017601e-05,0.0105640827391236,-0.968038398190722,-0.968038398190721,4.02345157769072,"AM","ORDER",FALSE
0.00124630274682089,6.55749840017601e-05,0.0105640827391236,-0.968038398190722,-0.968038398190721,4.02345157769072,"AM","ORDER",FALSE
0.00124630274682089,6.55749840017601e-05,0.0105640827391236,-0.968038398190722,-0.968038398190721,4.02345157769072,"AM","ORDER",FALSE
0.00124630274682089,6.55749840017601e-05,0.0105640827391236,-0.968038398190722,-0.968038398190721,4.02345157769072,"AM","ORDER",FALSE
0.00124630274682089,6.55749840017601e-05,0.0105640827391236,-0.968038398190722,-0.968038398190721,4.02345157769072,"AM","ORDER",FALSE
0.00124630289223091,6.55749840017601e-05,0.0105640827391236,-0.968037233257471,-0.968038398190721,4.02345157769072,"AM","ORDER",FALSE
0.00124630274682089,6.55749840017601e-05,0.0105640827391236,-0.968038398190722,-0.968038398190721,4.02345157769072,"AM","ORDER",FALSE
0.00124630274682089,6.55749840017601e-05,0.0105640827391236,-0.968038398190722,-0.968038398190721,4.02345157769072,"AM","ORDER",FALSE
0.00124630274682089,6.55749840017601e-05,0.0105640827391236,-0.968038398190722,-0.968038398190721,4.02345157769072,"AM","ORDER",FALSE
0.0012463027468211,6.55749840017601e-05,0.0105640827391236,-0.968038398188979,-0.968038398190721,4.02345157769072,"AM","ORDER",FALSE
0.0012463027468211,6.55749840017601e-05,0.0105640827391236,-0.968038398188979,-0.968038398190721,4.02345157769072,"AM","ORDER",FALSE
0.00124630274890282,6.55749840017601e-05,0.0105640827391236,-0.968038381511606,-0.968038398190721,4.02345157769072,"AM","ORDER",FALSE
0.00124630274682208,6.55749840017601e-05,0.0105640827391236,-0.968038398181135,-0.968038398190721,4.02345157769072,"AM","ORDER",FALSE
0.00124630274682089,6.55749840017601e-05,0.0105640827391236,-0.968038398190722,-0.968038398190721,4.02345157769072,"AM","ORDER",FALSE
0.00124630274682089,6.55749840017601e-05,0.0105640827391236,-0.968038398190722,-0.968038398190721,4.02345157769072,"EcMAM","ORDER",FALSE
0.00124630274682089,6.55749840017601e-05,0.0105640827391236,-0.968038398190722,-0.968038398190721,4.02345157769072,"AM","ORDER",FALSE
0.00124630426276697,6.55749840017601e-05,0.0105640827391236,-0.96802625338798,-0.968038398190721,4.02345157769072,"AM","ORDER",FALSE
0.00124630274682089,6.55749840017601e-05,0.0105640827391236,-0.968038398190722,-0.968038398190721,4.02345157769072,"AM","ORDER",FALSE
0.00124630274682089,6.55749840017601e-05,0.0105640827391236,-0.968038398190722,-0.968038398190721,4.02345157769072,"AM","ORDER",FALSE
0.00124630289378418,6.55749840017601e-05,0.0105640827391236,-0.968037220813586,-0.968038398190721,4.02345157769072,"AM","ORDER",FALSE
0.00124630274700235,6.55749840017601e-05,0.0105640827391236,-0.968038396736926,-0.968038398190721,4.02345187878294,"AM","ORDER",FALSE
0.00124630274682089,6.55749840017601e-05,0.0105640827391236,-0.968038398190722,-0.968038398190721,4.02345157769072,"AM","ORDER",FALSE
0.00124630274682089,6.55749840017601e-05,0.0105640827391236,-0.968038398190722,-0.968038398190721,4.02345157769072,"AM","ORDER",FALSE
0.00124630274682089,6.55749840017601e-05,0.0105640827391236,-0.968038398190722,-0.968038398190721,4.02345157769072,"NMAM","ORDER",FALSE
0.00124630274682089,6.55749840017601e-05,0.0105640827391236,-0.968038398190722,-0.968038398190721,4.02345157769072,"NMAM","ORDER",FALSE
0.00124630274682089,6.55749840017601e-05,0.0105640827391236,-0.968038398190722,-0.968038398190721,4.02345157769072,"AM","ORDER",FALSE
0.0012463052292158,6.55749840017601e-05,0.0105640827391236,-0.968018510810201,-0.968038398190721,4.02345157769072,"AM","ORDER",FALSE
0.0012463052292158,6.55749840017601e-05,0.0105640827391236,-0.968018510810201,-0.968038398190721,4.02345157769072,"AM","ORDER",FALSE
0.00124630277428228,6.55749840017601e-05,0.0105640827391236,-0.968038178187418,-0.968038398190721,4.02345157769072,"AM","ORDER",FALSE
0.00124630274682089,6.55749840017601e-05,0.0105640827391236,-0.968038398190722,-0.968038398190721,4.02345157769072,"AM","ORDER",FALSE
0.001246302996765,6.55749840017601e-05,0.0105640827391236,-0.968036395796334,-0.968038398190721,4.02345157769072,"AM","ORDER",FALSE
0.00124630274682089,6.55749840017601e-05,0.0105640827391236,-0.968038398190722,-0.968038398190721,4.02345157769072,"AM","ORDER",FALSE
0.00124630274682089,6.55749840017601e-05,0.0105640827391236,-0.968038398190722,-0.968038398190721,4.02345167805479,"AM","ORDER",FALSE
0.00124630298967467,6.55749840017601e-05,0.0105640827391236,-0.968036452599575,-0.968038398190721,4.02345167805479,"AM","ORDER",FALSE
0.00124630274682089,6.55749840017601e-05,0.0105640827391236,-0.968038398190722,-0.968038398190721,4.02345157769072,"NM","ORDER",FALSE
0.00124630274682089,6.55749840017601e-05,0.0105640827391236,-0.968038398190722,-0.968038398190721,4.02345167805479,"AM","ORDER",FALSE
0.00124630274682089,6.55749840017601e-05,0.0105640827391236,-0.968038398190722,-0.968038398190721,4.02345167805479,"AM","ORDER",FALSE
0.00124630274682089,6.55749840017601e-05,0.0105640827391236,-0.968038398190722,-0.968038398190721,4.02345157769072,"NMAM","ORDER",FALSE
0.00124637482688171,6.55749840017601e-05,0.0105640827391236,-0.967460938259311,-0.968038398190721,4.02345157769072,"AM","ORDER",FALSE
0.00124630274682089,6.55749840017601e-05,0.0105640827391236,-0.968038398190722,-0.968038398190721,4.02345157769072,"AM","ORDER",FALSE
0.00124630274682089,6.55749840017601e-05,0.0105640827391236,-0.968038398190722,-0.968038398190721,4.02345157769072,"AM","ORDER",FALSE
0.00124630274714758,6.55749840017601e-05,0.0105640827391236,-0.968038395573495,-0.968038398190721,4.02345167805479,"AM","ORDER",FALSE
0.00124630274824018,6.55749840017601e-05,0.0105640827391236,-0.968038386820275,-0.968038398190721,4.02345157769072,"AM","ORDER",FALSE
0.00124630274824018,6.55749840017601e-05,0.0105640827391236,-0.968038386820275,-0.968038398190721,4.02345157769072,"AM","ORDER",FALSE
0.00124630274682089,6.55749840017601e-05,0.0105640827391236,-0.968038398190722,-0.968038398190721,4.02345157769072,"AM","ORDER",FALSE
0.00124630274682089,6.55749840017601e-05,0.0105640827391236,-0.968038398190722,-0.968038398190721,4.02345157769072,"AM","ORDER",FALSE
0.00124630274704326,6.55749840017601e-05,0.0105640827391236,-0.968038396409244,-0.968038398190721,4.02345157769072,"AM","ORDER",FALSE
0.00124630399918357,6.55749840017601e-05,0.0105640827391236,-0.968028365051744,-0.968038398190721,4.02345157769072,"AM","ORDER",FALSE
0.00124630276185684,6.55749840017601e-05,0.0105640827391236,-0.968038277732139,-0.968038398190721,4.02345157769072,"AM","ORDER",FALSE
0.0012463030126373,6.55749840017601e-05,0.0105640827391236,-0.968036268637467,-0.968038398190721,4.02345157769072,"AM","ORDER",FALSE
0.00124630274684938,6.55749840017601e-05,0.0105640827391236,-0.968038397962479,-0.968038398190721,4.02345157769072,"AM","ORDER",FALSE
0.00124630274682121,6.55749840017601e-05,0.0105640827391236,-0.968038398188102,-0.968038398190721,4.02345157769072,"AM","ORDER",FALSE
0.00124630274762231,6.55749840017601e-05,0.0105640827391236,-0.96803839177026,-0.968038398190721,4.02345157769072,"AM","ORDER",FALSE
0.00124630702276208,6.55749840017601e-05,0.0105640827391236,-0.968004142049999,-0.968038398190721,4.02345157769072,"AM","ORDER",FALSE
0.00124630274682089,6.55749840017601e-05,0.0105640827391236,-0.968038398190722,-0.968038398190721,4.02345157769072,"AM","ORDER",FALSE
0.00124630274682089,6.55749840017601e-05,0.0105640827391236,-0.968038398190722,-0.968038398190721,4.02345157769072,"AM","ORDER",FALSE
0.00124630274682089,6.55749840017601e-05,0.0105640827391236,-0.968038398190722,-0.968038398190721,4.02345157769072,"AM","ORDER",FALSE
0.00124630274682208,6.55749840017601e-05,0.0105640827391236,-0.968038398181135,-0.968038398190721,4.02345157769072,"AM","ORDER",FALSE
0.00124630274682089,6.55749840017601e-05,0.0105640827391236,-0.968038398190722,-0.968038398190721,4.02345238060329,"AM","ORDER",FALSE
0.00124630274682089,6.55749840017601e-05,0.0105640827391236,-0.968038398190722,-0.968038398190721,4.02345157769072,"AM","ORDER",FALSE
0.00124630274682089,6.55749840017601e-05,0.0105640827391236,-0.968038398190722,-0.968038398190721,4.02345157769072,"AM","ORDER",FALSE
0.00124630274682089,6.55749840017601e-05,0.0105640827391236,-0.968038398190722,-0.968038398190721,4.02345228023922,"AM","ORDER",FALSE
0.00124630274682089,6.55749840017601e-05,0.0105640827391236,-0.968038398190722,-0.968038398190721,4.02345157769072,"AM","ORDER",FALSE
0.00124630274682089,6.55749840017601e-05,0.0105640827391236,-0.968038398190722,-0.968038398190721,4.02345228023922,"AM","ORDER",FALSE
0.00124630275319844,6.55749840017601e-05,0.0105640827391236,-0.968038347097823,-0.968038398190721,4.02345157769072,"AM","ORDER",FALSE
0.00124630274682089,6.55749840017601e-05,0.0105640827391236,-0.968038398190722,-0.968038398190721,4.02345228023922,"AM","ORDER",FALSE
0.00124630274682089,6.55749840017601e-05,0.0105640827391236,-0.968038398190722,-0.968038398190721,4.02345157769072,"AM","ORDER",FALSE
0.00124630274682089,6.55749840017601e-05,0.0105640827391236,-0.968038398190722,-0.968038398190721,4.02345157769072,"AM","ORDER",FALSE
0.00124630274682089,6.55749840017601e-05,0.0105640827391236,-0.968038398190722,-0.968038398190721,4.02345228023922,"AM","ORDER",FALSE
0.00124630274682089,6.55749840017601e-05,0.0105640827391236,-0.968038398190722,-0.968038398190721,4.02345157769072,"AM","ORDER",FALSE
0.00124630274682089,6.55749840017601e-05,0.0105640827391236,-0.968038398190722,-0.968038398190721,4.02345238060329,"AM","ORDER",FALSE
0.00124630274682089,6.55749840017601e-05,0.0105640827391236,-0.968038398190722,-0.968038398190721,4.02345157769072,"AM","ORDER",FALSE
0.0012463027468209,6.55749840017601e-05,0.0105640827391236,-0.968038398190587,-0.968038398190721,4.02345157769072,"AM","ORDER",FALSE
0.00124630276187776,6.55749840017601e-05,0.0105640827391236,-0.968038277564604,-0.968038398190721,4.02345157769072,"AM","ORDER",FALSE
0.00124630504791642,6.55749840017601e-05,0.0105640827391236,-0.968019963266343,-0.968038398190721,4.02345157769072,"AM","ORDER",FALSE
0.00124630274682089,6.55749840017601e-05,0.0105640827391236,-0.968038398190722,-0.968038398190721,4.02345157769072,"AM","ORDER",FALSE
0.00124630274682089,6.55749840017601e-05,0.0105640827391236,-0.968038398190722,-0.968038398190721,4.02345157769072,"AM","ORDER",FALSE
0.00124630274682089,6.55749840017601e-05,0.0105640827391236,-0.968038398190722,-0.968038398190721,4.02345157769072,"AM","ORDER",FALSE
0.00124630274682089,6.55749840017601e-05,0.0105640827391236,-0.968038398190722,-0.968038398190721,4.02345157769072,"AM","ORDER",FALSE
0.00124630274683716,6.55749840017601e-05,0.0105640827391236,-0.96803839806035,-0.968038398190721,4.02345157769072,"AM","ORDER",FALSE
0.00124630274682089,6.55749840017601e-05,0.0105640827391236,-0.968038398190722,-0.968038398190721,4.02345228023922,"AM","ORDER",FALSE
0.00124630300304125,6.55749840017601e-05,0.0105640827391236,-0.968036345514972,-0.968038398190721,4.02345228023922,"AM","ORDER",FALSE
0.00124630274682089,6.55749840017601e-05,0.0105640827391236,-0.968038398190721,-0.968038398190721,4.02345207951109,"AM","ORDER",FALSE
0.00124630274682089,6.55749840017601e-05,0.0105640827391236,-0.968038398190722,-0.968038398190721,4.02345207951109,"AM","ORDER",FALSE
0.00124630274702976,6.55749840017601e-05,0.0105640827391236,-0.968038396517403,-0.968038398190721,4.02345157769072,"AM","ORDER",FALSE
0.00124630274682099,6.55749840017601e-05,0.0105640827391236,-0.968038398189902,-0.968038398190721,4.02345157769072,"AM","ORDER",FALSE
0.00124630302083678,6.55749840017601e-05,0.0105640827391236,-0.968036202948392,-0.968038398190721,4.02345228023922,"AM","ORDER",FALSE
0.0012463027484784,6.55749840017601e-05,0.0105640827391236,-0.968038384911805,-0.968038398190721,4.02345157769072,"AM","ORDER",FALSE
0.00124630298436584,6.55749840017601e-05,0.0105640827391236,-0.968036495130552,-0.968038398190721,4.02345228023922,"AM","ORDER",FALSE
0.00124630274682089,6.55749840017601e-05,0.0105640827391236,-0.968038398190722,-0.968038398190721,4.02345157769072,"AM","ORDER",FALSE
0.00124630274682089,6.55749840017601e-05,0.0105640827391236,-0.968038398190722,-0.968038398190721,4.02345157769072,"AM","ORDER",FALSE
0.00124630274682089,6.55749840017601e-05,0.0105640827391236,-0.968038398190722,-0.968038398190721,4.02345228023922,"NMAM","ORDER",FALSE
0.00124630274682089,6.55749840017601e-05,0.0105640827391236,-0.968038398190722,-0.968038398190721,4.02345157769072,"AM","ORDER",FALSE
0.00124630300542161,6.55749840017601e-05,0.0105640827391236,-0.968036326445016,-0.968038398190721,4.02345157769072,"AM","ORDER",FALSE
0.00124630274682089,6.55749840017601e-05,0.0105640827391236,-0.968038398190722,-0.968038398190721,4.02345228023922,"AM","ORDER",FALSE
0.00124630286786417,6.55749840017601e-05,0.0105640827391236,-0.968037428468351,-0.968038398190721,4.02345167805479,"AM","ORDER",FALSE
0.00124630286786417,6.55749840017601e-05,0.0105640827391236,-0.968037428468351,-0.968038398190721,4.02345167805479,"AM","ORDER",FALSE
0.00124630289322474,6.55749840017601e-05,0.0105640827391236,-0.968037225295475,-0.968038398190721,4.02345157769072,"AM","ORDER",FALSE
0.00124630274695893,6.55749840017601e-05,0.0105640827391236,-0.968038397084832,-0.968038398190721,4.02345157769072,"AM","ORDER",FALSE
0.00124630274695893,6.55749840017601e-05,0.0105640827391236,-0.968038397084832,-0.968038398190721,4.02345157769072,"AM","ORDER",FALSE
0.00124630274695893,6.55749840017601e-05,0.0105640827391236,-0.968038397084832,-0.968038398190721,4.02345157769072,"AM","ORDER",FALSE
0.00124630274682089,6.55749840017601e-05,0.0105640827391236,-0.968038398190722,-0.968038398190721,4.02345197914702,"AM","ORDER",FALSE
0.00124630274695893,6.55749840017601e-05,0.0105640827391236,-0.968038397084832,-0.968038398190721,4.02345157769072,"AM","ORDER",FALSE
0.00124630274695893,6.55749840017601e-05,0.0105640827391236,-0.968038397084832,-0.968038398190721,4.02345157769072,"AM","ORDER",FALSE
0.00124630274682089,6.55749840017601e-05,0.0105640827391236,-0.968038398190722,-0.968038398190721,4.02345187878294,"AM","ORDER",FALSE
0.00124630274682089,6.55749840017601e-05,0.0105640827391236,-0.968038398190722,-0.968038398190721,4.02345228023922,"AM","ORDER",FALSE
0.00124630274695893,6.55749840017601e-05,0.0105640827391236,-0.968038397084832,-0.968038398190721,4.02345157769072,"AM","ORDER",FALSE
0.00124630613915547,6.55749840017601e-05,0.0105640827391236,-0.968011220948164,-0.968038398190721,4.02345157769072,"AM","ORDER",FALSE
0.00124630274695893,6.55749840017601e-05,0.0105640827391236,-0.968038397084832,-0.968038398190721,4.02345157769072,"AM","ORDER",FALSE
0.00124630274695893,6.55749840017601e-05,0.0105640827391236,-0.968038397084832,-0.968038398190721,4.02345157769072,"AM","ORDER",FALSE
0.00124630274682089,6.55749840017601e-05,0.0105640827391236,-0.968038398190722,-0.968038398190721,4.02345157769072,"AM","ORDER",FALSE
0.00124630274682089,6.55749840017601e-05,0.0105640827391236,-0.968038398190722,-0.968038398190721,4.02345157769072,"AM","ORDER",FALSE
0.00124630274682089,6.55749840017601e-05,0.0105640827391236,-0.968038398190722,-0.968038398190721,4.02345157769072,"AM","ORDER",FALSE
0.00124630274682089,6.55749840017601e-05,0.0105640827391236,-0.968038398190722,-0.968038398190721,4.02345157769072,"AM","ORDER",FALSE
0.00124630274857394,6.55749840017601e-05,0.0105640827391236,-0.968038384146354,-0.968038398190721,4.02345157769072,"AM","ORDER",FALSE
0.00124630274682089,6.55749840017601e-05,0.0105640827391236,-0.968038398190722,-0.968038398190721,4.02345157769072,"AM","ORDER",FALSE
0.00124630274682089,6.55749840017601e-05,0.0105640827391236,-0.968038398190721,-0.968038398190721,4.02345157769072,"AM","ORDER",FALSE
0.00124630274682089,6.55749840017601e-05,0.0105640827391236,-0.968038398190722,-0.968038398190721,4.02345157769072,"AM","ORDER",FALSE
0.00124630274695893,6.55749840017601e-05,0.0105640827391236,-0.968038397084832,-0.968038398190721,4.02345167805479,"AM","ORDER",FALSE
0.00124630274792507,6.55749840017601e-05,0.0105640827391236,-0.968038389344707,-0.968038398190721,4.02345207951109,"AM","ORDER",FALSE
0.00124630274694267,6.55749840017601e-05,0.0105640827391236,-0.96803839721507,-0.968038398190721,4.02345157769072,"AM","ORDER",FALSE
0.00124630274682089,6.55749840017601e-05,0.0105640827391236,-0.968038398190722,-0.968038398190721,4.02345157769072,"AM","ORDER",FALSE
0.0012463028753348,6.55749840017601e-05,0.0105640827391236,-0.968037368618367,-0.968038398190721,4.02345157769072,"AM","ORDER",FALSE
0.00124630274682089,6.55749840017601e-05,0.0105640827391236,-0.968038398190722,-0.968038398190721,4.02345157769072,"AM","ORDER",FALSE
0.0012463027468215,6.55749840017601e-05,0.0105640827391236,-0.968038398185799,-0.968038398190721,4.02345157769072,"AM","ORDER",FALSE
0.0012463027468215,6.55749840017601e-05,0.0105640827391236,-0.968038398185799,-0.968038398190721,4.02345157769072,"AM","ORDER",FALSE
0.00124630274682089,6.55749840017601e-05,0.0105640827391236,-0.968038398190722,-0.968038398190721,4.02345177841887,"AM","ORDER",FALSE
0.00124630275033864,6.55749840017601e-05,0.0105640827391236,-0.968038370008717,-0.968038398190721,4.02345157769072,"AM","ORDER",FALSE
0.00124630274682089,6.55749840017601e-05,0.0105640827391236,-0.968038398190722,-0.968038398190721,4.02345167805479,"AM","ORDER",FALSE
0.00124630274682089,6.55749840017601e-05,0.0105640827391236,-0.968038398190722,-0.968038398190721,4.02345167805479,"AM","ORDER",FALSE
0.00124630274682089,6.55749840017601e-05,0.0105640827391236,-0.968038398190722,-0.968038398190721,4.02345167805479,"AM","ORDER",FALSE
0.00124630274682089,6.55749840017601e-05,0.0105640827391236,-0.968038398190722,-0.968038398190721,4.02345167805479,"AM","ORDER",FALSE
0.00124630274698438,6.55749840017601e-05,0.0105640827391236,-0.968038396880945,-0.968038398190721,4.02345157769072,"AM","ORDER",FALSE
0.00124630276551051,6.55749840017601e-05,0.0105640827391236,-0.968038248461252,-0.968038398190721,4.02345167805479,"AM","ORDER",FALSE
0.00124630274682089,6.55749840017601e-05,0.0105640827391236,-0.968038398190722,-0.968038398190721,4.02345167805479,"AM","ORDER",FALSE
0.00124630274682089,6.55749840017601e-05,0.0105640827391236,-0.968038398190721,-0.968038398190721,4.02345157769072,"AM","ORDER",FALSE
0.00124630274682089,6.55749840017601e-05,0.0105640827391236,-0.968038398190722,-0.968038398190721,4.02345167805479,"AM","ORDER",FALSE
0.00124630274704326,6.55749840017601e-05,0.0105640827391236,-0.968038396409244,-0.968038398190721,4.02345167805479,"AM","ORDER",FALSE
0.00124630274682089,6.55749840017601e-05,0.0105640827391236,-0.968038398190722,-0.968038398190721,4.02345187878294,"AM","ORDER",FALSE
0.00124630278551257,6.55749840017601e-05,0.0105640827391236,-0.968038088217388,-0.968038398190721,4.02345157769072,"EcM","ORDER",FALSE
0.00124630274682089,6.55749840017601e-05,0.0105640827391236,-0.968038398190722,-0.968038398190721,4.02345157769072,"EcM","ORDER",FALSE
0.00124630274682089,6.55749840017601e-05,0.0105640827391236,-0.968038398190722,-0.968038398190721,4.02345157769072,"EcM","ORDER",FALSE
0.00124630274682089,6.55749840017601e-05,0.0105640827391236,-0.968038398190722,-0.968038398190721,4.02345157769072,"EcM","ORDER",FALSE
0.00124630274682089,6.55749840017601e-05,0.0105640827391236,-0.968038398190722,-0.968038398190721,4.02345167805479,"EcM","ORDER",FALSE
0.00124630274695893,6.55749840017601e-05,0.0105640827391236,-0.968038397084832,-0.968038398190721,4.02345167805479,"EcM","ORDER",FALSE
0.00124630274682089,6.55749840017601e-05,0.0105640827391236,-0.968038398190722,-0.968038398190721,4.02345167805479,"EcM","ORDER",FALSE
0.00124630274682089,6.55749840017601e-05,0.0105640827391236,-0.968038398190722,-0.968038398190721,4.02345157769072,"EcM","ORDER",FALSE
0.00124630274682089,6.55749840017601e-05,0.0105640827391236,-0.968038398190722,-0.968038398190721,4.02345157769072,"EcM","ORDER",FALSE
0.00124630274682089,6.55749840017601e-05,0.0105640827391236,-0.968038398190722,-0.968038398190721,4.02345157769072,"EcM","ORDER",FALSE
0.00124630274682089,6.55749840017601e-05,0.0105640827391236,-0.968038398190722,-0.968038398190721,4.02345157769072,"EcM","ORDER",FALSE
0.00124630274682089,6.55749840017601e-05,0.0105640827391236,-0.968038398190722,-0.968038398190721,4.02345157769072,"EcM","ORDER",FALSE
0.00124630274682089,6.55749840017601e-05,0.0105640827391236,-0.968038398190722,-0.968038398190721,4.02345157769072,"EcM","ORDER",FALSE
0.00124630274682089,6.55749840017601e-05,0.0105640827391236,-0.968038398190722,-0.968038398190721,4.02345157769072,"EcM","ORDER",FALSE
0.00124630274682089,6.55749840017601e-05,0.0105640827391236,-0.968038398190722,-0.968038398190721,4.02345157769072,"EcM","ORDER",FALSE
0.00124630274682089,6.55749840017601e-05,0.0105640827391236,-0.968038398190722,-0.968038398190721,4.02345157769072,"EcM","ORDER",FALSE
0.00124630274682089,6.55749840017601e-05,0.0105640827391236,-0.968038398190722,-0.968038398190721,4.02345157769072,"EcM","ORDER",FALSE
0.00124630274682089,6.55749840017601e-05,0.0105640827391236,-0.968038398190722,-0.968038398190721,4.02345157769072,"EcM","ORDER",FALSE
0.00124630274682089,6.55749840017601e-05,0.0105640827391236,-0.968038398190722,-0.968038398190721,4.02345157769072,"EcM","ORDER",FALSE
0.00124630280798074,6.55749840017601e-05,0.0105640827391236,-0.968037908216593,-0.968038398190721,4.02345157769072,"EcM","ORDER",FALSE
0.00124630274682089,6.55749840017601e-05,0.0105640827391236,-0.968038398190722,-0.968038398190721,4.02345157769072,"AM","ORDER",FALSE
0.00124630274682089,6.55749840017601e-05,0.0105640827391236,-0.968038398190722,-0.968038398190721,4.02345157769072,"AM","ORDER",FALSE
0.00124630274682089,6.55749840017601e-05,0.0105640827391236,-0.968038398190722,-0.968038398190721,4.02345157769072,"AM","ORDER",FALSE
0.00124630274694166,6.55749840017601e-05,0.0105640827391236,-0.968038397223203,-0.968038398190721,4.02345157769072,"AM","ORDER",FALSE
0.00124630274682089,6.55749840017601e-05,0.0105640827391236,-0.968038398190722,-0.968038398190721,4.02345157769072,"AM","ORDER",FALSE
0.00124630274682089,6.55749840017601e-05,0.0105640827391236,-0.968038398190722,-0.968038398190721,4.02345157769072,"AM","ORDER",FALSE
0.00124630274682089,6.55749840017601e-05,0.0105640827391236,-0.968038398190722,-0.968038398190721,4.02345157769072,"AM","ORDER",FALSE
0.00124630274682089,6.55749840017601e-05,0.0105640827391236,-0.968038398190722,-0.968038398190721,4.02345167805479,"AM","ORDER",FALSE
0.00124630284618461,6.55749840017601e-05,0.0105640827391236,-0.968037602151294,-0.968038398190721,4.02345157769072,"AM","ORDER",FALSE
0.00124630274687823,6.55749840017601e-05,0.0105640827391236,-0.968038397731309,-0.968038398190721,4.02345157769072,"AM","ORDER",FALSE
0.00124630278975749,6.55749840017601e-05,0.0105640827391236,-0.96803805420976,-0.968038398190721,4.02345157769072,"AM","ORDER",FALSE
0.00124630274682089,6.55749840017601e-05,0.0105640827391236,-0.968038398190722,-0.968038398190721,4.02345157769072,"AM","ORDER",FALSE
0.00124630274682089,6.55749840017601e-05,0.0105640827391236,-0.968038398190722,-0.968038398190721,4.02345156765431,"AM","ORDER",FALSE
0.00124630274682089,6.55749840017601e-05,0.0105640827391236,-0.968038398190722,-0.968038398190721,4.02345157769072,"AM","ORDER",FALSE
0.00124630274682089,6.55749840017601e-05,0.0105640827391236,-0.968038398190722,-0.968038398190721,4.02345157769072,"AM","ORDER",FALSE
0.00124630274700397,6.55749840017601e-05,0.0105640827391236,-0.968038396723961,-0.968038398190721,4.02345157769072,"AM","ORDER",FALSE
0.00124630274682089,6.55749840017601e-05,0.0105640827391236,-0.968038398190722,-0.968038398190721,4.02345157769072,"AM","ORDER",FALSE
0.00124630274682089,6.55749840017601e-05,0.0105640827391236,-0.968038398190722,-0.968038398190721,4.02345157769072,"AM","ORDER",FALSE
0.00124630297077271,6.55749840017601e-05,0.0105640827391236,-0.968036604030104,-0.968038398190721,4.02345167805479,"AM","ORDER",FALSE
0.00124630274682089,6.55749840017601e-05,0.0105640827391236,-0.968038398190722,-0.968038398190721,4.02345158772713,"AM","ORDER",FALSE
0.00124630297936609,6.55749840017601e-05,0.0105640827391236,-0.968036535185373,-0.968038398190721,4.02345158772713,"AM","ORDER",FALSE
0.00124630296248402,6.55749840017601e-05,0.0105640827391236,-0.96803667043391,-0.968038398190721,4.02345197914702,"AM","ORDER",FALSE
0.00124630274682089,6.55749840017601e-05,0.0105640827391236,-0.968038398190722,-0.968038398190721,4.02345167805479,"NMAM","ORDER",FALSE
0.00124630274682089,6.55749840017601e-05,0.0105640827391236,-0.968038398190722,-0.968038398190721,4.02345167805479,"NMAM","ORDER",FALSE
