genus,count
Fimbristylis,316
Carex,2346
Scirpus,50
Trichophorum,21
Lagenocarpus,18
Cyperus,955
Mapania,101
Costularia,16
Nepenthes,205
Ixora,562
Rinorea,217
Ivodea,30
Diospyros,803
Turraea,69
Xyris,383
Leucotrichum,6
Jumellea,56
Andringitra,6
Pantadenia,3
Argomuellera,17
Colea,35
Hancea,18
Pyrrosia,67
Streptocarpus,190
Vitex,209
Rotheca,35
Cryptocarya,362
Spondias,18
Gardenia,128
Exacum,75
Dypsis,108
Ravenea,23
Cyphostemma,245
Aloe,624
Noronhia,106
Amorphophallus,246
Carlephyton,4
Andropogon,134
Danais,37
Xerophyta,57
Aristea,60
Ormocarpopsis,8
Grewia,282
Pandanus,603
Prockiopsis,5
Acanthopale,12
Didymoplexis,21
Ammannia,108
Angraecum,218
Aeranthes,44
Arthropteris,13
Bemangidia,2
Ruellia,379
Anisotes,29
Christella,94
Pronephrium,42
Pseudophegopteris,25
Bardotia,1
Euphorbia,2094
Chromolaena,176
Solidago,136
Taraxacum,2547
Streptoglossa,8
Ligularia,150
Psiadia,47
Senecio,1643
Psacalium,49
Rumfordia,7
Millotia,15
Gamochaeta,60
Hieracium,3226
Gynoxys,123
Matricaria,23
Lomatozona,4
Melampodium,41
Perymenium,55
Bidens,244
Argyrautia,1
Centaurea,784
Tanacetum,173
Glossocardia,12
Saussurea,430
Syneilesis,6
Crepis,215
Aequatorium,19
Pilosella,265
Acourtia,82
Cirsium,490
Vernonia,707
Plagiolophus,1
Blumea,117
Verbesina,335
Leysera,5
Vernonanthura,69
Anthemis,179
Koanophyllon,139
Tridax,32
Serratula,38
Gerbera,38
Liatris,58
Helichrysum,569
Osteospermum,54
Mikania,444
Euryops,103
Ursinia,43
Diplostephium,112
Brachyglottis,31
Barnadesia,20
Cousinia,704
Baccharis,474
Dubautia,33
Nemosenecio,6
Bartlettina,41
Isocoma,15
Gymnanthemum,41
Distephanus,44
Erigeron,447
Loricaria,20
Artemisia,501
Erythrocephalum,15
Oligactis,7
Pallenis,6
Emilia,120
Pectis,84
Proustia,4
Rhodanthe,45
Calea,160
Hebeclinium,27
Sonchus,111
Athanasia,39
Brickellia,112
Synotis,54
Disynaphia,16
Oritrophium,19
Eremanthus,29
Leontopodium,63
Stevia,265
Hymenolepis,7
Grindelia,68
Tolpis,23
Psephellus,95
Espeletia,152
Jurinea,210
Dendrophorbium,60
Wedelia,113
Tephroseris,45
Othonna,114
Kleinia,58
Eurybia,24
Iranecio,16
Antennaria,59
Pulicaria,70
Anaphalis,118
Laennecia,15
Helogyne,8
Ratibida,7
Achyrocline,47
Gazania,19
Werneria,17
Viguiera,121
Pappobolus,38
Flourensia,32
Critoniopsis,68
Chrysoma,1
Lessingianthus,136
Dimorphotheca,19
Carduus,136
Chiliocephalum,2
Adenostemma,29
Astranthium,12
Fleischmannia,106
Bafutia,1
Vittadinia,33
Chaetanthera,50
Townsendia,26
Dimerostemma,29
Berkheya,83
Ophryosporus,41
Carlina,36
Tragopogon,138
Cynara,12
Chuquiraga,24
Echinops,194
Chaptalia,48
Lygodesmia,5
Helianthus,75
Eupatorium,116
Symphyotrichum,103
Papuacalia,17
Lessingia,12
Montanoa,29
Ambrosia,53
Eremosis,20
Laestadia,5
Ixeris,16
Sinosenecio,42
Aspilia,107
Pinaropappus,10
Lepidaploa,142
Tyrimnus,1
Pteronia,69
Lapsanastrum,4
Ageratina,334
Coreopsis,98
Mauranthemum,5
Chresta,14
Tetramolopium,34
Cassinia,41
Arnica,33
Packera,71
Cyrtocymura,6
Allagopappus,2
Heliopsis,15
Felicia,87
Hymenostephium,11
Lactuca,121
Zandera,3
Silphium,15
Reichardia,13
Aphyllocladus,5
Porophyllum,31
Euthamia,13
Trichogonia,26
Ainsliaea,70
Micropsis,5
Rhysolepis,2
Parasenecio,75
Euchiton,17
Nolletia,9
Hymenopappus,14
Trixis,42
Xanthocephalum,8
Pentacalia,217
Trichanthodium,4
Pseudognaphalium,92
Printzia,6
Lasthenia,20
Sinclairia,31
Milleria,2
Piptocarpha,53
Aster,249
Monticalia,7
Arctotis,72
Keysseria,7
Scorzoneroides,26
Leptinella,34
Trigonopterum,1
Ichthyothere,26
Ethulia,18
Strobocalyx,10
Stoebe,21
Seriphidium,77
Jaliscoa,3
Bellium,4
Fleischmanniopsis,5
Stylocline,8
Tripteris,19
Crassocephalum,26
Tagetes,54
Cotula,65
Hypochaeris,68
Simsia,29
Liabum,23
Odixia,2
Clibadium,38
Schistostephium,13
Stephanomeria,17
Tripleurospermum,38
Neomirandea,32
Nidorella,25
Cota,26
Guayania,6
Eumorphia,6
Pentanema,38
Cyathocline,4
Pluchea,59
Deinandra,22
Leiocarpa,9
Chaenactis,19
Rhynchopsidium,2
Calycadenia,10
Ericameria,38
Symphyopappus,14
Ifloga,16
Lasianthaea,16
Elytropappus,5
Celmisia,77
Onopordum,53
Ayapana,17
Notobasis,2
Tetragonotheca,4
Phymaspermum,21
Brachyscome,75
Schkuhria,3
Chersodoma,9
Aristeguietia,20
Lorandersonia,6
Raoulia,27
Varthemia,4
Solanecio,16
Ageratum,52
Nassauvia,42
Leucanthemopsis,7
Hirpicium,13
Syncarpha,29
Anaxeton,10
Leucanthemella,2
Novenia,1
Telanthophora,6
Chronopappus,1
Dimeresia,1
Xeranthemum,6
Nabalus,18
Rhodanthemum,15
Osmitopsis,9
Haplocarpha,10
Stilpnopappus,21
Picris,48
Haplopappus,72
Mutisia,60
Gynura,55
Chrysanthemum,69
Scorzonera,71
Boltonia,7
Conyza,151
Zinnia,23
Amberboa,10
Encelia,22
Heterocondylus,14
Archibaccharis,38
Parthenium,12
Pleiotaxis,35
Olearia,178
Calocephalus,8
Lagenophora,15
Microseris,16
Kalimeris,16
Gutenbergia,28
Smallanthus,21
Heterotheca,27
Faujasiopsis,2
Emiliella,6
Carpesium,25
Chrysothamnus,12
Onoseris,22
Trichocline,25
Klasea,35
Fitchia,7
Parastrephia,3
Herderia,1
Minuria,13
Podocoma,5
Thespis,4
Chondrilla,30
Gnaphalium,115
Inula,114
Soliva,6
Cicerbita,25
Lucilia,9
Metalasia,57
Psilostrophe,8
Gundelia,18
Lophopappus,4
Rensonia,1
Hedypnois,5
Epilasia,3
Lamyropappus,1
Myriactis,16
Austroeupatorium,17
Cremanthodium,76
Lopholaena,16
Ozothamnus,49
Ixiochlamys,4
Lagascea,11
Olgaea,18
Enceliopsis,3
Anisopappus,39
Perityle,63
Lecocarpus,3
Oxycarpha,1
Askellia,11
Cineraria,45
Richterago,16
Dittrichia,2
Leibnitzia,7
Stilpnolepis,1
Pegolettia,9
Melanthera,30
Hubertia,22
Iltisia,2
Madia,11
Leontodon,48
Adenocaulon,5
Rudbeckia,26
Ajania,35
Brachyclados,3
Steiractinia,15
Helenium,39
Carduncellus,27
Sphaeranthus,34
Jasonia,3
Roldana,57
Critoniella,6
Pentachaeta,6
Achillea,151
Launaea,57
Erymophyllum,5
Geigeria,30
Iostephane,4
Acritopappus,16
Eriocephalus,37
Cronquistianthus,29
Doronicum,41
Psilocarphus,6
Pseudogynoxys,15
Brachylaena,14
Cosmos,38
Leucheria,47
Asplundianthus,11
Volutaria,16
Austrocritonia,4
Leucomeris,2
Dasyphyllum,40
Tithonia,13
Dahlia,40
Filago,52
Acilepis,33
Blennosperma,4
Cichorium,7
Jacobaea,56
Jungia,31
Leuzea,23
Santolina,21
Gochnatia,53
Dicoma,40
Youngia,41
Otopappus,17
Selloa,2
Leucanthemum,45
Calotis,26
Prenanthes,9
Argyranthemum,24
Paraprenanthes,11
Stenopadus,16
Haptotrichion,2
Culcitium,7
Leunisia,1
Amellus,12
Catolesia,2
Layia,16
Columbiadoria,1
Craspedia,25
Bothriocline,62
Richteria,8
Austrosynotis,1
Chrysolaena,16
Prestelia,1
Iphiona,9
Disparago,9
Stifftia,6
Dorobaea,3
Chamaemelum,4
Athroisma,12
Trigonospermum,6
Graphistylis,9
Chionolaena,17
Microliabum,5
Galactites,5
Lorentzianthus,1
Flaveria,21
Pseudopiptocarpha,4
Chevreulia,8
Guizotia,9
Angianthus,21
Rhetinocarpha,1
Ferreyranthus,8
Asterothamnus,7
Brickelliastrum,1
Urbananthus,2
Pertya,28
Elaphandra,14
Rhanteriopsis,4
Carphochaete,6
Chimantaea,9
Munnozia,38
Cullumia,17
Amphipappus,1
Psychrogeton,21
Pentzia,25
Dolichorrhiza,4
Gonospermum,6
Carthamus,26
Iva,10
Thelesperma,14
Nordenstamia,14
Isostigma,15
Phagnalon,31
Goniocaulon,1
Dicranocarpus,1
Oparanthus,2
Bechium,3
Zexmenia,9
Syncalathium,5
Alloispermum,16
Brachanthemum,10
Ammobium,2
Denekia,1
Chrysocephalum,10
Piptocoma,19
Balsamorhiza,15
Atrichantha,1
Mniodes,21
Gutierrezia,31
Argyrotegium,4
Machaeranthera,18
Hysterionica,13
Triptilion,7
Lychnophora,33
Amauria,4
Galinsoga,15
Staehelina,8
Holocheilus,7
Teixeiranthus,2
Bahiopsis,9
Dolomiaea,16
Dewildemania,7
Odontocline,5
Minasia,7
Alepidocline,6
Stomatanthes,16
Hymenoxys,30
Mikaniopsis,15
Ixodia,2
Plecostachys,2
Tripolium,2
Asteriscium,9
Lepidospartum,3
Sabazia,16
Xylothamia,3
Caucasalia,4
Pogonolepis,3
Psathyrotopsis,3
Apodocephala,9
Spilanthes,23
Oclemena,4
Cremnothamnus,1
Monolopia,5
Tanacetopsis,22
Camchaya,9
Anaphalioides,8
Dyssodia,4
Pericallis,15
Tetranthus,4
Westoniella,6
Geissolepis,2
Macraea,1
Xenophyllum,22
Xanthium,8
Bellis,14
Oonopsis,4
Lasiopogon,9
Delilia,2
Blepharispermum,16
Raulinoreitzia,3
Loxothysanus,2
Gundlachia,7
Asteriscus,9
Oligochaeta,3
Plagiocheilus,7
Erechtites,20
Rennera,4
Bellida,1
Calendula,12
Centauropsis,9
Kemulariella,6
Holocarpha,4
Jaegeria,10
Ionactis,6
Oyedaea,18
Oligocarpus,2
Thymopsis,2
Eupatoriastrum,7
Kingianthus,2
Echinocoryne,7
Lourteigia,12
Panphalea,9
Chrysocoma,25
Bahianthus,1
Atractylis,31
Myopordon,5
Condylopodium,6
Brachythrix,7
Hyalosperma,9
Desmanthodium,8
Dubyaea,12
Rhamphogyne,1
Critonia,43
Laggera,12
Noticastrum,20
Langebergia,1
Erlangea,18
Lychnophoriopsis,4
Hispidella,1
Oriastrum,5
Nannoglottis,4
Neocabreria,5
Phyllocephalum,11
Poljakanthema,1
Stomatochaeta,6
Duhaldea,12
Jaumea,7
Siloxerus,4
Grazielia,11
Oedera,39
Llerasia,12
Arnoglossum,8
Tricholepis,18
Dendrosenecio,9
Sondottia,2
Lagoseriopsis,1
Lasiolaena,7
Kyrsteniopsis,4
Scrobicaria,3
Caatinganthus,2
Centrapalus,1
Cheirolophus,27
Acamptopappus,2
Platypodanthera,2
Palafoxia,12
Acanthospermum,6
Aphanostephus,8
Lundellianthus,8
Enydra,5
Gymnarrhena,1
Kinghamia,6
Ampelaster,1
Salmea,10
Blainvillea,11
Gnaphaliothamnus,9
Grisebachianthus,8
Relhania,11
Quinetia,1
Centipeda,11
Aaronsohnia,2
Acmella,30
Piqueria,8
Luina,2
Uechtritzia,3
Tetraneuris,9
Hippolytia,16
Anderbergia,6
Stenachaenium,6
Arrhenechthites,8
Kaunia,12
Vittetia,2
Polyanthina,1
Decachaeta,9
Centratherum,3
Gaillardia,22
Rothmaleria,1
Asteridea,10
Madagaster,5
Sphaeromeria,9
Salcedoa,1
Grosvenoria,7
Chaetopappa,12
Cancriniella,1
Spaniopappus,5
Crepidiastrum,22
Schizotrichia,3
Gymnolaena,3
Heliomeris,7
Lipochaeta,12
Calycoseris,2
Euphrosyne,4
Gnephosis,14
Inulanthera,10
Barroetea,6
Andryala,28
Chondropyxis,1
Lycoseris,11
Phonus,2
Pentatrichia,5
Atractylodes,8
Chrysopsis,13
Microgyne,2
Amphoricarpos,5
Cissampelopsis,11
Egletes,10
Faberia,9
Herrickia,4
Basedowia,1
Anacyclus,12
Ayapanopsis,20
Oteiza,4
Xylanthemum,8
Lampropappus,3
Praxelis,17
Vellereophyton,7
Wamalchitamia,5
Gymnophyton,6
Platycarpha,3
Malmeanthus,3
Adenophyllum,10
Trichogoniopsis,4
Stenotus,4
Moonia,5
Acanthocladium,1
Lagophylla,5
Piptolepis,12
Macledium,18
Acanthocephalus,2
Condylidium,2
Paurolepis,1
Paragynoxys,11
Coronidium,20
Neja,5
Mattfeldanthus,2
Neocuatrecasia,12
Hulsea,7
Baccharoides,25
Gongylolepis,15
Hertia,10
Athrixia,15
Guardiola,14
Gibbaria,1
Sigesbeckia,14
Capelio,3
Oldenburgia,4
Arctium,28
Ceratogyne,1
Sclerocarpus,10
Platyschkuhria,2
Galatella,36
Inezia,2
Peripleura,5
Oliganthes,6
Trichocoronis,2
Agoseris,13
Greenmaniella,1
Apopyros,2
Thymophylla,13
Corethrogyne,2
Wyethia,10
Homogyne,2
Elephantopus,27
Gymnostephium,8
Chardinia,1
Tarchonanthus,6
Malacothrix,20
Urbinella,1
Heterosperma,8
Carphephorus,6
Ixeridium,18
Lepidolopha,8
Calyptocarpus,6
Epitriche,1
Monoculus,2
Microcephala,5
Moquinia,1
Chiliadenus,10
Tonestus,4
Amphiglossa,11
Flyriella,6
Harmonia,5
Philactis,4
Anisocarpus,2
Ptilostemon,18
Trichanthemis,9
Oreostemma,3
Krigia,9
Chamaegeron,5
Zoegea,3
Cnicothamnus,2
Waitzia,6
Arnicastrum,2
Seriphium,5
Foveolina,5
Rutidosis,10
Dicoria,3
Perezia,39
Rolandra,1
Microglossa,10
Polytaxis,3
Polydora,8
Logfia,7
Standleyanthus,1
Rigiopappus,1
Leucoptera,3
Pojarkovia,1
Eriophyllum,14
Sinacalia,4
Podachaenium,5
Parafaujasia,1
Dichrocephala,4
Sciadocephala,5
Chrysactinia,6
Heteropappus,12
Silybum,2
Cratystylis,4
Blennospora,3
Sonnea,2
Hymenothrix,12
Synurus,4
Aphanactis,11
Conoclinium,4
Hyaloseris,8
Actinobole,5
Picrosia,2
Nicolletia,3
Heterolepis,4
Doellia,1
Neurolaena,12
Campuloclinium,15
Piqueriopsis,1
Callilepis,5
Haastia,5
Pyrrocoma,15
Leptorhynchos,8
Rhagadiolus,2
Telmatophila,1
Phanerostylis,5
Myrovernix,6
Pseudobahia,3
Oligothrix,1
Idiothamnus,4
Bajacalia,2
Hatschbachiella,2
Podolepis,22
Rhaponticoides,13
Stenocephalum,5
Criscia,1
Cyanthillium,9
Erodiophyllum,2
Heliocauta,1
Catatia,2
Blakeanthus,2
Phania,6
Aetheolaena,2
Chucoa,2
Handelia,1
Raillardella,3
Xerochrysum,13
Eutetras,2
Pterocaulon,27
Erato,4
Facelis,3
Eriochlamys,4
Myriocephalus,13
Coreocarpus,6
Lepidostephium,2
Eclipta,9
Jessea,4
Leucochrysum,6
Poecilolepis,2
Stenophalium,5
Msuata,1
Anastraphia,12
Eucephalus,10
Sclerorhachis,3
Canadanthus,1
Arnaldoa,4
Nouelia,1
Anemocarpa,3
Sheareria,1
Abrotanella,18
Crupina,5
Pittocaulon,2
Symphipappus,1
Steirodiscus,6
Amolinia,1
Syncephalum,5
Ellenbergia,1
Warionia,1
Idiopappus,1
Oocephala,2
Ischnea,5
Wahlenbergia,265
Ancistrocarphus,2
Solenogyne,3
Antillanthus,4
Florestina,8
Praxeliopsis,1
Rafinesquia,2
Endocellion,1
Tomentaurum,2
Nicolasia,7
Lepidesmia,1
Petasites,18
Leonis,1
Miyamayomena,5
Corymbium,9
Echinacea,10
Haeckeria,4
Gyptis,8
Aldama,46
Adenocritonia,3
Oresbia,1
Catananche,5
Chrysactinium,7
Xanthisma,11
Pentalepis,6
Berlandiera,8
Ewartia,5
Linzia,10
Micropus,4
Pasaccardoa,4
Schoenia,5
Dolichoglottis,2
Grangeopsis,1
Pacifigeron,2
Calanticaria,4
Anisocoma,1
Imeria,2
Pseudohandelia,1
Commidendrum,5
Epaltes,10
Monoptilon,2
Eitenia,2
Chrysanthoglossum,2
Talamancalia,4
Chiliotrichiopsis,3
Sachsia,2
Blepharizonia,2
Hinterhubera,8
Himalaiella,14
Heteroderis,1
Espejoa,1
Trianthema,32
Camptacra,2
Uropappus,1
Diodontium,1
Tetradymia,7
Erythradenia,1
Struchium,2
Nanothamnus,1
Leptocarpha,1
Hazardia,10
Heptanthus,6
Hymenonema,3
Arctogeron,1
Amblyocarpum,1
Steyermarkina,4
Robinsonia,7
Lachnospermum,4
Riencourtia,5
Galeana,2
Stokesia,1
Piptothrix,5
Cymbonotus,3
Pseudoblepharispermum,2
Pseudopodospermum,39
Lagenocypsela,2
Ageratella,2
Lachnophyllum,2
Catamixis,1
Glossopappus,1
Harleya,1
Rochonia,2
Hilliardiella,11
Garcibarrigoa,2
Blepharipappus,1
Musilia,1
Scolymus,3
Isocarpha,5
Chrysanthellum,12
Helianthella,10
Hololepis,2
Schizogyne,3
Humbertacalia,8
Pityopsis,7
Centaurodendron,2
Chamaechaenactis,1
Polyarrhena,4
Tetrachyron,8
Oncosiphon,12
Planaltoa,2
Alfredia,8
Eleutheranthera,2
Oiospermum,1
Adelostigma,2
Podotheca,6
Cousiniopsis,1
Iphionopsis,3
Ageratinastrum,6
Norlindhia,3
Adenoon,1
Garhadiolus,3
Adenoglossa,1
Artemisiopsis,1
Bolandia,2
Thespidium,1
Neotysonia,1
Jefea,4
Marshallia,11
Gymnocoronis,4
Cabobanthus,2
Edmondia,3
Grangea,8
Cavea,1
Austrobrickellia,3
Buphthalmum,3
Bishopiella,1
Pseudoclappia,2
Urospermum,3
Baileya,3
Inuloides,1
Hasteola,2
Engelmannia,2
Dillandia,2
Zyrphelis,11
Chthonocephalus,6
Engleria,2
Dasyanthina,2
Jalcophila,4
Villanova,4
Pycnosorus,7
Gyptidium,2
Vieraea,1
Kyhosia,1
Cymophora,5
Bombycilaena,2
Syreitschikovia,3
Brenandendron,3
Nikitinia,1
Paranephelius,7
Alomia,5
Campovassouria,2
Heteromera,2
Crossothamnus,4
Anthemimatricaria,3
Scalesia,10
Stephanodoria,1
Marshalljohnstonia,1
Ferreyrella,2
Pleurocoronis,3
Taplinia,1
Cancrinia,12
Hoehnephytum,3
Plateilema,1
Chaetadelpha,1
Troglophyton,6
Hidalgoa,3
Balduina,3
Phalacrocarpum,3
Gyrodoma,1
Calorezia,1
Corethamnium,1
Chacoa,1
Coleocoma,1
Cyclolepis,1
Oxylobus,8
Heteroplexis,2
Peteravenia,6
Duidaea,4
Nothocalais,4
Polyachyrus,7
Dasyandantha,1
Soroseris,7
Mairia,3
Varilla,2
Arnoseris,1
Croptilon,3
Diaperia,4
Hofmeisteria,12
Bejaranoa,2
Cavalcantia,2
Psilactis,5
Wunderlichia,7
Pseudonoseris,5
Nananthea,1
Dasycondylus,8
Ameghinoa,1
Shawia,2
Capparis,143
Faujasia,5
Limbarda,2
Ismelia,1
Stuartina,2
Pacourina,1
Filfia,1
Microspermum,9
Zaluzania,15
Leucogenes,5
Psacaliopsis,3
Barrosoa,13
Spiracantha,1
Axiniphyllum,6
Tridactylina,1
Schistocarpha,14
Achnopogon,2
Leptostelma,7
Inulopsis,4
Nestotus,2
Sipolisia,1
Eremocharis,9
Moscharia,2
Bedfordia,3
Helichrysopsis,1
Mecomischus,2
Prolobus,1
Iotasperma,2
Paralychnophora,4
Rohria,1
Rachelia,1
Oreochrysum,1
Gratwickia,1
Malperia,1
Podanthus,2
Dyscritogyne,2
Amblyolepis,1
Oblivia,2
Oaxacania,1
Pappochroma,1
Dimorphocoma,1
Hippia,8
Atrichoseris,1
Hemizonia,1
Dyscritothamnus,2
Alatoseta,1
Eirmocephala,3
Guevaria,5
Syncretocarpus,2
Prenanthella,1
Orochaenactis,1
Argyroxiphium,5
Aedesia,3
Calostephane,6
Rhanterium,3
Pithocarpa,4
Stylotrichium,5
Sphaereupatorium,1
Cabreriella,2
Pseudobrickellia,3
Nipponanthemum,1
Quelchia,5
Sclerolepis,1
Dichromochlamys,1
Lepidolopsis,3
Allardia,9
Osbertia,4
Arrowsmithia,12
Bishopalea,1
Stizolophus,4
Wilkesia,2
Lasiospermum,4
Berroa,1
Lamprocephalus,1
Stephanopholis,1
Baltimora,2
Adenostyles,8
Dacryotrichia,1
Picradeniopsis,8
Hedosyne,1
Polymnia,8
Monactis,6
Telekia,2
Tamananthus,1
Sericocarpus,7
Hesperevax,3
Castroviejoa,2
Xylorhiza,9
Aztecaster,2
Cacaliopsis,1
Doellingeria,3
Plagius,3
Hesperomannia,4
Ancathia,1
Gypothamnium,1
Arrojadocharis,2
Almutaster,1
Santosia,1
Picnomon,1
Sommerfeltia,2
Charadranaetes,1
Rojasianthe,1
Allopterigeron,1
Calomeria,2
Macropodina,3
Cuniculotinus,1
Symphyllocarpus,1
Roodebergia,1
Guynesomia,1
Argentipallium,5
Nardophyllum,5
Hololeion,3
Arctanthemum,2
Cladanthus,5
Dysodiopsis,1
Steviopsis,5
Mesanthophora,2
Neurolakis,1
Litothamnus,2
Coleostephus,3
Cardopatium,2
Phoebanthus,2
Burkartia,1
Spiroseris,1
Soaresia,1
Misbrookea,1
Monosis,7
Eremothamnus,1
Hullsia,1
Adenothamnus,1
Carduogalactites,1
Lepidonia,7
Helminthotheca,10
Castrilanthemum,1
Jaramilloa,2
Bahia,1
Pleurophyllum,3
Herodotia,1
Pachystegia,3
Vernoniastrum,12
Dithyrostegia,2
Pterygopappus,1
Centromadia,4
Agnorhiza,5
Bishovia,2
Fitzwillia,1
Lifago,1
Carminatia,4
Chromolepis,1
Hyoseris,6
Garuleum,8
Stenocline,3
Neojeffreya,1
Irwinia,1
Zemisia,1
Peucephyllum,1
Digitacalia,5
Myxopappus,2
Tenrhynea,1
Marticorenia,1
Petrobium,1
Benitoa,1
Cuatrecasasiella,2
Diaphractanthus,1
Grauanthus,2
Hydropectis,3
Plazia,2
Dipterocome,1
Notoseris,6
Rhodogeron,1
Cymbopappus,3
Mesoneuris,1
Colobanthera,1
Laxmannia,15
Caesulia,1
Carlquistia,1
Lulia,1
Vernonella,12
Agrianthus,8
Antherotoma,11
Wollastonia,4
Erythroseris,2
Koyamasia,2
Phaneroglossa,1
Schmidtia,3
Decaneuropsis,12
Sonchella,2
Orbivestus,10
Radlkoferotoma,3
Rhynchospermum,1
Bebbia,2
Pseudelephantopus,2
Tugarinovia,1
Triplocephalum,1
Phalacrachena,2
Plectocephalus,4
Tarlmounia,1
Tessaria,4
Pleocarphus,1
Asteropsis,1
Schlechtendalia,1
Acanthodesmos,1
Eupatorina,2
Porphyrostemma,3
Iodocephalopsis,1
Garberia,1
Angeldiazia,1
Gelasia,44
Omphalopappus,1
Amblysperma,1
Vinicia,1
Stenops,2
Synedrellopsis,1
Neohintonia,1
Hystrichophora,1
Berardia,1
Chiliophyllum,1
Koelpinia,6
Rayjacksonia,3
Dichaetophora,1
Cylindrocline,2
Badilloa,11
Pterachaenia,2
Psathyrotes,3
Myanmaria,1
Lamyropsis,5
Micractis,3
Gnomophalium,1
Holoschkuhria,2
Hybridella,1
Brocchia,1
Tehuana,1
Litogyne,1
Pachythamnus,1
Dendrocacalia,2
Morithamnus,2
Centaurothamnus,1
Picrothamnus,1
Isoetopsis,1
Quinqueremulus,1
Polychrysum,1
Delamerea,1
Gymnocondylus,1
Eutrochium,5
Curio,5
Lantanopsis,2
Jeffreya,2
Rastrophyllum,2
Crocidium,2
Mantisalca,5
Thaminophyllum,3
Philoglossa,2
Leucosyris,9
Borrichia,3
Turaniphytum,2
Lonas,1
Oxyphyllum,1
Stebbinsoseris,2
Phitosia,1
Anteremanthus,1
Chiliotrichum,2
Pyrrhopappus,4
Acomis,4
Syntrichopappus,1
Phaenocoma,1
Avellara,1
Marasmodes,5
Thevenotia,2
Glossarion,2
Dipterocypsela,1
Phalacroseris,1
Dymondia,1
Pithecoseris,1
Shinnersia,1
Cacosmia,3
Lemooria,1
Holozonia,1
Tracyina,1
Tourneuxia,1
Scherya,1
Humeocline,1
Ligulariopsis,1
Laphangium,3
Delairea,2
Villasenoria,1
Crambella,1
Takhtajaniantha,10
Sartorina,1
Oligomeris,4
Vigethia,1
Didelta,2
Akeassia,1
Floscaldasia,2
Dolichlasium,1
Hyalis,2
Acanthostyles,2
Harnackia,1
Sartwellia,4
Goldmanella,1
Welwitschiella,1
Sphagneticola,4
Gorteria,4
Hartwrightia,1
Chlamydophora,1
Urolepis,1
Boeberastrum,3
Willemetia,2
Artemisiella,1
Pyrethropsis,1
Hyalochlamys,1
Opisthopappus,3
Glebionis,2
Alvordia,2
Oxypappus,1
Sanvitalia,6
Thiseltonia,1
Linochilus,1
Cadiscus,1
Karelinia,1
Osmiopsis,1
Tetraperone,1
Revealia,1
Pechuel-loeschea,1
Bethencourtia,3
Calopappus,1
Chrysogonum,3
Tilesia,4
Trioncinia,1
Fenixia,1
Pelucha,1
Unxia,3
Synedrella,1
Iocenes,1
Raouliopsis,2
Leptoclinium,1
Diacranthera,3
Elachanthemum,1
Macrachaenium,1
Russowia,1
Geraea,2
Jensia,2
Lawrencella,2
Anthematricaria,1
Decastylocarpus,1
Heterorhachis,2
Lidbeckia,2
Trichospira,1
Galeomma,2
Eatonella,1
Toiyabea,4
Ajaniopsis,1
Chrysanthemoides,2
Kaschgaria,2
Leucophyta,1
Petradoria,1
Tuberculocarpus,1
Plagiobasis,1
Narvalina,1
Mausolea,1
Boeberoides,1
Gorceixia,1
Femeniasia,1
Asanthus,3
Cololobus,3
Stuessya,1
Bartlettia,1
Goyazianthus,1
Aposeris,1
Aynia,1
Neopallasia,1
Gymnodiscus,3
Quechualia,4
Perralderia,3
Rhinactinidia,1
Dolichothrix,1
Nothobaccharis,1
Koehneola,1
Hypericophyllum,11
Dissothrix,1
Flosmutisia,1
Argyroglottis,1
Freya,1
Xiphochaeta,1
Lindheimera,2
Medranoa,5
Amphiachyris,1
Paenula,1
Thurovia,1
Pachylaena,2
Bolanosa,1
Trilisa,1
Jacmaia,1
Schlagintweitia,4
Crossostephium,2
Ditrichum,67
Novaguinea,1
Haegiela,1
Barkleyanthus,1
Alomiella,2
Hemizonella,1
Berylsimpsonia,2
Macvaughiella,2
Lapsana,1
Trichoptilium,1
Pterochaeta,1
Monarrhenus,1
Eastwoodia,1
Ceruana,1
Tessenia,1
Heterocoma,1
Doniophyton,2
Arctotheca,5
Dicerothamnus,2
Piora,1
Amblyopappus,1
Anisochaeta,1
Daveaua,1
Merrittia,1
Elekmania,1
Phalacraea,4
Cephalopappus,1
Stramentopappus,1
Blumeopsis,2
Heteranthemis,2
Bishopanthus,1
Ixiolaena,1
Hilliardia,1
Dieteria,3
Shafera,1
Hymenostemma,1
Castanedia,1
Dicercoclados,1
Gardnerina,1
Tuxtla,1
Bradburia,2
Huarpea,1
Paracalia,3
Venegasia,1
Critoniadelphus,2
Eupatoriopsis,1
Jamesianthus,1
Cuspidia,1
Karvandarina,1
Cronquistia,1
Melanoseris,36
Ekmaniopappus,1
Muschleria,1
Pleurocarpaea,2
Otanthus,1
Leto,1
Comaclinium,1
Strotheria,1
Trichocoryne,1
Tephrothamnus,1
Hoplophyllum,2
Calotesta,1
Gymnosperma,1
Acrisione,1
Pleiacanthus,1
Apostates,1
Siebera,2
Trepadonia,2
Chloracantha,4
Ondetia,1
Blanchetia,1
Joseanthus,5
Filifolium,1
Dresslerothamnus,2
Rugelia,1
Lachnorhiza,2
Proteopsis,1
Balbisia,10
Nivellea,1
Feldstonia,1
Ambassa,1
Lepidophyllum,1
Callistephus,1
Iodocephalus,1
Dielitzia,1
Stachycephalum,3
Acilepidopsis,1
Solidaster,2
Parantennaria,1
Damnamenia,1
Pseudostifftia,1
Perdicium,2
Piqueriella,1
Antillia,1
Pericome,2
Schischkinia,1
Helianthemum,143
Psednotrichia,2
Lordhowea,1
Polycalymma,1
Antiphiona,2
Elachanthus,1
Geropogon,1
Io,1
Amboroa,2
Fulcaldea,2
Huberopappus,1
Tussilago,1
Nesomia,1
Pippenalia,1
Cuatrecasanthus,6
Gongrostylus,2
Endopappus,1
Exomiocarpon,1
Cladochaeta,1
Dugesia,1
Triptilodiscus,1
Robinsonecio,2
Ascidiogyne,2
Ianthopappus,1
Anvillea,2
Batopilasia,1
Adenanthellum,1
Mesogramma,1
Stilpnogyne,1
Decazesia,1
Nestlera,1
Heteromma,3
Glyptopleura,2
Parthenice,1
Remya,3
Blakiella,1
Staurochlamys,1
Osmadenia,1
Tamaulipa,1
Austroliabum,1
Arbelaezaster,1
Mexianthus,1
Traversia,1
Eschenbachia,9
Heteracia,1
Achyropappus,3
Yermo,1
Urmenetea,1
Manyonia,1
Pseudoglossanthis,1
Cephalipterum,1
Monogereion,1
Matudina,1
Semiria,1
Mtonia,1
Dauresia,1
Cloiselia,1
Pytinicarpa,1
Nephrotheca,1
Tzvelevopyrethrum,1
Litrisa,1
Faxonia,1
Aylacophora,1
Rainiera,1
Achyrachaena,1
Gilberta,1
Liabellum,1
Richardia,17
Ciceronia,1
Dinoseris,1
Heterocypsela,1
Lycapsus,1
Neblinaea,1
Cephalosorus,1
Leucactinia,1
Parapiqueria,1
Perymeniopsis,1
Baeriopsis,1
Clappia,1
Parapolydora,1
Damnxanthodium,1
Hughesia,1
Henricksonia,1
Miricacalia,1
Constancea,1
Siapaea,1
Caxamarca,1
Vernoniopsis,2
Hecastocleis,1
Achnophora,1
Munzothamnus,1
Coulterella,1
Eriocoma,29
Nesampelos,1
Domeykoa,5
Ekmania,1
Orthopappus,1
Petalacte,1
Schizoptera,1
Otospermum,1
Albertinia,1
Belloa,2
Formania,1
Eurydochus,1
Tuberostylis,2
Mexerion,1
Farfugium,2
Cyathomone,1
Kippistia,1
Chamaepus,1
Gladiopappus,1
Urostemon,1
Xerxes,1
Feddea,1
Eriachaenium,1
Hoffmanniella,1
Duseniella,1
Pseudojacobaea,1
Chionopappus,1
Callicephalus,1
Gymnopentzia,1
Apalochlamys,1
Hydroidea,1
Shinnersoseris,1
Brachionostylum,1
Conyzigeron,1
Squamopappus,1
Rhetinolepis,1
Zyzyxia,1
Xanthopappus,1
Chaetymenia,1
Tietkensia,1
Lepidophorum,1
Woodwardia,16
Cheiropleuria,3
Adiantum,251
Alsophila,256
Aleuritopteris,54
Cyathea,334
Gymnosphaera,46
Sphaeropteris,105
Davallia,62
Leucostegia,3
Austrogramme,6
Rumohra,11
Blotiella,20
Dennstaedtia,55
Histiopteris,11
Hypolepis,72
Lindsaea,192
Lindsaeosoria,1
Microlepia,56
Nesolindsaea,2
Odontosoria,33
Osmolindsaea,8
Paesia,12
Saccoloma,28
Cheilanthes,61
Tapeinidium,19
Cibotium,11
Dicksonia,33
Dipteris,8
Arachniodes,90
Adiantopsis,34
Ctenitis,148
Cyclopeltis,7
Cyrtomium,41
Didymochlaena,22
Dryopolystichum,1
Dryopteris,447
Dryostichum,2
Lastreopsis,21
Megalastrum,97
Coniogramme,24
Cryptogramma,9
Phanerophlebia,10
Pleocnemia,21
Doryopteris,34
Polystichum,493
Stigmatopteris,28
Tectaria,283
Triplophyllum,27
Dicranopteris,28
Diplopterygium,23
Gleichenia,14
Sticherus,93
Acrosorus,9
Adenophorus,13
Calymmodon,61
Ceradenia,77
Chrysogrammitis,2
Ctenopterella,10
Dasygrammitis,8
Grammitis,39
Melpomene,30
Micropolypodium,3
Oreogrammitis,190
Prosaptia,72
Scleroglossum,10
Tomophyllum,37
Xiphopterella,14
Abrodictyum,31
Callistopteris,5
Cephalomanes,5
Crepidomanes,44
Didymoglossum,52
Hymenophyllum,309
Polyphlebium,16
Trichomanes,78
Vandenboschia,28
Bolbitis,75
Elaphoglossum,776
Jamesonia,67
Mildella,4
Lomagramma,18
Lomariopsis,52
Angiopteris,53
Christensenia,2
Danaea,79
Ptisana,35
Marsilea,52
Pilularia,7
Metaxya,6
Nephrolepis,34
Oleandra,30
Botrychium,41
Cheiroglossa,2
Japanobotrychium,2
Mankyua,1
Ophioderma,6
Ophioglossum,57
Sceptridium,28
Leptopteris,7
Osmunda,10
Plenasium,4
Plagiogyria,15
Notholaena,33
Campyloneurum,66
Drynaria,37
Goniophlebium,34
Oeosporangium,39
Lepisorus,95
Leptochilus,55
Loxogramme,40
Pellaea,53
Microgramma,34
Microsorum,44
Pecluma,51
Phlebodium,6
Platycerium,20
Pleopeltis,107
Polypodium,59
Pityrogramma,30
Selliguea,127
Serpocaulon,43
Synammia,3
Syngramma,16
Taenitis,16
Pteris,359
Salvinia,13
Actinostachys,17
Anemia,133
Lygodium,33
Asplenium,942
Microschizaea,7
Schizaea,17
Abacopteris,14
Amauropelta,239
Amblovenatum,7
Chingia,25
Coryphopteris,70
Cyclogramma,9
Goniopteris,137
Leptogramma,29
Macrothelypteris,10
Meniscium,25
Mesophlebion,17
Metathelypteris,17
Plesioneuron,60
Pneumatopteris,31
Pseudocyclosorus,13
Sphaerostephanos,192
Stegnogramma,7
Thelypteris,15
Trigonospora,7
Antrophyum,40
Haplopteris,43
Polytaenium,14
Vaginularia,6
Athyrium,252
Cornoathyrium,3
Cornopteris,15
Cystopteris,30
Deparia,90
Diplazium,508
Gymnocarpium,14
Hypodematium,27
Onoclea,3
Woodsia,53
Blechnum,35
Doodia,20
Convolvulus,209
Ipomoea,689
Cuscuta,224
Calystegia,32
Merremia,39
Jacquemontia,110
Polymeria,11
Porana,2
Argyreia,147
Bonamia,70
Calycobolus,25
Operculina,14
Wilsonia,3
Dichondra,15
Dinetus,8
Erycibe,72
Hildebrandtia,11
Hyalocystis,2
Lepistemon,7
Rivea,3
Seddera,28
Stictocardia,13
Turbina,17
Tridynamia,4
Duperreya,3
Neuropeltis,14
Paralepistemon,2
Metaporana,6
Cladostigma,3
Mickelia,11
Lellingeria,52
Memecylon,370
Medinilla,388
Sonerila,203
Pachycentria,9
Calvoa,21
Melastoma,206
Pleroma,173
Fritzschia,13
Henriettea,71
Marcetia,34
Meriania,112
Miconia,1928
Microlicia,294
Pseudoernestia,2
Blakea,196
Rhexia,115
Cambessedesia,29
Ossaea,11
Osbeckia,48
Phyllagathis,77
Pterogastra,3
Pterolepis,20
Rhynchanthera,26
Salpinga,12
Siphanthera,23
Tibouchina,49
Axinaea,45
Bertolonia,55
Acisanthera,13
Adelobotrys,32
Anerincleistus,33
Astrocalyx,1
Astronia,64
Astronidium,67
Beccarianthus,9
Blastus,11
Boerlagea,1
Chaetogastra,123
Chaetolepis,11
Chalybea,12
Cincinnobotrys,10
Comolia,15
Alloneuron,7
Creochiton,15
Dalenia,9
Derosiphia,1
Dichaetanthera,41
Diplectria,8
Dissochaeta,29
Dissotis,16
Driessenia,20
Dupineta,5
Eriocnema,4
Feliciadamia,1
Fordiophyton,18
Gravesia,117
Heterocentron,18
Lijndenia,16
Macrocentrum,26
Macrolenes,26
Ernestia,13
Melastomastrum,7
Mouriri,90
Neodriessenia,6
Noterophila,8
Ochthocharis,10
Oxyspora,34
Plethiandra,8
Poikilogyne,28
Pternandra,21
Sarcopyramis,4
Tashiroea,12
Tristemma,15
Warneckea,49
Poteranthera,5
Vietsenia,4
Pseudodissochaeta,6
Aschistanthera,1
Poilannammia,4
Sporoxeia,7
Kerriothyrsus,1
Wurdastom,10
Moranopteris,33
Hymenasplenium,71
Blechnopsis,2
Lomaria,7
Sadleria,6
Spicantopsis,3
Fillaeopsis,1
Astragalus,3105
Cassia,40
Hippocrepis,34
Lathyrus,188
Chamaecrista,376
Senna,293
Leucaena,26
Oxytropis,615
Trifolium,311
Ulex,18
Colutea,31
Genista,158
Lotus,130
Mora,6
Mucuna,113
Diplotropis,10
Dipteryx,12
Discolobium,7
Dolichopsis,3
Dussia,11
Baptisia,25
Bauhinia,190
Geoffroea,3
Goniorrhachis,1
Guibourtia,16
Harpalyce,38
Hebestigma,1
Hesperothamnus,7
Heterostemon,8
Hoffmannseggia,23
Rhynchosia,258
Riedeliella,3
Strophostyles,3
Stryphnodendron,28
Stylosanthes,43
Swartzia,194
Tachigali,74
Taralea,5
Tephrosia,370
Adesmia,208
Alexa,11
Amorpha,17
Andira,30
Ateleia,27
Calliandra,156
Canavalia,73
Centrosema,45
Cladrastis,4
Clitoria,68
Coursetia,39
Crotalaria,719
Dalbergia,285
Dalea,196
Dioclea,15
Eperua,19
Eriosema,170
Erythrina,139
Mimosa,634
Galactia,100
Inga,298
Lespedeza,65
Lonchocarpus,168
Bocoa,3
Bowdichia,2
Brongniartia,64
Brownea,25
Brya,7
Caesalpinia,11
Calpocalyx,11
Calopogonium,8
Camptosema,4
Hymenaea,23
Ceratonia,2
Hymenolobium,14
Indigofera,765
Chidlowia,1
Copaifera,41
Cordeauxia,1
Crudia,38
Sellocharis,1
Sesbania,60
Sophora,63
Sphinctospermum,1
Stenodrepanum,1
Uleanthus,1
Vatairea,8
Vataireopsis,4
Vicia,256
Cryptosepalum,12
Genistidium,1
Aeschynomene,120
Cenostigma,15
Centrolobium,7
Clathrotropis,3
Cleobulia,4
Collaea,7
Cologania,13
Conzattia,3
Cranocarpus,3
Cratylia,10
Cyathostegia,2
Cynometra,113
Jacqueshuberia,7
Entada,41
Enterolobium,8
Neptunia,23
Errazurizia,3
Eysenhardtia,13
Senegalia,224
Acaciella,15
Newtonia,16
Daniellia,10
Schnella,48
Delonix,12
Detarium,3
Dialium,38
Leptolobium,12
Desmanthus,25
Guilandina,18
Libidibia,10
Didelotia,13
Distemonanthus,1
Duparquetia,1
Englerodendron,20
Eurypetalum,2
Gigasiphon,5
Campsiandra,22
Gilbertiodendron,38
Poissonia,5
Hosackia,11
Gilletiodendron,5
Luetzelburgia,14
Lupinus,593
Gleditsia,16
Griffonia,4
Nissolia,34
Ormosia,130
Ornithopus,7
Oxyrhynchus,4
Paloue,17
Paramachaerium,5
Parapiptadenia,6
Parkia,38
Parkinsonia,14
Peltogyne,26
Peltophorum,7
Pentaclethra,3
Periandra,7
Petaladenium,1
Phaseolus,90
Pictetia,8
Piptadenia,28
Piptadeniopsis,1
Piscidia,7
Pithecellobium,26
Haematoxylum,5
Vouacapoua,3
Weberbauerella,3
Zollernia,10
Zornia,91
Hylodendron,1
Machaerium,128
Hymenostegia,15
Macrolobium,79
Macroptilium,22
Marina,42
Monopteryx,3
Myrocarpus,5
Poecilanthe,9
Psorothamnus,4
Piptadeniastrum,1
Vigna,107
Intsia,2
Isoberlinia,5
Dahlstedtia,17
Julbernardia,10
Lysiloma,10
Lebruniodendron,1
Martiodendron,5
Platycyamus,2
Platymiscium,19
Poiretia,12
Poitea,15
Prosopidastrum,7
Librevillea,1
Psoralea,124
Loesenera,4
Ramirezella,7
Ramorinoa,1
Recordoxylon,3
Aldina,18
Amicia,7
Lysidice,2
Amphicarpaea,3
Anadenanthera,4
Anarthrophyllum,16
Mezoneuron,23
Androcalymma,1
Apios,7
Arachis,84
Arcoa,1
Michelsonia,1
Microberlinia,2
Pseudoprosopis,7
Mimozyganthus,1
Neochevalierodendron,1
Oddoniodendron,6
Pachyelasma,1
Desmodium,181
Piliostigma,5
Dicymbe,20
Dimorphandra,27
Dinizia,2
Plagiosiphon,5
Diphysa,22
Derris,67
Diptychandra,3
Polystemonanthus,1
Glycyrrhiza,16
Neltuma,44
Pleurolobus,6
Pterogyne,1
Pterolobium,10
Saraca,12
Schotia,4
Scorodophloeus,3
Sindora,21
Sindoropsis,1
Acmispon,35
Stachyothyrsus,2
Stemonocoleus,1
Stuhlmannia,1
Talbotiella,10
Tamarindus,1
Tessmannia,13
Tetraberlinia,7
Tylosema,5
Tetrapleura,2
Jupunba,38
Cojoba,16
Zygia,58
Umtiza,1
Zenkerella,6
Chloroleucon,11
Macrosamanea,12
Punjuba,6
Baphiopsis,1
Cordyla,7
Xerocladia,1
Xylia,9
Mildbraediodendron,1
Fairchildia,1
Pterocarpus,39
Amphiodon,1
Strombocarpa,10
Pediomelum,24
Orbexilum,11
Tipuana,1
Albizia,102
Deguelia,22
Holocalyx,1
Acacia,1112
Humularia,34
Acosmium,3
Adenanthera,12
Barbieria,1
Batesia,1
Cercis,10
Cyclolobium,1
Cymbosema,1
Exostyles,4
Fissicalyx,1
Panurea,2
Poeppigia,2
Pterodon,5
Robinia,10
Sweetia,1
Zuccagnia,1
Bryaspis,2
Moldenhawera,12
Myrospermum,2
Myroxylon,2
Cylicodiscus,1
Kotschya,30
Prioria,15
Ormocarpum,24
Smithia,21
Bionia,4
Havardia,4
Styphnolobium,9
Alysicarpus,37
Dichrostachys,16
Droogmansia,22
Pseudarthria,7
Pycnospora,1
Uraria,25
Gliricidia,5
Teramnus,9
Lecointea,7
Pachyrhizus,5
Grazielodendron,1
Apoplanesia,2
Balsamocarpon,1
Behaimia,1
Uribea,1
Lennea,3
Melanoxylum,1
Peteria,4
Abrus,17
Cascaronia,1
Chapmannia,7
Wisteria,6
Olneya,1
Soemmeringia,1
Adenodolichos,22
Rhodopis,3
Alistilus,3
Cajanus,34
Carrissoa,1
Clitoriopsis,1
Decorsea,6
Dipogon,1
Dolichos,68
Adenopodia,7
Zapoteca,22
Apurimacia,2
Dumasia,10
Eminia,4
Psorodendron,5
Bolusafra,1
Flemingia,48
Glycine,28
Lablab,1
Macrotyloma,24
Browneopsis,8
Lophocarpinia,1
Amburana,3
Dicorynia,2
Plathymenia,1
Platypodium,2
Vachellia,163
Neonotonia,2
Neorautanenia,2
Nesphostylis,3
Ophrestia,14
Otoptera,2
Codariocalyx,2
Paracalyx,5
Neustanthus,1
Physostigma,5
Pseudeminia,4
Ononis,90
Lotononis,98
Coronilla,25
Pseudovigna,3
Tara,3
Psophocarpus,9
Shuteria,4
Spathionema,1
Sphenostylis,7
Amblygonocarpus,1
Dichilus,5
Polhillia,11
Paraserianthes,1
Vatovaea,1
Wajira,5
Herpyza,1
Amherstia,1
Butea,5
Hedysarum,238
Hoita,3
Spirotropis,1
Strongylodon,17
Rothia,2
Spatholobus,35
Pseudoeriosema,5
Hardenbergia,3
Kennedia,15
Vandasina,1
Macropsychanthus,49
Prosopis,3
Campylotropis,42
Pueraria,19
Cullen,34
Bossiaea,82
Goodia,6
Hovea,38
Lamprolobium,2
Muelleranthus,4
Platylobium,9
Aotus,17
Gompholobium,48
Dillwynia,30
Gastrolobium,111
Jacksonia,74
Mirbelia,28
Oxylobium,8
Callistachys,2
Pultenaea,130
Sphaerolobium,22
Cicer,47
Onobrychis,211
Adenocarpus,20
Cytisus,41
Argyrolobium,81
Melilotus,26
Parochetus,2
Medicago,99
Trigonella,108
Calicotome,5
Chamaecytisus,46
Swainsona,87
Sphaerophysa,2
Smirnowia,1
Kummerowia,2
Pericopsis,4
Ammodendron,4
Gonocytisus,4
Gymnocladus,5
Sarcodum,3
Millettia,175
Fordia,10
Padbruggea,3
Chadsia,9
Antheroporum,5
Afgekia,2
Aganope,11
Imbralyx,10
Archidendron,99
Serianthes,17
Pseudosamanea,3
Dunbaria,20
Caragana,97
Carmichaelia,25
Faidherbia,1
Euchresta,4
Maackia,9
Clianthus,2
Afzelia,12
Ammopiptanthus,2
Daviesia,131
Isotropis,16
Phyllodium,7
Piptanthus,2
Thermopsis,29
Ougeinia,1
Retama,5
Cedrelinga,1
Dendrolobium,19
Colvillea,1
Schizolobium,1
Apuleia,1
Moullava,4
Phanera,114
Aspalathus,299
Cadia,8
Calophaca,9
Echinospartum,5
Humboldtia,8
Rafnia,30
Pararchidendron,1
Ebenopsis,3
Painteria,2
Microlobius,1
Phyllota,11
Labichea,16
Templetonia,13
Latrobea,8
Leptosema,13
Cathormion,1
Lysiphyllum,8
Chorizema,25
Urodon,2
Aenictophyton,2
Austrodolichos,1
Austrosteenisia,4
Ptychosema,1
Inocarpus,4
Christia,11
Viminaria,1
Barklya,1
Eutaxia,22
Petalostylis,2
Erichsenia,1
Phylacium,2
Storckiella,4
Plagiocarpus,7
Chesneya,48
Taverniera,17
Ebenus,21
Cyamopsis,4
Rhynchotropis,2
Erophaca,1
Lessertia,63
Microcharis,36
Indigastrum,8
Platyosprion,1
Melliniella,1
Bobgunnia,2
Rupertia,3
Zenia,1
Biancaea,7
Schleinitzia,4
Sylvichadsia,5
Stirtonanthus,3
Xiphotheca,10
Pomaria,16
Adinobotrys,4
Callerya,12
Whitfordiodendron,4
Baudouinia,6
Mendoravia,1
Eligmocarpus,1
Sakoanala,2
Lemurodendron,1
Brandzeia,1
Podolobium,6
Blanchetiodendron,1
Hesperalbizia,1
Hydrochorea,11
Streblorrhiza,1
Salweenia,2
Sphinga,3
Arthroclianthus,13
Almaleea,5
Mysanthus,1
Pyranthus,6
Lackeya,2
Burkilliodendron,1
Wallaceodendron,1
Sympetalandra,5
Tetrapterocarpon,2
Brenierea,1
Leptodesmia,4
Endertia,1
Kalappia,1
Cochlianthus,2
Koompassia,3
Leucostegane,2
Neocollettia,1
Fiebrigiella,1
Trifidacanthus,1
Eleiotis,2
Endosamara,1
Indopiptadenia,1
Mastersia,2
Mecopus,1
Cruddasia,5
Diphyllarium,1
Sinodolichos,2
Nogra,4
Leucochloron,4
Ecuadendron,1
Mundulea,12
Gagnebina,5
Dysolobium,5
Aphanocalyx,14
Bikinia,10
Icuria,1
Anthyllis,27
Abarema,3
Dorycnopsis,2
Tadehagi,6
Kebirita,1
Stonesiella,1
Cytisopsis,2
Erythrophleum,12
Melolobium,14
Samanea,3
Bussea,7
Denisophytum,8
Neoapaloxylon,3
Alantsilodendron,9
Viguieranthus,18
Xanthocercis,3
Dicraeopetalum,3
Neoharmsia,2
Pongamiopsis,3
Disynstemon,1
Phylloxylon,7
Amphithalea,43
Pearsonia,13
Hypocalyptus,3
Liparia,20
Cyclopia,23
Aphyllodium,8
Urariopsis,2
Podalyria,18
Geissaspis,1
Eremosparton,3
Phyllolobium,23
Virgilia,2
Craibia,9
Alhagi,5
Gueldenstaedtia,4
Dalbergiella,3
Dewevrea,1
Leptoderris,22
Tibetia,6
Philenoptera,11
Thailentadopsis,3
Murtonia,1
Hegnera,1
Teyleria,3
Ostryocarpus,2
Platysepalum,13
Pongamia,1
Ptycholobium,3
Schefflerodendron,4
Requienia,2
Hardwickia,1
Dalhousiea,2
Desmodiastrum,4
Ohwia,2
Antopetitia,1
Podolotus,1
Pseudolotus,1
Brachypterum,13
Kunstleria,8
Hylodesmum,16
Uittienia,1
Scorpiurus,2
Hammatolobium,2
Bolusia,6
Monarthrocarpus,2
Archidendropsis,11
Airyantha,2
Eversmannia,4
Lebeckia,14
Robynsiophyton,1
Wiborgia,9
Acrocarpus,1
Adenolobus,2
Listia,7
Euchlora,1
Anagyris,2
Anthonotha,18
Amphimas,3
Angylocalyx,7
Baphia,51
Aubrevillea,2
Baphiastrum,1
Bolusanthus,1
Bowringia,4
Calpurnia,7
Camoensia,2
Haplormosia,1
Leucomphalos,1
Platycelyphium,1
Bituminaria,10
Biserrula,2
Galega,14
Augouardia,1
Baikiaea,6
Argyrocytisus,1
Cytisophyllum,1
Erinacea,1
Berlinia,21
Hesperolaburnum,1
Spartium,4
Stauracanthus,3
Brachystegia,33
Laburnum,3
Petteria,1
Podocytisus,1
Burkea,1
Aa,26
Acalypha,447
Homalomena,161
Homalopetalum,9
Homalospermum,1
Homollea,5
Homonoia,3
Homoranthus,31
Horichia,1
Horminum,1
Horvatia,1
Hosea,1
Hoslundia,1
Hottarum,1
Houlletia,10
Houstonia,24
Howea,2
Hunteria,12
Huntleya,17
Hura,2
Hutchinsonia,2
Huttonaea,5
Hyaenanche,1
Hydnophytum,58
Annesijoa,1
Abebaia,3
Hydriastele,39
Anodendron,17
Hydrophylax,1
Hylaea,2
Hylandia,1
Hylophila,5
Hymenocardia,6
Hymenocoleus,12
Hymenocrater,4
Hymenodictyon,27
Hymenopyramis,7
Hymenorchis,14
Hyophorbe,5
Hyospathe,6
Hypenia,26
Hyperacanthus,11
Hyphaene,8
Anoectochilus,48
Hypobathrum,28
Hypocalymma,29
Hypogomphia,3
Hyptianthera,1
Hyptidendron,20
Hyptis,169
Hyssopus,7
Ichnocarpus,3
Iguanura,27
Imerinaea,1
Inhambanella,3
Ionopsis,7
Ipsea,3
Iriartea,1
Iriartella,2
Isabelia,4
Isertia,15
Isidorea,17
Isochilus,13
Isodon,114
Anomostachys,1
Isoleucas,2
Isonandra,10
Isonema,3
Isotria,2
Itaya,1
Ixodonerium,1
Ansellia,1
Antherostele,5
Jablonskia,1
Jackiopsis,1
Jacquiniella,12
Anthodiscus,10
Anthogonium,1
Anthorrhiza,9
Janotia,1
Jasarum,1
Jatropha,176
Anthospermopsis,1
Anthospermum,39
Jejewoodia,6
Joannesia,2
Johannesteijsmannia,4
Joosia,18
Jovetia,1
Juania,1
Jubaea,1
Jubaeopsis,1
Junellia,40
Kadua,30
Kailarsenia,6
Kairothamnus,1
Kajewskiella,2
Kalaharia,2
Kaliphora,1
Kalopanax,1
Kamettia,2
Kania,6
Karomia,9
Keayodendron,1
Keetia,39
Kefersteinia,63
Anthostema,3
Kegeliella,3
Kelloggia,2
Anthurium,1327
Kerianthera,2
Kerriodoxa,1
Khasiaclunea,1
Kibatalia,15
Kionophyton,3
Kjellbergiodendron,1
Klaineanthus,2
Klossia,1
Knoxia,13
Kochummenia,3
Koellensteinia,11
Kogelbergia,2
Kohautia,27
Koilodepas,12
Kopsia,24
Korthalsia,27
Kraussia,4
Kudrjaschevia,5
Kunzea,66
Kunzspermum,1
Kurzamra,1
Kutchubaea,13
Labatia,16
Labourdonnaisia,18
Labramia,10
Lacaena,2
Laccospadix,1
Laccosperma,7
Lachnostachys,5
Lachnostylis,3
Lacmellea,24
Ladenbergia,37
Laelia,30
Lagenandra,21
Lagochilus,44
Lagopsis,5
Lallemantia,5
Lamium,33
Lampayo,3
Lamprothamnus,1
Landiopsis,1
Landolphia,64
Lankesterella,11
Lantana,128
Larsenaikia,3
Lasia,2
Lasianthus,267
Lasimorpha,1
Lasiococca,5
Lasiocroton,7
Latania,3
Lathraeocarpa,2
Laubertia,4
Lavandula,49
Laxoplumeria,2
Lazarum,16
Lecananthus,3
Lecanorchis,23
Lecariocalyx,1
Lecomtedoxa,6
Leeuwenbergia,2
Legrandia,1
Leidesia,1
Lelya,1
Lemna,14
Lemurella,4
Lemurophoenix,2
Lemurorchis,1
Lemyrea,4
Leochilus,13
Leonotis,9
Leonurus,24
Leopoldinia,3
Lepanthes,1188
Lepanthopsis,50
Lepechinia,47
Lepidocaryum,1
Lepidogyne,1
Lepidorrhachis,1
Lepidostoma,1
Lepinia,4
Lepiniopsis,2
Leporella,1
Leptactina,27
Leptoceras,1
Leptodermis,47
Leptomischus,10
Leptonema,2
Leptopetalum,10
Leptopus,11
Leptoscela,1
Leptospermum,96
Leptostigma,7
Leptotes,10
Lerchea,10
Letestua,1
Leucas,116
Leucocasia,1
Leucocodon,1
Leucocroton,26
Leucolophus,3
Leuconotis,4
Leucosceptrum,1
Licuala,150
Limnosipanea,3
Limodorum,3
Lindsayomyrtus,1
Lingelsheimia,6
Linospadix,7
Liparis,434
Lippia,174
Liriodendron,3
Listrostachys,1
Lithocarpus,341
Lithomyrtus,11
Litsea,395
Livistona,28
Lobanilia,7
Lockhartia,33
Lodoicea,1
Loefgrenianthus,1
Longetia,1
Lophanthus,6
Lophomyrtus,3
Lophostemon,4
Loxocalyx,3
Loxococcus,1
Luculia,4
Lucuma,19
Lucya,1
Ludekia,2
Ludisia,2
Lueckelia,1
Lueddemannia,3
Luisia,52
Luma,3
Lycaste,49
Lycomormium,5
Lycopus,20
Lyperanthus,2
Lyroglossa,2
Lysicarpus,1
Lysichiton,2
Mabea,39
Macaranga,309
Macbridea,2
Macbrideina,1
Machaonia,32
Mackinlaya,5
Macodes,11
Macoubea,3
Macradenia,13
Macroclinium,49
Macrocnemum,8
Macropanax,18
Macropharynx,15
Macropodanthus,11
Macrosphyra,3
Madhuca,123
Maesobotrya,19
Magnolia,365
Magodendron,2
Maguireocharis,1
Maguireothamnus,2
Malacantha,1
Malanea,40
Malaxis,165
Malleostemon,14
Mallotus,119
Malouetia,32
Mandevilla,189
Anticoryne,3
Antidesma,103
Manettia,126
Mangonia,2
Manicaria,2
Manihot,161
Manilkara,76
Manniella,2
Manniophyton,1
Manostachya,3
Manothrix,2
Mantalania,3
Maprounea,6
Mareya,4
Mareyopsis,2
Margaritaria,13
Marojejya,2
Marrubium,55
Marsypianthes,6
Martiusella,1
Martretia,1
Mascarenhasia,8
Maschalodesme,2
Masdevallia,659
Masoala,3
Massularia,2
Mastixia,21
Mastixiodendron,7
Matsumurella,5
Mauritia,2
Mauritiella,5
Maxburretia,3
Maxillaria,657
Mazaea,2
Medemia,1
Mediocalcar,16
Meehania,8
Megalorchis,1
Megastylis,6
Megistostigma,5
Meineckia,32
Meiracyllium,2
Melaleuca,391
Melanolepis,2
Melanopsidium,1
Antirhea,5
Melissa,4
Melittis,1
Melodinus,24
Mentha,39
Anubias,8
Mercurialis,13
Mericarpaea,1
Merrilliopanax,3
Merumea,2
Meryta,30
Mesadenella,10
Mesadenus,5
Mesechites,8
Aoranthe,5
Mesosphaerum,24
Aparisthmium,1
Metapanax,2
Metastachydium,1
Metrosideros,60
Metroxylon,5
Mexipedium,1
Meyna,9
Micrandra,9
Aphandra,1
Micrandropsis,1
Micrantheum,4
Aphanocarpus,1
Micrasepalum,2
Micrechites,13
Microchilus,263
Micrococca,12
Microcoelia,34
Microcorys,21
Microdesmis,11
Micromeria,86
Aphyllorchis,20
Micromyrtus,51
Micropera,22
Micropholis,41
Microphysa,1
Microplumeria,1
Microsaccus,13
Microstachys,22
Apiopetalum,2
Aplectrum,1
Apocynum,6
Microthelys,8
Microtis,23
Microtoena,19
Mildbraedia,3
Miltonia,20
Miltonidium,1
Miltoniopsis,5
Mimusops,46
Minthostachys,17
Mischodon,1
Mitchella,2
Mitracarpus,67
Mitragyna,10
Mitrantia,1
Mitrasacmopsis,1
Mitriostigma,5
Mobilabium,1
Molinaea,9
Molongum,3
Molopanthera,1
Moluccella,8
Monarda,23
Monardella,40
Monochilus,2
Monophyllorchis,6
Monosalpinx,1
Monotaxis,8
Monstera,67
Montrichardia,2
Morelia,1
Morinda,40
Morindopsis,1
Mormodes,88
Apodiscus,1
Mortoniella,1
Mosiera,33
Mosla,14
Motandra,3
Motherwellia,1
Moultonianthus,1
Mouretia,5
Mucoa,2
Multidentia,10
Aporostylis,1
Mussaenda,183
Mussaendopsis,2
Mycaranthes,37
Mycetia,54
Myodocarpus,8
Myoxanthus,52
Myrceugenia,49
Myrcia,797
Myrcianthes,39
Myrciaria,33
Aporosa,86
Myrialepis,1
Myricanthe,1
Myrmecodia,26
Myrmeconauclea,4
Myrmecophila,12
Myrmephytum,5
Myrosmodes,19
Myrrhinium,1
Myrtastrum,1
Myrtella,2
Myrteola,3
Myrtus,42
Mystacidium,10
Nannorrhops,2
Nargedia,1
Nashia,1
Nauclea,12
Nealchornea,2
Neanotis,34
Neblinathamnus,2
Necepsia,3
Nemaconia,6
Nemaluma,2
Nematostylis,1
Nenax,10
Nenga,5
Apostasia,8
Neobathiea,6
Neobertiera,5
Neoblakea,2
Neobolusia,3
Neoboutonia,3
Neobracea,8
Neocogniauxia,2
Neocouma,2
Neocussonia,16
Neofabricia,3
Neogardneria,1
Neoguillauminia,1
Neohemsleya,1
Neohymenopogon,3
Neolamarckia,2
Appendicula,153
Neolemonniera,3
Neomitranthes,13
Neomoorea,1
Neomussaenda,2
Neomyrtus,1
Neonauclea,71
Neonicholsonia,1
Neopanax,5
Neoroepera,2
Neoscortechinia,6
Neoshirakia,2
Neosparton,4
Neotinea,8
Neottia,80
Neoveitchia,2
Nepeta,292
Nephelaphyllum,13
Nephrangis,2
Nephrosperma,1
Nephthytis,5
Nerium,1
Nernstia,1
Nertera,10
Nervilia,83
Nesogenes,9
Nesohedyotis,1
Neurocalyx,5
Neuwiedia,8
Newcastelia,9
Nichallea,1
Nidema,2
Niemeyera,4
Pycnandra,62
Nodocarpaea,1
Normanbya,1
Normandia,1
Northia,1
Nostolachma,6
Nothobaccaurea,2
Nothofagus,44
Nothomyrcia,1
Nothostele,2
Notopleura,103
Notylia,55
Notyliopsis,1
Nypa,1
Nyssa,10
Appunia,13
Oberonia,274
Aracamunia,1
Arachnis,17
Oberonioides,7
Obtegomeria,1
Ochreinauclea,2
Ochrosia,44
Ochrosperma,6
Ocimum,66
Octamyrtus,6
Octarrhena,50
Octomeria,170
Octotropis,1
Odontadenia,25
Odontochilus,72
Odontorrhynchus,4
Oenocarpus,10
Oeonia,5
Oeoniella,2
Oldenlandia,164
Arachnothryx,104
Oldenlandiopsis,1
Oldfieldia,4
Oligoceras,1
Oligocodon,1
Oligophyton,1
Oliveriana,14
Ombrocharis,1
Omiltemia,3
Omoea,2
Omphalea,20
Omphalocarpum,27
Oncidium,371
Aralia,87
Oncinotis,7
Oncocalamus,4
Oncosperma,5
Opercularia,17
Ophellantha,2
Ophidion,15
Ophioglossella,1
Ophiorrhiza,373
Ophrys,156
Acampe,7
Ophthalmoblapton,4
Oplopanax,3
Orania,30
Oraniopsis,1
Orchidactylorhiza,5
Orchimantoglossum,3
Orchipedum,3
Orchiplatanthera,1
Orchis,61
Aralidium,1
Araucaria,20
Oreopanax,148
Acanthophippium,13
Oreopolus,1
Oreorchis,19
Orestias,4
Orfilea,4
Origanum,66
Orleanesia,6
Archirhodomyrtus,5
Archivea,1
Archontophoenix,6
Ornithocephalus,57
Orontium,1
Orthoceras,2
Orthopichonia,6
Arcytophyllum,18
Orthosiphon,44
Osa,1
Osbornia,1
Osmoxylon,61
Ostodes,2
Ostrya,8
Ostryopsis,3
Otiophora,18
Otoglossum,25
Otomeria,8
Otostegia,7
Otostylis,2
Ottoschmidtia,1
Ovieda,8
Oxera,24
Oxyanthus,38
Areca,45
Oxyceros,12
Oxymyrrhine,4
Oxystophyllum,36
Pabstia,5
Pabstiella,133
Pachites,2
Pachyplectron,3
Pachypodium,22
Pachystoma,1
Pachystroma,1
Pachystylidium,1
Pachystylus,2
Pacouria,3
Paederia,33
Pagamea,26
Pagameopsis,2
Palaquium,120
Palicourea,694
Palmorchis,39
Arenga,24
Panax,24
Panda,1
Panzerina,2
Paphinia,16
Arethusa,1
Paphiopedilum,146
Papilionanthe,10
Papuaea,1
Papuechites,1
Paracephaelis,18
Parachimarrhis,1
Paracorynanthe,2
Paracroton,4
Paradisanthus,1
Paradrypetes,2
Argocoffeopsis,8
Paragenipa,1
Parahancornia,7
Parajubaea,3
Acantholippia,1
Paraknoxia,1
Paranecepsia,2
Parapentas,3
Paraphalaenopsis,4
Paraphlomis,34
Argostemma,178
Parepigynum,1
Parodianthus,2
Parodiodendron,1
Parsonsia,86
Patima,2
Pauridiantha,51
Pausandra,8
Pavetta,335
Acanthomintha,4
Payena,20
Payera,10
Pecteilis,10
Pelagodoxa,2
Pelatantheria,8
Pelexia,94
Peltandra,2
Pennilabium,18
Pentabrachion,1
Pentagonia,43
Pentalinon,4
Pentaloncha,1
Pentanisia,19
Pentanopsis,2
Pentapleura,1
Pentas,16
Pentodon,2
Peponidium,48
Pera,32
Perakanthus,2
Perama,14
Pericalymma,4
Perilla,1
Perillula,1
Peripeplus,1
Peristeranthus,1
Peristeria,13
Peristylus,105
Argythamnia,23
Peronema,1
Pescatoria,24
Petalostigma,5
Petchia,8
Peteniodendron,4
Petitia,1
Petitiocodon,1
Petraeovitex,8
Petrea,13
Phaius,42
Phalaenopsis,90
Pheladenia,1
Phellocalyx,1
Phialanthus,22
Philodendron,623
Aridarum,5
Philonotion,3
Philyra,1
Phloeophila,6
Phlomidoschema,1
Phlomis,116
Arillastrum,1
Ariopsis,3
Arisaema,212
Phlomoides,173
Phoenicophorium,1
Phoenix,15
Pholidocarpus,6
Pholidostachys,8
Phragmipedium,31
Phragmorchis,1
Phreatia,223
Phryma,3
Phuopsis,1
Phyla,6
Phyllanoa,1
Phyllanthus,873
Phyllis,2
Phyllocrater,1
Phyllomelia,1
Phyllostegia,35
Phyllotaenium,1
Phylohydrax,2
Phymatarum,1
Phymatidium,9
Physogyne,3
Physokentia,7
Physopsis,2
Physostegia,12
Phytelephas,4
Picardaea,1
Pichonia,13
Picralima,1
Picrodendron,1
Pigafetta,2
Pileanthus,8
Pilidiostigma,6
Piloblephis,1
Pilophyllum,1
Pimelodendron,4
Pimenta,20
Pimentelia,1
Pinalia,178
Pinanga,146
Pinarophyllon,2
Pinckneya,1
Pinellia,10
Piptospatha,3
Piranhea,4
Pistia,1
Pitraea,1
Pittoniotis,3
Pityrodia,20
Placocarpa,1
Plagiostyles,2
Planchonella,110
Platanthera,167
Platostoma,50
Platycarpum,14
Platycoryne,19
Platygyna,7
Platylepis,20
Platyrhiza,1
Platystele,123
Plectaneia,3
Plectocomia,14
Plectocomiopsis,7
Plectorrhiza,5
Plectranthus,83
Arisarum,4
Aristogeitonia,7
Plectrelminthus,1
Plectrophora,10
Pleiocarpa,6
Pleioceras,5
Pleiocoryne,1
Pleione,33
Arophyton,7
Plerandra,33
Arpophyllum,3
Pleurocalyptus,2
Pleurothallis,564
Arthrochilus,15
Artia,5
Artorima,1
Arum,28
Acanthophoenix,3
Pleurothallopsis,20
Plinia,82
Plocama,36
Plocaniophyllon,1
Plocoglottis,35
Plukenetia,21
Plumeria,20
Acanthoprasium,3
Poaephyllum,7
Podadenia,1
Podangis,2
Podocalyx,1
Podochilus,65
Podococcus,2
Podolasia,1
Pogogyne,8
Pogonia,6
Pogoniopsis,2
Pogonophora,2
Pogonopus,3
Pogostemon,93
Poliomintha,8
Polycycnis,15
Polyotidium,1
Polyscias,182
Polysphaeria,24
Polystachya,244
Polyura,1
Pomatocalpa,23
Pomax,1
Acanthothamnus,1
Ponapea,4
Ponera,2
Ponthieva,76
Poranthera,17
Porpax,54
Porphyroglottis,1
Porphyrostachys,2
Porroglossum,56
Porrorhachis,2
Porterandia,22
Portlandia,6
Posoqueria,22
Pothoidium,1
Pothos,67
Acca,2
Pottsia,3
Pouchetia,4
Pouteria,175
Arundina,1
Accara,1
Pradosia,26
Praecoxanthus,1
Praravinia,50
Prasium,1
Prasophyllum,152
Premna,129
Prescottia,26
Prestoea,10
Prestonia,65
Preussiodora,1
Prieurella,5
Prismatomeris,17
Pritchardia,29
Priva,23
Promenaea,1
Prostanthera,110
Prosthechea,126
Protarum,1
Protomegabaria,3
Prunella,13
Pseudadenia,7
Pseudagrostistachys,2
Pseudaidia,1
Pseudanthus,9
Pseuderia,21
Pseudinium,1
Pseudocarpidium,9
Pseudocaryopteris,2
Pseudocentrum,17
Pseudochamaesphacos,1
Pseudogoodyera,1
Pseudohamelia,1
Pseudohydrosme,3
Pseudolachnostylis,1
Pseudolaelia,15
Asepalum,1
Pseudomantalania,1
Pseudomarrubium,1
Pseudomussaenda,4
Ashtonia,2
Pseudonesohedyotis,1
Pseudopanax,7
Asketanthera,4
Pseudophoenix,4
Pseudopyxis,3
Pseudorchis,1
Pseudorhiza,5
Aspasia,7
Pseudosenefeldera,1
Pseudovanilla,8
Psidium,115
Asperula,92
Psilochilus,19
Psiloxylon,1
Psychilis,17
Psychopsiella,1
Psychopsis,4
Psychotria,1634
Psydrax,96
Pteralyxia,2
Pterichis,44
Pteridocalyx,1
Pteroceras,22
Pteroglossa,13
Pterostemma,4
Pterostylis,305
Pterygodium,20
Ptychococcus,2
Ptychopyxis,11
Ptychosperma,24
Pubistylus,1
Purpureostemon,1
Putranjiva,4
Pycnanthemum,19
Pycnobotrya,1
Pycnocoma,18
Pycnospatha,2
Pygmaeorchis,2
Pygmaeothamnus,1
Pyrorchis,2
Pyrostria,76
Quekettia,8
Quercus,624
Aspidosperma,72
Astartea,23
Asterogyne,5
Asterohyptis,3
Asteromyrtus,7
Asteropeia,8
Asterostigma,8
Astiella,12
Astraea,13
Astrocaryum,39
Quisqueya,4
Quoya,8
Astrocasia,6
Astrococcus,1
Astropanax,15
Ragala,4
Astrotricha,20
Ramosmania,2
Randia,116
Rangaeris,3
Raphia,22
Raritebe,1
Rauhiella,3
Raukaua,8
Rauvolfia,76
Recordia,2
Rehdera,2
Reinhardtia,6
Atractocarpus,40
Remijia,43
Remusatia,4
Renanthera,22
Rennellia,9
Renschia,1
Restrepia,66
Restrepiella,3
Atractogyne,2
Retiniphyllum,21
Reutealis,1
Rhabdadenia,3
Attalea,41
Rhabdocaulon,8
Rachicallis,1
Rhadinopus,2
Rhaphidophora,105
Rhaphidura,1
Rhaphiodon,1
Rhaphithamnus,2
Rhapidophyllum,1
Rhapis,11
Rhazya,2
Rhigospira,1
Rhinerrhiza,1
Rhipidoglossum,53
Rhizanthella,5
Rhodamnia,41
Rhododon,1
Rhodomyrtus,22
Rhodospatha,32
Rhodothyrsus,2
Rhomboda,25
Rhopaloblaste,6
Rhopalostylis,2
Rhynchogyna,2
Rhyncholaelia,2
Rhynchopyle,7
Rhynchostele,19
Rhynchostylis,4
Richeria,3
Aubletiana,2
Ricinocarpos,29
Aubregrinia,1
Aucuba,10
Ricinodendron,2
Ricinus,1
Ridleyella,1
Rimacola,1
Rinzia,19
Riodocea,1
Riqueuria,1
Risleya,1
Ristantia,3
Robiquetia,94
Robynsia,1
Rockinghamia,2
Rodriguezia,47
Roeperocharis,5
Rogiera,13
Roigella,1
Romanoa,1
Augusta,4
Ronabea,3
Rondeletia,156
Aulacocalyx,11
Roscheria,1
Rosenbergiodendron,4
Aulandra,3
Rossioglossum,12
Rostrinucula,2
Rothmannia,23
Roylea,1
Roystonea,10
Rubia,88
Rubiteucris,2
Rudgea,165
Rudolfiella,7
Rustia,17
Rutidea,21
Rytigynia,81
Saba,3
Sabal,18
Sabicea,159
Achrouteria,3
Saccocalyx,1
Saccolabiopsis,15
Achyrospermum,22
Saccolabium,4
Sacoila,8
Sacosperma,2
Sagotia,3
Salacca,23
Saldinia,22
Salvia,1045
Aulosepalum,9
Austrobaileya,1
Austrobuxus,22
Austromyrtus,4
Salzmannia,4
Sampantaea,1
Sanderella,2
Sandwithia,1
Sankowskya,1
Autranella,1
Sapium,27
Auxopus,4
Avellanita,1
Avicennia,8
Saprosma,44
Sarcanthopsis,6
Sarcaulus,5
Sarcochilus,23
Acianthus,10
Sarcoglottis,57
Axinandra,4
Sarcoglyphis,14
Sarcophyton,3
Sarcosperma,11
Saribus,10
Satakentia,1
Satranala,1
Babingtonia,12
Satureja,47
Baccaurea,53
Satyrium,93
Saundersia,2
Sauroglossum,11
Sauromatum,11
Savia,2
Scagea,2
Scaphispatha,2
Scaphosepalum,59
Scaphyglottis,78
Schefflera,14
Backhousia,13
Bactris,80
Schiedeella,19
Schinziophyton,1
Schippia,1
Schismatoclada,20
Schismatoglottis,181
Schizenterospermum,4
Schizocalyx,9
Schizochilus,11
Schizocolea,2
Schizozygia,1
Schlimia,6
Schmidtottia,17
Schnabelia,5
Schoenorchis,30
Scholtzia,37
Schradera,58
Schumanniophyton,3
Schunkea,1
Schwendenera,1
Scindapsus,36
Sciodaphyllum,148
Sclerocroton,6
Scleromitrion,27
Sclerosperma,3
Scolosanthus,28
Scrophularia,297
Scutellaria,479
Scuticaria,12
Scyphiphora,1
Scyphostachys,2
Sebastiania,56
Secondatia,1
Securinega,5
Seegeriella,3
Seemannaralia,1
Seidelia,2
Seidenfadenia,1
Selenipedium,10
Senefeldera,3
Senefelderopsis,2
Serapias,47
Serapicamptis,29
Serapirhiza,2
Serenoa,1
Sericanthe,22
Sersalisia,5
Sertifera,9
Shaferocharis,3
Sherardia,1
Sherbournia,13
Shirakiopsis,6
Acidocroton,12
Sideritis,191
Badusa,3
Baeckea,21
Sideroxylon,86
Siemensia,1
Sievekingia,14
Silvorchis,4
Simira,42
Sindechites,1
Sinopanax,1
Sipanea,19
Sipaneopsis,8
Siphocranion,3
Siphonandrium,1
Siphoneugena,13
Sirhookera,2
Skeptrostachys,10
Skytanthus,3
Smithsonia,3
Smitinandia,3
Sobennikoffia,4
Sobralia,174
Socratea,5
Solenandra,21
Solenangis,4
Solenidium,3
Solenocentrum,4
Sommera,11
Sommieria,1
Baharuia,1
Soterosanthus,1
Spathantheum,1
Spathicarpa,3
Spathiostemon,2
Spathiphyllum,60
Baillonella,1
Spathoglottis,44
Baissea,22
Specklinia,109
Spegazziniophytum,1
Speranskia,3
Spermacoce,291
Acidoton,5
Spermadictyon,1
Sphaerantia,2
Sphaerostylis,2
Sphenodesme,15
Sphinctanthus,8
Sphyranthera,2
Sphyrarhynchus,3
Spiculaea,1
Balaka,11
Spiniluma,2
Spiranthes,51
Balakata,2
Balanites,11
Spirodela,4
Spirolobium,1
Spirostachys,2
Spondianthus,1
Spongiosperma,6
Squamellaria,8
Stachyandra,4
Stachyarrhena,13
Stachydeoma,1
Stachys,373
Balanops,9
Balaustion,18
Baliospermum,5
Acineta,14
Ballota,18
Stachystemon,10
Stachytarpheta,127
Staelia,21
Stalkya,1
Standleya,5
Stanhopea,85
Steenisia,5
Stelis,1338
Tabernaemontana,121
Baloghia,15
Stenaria,7
Stenia,22
Stenoglottis,5
Stenogyne,21
Stenoptera,6
Eltroplectris,15
Stenorrhynchos,7
Stenosepala,1
Stenospermation,59
Stenostegia,1
Stenostomum,48
Barbeuia,1
Barbeya,1
Stephanococcus,1
Stephanostegia,2
Stephanostema,1
Stereochilus,8
Stereosandra,1
Steudnera,11
Barbosella,19
Steveniella,1
Stevensia,11
Steyermarkia,1
Stichianthus,1
Stigmatodactylus,26
Stilbe,7
Stillingia,27
Stilpnophyllum,4
Stipecoma,1
Stipularia,2
Streblosa,25
Streblosiopsis,1
Strempeliopsis,2
Strophanthus,39
Barcella,1
Barkeria,18
Strophioblachia,1
Strumpfia,1
Stylochaeton,27
Stylosiphonia,1
Suarezia,1
Suberanthus,9
Sumbaviopsis,1
Summerhayesia,2
Suregada,32
Sutrina,2
Suzukia,2
Svenkoeltzia,3
Barongia,1
Syagrus,81
Symphorema,3
Symplocarpus,6
Synandra,1
Synandrospadix,1
Synaptantha,1
Syncarpia,3
Syncolostemon,51
Syndyophyllum,2
Synechanthus,3
Syngonium,42
Synostemon,36
Synsepalum,37
Syringantha,1
Systeloglossum,5
Syzygium,1233
Basilicum,1
Basisperma,1
Baskervilla,11
Basselinia,16
Batemannia,3
Bathysa,10
Tabernanthe,2
Tacarcuna,3
Taccarum,6
Taeniophyllum,247
Batis,2
Taeniorrhiza,1
Tainia,29
Batopedina,3
Tamayorkis,4
Tamilnadia,1
Tammsia,1
Tamonea,6
Tamridaea,1
Tannodia,9
Tapoides,1
Taprobanea,1
Tarenna,193
Tarennoidea,2
Teagueia,18
Tectiphiala,1
Tectona,3
Teijsmanniodendron,23
Telipogon,249
Temnadenia,3
Temnocalyx,1
Temnopteryx,1
Temu,1
Tennantia,1
Tetrachondra,2
Tetraclea,1
Tetracoccus,5
Tetradenia,20
Tetramicra,11
Tetrapanax,1
Beaumontia,9
Tetrapora,4
Tetrorchidium,23
Teucrium,333
Beccariophoenix,3
Teuscheria,11
Thaia,1
Thaleropia,3
Thecacoris,16
Thecopus,2
Thecostele,1
Thelasis,27
Theligonum,4
Thelymitra,126
Thelyschista,1
Thenardia,3
Theriophonum,6
Thesmophora,1
Thevetia,3
Thiollierea,17
Thogsennia,1
Thorncroftia,6
Thrinax,3
Thrixspermum,193
Beclardia,2
Thryptomene,49
Thulinia,1
Thunia,4
Thuspeinanta,2
Thymbra,7
Beloglottis,8
Thymus,355
Belonophora,5
Benguellia,1
Benkara,19
Benoistia,3
Benthamia,37
Thyrsanthella,1
Thyrsanthera,1
Thysanoglossa,3
Ticodendron,1
Tieghemella,2
Timonius,194
Bentinckia,2
Tinnea,19
Benzingia,11
Tintinnabularia,3
Tipularia,5
Benzonia,1
Berghesia,1
Bernardia,80
Tobagoa,2
Tocoyena,20
Tolumnia,33
Tomzanonia,1
Toricellia,2
Tortuella,1
Tournefortiopsis,12
Townsonia,3
Trachelospermum,9
Trachoma,16
Trachycarpus,10
Tragia,158
Tragiella,4
Trailliaedoxa,1
Traunsteinera,2
Trevesia,8
Trevoria,5
Triadica,3
Triainolepis,13
Tricalysia,81
Triceratorhynchus,3
Trichocentrum,103
Bertiera,57
Trichoceros,10
Trichoglottis,87
Trichopilia,47
Trichosalpinx,112
Trichostachys,13
Trichostema,19
Trichotosia,76
Tridactyle,49
Tridesmostemon,2
Trigonobalanus,3
Trigonopleura,3
Trigonostemon,61
Triphora,25
Triplarina,7
Tripora,1
Trisetella,28
Tristania,3
Tristaniopsis,42
Bertya,28
Tritaxis,16
Trithrinax,3
Trizeuxis,1
Tropidia,34
Tsaiorchis,2
Tsebona,2
Tuberolabium,10
Tylostigma,8
Typhonium,72
Typhonodorum,1
Uapaca,25
Betonica,10
Ugni,4
Ulearum,2
Uleiorchis,4
Uncaria,38
Uncifera,6
Urceola,21
Uromyrtus,22
Urophyllum,126
Urospatha,13
Vahadenia,2
Valantia,7
Betula,85
Vallaris,3
Vallesia,12
Vanda,96
Vandopsis,2
Vangueria,58
Vangueriella,17
Vangueriopsis,4
Vanilla,121
Van-royena,1
Vargasiella,3
Vasqueziella,1
Vaupesia,1
Veillonia,1
Veitchia,11
Verbena,166
Vernicia,3
Verschaffeltia,1
Verticordia,103
Veyretella,2
Veyretia,11
Vidalasia,5
Villaria,11
Vinca,6
Virectaria,8
Vitellaria,1
Vitellariopsis,5
Voacanga,14
Voanioala,1
Voatamalo,2
Volkameria,10
Vonitra,10
Vrydagzynea,43
Wallichia,8
Warmingia,4
Warnockia,1
Warrea,4
Warreella,2
Warreopsis,1
Warczewiczella,11
Warszewiczia,8
Washingtonia,1
Welchiodendron,1
Welfia,2
Wenchengia,1
Wendlandia,82
Wendlandiella,1
Westringia,32
Wetria,2
Wettinia,22
Whiteodendron,1
Whyanbeelia,1
Wielandia,13
Willughbeia,16
Wittmackanthus,1
Wodyetia,1
Wolffia,11
Wolffiella,10
Wollemia,1
Woodburnia,1
Wrightia,35
Wullschlaegelia,2
Xanthomyrtus,23
Xanthophytum,32
Xanthosoma,198
Xanthostemon,49
Xantolis,15
Acoelorraphe,1
Xantonneopsis,1
Xerorchis,2
Xylobium,36
Yoania,5
Ypsilopus,13
Zamioculcas,1
Zantedeschia,8
Zataria,1
Zelenkoa,1
Zeuxine,81
Ziziphora,17
Zombia,1
Zomicarpa,2
Zomicarpella,2
Zootrophion,32
Zuccarinia,1
Acokanthera,5
Zygopetalum,6
Zygosepalum,5
Zygostates,26
Amaracarpus,30
Caladenia,325
Afrocanthium,17
Agouticarpa,7
Alseis,18
Amphidasya,13
Bouvardia,57
Breonia,20
Canthium,80
Carapichea,24
Catunaregam,14
Ceriscoides,12
Chomelia,75
Coffea,132
Coprosma,121
Coptosperma,19
Cordiera,25
Coussarea,122
Cyclophyllum,42
Denscantia,5
Deppea,39
Dolianthus,13
Faramea,190
Galianthe,53
Galium,672
Gonzalagunia,37
Guettarda,146
Hedyotis,189
Hippotis,18
Hoffmannia,113
Pitardella,3
Pseudodiplospora,1
Pseudomiltemia,2
Robbrechtia,2
Rovaeanthus,2
Stenotis,8
Campomanesia,44
Corymbia,97
Darwinia,53
Decaspermum,34
Eucalyptus,859
Eugenia,1262
Gossia,47
Lenwebbia,2
Stockwellia,1
Cyrtopodium,50
Habenaria,904
Abildgaardia,10
Abolboda,22
Acanthostachys,3
Achlydosa,1
Achlyphila,1
Acianthera,299
Actinoschoenus,3
Actinoscirpus,1
Adamantinia,1
Adelia,10
Adelmeria,5
Adenoncos,17
Adriana,3
Aechmea,259
Aegiphila,139
Aerangis,62
Aerides,39
Aetheolirion,1
Aframomum,62
Afrocalathea,1
Afrothismia,15
Afrotrilepis,2
Aiphanes,37
Ajuga,70
Alatiliparis,14
Alcantarea,46
Alexgeorgea,3
Beyeria,26
Alocasia,90
Alpinia,248
Alyxia,106
Amischotolype,27
Amomum,125
Bia,5
Biarum,23
Amphiphyllum,1
Amphiscirpus,1
Ananas,2
Anarthria,6
Anathallis,135
Ancistrorhynchus,17
Andinia,79
Androlepis,3
Aneilema,70
Biermannia,10
Angraecopsis,20
Anigozanthos,12
Bifrenaria,23
Anthochortus,7
Aphelia,6
Apodasmia,4
Apteranthes,7
Apteria,1
Araeococcus,4
Aratitiyopea,1
Arthrostylis,2
Askidiosperma,12
Aulotandra,5
Bakerantha,5
Baloskion,8
Barberetta,1
Baxteria,1
Becquerelia,6
Billbergia,65
Bikkia,11
Bisboeckelera,4
Bletia,56
Blysmus,2
Boesenbergia,89
Bolboschoenus,18
Brachionidium,82
Brassaiopsis,46
Brazoria,3
Brocchinia,21
Bromelia,73
Bryobium,27
Buforrestia,3
Bulbophyllum,2187
Bipinnula,11
Bulbostylis,223
Bischofia,2
Bismarckia,1
Burbidgea,5
Burmannia,61
Bixa,6
Byblis,8
Calamus,432
Calanthe,245
Calathea,59
Blachia,13
Calectasia,15
Callisia,20
Calochilus,31
Blepharidium,1
Calorophus,2
Calyptrocarya,8
Calyptrotheca,2
Camptandra,3
Campylocentrum,77
Campylosiphon,2
Canistropsis,10
Canistrum,16
Canna,13
Blepharocalyx,4
Cannomois,12
Capeobolus,1
Caperonia,36
Capitularina,1
Blephilia,4
Bletilla,5
Blumeodendron,9
Bobea,5
Bocquillonia,16
Bognera,1
Bogoria,14
Boholia,1
Bolusiella,6
Bonania,7
Bonatea,14
Borassodendron,2
Borassus,5
Borneodendron,1
Acorus,2
Carpha,14
Carruthersia,4
Cartonema,7
Catacolea,1
Catasetum,228
Catopsis,23
Cattleya,228
Caucaea,17
Caustis,7
Cautleya,2
Centrolepis,26
Cephalanthera,25
Cephalocarpus,24
Cephalostemon,5
Ceraria,7
Ceratocaryum,8
Chaetanthus,3
Chaetocarpus,16
Justicia,924
Chaetospora,3
Juglans,23
Juniperus,72
Jobinia,25
Johrenia,6
Chamaedorea,106
Cheirostylis,60
Jadunia,2
Jordaaniella,5
Chlorospatha,70
Jovellana,4
Julostylis,3
Jumelleanthus,1
Jubelina,6
Jateorhiza,2
Janusia,2
Jaeschkea,3
Chordifex,20
Chorizandra,6
Jamesbrittenia,84
Jerdonia,1
Jacquinia,21
Jarandersonia,8
Jagera,3
Jollydora,4
Chrysitrix,4
Johnstonella,17
Jordania,14
Chrysophyllum,38
Jacaratia,7
Chysis,14
Cipuropsis,12
Cischweinfia,11
Kostermansia,1
Krugiodendron,1
Karwinskia,22
Kernera,1
Cladium,4
Kalmiothamnus,1
Knautia,67
Kalmia,9
Kosteletzkya,27
Kibara,47
Knema,96
Kearnemalvastrum,2
Kitaibela,2
Kokia,4
Kayea,41
Kielmeyera,55
Krascheninnikovia,3
Kalanchoe,169
Kalidium,6
Kokoona,10
Klarobelia,13
Kadenia,2
Kedarnatha,6
Kenopleurum,1
Kamelinia,1
Kailashia,3
Kalakia,1
Kandaharia,1
Karatavia,1
Koordersiodendron,1
Kosmosiphon,1
Khadia,6
Kanahia,2
Kitagawia,9
Keraymonia,4
Krubera,1
Kundmannia,3
Korshinskia,4
Kozlovia,2
Koenigia,1
Knightia,3
Kermadecia,4
Knowltonia,26
Kaufmannia,1
Keteleeria,3
Klaprothia,2
Cleisocentron,8
Cleisostomopsis,5
Clerodendrum,251
Khaya,5
Kolobopetalum,3
Kairoa,4
Kirkia,6
Kopsiopsis,2
Kickxia,25
Kelleronia,3
Kallstroemia,21
Korthalsella,10
Koelreuteria,3
Cnidoscolus,92
Kadsura,17
Kedrostis,22
Khmeriosicyos,1
Kleinhovia,1
Cochliostema,2
Coelogyne,594
Krameria,18
Kubitzkia,2
Coleocarya,1
Coleochloa,8
Kohleria,36
Coleotrype,10
Karina,1
Kaisupeea,3
Kirengeshoma,1
Kabulia,1
Collinsonia,11
Klainedoxa,2
Colocasia,14
Kelussia,1
Colpothrinax,3
Comanthera,38
Commelina,207
Lobivia,38
Lepismium,5
Linnaea,18
Leptocereus,21
Lophocereus,3
Lophophora,3
Leycesteria,8
Lobostemon,29
Lymanbensonia,5
Lepidium,274
Lyonia,64
Leucothoe,20
Libocedrus,6
Linconia,5
Litwinowia,1
Lobularia,4
Leucopogon,119
Luffa,10
Lamanonia,6
Loeseneriella,29
Laguncularia,1
Lumnitzera,3
Lophopetalum,20
Lydenburgia,2
Lechea,18
Lorostemon,5
Lebrunia,1
Lysinema,6
Lissanthe,10
Lepidoceras,3
Lateropora,3
Lomelosia,61
Ledothamnus,7
Leptecophylla,14
Lonicera,195
Loeflingia,4
Lannea,36
Leea,48
Loxopterygium,4
Laserpitium,8
Laser,7
Letestudoxa,3
Lalldhwojia,4
Lagoecia,1
Lithops,39
Lecosia,2
Ligusticum,37
Lignocarpa,2
Ligusticopsis,19
Lefebvrea,10
Ledebouriella,1
Lecokia,1
Leutea,10
Levisticum,1
Lepidotrichum,1
Leiotulus,10
Leptaleum,2
Lereschia,1
Lepidagathis,152
Linariantha,1
Leptosiphonium,10
Leucosphaera,1
Lampranthus,196
Louteridium,11
Lankesteria,7
Lilaeopsis,12
Leptadenia,9
Langsdorffia,4
Lophophytum,4
Leontice,4
Lygisma,5
Lithraea,3
Leipoldtia,13
Lepechiniella,14
Lepidocordia,2
Lindelofia,10
Lappula,87
Lagenaria,6
Lenophyllum,8
Conamomum,11
Connellia,6
Conostylis,46
Lithospermum,76
Lithodora,5
Lomatium,100
Lisaea,3
Lithosciadium,2
Lachnostoma,16
Lomatocarum,1
Lunaria,3
Lutzia,1
Cornukaempferia,3
Cornus,56
Larryleachia,6
Coryanthes,70
Corybas,156
Costus,99
Bossera,1
Bothriospora,1
Linum,215
Limnanthes,7
Lennoa,1
Lepidobotrys,1
Botryarrhena,2
Cottendorfia,1
Lasianthera,1
Leretia,1
Lavigeria,1
Lyallia,1
Lacistema,12
Lozania,5
Lactoris,1
Cranichis,92
Cremastra,7
Crepidium,295
Liquidambar,15
Laurembergia,7
Laurus,3
Licaria,85
Botryophora,1
Croizatia,5
Crossoglossa,53
Croton,1171
Leptoboea,2
Lomatogonium,27
Lysionotus,35
Loxocarpus,24
Loxostigma,14
Loxonia,3
Lisianthius,34
Bouchea,13
Lagenias,1
Lagenanthus,1
Cryptanthus,62
Cryptocoryne,83
Ctenanthe,15
Lindera,94
Cuitlauzina,8
Curcuma,149
Loranthus,8
Loasa,26
Cyanotis,50
Lissocarpa,8
Lepidaria,10
Lepeostegeres,9
Lophopyxis,1
Logania,23
Lawsonia,1
Lagerstroemia,48
Lythrum,39
Lysiana,8
Lafoensia,6
Cyanthera,1
Cyathochaeta,6
Cyathocoma,3
Loxanthera,1
Cymbidium,105
Cynorkis,176
Liberatia,2
Lactomamillara,1
Bousigonia,3
Myosotis,152
Moltkia,8
Mimophytum,10
Mondia,2
Maytenus,177
Microtropis,65
Monotoca,10
Myosotidium,2
Mertensia,49
Moltkiopsis,1
Microparacaryum,3
Malcolmia,9
Myriopus,15
Matthiola,50
Mathewsia,7
Mattiastrum,35
Maresia,5
Monolluma,5
Microloma,13
Minaria,22
Matelea,201
Metastelma,97
Matisia,60
Myagrum,1
Maihueniopsis,20
Maihuenia,2
Mammillaria,199
Marshallocereus,1
Melocactus,52
Murbeckiella,6
Morisia,1
Menonvillea,24
Microthlaspi,5
Megacarpaea,8
Meniocus,7
Menkea,6
Morettia,4
Moricandia,8
Microstigma,3
Mesembryanthemum,106
Mimulopsis,20
Mendoncia,88
Mitrephora,50
Morsacanthus,1
Monothecium,3
Mangifera,64
Mellera,7
Megaskepasma,1
Mackaya,5
Marcania,1
Megalochlamys,10
Marsdenia,90
Marlothistella,2
Malephora,17
Macroscepis,22
Margaretta,1
Mahawoa,1
Myrrhis,1
Myrrhidendron,5
Mutellina,3
Musineon,6
Maharanga,10
Mairetis,1
Malmea,6
Mosquitoxylum,1
Meiogyne,34
Marsypopetalum,5
Melanochyla,23
Metopium,5
Mezzettia,5
Miliusa,60
Marcelliopsis,3
Mitrophyllum,7
Mestoklema,6
Meyerophytum,2
Mauria,15
Mechowia,1
Melanosciadium,3
Magydaris,2
Magadania,2
Mogoltavia,2
Molopospermum,1
Meum,1
Micropleura,2
Microsciadium,1
Monanthotaxis,94
Mischogyne,5
Monoon,77
Monodora,14
Mathiasella,1
Mosannona,15
Mastigosciadium,1
Monocarpia,4
Mezilaurus,24
Myriophyllum,70
Maingaya,1
Matudaea,2
Molinadendron,3
Moussoniantha,1
Moussonia,24
Monopyle,25
Machilus,130
Miquelia,10
Metteniusa,7
Medusanthera,8
Merrilliodendron,1
Mappianthus,2
Mappia,13
Mitreola,17
Mitrasacme,55
Mentzelia,100
Moehringia,30
Minuartia,98
Moenchia,3
Myrianthus,8
Musanga,2
Menepetalum,4
Mahurea,2
Microcnemum,1
Mammea,45
Acranthera,42
Monanthes,22
Maurocenia,1
Micranthocereus,9
Myrtgerocactus,1
Maerua,70
Moschopsis,10
Mitrocereus,1
Mesostemma,11
Manotes,5
Morisonia,87
Melichrus,6
Momordica,50
Macleania,50
Monotes,34
Muellerargia,2
Microbiota,1
Microrphium,1
Metagentiana,12
Macrocarpaea,121
Monophyllaea,38
Monsonia,27
Mycerinus,3
Monotropa,2
Moneses,1
Monotropastrum,1
Mesua,11
Marila,20
Moronobea,7
Macropteranthes,5
Montrouziera,6
Mystroxylon,2
Mortonia,7
Maireana,57
Melothria,13
Marah,8
Marquesia,3
Montigena,1
Maracanthus,3
Muellerina,5
Macrosolen,39
Mostuea,10
Micklethwaitia,1
Micropuntia,1
Noahdendron,1
Nevada,1
Nasa,101
Neothorelia,1
Neocalyptrocalyx,10
Neoalsomitra,11
Nanophyton,1
Nicobariodendron,1
Nouhuysia,3
Neotatea,4
Brachycorythis,37
Noaea,2
Nucularia,1
Neuburgia,12
Norrisia,2
Nuytsia,1
Notanthera,1
Nemophila,13
Natsiatopsis,1
Natsiatum,1
Nectandra,99
Napeanthus,18
Neurotheca,3
Neblinantha,2
Nautilocalyx,42
Neodillenia,3
Nama,57
Nothoalsomitra,1
Notopora,5
Nectaropetalum,8
Nematanthus,32
Negria,1
Niphaea,3
Neostrearia,1
Nephradenia,5
Neesia,8
Neoschumannia,3
Nautonia,1
Nonea,47
Neatostema,1
Naufraga,1
Neo-uvaria,7
Neogaya,1
Neoconopodium,2
Nothopegia,10
Neostenanthera,5
Niphogeton,18
Nirarathamnos,1
Nandina,1
Nasturtiopsis,3
Neriacanthus,5
Neuracanthus,32
Nelsonia,3
Nicoteba,4
Nothosaerva,1
Nelsia,3
Nyssanthes,2
Nananthus,6
Nasturtium,6
Neotorularia,6
Neslia,1
Noccaea,101
Notoceras,1
Neurotropis,3
Neomillspaughia,2
Navarretia,46
Nesiota,1
Neoschmidia,2
Namataea,1
Naringi,1
Naudinia,1
Neobyrnesia,1
Neoraputia,6
Nematolepis,7
Nigella,26
Nymphaea,72
Nageia,7
Nothotsuga,1
Neogontscharovia,3
Nothocnide,4
Nardostachys,1
Nitraria,9
Neoluederitzia,1
Notothixos,8
Nesogordonia,24
Neoregnellia,1
Nanorrhinum,30
Nephelium,24
Nemesia,69
Neopicrorhiza,2
Nuttallanthus,3
Nothochilus,1
Nothochelone,1
Nothobartsia,2
Nephrodesmus,4
Nuphar,19
Neolitsea,101
Nototriche,114
Neobrittonia,1
Neobuchia,1
Neocinnamomum,6
Nothaphoebe,21
Neea,72
Neurada,2
Norantea,2
Naucleopsis,24
Nymphoides,53
Nelumbo,2
Nymania,1
Naregamia,1
Neuontobotrys,14
Neonelsonia,1
Niedenzuella,18
Ocotea,539
Orostachys,13
Oligarrhena,1
Opocunonia,1
Oreomunnea,4
Ochthocosmus,8
Orchadocarpa,1
Oreocharis,160
Brachypeza,12
Orthaea,36
Oreosyce,1
Ortegia,1
Oreobliton,1
Ofaiston,1
Oerstedina,3
Orphium,1
Ottoschulzia,4
Ostrearia,1
Ornithoboea,17
Orthilia,1
Oreonesion,1
Brachysola,2
Brachystele,24
Ophionella,2
Oistonema,1
Orbea,60
Oxypolis,4
Ottoa,1
Odontostephana,7
Orbelia,2
Oenanthe,34
Orthosia,56
Oreosparte,1
Oreoschimperella,3
Osmorhiza,12
Ostericum,11
Orlaya,3
Oschatzia,2
Ormopterum,2
Ormosciadium,1
Omphalodes,10
Omphalolappula,1
Oxypetalum,126
Oxystelma,2
Ogastemma,1
Octopoma,4
Ochoterenaea,1
Opopanax,4
Opoidia,1
Oliveria,1
Oscularia,8
Orthopterum,2
Cyphostigma,1
Oplonia,21
Odontonema,32
Cypripedium,63
Orophea,62
Cyrtochiloides,3
Oxandra,30
Cyrtochilum,206
Oedibasis,4
Ozoroa,45
Cytogonidium,1
Dactylodenia,25
Dactylorhiza,101
Oreocome,10
Onychopetalum,2
Opuntia,181
Dapsilanthus,4
Dasypogon,3
Deinacanthon,1
Dendrobium,1639
Oreocereus,11
Dendrophylax,15
Onosma,277
Desmocladus,23
Odontarrhena,88
Olimarabidopsis,3
Deuterocohnia,16
Oreocarya,67
Onuris,5
Devogelia,1
Oxalis,567
Dichaea,130
Dichorisandra,56
Brachytome,8
Oxygonum,24
Oserya,5
Dichromanthus,4
Opilia,2
Bradea,6
Orobanche,202
Octolepis,7
Obetia,5
Odyendea,2
Octolobus,3
Orthion,6
Oreocnide,17
Ourisia,35
Dictyospermum,5
Okoubaka,2
Dictyostega,1
Osyris,5
Orites,8
Ochradenus,7
Omphalogramma,12
Oxyria,2
Opisthiolepis,1
Oreorhamnus,1
Oxygraphis,6
Didymiandrum,1
Ochetophila,2
Dielsia,1
Odontites,38
Dilatris,4
Dimerocostus,3
Odontocarya,38
Ophiocaryon,10
Owenia,6
Oryctina,5
Oryctanthus,18
Dinklageella,4
Diodonopsis,6
Orthomene,4
Dioscorea,640
Oncocalyx,12
Ochna,81
Oxybaphus,8
Okenia,1
Otoba,12
Oncostemum,103
Oenothera,165
Olinia,11
Ongokea,1
Olax,52
Oncotheca,2
Ouratea,294
Braemia,1
Octoknema,14
Ochanostachys,1
Brahea,11
Opsicarpium,1
Ochroma,1
Pimpinella,160
Physospermum,2
Physotrichia,6
Peucedanum,74
Prangos,50
Pozoa,2
Portenschlagiella,1
Polyzygus,1
Platysace,23
Petroedmondia,1
Petagnaea,1
Perissocoeleum,4
Pastinaca,16
Palimbia,3
Pedinopetalum,1
Paulita,3
Pastinacopsis,1
Phlojodicarpus,3
Pleurospermum,10
Periploca,17
Pergularia,2
Periglossum,4
Phaeostemma,9
Peplonia,8
Pentopetia,22
Pentasacme,4
Pseudolithos,8
Brasenia,1
Polystemma,27
Paracaryum,27
Pachystachys,18
Pycnorhachis,1
Phyllanthera,10
Psammogeton,18
Prionosciadium,23
Polemannia,3
Pentatropis,4
Pachycarpus,39
Pternopetalum,21
Pseudotrachydium,5
Pseudoselinum,1
Ptychotis,2
Pycnocycla,15
Pyramidoptera,1
Ptilimnium,5
Psiloesthes,1
Ptyssiglottis,38
Pulchranthus,4
Peersia,3
Psammophora,4
Psammanthe,1
Pleiospilos,5
Petalidium,42
Pseuderanthemum,129
Phialacanthus,5
Phlogacanthus,42
Phaulopsis,21
Pararuellia,11
Pseudocalyx,6
Poikilacanthus,13
Physacanthus,3
Polylychnis,1
Pseudacanthopale,1
Platymitra,2
Piptostigma,13
Polyalthia,100
Phaeanthus,8
Pellegrinia,11
Pleiogynium,3
Pistacia,13
Pseudospondias,2
Poupartia,7
Poupartiopsis,1
Popowia,30
Pseudephedranthus,2
Porcelia,8
Pseudomalmea,4
Pseuduvaria,60
Pyramidanthe,12
Pseudoxandra,24
Polyceratocarpus,9
Pandiaka,13
Pfaffia,28
Psilotrichum,16
Pupalia,3
Ptilotus,16
Pentaspadon,6
Pterisanthes,16
Parishia,8
Pseudoplantago,2
Pleuropetalum,3
Perrottetia,21
Pristimera,37
Peritassa,21
Pourouma,31
Prionostemma,1
Psammomoya,4
Pleurostylia,6
Poikilospermum,28
Pseudoscabiosa,3
Pterocephalus,34
Psorospermum,49
Pentachondra,4
Platonia,1
Petrosimonia,9
Polycnemum,5
Patellifolia,1
Pentadesma,5
Peripentadenia,2
Pentastemonodiscus,1
Petrocoptis,9
Pirinia,1
Petrorhagia,14
Pentadiplandra,1
Polycarpaea,20
Pleodendron,3
Poilanedora,1
Polycarpon,7
Psammosilene,1
Pseudostellaria,14
Polytepalum,1
Pterocelastrus,4
Putterlickia,5
Phyllodoce,9
Phylliopsis,1
Phyllothamnus,1
Plutarchia,11
Pieris,23
Paphia,21
Planocarpa,3
Pseudomonotes,1
Prionotes,1
Pyrola,43
Phyllonoma,5
Polyosma,92
Pinacopodium,2
Psammisia,79
Penelopeia,2
Papuasicyos,7
Pistorinia,4
Pseudosedum,14
Prometheum,3
Peponium,20
Pseudoconnarus,6
Pseudotsuga,4
Petrosedum,24
Phedimus,16
Psiguria,6
Pinzona,1
Pakaraimaea,1
Parashorea,14
Pentacme,2
Pycnocomon,2
Pullea,3
Pseudoweinmannia,2
Pancheria,27
Pilgerodendron,1
Platycladus,1
Papuacedrus,1
Pteropepon,5
Purdiaea,13
Prosopanche,7
Diplacrum,13
Physaria,110
Petrocallis,1
Phlegmatospermum,4
Parrya,43
Diplasia,1
Parlatoria,2
Peltaria,3
Protium,155
Pachylobus,17
Planodes,3
Diplopanax,2
Psychine,1
Pseudoarabidopsis,1
Pseuderucaria,2
Disa,189
Pachira,52
Pseudobombax,28
Pentaplaris,3
Phragmotheca,11
Disperis,82
Pentaglottis,1
Pectocarya,12
Pardoglossum,1
Paramoltkia,1
Disteganthus,4
Podophyllum,17
Pulmonaria,27
Distichochlamys,4
Pteleocarpa,1
Pachycladon,12
Pachyphragma,1
Plagiobothrys,68
Podonosma,4
Pilosocereus,55
Pfeiffera,6
Pereskiopsis,6
Phyllocereus,1
Pterocactus,10
Pygmaeocereus,2
Praecereus,2
Diuris,104
Parodia,69
Donax,1
Pacherocactus,1
Pseudodacryodes,1
Pachycereus,5
Peniocereus,9
Pereskia,10
Dracula,151
Dresslerella,17
Drosera,244
Pectinaria,5
Pachyphytum,19
Dryadella,62
Parolinia,6
Dryadorchis,5
Duckea,4
Dulichium,1
Pseudorhipsalis,5
Phyllodoleuria,1
Phiambolia,10
Quaqua,20
Quaternella,2
Quararibea,56
Qualea,53
Quiina,32
Rourea,83
Rapicactus,5
Rhodiola,53
Rhodalsine,1
Ritchiea,23
Reissantia,9
Rzedowskia,1
Robsonodendron,2
Ruthalicia,2
Rosularia,25
Raphidiocystis,5
Richetia,33
Rosselia,1
Rathbunillocactus,1
Rorippa,101
Romanschulzia,13
Ribes,204
Rhipsalis,48
Rebutia,7
Rhipsalidopsis,3
Rhododendron,1203
Brassavola,20
Rumex,152
Dyckia,188
Richea,13
Ruschia,219
Rhombophyllum,5
Robeschia,1
Ecdeiocolea,2
Rungia,87
Ruspolia,5
Echinosepala,17
Rhus,58
Rostellularia,29
Edmundoa,3
Rochelia,19
Rochefortia,12
Rhinacanthus,26
Rhaphidospora,8
Elasis,2
Elegia,50
Raphionacme,36
Rutheopsis,2
Rhodosciadium,15
Rhopalosciadium,1
Rhabdosciadium,8
Ridolfia,1
Rohmooa,1
Riocreuxia,10
Rhodognaphalon,4
Rhytidocaulon,17
Raphiocarpus,18
Ramonda,4
Registaniella,1
Raphanus,3
Rhizobotrya,1
Ricotia,10
Eleocharis,311
Rapistrum,2
Rindera,30
Ruehssia,146
Rotula,2
Ruschiella,4
Acriopsis,10
Brassia,69
Roupala,44
Rheum,44
Ruprechtia,35
Rotala,74
Ruagea,15
Rhigiocarya,4
Rhaptonema,7
Robinsonella,16
Reinwardtiodendron,6
Ruyschia,10
Rojasimalva,1
Rhyncholacis,28
Reynoutria,7
Retrophyllum,6
Rhytidosporum,5
Rhaptopetalum,13
Rivina,1
Rhaphiostylis,12
Rhopalopilia,3
Rupicapnos,6
Rogeria,4
Roemeria,15
Resia,4
Ridleyandra,30
Rhabdothamnus,1
Rhytidophyllum,22
Rhynchotechum,19
Rhynchoglossum,13
Rigiolepis,28
Rhodothamnus,2
Rogersonanthus,2
Ruptiliocarpon,1
Roucheria,7
Reinwardtia,3
Rivasgodaya,1
Ryticaryum,12
Romanzoffia,5
Rhodostemonodaphne,41
Elettaria,7
Triplateia,1
Tuberaria,13
Triosteum,7
Thurya,1
Tetrasiphon,1
Thyrsosalacia,4
Tontelea,19
Turbinicarpus,59
Terminalia,282
Trichoechinopsis,1
Trichomoza,1
Tirania,1
Tovaria,2
Turbiniphora,1
Tovomita,77
Elleanthus,129
Tapura,38
Traganopsis,1
Tripterygium,3
Traganum,2
Touroulia,2
Thysanocarpus,8
Turritis,2
Tropidocarpum,4
Brassiophoenix,2
Embreea,2
Empodisma,3
Thlaspi,7
Encholirium,37
Brassocattleya,5
Trattinnickia,20
Thamnea,9
Encyclia,196
Tephrocactus,13
Tacinga,14
Triomma,1
Endostemon,20
Thuja,5
Trochomeria,9
Ensete,7
Tetracera,53
Tetraphyllum,3
Trichosanthes,107
Epidendrum,1860
Themistoclesia,41
Trochocarpa,17
Epidryos,4
Thibaudia,114
Epipactis,77
Eremospatha,11
Taxodium,2
Taiwania,1
Taxus,13
Eria,48
Eriocaulon,488
Tylecodon,50
Brenania,2
Thladiantha,25
Torreya,6
Thujopsis,1
Toxicodendron,30
Trichoscypha,32
Thyrsodium,7
Torilis,15
Breonadia,1
Tapirira,9
Tetrastigma,140
Trachymene,61
Tilingia,3
Thapsia,20
Thecocarpus,2
Tordylium,20
Trivalvaria,12
Trigynaea,9
Tetrameranthus,8
Tetrataenium,21
Thamnosciadium,1
Tauschia,34
Tamamschjanella,2
Thunbergia,151
Tetramerium,30
Thomandersia,6
Tetragonia,52
Trichodiadema,32
Trachydium,11
Trichocalyx,2
Trichanthera,2
Thysanostigma,2
Tanquana,3
Trigonotis,66
Tournefortia,106
Trichodesma,40
Thonningia,1
Thaumatocaryon,3
Tianschaniella,1
Trigonocaryum,1
Tiquilia,28
Thelypodium,16
Trachelanthus,4
Trachystemon,1
Bretschneidera,1
Teesdalia,3
Tetracme,8
Trinia,13
Trigonosciadium,7
Trocdaris,1
Trochiscanthes,1
Tricholaser,2
Tassadia,30
Telectadium,3
Tavaresia,3
Thottea,46
Breviea,1
Turgenia,2
Turgeniopsis,1
Tacazzea,5
Trachyspermum,15
Tromotriche,11
Tweedia,6
Trichosandra,1
Tylodontia,4
Toxocarpus,34
Telosma,8
Treutlera,1
Breynia,96
Taxillus,36
Trithecanthera,5
Tolypanthus,8
Tristerix,13
Trilepidea,1
Tripodanthus,3
Tapinanthus,33
Triadodaphne,3
Tropaeolum,97
Tripterospermum,36
Tachia,14
Tetrapollinia,1
Tapeinostemon,9
Trichocladus,4
Tersonia,2
Tylopsacas,1
Tristemonanthus,2
Thinicola,1
Eriochilus,12
Eriophorum,24
Thelocactus,14
Tridentapelia,1
Erioscirpus,2
Tetracarpaea,1
Erythrodes,27
Urera,29
Bridelia,50
Urbanodendron,3
Umbilicus,17
Etlingera,148
Utricularia,286
Unonopsis,48
Uvaria,176
Eulophia,285
Uvariastrum,5
Urostephanus,2
Uebelmannia,4
Uvariodendron,18
Uvariopsis,18
Urtica,72
Ulmus,44
Urena,11
Usteria,1
Eurychorda,1
Evandra,2
Ungulipetalum,1
Exocarya,1
Urvillea,20
Exochogyne,2
Ungeria,1
Uvedalia,2
Urobotrya,8
Fascicularia,1
Fernseea,2
Ficinia,92
Utsetela,2
Uncarina,14
Wallenia,29
Walsura,17
Wallacea,3
Waltheria,61
Valeriana,424
Verbascum,740
Acrobotrys,1
Weinmannia,93
Zaleya,6
Verhuellia,3
Vexatorella,4
Ventilago,38
Vepris,97
Vavaea,5
Virola,71
Vegaea,1
Vismia,47
Veronica,505
Vandellia,52
Vellosiella,3
Vahlia,5
Vouarana,2
Varronia,105
Vincetoxicum,257
Viburnum,196
Vaccinium,549
Vella,8
Voyria,21
Vitis,91
Vanheerdea,2
Vasconcellea,27
Vicatia,5
Visnaga,2
Vanhouttea,10
Viviania,7
Voyriella,1
Vantanea,23
Vateria,3
Velascoa,1
Villadia,30
Vesselowskya,2
Viscaria,3
Vatica,80
Viola,723
Viscum,114
Vochysia,148
Flagellaria,5
Floscopa,21
Veronicastrum,19
Fosterella,34
Visnea,1
Vallea,2
Fuirena,56
Valerianella,33
Gagnepainia,2
Gahnia,42
Wenzelia,8
Wettsteiniola,3
Willisia,2
Weddellina,1
Winklerella,1
Wissadula,39
Wercklea,13
Wilkiea,12
Wulfenia,4
Wightia,2
Gaimardia,4
Wulfeniopsis,2
Weingartia,20
Weberocereus,6
Warburgia,4
Wellstedia,6
Whitfieldia,13
Wittsteinia,3
Weberbauera,26
Widdringtonia,4
Woollsia,1
Wigandia,5
Williamodendron,5
Whitmorea,1
Walteranthus,1
Wimmeria,17
Wilbrandia,5
Weigela,10
Galbulimima,1
Galeandra,41
Wikstroemia,94
Xerothamnella,2
Xylocarpus,3
Ximenia,10
Garrya,17
Xanthophyllum,109
Xestaea,1
Xylomelum,7
Xerospermum,3
Xylocalyx,5
Gastrochilus,70
Xylopia,190
Xanthosia,20
Xatardia,1
Xysmalobium,42
Xanthogalum,3
Xerosiphon,2
Gavilea,17
Xanthocyparis,1
Xylonymus,1
Xerotia,1
Yeatesia,3
Yabea,1
Zeuktophyllum,2
Zosima,4
Zizia,3
Zeravschania,14
Zieria,66
Zanthoxylum,243
Zygophyllum,118
Zollingeria,4
Genoplesium,61
Zanha,3
Geocharis,7
Zaluzianskya,57
Geogenanthus,3
Geonoma,68
Georgeantha,1
Geostachys,24
Zamia,90
Gibasis,14
Zygogynum,47
Zelkova,6
Gibasoides,1
Globba,141
Zehneria,65
Zanonia,2
Zabelia,13
Zilla,2
Zuvanda,3
Zinowiewia,14
Zeltnera,29
Zonanthus,1
Ziziphus,78
Zygocarpum,6
Zeylanidium,10
Zehnderia,1
Zippelia,1
Glochidion,332
Glomera,155
Glomeropitcairnia,2
Goeppertia,243
Gongora,72
Stapelia,37
Goodyera,104
Gorgonidium,8
Govenia,29
Sicyocarpus,2
Socotrella,1
Solenostemma,1
Secamone,133
Grandidiera,1
Staparesia,1
Stauntonia,28
Greigia,36
Suchtelenia,1
Stephanotis,19
Stelmagonum,1
Stapeliopsis,8
Stoibrax,3
Sarcolobus,21
Stathmostelma,14
Stomatostemma,1
Sarcotheca,12
Steganotaenia,3
Stefanoffia,2
Spiroceratium,1
Stenotaenia,5
Griselinia,7
Stewartiella,1
Grobya,5
Spananthe,2
Guacamaya,1
Smyrnium,5
Guanchezia,1
Guarianthe,5
Spermolepis,11
Sphenostemon,9
Synclinostyles,2
Symphyoloma,1
Sison,3
Bromheadia,29
Sium,11
Smyrniopsis,2
Schizostephanus,2
Schlechterella,2
Schizoglossum,27
Guzmania,218
Streptocaulon,5
Sisymbrium,49
Symphytum,34
Streptanthus,56
Sterigmostemum,13
Subularia,2
Succowia,1
Strigosella,24
Sobolewskia,4
Smelowskia,26
Stenopetalum,12
Sedum,473
Stephanocaryum,4
Schizopetalon,11
Selenia,7
Schouwia,1
Schimpera,1
Sandbergia,2
Savignya,1
Scleronema,5
Sauria,1
Spirotheca,8
Solenanthus,26
Sisymbrella,2
Sibara,13
Sinapis,4
Strobilanthes,458
Sesuvium,19
Scopelogena,2
Schwantesia,11
Saurauia,391
Stoeberia,7
Gymnanthes,26
Gymnoschoenus,2
Strobilanthopsis,1
Gymnosiphon,41
Sanicula,45
Staurogyne,156
Sphinctacanthus,2
Stachyacanthus,1
Spathacanthus,4
Sanchezia,45
Sapphoa,2
Sebastiano-schaueria,1
Salpixantha,1
Samuelssonia,1
Sclerochiton,18
Gynocardia,1
Schaueria,15
Satanocrater,4
Spergularia,52
Spiraeanthemum,19
Stenostephanus,95
Stenothyrsus,1
Stenandrium,50
Stenandriopsis,22
Broughtonia,8
Selinum,11
Semenovia,31
Seseli,142
Silaum,1
Haemodorum,27
Schrenkia,13
Schoenolaena,1
Scandix,12
Sclerochorton,1
Sclerosciadium,1
Sclerotiaria,1
Schulzia,5
Selinopsis,2
Halopegia,3
Siler,4
Similisinocarum,2
Sinocarum,19
Seselopsis,2
Hanguana,23
Haniffia,4
Sphallerocarpus,1
Semecarpus,90
Searsia,110
Sclerocarya,2
Solenocarpus,2
Sorindeia,10
Haplothismia,1
Haumania,3
Sericostachys,1
Sericorema,2
Hechtia,90
Schinus,44
Stelechocarpus,3
Sapranthus,8
Sphaerocoryne,7
Sajanella,1
Scandia,2
Saposhnikovia,1
Scaligeria,6
Swintonia,14
Sageraea,9
Salicornia,26
Stephanopodium,15
Schaefferia,15
Hedera,23
Semialarium,2
Siphonodon,6
Simicratea,1
Salsola,174
Hedychium,103
Salacia,215
Brownleea,8
Salaciopsis,6
Salacighia,2
Sarawakodendron,1
Stellaria,135
Sphaerocoma,1
Heliconia,207
Sempervivum,65
Seidlitzia,2
Sevada,1
Spinacia,2
Sclerolaena,63
Suaeda,73
Brunellia,60
Sequoia,1
Sparattanthelium,12
Strephonema,4
Sarcandra,1
Symphonia,16
Saponaria,16
Sagina,21
Schiedea,22
Selleola,1
Silene,491
Sambucus,23
Selenicereus,34
Stenocereus,24
Seleliocereus,4
Seleniphyllum,1
Soehrensia,28
Setiechinopsis,1
Symphoricarpos,14
Santiria,21
Staavia,11
Sanango,1
Schlumbergera,11
Salmonopuntia,2
Scutinanthe,2
Sarcococca,14
Stixis,10
Strophocactus,3
Stenocactus,22
Stenillocactus,1
Hellenia,16
Hellmuthia,1
Helmholtzia,2
Helonoma,4
Spergula,13
Hemiorchis,3
Heptapleurum,321
Herminium,53
Hetaeria,27
Heteranthera,20
Sicyos,66
Sicydium,9
Selysia,4
Seyrigia,6
Sicana,4
Schizomeria,9
Siolmatra,2
Siraitia,3
Heterospathe,38
Hexapterella,2
Scleranthus,5
Hohenbergia,53
Hohenbergiopsis,1
Hohenmea,1
Holcoglossum,24
Lambertia,11
Lysimachia,284
Lomatia,11
Leucadendron,84
Leucospermum,48
Hopkinsia,2
Lewisia,17
Loeselia,15
Hornstedtia,39
Leptopyrum,1
Lacunaria,7
Lasiodiscus,11
Leionema,28
Lychnodiscus,7
Limonium,662
Lopezia,28
Ludwigia,90
Luxemburgia,20
Lophira,2
Larix,18
Ledenbergia,3
Linariopsis,2
Lophiocarpus,4
Lepionurus,1
Lamprocapnos,1
Lawrencia,12
Hydrophilus,1
Lebronnecia,1
Lansium,3
Lecanophora,7
Hylaeanthe,5
Lophopterys,7
Lasiocarpus,4
Limeum,25
Liparophyllum,8
Loheria,6
Leucaster,1
Labisia,7
Levieria,7
Lauterbachia,1
Laurelia,2
Lovoa,3
Leplaea,7
Lepidotrichilia,4
Legnephora,5
Limaciopsis,1
Leptoterantha,1
Limacia,3
Linanthus,26
Lagarostrobos,1
Lepidothamnus,3
Leptosiphon,33
Hypodiscus,15
Ledermanniella,29
Lathrocasis,1
Leiothylax,4
Letestuella,1
Bucephalandra,32
Limoniopsis,2
Littorella,3
Limoniastrum,2
Hypolaena,7
Leptonychia,39
Lysiosepalum,5
Levenhookia,12
Hypolytrum,63
Lasiopetalum,54
Lozanella,2
Laportea,35
Luehea,20
Lueheopsis,6
Lasiosiphon,50
Lophostoma,4
Leucophyllum,17
Limnophila,46
Lithophragma,10
Lepidozamia,2
Buchtienia,4
Larrea,5
Leucosyke,33
Leonia,24
Loewia,2
Lasiadenia,2
Leucospora,1
Leucocarpus,1
Leptorhabdos,1
Limosella,16
Lagotis,31
Lamourouxia,30
Lathraea,5
Linaria,203
Hypselodelphys,8
Ida,47
Leptomeria,20
Laccodiscus,4
Lecaniodiscus,3
Lunasia,1
Lubaria,2
Luvunga,11
Lepiderema,8
Lafuentea,2
Lepisanthes,32
Lepidopetalum,8
Loxodiscus,1
Llagunoa,3
Litchi,2
Lindernia,69
Lophospermum,8
Lindenbergia,16
Lyperia,6
Ischnosiphon,36
Myristica,172
Myrica,50
Mauloutchia,9
Maesa,185
Myrothamnus,3
Maclura,10
Maquira,4
Mollinedia,56
Montinia,1
Monimia,3
Morus,20
Milicia,2
Isolepis,71
Macropeplus,4
Matthaea,6
Mollugo,18
Myoporum,36
Moringa,13
Morina,15
Marianthus,14
Melientha,1
Minquartia,1
Mirabilis,63
Myrsine,286
Meconopsis,97
Meconella,3
Marathrum,13
Macropodiella,7
Microtea,10
Martynia,2
Macleaya,2
Malva,64
Malope,4
Malvastrum,24
Malvalthaea,3
Malvaviscus,11
Mascagnia,48
Malpighia,110
Malesherbia,25
Malachra,8
Microsteira,27
Mionandra,4
Malacothamnus,22
Mezia,15
Meliosma,126
Munronia,7
Melianthus,6
Melia,3
Macarthuria,9
Menispermum,2
Macrococculus,1
Marcgravia,62
Modiola,1
Megistostegium,3
Malvella,4
Marcgraviastrum,15
Medusagyne,1
Menyanthes,1
Mimulus,11
Melasma,8
Melosperma,1
Melanospermum,6
Melampyrum,42
Microcarpaea,2
Microdon,7
Joinvillea,3
Micranthemum,13
Micrargeria,3
Mansonia,5
Melhania,73
Maxwellia,1
Monttea,3
Misopates,9
Magdalenaea,1
Mannagettaea,3
Manulea,74
Micranthes,86
Mitella,4
Mecardonia,10
Matourea,9
Maurandya,2
Manuleopsis,1
Mazus,40
Juncus,355
Kaempferia,47
Mollia,16
Microcos,78
Mortoniodendron,16
Maoutia,9
Muntingia,1
Mathurina,1
Macrozamia,41
Miltianthus,1
Microcycas,1
Myriocarpa,14
Metatrophis,1
Melicytus,15
Melochia,63
Macgregoria,1
Metasequoia,1
Myricaria,12
Macadamia,4
Montiopsis,18
Mimetes,20
Megahertzia,1
Muehlenbeckia,12
Montia,13
Mona,1
Maesopsis,1
Megaleranthis,1
Mitrastemon,2
Medicosma,25
Megastigma,6
Musgravea,2
Monnina,168
Kingia,1
Manoao,1
Myriolimon,2
Monococcus,1
Microsteris,1
Microgilia,1
Maculigilia,1
Mourera,8
Microcachrys,1
Muraltia,119
Moutabea,10
Melicope,243
Micromelum,8
Monanthocitrus,4
Melicoccus,10
Merope,1
Matayba,49
Mischocarpus,14
Myrtopsis,8
Murraya,9
Majidea,2
Mida,1
Myoschilos,1
Maclurodendron,6
Melocarpum,2
Manekia,6
Malpighiodes,4
Koyamaea,1
Misodendrum,8
Kunhardtia,2
Thalictrum,197
Triplaris,19
Telopea,5
Talinopsis,1
Trymalium,14
Terniopsis,13
Thawatchaia,2
Trigoniastrum,1
Talinum,16
Triunia,4
Turrillia,3
Thesium,334
Turpinia,11
Tripterococcus,1
Talisia,53
Triumfetta,177
Trollius,40
Trautvetteria,2
Ticorea,6
Thamnosma,15
Tetractomia,6
Tetradium,9
Triphasia,3
Trichilia,110
Lachnanthes,1
Toona,6
Tambourissa,47
Tetrapterys,56
Thryallis,5
Triaspis,19
Thespesia,15
Tarasa,30
Tristicha,1
Triplochiton,2
Tapeinosperma,76
Trophis,11
Trymatococcus,2
Tristellateia,21
Tyleria,14
Tetramerista,1
Testulea,1
Tsuga,12
Trichostigma,3
Trapella,1
Tetraclinis,1
Trigonocapnos,2
Triclisia,17
Telephium,5
Tinospora,32
Trimenia,8
Treculia,9
Tiliacora,23
Telitoxicum,8
Lanaria,1
Trilepisium,1
Theophrasta,2
Tilia,37
Trichospermum,38
Thymelaea,34
Trigonia,29
Tetralix,5
Turnera,141
Trema,21
Tribulus,30
Tetradiclis,2
Tasmannia,36
Tribulopis,7
Trapa,8
Tetratheca,53
Tremandra,2
Leiothrix,39
Trochodendron,1
Tricliceras,15
Theobroma,21
Torenia,69
Trieenea,10
Tamarix,57
Thomasia,32
Thouinia,27
Thinouia,10
Toechima,6
Thouinidium,7
Ternstroemia,163
Tepuianthus,6
Tetranema,6
Thunbergianthus,2
Tolmiea,2
Tonella,2
Tristiropsis,6
Tristira,1
Toulicia,15
Trigonachras,6
Tiarella,7
Tellima,1
Lepidobolus,9
Lepidosperma,83
Triaenophora,4
Lepironia,1
Ranunculus,1613
Rafflesia,41
Rhamnus,149
Leptocarpus,16
Rhizophora,11
Leptosolena,1
Lepyrodia,22
Rhizanthes,4
Lindmania,38
Reseda,68
Reynosia,18
Rhamnidium,10
Rhamnella,10
Retanilla,4
Reissekia,2
Loxocarya,5
Lycida,1
Lyginia,3
Lymania,10
Rhamphicarpa,6
Rhaphispermum,1
Raveniopsis,20
Rhinanthus,48
Ruta,11
Rutaneblina,1
Roussea,1
Machaerina,52
Rhabdodendron,3
Rhysotoechia,19
Rodgersia,5
Ruizia,13
Reaumuria,10
Rehderodendron,8
Rhynchocorys,6
Russelia,50
Rhodochiton,5
Reevesia,13
Ravenia,11
Rauia,5
Raulinoa,1
Raputia,14
Rousselia,4
Roepera,60
Rhoicissus,11
Ruizterania,14
Madisonia,9
Paronychia,74
Pteranthus,1
Phyllocosmus,5
Pollichia,1
Phacelia,203
Pyrenacantha,36
Pseudobotrys,2
Pleurisanthes,7
Poraqueiba,3
Platea,8
Persea,110
Pterocarya,6
Philadelphus,45
Phytocrene,12
Pittosporopsis,1
Pennantia,3
Phoebe,76
Pleurothyrium,48
Potameia,23
Pelargonium,288
Plakothira,3
Pinguicula,124
Phyllangium,5
Marahuacaea,1
Maranta,46
Phyllocyclus,4
Prepusa,6
Pycnosphaera,1
Paraboea,153
Paradrymonia,12
Poskea,2
Platystemma,1
Pseudochirita,2
Primulina,247
Parrotia,2
Pearcea,19
Petrocosmea,70
Phinaea,3
Paliavana,6
Marantochloa,18
Phthirusa,22
Psittacanthus,128
Plicosepalus,12
Phragmanthera,35
Pleurophora,8
Pehria,1
Punica,2
Platycapnos,3
Peraxilla,3
Panamanthus,1
Potalia,9
Polypremum,1
Plocosperma,1
Picrophloeus,4
Dendropemon,33
Passovia,20
Podlechiella,1
Marthella,1
Maschalocephalus,1
Phebalium,39
Polyspora,48
Ploiarium,3
Pyrenaria,27
Perryodendron,1
Peltostigma,2
Phellodendron,2
Pilocarpus,19
Philotheca,54
Paramignya,17
Mastersiella,3
Pedicularis,718
Matudanthus,1
Parentucellia,3
Paederota,2
Paulownia,9
Mayaca,5
Pavonia,294
Megaphrynium,5
Paullinia,185
Paranephelium,6
Pappea,1
Plethadenia,2
Pleiospermium,7
Polyaster,1
Pitaviaster,1
Pancovia,13
Phacellaria,7
Melanostachya,1
Ptelea,3
Podonephelium,11
Pometia,2
Phyllotrichum,1
Placodiscus,20
Mesanthemum,16
Phyllopodium,26
Polygonanthus,2
Pottingeria,1
Pterophylla,67
Peltoboykinia,2
Mesomelaena,5
Pseudopancovia,1
Ptaeroxylon,1
Pomaderris,75
Pulsatilla,53
Paliurus,5
Phylica,150
Psychrophila,6
Paraquilegia,8
Pilostyles,12
Paroxygraphis,1
Microdracoides,1
Pellacalyx,8
Microepidendrum,1
Pouzolzia,53
Miersiella,1
Pipturus,29
Procris,24
Pilea,618
Phoradendron,281
Pigea,4
Monocostus,1
Monolophus,16
Patrinia,14
Paypayrola,7
Monophyllanthe,2
Pellionia,28
Monotagma,39
Petelotiella,1
Phenax,28
Parietaria,25
Piriqueta,46
Monotrema,5
Phyllostylon,1
Parsana,1
Morelotia,6
Murdannia,64
Plagianthus,2
Pseudabutilon,19
Periptera,5
Perrierophytum,9
Phymosia,8
Pseudoclausena,1
Pterorhachis,2
Pseudocedrela,1
Prasoxylon,7
Pseudocarapa,5
Pachygone,12
Proboscidea,8
Peltaea,21
Musa,87
Perebea,10
Parartocarpus,2
Pseudolmedia,12
Pleuricospora,1
Prainea,2
Poulsenia,1
Pycnarrhena,11
Peumus,1
Penianthus,3
Parabaena,6
Perichasma,2
Pericampylus,2
Platytinospora,1
Pleogyne,1
Palmeria,17
Psammotropha,11
Parakibara,1
Pseudowintera,4
Parthenocissus,13
Peixotoa,29
Peganum,4
Papuodendron,2
Pterandra,15
Palaua,17
Pseudomisopates,1
Pseudosopubia,3
Pseudostriga,1
Picramnia,45
Picrasma,13
Polycarena,18
Picria,1
Physocalyx,3
Philcoxia,7
Picrorhiza,2
Pierreodendron,2
Picrolemma,2
Penstemon,295
Musella,1
Myrmecolaelia,1
Phelypaea,4
Myrosma,1
Peplidium,4
Nanochilus,2
Passerina,20
Navia,99
Phaleria,26
Pimelea,149
Pentace,30
Pityranthe,2
Petenaea,1
Peddiea,16
Platytheca,3
Planera,1
Pterygota,21
Phyllachne,4
Pterospermum,53
Podocarpus,105
Poeciloneuron,2
Pseudotaxus,1
Pterostyrax,3
Pterocymbium,12
Pentapetes,1
Pentamerista,1
Parathesis,110
Neesenbeckia,1
Nelmesia,1
Pisonia,24
Pycnanthus,4
Phaeoptilum,1
Ptychopetalum,4
Neoglaziovia,3
Phanerodiscus,3
Pentarhopalopilia,4
Neoregelia,119
Polythecanthum,1
Poecilandra,2
Philacra,4
Perissocarpa,3
Picrella,3
Parasopubia,4
Nevillea,3
Peperomia,1427
Piper,2436
Persoonia,101
Nidularium,48
Polygala,667
Platanus,11
Pherosphaera,2
Plantago,249
Petrophile,63
Niduregelia,3
Ochagavia,4
Oestlundia,4
Pseudolarix,1
Passiflora,604
Parnassia,56
Paropsia,12
Paropsiopsis,2
Orchidantha,32
Papaver,64
Paeonia,42
Pteridophyllum,1
Paracryphia,1
Pseudo-fumaria,2
Pittosporum,257
Pinus,133
Orectanthe,2
Oreobolus,17
Phytolacca,24
Peridiscus,1
Petiveria,1
Pentaphragma,31
Phyllocladus,4
Picea,42
Orthophytum,64
Pedalium,1
Penaea,27
Phelline,10
Pterodiscus,16
Orthothylax,1
Oxygyne,6
Primula,575
Paepalanthus,487
Protea,109
Placospermum,1
Panopsis,24
Persicaria,66
Polemonium,41
Portulaca,109
Polygonum,217
Phlox,71
Parasitaxus,2
Pterostemon,3
Pycnonia,1
Podostemum,12
Polypleurum,19
Acrocomia,8
Prumnopitys,3
Psylliostachys,9
Plumbago,19
Polygaloides,6
Podopterus,3
Palisota,31
Parakaempferia,1
Paralamium,1
Paramapania,7
Phelpsiella,1
Phenakospermum,1
Philydrella,2
Philydrum,1
Phlebocarya,3
Symplocos,408
Phrynium,38
Styrax,129
Sterculia,189
Scaphopetalum,20
Seringia,19
Stylidium,289
Stackhousia,17
Samadera,4
Stachyurus,10
Scaphium,8
Stangeria,1
Simaba,8
Soulamea,14
Spathelia,11
Suriana,1
Simarouba,6
Sabia,26
Saccifolium,1
Salvadora,5
Scleropyrum,4
Santalum,18
Serjania,248
Sarcopteryx,12
Sarcotoechia,10
Phylloscirpus,3
Staphylea,24
Storthocalyx,5
Smelophyllum,1
Sisyrolepis,1
Sapindus,14
Synima,3
Pitcairnia,417
Sarracenia,33
Saururus,2
Saxifraga,565
Sullivantia,4
Schisandra,26
Scoparia,12
Schweinfurthia,6
Scolophyllum,3
Sopubia,30
Sibthorpia,5
Stemodia,46
Selago,197
Striga,53
Seymeriopsis,1
Schizotorenia,2
Scrophulariverbascum,1
Schistophragma,6
Seymeria,20
Strobilopsis,1
Siphonostegia,3
Stemodiopsis,7
Cassytha,20
Sesamum,31
Securidaca,58
Shorea,52
Scabiosa,65
Sequoiadendron,1
Sciadopitys,1
Sida,282
Sonneratia,10
Sabatia,22
Stauranthera,8
Siparuna,58
Sesamothamnus,5
Stylophorum,4
Spelaeanthus,2
Smithiantha,8
Sinningia,89
Solenophora,16
Sarcocaulon,13
Swertia,170
Symbolanthus,31
Symphyllophyton,7
Seemannia,4
Sepikea,1
Scaevola,117
Sacoglottis,11
Plagiostachys,30
Schultesia,16
Schinziella,1
Sebaea,50
Sphyrospermum,31
Sulla,7
Senaea,2
Sipapoantha,2
Platycaulos,12
Platychorda,2
Pleiostachya,3
Pleuranthodium,24
Stemonurus,13
Stachyanthus,5
Schistostemon,10
Sarcostigma,2
Sextonia,2
Shortia,6
Schizocodon,3
Sloanea,187
Sphenotoma,6
Sprengelia,6
Stenanthera,4
Stemonoporus,27
Sericolea,18
Shepherdia,3
Styphelia,204
Satyria,30
Semiramisia,4
Plowmanianthus,5
Schumacheria,3
Pollia,21
Succisa,4
Succisella,5
Polyspatha,3
Stewartia,22
Pommereschea,2
Symplococarpon,2
Schoenobiblus,11
Pontederia,27
Strychnos,205
Schima,16
Schoutenia,10
Synaptolepis,5
Synandrodaphne,1
Stapfiella,6
Sparrmannia,3
Streptopetalum,6
Sogerianthe,6
Scurrula,26
Struthanthus,95
Portea,8
Potarophytum,1
Schweiggeria,2
Seetzenia,2
Schwannia,13
Sisyndite,1
Soleirolia,1
Scepocarpus,14
Stigmaphyllon,120
Spachea,12
Sphedamnocarpus,10
Principina,1
Prionium,1
Spigelia,96
Pseudoparis,3
Pseudoschoenus,1
Scyphanthus,2
Schizacme,5
Sundacarpus,1
Sphaerothylax,4
Saxicolella,8
Saxegothaea,1
Symmeria,1
Samolus,14
Soldanella,27
Ptilothrix,1
Salomonia,5
Stonesia,5
Puya,234
Saharanthus,1
Spyridium,44
Scutia,5
Sarcomphalus,32
Schistocarpaea,1
Siegfriedia,1
Smythea,11
Sesamoides,6
Sageretia,35
Skimmia,7
Swinglea,1
Stauranthus,2
Spiranthera,6
Stenanthemum,28
Sarcomelicope,10
Sterigmapetalum,9
Serruria,70
Stirlingia,7
Strangea,3
Synaphea,56
Stenocarpus,22
Sapria,4
Sorocephalus,11
Sandoricum,7
Schmardaea,1
Sphaerosacme,1
Sphaeralcea,49
Souroubea,19
Soyauxia,7
Sarcopera,8
Schwartzia,20
Stephania,71
Syrrheonema,3
Syntriandrium,1
Synclisia,1
Sciadotenia,19
Sarcopetalum,1
Swietenia,5
Sphenocentrum,1
Sinomenium,1
Sidastrum,8
Sidasodes,2
Sidalcea,29
Schoepfia,28
Strombosiopsis,3
Strombosia,11
Sauvagesia,51
Schuurmansia,3
Seguieria,6
Schindleria,6
Stylomecon,2
Sarcocapnos,4
Sanguinaria,1
Sloetiopsis,1
Sorocea,22
Streblus,27
Steganthera,28
Scyphosyce,3
Sparattosyce,2
Stylogyne,35
Solonia,1
Salpianthus,4
Systellantha,3
Staudtia,2
Scyphocephalium,2
Sadiria,7
Acantholimon,310
Acanthus,30
Aconitum,327
Acronychia,51
Acropogon,27
Acrotrema,11
Actaea,31
Aeschynanthus,182
Alcea,83
Alphitonia,15
Alyssum,128
Amaranthus,105
Anacampseros,43
Androsace,180
Anemone,78
Annickia,8
Annona,179
Aphanamixis,3
Aphelandra,207
Aphragmus,16
Apodytes,8
Arabidopsis,11
Arabis,96
Aristolochia,555
Artabotrys,112
Asarum,135
Aspidostemon,31
Asystasia,59
Atraphaxis,32
Atriplex,258
Aylostera,9
Banksia,179
Barleria,304
Basananthe,37
Bassia,22
Beilschmiedia,269
Boechera,102
Boronia,135
Boswellia,23
Brachyloma,15
Buddleja,118
Buxus,102
Calandrinia,105
Calciphila,2
Callianthemum,15
Callothlaspi,5
Calyptranthera,11
Camellia,236
Campylospermum,59
Caralluma,31
Cardamine,297
Cayratia,40
Cerastium,203
Ceratozamia,40
Ceropegia,397
Chaerophyllum,70
Cipoia,2
Cistus,68
Claytonia,29
Clematicissus,6
Clematis,388
Codia,16
Cola,134
Combretum,286
Commersonia,25
Commiphora,181
Connarus,106
Copiapoa,36
Corchorus,74
Corydalis,528
Crabbea,13
Crassula,212
Cremastosperma,34
Cryptandra,59
Cryptolepis,41
Cucumis,60
Cupaniopsis,63
Curtia,10
Cussetia,2
Cyathocalyx,8
Cycas,120
Cymopterus,44
Cynoglossum,79
Cyrtandra,716
Cytinus,8
Dacrydium,24
Dalzellia,10
Daphnandra,7
Daphne,109
Dasymaschalon,31
Davilla,35
Desmopsis,46
Desmos,18
Dianthus,409
Dichapetalum,159
Dicliptera,223
Dictyophragmus,3
Dionysia,66
Diplolophium,7
Diplopterys,31
Doliocarpus,58
Dorstenia,120
Draba,469
Dryadodaphne,3
Drymonia,91
Duosperma,26
Dyschoriste,98
Dysphania,36
Echeveria,185
Elaeocarpus,488
Elvasia,14
Emmotum,13
Epacris,91
Eremophila,249
Erica,850
Eriocoelum,11
Eriogonum,255
Eriosyce,56
Erodium,124
Erysimum,288
Euonymus,143
Euploca,66
Eutrema,46
Exhalimolobos,10
Ferula,227
Ficus,873
Frailea,17
Garcinia,407
Gaultheria,309
Geissois,19
Gentiana,356
Geranium,360
Glycocystis,1
Glyptopetalum,34
Gnidia,109
Gomphrena,133
Goniothalamus,137
Goodenia,236
Grusonia,21
Guarea,69
Guatteria,187
Gymnocalycium,68
Halenia,68
Haloragis,29
Hamamelis,5
Heckeldora,7
Hemmantia,1
Hermannia,176
Hibiscus,443
Hirania,1
Hoya,488
Huernia,79
Hylotelephium,28
Ilex,593
Impatiens,1129
Isolona,20
Kalmiopsis,2
Lagunaria,2
Leschenaultia,32
Melanortocarya,1
Mischarytera,4
Operculicarya,9
Paracladopus,2
Pyrgophyllum,1
Pennellia,11
Pyrrorhiza,1
Physospermopsis,8
Polianthion,4
Polyclathra,1
Scopellaria,2
Sphenoclea,2
Quesnelia,25
Suessenguthia,8
Tirpitzia,3
Xyloselinum,3
Racinaea,83
Acaulimalva,21
Acrotriche,18
Actinidia,57
Adenia,106
Adinandra,106
Aeonium,85
Aethionema,74
Afroligusticum,14
Afrosciadium,18
Agalmyla,96
Agapetes,147
Aglaia,125
Ailanthus,6
Akrosida,2
Alepidea,31
Allocasuarina,61
Allophylus,211
Ampelocissus,94
Ampelozizyphus,3
Amphipterygium,5
Amyris,57
Anchusa,41
Andersonia,30
Arabidella,7
Arenaria,248
Arthrocnemum,3
Asclepias,208
Attilaea,1
Austrobryonia,4
Averrhoa,5
Banisteriopsis,65
Baroniella,9
Batesimalva,5
Bathiorhamnus,7
Berberis,640
Besleria,175
Biscutella,60
Bisgoeppertia,3
Blackallia,1
Blumenbachia,12
Boerhavia,105
Bourreria,50
Brillantaisia,14
Bronwenia,13
Bursera,120
Byrsonima,164
Caiophora,39
Calceolaria,272
Calcicola,2
Calocedrus,4
Camissoniopsis,14
Cantua,18
Cassipourea,74
Castelnavia,12
Castilleja,223
Cephalaria,93
Chamaecyparis,7
Cheiranthera,10
Chilocardamum,4
Chlorocyathus,2
Christisonia,23
Chylismia,16
Chylismiella,1
Cinnamomum,256
Cissus,293
Cistanthe,38
Cleyera,24
Climacoptera,43
Clusia,321
Codonanthe,8
Cottsia,4
Crambe,41
Crucihimalaya,13
Cuphea,250
Cynorhiza,3
Dactylicapnos,15
Dehaasia,43
Dendroarabis,1
Descurainia,42
Dewinteria,1
Dichoropetalum,36
Diogoa,2
Dipsacus,23
Disocactus,24
Disophyllum,3
Disoselenicereus,4
Disterigma,42
Dodonaea,72
Drummondita,11
Dryopetalon,9
Dysoxylum,38
Echidnopsis,37
Echinocereus,89
Elatostema,662
Englerina,26
Epilobium,266
Epimedium,67
Episcia,11
Eremogone,71
Eremothera,7
Eriastrum,18
Eryngium,253
Euclea,16
Eulobus,4
Eurya,155
Fagopyrum,26
Ferulago,48
Fibraurea,3
Fittingia,9
Frangula,56
Fuchsia,111
Funastrum,23
Galipea,14
Galphimia,26
Gastrolepis,2
Gaya,39
Gaylussacia,65
Gentianella,315
Girgensohnia,5
Glandora,8
Glaucosciadium,2
Glischrocaryon,11
Gomphogyne,6
Gonolobus,116
Gratiola,29
Grazielanthus,1
Grevillea,376
Gymnosporia,116
Gynostemma,17
Hakea,152
Halogeton,4
Hansenia,8
Heliotropium,341
Helixanthera,44
Heracleum,104
Hermas,9
Heteropterys,167
Hygrophila,79
Hypserpa,10
Illigera,28
Isoglossa,79
Rapatea,22
Lichtensteinia,7
Maasia,6
Microula,35
Mostacillastrum,31
Notobubon,13
Papistylus,2
Ravenala,6
Pentapeltis,2
Reedia,1
Polypsecadium,15
Psychopterys,9
Renealmia,77
Serichonus,1
Sivadasania,1
Thelethylax,3
Thompsonella,8
Trihaloragis,1
Turania,1
Abdra,2
Abelmoschus,12
Abies,53
Abobra,1
Abroma,1
Abronia,30
Restio,168
Abrophyllum,2
Abuta,34
Abutilon,179
Rhodocoma,8
Acanthocalycium,6
Acanthocereus,17
Acanthocladus,10
Acanthogilia,1
Rhynchanthus,2
Rhynchocladium,1
Rhynchospora,388
Acanthophyllum,73
Acanthopsis,20
Acanthorrhinum,1
Acanthoscyphus,1
Acanthosicyos,1
Acanthosyris,6
Acareosperma,1
Acer,167
Aceratium,20
Acharagma,2
Achatocarpus,9
Achicodonia,1
Achimenes,37
Achlys,3
Achudemia,5
Achyranthes,12
Achyronychia,1
Achyropsis,6
Acicarpha,7
Acidonia,1
Aciphylla,45
Ackama,10
Acleisanthes,17
Acmadenia,33
Acmanthera,7
Acmopyle,2
Acradenia,2
Acridocarpus,36
Acrodon,5
Acroglochin,2
Acronema,34
Acrophyllum,1
Acrosanthes,6
Acrothamnus,7
Actinanthella,2
Actinanthus,1
Actinocarya,2
Actinocheita,1
Actinodaphne,125
Actinolema,2
Actinostemma,3
Actinotus,20
Acuston,3
Adansonia,8
Adelocaryum,5
Adelphia,4
Adenandra,19
Adenanthos,36
Adenarake,2
Adenaria,1
Adenoa,1
Adenogramma,11
Adenolisianthus,1
Adenonema,2
Adenosciadium,1
Adenosma,35
Adiscanthus,1
Adlumia,2
Adolphia,2
Adonis,34
Adoxa,4
Adromischus,29
Aegialitis,2
Aegiceras,2
Aeginetia,7
Aegle,2
Aeglopsis,4
Aegokeras,2
Aegonychon,5
Aegopodium,12
Aerva,20
Riedelia,77
Aesculus,19
Aetanthus,18
Aethusa,1
Aetoxylon,1
Afraegle,2
Afraurantium,1
Afrobrunnichia,2
Afrocarpus,5
Afrofittonia,1
Afroguatteria,3
Afrostyrax,3
Afrotysonia,3
Afrovivella,1
Agalinis,65
Rondonanthus,6
Ronnbergia,23
Agarista,33
Agastachys,1
Agasyllis,1
Agatea,8
Agathelpis,3
Agathophora,1
Agathosma,144
Roscoea,26
Agelaea,14
Agelanthus,60
Agiortia,3
Agonandra,10
Sanblasia,1
Agriophyllum,6
Saranthe,10
Agrostemma,2
Aguiaria,1
Aichryson,20
Aiouea,72
Airampoa,16
Aistopetalum,2
Aizoanthemum,4
Aizoon,46
Sarcophrynium,6
Akebia,6
Albertisia,20
Sauvallia,1
Saxofridericia,9
Albraunia,3
Scaphochlamys,41
Alectra,33
Alectryon,40
Alepis,1
Alfaroa,7
Schiekia,3
Alicia,2
Aliciella,23
Alkanna,66
Allaeanthus,4
Allanblackia,9
Allantospermum,2
Allenrolfea,3
Allexis,4
Alliaria,2
Allionia,3
Allmania,1
Allmaniopsis,1
Schoenocephalium,4
Allocassine,1
Schoenoplectiella,75
Allophyllum,5
Schoenoplectus,24
Alloplectus,6
Allosidastrum,4
Allospondias,2
Allostigma,1
Allotropa,1
Allowissadula,10
Alloxylon,4
Alniphyllum,3
Aloinopsis,8
Alonsoa,11
Alphonsea,38
Alseodaphne,53
Alseuosmia,5
Alsobia,6
Alsodeiopsis,8
Alsomitra,1
Alternanthera,137
Althaea,10
Schoenus,154
Alvaradoa,6
Alvimiantha,1
Alyogyne,5
Alyssoides,1
Alyssopsis,2
Amalophyllon,14
Ambavia,2
Amblyanthopsis,4
Amblyanthus,5
Amblynotus,1
Ambongia,1
Amentotaxus,6
Ameroglossum,9
Amesiodendron,2
Ammi,3
Ammodaucus,2
Ammoides,2
Ammoselinum,4
Ammosperma,3
Amorimia,15
Ampelocera,10
Ampelopsis,17
Ampelosicyos,6
Amphibolia,5
Amphibologyne,1
Amphipetalum,1
Amphirrhox,2
Amphorogyne,3
Amsinckia,16
Amyema,92
Amylotheca,4
Amyxa,1
Anabasis,28
Anacardium,13
Anacolosa,15
Schuitemania,1
Anamaria,1
Anamirta,1
Anarrhinum,11
Scirpodendron,2
Anastatica,1
Anastrabe,1
Anaxagorea,25
Scirpoides,4
Anchietea,9
Ancistranthus,1
Ancistrocarpus,3
Ancistrocarya,1
Ancistrostylis,1
Ancistrothyrsus,3
Ancylotropis,2
Andeimalva,5
Andradea,1
Andreadoxa,1
Andriana,3
Andrographis,25
Andromeda,1
Androsiphonia,1
Androstoma,2
Androtium,1
Androya,1
Andrzeiowskia,1
Anelsonia,1
Anemoclema,1
Anemonastrum,38
Anemonella,1
Anemonoides,37
Anemonopsis,1
Anemopsis,1
Anetanthus,3
Anethum,2
Aneulophus,2
Angelica,106
Angelonia,29
Anginon,12
Angkalanthus,1
Angolaea,1
Angoseseli,1
Angostura,12
Aniba,50
Anisacanthus,11
Anisadenia,2
Anisantherina,1
Anisocycla,5
Anisodontea,20
Anisomeria,4
Anisophyllea,67
Anisopoda,1
Anisoptera,10
Anisopus,4
Anisosciadium,3
Anisosepalum,3
Anisostachya,61
Anisostigma,1
Anisotoma,3
Anisotome,17
Anna,4
Anneslea,4
Annesorhiza,21
Anoda,24
Anodopetalum,1
Anomacanthus,1
Anomospermum,5
Anonidium,4
Anoplocaryum,5
Anopterus,2
Anopyxis,1
Anotea,1
Antegibbaeum,1
Antherothamnus,1
Anthobolus,4
Anthocarapa,1
Anthochlamys,6
Anthocleista,16
Anthodon,1
Anthopteropsis,1
Anthopterus,13
Anthoshorea,24
Anthotium,4
Anthrichaerophyllum,1
Anthriscus,14
Antiaris,1
Antiaropsis,2
Anticharis,11
Antidaphne,9
Antigonon,3
Antimima,106
Antiotrema,1
Antiphytum,14
Antirrhinum,29
Antistrophe,6
Antizoma,3
Antonia,1
Antrocaryon,5
Anulocaulis,4
Aosa,8
Apacheria,1
Apatesia,3
Apatophyllum,5
Apeiba,11
Aphananthe,5
Aphanisma,1
Aphanopetalum,2
Aphanopleura,3
Aphloia,1
Apiastrum,1
Apinagia,38
Apium,12
Aplanodes,2
Apocaulon,1
Apodanthera,26
Apodanthes,1
Apodicarpum,1
Apodostigma,1
Aporepiphyllum,1
Aporocactus,4
Aporoheliocereus,1
Aporophyllum,1
Aporrhiza,7
Aptandra,4
Apterosperma,1
Aptosimum,23
Aquilaria,22
Aquilegia,127
Arafoe,1
Aragoa,23
Araujia,13
Arbutus,16
Arcangelisia,3
Arceuthobium,39
Archboldiodendron,1
Archeria,6
Archiatriplex,1
Archiboehmeria,1
Archytaea,2
Arcteranthis,1
Arctomecon,3
Arctopus,3
Arctostaphylos,79
Arctous,3
Arcuatopterus,5
Arcyosperma,1
Ardisia,741
Ardisiandra,3
Acrorchis,1
Arenifera,2
Arfeuillea,1
Argemone,33
Argophyllum,18
Argyroderma,12
Ariocarpus,10
Aripuana,1
Aristocapsa,1
Scleria,259
Aristotelia,6
Arjona,5
Armatocereus,8
Armeria,103
Armoracia,3
Arnebia,42
Arnhemia,1
Arnicratea,2
Arracacia,42
Arrojadoa,14
Artanema,3
Artedia,1
Arthraerua,1
Arthrocereus,4
Arthrophytum,8
Artocarpus,59
Arytera,27
Asarina,1
Ascarina,12
Aschersoniodoxa,4
Asciadium,1
Ascotheca,1
Asemeia,29
Asimina,18
Acrosynanthus,7
Asperuginoides,1
Asperugo,1
Aspicarpa,29
Aspidocarya,1
Aspidoglossum,37
Aspidonepsis,5
Aspidopterys,24
Asta,1
Astephanus,2
Asteranthe,2
Asteranthera,1
Asterolasia,19
Asteropyrum,2
Asterostemma,1
Asterotrichion,1
Astilbe,30
Astilboides,1
Astomaea,2
Siamanthus,1
Siderasis,6
Siliquamomum,3
Sincoraea,11
Siphonochilus,11
Sirindhornia,3
Sparganium,26
Spathanthus,2
Spatholirion,8
Astrantia,10
Astridia,13
Astrodaucus,3
Astronium,11
Astrophytum,6
Astrothalamus,1
Astrotrichilia,13
Astydamia,1
Atalantia,21
Atalaya,16
Atelanthera,1
Atemnosiphon,1
Athamanta,12
Atherandra,1
Atherosperma,5
Athertonia,1
Athrotaxis,3
Athyana,1
Athysanus,2
Atkinsonia,1
Atocion,6
Acrotome,8
Atropatenia,2
Atroxima,2
Aubrieta,24
Aucoumea,1
Audouinia,5
Auerodendron,10
Aulacospermum,15
Aulax,3
Auranticarpa,6
Aureolaria,9
Aurinia,7
Australina,2
Australluma,1
Austrocactus,17
Austrocedrus,1
Austrocylindropuntia,7
Austromatthaea,1
Austromuellera,2
Austropeucedanum,1
Austrotaxus,1
Autumnalia,2
Averrhoidium,4
Axyris,6
Sporadanthus,8
Ayenia,217
Staberoha,9
Azadirachta,2
Stachyphrynium,9
Azanza,2
Stadiochilus,1
Azilia,1
Azima,3
Azorella,58
Stanfieldiella,4
Aztekium,3
Bachmannia,1
Bacopa,62
Stegolepis,33
Badiera,8
Badula,17
Bagassa,1
Baijiania,4
Baimashania,2
Bakerella,16
Bakeridesia,20
Bakerolimon,2
Balanophora,25
Balfourodendron,2
Ballochia,3
Ballyanthus,2
Balsamocitrus,3
Balthasaria,2
Bambekea,1
Bamiania,1
Bampsia,2
Baolia,1
Baratranthus,4
Barbarea,31
Barclaya,6
Barjonia,7
Barleriola,4
Barnebya,2
Barnhartia,1
Baronia,1
Barteria,6
Barthlottia,1
Bartonia,3
Bartsia,1
Baseonema,1
Basistemon,8
Bassecoia,3
Bastardiastrum,8
Batesanthus,3
Batocarpus,3
Bauera,3
Stenomeris,2
Steyerbromelia,9
Baumia,1
Bayabusua,1
Baynesia,1
Bdallophytum,4
Beauprea,13
Beaupreopsis,1
Beautempsia,1
Beccarinda,8
Beesia,2
Beguea,9
Strelitzia,5
Beirnaertia,1
Beiselia,1
Bejaria,15
Belemia,1
Bellardia,1
Bellendena,1
Bellonia,2
Benincasa,2
Benjaminia,1
Bensoniella,1
Benthamina,1
Streptolirion,2
Bentleya,2
Bequaertia,1
Berberidopsis,2
Stromanthe,20
Sumatroscirpus,4
Syngonanthus,147
Berchemia,39
Berchemiella,3
Bergenia,10
Bergera,11
Bergeranthus,10
Bergerocactus,1
Bergia,29
Berhautia,1
Berneuxia,1
Bernoullia,3
Berrya,6
Bersama,7
Berteroa,6
Berula,6
Berzelia,17
Beta,9
Bhesa,8
Bicuiba,1
Biebersteinia,4
Bienertia,3
Bifora,3
Bijlia,2
Bilacunaria,6
Billardiera,21
Billia,2
Billieturnera,1
Biophytum,81
Bistorta,1
Bivonaea,1
Bizonula,1
Blackstonia,4
Acrymia,1
Blastania,3
Blastemanthus,2
Bleasdalea,2
Bleekrodea,4
Blennodia,2
Blepharandra,6
Blepharis,128
Blepharistemma,1
Blepharocarya,2
Blepharodon,6
Blighia,3
Blighiopsis,2
Blomia,1
Blossfeldia,1
Blutaparon,4
Bocagea,4
Bocageopsis,4
Bocconia,11
Boea,13
Boehmeria,58
Tacca,20
Boeica,17
Boelckea,1
Boenninghausenia,1
Bolandra,2
Bolanthus,10
Bolax,2
Bolbostemma,2
Tamijia,2
Bombax,8
Tapeinochilos,16
Bombycidendron,3
Bonannia,1
Bonellia,29
Bonetiella,1
Bongardia,2
Boniodendron,2
Bonnaya,16
Bonnetia,33
Taraxis,1
Bonplandia,2
Bontia,1
Bonyunia,10
Boopis,2
Boquila,1
Borago,5
Bordasia,1
Borismene,1
Borneacanthus,6
Borneosicyos,1
Bornmuellera,9
Borodinia,8
Actephila,38
Tetraria,40
Borthwickia,1
Borzicactus,20
Borzipostoa,1
Boschia,5
Boschniakia,1
Boscia,30
Bosea,3
Bosistoa,6
Bosqueiopsis,1
Bothriospermum,7
Botschantzevia,1
Bottegoa,1
Boucerosia,7
Bouchardatia,2
Bouea,3
Bougainvillea,18
Boutonia,1
Bowenia,2
Bowkeria,3
Bowlesia,16
Boykinia,7
Brabejum,1
Brachybotrys,1
Brachycereus,1
Brachychiton,40
Thalia,6
Brachylophon,2
Brachynema,2
Brachyscias,1
Thamnochortus,34
Brachystemma,1
Brachystephanus,21
Brachystigma,1
Brackenridgea,9
Brandegea,1
Brandella,1
Brandisia,11
Brasiliopuntia,2
Brassiantha,2
Brassica,49
Braunsia,6
Bravaisia,3
Braya,22
Brayopsis,6
Brazzeia,3
Bredemeyera,20
Brexia,4
Brexiella,2
Brianhuntleya,3
Bridgesia,1
Brieya,2
Briggsiopsis,1
Briquetia,2
Thismia,100
Brochoneura,1
Brombya,2
Brookea,6
Brosimum,15
Broussonetia,5
Browningia,11
Brownlowia,29
Brucea,9
Bruguiera,8
Bruinsmia,2
Brunia,42
Thoreauea,3
Brunnera,3
Brunnichia,1
Brunonia,1
Brunoniella,6
Thurnia,3
Bryanthus,1
Bryantiella,1
Bryocarpum,1
Bryonia,10
Buchanania,27
Buchholzia,2
Buchnera,142
Thyrsanthemum,3
Tillandsia,684
Buckinghamia,2
Buckleya,5
Buckollia,2
Bufonia,32
Buglossoides,6
Bukiniczia,1
Bulnesia,6
Bunchosia,92
Bungea,2
Bunias,2
Bunium,33
Bupleurum,218
Burasaia,4
Burdachia,6
Burkillanthus,1
Burretiodendron,6
Bursaria,8
Burttia,1
Buttonia,2
Bythophyton,1
Cabralea,1
Caccinia,5
Cachrys,7
Cadaba,29
Cadellia,1
Cakile,6
Calacanthus,1
Calamophyllum,3
Calathodes,4
Calatola,6
Calaunia,1
Caldcluvia,1
Calepina,1
Calicorema,2
California,1
Callaeum,11
Callianthemoides,1
Callicoma,1
Calligonum,158
Callirhoe,9
Callisthene,8
Callitris,19
Calluna,1
Calobota,16
Calodecaryia,2
Calodendrum,2
Calolisianthus,2
Calophyllum,185
Calotropis,3
Caltha,7
Calycacanthus,1
Calycanthus,4
Calycera,8
Calycocarpum,1
Calycophysum,4
Calyculogygas,2
Calymmanthium,1
Calymmatium,2
Calyptraemalva,1
Calyptrosciadium,2
Camarea,8
Camelina,8
Camelinopsis,2
Camissonia,13
Campbellia,1
Campestigma,1
Camphorosma,6
Campnosperma,16
Camptocarpus,9
Camptolepis,4
Camptoloma,3
Camptostemon,3
Campylanthus,18
Campylopetalum,1
Campylostemon,7
Canacomyrica,1
Cananga,2
Canarium,121
Canbya,2
Canella,1
Cannabis,1
Cannaboides,2
Canscora,15
Cansjera,3
Cantleya,1
Capnoides,1
Capnophyllum,4
Capraria,7
Capsella,7
Capuronianthus,2
Caraipa,43
Carallia,15
Carapa,31
Tinantia,13
Cardenasiodendron,1
Cardionema,6
Cardiopetalum,3
Cardiospermum,11
Cardwellia,1
Caribea,1
Carica,4
Carinavalva,1
Carlemannia,3
Carlesia,1
Carlowrightia,27
Carnarvonia,1
Carnegiea,1
Carolus,8
Caropodium,3
Caropsis,1
Carpanthea,1
Carpenteria,1
Carpobrotus,13
Carpodetus,11
Carpodiptera,4
Carpolobia,5
Carrichtera,1
Trachyphrynium,1
Carronia,4
Carruanthophyllum,1
Carruanthus,2
Carum,20
Trachystylis,1
Tradescantia,81
Carya,27
Caryodaphnopsis,18
Caryomene,5
Cascadia,1
Casimirella,7
Casimiroa,10
Cassine,12
Cassinopsis,6
Cassiope,17
Castanospora,1
Castela,19
Castellanosia,1
Castilla,3
Casuarina,14
Catalepidia,1
Catenulina,1
Tremulina,2
Catha,1
Trianoptiles,3
Tribonanthes,12
Cathaya,1
Cathayanthe,1
Cathcartia,4
Cathedra,6
Catolobus,2
Catostemma,15
Tricarpelema,8
Triceratella,1
Caucalis,1
Caucanthus,2
Caudanthera,4
Caulophyllum,3
Cavanillesia,5
Cavendishia,127
Cayaponia,77
Caylusea,3
Ceanothus,70
Cebatha,2
Cecarria,1
Cecropia,66
Cedrela,21
Cedrelopsis,8
Cedrus,6
Ceiba,19
Celastrus,44
Trichopus,2
Trichoschoenus,1
Tricostularia,9
Celerina,1
Celiantha,3
Celosia,51
Trilepis,5
Celtis,70
Tripogandra,22
Cenarrhenes,1
Cenocentrum,1
Cenolophium,1
Centaurium,32
Trithuria,13
Centella,55
Centema,2
Centemopsis,13
Centranthera,11
Centrosolenia,13
Centrostachys,1
Centrostegia,1
Typha,51
Cephalacanthus,1
Cephalocereus,17
Cephalohibiscus,1
Cephalopentandra,1
Cephalophyllum,33
Cephalopodum,2
Cephalorhizum,4
Cephalotaxus,8
Cephalotomandra,2
Tyrbastes,1
Ceratiola,1
Ceratocapnos,3
Ceratocarpus,1
Ceratocnemum,4
Ceratolacis,2
Ceratolimon,3
Ceratopetalum,9
Ceratosanthes,11
Ceratostema,71
Ceratostigma,7
Cerdia,1
Cereus,72
Cerinthe,6
Ceriops,5
Cerochlamys,3
Cervantesia,2
Vandoglossum,1
Cespedesia,1
Vanoverberghia,5
Ceuthostoma,2
Cevallia,1
Chaenorhinum,27
Chaenostoma,46
Chaerophyllopsis,1
Chaetachme,1
Chaetolimon,2
Chaetonychia,1
Chaetosciadium,1
Chalarothyrsus,1
Chamabainia,2
Chamaecereus,5
Chamaecrypta,1
Chamaedaphne,1
Chamaelobivia,3
Chamaeranthemum,4
Chamaesium,10
Chamarea,5
Chamira,1
Chamissoa,2
Champereia,1
Championia,1
Changiostyrax,1
Changium,2
Charadrophila,1
Charpentiera,6
Chartoloma,1
Chasmanthera,2
Chasmatophyllum,6
Chaunanthus,4
Chaunochiton,3
Cheiloclinium,13
Cheilophyllum,8
Cheilotheca,4
Vriesea,259
Cheiridopsis,39
Cheirolaena,1
Chelidonium,2
Chelonanthus,5
Chelone,4
Chenolea,1
Chenopodiopsis,3
Chenopodium,150
Chiastophyllum,1
Chileranthemum,3
Chimaphila,5
Chimonanthus,6
Chionocharis,1
Chionophila,2
Chionothrix,2
Chiranthodendron,1
Chironia,25
Chisocheton,50
Chlaenandra,1
Chlaenosciadium,1
Chlamydacanthus,3
Chlamydocardia,2
Chlamydophytum,1
Chloranthus,15
Chlorocardium,3
Chlorocrambe,1
Chloropyron,4
Chloroxylon,1
Chodaphyton,1
Choerospondias,1
Choisya,6
Chondrodendron,3
Chonopetalum,1
Choretrum,6
Choriantha,1
Chorilaena,4
Choriptera,1
Chorisepalum,5
Chorisochora,4
Chorispora,12
Chorizanthe,64
Chouxia,6
Christiana,5
Christianella,5
Christolea,3
Chroesthes,4
Chrysochamela,4
Chrysochlamys,36
Chrysosplenium,84
Chrysothemis,9
Chthamalia,21
Chuanminshen,1
Chukrasia,1
Chunia,1
Chymsydia,1
Chytranthus,32
Cibirhiza,3
Cicendia,2
Cicuta,4
Cienfuegosia,28
Cinnadenia,3
Cinnamodendron,12
Cinnamosma,3
Cionosicys,4
Cionura,1
Cipadessa,1
Cipocereus,5
Circaea,19
Circandra,1
Cissampelos,22
Wachendorfia,4
Waireia,1
Weldenia,2
Werauhia,94
Cistanche,24
Willdenowia,12
Cithareloma,2
Citronella,20
Citropsis,9
Citrullus,7
Citrus,33
Windsorina,1
Winifredia,1
Wittmackia,44
Wittrockia,5
Wurfbainia,26
Cladocolea,34
Xiphidium,2
Cladopus,11
Clappertonia,3
Clarisia,4
Clarkia,42
Clastopus,2
Clausena,21
Clausia,5
Clavija,56
Cleistocactus,24
Cleistochlamys,1
Cleistopholis,4
Clematoclethra,1
Cleome,200
Cleomella,22
Cleretum,14
Cliftonia,1
Clinacanthus,4
Clinostemon,2
Clistax,3
Clusiella,8
Clymenia,2
Clypeola,9
Cneoridium,1
Cnesmocarpon,4
Cnestidium,4
Cnestis,13
Cnidiocarpa,2
Cnidium,8
Coaxana,2
Cobaea,17
Cobananthus,1
Coccinia,28
Coccoloba,178
Cocculus,4
Cochemiea,39
Cochlearia,17
Codiocarpus,2
Codon,2
Codonacanthus,3
Codonanthopsis,13
Codonoboea,132
Codonocarpus,3
Coelanthum,3
Coelocaryon,4
Coelostegia,6
Cogniauxia,2
Coincya,7
Coldenia,1
Coleocephalocereus,12
Coleonema,8
Coleostachys,1
Colignonia,6
Colletia,5
Collinsia,22
Collomia,15
Colobanthus,25
Colona,37
Colpias,1
Colubrina,36
Zameioscirpus,3
Columnea,227
Zingiber,204
Comandra,1
Comarostaphylis,12
Comastoma,19
Combretocarpus,1
Comesperma,33
Cometes,2
Comiphyton,1
Comocladia,28
Compsoneura,17
Comptonella,8
Comptonia,1
Conandrium,2
Conandron,1
Conchocarpus,52
Conchopetalum,2
Condalia,20
Actinodium,1
Condylostylis,4
Congolanthus,1
Conicosia,2
Conimitella,1
Conioselinum,18
Conium,6
Conocalyx,1
Conocarpus,2
Conomitra,1
Conopholis,3
Conophytum,111
Chassalia,122
Conopodium,8
Conospermum,53
Conostephium,14
Conringia,5
Consolea,9
Coopernookia,6
Coptis,14
Corallocarpus,15
Corallodiscus,5
Corbichonia,3
Corchoropsis,3
Cordia,270
Cordylanthus,14
Cordylocarpus,1
Cordylogyne,2
Corema,2
Coriandrum,2
Coris,1
Corispermum,69
Cornulaca,7
Corokia,7
Coronanthera,11
Corpuscularia,8
Correa,13
Corrigiola,11
Eloyella,10
Corryocactus,15
Cortia,3
Cortiella,5
Corylopsis,25
Corynabutilon,7
Corynaea,1
Coryphantha,46
Corytoplectus,12
Coscinium,2
Cosmelia,1
Cosmianthemum,14
Cosmostigma,3
Cossinia,4
Costera,10
Cotinus,8
Cotopaxia,2
Cotyledon,17
Cotylelobium,5
Coula,1
Coulterophytum,4
Coussapoa,50
Coutoubea,5
Cracosna,3
Craibiodendron,5
Craigia,2
Craniolaria,2
Craniospermum,5
Crantzia,4
Craterosiphon,11
Craterostigma,27
Crateva,21
Cratoxylum,7
Crawfurdia,22
Cremersia,1
Cremneria,1
Cremnophila,3
Cremolobus,6
Cremosperma,26
Cremospermopsis,3
Crepidorhopalon,33
Crinodendron,4
Crispiloba,1
Cristaria,22
Crocanthemum,20
Cromidon,12
Crossandra,54
Crossandrella,3
Crossopetalum,35
Crossosoma,3
Crossosperma,2
Crossostemma,1
Crossostylis,12
Greenea,9
Gynochthodes,97
Diplospora,23
Discospermum,13
Coptophyllum,8
Crowea,3
Crucicaryum,1
Leptolaena,9
Crumenaria,4
Melanophylla,8
Mediusella,1
Cryptantha,120
Pentachlaena,4
Perrierodendron,5
Physena,2
Rhodolaena,7
Rhopalocarpus,17
Sarcolaena,8
Cryptocapnos,1
Schizolaena,22
Cryptocarpus,1
Xyloolaena,5
Xerochlamys,8
Cryptomeria,1
Cryptospora,3
Cryptostegia,2
Cryptotaenia,6
Dialyceras,3
Ctenardisia,5
Eremolaena,3
Cubilia,1
Cucurbita,19
Cucurbitella,1
Cuenotia,1
Cuervea,7
Cullenia,4
Cumarinia,1
Cuminum,4
Cumulopuntia,14
Cunninghamia,2
Cunonia,26
Cupania,58
Cuphonotus,2
Cupressus,12
Curarea,9
Curatella,1
Curupira,1
Cuscatlania,1
Cusickiella,2
Cuttsia,1
Cyanothamnus,23
Cyathobasis,1
Cyathodes,4
Asparagus,214
Cyathophylla,2
Cyathopsis,3
Cyathoselinum,1
Cyathula,29
Cybianthus,159
Cyclacanthus,2
Cyclamen,25
Cyclanthera,47
Cyclantheropsis,3
Cyclea,31
Cyclocarya,1
Cycloloma,1
Cyclorhiza,3
Cyclospermum,3
Cycniopsis,2
Cycnium,17
Cylicomorpha,2
Cylindrophyllum,5
Cylindropuntia,50
Cymatocarpus,3
Cymbalaria,17
Cymbaria,4
Cymbocarpum,5
Cymbopetalum,27
Cynanchum,272
Cynarospermum,1
Cyne,6
Cynoglossopsis,2
Cynoglottis,2
Cynosciadium,1
Cyphacanthus,1
Cypholophus,35
Cyphomeris,2
Cypselocarpus,1
Cyrilla,10
Cyrillopsis,2
Asphodeline,17
Cyrtandromoea,12
Cyrtocarpa,4
Cyrtophyllum,5
Cyrtorhyncha,1
Cysticapnos,3
Asphodelus,18
Cystostemon,17
Daboecia,3
Dacrycarpus,9
Dacryodes,71
Dactylaea,2
Dactylanthus,1
Dactyliandra,1
Dactyliophora,3
Dactylocardamum,1
Daenikera,1
Dahliaphyllum,1
Dais,2
Aspidistra,147
Dalrympelea,8
Dampiera,70
Damrongia,11
Dansiea,2
Dapania,3
Asplundia,102
Daphnimorpha,2
Daphnopsis,72
Darcya,4
Darlingia,2
Darlingtonia,1
Darmera,1
Dasispermum,7
Dasistoma,1
Dasynotus,1
Dasysphaera,4
Dasytropis,1
Datisca,2
Daucus,45
Astelia,31
Dayia,5
Deamia,4
Debregeasia,8
Decagonocarpus,2
Decaisnea,2
Decaisnina,25
Decalepis,5
Decanema,1
Decarydendron,4
Decaschistia,15
Astonia,1
Decatoca,1
Decatropis,3
Decazyx,2
Astroloba,11
Decodon,1
Decorsella,1
Dedeckera,1
Deeringia,10
Degenia,1
Deherainia,2
Deianira,7
Deidamia,3
Deilanthe,3
Deinbollia,39
Deinostema,2
Delavaya,1
Delosperma,157
Delphinium,500
Delpinophytum,1
Deltaria,1
Demavendia,1
Demosthenesia,14
Dendrobangia,2
Dendrocnide,41
Dendrokingstonia,3
Dendromecon,2
Dendromyza,30
Dendrophthoe,45
Dendrophthora,132
Dendroportulaca,1
Dendrosicyos,2
Dendrosida,6
Dendrotrophe,7
Denhamia,17
Denmoza,1
Dennettia,1
Depanthus,2
Dermatobotrys,1
Desbordesia,1
Desfontainia,3
Desmidorchis,14
Chlorophytum,196
Clara,3
Clinanthus,23
Desmostachys,2
Desmotes,1
Desplatsia,4
Dethawia,1
Deutzia,71
Deverra,10
Diacidia,11
Colchicum,162
Dialytheca,1
Diamantina,1
Dianthera,41
Conanthera,5
Crinum,115
Crossyne,2
Diapensia,6
Diarthron,17
Diascia,64
Cyrtanthus,58
Diaspis,1
Diastella,7
Diastema,20
Diatenopteryx,2
Dicarpellum,4
Dicarpidium,1
Dicella,7
Dicellostyles,1
Dicentra,8
Diceratella,10
Dichasianthus,1
Dichazothece,1
Dicheranthus,1
Dichocarpum,18
Dichodon,9
Dichosciadium,1
Habranthus,80
Dickinsia,1
Dicladanthera,2
Diclidanthera,6
Diclinanona,3
Diclis,9
Dicoryphe,13
Dicraeanthus,3
Dicranolepis,20
Dicranostegia,1
Dicranostigma,4
Dicraspidia,1
Dicrocaulon,7
Dictamnus,3
Dictyanthus,19
Dictyolimon,3
Dictyoloma,1
Dictyoneura,2
Dicyclophora,1
Dicypellium,2
Didesmandra,1
Didesmus,2
Didiplis,1
Didissandra,8
Didonica,4
Didymanthus,1
Didymaotus,1
Didymocarpus,104
Haemanthus,22
Didymocheton,43
Didymodoxa,2
Didymophysa,3
Didymostigma,3
Dielsiocharis,2
Dielsiothamnus,1
Diervilla,4
Digera,1
Digitalis,35
Digoniopterys,1
Dilkea,13
Dillenia,60
Dilobeia,2
Dilodendron,3
Dilophia,2
Dimocarpus,9
Dimorphanthera,77
Dimorphocarpa,4
Dimorphosciadium,2
Dinemandra,2
Dinosperma,4
Dintera,1
Dinteracanthus,5
Dinteranthus,6
Diogenesia,14
Dioncophyllum,1
Dioon,18
Dioscoreophyllum,3
Diosma,28
Hagenbachia,6
Hannonia,1
Harperocallis,11
Hastingsia,4
Haworthia,57
Diplacus,51
Diplaspis,3
Diplatia,4
Diploclisia,2
Diplocyclos,5
Diplodiscus,11
Diploglottis,11
Diplokeleba,2
Diplolaena,15
Diplolepis,14
Diplopeltis,5
Diplosoma,2
Diplotaenia,5
Diplotaxis,38
Diplusodon,104
Dipoma,1
Diposis,3
Dipterocarpus,68
Dipteronia,2
Diptychocarpus,1
Dirachma,2
Dirca,4
Dirhamphis,2
Disanthus,2
Discaria,7
Dischidanthus,2
Dischidia,115
Dischidiopsis,8
Dischisma,11
Dischistocalyx,12
Disciphania,25
Discocactus,15
Discocalyx,56
Discocapnos,1
Discocnide,1
Discophora,2
Diselma,1
Disepalum,10
Disisocactus,1
Disphyma,5
Dissocarpus,4
Distrianthes,2
Distyliopsis,6
Distylium,16
Ditassa,108
Ditepalanthus,2
Dithyrea,2
Dizygostemon,5
Djaloniella,1
Djinga,2
Dobera,2
Dobinea,2
Dodartia,1
Dodecadenia,1
Dodecahema,1
Doerpfeldia,1
Dolichopetalum,1
Dolichostachys,1
Dolichostemon,1
Dolophragma,3
Dombeya,199
Donatia,2
Donnellsmithia,19
Dontostemon,12
Doona,10
Dopatrium,14
Doratoxylon,5
Dorcoceras,6
Helonias,12
Doryphora,2
Douepea,2
Douradoa,1
Doyerea,1
Doyleanthus,1
Hemerocallis,18
Hemiphylacus,5
Hensmania,3
Drabastrum,1
Dracontomelon,9
Dracophilus,2
Dracophyllum,64
Dracosciadium,2
Draperia,1
Drapetes,1
Dregea,5
Drepananthus,28
Drimycarpus,4
Drimys,7
Actinorhytis,1
Droguetia,7
Drosanthemum,106
Drusa,1
Drymaria,55
Dryobalanops,7
Drypis,1
Duabanga,3
Duboscia,2
Dubouzetia,11
Duckeanthus,1
Duckesia,2
Ducrosia,6
Dudleya,49
Herpolirion,1
Herreria,8
Duguetia,97
Herreriopsis,1
Hesperaloe,8
Hesperocallis,1
Duplipetala,2
Durio,28
Hesperoyucca,2
Dutailliopsis,1
Dutaillyea,3
Duvalia,18
Hessea,13
Duvaliandra,1
Duvaliaranthus,1
Dyerophytum,4
Heteropolygonatum,10
Hexacyrtis,1
Dystaenia,2
Dystovomita,2
Eberlanzia,8
Hieronymiella,10
Ebracteola,4
Ecballium,1
Ecbolium,22
Hippeastrum,97
Echinacanthus,4
Echinocactus,10
Echinocystis,1
Actinostemon,20
Echinomoza,1
Echinopepon,21
Echinophora,11
Echinopsis,30
Hodgsoniola,1
Echinopterys,2
Echinostephia,1
Echiochilon,16
Echiostachys,3
Echium,72
Hosta,22
Ectadium,2
Ectopopterys,1
Ectotropis,2
Edgeworthia,5
Edithcolea,1
Efulensia,2
Ehrendorferia,2
Ehretia,65
Eidothea,2
Eigia,1
Einadia,6
Ekebergia,3
Ekimia,4
Elacholoma,2
Elachyptera,8
Elaeagnus,95
Hyacinthella,17
Hyacinthoides,13
Elaeodendron,39
Elaeosticta,25
Hyacinthus,3
Elaphanthera,1
Elatine,30
Hydrocleys,5
Elatostematoides,25
Elattostachys,20
Hymenocallis,65
Elephantomene,1
Eleutharrhena,1
Eleutherospermum,1
Eleutherostylis,1
Eliea,1
Elingamita,1
Elissarrhena,2
Elliottia,4
Ellipanthus,9
Ellisia,1
Ellisiophyllum,1
Elmera,1
Elodea,9
Elwendia,31
Elytranthe,5
Elytraria,23
Emarhendia,1
Embadium,3
Embelia,140
Emblemantha,1
Emblingia,1
Embolanthera,2
Embothrium,1
Emelianthe,1
Emex,2
Emicocarpus,1
Emmenanthe,1
Emmenosperma,5
Empetrum,4
Emplectanthus,3
Empleuridium,1
Empleurum,3
Enantiophylla,1
Enarganthe,1
Enarthrocarpus,5
Encephalartos,66
Enchylaena,2
Encopella,1
Endiandra,130
Endlicheria,60
Endocaulos,1
Endocomia,4
Endodesmia,1
Endopleura,1
Endressia,2
Enemion,6
Engelhardia,11
Englerocharis,6
Englerodaphne,3
Engomegoma,1
Enicostema,3
Enkianthus,14
Enkleia,3
Hypoxis,92
Entandrophragma,11
Entelea,1
Eomecon,1
Ephedranthus,7
Ephippiandra,7
Epicharis,7
Epifagus,2
Epigaea,4
Epinicereus,1
Epiphyllum,17
Epirixanthes,7
Epistemma,4
Epithelantha,10
Epithema,20
Epixiphium,1
Epixochia,2
Eranthemum,24
Eranthis,9
Erblichia,1
Ercilla,2
Eremalche,3
Eremobium,1
Eremoblastus,1
Eremocarya,2
Eremodaucus,1
Eremogeton,1
Eremomastax,1
Eremophea,2
Eremophyton,1
Eremosyne,1
Eremotropa,1
Erepsia,30
Ergocarpon,1
Eriandra,1
Erianthemum,17
Ipheion,3
Iphigenia,12
Ismene,11
Ixiolirion,4
Liriope,7
Ophiopogon,76
Peliosanthes,38
Petermannia,1
Ranalisma,4
Erigenia,1
Erinocarpus,1
Erinus,2
Eriocapitella,6
Eriodictyon,10
Tecophilaea,2
Zephyra,2
Johnsonia,5
Jaimehintonia,1
Japonolirion,1
Kniphofia,72
Eriolaena,27
Eriosolena,2
Eriostemon,4
Eriostylos,1
Kuntheria,1
Eriotheca,32
Erisma,23
Erismadelphus,2
Eritrichium,78
Kupea,2
Kabuyea,1
Erocallis,1
Lilium,120
Luzuriaga,5
Ertela,2
Eruca,4
Erucaria,10
Erucastrum,27
Leucocoryne,49
Erythranthe,130
Ledebouria,60
Lomandra,53
Erythrochiton,7
Erythropalum,1
Erythrophysa,9
Erythroxylum,270
Lachenalia,135
Lycoris,23
Escallonia,50
Eschscholzia,15
Escobedia,7
Escontria,1
Esenbeckia,36
Espostoa,11
Espostocactus,3
Espostoopsis,1
Esterhazya,6
Esterhuysenia,5
Eubotryoides,1
Eubotrys,3
Eubrachion,2
Euchaetis,23
Euchilus,5
Euchorium,1
Euclidium,1
Eucnide,14
Eucodonia,2
Eucommia,1
Eucryphia,10
Eucrypta,2
Eudema,11
Eudianthe,2
Euglypha,1
Eulychnia,10
Eunomia,4
Burchellia,1
Euphorianthus,1
Euphrasia,251
Burckella,13
Euphronia,3
Euplassa,20
Eupomatia,3
Euptelea,2
Eureiandra,8
Euroschinus,9
Leptochiton,2
Leucojum,3
Lapiedra,1
Limnophyton,3
Limnocharis,2
Euryale,1
Eurycoma,3
Eurycorymbus,1
Luronium,1
Euryodendron,1
Eurytaenia,2
Eusideroxylon,1
Eustegia,5
Eustigma,4
Eustoma,2
Euthemis,2
Ludovia,3
Euxylophora,1
Evonymopsis,4
Evotrochis,7
Exaculum,1
Exbucklandia,3
Excentradenia,4
Exoacantha,1
Exocarpos,26
Exochaenium,22
Exomis,1
Exothea,3
Ezosciadium,1
Facchinia,7
Facheiroa,7
Fadenia,1
Leucocrinum,1
Fagaropsis,4
Fagraea,65
Faguetia,1
Lapageria,1
Falcaria,1
Falcatifolium,7
Fallopia,16
Fanninia,1
Farmeria,2
Faroa,19
Farsetia,27
Fatoua,3
Faucaria,8
Faurea,15
Fegimanra,3
Leopoldia,15
Fendlera,3
Fendlerella,4
Fenerivia,11
Fenestraria,1
Fergania,1
Ferocactus,30
Feroniella,1
Ferulopsis,1
Fevillea,8
Fezia,1
Fibigia,3
Ficalhoa,1
Massonia,29
Muscari,48
Melanthium,4
Maianthemum,40
Burnettia,1
Merwilla,3
Burretiokentia,5
Fieldia,1
Filetia,9
Metanarthecium,1
Filicium,3
Finlaysonia,6
Finschia,4
Firmiana,18
Fischeria,14
Fissistigma,61
Fittonia,2
Fitzroya,1
Flabellaria,1
Flabellariopsis,1
Fleurydora,1
Flindersia,17
Floerkea,1
Floydia,1
Milla,11
Fockea,6
Foeniculum,5
Foleyola,1
Fonkia,1
Forchhammeria,16
Forcipella,6
Forgesia,1
Forsskaolea,7
Forstera,7
Fortunearia,1
Fortuynia,1
Fothergilla,4
Fouquieria,11
Fourraea,1
Franciscodendron,1
Francoa,1
Mathieua,1
Frankenia,77
Franklandia,2
Franklinia,1
Frasera,15
Fraunhofera,1
Butia,25
Fremontodendron,2
Freylinia,10
Freziera,74
Miersia,7
Friesodielsia,49
Frithia,2
Froelichia,15
Froelichiella,1
Froesia,5
Froesiodendron,3
Frommia,1
Froriepia,1
Fryxellia,1
Milligania,5
Fuernrohria,1
Fuertesia,1
Fuertesimalva,16
Fumana,20
Fumaria,57
Fumariola,1
Funifera,4
Fusaea,2
Fusispermum,3
Gaiadendron,2
Galagania,6
Galax,1
Galitzkya,3
Gallesia,1
Galpinia,1
Galvezia,6
Gamanthus,5
Gambelia,4
Gamocarpha,13
Ganophyllum,2
Muilla,3
Gardneria,5
Garnieria,1
Garuga,4
Gasteranthus,40
Gastrocotyle,3
Medeola,1
Butyagrus,3
Gayophytum,9
Geijera,8
Geissanthus,52
Geissoloma,1
Geleznowia,6
Gelsemium,4
Genianthus,18
Geniostemon,5
Geniostoma,49
Nothoscordum,91
Narcissus,123
Nolina,30
Genlisea,30
Nerine,26
Byrsophyllum,2
Bystropogon,10
Notholirion,4
Gentianopsis,21
Gentianothamnus,1
Geocarpon,7
Geocaryum,4
Geocaulon,1
Geochorda,2
Geococcus,1
Geohintonia,1
Narthecium,8
Nanuza,3
Gerardiina,2
Namophila,1
Gerrardanthus,5
Gesneria,70
Nietneria,2
Namaquanula,2
Gesnouinia,1
Getonia,1
Gevuina,1
Ghaznianthus,1
Ghikaea,1
Gibbaeum,18
Gibbsia,2
Gilesia,1
Gilia,39
Giliastrum,10
Gillbeea,3
Gilmania,1
Ginalloa,9
Gingidia,12
Ginoria,13
Girardinia,3
Gironniera,6
Gisekia,7
Gjellerupia,1
Glandonia,3
Glastaria,1
Glaucidium,1
Glaucium,24
Gleadovia,5
Glehnia,1
Glekia,1
Glenniea,8
Glia,3
Glinus,10
Glischrothamnus,1
Globimetula,13
Globularia,32
Globulariopsis,7
Gloeocarpus,1
Glossocalyx,1
Glossochilus,1
Glossoloma,31
Glossopetalon,2
Glossostelma,12
Glossostemon,1
Glossostigma,6
Glottiphyllum,16
Gloxinella,1
Gloxinera,3
Gloxinia,7
Gloxiniopsis,1
Glumicalyx,6
Gluta,35
Glycosmis,54
Glyphaea,2
Neoastelia,1
Glyptostrobus,1
Cabomba,6
Ornithogalum,200
Godoya,2
Goethalsia,1
Goldbachia,7
Gomortega,1
Gomphandra,44
Gomphocarpus,20
Gomphostigma,2
Gongrodiscus,3
Gongronema,8
Gongrospermum,1
Gongylocarpus,2
Gongylosciadium,1
Gongylotaxis,1
Goniocheton,4
Goniodiscus,1
Goniolimon,21
Goniostemma,3
Gonocalyx,11
Gonocarpus,41
Gonocaryum,11
Gonostegia,11
Gonystylus,32
Goodallia,1
Goodmania,1
Gordonia,22
Gosela,1
Gossypioides,2
Gossypium,55
Gouania,71
Goupia,2
Goyazia,3
Graderia,4
Graellsia,9
Grahamia,1
Grajalesia,1
Grammosciadium,4
Granitites,1
Graphandra,1
Graptopetalum,17
Graptophyllum,16
Grayia,3
Greeneocharis,2
Greenwayodendron,6
Grevea,3
Ornithoglossum,9
Greyia,3
Grielum,4
Grisollea,3
Gronovia,2
Grubbia,3
Guaiacum,6
Guapira,69
Guazuma,5
Guichenotia,17
Guiera,1
Guilfoylia,1
Guilleminea,8
Guindilia,3
Guioa,72
Guiraoa,1
Gunniopsis,14
Gurania,48
Gyminda,4
Gymnacranthera,7
Gymnanthera,2
Gymnema,52
Oziroe,5
Gymnemopsis,5
Gymnocarpos,11
Gymnophragma,1
Gymnopodium,2
Gymnospermium,11
Gymnostachyum,51
Gymnostemon,1
Gymnosteris,2
Gymnostoma,14
Gymnotheca,3
Gynatrix,2
Gynotroches,1
Gypsacanthus,1
Gypsophila,149
Gyrandra,6
Gyranthera,3
Gyrinops,9
Gyrocarpus,5
Gyrocaryum,1
Gyrocheilos,6
Gyrogyne,1
Gyroptera,3
Gyrostelma,1
Gyrostemon,13
Gyrotaenia,5
Haageocereus,17
Haagespostoa,3
Haberlea,1
Habrosia,1
Hachettea,1
Hackelia,54
Haematocarpus,2
Haematostaphis,1
Pseudomuscari,7
Halacsya,1
Halerpestes,9
Halesia,2
Halfordia,1
Halgania,17
Pseudogaltonia,2
Paris,27
Halimocnemis,6
Halleria,5
Halocarpus,3
Halocnemum,2
Halopeplis,3
Halophytum,1
Pasithea,1
Halosarcia,6
Halostachys,1
Halothamnus,10
Haloxylon,9
Hamadryas,5
Puschkinia,3
Hammeria,3
Petrosavia,2
Hampea,21
Hanburia,7
Hannafordia,3
Hannoa,2
Hanseniella,2
Haplanthodes,4
Haplanthus,4
Haplocoelopsis,1
Haplocoelum,5
Haplolobus,30
Haplophyllum,72
Paradisea,2
Haplosciadium,1
Haptanthus,1
Harmandia,1
Polygonatum,76
Harmsia,2
Harpagocarpus,1
Harpagophytum,2
Harperella,1
Harpochilus,3
Harpullia,28
Harrimanella,2
Harrisia,20
Harrisinopsis,1
Harrisonia,3
Hartleya,1
Hartliella,5
Hartmanthus,2
Hartogiopsis,1
Harungana,3
Harveya,29
Hatiora,3
Haussknechtia,1
Havetiopsis,1
Haya,1
Hebanthe,6
Hebenstretia,25
Hebepetalum,3
Heberdenia,1
Hectorella,1
Hedbergia,3
Hedraianthera,1
Hedycarya,16
Hedyosmum,45
Prosartes,6
Pauridia,35
Heimia,4
Heisteria,38
Heladena,2
Helia,8
Phormium,2
Philesia,1
Heliamphora,18
Helianthostylis,2
Helicanthes,2
Helicia,111
Heliciopsis,14
Helicostylis,8
Helicteres,73
Helietta,11
Helinus,5
Heliocarpus,13
Heliocarya,1
Heliochia,3
Heliophila,100
Heliorhipsalis,1
Helioselenius,2
Pleea,1
Posidonia,10
Phyllospadix,6
Heliphyllum,3
Potamogeton,169
Helleborus,16
Helmontia,4
Helosciadium,8
Helosis,3
Hemandradenia,2
Hemiboea,45
Hemichaena,5
Hemichroa,1
Hemicrambe,3
Hemigraphis,35
Hemipogon,9
Hemistylus,4
Hemsleya,26
Henckelia,79
Hennecartia,1
Henrya,3
Henslowia,3
Hepatica,9
Heppiella,4
Heptaptera,8
Prospero,18
Herbstia,1
Hereroa,28
Peltophyllum,2
Herissantia,5
Heritiera,40
Hermbstaedtia,13
Hernandia,26
Herniaria,33
Herpetacanthus,21
Herrania,18
Hesperis,53
Hesperochiron,5
Heteradelphia,2
Heterocaryum,2
Heterochroa,6
Heteromorpha,8
Heterosamara,5
Heterostachys,2
Heterostemma,42
Heuchera,46
Hexalobus,5
Hexapora,1
Pseudotrillium,1
Hexaspora,1
Hexatheca,5
Heynea,2
Heynella,1
Hibbertia,326
Hibiscadelphus,9
Proiphys,5
Pseudoprospero,1
Hicksbeachia,2
Phaedranassa,10
Hiernia,1
Hildegardia,12
Hilleria,3
Hilliella,10
Hippocratea,4
Hippophae,8
Hippuris,4
Hiptage,47
Hiraea,81
Hirschfeldia,1
Hladnikia,1
Hochreutinera,2
Hodgsonia,2
Hohenackeria,2
Hoheria,7
Holigarna,9
Hollandaea,4
Hollermayera,1
Holographis,18
Holoptelea,2
Holoregmia,1
Holosteum,6
Holzneria,2
Homalocarpus,6
Homalosciadium,1
Honckenya,1
Hoodia,13
Hoodiapelia,1
Hoodiorbea,1
Hoodiotriche,1
Hooglandia,1
Hopea,121
Pentastemona,2
Hoplestigma,2
Hoppea,2
Hormathophylla,10
Hornea,1
Hornschuchia,12
Hornungia,4
Horovitzia,1
Horsfieldia,106
Horstrissea,1
Hortia,10
Hortonia,3
Hosiea,2
Hottonia,2
Houttuynia,1
Hovenia,4
Howittia,1
Placea,6
Phycella,5
Hua,1
Hualania,1
Huberodendron,4
Hudsonia,3
Pamianthe,2
Huertea,4
Hugonia,48
Huidobria,1
Hulemacanthus,2
Hullettia,2
Humbertiella,7
Humbertioturraea,7
Humiria,4
Humiriastrum,16
Humulus,7
Huodendron,5
Hyalocalyx,2
Hyalolaena,9
Hyalosepalum,5
Hybanthus,51
Hydnora,7
Hydrangea,91
Hydrobryum,33
Hydrocotyle,191
Hydrolea,14
Hydrophyllum,10
Hydrostachys,22
Hydrotriche,4
Hylenaea,3
Hylomecon,4
Hylomyza,3
Plagiolirion,1
Hymenandra,16
Hymenidium,39
Pyrolirion,8
Hymenolaena,3
Hymenosporum,1
Hypecoum,17
Hypelate,1
Hyperbaena,23
Hypericum,525
Pancratium,23
Hypoestes,140
Hypolobus,1
Hypseocharis,6
Hypsophila,2
Ibatia,38
Iberis,31
Ibervillea,8
Ibicella,2
Icacina,5
Petronymphe,2
Ichthyostoma,1
Idahoa,1
Idertia,1
Idiospermum,1
Ildefonsia,1
Ileostylus,1
Paramongaia,1
Iliamna,8
Iljinia,1
Illecebrum,1
Illicium,38
Indagator,1
Indomelothria,2
Indorouchera,1
Inversodicraea,35
Iodes,21
Ionopsidium,8
Ipomopsis,29
Irania,5
Iresine,38
Irlbachia,8
Irvingbaileya,1
Irvingia,9
Iryanthera,22
Ruscus,7
Romnalda,4
Rohdea,19
Isatis,97
Rauhia,4
Ischnolepis,2
Isidodendron,1
Resnova,6
Isodendrion,4
Isopogon,37
Reineckea,1
Isopyrum,4
Isotheca,1
Itea,21
Ivanjohnstonia,1
Ixerba,1
Ixonanthes,3
Ripogonum,6
Kyphocarpa,3
Rhodophiala,25
Pachysandra,3
Quamoclidion,1
Quapoya,4
Rhodolirium,2
Quassia,2
Quetzalia,8
Quezeliantha,1
Quiabentia,2
Quidproquo,1
Quinchamalium,2
Quintinia,26
Quivisianthe,1
Rabiea,6
Ruppia,11
Radamaea,4
Radiola,1
Radlkofera,1
Radyera,2
Raffenaldia,2
Randonia,1
Ranopisoa,1
Viscainoa,2
Desmaria,1
Schelhammera,2
Schickendantziella,1
Scilla,89
Quillaja,2
Schoenocaulon,26
Scytopetalum,4
Schizocarphus,1
Schoenolirion,3
Sandersonia,1
Sagittaria,40
Speirantha,1
Scadoxus,9
Stenomesson,18
Sprekelia,2
Streptopus,11
Stypandra,2
Stawellia,2
Stenanthium,6
Caladium,19
Sphaeradenia,53
Schultesiophytum,1
Stelestylis,4
Smilax,261
Strumaria,27
Stuckenia,10
Sciaphila,49
Simethis,1
Sternbergia,8
Stemona,26
Spetaea,1
Sararanga,2
Soridium,1
Syringodium,2
Stichoneuron,5
Scoliopus,2
Semele,3
Ambilobea,1
Araracuara,1
Sowerbaea,5
Acunaeanthus,1
Triglochin,26
Tofieldia,14
Triuridopsis,2
Tulipa,95
Thoracocarpus,1
Trichlora,4
Tristagma,22
Toxicoscordion,8
Tulbaghia,28
Tricyrtis,24
Erythrostemon,32
Indodalzellia,1
Lasjia,5
Lemaireocereus,2
Micronychia,10
Mwasumbia,1
Neokochia,2
Nothorites,1
Pachebergia,1
Pilgerina,1
Pseudoridolfia,1
Roifia,1
Siphonandra,5
Staufferia,1
Virotia,6
Wiborgiella,10
Stenogonum,2
Thelionema,3
Thysanotus,53
Petroselinum,1
Grafia,1
Trachyandra,59
Trillium,56
Tricoryne,10
Triuris,4
Spirabutilon,1
Traubia,1
Scaraboides,1
Stevenia,8
Thyrsacanthus,7
Tabaroa,1
Vania,4
Vlokia,2
Billburttia,2
Cristonia,2
Chautemsia,1
Tupistra,26
Dielsiodoxa,6
Eremitilla,1
Gereaua,1
Litostigma,4
Montitega,1
Polemanniopsis,2
Sargentodoxa,1
Triantha,4
Maclaudia,1
Sanguisorba,38
Equisetum,41
Lycopodium,11
Oubanguia,3
Pierrina,1
Selaginella,760
Allophylastrum,1
Ezoloba,1
Prunus,389
Spirobassia,1
Herpetospermum,4
Androcalva,33
Alchemilla,776
Liebigia,12
Leobordea,49
Muellera,32
Microchirita,55
Cotoneaster,270
Theropogon,1
Ceratopteris,9
Crataegus,277
Cephalophis,1
Rubus,1784
Eokochia,1
Ivania,2
Hondurodendron,1
Tripladenia,1
Spiraea,153
Triteleia,17
Kuramosciadium,1
Lophogyne,13
Paragoodia,1
Petrocodon,56
Punotia,1
Triteleiopsis,1
Sohnreyia,5
Trihesperus,2
Trochantha,2
Yasunia,2
Trichopetalum,2
Stegnosperma,4
Ungernia,10
Urceolina,26
Urceocharis,1
Uvularia,5
Vellozia,132
Veratrum,26
Vagaria,2
Veltheimia,2
Wurmbea,54
Whiteheadia,1
Walleria,3
Wiesneria,3
Worsleya,1
Xanthorrhoea,28
Xerophyllum,2
Xeronema,2
Xerolirion,1
Yucca,51
Zannichellia,6
Zephyranthes,87
Zagrosia,1
Zostera,15
Kihansia,2
Martellidendron,6
Zigadenus,1
Thalassodendron,3
Odontostomum,1
Acanthocarpus,7
Acanthochlamys,1
Acis,9
Agapanthus,7
Agave,273
Agrostocrinum,2
Alania,1
Albidella,4
Albuca,169
Aletris,24
Alisma,14
Allium,965
Alrawia,2
Alstroemeria,145
Althenia,10
Amana,6
Amaryllis,3
Amianthium,1
Ammocharis,7
Amphibolis,2
Androstephium,2
Anemarrhena,1
Anthericum,9
Anticlea,10
Aphyllanthes,1
Apodolirion,6
Aponogeton,61
Arachnitis,1
Arnocrinum,3
Arthropodium,9
Baeometra,1
Baldellia,3
Barbacenia,111
Barbaceniopsis,4
Barnardia,2
Beaucarnea,12
Behnia,1
Bellevalia,73
Adelonema,16
Beschorneria,8
Bessera,3
Blandfordia,4
Bloomeria,3
Bomarea,129
Boophone,2
Borya,12
Bowiea,1
Brimeura,3
Brodiaea,17
Brunsvigia,19
Bulbine,82
Bulbinella,25
Burchardia,6
Burnatia,1
Butomopsis,1
Butomus,2
Caesia,13
Caldesia,4
Calicharis,1
Caliphruria,4
Calochortus,78
Calostemma,3
Camassia,6
Camptorrhiza,1
Campynema,1
Campynemanthe,3
Cardiocrinum,3
Carludovica,4
Cearanthes,1
Chamaelirium,11
Chamaescilla,3
Chamaexeros,4
Adenium,6
Chlidanthus,4
Chlorogalum,3
Chorigyne,7
Clintonia,5
Clivia,7
Comospermum,1
Convallaria,4
Cordyline,26
Corsia,25
Corsiopsis,1
Corynotheca,6
Croomia,6
Cryptostephanus,3
Curculigo,28
Cyanastrum,3
Cyanella,9
Cyclanthus,2
Cycnogeton,14
Cymodocea,3
Damasonium,6
Danae,1
Dandya,4
Dasylirion,23
Daubenya,8
Diamena,1
Dianella,40
Dianthoveus,1
Dichelostemma,6
Dichopogon,5
Dicranopygium,54
Diora,1
Dipcadi,43
Disporopsis,10
Disporum,25
Diuranthera,4
Doryanthes,2
Dracaena,177
Drimia,103
Adenochilus,2
Drimiopsis,14
Drymophila,2
Excremis,1
Echeandia,83
Echinodorus,1
Eithea,2
Empodium,7
Eremocrinum,1
Eremurus,63
Calassodia,1
Adenochlaena,2
Eriospermum,114
Erythronium,33
Caleana,14
Eucomis,13
Eucrosia,8
Eustephia,6
Eustrephus,1
Evodianthus,1
Adenocline,3
Fessia,11
Freycinetia,309
Calla,1
Callicarpa,162
Fritillaria,160
Furcraea,25
Fusifilum,5
Gagea,234
Galanthus,23
Gasteraloe,8
Gasterhaworthia,4
Gasteria,31
Geitonoplesium,2
Gethyllis,30
Gilliesia,13
Gloriosa,11
Griffinia,22
Halodule,7
Halophila,18
Hydrilla,1
Hydrocharis,5
Lagarosiphon,9
Lophiola,1
Maundia,1
Najas,40
Nechamandra,1
Ottelia,23
Scheuchzeria,1
Stratiotes,1
Tetroncium,1
Thalassia,2
Vallisneria,17
Blyxa,14
Enhalus,1
Groenlandia,1
Lacandonia,2
Callichilia,6
Callipeltis,3
Asteranthos,1
Cariniana,9
Adenopeltis,1
Lecythis,33
Napoleonaea,17
Planchonia,9
Petersianthus,2
Gustavia,46
Allantoma,8
Barringtonia,72
Bertholletia,1
Careya,3
Chydenanthus,1
Corythophora,4
Couratari,19
Couroupita,3
Crateranthus,4
Eschweilera,97
Foetidia,19
Grias,12
Distichia,3
Adenophaedra,3
Adenorandia,1
Callitriche,79
Luzula,144
Marsippospermum,4
Oxychloe,5
Patosia,1
Rostkovia,2
Amphilophium,49
Handroanthus,36
Heterophragma,2
Hieris,1
Incarvillea,18
Adenocalymma,93
Fridericia,60
Radermachera,17
Callopsis,1
Callostylis,3
Jacaranda,49
Kigelia,1
Lundia,13
Lamiodendron,1
Millingtonia,1
Manaosella,1
Mansoa,18
Markhamia,5
Mayodendron,1
Martinella,5
Neosepicaea,4
Calochone,2
Nyctocalos,3
Oroxylum,1
Calocrater,1
Phylloctenium,2
Phyllarthron,20
Pyrostegia,2
Podranea,2
Pleonotoma,16
Parmentiera,10
Pachyptera,5
Pandorea,9
Pajanelia,1
Pauldopia,1
Paratecoma,1
Rhodocolea,16
Rhigozum,7
Romeroa,1
Roseodendron,2
Schlegelia,23
Stereospermum,26
Stizophyllum,3
Sparattosperma,2
Spirotecoma,4
Gibsoniothamnus,12
Santisukia,2
Spathodea,1
Tecoma,7
Tynanthus,15
Tabebuia,76
Tecomanthe,6
Tecomaria,2
Tourrettia,1
Tecomella,1
Tanaecium,22
Calopogon,5
Xylophragma,8
Zeyheria,2
Perianthomega,1
Anemopaegma,48
Argylia,13
Astianthus,1
Perichlaena,1
Synapsis,1
Amphitecna,21
Caluera,5
Bignonia,31
Calycolpus,16
Campsidium,1
Campsis,2
Catalpa,9
Catophractes,1
Chilopsis,1
Calycopeplus,5
Crescentia,6
Calycophyllum,11
Cuspidaria,21
Cybistax,1
Delostoma,4
Deplanchea,7
Dinklageodoxa,1
Dolichandra,9
Dolichandrone,11
Eccremocarpus,3
Ekmanianthe,2
Exarata,1
Fernandoa,15
Godmania,2
Herbertia,10
Hesperantha,89
Calycosia,7
Hesperoxiphion,5
Calycosiphonia,2
Iris,332
Calymmanthera,5
Calypso,1
Ixia,100
Radinosiphon,2
Klattia,3
Lapeirousia,28
Libertia,17
Lethia,1
Larentia,3
Moraea,232
Micranthus,7
Mastigostyla,28
Melasphaerula,1
Nivenia,11
Nemastylis,5
Adina,12
Romulea,121
Sparaxis,16
Sisyrinchium,211
Orthrosanthus,9
Olsynium,19
Patersonia,26
Pillansia,1
Phalocallis,1
Solenomelus,2
Syringodea,7
Salpingostylis,1
Savannosiphon,1
Tritoniopsis,23
Trimezia,77
Tigridia,62
Tritonia,30
Tapeinia,1
Thereianthus,11
Watsonia,54
Witsenia,1
Xenoscapa,3
Zygotritonia,7
Alophia,6
Calyptrocalyx,28
Babiana,94
Bobartia,17
Calyptrochilum,3
Calydorea,21
Chasmanthe,3
Cipura,8
Cobana,1
Crocosmia,9
Crocus,252
Calyptrogyne,18
Geissorhiza,106
Gelasine,8
Calyptronoma,3
Cypella,37
Devia,1
Dierama,43
Calytrix,92
Dietes,6
Diplarrena,2
Duthiastrum,1
Eleutherine,3
Ennealophus,6
Ferraria,18
Freesia,16
Geosiris,3
Gladiolus,295
Isophysis,1
Cyanixia,1
Aetheorhyncha,1
Alchornea,53
Brasiliocroton,2
Bremeria,18
Bungarimba,4
Cameraria,7
Campanulorchis,4
Campecarpus,1
Castanopsis,145
Chondrorhyncha,5
Adonidia,2
Ciliosemina,2
Citharexylum,81
Cleidion,33
Cleistes,60
Coccineorchis,8
Cochlospermum,19
Coelocarpum,7
Coelospermum,12
Conceveiba,15
Constantia,6
Dactylanthera,4
Daiotyla,5
Delarbrea,7
Dendropanax,96
Dieffenbachia,60
Discocarpus,4
Dracontioides,2
Drosophyllum,1
Drypetes,218
Echinorhyncha,5
Ephedra,74
Camptotheca,2
Euryblema,2
Galeottiella,2
Gastrodia,100
Campylostachys,2
Ginkgo,1
Gmelina,32
Gnetum,44
Adrorhizon,1
Canephora,7
Canotia,2
Ixyophora,8
Khaosokia,1
Nuxia,16
Portulacaria,3
Retzia,1
Stenotyla,9
Capanemia,9
Tessiera,2
Welwitschia,1
Zuckertia,2
Capitanopsis,6
Capurodendron,43
Globulostylis,7
Cardiochilos,1
Cardiopteris,2
Carissa,9
Englerophytum,20
Anguloa,13
Cunila,20
Carpacoce,7
Carpentaria,1
Carphalea,3
Alnus,49
Carpinus,44
Anacamptis,35
Algrizea,2
Aloysia,41
Alstonia,44
Amphineurion,1
Ancistrocladus,22
Bahiella,2
Chamaecostus,8
Chascanum,32
Chiloschista,28
Chionanthus,141
Chondroscaphe,14
Clinopodium,193
Croatiella,1
Daphniphyllum,31
Didymoplexiella,9
Dransfieldia,1
Dressleria,13
Enriquebeltrania,2
Flueggea,18
Forestiera,23
Gaertnera,90
Galactophora,6
Gluema,2
Grandiphyllum,8
Incarum,1
Paracostus,2
Plagiocladus,1
Schumannianthus,2
Shonia,4
Triflorensia,3
Carpoxylon,1
Aeollanthus,44
Carterella,1
Astus,4
Carvalhoa,2
Caryocar,16
Chilocarpus,14
Chiloglottis,27
Cleisostoma,101
Clethra,87
Coccothrinax,62
Cyclopogon,96
Cyrtorchis,19
Caryodendron,4
Dicrastylis,31
Dipodium,42
Dracontium,29
Drakaea,10
Erasanthe,1
Eremiolirion,1
Eurystyles,23
Galeopsis,17
Gomphostemma,29
Hemipilia,67
Holothrix,49
Caryopteris,8
Myxochlamys,2
Caryota,15
Pinochia,4
Psytonia,1
Casasia,10
Radcliffea,1
Cascabela,6
Salix,616
Solenopsis,8
Tinadendron,2
Tiputinia,1
Casselia,7
Castanea,9
Leucothrinax,1
Tahina,1
Clinosperma,4
Cyphokentia,2
Jasminum,205
Michauxia,7
Monopsis,16
Microcodon,5
Nestegis,5
Jasione,14
Kostermanthus,3
Lobelia,438
Lysipomia,33
Licania,103
Ligustrum,46
Legousia,6
Legenere,1
Moquilea,54
Magnistipula,13
Maranthes,12
Menodora,26
Musschia,3
Merciera,6
Muehlbergella,1
Notelaea,12
Osmanthus,30
Phyteuma,27
Platycodon,1
Physoplexis,1
Myxopyrum,4
Nesocodon,1
Prismatocarpus,27
Nemacladus,18
Neocarya,1
Nyctanthes,2
Namacodon,1
Olea,13
Ostrowskia,1
Pseudonemacladus,1
Porterella,1
Parinari,39
Parastemon,3
Priogymnanthus,4
Phillyrea,2
Petromarula,1
Peracarpa,1
Palmerella,1
Picconia,2
Roella,23
Rhigiophyllum,1
Ruthiella,4
Syringa,12
Schrebera,8
Siphocampylus,238
Siphocodon,2
Sachokiella,1
Sclerotheca,10
Sergia,2
Catesbaea,18
Treichelia,2
Trematolobelia,8
Tetrapilus,21
Triodanis,6
Theilera,2
Trachelium,3
Theodorovia,1
Unigenes,1
Wimmerella,10
Catharanthus,9
Zeugandra,2
Catoferia,4
Ullucus,1
Tournonia,1
Campanula,451
Gunnera,66
Begonia,2189
Abeliophyllum,1
Acioa,6
Adenophora,61
Afrolicania,1
Angelesia,3
Anredera,12
Asyneuma,32
Atuna,8
Azorina,1
Bafodeya,1
Basella,5
Caularthron,4
Cavacoa,3
Cedronella,1
Celianella,1
Centroglossa,5
Centroplacus,1
Centrostigma,3
Berenice,1
Brighamia,2
Burmeistera,116
Aenhenrya,1
Canarina,3
Centropogon,214
Cephalanthus,6
Cephalaralia,1
Cephalocroton,4
Chrysobalanus,3
Clermontia,24
Cephalocrotonopsis,2
Codonopsis,48
Cephalomappa,6
Comoranthus,3
Couepia,63
Cephalopactis,2
Craterocapsa,5
Cryptocodon,1
Cyananthus,21
Cephalotus,1
Cyanea,80
Ceratandra,6
Cyclocodon,3
Cylindrocarpa,1
Cyphia,70
Ceratocentron,1
Cyphocarpus,3
Dactyladenia,31
Delissea,15
Dialypetalum,6
Diastatea,6
Dielsantha,1
Ceratophyllum,7
Downingia,13
Edraianthus,25
Exellodendron,5
Favratia,1
Feeria,1
Fockeanthus,1
Fontanesia,2
Forsythia,12
Fraxinus,63
Ceratopyxis,1
Ceratostylis,153
Geobalanus,3
Githopsis,4
Grammatotheca,1
Grangeria,2
Gunillaea,2
Haenianthus,3
Hanabusaya,1
Hesperelaea,1
Heterochaenia,4
Heterocodon,1
Heterotoma,1
Hillebrandia,1
Hippobroma,1
Hirtella,110
Homocodon,2
Howellia,1
Hunga,11
Isotoma,10
Gomesa,133
Cerbera,6
Helanthium,3
Cerberiopsis,3
Cercestis,10
Agonis,6
Algernonia,12
Cercidiphyllum,2
Crusea,15
Chloraea,53
Comparettia,81
Ceroxylon,13
Chamaepentas,6
Coccocypselum,22
Dipyrena,2
Dodecastigma,3
Dolichopentas,4
Dirichletia,5
Domingoa,5
Dimorphorchis,9
Eminium,8
Eduandrea,1
Flagenium,6
Gyrostipula,3
Heterolamium,2
Heterosavia,4
Killickia,4
Kardomia,6
Laeliocattleya,4
Notoleptopus,1
Phyllopentas,14
Chaetostachydium,3
Chaiturus,1
Phyllanthopsis,2
Chalepophyllum,1
Pseudophyllanthus,1
Rhodopentas,2
Rydingia,4
Seorsus,4
Sannantha,16
Sequencia,1
Santotomasia,1
Schizomussaenda,1
Chamaeanthus,5
Taxandria,11
Vitekorchis,4
Bensteinia,1
Chamaeclitandra,1
Curitiba,1
Leptaulus,6
Gymnadenia,50
Catyclia,1
Chamaegastrodia,4
Chamaerops,1
Chamaesphacos,1
Chambeyronia,9
Chamelaucium,21
Chamelophyton,1
Chamguava,3
Chamorchis,1
Changnienia,2
Chapelieria,4
Chascotheca,2
Chaubardia,3
Chaubardiella,8
Chauliodon,1
Cheilosa,1
Cheiradenia,1
Cheirodendron,6
Aegilotriticum,6
Agropogon,3
Agrotrigia,4
Arctodupontia,1
Cynochloris,3
Dupoa,1
Elyhordeum,22
Elyleymus,7
Festulolium,4
Festulpia,2
Leydeum,2
Leymostachys,1
Phyllosasa,1
Achnatherum,19
Elymostachys,1
Pucciphippsia,2
Triticale,1
Triticosecale,1
Aciachne,3
Acidosasa,12
Acostia,1
Acrachne,3
Acritochaete,1
Acroceras,24
Actinocladum,1
Aegilops,24
Agrostis,210
Aeluropus,6
Afrotrichloris,2
Agenium,3
Agnesia,1
Agropyron,17
Chelonopsis,19
Chelyocarpus,4
Chengiopanax,2
Agropyropsis,1
Chimarrhis,15
Chiococca,22
Aira,10
Airopsis,1
Alexfloydia,1
Alloeochaete,6
Allolepis,1
Alloteropsis,5
Alopecurus,49
Altoparadisium,2
Alvimia,3
Ammochloa,3
Ampelocalamus,14
Ampelodesmos,2
Amphibromus,12
Chione,1
Amphicarpum,3
Chiropetalum,23
Amphipogon,9
Anadelphia,14
Ancistrachne,3
Ancistragrostis,1
Chlamydojatropha,1
Chloanthes,4
Andropterum,1
Anemanthele,1
Aniselytron,2
Anisopogon,1
Anomochloa,1
Anthaenantiopsis,4
Anthenantia,4
Anthephora,11
Anthoxanthum,53
Antinoria,2
Apera,5
Apluda,1
Apoclada,1
Apocopis,16
Arberella,7
Arctagrostis,2
Arctopoa,7
Aristida,304
Chloroluma,2
Arrhenatherum,8
Arthraxon,24
Arthropogon,5
Arthrostylidium,29
Arundinaria,5
Arundinella,57
Arundo,5
Arundoclaytonia,2
Asthenochloa,1
Astrebla,4
Athroostachys,2
Atractantha,5
Aulonemia,49
Australopyrum,5
Austrochloris,1
Chondrostylis,2
Austrostipa,71
Chonemorpha,10
Avena,27
Chonocentrum,1
Choriceras,2
Chorisandrachne,1
Chromolucuma,9
Chroniochilus,5
Chrozophora,9
Avenella,2
Avenula,1
Axonopus,79
Chrysalidocarpus,59
Bambusa,155
Chrysoglossum,4
Baptorhachis,1
Bashania,4
Beckmannia,2
Bellardiochloa,5
Bewsia,1
Bhidea,3
Blepharidachne,4
Bonia,5
Borinda,46
Chrysolepis,2
Bothriochloa,37
Bouteloua,57
Brachychloa,2
Brachyelytrum,3
Brachypodium,25
Brachystachyum,2
Briza,5
Bromuniola,1
Bromus,173
Brylkinia,1
Buergersiochloa,1
Calamagrostis,223
Chuniophoenix,3
Calyptochloa,4
Campeiostachys,3
Canastra,2
Capillipedium,20
Castellia,1
Catabrosa,6
Catabrosella,7
Catalepis,1
Catapodium,9
Cathariostachys,2
Celtica,1
Cenchrus,109
Centotheca,4
Centropodia,4
Cephalostachyum,14
Chaetium,3
Chaetobromus,1
Chaetopoa,2
Chamaeraphis,1
Chandrasekharania,1
Chascolytrum,11
Chasechloa,2
Chasmanthium,5
Chasmopodium,2
Chevalierella,1
Chikusichloa,3
Chimonobambusa,43
Chimonocalamus,19
Chionochloa,25
Chloothamnus,11
Chloris,54
Chytroglossa,3
Chlorocalymma,1
Chrysochloa,4
Chrysopogon,51
Chusquea,199
Cinna,3
Cinnagrostis,62
Cinnastrum,1
Cladoraphis,2
Clausospicula,1
Cleistachne,1
Cleistochloa,3
Cleistogenes,17
Cinchona,25
Coelachne,12
Coelachyrum,6
Coix,3
Colanthelia,11
Coleanthus,1
Colpodium,9
Cortaderia,20
Corynephorus,7
Cottea,1
Craspedorhachis,3
Crinipes,2
Crithopsis,1
Cryptochloa,9
Ctenium,19
Cutandia,6
Cyathopus,1
Cymbopogon,53
Cynodon,15
Cynosurus,11
Cyperochloa,1
Cyphochlaena,2
Cyrtochloa,7
Cyrtococcum,14
Dactylis,3
Dactyloctenium,13
Daknopholis,1
Danthonia,27
Danthoniastrum,4
Danthonidium,1
Danthoniopsis,16
Dasypyrum,2
Davidsea,1
Decaryella,1
Decaryochloa,1
Dendrocalamus,74
Deschampsia,65
Desmazeria,3
Desmostachya,1
Cinchonopsis,1
Diandrolyra,3
Diarrhena,5
Circaeaster,1
Dichaetaria,1
Dichanthelium,126
Cirrhaea,7
Dichanthium,20
Dichelachne,9
Digitaria,264
Dignathia,5
Diheteropogon,4
Dilophotriche,3
Dimeria,57
Dimorphochloa,1
Dinebra,9
Dinochloa,47
Diplachne,2
Dissochondrus,1
Distichlis,11
Dregeochloa,2
Drepanostachyum,11
Dryopoa,1
Dupontia,2
Duthiea,3
Eccoptocarpha,1
Echinaria,1
Echinochloa,34
Echinolaena,2
Echinopogon,7
Ehrharta,28
Ekmanochloa,2
Eleusine,10
Elionurus,17
Elymandra,6
Elymus,203
Elytrophorus,2
Elytrostachys,2
Enneapogon,26
Enteropogon,15
Entolasia,6
Entoplocamia,1
Eragrostiella,6
Eragrostis,425
Eremitis,16
Eremocaulon,5
Eremochloa,13
Eremopyrum,4
Eriachne,49
Erianthecium,1
Erianthus,8
Claderia,1
Cladoceras,2
Eriochloa,33
Cladogelonium,1
Cladogynos,1
Eriochrysis,11
Erioneuron,2
Claoxylon,117
Euclasta,3
Eulalia,31
Eulaliopsis,2
Eustachys,15
Exotheca,1
Fargesia,49
Farrago,1
Ferrocalamus,3
Festuca,680
Claoxylopsis,3
Clarkella,1
Cleghornia,2
Cleidiocarpon,2
Festucopsis,1
Filgueirasia,2
Fimbribambusa,4
Fingerhuthia,2
Froesiochloa,1
Gaoligongshania,1
Garnotia,29
Gastridium,4
Gaudinia,5
Gelidocalamus,15
Germainia,9
Gerritea,1
Gigantochloa,64
Cleisomeria,2
Gilgiochloa,1
Glaziophyton,1
Glyceria,47
Glyphochloa,13
Gouinia,11
Graphephorum,4
Greslania,2
Guadua,33
Guaduella,7
Gymnopogon,14
Gynerium,1
Habrochloa,1
Hackelochloa,2
Hakonechloa,1
Halopyrum,1
Harpachne,3
Harpochloa,2
Helictotrichon,39
Hemarthria,12
Hemisorghum,2
Henrardia,2
Hesperostipa,5
Heteranthelium,1
Heteranthoecia,1
Heteropholis,3
Heteropogon,5
Hickelia,4
Hilaria,10
Himalayacalamus,9
Hitchcockella,1
Holcolemma,3
Holcus,14
Holttumochloa,4
Homolepis,5
Homopholis,1
Homozeugos,6
Hookerochloa,2
Hordelymus,1
Hordeum,43
Hubbardia,2
Hubbardochloa,1
Humbertochloa,2
Hyalopoa,6
Hydrothauma,1
Hygrochloa,2
Hygroryza,1
Hylebates,2
Hymenachne,17
Hyparrhenia,57
Hyperthelia,6
Hypseochloa,2
Ichnanthus,30
Cleistanthus,135
Imperata,11
Indocalamus,32
Indopoa,1
Indosasa,18
Isachne,105
Ischaemum,92
Iseilema,26
Ixophorus,1
Jansenella,2
Jarava,9
Jouvea,2
Kampochloa,1
Kaokochloa,1
Kengyilia,27
Kerriochloa,1
Kinabaluchloa,2
Koeleria,81
Aeridostachya,20
Lachnagrostis,40
Lagurus,1
Lamarckia,1
Lasiacis,15
Lasiorhachis,3
Lasiurus,1
Lecomtella,1
Leersia,18
Leptagrostis,1
Leptaspis,3
Leptocarydion,1
Leptochloa,30
Lepturidium,1
Lepturopetium,2
Lepturus,15
Leymus,66
Limnas,3
Limnodea,1
Limnopoa,1
Lithachne,4
Littledalea,4
Lolium,40
Lombardochloa,1
Lophacme,2
Lophatherum,2
Lophopogon,3
Lorenzochloa,1
Loudetia,25
Loudetiopsis,11
Louisiella,3
Loxodera,5
Luziola,11
Lycochloa,1
Lygeum,1
Maclurochloa,4
Maclurolyra,1
Macrochloa,2
Maltebrunia,4
Manisuris,1
Megalachne,1
Megastachya,2
Megathyrsus,2
Melanocenchris,3
Melica,95
Clematepistephium,1
Cleonia,1
Melinis,23
Melocalamus,16
Melocanna,3
Merostachys,56
Merxmuellera,7
Mesosetum,28
Metcalfia,1
Mibora,2
Micraira,15
Microbriza,2
Microcalamus,1
Microchloa,6
Microlaena,3
Microstegium,24
Milium,6
Miscanthidium,2
Miscanthus,16
Mnesithea,7
Mniochloa,1
Molineriella,3
Molinia,2
Moliniopsis,1
Monachather,1
Monelytrum,1
Monocymbium,3
Moorochloa,3
Mosdenia,1
Muhlenbergia,179
Munroa,6
Myriocladus,13
Myriostachya,1
Nardus,1
Narenga,2
Nassella,112
Nastus,12
Neesiochloa,1
Nematopoa,1
Neobouteloua,2
Neololeba,5
Neomicrocalamus,3
Neostapfia,1
Neostapfiella,3
Nephelochloa,1
Neurachne,9
Neyraudia,4
Notochloe,1
Ochlandra,10
Odyssea,1
Oligostachyum,18
Olmeca,5
Olyra,25
Ophiuros,3
Oplismenopsis,1
Oplismenus,7
Orcuttia,5
Oreobambos,1
Oreochloa,4
Oreopoa,1
Orinus,3
Oropetium,6
Ortachne,2
Orthoclada,2
Orthoraphium,1
Oryza,19
Oryzidium,1
Oryzopsis,5
Otachyrium,8
Otatea,13
Ottochloa,3
Oxychloris,1
Oxyrhachis,1
Oxytenanthera,1
Panicum,270
Aextoxicon,1
Afrotrewia,1
Pappagrostis,1
Pappophorum,7
Parabambusa,1
Paracolpodium,3
Paractaenum,1
Parafestuca,1
Parahyparrhenia,7
Parapholis,8
Paratheria,2
Pariana,36
Parodiolyra,4
Parvotrisetum,1
Paspalum,358
Patis,3
Pentameris,84
Pentapogon,1
Periballia,1
Peridictyon,1
Perotis,16
Perrierbambus,2
Peyritschia,31
Phacelurus,7
Phaenanthoecium,1
Phaenosperma,2
Phalaris,19
Pharus,7
Pheidochloa,2
Phippsia,3
Phleum,17
Pholiurus,1
Phragmites,4
Phyllorachis,1
Phyllostachys,62
Pinga,1
Piptatherum,31
Piptochaetium,36
Piptophyllum,1
Piresia,6
Piresiella,1
Plagiantha,1
Plagiosetum,1
Pleioblastus,26
Pleuropogon,6
Lunania,15
Laetia,7
Plinthanthesis,3
Lindackeria,14
Poa,611
Mayna,7
Mocquerysia,2
Clinostigma,11
Clitandra,1
Podagrostis,10
Poecilostachys,15
Pogonachne,1
Pogonarthria,4
Pogonatherum,4
Pogonochloa,1
Pogononeura,1
Pohlidium,1
Poidium,7
Polevansia,1
Neoptychocarpus,3
Neosprucea,10
Polypogon,24
Cloezia,6
Polytoca,11
Polytrias,1
Pommereulla,1
Potamophila,1
Prosphytochloa,1
Psammochloa,1
Psathyrostachys,10
Pseudanthistiria,2
Pseudechinolaena,6
Pseudobambusa,1
Pseudobromus,6
Pseudodanthonia,1
Pseudodichanthium,1
Pseudolasiacis,3
Pseudopentameris,4
Pseudophleum,2
Pseudopogonatherum,6
Pseudoraphis,7
Clonostylis,1
Pseudoroegneria,16
Clowesia,8
Pseudosasa,21
Aganisia,3
Pseudosorghum,2
Pseudostachyum,1
Pseudoxytenanthera,5
Pseudozoysia,1
Psilathera,1
Psilolemma,1
Clutia,54
Ptilagrostis,14
Puccinellia,119
Olmediella,1
Oncoba,4
Osmelia,4
Puelia,5
Racemobambos,19
Raddia,11
Raddiella,8
Ratzeburgia,1
Rehia,1
Reitzia,1
Relchela,1
Reynaudia,1
Rheochloa,1
Rhipidocladum,20
Rhizocephalus,1
Rhombolytrum,2
Rhynchoryza,1
Rhytachne,12
Richardsiella,1
Rostraria,13
Rottboellia,24
Rytidosperma,74
Saccharum,19
Sacciolepis,26
Sarga,9
Sarocalamus,6
Sartidia,6
Sasa,41
Aganosma,9
Sasaella,11
Sasamorpha,5
Schenckochloa,1
Schismus,5
Schizachne,1
Schizachyrium,60
Cneorum,2
Cnesmone,11
Schizostachyum,74
Schoenefeldia,1
Sclerochloa,3
Sclerodactylon,1
Scleropogon,1
Scolochloa,1
Scrotochloa,2
Scutachne,1
Secale,9
Sehima,6
Semiarundinaria,7
Sesleria,37
Sesleriella,1
Setaria,140
Ryparosa,24
Rawsonia,2
Ryania,9
Coccochondra,4
Setariopsis,2
Shibataea,7
Silentvalleya,2
Simplicia,3
Sinobambusa,14
Sinochasea,1
Sirochloa,1
Snowdenia,4
Soejatmia,1
Sohnsia,1
Sorghastrum,22
Sorghum,20
Cocconerion,2
Spartochloa,1
Spathia,1
Sphaerobambos,3
Sphaerocaryum,1
Spheneria,1
Sphenopholis,7
Sphenopus,2
Spinifex,5
Spodiopogon,15
Sporobolus,225
Trichostephanus,2
Trichadenia,3
Agastache,22
Stapfochloa,8
Steinchisma,7
Steirachne,2
Stenostachys,4
Stenotaphrum,8
Stephanachne,1
Stereochlaena,4
Steyermarkochloa,1
Stiburus,2
Stipa,177
Cochleanthes,4
Stipagrostis,56
Streptochaeta,3
Streptogyna,2
Streptolophus,1
Streptostachys,2
Styppeiochloa,3
Suddia,1
Swallenia,1
Taeniatherum,1
Taeniorhachis,1
Tarigidia,2
Tatianyx,1
Temburongia,1
Temochloa,1
Tetrachaete,1
Tetrachne,1
Tetrapogon,10
Tetrarrhena,6
Thamnocalamus,4
Thaumastochloa,9
Thedachloa,1
Thelepogon,1
Themeda,30
Cocos,1
Thinopyrum,16
Thuarea,2
Thyridachne,1
Thyridolepis,3
Thyrsia,3
Thyrsostachys,2
Thysanolaena,1
Timouria,1
Torreyochloa,4
Trachypogon,5
Xylosma,103
Xylotheca,5
Trachys,4
Tragus,7
Tribolium,16
Coddia,1
Codiaeum,17
Tricholaena,5
Trichoneura,9
Trichopteryx,5
Tridens,15
Trikeraia,2
Trilobachne,1
Triniochloa,6
Triodia,84
Triplachne,1
Triplasis,2
Triplopogon,1
Tripogon,36
Tripsacum,14
Triraphis,8
Triscenia,1
Trisetaria,15
Trisetum,26
Tristachya,22
Codonorchis,2
Triticum,7
Coelia,5
Coeliopsis,1
Tuctoria,3
Uniola,5
Uranthoecium,1
Urelytrum,8
Urochloa,89
Urochondra,1
Vahlodea,1
Valiha,2
Vaseyochloa,1
Ventenata,8
Vietnamocalamus,1
Vietnamochloa,1
Vietnamosasa,3
Viguierella,1
Vossia,1
Vulpiella,1
Wangenheimia,1
Whiteochloa,6
Willkommia,4
Xerochloa,3
Yushania,88
Yvesia,1
Zea,6
Zenkeria,5
Agathis,17
Zeugites,11
Zizania,4
Zizaniopsis,6
Zonotriche,3
Zotovia,3
Zoysia,10
Zygochloa,1
Avellinia,2
Cyphonanthus,1
Hopia,1
Tripidium,7
Walwhalleya,4
Zuloagaea,1
Nicoraepoa,7
Apochloa,15
Renvoizea,10
Parodiophyllochloa,6
Poggea,3
Pseudosmelia,1
Phyllobotryon,4
Coelopyrena,1
Agathisanthemum,4
Prockia,6
Afrocrocus,1
Agrostopoa,3
Allamanda,16
Anacamptorchis,11
Bakoa,1
Bullockia,6
Callitropsis,1
Cephalorchis,1
Cheyniana,2
Cleistesiopsis,3
Agdestis,1
Colletoecema,3
Coriaria,17
Cyrtostachys,7
Echites,14
Eclecticus,1
Empogona,30
Eriophyton,12
Galearis,10
Galeoglossum,3
Hapaline,9
Hapalorchis,15
Hemigenia,55
Hesperocyparis,17
Heteropsis,19
Coilochilus,1
Indianthus,1
Kanakomyrtus,6
Samyda,13
Colebrookea,1
Coleus,303
Nohawilliamsia,1
Notholithocarpus,1
Oncorachis,2
Orchinea,5
Pappostipa,30
Scottellia,3
Scolopia,47
Scaphocalyx,1
Phuphanochloa,1
Razafimandimbisonia,5
Rupichloa,2
Schottariella,1
Schottarum,3
Tricholemma,2
Aglaodorum,1
Mexotis,4
Grammatophyllum,13
Abatia,10
Aglaonema,26
Dovyalis,18
Ludia,25
Pineda,2
Casearia,221
Appertiella,1
Apoballis,12
Stapletonia,3
Thamnoldenlandia,1
Soroveta,1
Agrostophyllum,136
Collabium,15
Saxipoa,1
Sylvipoa,1
Acharia,1
Stephostachys,1
Sotoa,1
Anthosachne,9
Colletogyne,1
Colliguaja,5
Amphistemon,2
Anadendrum,15
Colobocarpos,1
Crossoliparis,1
Cylindrolobus,79
Cryptochilus,8
Conradina,5
Ahernia,1
Deiregyne,24
Cordylostigma,9
Enekbatus,10
Dendrolirium,12
Keratochlaena,1
Kedhalia,1
Colquhounia,5
Larsenianthus,4
Mulguraea,11
Columellia,5
Ooia,12
Ocellochloa,12
Comanthosphace,5
Patzkea,4
Pichinia,1
Rubovietnamia,3
Wallisia,5
Condaminea,4
Condylocarpon,7
Culcasia,28
Congea,12
Donnellyanthus,1
Fernandezia,98
Geophila,29
Dasymalla,5
Dicerandra,6
Phialiphora,4
Coleataenia,12
Conosapium,1
Grosourdya,26
Geochloa,3
Conostomium,5
Garciadelia,4
Helictochloa,23
Hemiphora,5
Lapanthus,2
Alibertia,15
Azara,11
Cooktownia,1
Copernicia,29
Baileyoxylon,1
Amomyrtella,2
Aidia,56
Banara,34
Duroia,37
Ellisochloa,2
Bartholomaea,3
Gigantocalamus,1
Hillia,25
Bembicia,1
Bennettiodendron,7
Hiepia,1
Muniria,4
Martensianthus,5
Newmania,6
Bivinia,1
Planaltina,4
Stichorkis,27
Tenaxia,8
Dicoelia,2
Austroderia,5
Buchnerodendron,2
Byrsanthus,1
Chimaerochloa,1
Capeochloa,3
Calantica,10
Mullerochloa,1
Caloncoba,10
Camptostylus,3
Coptosapelta,16
Carpotroche,13
Carrierea,4
Corallorhiza,12
Ceratiosicyos,1
Chiangiodendron,1
Chlorocarpa,1
Cornuella,1
Aglossorrhyncha,13
Cornutia,8
Dasylepis,6
Dissomeria,2
Corycium,15
Corylus,17
Eleutherandra,1
Erythrospermum,23
Euceraea,3
Agrostistachys,6
Flacourtia,22
Corymborkis,8
Corynanthe,7
Corynocarpus,5
Corypha,5
Gerrardina,2
Coryphothamnus,1
Cosmibuena,4
Guthriea,1
Cosmocalyx,1
Cottonia,1
Cotylolabium,1
Couma,5
Hasseltia,6
Hasseltiopsis,1
Hemiscolopia,1
Homalium,152
Hydnocarpus,55
Coutaportla,3
Coutarea,4
Cowiea,2
Idesia,1
Itoa,2
Lasiochlamys,10
Craniotome,1
Craspidospermum,1
Craterispermum,27
Cremaspora,2
Crepinella,33
Crioceras,1
Crobylanthe,1
Crossopteryx,1
Populus,98
Aidiopsis,1
Airosperma,6
Aitchisonia,1
Crotonogyne,11
Crotonogynopsis,4
Crucianella,31
Cruciata,9
Cruckshanksia,7
Cryosophila,10
Cryptarrhena,3
Crypteronia,7
Cryptopus,4
Cryptostylis,23
Ctenolophon,2
Cubanola,2
Cuminia,1
Curtisia,1
Cussonia,20
Cuviera,18
Cyanaeorchis,3
Cyanoneuron,5
Cyanostegia,5
Cyathostemon,7
Cybebus,1
Cycladenia,1
Cyclocheilon,3
Cyclocotyla,1
Cyclotrichium,9
Cycnoches,33
Cylindropsis,1
Cymaria,2
Cymboglossum,10
Cynomorium,1
Cypholoron,3
Cyphophoenix,2
Cyphosperma,5
Ajugoides,1
Akania,1
Alafia,26
Cyrtogonone,1
Cyrtosia,7
Cyrtosperma,13
Cyrtostylis,6
Cystorchis,20
Cyttaranthus,1
Dactylocamptis,16
Dactylocladus,1
Alamania,1
Alangium,57
Dactylostalix,1
Dalechampia,123
Dalembertia,4
Damnacanthus,13
Danhatchia,3
Davidia,1
Davidsonia,3
Decarya,1
Deccania,1
Deceptor,1
Deckenia,1
Declieuxia,29
Alberta,1
Degeneria,2
Degranvillea,1
Delpydora,2
Alchorneopsis,2
Aldrovanda,1
Aleisanthia,2
Aleisanthiopsis,2
Aleurites,2
Dendrocousinsia,7
Dendrosipanea,3
Dendrothrix,4
Dentella,9
Desmoncus,24
Deutzianthus,2
Dewevrella,1
Diacrodon,1
Dialypetalanthus,1
Diaphananthe,29
Dibrachionostylus,1
Diceratostele,1
Dichilanthe,2
Dichostemma,2
Allagoptera,6
Dictyocaryum,3
Dictyophleba,6
Dictyosperma,1
Didierea,2
Didymaea,5
Didymeles,3
Didymocistus,1
Didymopanax,40
Didymoplexiopsis,1
Didymopogon,1
Didymosalpinx,5
Diegodendron,1
Dienia,5
Diglyphosa,3
Dilochia,10
Dilomilis,5
Dimerandra,7
Dimetra,1
Alleizettella,2
Dinema,1
Diodia,18
Allomarkgrafia,10
Dioecrescis,1
Dioicodendron,1
Dionaea,1
Diostea,1
Dipentodon,1
Alloschemone,2
Allosyncarpia,1
Allowoodsonia,1
Alluaudia,6
Alluaudiopsis,2
Diplocentrum,2
Diploknema,7
Diplomeris,3
Diploon,1
Diploprora,2
Diplorhynchus,1
Discoclaoxylon,4
Discocleidion,2
Discoglypremna,1
Discretitheca,1
Discyphus,1
Dissiliaria,6
Distichirhops,3
Ditaxis,45
Ditrysinia,1
Ditta,2
Diyaminauclea,1
Dolichodelphys,1
Dolicholobium,29
Dolichometra,1
Dilochiopsis,1
Donella,17
Doryxylon,1
Dossinia,1
Dracocephalum,78
Dracomonticola,1
Draconanthes,8
Dracunculus,2
Drepanocaryum,1
Droceloncia,1
Drymoanthus,4
Drymophloeus,3
Duckeella,8
Duidania,1
Dunnia,1
Dunstervillea,1
Duperrea,1
Duranta,29
Durringtonia,1
Dyakia,1
Dyera,2
Dysopsis,3
Earina,7
Eberhardtia,3
Ecclinusa,12
Ecua,1
Edrastima,5
Eggelingia,3
Eizia,1
Elaeagia,25
Elaeis,2
Elaeoluma,5
Elateriospermum,1
Eleiodoxa,1
Eleorchis,1
Eleutherococcus,29
Elsholtzia,43
Elytropus,1
Emmenopterys,1
Emmeorhiza,1
Endospermum,11
Englerella,1
Eosanthe,1
Ephippianthus,2
Ephippiocarpa,2
Epiblastus,23
Epiblema,1
Alphandia,3
Epigynum,5
Epipogium,7
Epipremnum,15
Epiprinus,6
Epistephium,28
Altensteinia,8
Eriaxis,1
Ericomyrtus,4
Eriodes,1
Eriope,31
Aluta,5
Eriopidion,1
Eriopsis,4
Eriosemopsis,1
Eriothymus,1
Erismanthus,2
Erithalis,9
Ernodea,8
Erycina,7
Erythrococca,41
Erythrorchis,2
Etericius,1
Eucalyptopsis,2
Euclinia,2
Eucorymbia,1
Eugeissona,7
Alzatea,1
Amaioua,11
Amalocalyx,1
Amanoa,18
Amasonia,7
Ambelania,3
Eumachia,86
Amborella,1
Ambrella,1
Ambrosina,1
Amesiella,3
Amethystea,1
Ammandra,1
Amomyrtus,2
Eurycentrum,4
Eurychone,2
Euryomyrtus,7
Eurysolen,1
Euterpe,7
Euthystachys,1
Everistia,1
Evotella,2
Exallage,18
Excoecaria,37
Amorphospermum,1
Exostema,11
Amperea,8
Fadogia,39
Fadogiella,3
Fagus,13
Amphiasma,7
Falconeria,1
Farquharia,1
Fatshedera,1
Fatsia,3
Feijoa,1
Ferdinandusa,24
Feretia,3
Fergusonia,1
Amsonia,19
Fernelia,4
Filarum,1
Flexanthera,1
Fontainea,9
Forsteronia,47
Fosbergia,4
Frondaria,3
Amydrium,5
Fuerstia,9
Fuertesiella,1
Funkiella,7
Funtumia,2
Furtadoa,3
Amyrea,11
Galeola,5
Galeottia,12
Galiniera,2
Anacamptiplatanthera,1
Anakasia,1
Anaphyllopsis,3
Anaphyllum,2
Anchomanes,6
Ancistrochilus,2
Gallienia,1
Galopina,4
Gambeya,16
Gamblea,4
Gamogyne,6
Ganguelia,1
Garcia,2
Ancylobothrys,7
Gardeniopsis,1
Garrettia,2
Andrachne,21
Gaussia,5
Gayella,1
Gearum,1
Geissospermum,6
Genipa,3
Gennaria,2
Andreettaea,56
Gillespiea,1
Givotia,4
Androstachys,1
Gleasonia,5
Anechites,1
Glechoma,8
Glechon,6
Glionnetia,1
Angophora,13
Glossocarya,10
Glossostipula,3
Glycydendron,2
Gomphichis,34
Gomphocalyx,1
Gonatogyne,1
Gonatopus,5
Gonatostylis,2
Angostylis,2
Gonioma,2
Gontscharovia,1
Grammangis,2
Graphorkis,4
Greeniopsis,6
Grimmeodendron,2
Grossera,9
Guettardella,29
Guihaia,4
Guihaiothamnus,1
Gunnarella,7
Gymnanacamptis,3
Gymnostachys,1
Gymnotraunsteinera,1
Gymplatanthera,2
Habroneuron,1
Haematostemon,2
Hagsatera,2
Halleorchis,1
Hamelia,16
Hamilcoa,1
Hammarbya,1
Hanceola,10
Hancockia,1
Hancornia,1
Haplophyton,2
Haplostachys,5
Harmogia,1
Harmsiopanax,3
Haumaniastrum,35
Hedeoma,44
Hederorkis,3
Hedstromia,1
Hedyscepe,1
Hedythyrsus,3
Heinsenia,1
Heinsia,5
Hekistocarpa,1
Helicodiceros,1
Helleriella,2
Helwingia,4
Hemiandra,7
Ania,6
Hemithrinax,3
Aningeria,5
Henriquezia,3
Herpysma,1
Hesperozygis,7
Heteroaridarum,3
Heteropanax,9
Heterophyllaea,2
Heteropyxis,3
Hevea,10
Anisomeles,28
Hexasepalum,15
Heywoodia,1
Hierobotana,1
Hieronyma,23
Himalrandia,2
Himantoglossum,12
Himatanthus,13
Hindsia,11
Hintonella,1
Hintonia,5
Hippomane,3
Hodgkinsonia,1
Hoehnea,4
Hoehneella,2
Hofmeisterella,2
Holarrhena,5
Holmskioldia,1
Holocheila,1
Holochlamys,1
Holstianthus,1
Homalanthus,23
Homalocalyx,11
Rosa,399
Potentilla,550
Geum,69
Macromeles,2
Rhaphiolepis,12
Agrimonia,23
Coluria,5
Fragaria,28
Filipendula,15
Drymocallis,27
Acaena,58
Dryas,15
Chamaerhodos,7
Dasiphora,11
Pyrus,80
Oemleria,1
Malus,49
Pyracantha,6
Sorbaria,4
Sibbaldia,13
Sibbaldianthe,7
Aronia,3
Sorbus,110
Comarum,1
Aruncus,4
Petrophytum,3
Sarcopoterium,1
Spenceria,1
Prinsepia,4
Waldsteinia,6
Eriobotrya,36
Lyonothamnus,1
Leucosidea,1
Argentina,71
Amelanchier,28
Cercocarpus,12
Sorbaronia,6
Sieversia,2
Neillia,16
Holodiscus,7
Polylepis,42
Chamaemespilus,1
Photinia,34
Aria,59
Vauquelinia,4
Aremonia,1
Chaenomeles,5
Micromeles,11
Malacomeles,5
Tetraglochin,6
Margyricarpus,4
Stylobasium,2
Purshia,7
Pleiosorbus,2
Eriolobus,2
Hagenia,1
Hesperomeles,11
Kageneckia,3
Pourthiaea,7
Sibiraea,4
Brachycaulos,1
Chamaebatia,2
Chamaebatiaria,1
Chamaemeles,1
Cliffortia,128
Coleogyne,1
Cormus,1
Dichotomanthes,1
Fallugia,1
Farinopsis,1
Bencomia,4
Marcetella,2
Margyracaena,1
Neviusia,2
Sorbocotoneaster,1
Spiraeanthus,1
Kerria,1
Amelasorbus,1
Adenostoma,2
Exochorda,2
Cydonia,1
Kelseya,1
Luetkea,1
Osteomeles,2
Peraphyllum,1
Physocarpus,7
Gillenia,2
Pseudocydonia,1
Rhodotypos,1
Lindleya,1
Stranvaesia,3
Potaninia,1
Guamatela,1
Pentactina,1
Alkekengi,1
Anisodus,4
Anthocercis,10
Anthotroche,3
Athenaea,14
Atropa,1
Atropanthe,1
Benthamiella,12
Bouchetia,3
Browallia,22
Brugmansia,10
Brunfelsia,49
Calibrachoa,29
Calliphysalis,1
Capsicophysalis,1
Capsicum,43
Cestrum,173
Chamaesaracha,12
Coeloneurum,1
Combera,2
Crenidium,1
Cuatresia,19
Cyphanthera,8
Datura,13
Deprea,52
Discopodium,2
Duboisia,4
Duckeodendron,1
Dunalia,4
Dyssochroma,3
Eriolarynx,4
Espadaea,1
Exodeconus,6
Fabiana,16
Goetzea,2
Grammosolen,4
Hawkesiophyton,3
Henoonia,1
Heteranthia,1
Hunzikeria,4
Hyoscyamus,17
Iochroma,30
Jaborosa,23
Jaltomata,72
Juanulloa,8
Latua,1
Leptoglossis,6
Leucophysalis,2
Lycianthes,138
Lycium,93
Mandragora,2
Markea,14
Melananthus,5
Mellissia,1
Merinthopodium,3
Metternichia,1
Nectouxia,1
Nicandra,3
Nicotiana,101
Nierembergia,20
Nolana,94
Nothocestrum,4
Oryctes,1
Pantacantha,1
Petunia,16
Physaliastrum,9
Physalis,84
Physochlaina,7
Plowmania,1
Protoschwenkia,1
Przewalskia,1
Quincula,1
Reyesia,4
Salpichroa,22
Salpiglossis,2
Saracha,5
Schizanthus,16
Schraderanthus,1
Schultesianthus,8
Schwenckia,20
Sclerophylax,12
Scopolia,2
Sessea,23
Solandra,10
Solanum,1249
Streptosolen,1
Symonanthus,2
Trianaea,3
Trozelia,2
Tsoala,1
Tubocapsicum,1
Tzeltalia,3
Vassobia,2
Vestia,1
Withania,9
Witheringia,19
Nanobubon,3
Itasina,1
Amphiblemma,15
Calypogeia,58
Styloceras,6
Ectropothecium,204
Argyrochosma,19
Neoholmgrenia,2
Saltugilia,3
Trischidium,5
Arthrostemma,5
Delwiensia,1
Physeterostemon,5
Castanospermum,1
Corethrodendron,5
Hanslia,1
Klackenbergia,2
Cerosora,4
Pseudoturritis,1
Cyphocarpa,1
Loxsoma,1
Cosentinia,1
Leskeadelphus,1
Sematophyllum,170
Rheopteris,1
Matonia,2
Polybotrya,39
Lateristachys,3
Leptoscyphus,49
Hemiarrhena,1
Pierranthus,1
Kashmiria,1
Octomeles,1
Neodistemon,1
Scorodocarpus,1
Solenostoma,142
Linnaeosicyos,1
Nothoceros,10
Fissidens,479
Heteroscyphus,109
Mannia,12
Chiloscyphus,30
Halimolobos,9
Mancoa,9
Ranzania,1
Pterocephalidium,1
Needhamiella,1
Craspedolobium,1
Macromitrium,288
Powelliopsis,4
Timokoponenia,1
Drepanocladus,19
Radula,239
Peristethium,18
Pusillanthus,2
Polytrichum,39
Pseudotritomaria,1
Schljakovia,1
Schljakovianthus,1
Lophoziopsis,7
Biantheridion,1
Heterogemma,2
Tortula,105
Jungermannia,52
Trigoniodendron,1
Halarchon,1
Lecanocarpus,1
Pseudosericocoma,1
Isgarum,1
Omphacomeria,1
Diplaziopsis,4
Ormopteris,5
Lampas,1
Papuanthes,1
Thaumasianthes,1
Tupeia,1
Stocksia,1
Vanasushava,1
Neoorthocaulis,4
Oleolophozia,1
Synoum,1
Sphalmium,1
Symphionema,1
Octoblepharum,17
Circulifolium,2
Neckeropsis,23
Taiwanobryum,9
Touwia,3
Frahmiella,1
Pinnatella,15
Myriocoleopsis,4
Neckera,39
Schistidium,151
Cololejeunea,420
Cordisepalum,2
Parapachygone,1
Pavieasia,3
Thysananthus,30
Cuspidatula,8
Syzygiella,37
Donrichardsia,4
Hedenaesia,2
Oxyrrhynchium,24
Rhynchostegium,142
Harmsiodoxa,3
Heldreichia,1
Irenepharsus,3
Lachnocapsa,1
Lyrocarpa,3
Microlepidium,2
Noccidium,2
Otocarpus,1
Physoptychis,2
Rytidocarpus,1
Spryginia,5
Thlaspiceras,11
Henophyton,2
Sarcodraba,4
Kotschyella,2
Kremeriella,1
Micrantha,1
Muricaria,1
Pterygostemon,1
Hemilophia,5
Pycnoplinthus,2
Phyllolepidum,2
Pseudosempervivum,3
Lepidostemon,6
Scambopus,1
Veselskya,1
Pachymitus,1
Petiniotia,1
Masmenia,1
Pseudocamelina,8
Camptochaete,13
Chaetomitrium,67
Phyllodon,13
Trichosteleum,116
Gymnomitrion,41
Entosthodon,96
Astrolepis,8
Peltariopsis,3
Sinapidendron,5
Rhodosphaera,1
Pseudiosma,1
Wijkia,44
Grimmia,108
Symplectochilus,2
Schuurmansiella,1
Indosinia,1
Hypselandra,1
Miyabea,4
Hallianthus,1
Rhinephyllum,12
Prepodesma,1
Indotristicha,1
Pohliella,2
Metarungia,1
Upuna,1
Vateriopsis,1
Fossombronia,99
Xantheranthemum,1
Muiriantha,1
Eupodium,4
Muellerolimon,1
Miqueliopuntia,1
Sigmatanthus,1
Calciphilopteris,4
Nothotalisia,3
Pamburus,1
Hellenocarum,3
Kafirnigania,1
Karnataka,1
Flatbergium,2
Ambuchanania,1
Indopottia,2
Guerramontesia,1
Schistochila,90
Pinda,2
Postiella,1
Scrithacola,1
Todaroa,1
Phlegmariurus,308
Weberbauerocereus,9
Philibertia,43
Lejeunea,407
Stenogrammitis,26
Sphaerotheciella,7
Barbellopsis,3
Orthostichopsis,14
Pireella,15
Porotrichum,44
Brymela,14
Callicostella,84
Cyclodictyon,83
Lepidopilum,53
Stenodictyon,4
Thamniopsis,25
Trachyxiphium,9
Homaliodendron,18
Lobatiriccardia,8
Gertrudiella,17
Pelekium,33
Dicranella,148
Coscinodon,12
Hypagophytum,1
Bazzania,256
Decalobanthus,18
Nephrophyllum,1
Neuropeltopsis,1
Remirema,1
Trungboa,1
Pylaisia,22
Riccardia,260
Shiuyinghua,1
Coulteria,11
Anogramma,3
Erythrophyllopsis,3
Boyania,2
Oncaglossum,1
Bellucia,22
Bucklandiella,66
Cheilolejeunea,180
Dendroceros,38
Leptolejeunea,53
Stylisma,6
Phaeomegaceros,7
Frullania,592
Plagiochila,627
Monochaetum,54
Ascogrammitis,18
Metzgeria,103
Ceratolejeunea,50
Harpalejeunea,27
Philonotis,141
Hainanecio,1
Forsstroemia,20
Leptodon,6
Exsertotheca,3
Alleniella,15
Thamnomalia,2
Echinodiopsis,2
Trismegistia,8
Stutzia,1
Inkaliabum,1
Brachythecium,155
Brachytheciastrum,15
Orthotrichum,112
Lindbergia,18
Dicranum,94
Ditrichopsis,5
Graffenrieda,66
Xerosicyos,6
Campylopus,184
Tina,19
Ornduffia,7
Leiocarpaea,1
Schrenkiella,1
Solms-laubachia,34
Mielichhoferia,53
Isoetes,238
Noveloa,2
Capuronia,1
Lamellocolea,2
Yunnanobryon,1
Dendroligotrichum,3
Colura,86
Lophozia,29
Pseudocrossidium,20
Kuerschneria,1
Symphyogyna,38
Alansmia,24
Ladakiella,1
Dimorphocladon,2
Pseudodraba,1
Salta,1
Magoniella,3
Hebecarpa,19
Rhinotropis,17
Smithicodonia,1
Loeseliastrum,4
Anisocampium,5
Phravenia,1
Sphagnum,289
Picobryum,1
Clevea,5
Falcataria,3
Cystocarpium,1
Phemeranthus,19
Colobodontium,2
Gollania,22
Roellobryon,1
Notothamia,1
Hymenostylium,16
Ulota,59
Toloxis,4
Syntrichia,100
Leitneria,2
Folioceros,19
Duma,3
Endogemma,1
Ancistrotropis,6
Cochliasanthus,1
Helicotropis,3
Leptospron,2
Sigmoidotropis,9
Euodia,7
Euptychium,7
Dermatophyllum,6
Allocephalus,1
Metalejeunea,3
Calyptrochaeta,28
Crossidium,14
Vesicularia,118
Microlejeunea,51
Trichocolea,12
Piptatheropsis,5
Nogopterium,3
Autana,1
Quechua,1
Mayariochloa,1
Lorenzia,1
Isocladiellopsis,2
Clastobryum,10
Trichanthecium,39
Herbertus,40
Breutelia,88
Onychium,12
Oloptum,2
Aulacomnium,6
Pedersenia,3
Weissia,83
Platydictya,5
Arboa,4
Mirandea,6
Psilanthele,1
Streblacanthus,3
Tabascina,1
Trichosanchezia,1
Tessmanniacanthus,1
Zygoruellia,1
Lasiocladus,4
Pericalypta,1
Podorungia,5
Pseudodicliptera,4
Mexacanthus,1
Ruelliopsis,1
Ruttya,6
Camarotea,1
Melittacanthus,1
Saintpauliopsis,1
Trichaulax,1
Vindasia,1
Ritonia,3
Leandriella,2
Sphacanthus,2
Populina,2
Pyxidanthera,2
Henonia,1
Lagrezia,9
Lithophila,1
Tidestromia,6
Telanthera,1
Sericocoma,3
Pleuropterantha,1
Neocentema,1
Sericocomopsis,2
Volkensinia,1
Irenella,1
Philoxerus,1
Lebetanthus,1
Oreanthes,7
Oxydendrum,1
Periclesia,1
Xylococcus,1
Ornithostaphylos,1
Zenobia,1
Polyclita,1
Utleya,1
Protorhus,3
Haplorhus,1
Schinopsis,7
Arapatiella,1
Brachycylix,1
Candolleodendron,1
Harpephyllum,1
Loxostylis,1
Laurophyllus,1
Smodingium,1
Heeria,1
Steinbachiella,1
Myracrodruon,2
Nothospondias,1
Malosma,1
Pegia,2
Pickeringia,1
Pityrocarpa,7
Brodriguesia,1
Harleyodendron,1
Bracteolaria,1
Glycyrrhizopsis,2
Colophospermum,1
Paramacrolobium,1
Leonardoxa,2
Tournaya,1
Parryella,1
Calliandropsis,1
Orphanodendron,2
Kanaloa,1
Tisonia,14
Tetrathylacium,2
Macrohasseltia,1
Pleuranthodendron,1
Neopringlea,2
Kiggelaria,1
Pseudoscolopia,1
Trimeria,2
Piparea,2
Peterodendron,1
Hecatostemon,1
Ophiobotrys,1
Streptothamnus,1
Whittonia,1
Lehmanniella,2
Obolaria,1
Tachiadenus,11
Ornichia,3
Zygostigma,1
Pterygocalyx,1
Latouchea,1
Megacodon,3
Veratrilla,2
Lomatogoniopsis,3
Purdieanthus,1
Rhynchotheca,1
Mitraria,1
Neomortonia,1
Reldia,6
Rufodorsia,4
Sarmienta,1
Titanotrichum,1
Proserpinaca,3
Parrotiopsis,1
Sinowilsonia,1
Sycopsis,2
Loropetalum,4
Rhodoleia,6
Mytilaria,1
Helictonema,1
Tridimeris,10
Ruizodendron,1
Pseudartabotrys,1
Toussaintia,4
Lettowianthus,1
Mkilua,1
Ophrypetalum,1
Phoenicanthus,2
Pholistoma,3
Tricardia,1
Oecopetalum,2
Platycarya,2
Orthopterygium,1
Podistera,4
Shoshonea,1
Tamamschjania,1
Klotzschia,3
Harbouria,1
Limnosciadium,1
Neoparrya,1
Oreonana,3
Perideridia,13
Polytaenia,3
Taenidia,2
Thaspium,4
Trepocarpus,1
Paraselinum,1
Mediasia,1
Pilopleura,2
Pterygopleurum,1
Tongoloa,18
Phlyctidocarpa,1
Marlothiella,1
Stenosemis,2
Choritaenia,1
Rhysopterus,1
Phellolophium,2
Crithmum,1
Ladyginia,3
Libanotis,3
Lipskya,1
Paraligusticum,1
Parasilaus,2
Schtschurowskia,2
Sphaenolobium,3
Spuriopimpinella,5
Stenocoelium,4
Lomatocarpa,4
Sphaerosciadium,1
Vvedenskya,1
Neogoezia,5
Pseudocarum,2
Rupiphila,1
Harrysmithia,2
Nothosmyrnium,2
Pachypleurum,2
Pterocyclus,5
Sinolimprichtia,1
Koeberlinia,2
Phyllostemonodaphne,1
Sassafras,3
Umbellularia,1
Hypodaphnis,1
Potoxylon,1
Parasassafras,1
Syndiclis,10
Paraia,1
Pholisma,3
Kissenia,2
Petalonyx,4
Schismocarpus,2
Peltanthera,1
Socratina,3
Septulina,2
Ligaria,2
Oncella,4
Spragueanella,2
Oedina,4
Oliverella,3
Pedistylis,1
Vanwykia,2
Pemphis,1
Woodfordia,2
Physocalymma,1
Lourtella,1
Koehneria,1
Mcvaughia,3
Ptilochaeta,3
Philgamia,4
Rhynchophora,2
Kydia,2
Phragmocarpidium,1
Horsfordia,4
Meximalva,2
Napaea,1
Urocarpidium,1
Helicteropsis,1
Modiolastrum,5
Krapovickasia,4
Tetrasida,4
Rhynchosida,2
Nemopanthus,2
Medusandra,2
Acanthella,3
Aciotis,17
Brachyotum,55
Bucquetia,3
Centradenia,5
Desmoscelis,2
Macairea,24
Nepsera,1
Opisthocentra,1
Pilocosta,5
Schwackaea,1
Triolena,27
Centradeniastrum,2
Centronia,6
Huberia,37
Pachyloma,4
Tessmannianthus,7
Bisglaziovia,1
Rousseauxia,13
Dionycha,3
Amphorocalyx,5
Monolena,16
Dicellandra,3
Dinophora,1
Guyonia,13
Heterotis,6
Preussiella,2
Spathandra,1
Votomita,10
Sandemania,1
Neblinanthera,1
Tateanthus,1
Phainantha,5
Dionychastrum,1
Comoliopsis,3
Allomaieta,10
Kirkbridea,2
Stanmarkia,2
Castratella,2
Barthea,1
Bredia,23
Cyphotheca,1
Plagiopetalum,3
Scorpiothyrsus,3
Styrophyton,1
Tigridiopalma,3
Soymida,1
Pseudobersama,1
Turraeanthus,3
Neobeguea,3
Malleastrum,25
Sarcolophium,1
Spirospermum,1
Strychnopsis,1
Orthogynium,1
Villarsia,3
Nephrophyllidium,1
Xymalos,1
Kibaropsis,1
Nemuaron,1
Laureliopsis,1
Maillardia,2
Mesogyne,1
Oftia,3
Haematodendron,1
Monoporus,6
Platyspermation,1
Nyctaginia,1
Commicarpus,1
Neeopsis,1
Pisoniella,2
Reichenbachia,1
Victoria,3
Krukoviella,1
Rhytidanthera,2
Tetrastylidium,2
Malania,1
Maburea,1
Hauya,1
Phacellanthus,1
Xylanche,1
Hunnemannia,2
Platystemon,1
Romneya,2
Platystigma,1
Mitostemma,3
Schlechterina,1
Viridivia,1
Holubia,1
Pentaphylax,1
Phaulothamnus,1
Saruma,1
Popoviolimon,1
Plumbagella,1
Vassilczenkoa,1
Diectomis,1
Psammophiliella,2
Langloisia,2
Oxytheca,3
Piaranthus,9
Tridentea,8
Hollisteria,1
Lastarriaea,2
Mucronea,2
Nemacaulis,1
Polygonella,11
Pterostegia,1
Delopyrum,1
Pteropyrum,2
Systenotheca,1
Millspaughia,1
Pherotrichis,4
Rojasia,1
Schistonema,1
Scyphostelma,40
Jasminanthes,6
Kerbera,1
Leichhardtia,87
Parapodium,3
Pervillaea,4
Petalostelma,11
Rhyssolobium,1
Sisyranthus,14
Stenostelma,6
Woodia,3
Zygostelma,1
Ptycanthera,19
Micholitzia,1
Oncinema,1
Luckhoffia,1
Stigmatorhynchus,2
Secamonopsis,2
Stapelianthus,7
Wattakaka,2
Hemidesmus,1
Sacleuxia,2
Sarcorrhiza,1
Lavrania,4
Notechidnopsis,1
Miraglossum,7
Myriopteron,1
Neopaxia,1
Lenzia,1
Talinella,12
Stimpsonia,2
Pomatosace,1
Oreocallis,1
Paranomus,18
Orothamnus,1
Spatalla,20
Malagasia,1
Sleumerodendron,1
Acrostichum,6
Acystopteris,3
Azolla,6
Glaphyropteridopsis,11
Helminthostachys,1
Phanerosorus,2
Phegopteris,6
Pleurosoriopsis,1
Pteridium,5
Lonchitis,2
Actiniopteris,5
Stenochlaena,6
Trachypteris,4
Vittaria,7
Ampelopteris,1
Huperzia,81
Lophosoria,2
Marattia,6
Ananthacorus,1
Hecistopteris,3
Hemidictyum,1
Hemionitis,49
Hypoderris,3
Matteuccia,2
Niphidium,11
Polystichopsis,8
Aspidotis,4
Sphenomeris,3
Bommeria,5
Cochlidium,17
Psilotum,3
Myriopteris,45
Pseudathyrium,1
Struthiopteris,3
Anchistea,1
Todea,2
Cyclosorus,3
Cyclodium,13
Diphasiastrum,26
Lycopodiella,16
Thyrsopteris,1
Maxonia,1
Pterozonium,14
Loxsomopsis,1
Culcita,2
Cheiloplecton,1
Llavea,1
Osmundastrum,1
Scoliosorus,1
Parapolystichum,30
Onocleopsis,1
Olfersia,4
Gleichenella,1
Palhinhaea,27
Pentagramma,6
Dictymia,2
Oreopteris,3
Teratophyllum,13
Salpichlaena,4
Calochlaena,5
Tmesipteris,17
Lecanopteris,24
Thylacopteris,3
Pseudolycopodiella,17
Cystodium,1
Monachosorum,6
Botrypus,1
Enterosora,28
Diphasium,4
Steiropteris,28
Menisorus,5
Terpsichore,16
Austrolycopodium,7
Trichoneuron,1
Brainea,1
Pteridrys,22
Rhachidosorus,8
Phylloglossum,1
Lycopodiastrum,1
Pseudodiphasium,1
Parahemionitis,1
Blechnidium,1
Diploblechnum,6
Lomaphlebia,1
Hemitomes,1
Monotropsis,1
Pityopus,1
Pterospora,1
Sarcodes,1
Thacla,1
Hydrastis,1
Xanthorhiza,1
Leucocoma,2
Kingdonia,1
Metanemone,1
Semiaquilegia,4
Urophysa,2
Noltea,1
Rhynchocalyx,1
Trevoa,4
Macarisia,7
Kandelia,2
Bruguieria,1
Poga,1
Neuradopsis,2
Xerospiraea,1
Leptothyrsa,1
Metrodorea,6
Toxosiphon,4
Phyllosma,2
Macrostylis,10
Pitavia,1
Pentaceras,1
Sheilanthera,1
Orixa,1
Nestronia,1
Pyrularia,2
Rhoiacarpos,1
Nanodea,1
Jodina,1
Osyridicarpos,1
Magonia,1
Schleichera,1
Lophostigma,2
Pentascyphus,1
Porocystis,2
Scyphonychium,1
Tripterodendron,1
Ungnadia,1
Pseudima,2
Hippobromus,1
Pseudopteris,3
Plagioscyphus,10
Macphersonia,6
Omalocarpus,1
Tsingya,1
Stadmania,6
Xanthoceras,1
Otonephelium,1
Handeliodendron,1
Suksdorfia,3
Jamesia,2
Jepsonia,3
Leptarrhena,1
Lepuropetalon,1
Telesonix,2
Whipplea,1
Tanakaea,1
Saxifragodes,1
Tribeles,1
Valdivia,1
Mitellastra,1
Pectiantia,1
Ozomelis,3
Mukdenia,1
Oresitrophe,1
Macranthera,1
Orthocarpus,11
Schwalbea,1
Teedia,2
Keckiella,7
Mimetanthe,1
Mohavea,2
Neogaerrhinum,2
Peliostomum,6
Hemimeris,4
Phygelius,2
Ixianthes,1
Sutera,7
Tetraselago,4
Hyobanche,8
Pseudorontium,1
Howelliella,1
Mabrya,6
Holmgrenanthe,1
Tetraspidium,1
Uroskinnera,4
Leucosalpa,3
Nathaliella,1
Pennellianthus,1
Tozzia,2
Omphalotrix,1
Triphysaria,6
Micrargeriella,1
Scrofella,1
Hemiphragma,1
Lancea,2
Mimulicalyx,2
Monochasma,4
Phtheirospermum,1
Pterygiella,10
Rehmannia,7
Solmsia,2
Recchia,4
Perriera,2
Scybalium,4
Ombrophytum,7
Mystropetalon,1
Sarcophyte,2
Rhopalocnemis,1
Strasburgeria,1
Melliodendron,1
Parastyrax,1
Sinojackia,7
Hydrocera,1
Pelliciera,2
Sladenia,2
Votschia,1
Stephanodaphne,9
Struthiola,31
Lachnaea,40
Ovidia,2
Kelleria,11
Stellera,1
Restella,1
Neotessmannia,1
Vasivaea,2
Pseudocorchorus,6
Humbertiodendron,1
Pteroceltis,1
Hemiptelea,1
Hesperocnide,2
Neraudia,5
Touchardia,2
Triplostegia,1
Noisettia,1
Yua,2
Salvertia,1
Takhtajania,1
Pintoa,1
Porlieria,5
Metharme,1
Plectrocarpa,6
Vancouveria,3
Jeffersonia,1
Plagiorhegma,1
Acaulon,22
Allioniellopsis,1
Andoa,1
Andreaea,87
Barbula,103
Bryoerythrophyllum,31
Bryum,261
Cygnicollum,1
Dendrocryphaea,8
Didymodon,87
Eccremidium,6
Eobruchia,2
Ephemerum,29
Hygrohypnum,7
Hypnum,62
Kindbergia,8
Leucoperichaetium,1
Muscoherzogia,1
Nematocladia,1
Pictus,1
Plagiothecium,70
Pleuridium,28
Pogonatum,57
Pohlia,115
Pottia,10
Pyrrhobryum,9
Rhizomnium,15
Syrrhopodon,114
Trachyloma,7
Orthoamblystegium,1
Plagiomnium,32
Polytrichastrum,10
Streptocalypta,4
Zelometeorium,5
Zygodon,82
Wijkiella,1
Amphidium,11
Ancistrodes,1
Warnstorfia,4
Aloinella,6
Achrophyllum,8
Acroporium,64
Aloina,17
Andreaeobryum,1
Anomodon,7
Aptychella,21
Archidium,36
Astomiopsis,6
Atrichum,18
Barbella,15
Brachymenium,81
Bruchia,20
Bryobrittonia,1
Taxiphyllum,26
Taxitheliella,1
Taxithelium,57
Daltonia,30
Dawsonia,10
Dendroalsia,1
Dendro-hypnum,9
Dendropogonella,1
Palamocladium,5
Palisadula,2
Paludella,1
Papillaria,43
Abietinella,1
Acanthorrhynchium,7
Acidodontium,15
Acrocladium,3
Actinodontium,6
Actinothuidium,1
Adelothecium,1
Aerobryidium,5
Aerobryopsis,18
Aerobryum,2
Aligrimmia,1
Alophosia,1
Amblystegium,13
Amblytropis,2
Anacamptodon,13
Anacolia,4
Tayloria,49
Tetraphidopsis,1
Tetraphis,2
Tetraplodon,7
Tetrapterum,8
Tetrastichium,2
Tetrodontium,3
Thamnium,1
Thamnobryum,27
Thelia,3
Thuidiopsis,4
Thuidium,55
Thysanomitrion,1
Timmia,8
Timmiella,11
Tomentypnum,4
Tortella,49
Parisia,3
Pentastichella,2
Penzigiella,1
Phascum,5
Philophyllum,1
Anisothecium,5
Anoectangium,35
Anomobryum,45
Phyllogonium,3
Physcomitrellopsis,1
Physcomitrium,64
Piloecium,1
Pilopogon,8
Pilosium,1
Pilotrichella,10
Pilotrichidium,2
Pilotrichopsis,3
Plagiobryum,10
Plagiotheciopsis,1
Bartramia,57
Calymperes,47
Calyptothecium,26
Jonesiobryum,4
Trachycarpidium,5
Trachycystis,3
Trachyphyllum,7
Trachypodopsis,5
Trachypus,5
Bartramidula,1
Bartramiopsis,1
Bellibarbula,2
Bescherellia,1
Bestia,1
Bissetia,1
Blindia,20
Boulaya,1
Brachelyma,1
Brachydontium,9
Brachysteleum,1
Braithwaitea,1
Braunfelsia,7
Braunia,23
Brothera,1
Brotherella,22
Brotherobryum,4
Bryhnia,2
Bryobrothera,2
Bryomanginia,1
Bryotestua,2
Bryoxiphium,4
Trachythecium,9
Trematodon,77
Trichodon,2
Desmotheca,2
Dialytrichia,2
Diaphanodon,2
Dichelodontium,1
Dichelyma,5
Dichodontium,6
Dicnemon,13
Dicranodontium,12
Dicranoloma,71
Dicranoweisia,4
Pleurochaete,3
Pleurophascum,3
Pleuroziopsis,1
Pleurozium,2
Polymerodon,1
Polytrichadelphus,12
Trichostomum,79
Tridontium,4
Tripterocladium,1
Triquetrella,8
Tristichium,4
Tuerckheimia,3
Ulea,3
Uleobryum,3
Venturiella,8
Vesiculariopsis,1
Voitia,2
Warburgiella,20
Wardia,1
Webera,4
Weisiopsis,6
Weymouthia,3
Wilsoniella,10
Hypodontium,2
Hypopterygium,12
Isodrepanium,2
Isopterygium,137
Plasteurhynchium,2
Platygyrium,5
Platyhypnum,9
Platylomella,1
Leskea,25
Leskeella,2
Leskeodon,19
Lescuraea,19
Leucobryum,80
Leucodon,33
Rhaphidostegium,14
Rhaphidostichum,22
Rhexophyllum,1
Rhizofabronia,2
Rhizogonium,7
Rhizohypnella,2
Rhodobryum,19
Rhynchostegiella,37
Dimerodontium,3
Diphyscium,17
Diploneuron,2
Discelium,1
Distichium,10
Distichophyllidium,5
Distichophyllum,93
Dolichomitra,1
Dolichomitriopsis,5
Dozya,1
Drepanium,1
Drummondia,6
Duthiella,5
Echinodium,3
Ectropotheciella,2
Ectropotheciopsis,1
Elmeriobryum,3
Elodium,1
Encalypta,41
Entodon,108
Entodontella,1
Entodontopsis,16
Entosthymenium,1
Ephemeropsis,2
Epipterygium,18
Eriopus,5
Erpodium,2
Erythrodontium,9
Eucamptodon,1
Eucamptodontopsis,5
Eucladium,1
Eumyurium,1
Eurhynchiella,1
Eurhynchium,24
Isothecium,9
Jaegerina,9
Jaffueliobryum,5
Juratzkaea,4
Kiaeria,4
Kleioweisiopsis,1
Leiodontium,4
Leiomela,13
Leiomitrium,1
Lembophyllum,2
Lepidopilidium,11
Leptobarbula,1
Leptobryum,1
Leptocladiella,3
Leptocladium,1
Leptodictyum,3
Leptodontium,33
Leptohymenium,9
Leptoischyrodon,1
Leptopterigynandrum,10
Leptostomum,9
Leptotheca,2
Leptotrichella,48
Lepyrodon,6
Lepyrodontopsis,1
Leratia,5
Callicosta,20
Cheilothela,2
Chionostomum,4
Cnestrum,3
Conardia,1
Crosbya,2
Mahua,1
Endotrichellopsis,1
Eoleucodon,1
Funaria,52
Garovaglia,20
Globulinella,3
Groutiella,9
Haplocladium,19
Helicodontium,20
Heterocladium,7
Holomitrium,49
Hydrogonium,26
Hyophila,40
Iwatsukiella,1
Juratzkaeella,1
Leptodontiella,1
Leucomium,4
Macrodictyum,3
Meiotheciopsis,1
Meiothecium,25
Meteoridium,2
Meteorium,22
Mittenothamnium,77
Mitthyridium,15
Fabronia,62
Moseniella,2
Neomacounia,1
Neorutenbergia,1
Oedicladium,8
Oligotrichum,17
Pseudoditrichum,1
Pseudohygrohypnum,16
Pterobryopsis,31
Ptychomitrium,42
Renauldia,8
Rhynchostegiopsis,5
Rozea,6
Sarmentypnum,6
Sasaokaea,1
Schoenobryum,8
Schwetschkeopsis,4
Sebillea,1
Seligeria,15
Viridivellus,1
Atrichopsis,16
Goniomitrium,3
Holomitriopsis,1
Homalothecium,18
Hookeriopsis,12
Hymenostyliella,2
Macrocoma,9
Scleropodium,6
Steyermarkiella,1
Trichostomopsis,8
Powellia,1
Pringleella,3
Prionodon,6
Pseudephemerum,1
Pseudisothecium,8
Pseudobraunia,1
Pseudohypnella,1
Pseudoleskea,13
Pseudoleskeella,9
Pseudoleskeopsis,12
Pseudopleuropus,3
Pseudopohlia,2
Pseudopterobryum,2
Pseudoscleropodium,1
Pseudospiridentopsis,1
Pseudostereodon,1
Psilopilum,4
Pterigynandrum,2
Pterobryella,5
Pterobryidium,1
Pterobryon,6
Pterogonidium,2
Pterogoniopsis,2
Pterygoneurum,10
Pterygophyllum,3
Ptilium,1
Ptychomitriopsis,2
Ptychomnion,4
Ptychostomum,60
Pylaisiadelpha,9
Pylaisiobryum,1
Pyramidula,1
Racomitrium,5
Racopilum,44
Rauiella,6
Regmatodon,3
Reimersia,2
Remyella,6
Rhabdodontium,1
Rhabdoweisia,4
Rhachitheciopsis,1
Rhachithecium,4
Rhacocarpus,7
Rhacopilopsis,2
Rhamphidium,14
Rhaphidorrhynchium,42
Funariophyscomitrella,5
Gammiella,3
Garckea,5
Geheebia,11
Gigaspermum,2
Glossadelphus,16
Glyphomitrium,12
Glyphothecium,1
Goniobryum,1
Gymnostomiella,4
Gymnostomum,18
Gyroweisia,7
Habrodon,2
Hageniella,4
Hampeella,3
Haplodontium,25
Haplohymenium,5
Hedwigia,12
Hedwigidium,1
Helicoblepharum,4
Helicophyllum,1
Helodium,2
Hemiragis,1
Hennediella,16
Herpetineuron,1
Rhytidiadelphus,5
Rhytidiopsis,1
Rhytidium,1
Rigodium,6
Rutenbergia,6
Saelania,1
Sanionia,5
Sauloma,2
Scabridens,1
Schimperella,2
Schistomitrium,5
Schizymenium,52
Schliephackea,2
Schlotheimia,94
Schraderella,2
Schroeterella,3
Schwetschkea,14
Sciadocladus,2
Sciuroleskea,2
Sclerodontium,3
Scopelophila,3
Scorpidium,3
Scorpiurium,5
Scouleria,6
Macrothamniella,3
Macrothamnium,4
Mandoniella,1
Mastopoma,11
Meesia,7
Merceyopsis,2
Merrilliobryum,2
Mesochaete,2
Mesotus,1
Meteoriella,1
Meteoriopsis,9
Buxbaumia,11
Callicostellopsis,1
Calliergon,6
Calliergonella,3
Calohypnum,7
Calomnion,9
Camptodontium,1
Camptothecium,2
Campylium,12
Campylophyllum,2
Campylopodium,4
Leucolepis,1
Leucoloma,106
Campylostelium,5
Catagoniopsis,1
Catagonium,5
Catharomnion,1
Catoscopium,1
Ceratodon,5
Chaetomitriopsis,1
Chamaebryum,1
Chionoloma,23
Chorisodontium,9
Chrysoblastella,1
Chrysocladium,1
Chryso-hypnum,10
Cinclidium,6
Cinclidotus,12
Cirriphyllum,7
Cladastomum,2
Cladomnion,1
Cladomniopsis,1
Cladophascum,1
Cladopodanthus,3
Claopodium,12
Clasmatodon,1
Clastobryophilum,2
Climacium,4
Codonoblepharon,7
Codriophorus,10
Conomitrium,1
Conostomum,8
Coscinodontella,1
Cratoneuron,2
Cratoneuropsis,2
Crepidophyllum,1
Crossomitrium,10
Cryphaea,32
Cryphaeophilum,1
Cryphidium,1
Cryptodicranum,1
Cryptoleptodon,2
Cryptopodium,1
Ctenidiadelphus,1
Ctenidium,24
Cyathophorum,5
Cyathothecium,1
Cynodontium,32
Cyptodon,4
Cyrtomnium,2
Cyrtopus,1
Flabellidium,1
Fleischerobryum,2
Floribundaria,12
Fontinalis,17
Foreauella,1
Leucophanes,14
Limbella,3
Lindigia,1
Loeskeobryum,2
Loeskypnum,2
Lopidium,3
Lorentziella,1
Lyellia,4
Macrohymenium,3
Arctoa,9
Bryoandersonia,1
Bryoceuthospora,2
Amblyodon,1
Homaliadelphus,2
Neohypnella,1
Pleuriditrichum,1
Homomallium,12
Hookeria,12
Husnotiella,11
Hydrocryphaea,1
Hydropogon,1
Hydropogonella,1
Hygroamblystegium,4
Hygrodicranum,1
Hylocomiastrum,3
Hylocomiopsis,2
Hylocomium,1
Hymenodon,8
Hymenodontopsis,4
Hymenoloma,17
Hymenolomopsis,1
Hymenostomum,7
Hyocomium,1
Hypnella,7
Hypnodendron,7
Microbryum,15
Microctenidium,2
Micromitrium,7
Microthamnium,5
Microtheciella,1
Serpoleskea,2
Skottsbergia,1
Solmsiella,2
Sorapilla,2
Sphaerothecium,3
Cardotiella,6
Fabronidium,1
Macgregorella,1
Mesonodon,2
Myurium,5
Noguchiodendron,1
Orthomnion,8
Orthothecium,13
Phascopsis,1
Plagiopus,2
Pseudocryphaea,1
Splachnobryum,11
Stoneobryum,2
Strombulidens,1
Hypnodontopsis,3
Acritodon,1
Leskeodontopsis,1
Splachnum,11
Fauriella,5
Levierella,2
Crumia,1
Mitrobryum,1
Pseudobryum,2
Perssonia,1
Herzogiella,7
Isopterygiopsis,2
Steppomitra,1
Phyllodrepanium,1
Mniobryoides,1
Bryonoguchia,1
Pachyneuropsis,2
Orthodicranum,6
Itatiella,6
Steereobryon,1
Callicladium,3
Stereodontopsis,2
Neodolichomitra,1
Ischyrodon,1
Symphysodon,10
Symphyodon,23
Metadistichophyllum,1
Rigodiadelphus,2
Bryowijkia,2
Neosharpiella,2
Mittenia,1
Mniobryum,8
Mniodendron,7
Mniomalia,2
Mnium,12
Molendoa,10
Muellerobryum,1
Myrinia,2
Myurella,3
Myuroclada,2
Nanomitriella,1
Nanomitriopsis,1
Nanothecium,1
Neobarbella,1
Neolindbergia,7
Ochrobryum,7
Oedipodiella,1
Oedipodium,1
Okamuraea,5
Oncophorus,3
Oreas,1
Orontobryum,2
Orthodontium,9
Orthorrhynchidium,1
Orthorrhynchium,2
Orthostichidium,7
Osculatia,1
Osterwaldiella,1
Spiridens,9
Spiridentopsis,1
Squamidium,8
Stegonia,2
Stenocarpidiopsis,1
Stenocarpidium,1
Stenodesmus,1
Stenotheciopsis,1
Stereodon,9
Stereophyllum,13
Streblotrichum,3
Streptotrichum,1
Struckia,2
Symblepharis,13
Symphysodontella,12
Synthetodontium,3
Syringothecium,2
Antitrichia,2
Aongstroemia,14
Aongstroemiopsis,1
Aplodon,1
Aptychopsis,11
Arthrocormus,1
Aschisma,3
Astomum,3
Atractylocarpus,10
Aulacopilum,2
Austinia,1
Baldwiniella,1
Eustichia,2
Exodictyon,3
Heterophyllium,9
Hildebrandtiella,4
Himantocladium,5
Hollia,2
Homalia,6
Homalotheciella,3
Paraleucobryum,3
Neomeesia,1
Luisierella,1
Schistostega,1
Indusiella,2
Campylopodiella,5
Caribaeohypnum,1
Curviramea,1
Koponenia,1
Hondaella,2
Irelandia,1
Podperaea,1
Exostratum,4
Platygyriella,6
Bryobeckettia,1
Loiseaubryum,1
Orthothuidium,1
Calymperastrum,1
Cryptogonium,4
Metaneckera,1
Schimperobryum,1
Trachyodontium,1
Cygniella,1
Elharveya,1
Vittia,4
Pulchrinodus,1
Donnellia,11
Serpotortella,2
Taxiphyllopsis,1
Dolotortula,1
Chenia,5
Ganguleea,1
Hilpertia,2
Stonea,1
Bryocrumia,3
Micralsopsis,1
Funariella,1
Microcampylopus,3
Flowersia,4
Henicodium,1
Handeliobryum,1
Pseudotaxiphyllum,9
Hamatocaulis,2
Bryosedgwickia,1
Palustriella,3
Neonoguchia,1
Bryolawtonia,1
Papillidiopsis,12
Takakia,2
Acrobolbus,36
Anastrepta,1
Anastrophyllum,18
Aneura,54
Anthelia,2
Anthoceros,68
Apotreubia,2
Arnellia,1
Ascidiota,1
Asterella,52
Mizutania,1
Gradsteinia,1
Barbilophozia,5
Orthocaulis,2
Blasia,1
Blepharostoma,9
Calycularia,2
Caudalejeunea,13
Cephalozia,36
Cephaloziella,91
Chonecolea,6
Conocephalum,5
Corsinia,1
Cryptomitrium,3
Cylindrocolea,19
Diplophyllum,24
Douinia,3
Drepanolejeunea,125
Dumortiera,1
Geocalyx,4
Geothallus,1
Gymnocolea,1
Gyrothyra,1
Haplomitrium,7
Harpanthus,3
Hygrobiella,3
Riccia,258
Kurzia,47
Lepidozia,138
Lophocolea,129
Lunularia,1
Lopholejeunea,45
Perdusenia,1
Phaeoceros,35
Pallavicinia,15
Fifea,1
Fallaciella,2
Stolonivector,6
Inouethuidium,1
Marchantia,51
Marsupella,38
Chameleion,3
Mastigophora,12
Mesoptychia,18
Moerckia,2
Mylia,4
Nardia,21
Neurolejeunea,4
Notothylas,26
Nowellia,11
Scapania,107
Sphaerocarpos,11
Porella,87
Tritomaria,5
Odontoschisma,23
Pedinophyllum,4
Pellia,9
Peltolepis,1
Petalophyllum,5
Plagiochasma,18
Pleurozia,12
Prasanthus,2
Pseudolepicolea,7
Ptilidium,4
Ricciocarpos,1
Riella,29
Sauteria,6
Sphenolobopsis,1
Telaranea,32
Targionia,8
Bryonorrisia,1
Sclerohypnum,1
Caduciella,1
Bryostreimannia,1
Chileobryon,1
Pendulothecium,3
Puiggariopsis,1
Nobregaea,1
Crumuscus,1
Beeveria,1
Aerolindigia,1
Isocladiella,2
Ozobryum,2
Acanthocoleus,9
Fulfordianthus,2
Monoclea,2
Cryptopapillaria,5
Arctoscyphus,2
Nyholmiella,2
Lethocolea,5
Adelanthus,11
Gongylanthus,11
Isotachis,30
Neesioscyphus,6
Stephaniella,5
Acrolejeunea,22
Anoplolejeunea,1
Blepharolejeunea,5
Brachiolejeunea,7
Bryopteris,4
Dicranolejeunea,3
Diplasiolejeunea,68
Frullanoides,7
Lepidolejeunea,16
Marchesinia,8
Odontolejeunea,3
Schiffneriolejeunea,14
Stictolejeunea,3
Symbiezidium,4
Lepicolea,10
Archilejeunea,12
Cyclolejeunea,10
Prionolejeunea,26
Rectolejeunea,8
Lindigianthus,1
Exormotheca,10
Cyathodium,14
Straminergon,1
Curvicladium,1
Reboulia,1
Radulina,6
Tetracoscinodon,1
Mironia,4
Plaubelia,6
Micropterygium,20
Tisserantiella,2
Neodicladiella,3
Pseudotrachypus,7
Sinskea,2
Trachycladiella,2
Holodontium,1
Schistochilopsis,8
Makinoa,1
Austrofossombronia,1
Andrewsianthus,20
Tetralophozia,6
Jackiella,8
Schiffneria,1
Orthostichella,9
Ceuthotheca,1
Vitalianthus,5
Bromeliophila,2
Macrocolura,1
Chaetophyllopsis,1
Herzogianthus,2
Gackstroemia,9
Trichocoleopsis,1
Cryptocolea,1
Hyophiladelphus,1
Schisma,2
Trichodontium,1
Balantiopsis,18
Cephalomitrion,1
Gymnocoleopsis,2
Acromastigum,48
Acrostolia,1
Megaceros,11
Gottschelia,3
Aitchisoniella,1
Acroscyphella,3
Tuyamaella,6
Spruceanthus,17
Alobiellopsis,5
Chaetocolea,1
Allorgella,9
Clasmatocolea,21
Leiomitra,16
Jubula,5
Treubia,7
Mnioloma,14
Eocalypogeia,2
Pararhacocarpus,1
Pycnolejeunea,24
Noteroclada,2
Schusterolejeunea,2
Acrolophozia,3
Greeneothallus,1
Paracromastigum,17
Hyalolepidozia,1
Mytilopsis,1
Metacalypogeia,2
Rosulabryum,50
Athalamia,3
Diplocolea,1
Gerhildiella,1
Poeltia,1
Delavayella,1
Xenochila,1
Ptychanthus,3
Monocarpus,1
Wiesnerella,1
Dendrocyathophorum,1
Canalohypopterygium,1
Temnoma,11
Cleistocarpidium,2
Hebantia,1
Nothogymnomitrion,1
Chiastocaulon,19
Zoopsis,13
Siphonolejeunea,18
Zanderia,1
Bragginsella,1
Southbya,5
Hattoriolejeunea,1
Hygrolembidium,8
Jensenia,7
Brevianthus,2
Stephaniellidium,1
Symphyogynopsis,1
Luteolejeunea,1
Steereella,2
Leiosporoceros,1
Dendromastigophora,1
Protosyzygiella,1
Otolejeunea,2
Pseudolophocolea,1
Psiloclada,1
Hepatostolonophora,4
Herzogiaria,1
Lembidium,3
Herzogobryum,4
Lepidogyna,2
Isolembidium,1
Sphenolobus,3
Liochlaena,3
Vandiemenia,1
Sandeothallus,2
Dactylophorella,1
Plagiochilion,1
Seppeltia,1
Oxymitra,2
Notoscyphus,1
Calatholejeunea,2
Aphanolejeunea,2
Clandarium,3
Nothostrepta,2
Kymatolejeunea,1
Pedinophyllopsis,1
Platyneuron,1
Pottiopsis,2
Meiotheciella,1
Pictolejeunea,6
Matteria,2
Sehnemobryum,1
Timotimius,1
Cyptodontopsis,1
Paramomitrion,1
Isophyllaria,2
Chandonanthus,1
Zoopsidella,7
Xenothallus,1
Pseudochorisodontium,6
Brachytheciella,1
Unclejackia,2
Verdoornia,1
Neophoenix,1
Triandrophyllum,6
Kymatocalyx,4
Mesoceros,2
Trabacellula,1
Saitobryum,2
Lepidolaena,7
Nipponolejeunea,2
Neotrichocolea,1
Isopaches,4
Echinophyllum,1
Cephaloziopsis,1
Pseudocephalozia,6
Haesselia,2
Taxilejeunea,40
Plagiochilidium,1
Vanaea,1
Neohodgsonia,1
Enigmella,1
Phaeolejeunea,4
Cephalojonesia,1
Pisanoa,1
Leucolejeunea,1
Ruizanthus,1
Allisoniella,5
Koponobryum,2
Dendrolembidium,2
Xylolejeunea,5
Saccogyna,5
Conoscyphus,2
Bryochenea,1
Indothuidium,1
Cronisia,2
Vetaforma,1
Grollea,1
Blepharidophyllum,2
Evansianthus,1
Saccogynidium,9
Eremonotus,1
Monocryphaea,1
Denotarisia,1
Neohattoria,1
Monosolenium,1
Dendrohypopterygium,1
Cryptocoleopsis,1
Tuzibeanthus,1
Wettsteinia,4
Cavicularia,1
Goebelobryum,3
Hattoria,1
Pseudotrismegistia,2
Hattorianthus,1
Eotrichocolea,3
Crossocalyx,2
Saccobasis,1
Protolophozia,16
Plectocolea,3
Obtusifolium,1
Amphicephalozia,3
Nemoursia,1
Neogrollea,1
Podomitrium,3
Hymenophyton,3
Plicanthus,4
Haplolejeunea,4
Drucella,1
Cephalolejeunea,1
Verdoornianthus,2
Pseudocephaloziella,1
Leptoscyphopsis,1
Platycaulis,1
Arbusculohypopterygium,1
Tetracymbaliella,4
Goebeliella,3
Megalembidium,1
Archeophylla,3
Leptophyllopsis,1
Austrolophozia,3
Trichotemnoma,1
Mastigobryum,23
Mastigopelma,5
Echinolejeunea,1
Eurhynchiastrum,2
Eurhynchiadelphus,1
Sciuro-hypnum,24
Neolepidozia,31
Valdonia,1
Capillolejeunea,2
Benitotania,1
Ptychocoleus,1
Pseudomarsupidium,4
Pteropsiella,2
Diobelonella,2
Niphotrichum,8
Dacryophyllum,1
Eoisotachis,2
Hygrohypnella,3
Pterogoniadelphus,2
Dixonia,1
Fuscocephaloziopsis,19
Amazoopsis,3
Ptychomniella,1
Pachyglossa,10
Imbribryum,20
Kingiolejeunea,1
Leptostomopsis,5
Plagiobryoides,7
Leiolejeunea,1
Pilosimitra,1
Phymatoceros,3
Gemmabryum,30
Ochiobryum,2
Shevockia,1
Trilophozia,1
Paraphymatoceros,5
Meinungeria,1
Touwiodendron,1
Pseudopiloecium,1
Castanoclobos,1
Ludorugbya,1
Dinckleria,3
Algaria,2
Hylocomiadelphus,1
Hamatostrepta,1
Costesia,1
Pseudocampylium,1
Pseudoamblystegium,1
Sainthelenia,1
Looseria,1
Austrohondaella,1
Hedenasiastrum,1
Microeurhynchium,1
Pseudorhynchostegiella,1
Acaulonopsis,2
Vrolijkheidia,1
Callichlamys,1
Newbouldia,1
Patinoa,4
Septotheca,1
Harpagonella,2
Nesocaryum,1
Selkirkia,5
Psilotrichopsis,1
Nogalia,1
Pterocereus,1
Stenosolenium,1
Ixorhea,1
Sinojohnstonia,4
Omphalotrigonotis,2
Microcaryum,1
Lasiocaryum,3
Thyrocarpus,2
Nerisyrenia,9
Notothlaspi,3
Leavenworthia,8
Macropodium,2
Oreophyton,1
Streptoloma,2
Synthlipsis,2
Thelypodiopsis,7
Trachystoma,1
Warea,4
Stanleya,7
Xerodraba,5
Iodanthus,1
Phoenicaulis,1
Polyctenium,1
Orychophragmus,7
Lachnoloma,1
Leiospora,8
Megadenia,3
Octoceras,1
Pachyneurum,1
Pseudovesicaria,1
Rhammatophyllum,7
Sisymbriopsis,4
Iskandera,1
Takhtajaniella,1
Horwoodia,1
Parryodes,1
Pugionium,3
Synstemon,1
Simmondsia,1
Yinshania,5
Rhabdothamnopsis,1
Dicranostyles,15
Evolvulus,108
Nanocnide,4
Tetracentron,1
Kudoacanthus,1
Krasnovia,1
Maripa,22
Poliothyrsis,1
Physodium,2
Rusbya,1
Kentrothamnus,1
Orchiserapias,1
Herminorchis,1
Habropetalum,1
Triphyophyllum,1
Sphaerocardamum,4
Indofevillea,2
Schizopepon,8
Pseudolycopodium,1
Nerophila,8
Cailliella,1
Monimopetalum,1
Paragymnopteris,6
Lecanthus,4
Sarcochlamys,1
Whytockia,10
Psilopeganum,1
Metapetrocosmea,12
Silvianthus,2
Lardizabala,1
Pteroxygonum,1
Sinofranchetia,1
Rhoiptelea,1
Mesopteris,6
Raputiarana,2
Hesperidanthus,5
Petroravenia,1
Pentarhizidium,2
Harfordia,1
Stussenia,1
Pseudomelasma,1
Pycnophyllum,22
Monrosia,1
Nitrophila,3
Taraxia,4
Dipteropeltis,3
Sieversandreas,1
Tapiscia,2
Radiovittaria,10
Paleodicraeia,1
Parodiodoxa,1
Phlebolobium,1
Trichotolinum,1
Paramyristica,1
Peltocalathos,1
Rosifax,1
Saniculiphyllum,1
Thylacospermum,2
Tinomiscium,1
Sairocarpus,10
Tripterocalyx,1
Microsechium,4
Morkillia,2
Monteiroa,11
Oreocomopsis,3
Meeboldia,4
Plagiopteron,1
Regnellidium,1
Sanrafaelia,1
Trichodrymonia,29
Stilbanthus,1
Sinocrassula,9
Saxifragopsis,1
Jarilla,3
Raphanorhyncha,1
Neowerdermannia,2
Moquiniella,1
Presliophytum,5
Parapteropyrum,1
Trichocereus,6
Pangium,1
Sclerocactus,24
Hylocarpa,1
Pseudosmodingium,5
Abrahamia,34
Xylonagra,1
Dicraurus,1
Ornithocarpa,2
Tetrataxis,1
Rhamnoneuron,1
Barnebydendron,1
Neomezia,1
Lembocarpus,1
Pentacyphus,3
Hydrogaster,1
Maurandella,1
Neobaclea,1
Vailia,22
Odonellia,2
Pseudocannaboides,1
Tana,1
Lathrophytum,1
Scoliaxon,1
Mallophyton,1
Loricalepis,2
Lithobium,1
Ochthephilus,1
Notiosciadium,1
Oligocladus,1
Rhoogeton,2
Appendicularia,3
Aniseia,4
Schreiteria,1
Maguireanthus,1
Tryssophyton,2
Tetrameles,1
Merianthera,7
Pheidonocarpa,1
Polaskia,2
Podosorus,1
Phlebotaenia,1
Pediocactus,9
Monocyclanthus,1
Xyropteris,1
Hoverdenia,1
Verrucularina,2
Micromonolepis,1
Senyumia,2
Cardiochlamys,2
Pringlea,1
Lagetta,3
Linodendron,4
Platypterocarpus,1
Lagenantha,1
Odontitella,1
Euchilopsis,1
Lethedon,15
Physorhynchus,2
Thilachium,14
Lenbrassia,1
Peripterygia,1
Kungia,2
Stromatopteris,1
Matucana,18
Sericodes,1
Ramisia,1
Macrotorus,2
Neohenricia,2
Nayariophyton,1
Pycnoplinthopsis,1
Ianhedgea,1
Normandiodendron,1
Tricomaria,1
Tetraulacium,1
Silviella,2
Orthosphenia,1
Warscewiczella,1
Malacocarpus,1
Senra,1
Spraguea,1
Parakeelya,2
Madagasikaria,1
Pachycormus,1
Parablechnum,73
Rimacactus,1
Hockinia,1
Toronia,1
Schizocarpum,10
Megacorax,1
Paysonia,8
Polydictyum,4
Hemifuchsia,1
Pleiomeris,1
Urogentias,1
Lampadaria,1
Hybanthopsis,1
Luisma,1
Megatritheca,2
Heteroflorum,1
Petesiodes,1
Xylopodia,2
Tropidococcus,1
Sidotheca,3
Johanneshowellia,2
Ixanthus,1
Kochia,9
Trichuriella,1
Maraniona,1
Pedaliodiscus,1
Achimenantha,1
Mandirola,3
Heppiantha,1
Koellikohleria,1
Pseudoselago,28
Neobalanocarpus,1
Lauridia,2
Shangrilaia,1
Schenkia,6
Pharnaceum,25
Pleurospermopsis,2
Trichocephalus,1
Iridosma,1
Leptostachya,1
Kendrickia,1
Perrierosedum,1
Korupodendron,1
Catanthera,19
Neorites,1
Jedda,1
Pontechium,1
Parasicyos,2
Nomopyle,2
Sphaerorrhiza,4
Thysanostemon,2
Guianodendron,1
Vismianthus,2
Yanomamua,1
Amelichloa,5
Johnstonalia,1
Mariosousa,14
Macrothumia,1
Dendrolycopodium,5
Spinulum,2
Halocharis,4
Halanthium,2
Hammada,3
Knorringia,1
Scyphellandra,1
Lepyrodiclis,3
Linostoma,4
Tetrapteron,2
Distemma,1
Shuaria,1
Chrismatopteris,1
Yavia,1
Sinobaijiania,1
Tripodion,1
Kuhlmanniodendron,2
Dracoglossum,2
Sinopora,1
Roraimaea,2
Hesperonia,1
Streptosiphon,1
Argyrella,8
Astripomoea,12
Ichtyoselmis,1
Akschindlium,1
Kadenicarpus,3
Ladeania,2
Myrtillocactus,4
Pelecyphora,20
Strombocactus,1
Oroya,2
Mila,1
Neoraimondia,2
Rauhocereus,1
Lasiocereus,2
Stetsonia,1
Nyctocereus,1
Obregonia,1
Jasminocereus,1
Homalocephala,3
Leuchtenbergia,1
Isolatocereus,1
Morangaya,1
Setchellanthus,1
Roridula,2
Heptacodium,1
Wilhelmsia,1
Microphyes,3
Scopulophila,2
Stipulicida,2
Krauseola,2
Philippiella,1
Reicheella,1
Bolbosaponaria,6
Polycardia,4
Ptelidium,2
Salvadoropsis,1
Torralbasia,1
Pseudosalacia,1
Paxistima,2
Plenckia,3
Polpoda,2
Suessenguthiella,1
Hypertelis,1
Tribulocarpus,2
Hymenogyne,2
Jacobsenia,2
Jensenobotrya,1
Juttadinteria,5
Machairophyllum,4
Monilaria,5
Mossia,1
Namaquanthus,1
Namibia,2
Nelia,2
Oophytum,2
Ottosonderia,1
Ruschianthus,1
Saphesia,1
Schlechteranthus,15
Skiatophytum,3
Smicrostigma,1
Sphalmanthus,1
Stayneria,1
Stomatium,38
Titanopsis,3
Vanzijlia,1
Wooleya,1
Sarcozona,2
Monolepis,2
Sarcobatus,2
Manochlamys,1
Zuckia,1
Suckleya,1
Rhagodia,9
Ceratoides,1
Halotis,1
Horaninovia,2
Microgynoecium,1
Panderia,1
Physandra,1
Sympegma,1
Holmbergia,1
Scleroblitum,1
Roycea,3
Malacocera,4
Neobassia,2
Threlkeldia,2
Osteocarpum,5
Tecticornia,2
Stelligera,1
Sclerochlamys,1
Sclerostegia,2
Pachycornia,1
Haploclathra,4
Tovomitopsis,2
Cressa,4
Lysiostyles,1
Tetralocularia,1
Falkia,3
Petrogenia,1
Itzaea,1
Humbertia,1
Lepistemonopsis,1
Rapona,1
Xenostegia,6
Poranopsis,3
Hewittia,2
Torricellia,2
Penthorum,2
Meterostachys,1
Pachyveria,1
Peponopsis,1
Tecunumania,1
Trochomeriopsis,1
Ampelosycios,2
Lemurosicyos,1
Sechiopsis,5
Sicyosperma,1
Sicyocaulis,1
Halosicyos,1
Platylophus,1
Linderniella,16
Lowryanthus,1
Puffia,1
Melanoxerus,4
Kewa,8
Huberantha,34
Afrohybanthus,15
Paracarphalea,3
Oldeania,7
Sokinochloa,7
Bengt-jonsellia,2
Exallosperma,1
Helictosperma,2
Pseudocoptosperma,1
Tulearia,2
Perkinsiodendron,1
Jailoloa,1
Lanonia,19
Manjekia,1
Sabinaria,1
Wallaceodoxa,1
Idimanthus,1
Cyclobotrya,2
Yanoella,1
Monsanima,2
Cephalantholejeunea,1
Parianella,2
Lesia,2
Brasilianthus,1
Oedochloa,8
Lapidia,1
Staminodianthus,3
Cambajuva,1
Homalolepis,28
Brittonodoxa,5
Microcalpe,1
Alatococcus,1
Callianthe,50
Stigmatodon,31
Parasenegalia,11
Paubrasilia,1
Cantinoa,26
Condea,29
Microdesmia,2
Gaulettia,9
Gradyana,1
Caamembeca,13
Gymnospora,2
Moquiniastrum,20
Rugoloa,3
Pombalia,39
Carajasia,1
Keraunea,5
Rostranthera,1
Physominthe,2
Tryonia,5
Oocephalus,20
Lytoneuron,17
Medusantha,8
Leptohyptis,5
Martianthus,4
Distimake,52
Daustinia,1
Cyanocephalus,27
Eplingiella,3
Gymneia,7
White-sloanea,1
Cirsio-carduus,6
Richtersveldia,1
Trisetokoeleria,1
Ocyroe,1
Davilanthus,7
Stipellula,2
Galactodenia,5
Disakisperma,4
Trigonochloa,2
Villarrealia,1
Veldkampia,1
Gaga,19
Brachypus,1
Benstonea,61
Lithotoma,3
Mycopteris,18
Dupontiopsis,1
Micrachne,5
Fenestratarum,2
Galantharum,1
Andersonglossum,3
Adelinia,1
Austrochthamalia,3
Cochlezella,1
Diphyllocalyx,6
Isidroa,1
Limadendron,2
Afroscirpoides,1
Electranthera,1
Gelrebia,8
Pruskortizia,2
Cristobalia,4
Parapimpinella,1
Terraria,1
Afropectinariella,5
Kupeantha,5
Wimmeranthus,1
Pratochloa,1
Topea,2
Thinoelymus,4
Cabreraea,1
Haroldia,1
Katinasia,1
Sampera,6
Sidneya,1
Ananthura,1
Dinghoua,1
Neobrachyactis,4
Dracoscirpoides,3
Neotinacamptis,4
Neotinarhiza,1
Koordersiochloa,2
Afroqueta,1
Tiedemannia,2
Sinocurculigo,1
Ototropis,8
Diceratotheca,1
Hesperotropsis,3
Neoguarea,1
Schaueriopsis,1
Thaumatococcus,2
Exostigma,2
Ortizacalia,1
Rhizomatophora,1
Haloselinum,1
Didymogonyx,2
Amoana,2
Tomostima,6
Scapiarabis,4
Sinoarabis,1
Calliscirpus,2
Caputia,4
Crassothonna,13
Tribounia,2
Zyzyura,1
Notogrammitis,12
Somrania,3
Nianhochloa,1
Mangenotiella,1
Streptoechites,1
Danxiaorchis,3
Limahlania,1
Utania,12
Aloidendron,6
Aloiampelos,7
Pleradenophora,5
Verdesmum,1
Zhengyia,1
Dimetia,10
Archigrammitis,7
Vesper,6
Cartrema,4
Kalinia,1
Trisetopsis,25
Pseudolachnostoma,8
Rhytidostemma,2
Annamocalamus,1
Wilczekra,2
Yosemitea,1
Bergbambos,1
Sinoswertia,1
Coenoemersa,3
Gymnaconitum,1
Pleioluma,40
Afroaster,18
Cochinchinochloa,1
Christopheria,1
Pagothyra,1
Pachycaulos,2
Siculosciadium,1
Tschulaktavia,1
Karrabina,2
Annea,2
Gabonius,1
Nanooravia,1
Shangwua,1
Oreojuncus,2
Heteroblemma,15
Aimara,1
Morronea,6
Pilbara,1
Apowollastonia,2
Acunniana,1
Quadribractea,1
Indocypraea,1
Lipoblepharis,2
Hesperocodon,1
Yariguianthus,1
Kumara,2
Haworthiopsis,34
Tulista,4
Aakia,1
Osvaldoa,1
Greuteria,2
Billolivia,17
Tridentopsis,2
Kuepferia,14
Sinogentiana,2
Hsenhsua,1
Echinocodon,1
Vuralia,1
Memoremea,1
Nihon,5
Nekemias,8
Kuruna,7
Telmatoblechnum,2
Famatinanthus,1
Aristaloe,1
Gonialoe,4
Ballantinia,1
Kieslingia,1
Quipuanthus,1
Zuloagocardamum,1
Parameconopsis,1
Sinalliaria,2
Chrysojasminum,10
Rivasmartinezia,2
Shehbazia,1
Calyptrion,4
Sirdavidia,1
Oberholzeria,1
Glabrella,4
Chamaecallis,1
Paralasianthus,4
Pseudocodon,8
Atacama,1
Debia,5
Involucrella,3
Woodianthus,1
Morilloa,4
Modesciadium,1
Schoenoselinum,1
Haydenoxylon,3
Pseudobartsia,1
Wandersong,2
Haymondia,1
Toxicopueraria,2
Marcus-kochia,4
Arquita,5
Adenochloa,13
Lacomucinaea,1
Jaffrea,2
Chayamaritia,4
Decalepidanthus,9
Alshehbazia,3
Codonorhiza,7
Schizorhiza,1
Ditrichanthus,1
Latace,2
Stapvalia,1
Johoralia,1
Kellochloa,2
Cuprella,2
Resetnikia,1
Chaloupkaea,8
Beruladium,1
Rhodoscirpus,1
Hijmania,4
Hydrodiscus,1
Karima,1
Pochota,1
Ixchelia,2
Pseudoziziphus,2
Friedrichkarlmeyeria,1
Ihsanalshehbazia,1
Desmophlebium,2
Orianthera,13
Adelphacme,1
Kipandiorchis,2
Irenodendron,3
Metapilea,1
Middletonia,5
Bidoupia,2
Himalacodon,1
Pankycodon,1
Neomuretia,2
Gitara,1
Yersinochloa,1
Wangia,2
Austroblechnum,36
Hererolandia,1
Cleistoblechnum,1
Cranfillia,23
Hultholia,1
Icarus,1
Lomaridium,16
Lomariocycas,17
Neoblechnum,1
Oceaniopteris,8
Lomanthus,1
Taeniopetalum,3
Silphiodaucus,2
Antrophyopsis,4
Draconopteris,1
Malaifilix,1
Perakalia,1
Borneocola,8
Damburneya,25
Barfussia,5
Gregbrownia,4
Lemeltonia,7
Pseudalcantarea,3
Goudaea,2
Jagrantia,1
Lutheria,4
Zizkaea,1
Nothoschkuhria,1
Sanjappa,2
Sillaphyton,1
Anemotrochus,3
Greenwoodiella,3
Anzhengxia,1
Metashangrilaia,1
Rudolf-kamelinia,1
Ridsdalea,31
Singaporandia,1
Turanecio,1
Neobartsia,47
Orthacanthus,1
Triplasiella,1
Tripogonella,3
Zaqiqah,1
Reidmorania,1
Ruhooglandia,1
Widjajachloa,1
Normantha,1
Iberodes,5
Szovitsia,1
Sleumeria,1
Hymenopus,27
Leptobalanus,31
Equilabium,42
Nothodissotis,2
Champluviera,2
Kenyacanthus,1
Cordillera,1
Parinariopsis,1
Oreoseris,4
Haploesthes,3
Afrosolen,15
Lewinskya,75
Alseodaphnopsis,11
Cheniella,14
Grausa,6
Harashuteria,1
Loranthella,1
Ochradiscus,2
Pinnasa,7
Pseudoheterocaryum,4
Vinogradovia,1
Wuacanthus,1
Astartoseris,1
Taimingasa,2
Japonicalia,2
Gastoniella,3
Talamancaster,1
Hovenkampia,3
Fluminaria,1
Ripariosida,1
Sohmaea,7
Tateishia,3
Wuodendron,1
Afroamphica,1
Bouffordia,1
Desmodiopsis,1
Grona,50
Huangtcia,2
Lachesiodendron,1
Lysakia,1
Mummenhoffia,2
Meiocarpidium,1
Oxytes,4
Pseudosenegalia,2
Polyalthiopsis,3
Orchigymnadenia,1
Camonea,4
Astrolista,1
Waltillia,2
Austronea,9
Aquarius,26
Bambuseria,2
Forzzaea,7
Gonimara,1
Hooveria,2
Hoplocryptanthus,9
Kylicanthe,6
Oceana,1
Opilionanthe,2
Pendusalpinx,7
Rokautskyia,14
Strongyleria,4
Epiamomum,6
Lanxangia,8
Meistera,42
Sulettaria,15
Sundamomum,15
Trisetopsotrichon,1
Adolphoduckea,1
Gravendeelia,1
Karpatiosorbus,85
Motleyothamnus,1
Paramollugo,1
Pseudodictamnus,13
Tibisia,3
Torminalis,1
Tzveleviochloa,4
Galiasperula,1
Sorbomeles,2
Anaheterotis,1
Bridsonia,1
Coutareopsis,3
Dissotidendron,11
Eleuthranthes,1
Foonchewia,1
Hedlundia,48
Hsuehochloa,1
Kanapia,2
Majovskya,5
Normeyera,9
Ramonadoxa,1
Schizotechium,4
Stellamaris,1
Tainus,1
Tromlyca,1
Causonis,20
Trompettia,1
Cerenocereus,1
Polascontria,1
Cremnocereus,1
Kimnachia,1
Kroenleinia,1
Leucostele,13
Leuenbergeria,8
Reicheocactus,2
Xiquexique,6
Aizoanthemopsis,1
Drosanthemopsis,4
Lapidaria,1
Lemonanthemum,1
Malotigena,1
Phyllobolus,1
Roosia,2
Darcyanthus,1
Chenopodiastrum,2
Astroworthia,1
Austrocallerya,3
Ctenodon,65
Daprainia,1
Ibatiria,1
Kanburia,2
Kartalinia,1
Nanhaia,2
Pedleya,1
Polhillides,1
Puhuaea,2
Pullenia,1
Serawaia,1
Sigmoidala,1
Sunhangia,6
Wisteriopsis,5
Oreomecon,71
Lychnophorella,11
Bribria,3
Incadendron,1
Mespilodaphne,9
Vadensea,4
Pseudalbizzia,17
Cyclocarpa,1
Laburnocytisus,1
Betencourtia,8
Cerradicola,16
Caetangil,2
Maekawaea,3
Mantiqueira,1
Nanogalactia,3
Ohashia,1
Thyrsocalamus,1
Alniaria,7
Aquilula,1
Bakoaella,2
Bathysanthus,1
Bidayuha,1
Burttianthus,9
Canthiumera,4
Centenaria,1
Chamaedendron,5
Dibridsonia,3
Dunnaria,1
Gosong,1
Griffitharia,19
Hera,1
Hiya,4
Hysterobaeckea,11
Jamaicanthus,1
Kiewia,3
Kindia,1
Lebbiea,1
Leoheo,1
Nabalu,1
Naiadia,1
Pendressia,1
Pseudocayratia,6
Pseudogalium,1
Pursegloveia,7
Rachunia,1
Roessleria,5
Rupertiella,1
Sanrobertia,1
Scandosorbus,2
Schmidiella,1
Tapanhuacanga,11
Tawaia,1
Thomsonaria,26
Toga,6
Vesta,1
Xylacanthus,1
Xyroschoenus,1
Yamazakia,2
Jamesoniella,1
Rivulariella,1
Rudolgaea,2
Schizophyllopsis,5
Vietnamiella,1
Zantenia,4
Alobiella,1
Anastrophyllopsis,3
Lophonardia,3
Phycolepidozia,2
Konstantinovia,2
Macrodiplophyllum,2
Protochilopsis,1
Pseudoisotachis,1
Asperifolia,3
Protoharpanthus,1
Ceramanus,7
Monodactylopsis,1
Odontoseries,1
Protocephalozia,1
Tricholepidozia,22
Cryptolophocolea,35
Deceptifrons,1
Otoscyphus,1
Pigafettoa,1
Ramudaria,1
Xenocephalozia,1
Cryptoplagiochila,1
Sinomylia,1
Aphanotropis,1
Crossotolejeunea,1
Cumulolejeunea,1
Dibrachiella,9
Eulejeunea,3
Gaolejeunea,2
Gradsteinianthus,1
Hygrolejeunea,6
Leptocolea,1
Mastigolejeunea,1
Mohamedia,2
Otigoniolejeunea,4
Reinerantha,1
Soella,2
Strepsilejeunea,8
Thiersianthus,1
Thysanolejeunea,1
Trachylejeunea,5
Afroriccardia,1
Allisonia,1
Sewardiella,1
Phyllothallia,2
Pseudomoerckia,1
Prionothallus,1
Apopellia,3
Fimbraria,2
Hypenantron,2
Sandea,1
Austroriella,1
Eosphagnum,1
Delongia,3
Afoninia,1
Physcomitriopsis,1
Flexitrichum,2
Dilutineuron,5
Frisvollia,1
Blindiadelphus,7
Neodicranella,1
Brideliella,3
Notocynodontium,1
Ripariella,1
Tricherpodium,1
Phantomia,1
Anaschisma,4
Austrobarbula,2
Barbulastrum,1
Bulbibarbula,1
Eobryum,1
Gymnobarbula,1
Helicobarbula,1
Oxystegus,1
Pachylomidium,2
Pararhexophyllum,1
Syntrichiadelphus,1
Vinealobryum,9
Zanderella,1
Atlantichella,1
Australoria,2
Plenogemma,1
Pulvigera,4
Rehubryum,1
Glyphotheciopsis,1
Ombronesus,1
Limnohypnum,1
Arvernella,3
Campylophyllopsis,10
Kandaea,1
Larrainia,1
Microamblystegium,1
Microhypnum,1
Ignatovia,1
Koponeniella,3
Oticodium,1
Pseudokindbergia,1
Aquilonium,2
Buckia,1
Calliergonellopsis,1
Roaldia,1
Filibryum,3
Karstia,1
Rheoshevockia,1
Isopterygiella,2
Ortholimnobium,2
Rectithecium,1
Redfearnia,2
Jochenia,2
Bonnosukea,1
Clastobryellina,4
Microgammiella,1
Notohypnum,2
Orientobryum,2
Trochophyllohypnum,1
Yakushimabryum,3
Billbuckia,1
Jirivanaea,5
Pseudocryptogonium,1
Austrothamnium,2
Bryobuckia,7
Dannorrisia,1
Enrothia,1
Indoneckera,1
Kanagambigai,1
Longiella,2
Neckeromnion,5
Pengchengwua,1
Planicladium,2
Pseudanomodon,2
Pseudoparaphysanthus,6
Taiwanobryopsis,1
Afrothamnium,1
Deslooveria,5
Pinnatidendron,1
Scabrellifolium,2
Pseudomalia,1
Heterocladiella,2
Dolichomitriadelphus,1
Isotheciastrum,1
Margrethypnum,1
Mawenzhangia,1
Anomodontella,1
Anomodontopsis,1
Nanomarsupella,1
Alonialoe,1
Aristeria,4
Cattlianthe,1
Eriosella,1
Gastonialoe,5
Acrospelion,2
Aloestrela,1
Andesanthus,9
Anthelepis,4
Aulonemiella,2
Baja,1
Barkworthia,1
Bosmania,3
Brasilochloa,1
Catimbaua,1
Guzlandsia,1
Osmunasium,1
Phlebosia,1
Senecurio,1
Afrocayratia,7
Agrostula,1
Almedanthus,1
Alpagrostis,4
Amsinckiopsis,1
Apetalanthe,1
Arctohyalopoa,4
Caa,1
Capirona,1
Cardiagyris,10
Chaochienchangia,1
Chengiodendron,3
Cnidochloa,1
Cordiofontis,5
Cubanicula,1
Cymbilabia,3
Cynanchica,74
Dolichocarpa,5
Dryades,5
Eleotis,4
Ephedrides,1
Feliciotis,12
Geothamnus,1
Griersonia,3
Hafotra,1
Helania,1
Helodeaster,3
Hexaphylla,12
Hyalopodium,2
Iteroloba,1
Khoonmengia,1
Kitamuria,1
Kuloa,3
Landerolaria,10
Laobambos,1
Lapaea,5
Linealia,1
Lintersemina,1
Lipschitzia,1
Mcdadea,1
Metamyriactis,6
Michaelmoelleria,1
Mixtecalia,1
Muellerolaria,2
Neobrochoneura,3
Neolaria,3
Neotrinia,2
Nephroia,3
Papuahoya,3
Paranotis,4
Phaseolaster,3
Pseudaraeococcus,7
Pupulinia,1
Pyrotis,1
Ramaliella,7
Ravenochloa,1
Rosettea,21
Rouxopteris,3
Sahashia,1
Sahulia,1
Simpsonanthus,1
Sinobouffordia,2
Sinosasa,7
Sinoseris,3
Sinosidus,8
Tchihatchewia,1
Thliphthisa,22
Thuniopsis,1
Tibetiodes,26
Tiganophyton,1
Vicinia,2
Walsholaria,4
Weda,2
Winitia,1
Wollemiaster,1
Yildirimlia,1
Yonglingia,2
Yunkia,2
Goydirola,1
Achilleanthus,7
Adeia,2
Adiaphila,1
Aenigmanu,1
Allobriquetia,3
Anachoretes,1
Apatelantha,5
Asimitellaria,11
Asynthema,1
Austrobaeckea,8
Aymoreana,1
Berberocarum,1
Bopopia,1
Brewerimitella,2
Bruceholstia,1
Buchozia,1
Capsulea,1
Cephalopanax,2
Chicomendes,1
Cryptangium,1
Frodinia,2
Glicophyllum,28
Grypothrix,15
Hoiokula,2
Hylaeaicum,12
Iljinskaea,1
Komaroviopsis,1
Krenakia,10
Leucocera,7
Lihengia,2
Marcanodendron,1
Mengzia,1
Menisciopsis,7
Muscosomorphe,1
Paganuccia,1
Pakau,1
Parainvolucrella,1
Pelazoneuron,19
Puchiumazus,1
Rayenia,1
Reholttumia,29
Scleroschoenus,6
Spongotrichum,2
Spuriomitella,1
Strophocaulon,2
Talayotea,2
Tarennella,5
Tongpeia,3
Villosocallerya,1
Catanellia,1
Holcosia,2
Benna,1
Caucasoseris,1
Diadorimia,1
Doselia,4
Gongreos,4
Gongronemopsis,9
Huchimingia,5
Hurkaea,2
Krenakanthus,1
Mahechadendron,1
Meiosperma,6
Orthocryptanthus,3
Paradalzellia,1
Pogonospermum,34
Pulvinatusia,1
Robrichia,3
Siqueiranthus,1
Vavara,1
Chryselium,1
Ctenobryum,1
Dvorakia,2
Ephemeropteris,3
Espinhassoa,2
Greeneochloa,3
Isabelcristinia,1
Karawata,7
Laegaardia,1
Laosia,1
Laserocarpum,1
Oxossia,15
Pamphalea,10
Paramochloa,2
Parrisia,2
Pectinopitys,6
Phippsiomeles,5
Pibiria,1
Pridgeonia,1
Pseudoeriocoma,6
Ptilagrostiella,1
Seychellea,1
Sibirotrisetum,6
Tangshuia,1
Taquara,2
Thepparatia,1
Thorneochloa,1
Zahora,1
Zulustylis,2
Paralysimachia,1
Atrostemma,10
Chloropetalum,5
Orinoquia,2
Peruviasclepias,1
Riparoampelos,1
Rotundanthus,1
Suberogerens,1
Vulcanoa,1
Paratinospora,2
Brargentina,1
Ticanto,10
Anonychium,1
Mezcala,1
Gwilymia,7
Naiadendron,1
Marlimorimia,6
Gretheria,2
Ricoa,1
Heliodendron,3
Boliviadendron,1
Osodendron,3
Gilruthia,1
Toxacanthus,2
Tuberostyles,1
Castenedia,1
Gyrosphragma,2
Shrirangia,1
Boycea,1
Shomalia,2
Umbraria,2
Mineirella,5
Shaolinchiana,1
Myanmaranthus,1
Balmea,1
Apseudathyrium,1
Osmunimunda,2
Glaphyrocyclosorus,1
Englerarum,1
Shivparvatia,10
Eriotrix,2
Jongkindia,1
Balladonia,2
Notisia,1
Pictarena,1
Mcneillia,7
Sitobolium,5
Mucura,2
Vietnamocasia,1
Osteophloeum,1
Ammothryon,1
Boldrinia,1
Condilorachia,3
Schoenefeldiella,1
Calotheca,1
Thyridia,1
Gadoria,1
Calligrammitis,2
Devolia,1
Glabrigrammitis,4
Microstelma,3
Maguirellaria,2
Cladoradula,7
Dactyloradula,1
Asterellopsis,2
Jankuceraea,1
Abacopterella,1
Weizhia,1
Neohopea,1
Rubroshorea,71
Pranceacanthus,1
Aphanosperma,1
Bryomyces,2
Colobogynium,1
Calasterella,1
Rhizogemma,1
Ruficaulis,2
Dicranellopsis,2
Bryopalisotia,1
Calcidicranella,4
Protoaongstroemia,1
Tainoa,5
Chamodenia,1
Tsaiodendron,1
Mojiangia,1
Truongsonia,1
Cataracta,1
Josefia,1
Aenigmatogrammitis,2
Boonkerdia,3
Grammitastrum,1
Howeogrammitis,1
Nanogrammitis,7
Oxygrammitis,2
Rouhania,7
Thalassogrammitis,1
Aporodisocactus,3
Diphalocereus,1
Opulea,3
Seleniporocactus,1
Isillocactus,1
Borzivia,1
Borzicana,1
Cleistocana,1
Tumultivenia,1
Uniostium,1
Gypsophiloides,1
Langbiangia,3
Oreocomoides,1
Christelliopsis,1
Delgadoana,1
Meveampelos,2
Hesperostellaria,1
Torreyostellaria,1
Reniostellaria,1
Allocheilos,1
Vivaria,1
Wilsonaria,1
Pyraria,1
Cabari,4
Kahakuloa,1
Tylimanthus,1
Protocalypogeia,1
Aureomacromitrium,1
Pseudomacromitrium,7
Qineryangia,1
Chlorohiptage,1
Mamedea,6
Asterochaete,9
Daucosma,1
Chamaesciadium,1
Lukea,2
Adetogramma,1
Claytosmunda,1
Lorinseria,1
Chichimecactus,1
Chrinephrium,3
Kanjilalia,2
Srilankanthus,1
Netrostylis,2
Grievea,2
Jennata,7
Loricobbia,6
Afropapaver,1
Pseudarachniodes,1
Acirostrum,1
Palmatiboea,11
Hequnia,1
Douiniella,1
Metacephalozia,1
Phragmidiolum,2
Neoptychophyllum,1
Ingopsis,1
Pseudocojoba,1
Prosa,1
Balkana,1
Engellaria,1
Rabelera,2
Yazdana,1
Augustea,4
Minuartiella,7
Himgiria,1
Petroana,2
Hartmaniella,2
Nubelaria,3
Mexicania,2
Limonia,1
