"binominal","rates","alpha","sigma.sq","theta","expected_mean","expected_var","tip_state","is_cd","trait"
"Rudbeckia_hirta",0.00144219356824324,0.172868238996021,0.0811966955215729,-1.05922434558759,-1.05922434558759,0.234855054248867,"AM",TRUE,"logRD"
"Ratibida_pinnata",0.00144219356824324,0.172868238996021,0.0811966955215729,-1.05922434558759,-1.05922434558759,0.234855054248867,"AM",TRUE,"logRD"
"Heliopsis_helianthoides",0.000278739128544427,0.172868238996021,0.0812020276083795,-1.35938633420833,-1.34842612277913,0.234876025007539,"NM",TRUE,"logRD"
"Liatris_aspera",0.00144219356824324,0.172868238996021,0.0811966955215729,-1.05922434558759,-1.05922434558759,0.234855054248867,"AM",TRUE,"logRD"
"Arnica_sororia",0.00144219356824324,0.172868238996021,0.0811966955215729,-1.05922434558759,-1.05922434558759,0.234855054248867,"AM",TRUE,"logRD"
"Arnica_fulgens",0.00144219356824324,0.172868238996021,0.0811966955215729,-1.05922434558759,-1.05922434558759,0.234855054248867,"AM",TRUE,"logRD"
"Hymenoxys_richardsonii",0.00108560690150181,0.172868238996021,0.0811772438006209,-1.19006929695294,-1.14533811680829,0.234794041792432,"NMAM",TRUE,"logRD"
"Helianthus_agrestis",0.00144219356824324,0.172868238996021,0.0811966955215729,-1.05922434558759,-1.05922434558759,0.234855054248867,"AM",TRUE,"logRD"
"Helianthus_grosseserratus",0.00144219356824324,0.172868238996021,0.0811966955215729,-1.05922434558759,-1.05922434558759,0.234855054248867,"AM",TRUE,"logRD"
"Helianthus_giganteus",0.00144219356824324,0.172868238996021,0.0811966955215729,-1.05922434558759,-1.05922434558759,0.234855054248867,"AM",TRUE,"logRD"
"Helianthus_maximiliani",0.00144219356824324,0.172868238996021,0.0811966955215729,-1.05922434558759,-1.05922434558759,0.234855054248867,"AM",TRUE,"logRD"
"Helianthus_verticillatus",0.00144219356824324,0.172868238996021,0.0811966955215729,-1.05922434558759,-1.05922434558759,0.234855054248867,"AM",TRUE,"logRD"
"Helianthus_salicifolius",0.00144219356824324,0.172868238996021,0.0811966955215729,-1.05922434558759,-1.05922434558759,0.234855054248867,"AM",TRUE,"logRD"
"Pappobolus_microphyllus",0.00144219356824324,0.172868238996021,0.0811966955215729,-1.05922434558759,-1.05922434558759,0.234855054248867,"AM",TRUE,"logRD"
"Helianthus_occidentalis",0.00144219356824324,0.172868238996021,0.0811966955215729,-1.05922434558759,-1.05922434558759,0.234855054248867,"AM",TRUE,"logRD"
"Helianthus_mollis",0.00144219356824324,0.172868238996021,0.0811966955215729,-1.05922434558759,-1.05922434558759,0.234855054248867,"AM",TRUE,"logRD"
"Helianthus_silphioides",0.00144219356824324,0.172868238996021,0.0811966955215729,-1.05922434558759,-1.05922434558759,0.234855054248867,"AM",TRUE,"logRD"
"Helianthus_atrorubens",0.00144219356824324,0.172868238996021,0.0811966955215729,-1.05922434558759,-1.05922434558759,0.234855054248867,"AM",TRUE,"logRD"
"Helianthus_longifolius",0.00144219356824324,0.172868238996021,0.0811966955215729,-1.05922434558759,-1.05922434558759,0.234855054248867,"AM",TRUE,"logRD"
"Helianthus_angustifolius",0.00144219356824324,0.172868238996021,0.0811966955215729,-1.05922434558759,-1.05922434558759,0.234855054248867,"AM",TRUE,"logRD"
"Helianthus_floridanus",0.00144219356824324,0.172868238996021,0.0811966955215729,-1.05922434558759,-1.05922434558759,0.234855054248867,"AM",TRUE,"logRD"
"Helianthus_petiolaris",0.00144219356824324,0.172868238996021,0.0811966955215729,-1.05922434558759,-1.05922434558759,0.234855054248867,"AM",TRUE,"logRD"
"Helianthus_neglectus",0.00144219356824324,0.172868238996021,0.0811966955215729,-1.05922434558759,-1.05922434558759,0.234855054248867,"AM",TRUE,"logRD"
"Helianthus_niveus",0.00144219356824324,0.172868238996021,0.0811966955215729,-1.05922434558759,-1.05922434558759,0.234855054248867,"AM",TRUE,"logRD"
"Helianthus_praecox",0.00144219356824324,0.172868238996021,0.0811966955215729,-1.05922434558759,-1.05922434558759,0.234855054248867,"AM",TRUE,"logRD"
"Helianthus_debilis",0.00144219356824324,0.172868238996021,0.0811966955215729,-1.05922434558759,-1.05922434558759,0.234855054248867,"AM",TRUE,"logRD"
"Helianthus_argophyllus",0.00144219356824324,0.172868238996021,0.0811966955215729,-1.05922434558759,-1.05922434558759,0.234855054248867,"AM",TRUE,"logRD"
"Helianthus_annuus",0.00144219356824324,0.172868238996021,0.0811966955215729,-1.05922434558759,-1.05922434558759,0.234855054248867,"AM",TRUE,"logRD"
"Helianthus_cusickii",0.00144219356824324,0.172868238996021,0.0811966955215729,-1.05922434558759,-1.05922434558759,0.234855054248867,"AM",TRUE,"logRD"
"Helianthus_pauciflorus",0.00144219356824324,0.172868238996021,0.0811966955215729,-1.05922434558759,-1.05922434558759,0.234855054248867,"AM",TRUE,"logRD"
"Helianthus_radula",0.00144219356824324,0.172868238996021,0.0811966955215729,-1.05922434558759,-1.05922434558759,0.234855054248867,"AM",TRUE,"logRD"
"Helianthus_porteri",0.00144219356824324,0.172868238996021,0.0811966955215729,-1.05922434558759,-1.05922434558759,0.234855054248867,"AM",TRUE,"logRD"
"Helianthus_carnosus",0.00144219356824324,0.172868238996021,0.0811966955215729,-1.05922434558759,-1.05922434558759,0.234855054248867,"AM",TRUE,"logRD"
"Helianthus_heterophyllus",0.00144219356824324,0.172868238996021,0.0811966955215729,-1.05922434558759,-1.05922434558759,0.234855054248867,"AM",TRUE,"logRD"
"Ambrosia_artemisiifolia",0.00144219356824324,0.172868238996021,0.0811966955215729,-1.05922434558759,-1.05922434558759,0.234855054248867,"AM",TRUE,"logRD"
"Echinacea_serotina",0.00144219356824324,0.172868238996021,0.0811966955215729,-1.05922434558759,-1.05922434558759,0.234855054248867,"AM",TRUE,"logRD"
"Eclipta_prostrata",0.00108560690150181,0.172868238996021,0.0811772438006209,-1.19006929695294,-1.13655310499642,0.234798858826063,"NMAM",TRUE,"logRD"
"Coreopsis_palmata",0.00144219356824324,0.172868238996021,0.0811966955215729,-1.05922434558759,-1.05922434558759,0.234855054248867,"AM",TRUE,"logRD"
"Helichrysum_italicum",0.000249425491072506,0.172868238996021,0.0813691553325156,-1.35857999017231,-1.11136172437602,0.235021633486746,"EcMAM",TRUE,"logRD"
"Helichrysum_stoechas",0.000249425491072506,0.172868238996021,0.0813691553325156,-1.35857999017231,-1.11136172437602,0.235021633486746,"EcMAM",TRUE,"logRD"
"Anaphalis_aureopunctata",0.00144219356824324,0.172868238996021,0.0811966955215729,-1.05922434558759,-1.05922434558759,0.234855054248867,"AM",TRUE,"logRD"
"Anaphalis_hancockii",0.00144219356824324,0.172868238996021,0.0811966955215729,-1.05922434558759,-1.05922434558759,0.234855054248867,"AM",TRUE,"logRD"
"Antennaria_parvifolia",0.00144219356824324,0.172868238996021,0.0811966955215729,-1.05922434558759,-1.05922434558759,0.234855054248867,"AM",TRUE,"logRD"
"Antennaria_neglecta",0.00144219356824324,0.172868238996021,0.0811966955215729,-1.05922434558759,-1.05922434558759,0.234855054248867,"AM",TRUE,"logRD"
"Leontopodium_nanum",0.00144219356824324,0.172868238996021,0.0811966955215729,-1.05922434558759,-1.05922434558759,0.234855054248867,"AM",TRUE,"logRD"
"Inula_conyza",0.00144219356824324,0.172868238996021,0.0811966955215729,-1.05922434558759,-1.05922434558759,0.234855054248867,"AM",TRUE,"logRD"
"Haplopappus_spinulosus",0.00144219356824324,0.172868238996021,0.0811966955215729,-1.05922434558759,-1.05922434558759,0.234855054248867,"AM",TRUE,"logRD"
"Symphyotrichum_oolentangiense",0.00144219356824324,0.172868238996021,0.0811966955215729,-1.05922434558759,-1.05922434558759,0.234855054248867,"AM",TRUE,"logRD"
"Symphyotrichum_falcatum",0.00144219356824324,0.172868238996021,0.0811966955215729,-1.05922434558759,-1.05922434558759,0.234855054248867,"AM",TRUE,"logRD"
"Symphyotrichum_ciliolatum",0.00144219356824324,0.172868238996021,0.0811966955215729,-1.05922434558759,-1.05922434558759,0.234855054248867,"AM",TRUE,"logRD"
"Symphyotrichum_puniceum",0.00144219356824324,0.172868238996021,0.0811966955215729,-1.05922434558759,-1.05922434558759,0.234855054248867,"AM",TRUE,"logRD"
"Symphyotrichum_laeve",0.00144219356824324,0.172868238996021,0.0811966955215729,-1.05922434558759,-1.05922434558759,0.234855054248867,"AM",TRUE,"logRD"
"Symphyotrichum_novae-angliae",0.00144219356824324,0.172868238996021,0.0811966955215729,-1.05922434558759,-1.05922434558759,0.234855054248867,"AM",TRUE,"logRD"
"Symphyotrichum_ericoides",0.00144219356824324,0.172868238996021,0.0811966955215729,-1.05922434558759,-1.05922434558759,0.234855054248867,"AM",TRUE,"logRD"
"Heterotheca_villosa",0.00144219356824324,0.172868238996021,0.0811966955215729,-1.05922434558759,-1.05922434558759,0.234855054248867,"AM",TRUE,"logRD"
"Solidago_ptarmicoides",0.00144219356824324,0.172868238996021,0.0811966955215729,-1.05922434558759,-1.05922434558759,0.234855054248867,"AM",TRUE,"logRD"
"Solidago_nemoralis",0.00144219356824324,0.172868238996021,0.0811966955215729,-1.05922434558759,-1.05922434558759,0.234855054248867,"AM",TRUE,"logRD"
"Solidago_decurrens",0.00144219356824324,0.172868238996021,0.0811966955215729,-1.05922434558759,-1.05922434558759,0.234855054248867,"AM",TRUE,"logRD"
"Solidago_speciosa",0.00144219356824324,0.172868238996021,0.0811966955215729,-1.05922434558759,-1.05922434558759,0.234855054248867,"AM",TRUE,"logRD"
"Solidago_rigida",0.00144219356824324,0.172868238996021,0.0811966955215729,-1.05922434558759,-1.05922434558759,0.234855054248867,"AM",TRUE,"logRD"
"Solidago_missouriensis",0.00144219356824324,0.172868238996021,0.0811966955215729,-1.05922434558759,-1.05922434558759,0.234855054248867,"AM",TRUE,"logRD"
"Solidago_canadensis",0.00144219356824324,0.172868238996021,0.0811966955215729,-1.05922434558759,-1.05922434558759,0.234855054248867,"AM",TRUE,"logRD"
"Gutierrezia_sarothrae",0.00144219356824324,0.172868238996021,0.0811966955215729,-1.05922434558759,-1.05922434558759,0.234855054248867,"AM",TRUE,"logRD"
"Erigeron_glabellus",0.00144219356824324,0.172868238996021,0.0811966955215729,-1.05922434558759,-1.05922434558759,0.234855054248867,"AM",TRUE,"logRD"
"Erigeron_pumilus",0.00144219356824324,0.172868238996021,0.0811966955215729,-1.05922434558759,-1.05922434558759,0.234855054248867,"AM",TRUE,"logRD"
"Erigeron_canadensis",0.00144219356824324,0.172868238996021,0.0811966955215729,-1.05922434558759,-1.05922434558759,0.234855054248867,"AM",TRUE,"logRD"
"Doellingeria_umbellata",0.00144219356824324,0.172868238996021,0.0811966955215729,-1.05922434558759,-1.05922434558759,0.234855054248867,"AM",TRUE,"logRD"
"Aster_lanceolatus",0.00144219356824324,0.172868238996021,0.0811966955215729,-1.05922434558759,-1.05922434558759,0.234855054248867,"AM",TRUE,"logRD"
"Aster_laevis",0.00144219356824324,0.172868238996021,0.0811966955215729,-1.05922434558759,-1.05922434558759,0.234855054248867,"AM",TRUE,"logRD"
"Aster_tataricus",0.00144219356824324,0.172868238996021,0.0811966955215729,-1.05922434558759,-1.05922434558759,0.234855054248867,"AM",TRUE,"logRD"
"Doellingeria_scabra",0.00144219356824324,0.172868238996021,0.0811966955215729,-1.05922434558759,-1.05922434558759,0.234855054248867,"AM",TRUE,"logRD"
"Olearia_avicenniaefolia",0.00144219356824324,0.172868238996021,0.0811966955215729,-1.05922434558759,-1.05922434558759,0.234855054248867,"AM",TRUE,"logRD"
"Olearia_rani",0.00144219356824324,0.172868238996021,0.0811966955215729,-1.05922434558759,-1.05922434558759,0.234855054248867,"AM",TRUE,"logRD"
"Artemisia_codonocephala",0.00144219356824324,0.172868238996021,0.0811966955215729,-1.05922434558759,-1.05922434558759,0.234855054248867,"AM",TRUE,"logRD"
"Artemisia_barrelieri",0.00144219356824324,0.172868238996021,0.0811966955215729,-1.05922434558759,-1.05922434558759,0.234855054248867,"AM",TRUE,"logRD"
"Artemisia_igniaria",0.00144219356824324,0.172868238996021,0.0811966955215729,-1.05922434558759,-1.05922434558759,0.234855054248867,"AM",TRUE,"logRD"
"Artemisia_halodendron",0.00144219356824324,0.172868238996021,0.0811966955215729,-1.05922434558759,-1.05922434558759,0.234855054248867,"AM",TRUE,"logRD"
"Artemisia_frigida",0.00144219356824324,0.172868238996021,0.0811966955215729,-1.05922434558759,-1.05922434558759,0.234855054248867,"AM",TRUE,"logRD"
"Artemisia_mongolica",0.00144219356824324,0.172868238996021,0.0811966955215729,-1.05922434558759,-1.05922434558759,0.234855054248867,"AM",TRUE,"logRD"
"Artemisia_ludoviciana",0.00144219356824324,0.172868238996021,0.0811966955215729,-1.05922434558759,-1.05922434558759,0.234855054248867,"AM",TRUE,"logRD"
"Artemisia_cana",0.00144219356824324,0.172868238996021,0.0811966955215729,-1.05922434558759,-1.05922434558759,0.234855054248867,"AM",TRUE,"logRD"
"Achillea_millefolium",0.00144219356824324,0.172868238996021,0.0811966955215729,-1.05922434558759,-1.05922434558759,0.234855054248867,"AM",TRUE,"logRD"
"Leucanthemum_vulgare",0.00144219356824324,0.172868238996021,0.0811966955215729,-1.05922434558759,-1.05922434558759,0.234855054248867,"AM",TRUE,"logRD"
"Crepis_foetida",0.00144219356824324,0.172868238996021,0.0811966955215729,-1.05922434558759,-1.05922434558759,0.234855054248867,"AM",TRUE,"logRD"
"Crepis_tectorum",0.00144219356824324,0.172868238996021,0.0811966955215729,-1.05922434558759,-1.05922434558759,0.234855054248867,"AM",TRUE,"logRD"
"Crepis_sancta",0.00144219356824324,0.172868238996021,0.0811966955215729,-1.05922434558759,-1.05922434558759,0.234855054248867,"AM",TRUE,"logRD"
"Taraxacum_campylodes",0.00144219356824324,0.172868238996021,0.0811966955215729,-1.05922434558759,-1.05922434558759,0.234855054248867,"AM",TRUE,"logRD"
"Picris_hieracioides",0.00144219356824324,0.172868238996021,0.0811966955215729,-1.05922434558759,-1.05922434558759,0.234855054248867,"AM",TRUE,"logRD"
"Hypochaeris_radicata",0.00144219356824324,0.172868238996021,0.0811966955215729,-1.05922434558759,-1.05922434558759,0.234855054248867,"AM",TRUE,"logRD"
"Nabalus_tatarinowii",0.00144219356824324,0.172868238996021,0.0811966955215729,-1.05922434558759,-1.05922434558759,0.234855054248867,"AM",TRUE,"logRD"
"Launaea_arborescens",0.00144219356824324,0.172868238996021,0.0811966955215729,-1.05922434558759,-1.05922434558759,0.234855054248867,"AM",TRUE,"logRD"
"Lactuca_tatarica",0.00144219356824324,0.172868238996021,0.0811966955215729,-1.05922434558759,-1.05922434558759,0.234855054248867,"AM",TRUE,"logRD"
"Pilosella_peleteriana",0.00144219356824324,0.172868238996021,0.0811966955215729,-1.05922434558759,-1.05922434558759,0.234855054248867,"AM",TRUE,"logRD"
"Pilosella_officinarum",0.00144219356824324,0.172868238996021,0.0811966955215729,-1.05922434558759,-1.05922434558759,0.234855054248867,"AM",TRUE,"logRD"
"Cichorium_intybus",0.00144219356824324,0.172868238996021,0.0811966955215729,-1.05922434558759,-1.05922434558759,0.234855054248867,"AM",TRUE,"logRD"
"Tragopogon_dubius",0.00144219356824324,0.172868238996021,0.0811966955215729,-1.05922434558759,-1.05922434558759,0.234855054248867,"AM",TRUE,"logRD"
"Vernonia_fasciculata",0.00144219356824324,0.172868238996021,0.0811966955215729,-1.05922434558759,-1.05922434558759,0.234855054248867,"AM",TRUE,"logRD"
"Arctotheca_calendula",0.00144219356824324,0.172868238996021,0.0811966955215729,-1.05922434558759,-1.05922434558759,0.234855054248867,"AM",TRUE,"logRD"
"Centaurea_pectinata",0.00144219356824324,0.172868238996021,0.0811966955215729,-1.05922434558759,-1.05922434558759,0.234855054248867,"AM",TRUE,"logRD"
"Saussurea_nivea",0.00144219356824324,0.172868238996021,0.0811966955215729,-1.05922434558759,-1.05922434558759,0.234855054248867,"AM",TRUE,"logRD"
"Saussurea_mongolica",0.00144219356824324,0.172868238996021,0.0811966955215729,-1.05922434558759,-1.05922434558759,0.234855054248867,"AM",TRUE,"logRD"
"Saussurea_amurensis",0.00144219356824324,0.172868238996021,0.0811966955215729,-1.05922434558759,-1.05922434558759,0.234855054248867,"AM",TRUE,"logRD"
"Atractylis_humilis",0.00144219356824324,0.172868238996021,0.0811966955215729,-1.05922434558759,-1.05922434558759,0.234855054248867,"AM",TRUE,"logRD"
"Adenocaulon_himalaicum",0.00144219356824324,0.172868238996021,0.0811966955215729,-1.05922434558759,-1.05922434558759,0.234855054248867,"AM",TRUE,"logRD"
"Campanula_rotundifolia",0.00144219356824324,0.172868238996021,0.0811966955215729,-1.05922434558759,-1.05922434558759,0.234855054248867,"AM",TRUE,"logRD"
"Carpodetus_serratus",0.00144219356824324,0.172868238996021,0.0811966955215729,-1.05922434558759,-1.05922434558759,0.234855054248867,"AM",TRUE,"logRD"
"Musineon_divaricatum",0.00144219356824324,0.172868238996021,0.0811966955215729,-1.05922434558759,-1.05922434558759,0.234855054248867,"AM",TRUE,"logRD"
"Zizia_aurea",0.00144219356824324,0.172868238996021,0.0811966955215729,-1.05922434558759,-1.05922434558759,0.234855054248867,"AM",TRUE,"logRD"
"Tordylium_maximum",0.00144219356824324,0.172868238996021,0.0811966955215729,-1.05922434558759,-1.05922434558759,0.234855054248867,"AM",TRUE,"logRD"
"Daucus_carota",0.00144219356824324,0.172868238996021,0.0811966955215729,-1.05922434558759,-1.05922434558759,0.234855054248867,"AM",TRUE,"logRD"
"Sanicula_orthacantha",0.00144219356824324,0.172868238996021,0.0811966955215729,-1.05922434558759,-1.05922434558759,0.234855054248867,"AM",TRUE,"logRD"
"Astrantia_minor",0.00144219356824324,0.172868238996021,0.0811966955215729,-1.05922434558759,-1.05922434558759,0.234855054248867,"AM",TRUE,"logRD"
"Dendropanax_dentiger",0.00144219356824324,0.172868238996021,0.0811966955215729,-1.05922434558759,-1.05922434558759,0.234855054248867,"AM",TRUE,"logRD"
"Eleutherococcus_senticosus",0.00144219356824324,0.172868238996021,0.0811966955215729,-1.05922434558759,-1.05922434558759,0.234855054248867,"AM",TRUE,"logRD"
"Macropanax_undulatus",0.00144219356824324,0.172868238996021,0.0811966955215729,-1.05922434558759,-1.05922434558759,0.234855054248867,"AM",TRUE,"logRD"
"Hedera_helix",0.00144219356824324,0.172868238996021,0.0811966955215729,-1.05922434558759,-1.05922434558759,0.234855054248867,"AM",TRUE,"logRD"
"Schefflera_minutistellata",0.00144219356824324,0.172868238996021,0.0811966955215729,-1.05922434558759,-1.05922434558759,0.234855054248867,"AM",TRUE,"logRD"
"Schefflera_heptaphylla",0.00144219356824324,0.172868238996021,0.0811966955215729,-1.05922434558759,-1.05922434558759,0.234855054248867,"AM",TRUE,"logRD"
"Neopanax_arboreus",0.00144219356824324,0.172868238996021,0.0811966955215729,-1.05922434558759,-1.05922434558759,0.234855054248867,"AM",TRUE,"logRD"
"Neopanax_colensoi",0.00144219356824324,0.172868238996021,0.0811966955215729,-1.05922434558759,-1.05922434558759,0.234855054248867,"AM",TRUE,"logRD"
"Pseudopanax_crassifolius",0.00144219356824324,0.172868238996021,0.0811966955215729,-1.05922434558759,-1.05922434558759,0.234855054248867,"AM",TRUE,"logRD"
"Raukaua_simplex",0.00144219356824324,0.172868238996021,0.0811966955215729,-1.05922434558759,-1.05922434558759,0.234855054248867,"AM",TRUE,"logRD"
"Schefflera_digitata",0.00144219356824324,0.172868238996021,0.0811966955215729,-1.05922434558759,-1.05922434558759,0.234855054248867,"AM",TRUE,"logRD"
"Pittosporum_eugenioides",0.00144219356824324,0.172868238996021,0.0811966955215729,-1.05922434558759,-1.05922434558759,0.234855054248867,"AM",TRUE,"logRD"
"Pittosporum_tenuifolium",0.00144219356824324,0.172868238996021,0.0811966955215729,-1.05922434558759,-1.05922434558759,0.234855054248867,"AM",TRUE,"logRD"
"Pennantia_corymbosa",0.00144219356824324,0.172868238996021,0.0811966955215729,-1.05922434558759,-1.05922434558759,0.234855054248867,"AM",TRUE,"logRD"
"Abelia_biflora",0.00144219356824324,0.172868238996021,0.0811966955215729,-1.05922434558759,-1.05922434558759,0.234855054248867,"AM",TRUE,"logRD"
"Lonicera_chrysantha",0.00144219356824324,0.172868238996021,0.0811966955215729,-1.05922434558759,-1.05922434558759,0.234855054248867,"AM",TRUE,"logRD"
"Lonicera_maackii",0.00144219356824324,0.172868238996021,0.0811966955215729,-1.05922434558759,-1.05922434558759,0.234855054248867,"AM",TRUE,"logRD"
"Symphoricarpos_occidentalis",0.00144219356824324,0.172868238996021,0.0811966955215729,-1.05922434558759,-1.05922434558759,0.234855054248867,"AM",TRUE,"logRD"
"Viburnum_dentatum",0.00144219356824324,0.172868238996021,0.0811966955215729,-1.05922434558759,-1.05922434558759,0.234855054248867,"AM",TRUE,"logRD"
"Viburnum_tinus",0.00144219356824324,0.172868238996021,0.0811966955215729,-1.05922434558759,-1.05922434558759,0.234855054248867,"AM",TRUE,"logRD"
"Sambucus_williamsii",0.00144219356824324,0.172868238996021,0.0811966955215729,-1.05922434558759,-1.05922434558759,0.234855054248867,"AM",TRUE,"logRD"
"Sambucus_canadensis",0.00144219356824324,0.172868238996021,0.0811966955215729,-1.05922434558759,-1.05922434558759,0.234855054248867,"AM",TRUE,"logRD"
"Quintinia_serrata",0.00144219356824324,0.172868238996021,0.0811966955215729,-1.05922434558759,-1.05922434558759,0.234855054248867,"AM",TRUE,"logRD"
"Ilex_macropoda",0.00144219356824324,0.172868238996021,0.0811966955215729,-1.05922434558759,-1.05922434558759,0.234855054248867,"AM",TRUE,"logRD"
"Ilex_verticillata",0.00144219356824324,0.172868238996021,0.0811966955215729,-1.05922434558759,-1.05922434558759,0.234855054248867,"AM",TRUE,"logRD"
"Ilex_opaca",0.00144219356824324,0.172868238996021,0.0811966955215729,-1.05922434558759,-1.05922434558759,0.234855054248867,"AM",TRUE,"logRD"
"Ilex_pedunculosa",0.00144219356824324,0.172868238996021,0.0811966955215729,-1.05922434558759,-1.05922434558759,0.234855054248867,"AM",TRUE,"logRD"
"Hedeoma_hispida",0.00144219356824324,0.172868238996021,0.0811966955215729,-1.05922434558759,-1.05922434558759,0.234855054248867,"AM",TRUE,"logRD"
"Monarda_fistulosa",0.00144219356824324,0.172868238996021,0.0811966955215729,-1.05922434558759,-1.05922434558759,0.234855054248867,"AM",TRUE,"logRD"
"Pycnanthemum_virginianum",0.00144219356824324,0.172868238996021,0.0811966955215729,-1.05922434558759,-1.05922434558759,0.234855054248867,"AM",TRUE,"logRD"
"Clinopodium_nepeta",0.00144219356824324,0.172868238996021,0.0811966955215729,-1.05922434558759,-1.05922434558759,0.234855054248867,"AM",TRUE,"logRD"
"Thymus_mastichina",0.00144219356824324,0.172868238996021,0.0811966955215729,-1.05922434558759,-1.05922434558759,0.234855054248867,"AM",TRUE,"logRD"
"Thymus_hyemalis",0.00144219356824324,0.172868238996021,0.0811966955215729,-1.05922434558759,-1.05922434558759,0.234855054248867,"AM",TRUE,"logRD"
"Thymus_dolomiticus",0.00144219356824324,0.172868238996021,0.0811966955215729,-1.05922434558759,-1.05922434558759,0.234855054248867,"AM",TRUE,"logRD"
"Prunella_vulgaris",0.00144219356824324,0.172868238996021,0.0811966955215729,-1.05922434558759,-1.05922434558759,0.234855054248867,"AM",TRUE,"logRD"
"Agastache_foeniculum",0.00144219356824324,0.172868238996021,0.0811966955215729,-1.05922434558759,-1.05922434558759,0.234855054248867,"AM",TRUE,"logRD"
"Salvia_chinensis",0.00144219356824324,0.172868238996021,0.0811966955215729,-1.05922434558759,-1.05922434558759,0.234855054248867,"AM",TRUE,"logRD"
"Rosmarinus_officinalis",0.00144219356824324,0.172868238996021,0.0811966955215729,-1.05922434558759,-1.05922434558759,0.234855054248867,"AM",TRUE,"logRD"
"Lavandula_multifida",0.00144219356824324,0.172868238996021,0.0811966955215729,-1.05922434558759,-1.05922434558759,0.234855054248867,"AM",TRUE,"logRD"
"Teucrium_charidemi",0.00144219356824324,0.172868238996021,0.0811966955215729,-1.05922434558759,-1.05922434558759,0.234855054248867,"AM",TRUE,"logRD"
"Teucrium_chamaedrys",0.00144219356824324,0.172868238996021,0.0811966955215729,-1.05922434558759,-1.05922434558759,0.234855054248867,"AM",TRUE,"logRD"
"Teucrium_fruticans",0.00144219356824324,0.172868238996021,0.0811966955215729,-1.05922434558759,-1.05922434558759,0.234855054248867,"AM",TRUE,"logRD"
"Lamium_album",0.00108560690150181,0.172868238996021,0.0811772438006209,-1.19006929695294,-1.14530846299267,0.234794057375483,"NMAM",TRUE,"logRD"
"Ballota_hirsuta",0.00144219356824324,0.172868238996021,0.0811966955215729,-1.05922434558759,-1.05922434558759,0.234855054248867,"AM",TRUE,"logRD"
"Phlomoides_umbrosa",0.00144219356824324,0.172868238996021,0.0811966955215729,-1.05922434558759,-1.05922434558759,0.234855054248867,"AM",TRUE,"logRD"
"Phlomis_purpurea",0.00144219356824324,0.172868238996021,0.0811966955215729,-1.05922434558759,-1.05922434558759,0.234855054248867,"AM",TRUE,"logRD"
"Sideritis_pusilla",0.00144219356824324,0.172868238996021,0.0811966955215729,-1.05922434558759,-1.05922434558759,0.234855054248867,"AM",TRUE,"logRD"
"Vitex_lucens",0.00144219356824324,0.172868238996021,0.0811966955215729,-1.05922434558759,-1.05922434558759,0.234855054248867,"AM",TRUE,"logRD"
"Orthocarpus_luteus",0.000278739128544427,0.172868238996021,0.0812020276083795,-1.35938633420833,-1.35016151517776,0.234876062576449,"NM",TRUE,"logRD"
"Strobilanthes_villosum",0.00144219356824324,0.172868238996021,0.0811966955215729,-1.05922434558759,-1.05922434558759,0.234855054248867,"AM",TRUE,"logRD"
"Strobilanthes_dimorphotricha",0.00144219356824324,0.172868238996021,0.0811966955215729,-1.05922434558759,-1.05922434558759,0.234855054248867,"AM",TRUE,"logRD"
"Rungia_pectinata",0.00144219356824324,0.172868238996021,0.0811966955215729,-1.05922434558759,-1.05922434558759,0.234855054248867,"AM",TRUE,"logRD"
"Handroanthus_guayacan",0.00144219356824324,0.172868238996021,0.0811966955215729,-1.05922434558759,-1.05922434558759,0.234855054248867,"AM",TRUE,"logRD"
"Tanaecium_pyramidatum",0.00144219356824324,0.172868238996021,0.0811966955215729,-1.05922434558759,-1.05922434558759,0.234855054248867,"AM",TRUE,"logRD"
"Catalpa_bignonioides",0.00144219356824324,0.172868238996021,0.0811966955215729,-1.05922434558759,-1.05922434558759,0.234855054248867,"AM",TRUE,"logRD"
"Verbena_hastata",0.00144219356824324,0.172868238996021,0.0811966955215729,-1.05922434558759,-1.05922434558759,0.234855054248867,"AM",TRUE,"logRD"
"Verbascum_thapsus",0.00144219356824324,0.172868238996021,0.0811966955215729,-1.05922434558759,-1.05922434558759,0.234855054248867,"AM",TRUE,"logRD"
"Veronica_persica",0.00108560690150181,0.172868238996021,0.0811772438006209,-1.19006929695294,-1.1859300634217,0.234778514260571,"NMAM",TRUE,"logRD"
"Veronica_spuria",0.00108560690150181,0.172868238996021,0.0811772438006209,-1.19006929695294,-1.1859300634217,0.234778514260571,"NMAM",TRUE,"logRD"
"Veronicastrum_virginicum",0.00144219356824324,0.172868238996021,0.0811966955215729,-1.05922434558759,-1.05922490010909,0.234854998588939,"AM",TRUE,"logRD"
"Plantago_varia",0.00144219356824324,0.172868238996021,0.0811966955215729,-1.05922434558759,-1.05922434558759,0.234855054248867,"AM",TRUE,"logRD"
"Plantago_lanceolata",0.00144219356824324,0.172868238996021,0.0811966955215729,-1.05922434558759,-1.05922434558759,0.234855054248867,"AM",TRUE,"logRD"
"Plantago_patagonica",0.00144219356824324,0.172868238996021,0.0811966955215729,-1.05922434558759,-1.05922434558759,0.234855054248867,"AM",TRUE,"logRD"
"Penstemon_grandiflorus",0.00144219356824324,0.172868238996021,0.0811966955215729,-1.05922434558759,-1.05922434558759,0.234855054248867,"AM",TRUE,"logRD"
"Penstemon_nitidus",0.00144219356824324,0.172868238996021,0.0811966955215729,-1.05922434558759,-1.05922434558759,0.234855054248867,"AM",TRUE,"logRD"
"Penstemon_procerus",0.00144219356824324,0.172868238996021,0.0811966955215729,-1.05922434558759,-1.05922434558759,0.234855054248867,"AM",TRUE,"logRD"
"Penstemon_confertus",0.00144219356824324,0.172868238996021,0.0811966955215729,-1.05922434558759,-1.05922434558759,0.234855054248867,"AM",TRUE,"logRD"
"Olea_rosea",0.00144219356824324,0.172868238996021,0.0811966955215729,-1.05922434558759,-1.05922434558759,0.234855054248867,"AM",TRUE,"logRD"
"Olea_europaea",0.00144219356824324,0.172868238996021,0.0811966955215729,-1.05922434558759,-1.05922434558759,0.234855054248867,"AM",TRUE,"logRD"
"Chionanthus_mildbraedii",0.00144219356824324,0.172868238996021,0.0811966955215729,-1.05922434558759,-1.05922434558759,0.234855054248867,"AM",TRUE,"logRD"
"Chionanthus_virginicus",0.00144219356824324,0.172868238996021,0.0811966955215729,-1.05922434558759,-1.05922434558759,0.234855054248867,"AM",TRUE,"logRD"
"Phillyrea_angustifolia",0.00144219356824324,0.172868238996021,0.0811966955215729,-1.05922434558759,-1.05922434558759,0.234855054248867,"AM",TRUE,"logRD"
"Phillyrea_latifolia",0.00144219356824324,0.172868238996021,0.0811966955215729,-1.05922434558759,-1.05922434558759,0.234855054248867,"AM",TRUE,"logRD"
"Osmanthus_didymopetalus",0.00144219356824324,0.172868238996021,0.0811966955215729,-1.05922434558759,-1.05922434558759,0.234855054248867,"AM",TRUE,"logRD"
"Nestegis_lanceolata",0.00144219356824324,0.172868238996021,0.0811966955215729,-1.05922434558759,-1.05922434558759,0.234855054248867,"AM",TRUE,"logRD"
"Fraxinus_mandshurica",0.00144219356824324,0.172868238996021,0.0811966955215729,-1.05922434558759,-1.05922434558759,0.234855054248867,"AM",TRUE,"logRD"
"Fraxinus_angustifolia",0.00144219356824324,0.172868238996021,0.0811966955215729,-1.05922434558759,-1.05922434558759,0.234855054248867,"AM",TRUE,"logRD"
"Fraxinus_excelsior",0.00144219356824324,0.172868238996021,0.0811966955215729,-1.05922434558759,-1.05922434558759,0.234855054248867,"AM",TRUE,"logRD"
"Fraxinus_chinensis",0.00144219356824324,0.172868238996021,0.0811966955215729,-1.05922434558759,-1.05922434558759,0.234855054248867,"AM",TRUE,"logRD"
"Fraxinus_nigra",0.00144219356824324,0.172868238996021,0.0811966955215729,-1.05922434558759,-1.05922434558759,0.234855054248867,"AM",TRUE,"logRD"
"Fraxinus_americana",0.00144219356824324,0.172868238996021,0.0811966955215729,-1.05922434558759,-1.05922434558759,0.234855054248867,"AM",TRUE,"logRD"
"Syringa_reticulata",0.00144219356824324,0.172868238996021,0.0811966955215729,-1.05922434558759,-1.05922434558759,0.234855054248867,"AM",TRUE,"logRD"
"Jasminum_fruticans",0.00144219356824324,0.172868238996021,0.0811966955215729,-1.05922434558759,-1.05922434558759,0.234855054248867,"AM",TRUE,"logRD"
"Galium_boreale",0.00108560690150181,0.172868238996021,0.0811772438006209,-1.19006929695294,-1.15348033201756,0.234789990166287,"NMAM",TRUE,"logRD"
"Galium_aparine",0.00108560690150181,0.172868238996021,0.0811772438006209,-1.19006929695294,-1.15348033201756,0.234789990166287,"NMAM",TRUE,"logRD"
"Rubia_peregrina",0.00144219356824324,0.172868238996021,0.0811966955215729,-1.05922434558759,-1.06029950240755,0.234854543163963,"AM",TRUE,"logRD"
"Saprosma_ternatum",0.00144219356824324,0.172868238996021,0.0811966955215729,-1.05922434558759,-1.05922434558759,0.234855054248867,"AM",TRUE,"logRD"
"Serissa_japonica",0.00144219356824324,0.172868238996021,0.0811966955215729,-1.05922434558759,-1.05922434558759,0.234855054248867,"AM",TRUE,"logRD"
"Coprosma_lucida",0.00144219356824324,0.172868238996021,0.0811966955215729,-1.05922434558759,-1.05922434558759,0.234855054248867,"AM",TRUE,"logRD"
"Coprosma_linariifolia",0.00144219356824324,0.172868238996021,0.0811966955215729,-1.05922434558759,-1.05922434558759,0.234855054248867,"AM",TRUE,"logRD"
"Coprosma_rhamnoides",0.00144219356824324,0.172868238996021,0.0811966955215729,-1.05922434558759,-1.05922434558759,0.234855054248867,"AM",TRUE,"logRD"
"Coprosma_ciliata",0.00144219356824324,0.172868238996021,0.0811966955215729,-1.05922434558759,-1.05922434558759,0.234855054248867,"AM",TRUE,"logRD"
"Coprosma_foetidissima",0.00144219356824324,0.172868238996021,0.0811966955215729,-1.05922434558759,-1.05922434558759,0.234855054248867,"AM",TRUE,"logRD"
"Psychotria_asiatica",0.00144219356824324,0.172868238996021,0.0811966955215729,-1.05922434558759,-1.05922434558759,0.234855054248867,"AM",TRUE,"logRD"
"Catunaregam_spinosa",0.00144219356824324,0.172868238996021,0.0811966955215729,-1.05922434558759,-1.05922434558759,0.234855054248867,"AM",TRUE,"logRD"
"Aidia_oxyodonta",0.00144219356824324,0.172868238996021,0.0811966955215729,-1.05922434558759,-1.05922434558759,0.234855054248867,"AM",TRUE,"logRD"
"Coffea_arabica",0.00144219356824324,0.172868238996021,0.0811966955215729,-1.05922434558759,-1.05922434558759,0.234855054248867,"AM",TRUE,"logRD"
"Diplospora_dubia",0.00144219356824324,0.172868238996021,0.0811966955215729,-1.05922434558759,-1.05922434558759,0.234855054248867,"AM",TRUE,"logRD"
"Hypobathrum_racemosum",0.00144219356824324,0.172868238996021,0.0811966955215729,-1.05922434558759,-1.05922434558759,0.234855054248867,"AM",TRUE,"logRD"
"Wendlandia_uvariifolia",0.00144219356824324,0.172868238996021,0.0811966955215729,-1.05922434558759,-1.05922434558759,0.234855054248867,"AM",TRUE,"logRD"
"Alseis_blackiana",0.00144219356824324,0.172868238996021,0.0811966955215729,-1.05922434558759,-1.05922434558759,0.234855054248867,"AM",TRUE,"logRD"
"Pertusadina_metcalfii",0.00144219356824324,0.172868238996021,0.0811966955215729,-1.05922434558759,-1.05922434558759,0.234855054248867,"AM",TRUE,"logRD"
"Adina_pilulifera",0.00144219356824324,0.172868238996021,0.0811966955215729,-1.05922434558759,-1.05922434558759,0.234855054248867,"AM",TRUE,"logRD"
"Chomelia_psilocarpa",0.00144219356824324,0.172868238996021,0.0811966955215729,-1.05922434558759,-1.05922434558759,0.234855054248867,"AM",TRUE,"logRD"
"Asclepias_tuberosa",0.00144219356824324,0.172868238996021,0.0811966955215729,-1.05922434558759,-1.05922434558759,0.234855054248867,"AM",TRUE,"logRD"
"Asclepias_syriaca",0.00144219356824324,0.172868238996021,0.0811966955215729,-1.05922434558759,-1.05922434558759,0.234855054248867,"AM",TRUE,"logRD"
"Asclepias_incarnata",0.00144219356824324,0.172868238996021,0.0811966955215729,-1.05922434558759,-1.05922434558759,0.234855054248867,"AM",TRUE,"logRD"
"Nerium_oleander",0.00144219356824324,0.172868238996021,0.0811966955215729,-1.05922434558759,-1.05922434558759,0.234855054248867,"AM",TRUE,"logRD"
"Trachelospermum_axillare",0.00144219356824324,0.172868238996021,0.0811966955215729,-1.05922434558759,-1.05922434558759,0.234855054248867,"AM",TRUE,"logRD"
"Alstonia_scholaris",0.00144219356824324,0.172868238996021,0.0811966955215729,-1.05922434558759,-1.05922434558759,0.234855054248867,"AM",TRUE,"logRD"
"Gentiana_andrewsii",0.00144219356824324,0.172868238996021,0.0811966955215729,-1.05922434558759,-1.05922434558759,0.234855054248867,"AM",TRUE,"logRD"
"Solanum_americanum",0.00144219356824324,0.172868238996021,0.0811966955215729,-1.05922434558759,-1.05922434558759,0.234855054248867,"AM",TRUE,"logRD"
"Physalis_virginiana",0.00144219356824324,0.172868238996021,0.0811966955215729,-1.05922434558759,-1.05922434558759,0.234855054248867,"AM",TRUE,"logRD"
"Withania_frutescens",0.00144219356824324,0.172868238996021,0.0811966955215729,-1.05922434558759,-1.05922434558759,0.234855054248867,"AM",TRUE,"logRD"
"Merremia_umbellata",0.00144219356824324,0.172868238996021,0.0811966955215729,-1.05922434558759,-1.05922434558759,0.234855054248867,"AM",TRUE,"logRD"
"Apodytes_dimidiata",0.00144219356824324,0.172868238996021,0.0811966955215729,-1.05922434558759,-1.05922434558759,0.234855054248867,"AM",TRUE,"logRD"
"Arbutus_unedo",0.000497672180951703,0.172868238996021,0.0811946926087969,-1.13275861396185,-1.1327286227981,0.234847113558877,"EcM",TRUE,"logRD"
"Actinidia_kolomikta",0.00144219356824324,0.172868238996021,0.0811966955215729,-1.05922434558759,-1.05922434558759,0.234855054248867,"AM",TRUE,"logRD"
"Styrax_suberifolius",0.00144219356824324,0.172868238996021,0.0811966955215729,-1.05922434558759,-1.05922434558759,0.234855054248867,"AM",TRUE,"logRD"
"Halesia_tetraptera",0.00144219356824324,0.172868238996021,0.0811966955215729,-1.05922434558759,-1.05922434558759,0.234855054248867,"AM",TRUE,"logRD"
"Alniphyllum_fortunei",0.00144219356824324,0.172868238996021,0.0811966955215729,-1.05922434558759,-1.05922434558759,0.234855054248867,"AM",TRUE,"logRD"
"Androsace_occidentalis",0.00144219356824324,0.172868238996021,0.0811966955215729,-1.05922434558759,-1.05922434558759,0.234855054248867,"AM",TRUE,"logRD"
"Lysimachia_nemorum",0.00144219356824324,0.172868238996021,0.0811966955215729,-1.05922434558759,-1.05922434558759,0.234855054248867,"AM",TRUE,"logRD"
"Ardisia_depressa",0.00144219356824324,0.172868238996021,0.0811966955215729,-1.05922434558759,-1.05922434558759,0.234855054248867,"AM",TRUE,"logRD"
"Ardisia_quinquegona",0.00144219356824324,0.172868238996021,0.0811966955215729,-1.05922434558759,-1.05922434558759,0.234855054248867,"AM",TRUE,"logRD"
"Ardisia_japonica",0.00144219356824324,0.172868238996021,0.0811966955215729,-1.05922434558759,-1.05922434558759,0.234855054248867,"AM",TRUE,"logRD"
"Embelia_vestita",0.000278739128544427,0.172868238996021,0.0812020276083795,-1.35938633420833,-1.25502598405713,0.234871667668572,"NM",TRUE,"logRD"
"Myrsine_coriacea",0.00144219356824324,0.172868238996021,0.0811966955215729,-1.05922434558759,-1.05922434558759,0.234855054248867,"AM",TRUE,"logRD"
"Rapanea_australis",0.00144219356824324,0.172868238996021,0.0811966955215729,-1.05922434558759,-1.05922434558759,0.234855054248867,"AM",TRUE,"logRD"
"Rapanea_divaricata",0.00144219356824324,0.172868238996021,0.0811966955215729,-1.05922434558759,-1.05922434558759,0.234855054248867,"AM",TRUE,"logRD"
"Myrsine_seguinii",0.00144219356824324,0.172868238996021,0.0811966955215729,-1.05922434558759,-1.05922434558759,0.234855054248867,"AM",TRUE,"logRD"
"Diospyros_strigosa",0.00144219356824324,0.172868238996021,0.0811966955215729,-1.05922434558759,-1.05922434558759,0.234855054248867,"AM",TRUE,"logRD"
"Diospyros_virginiana",0.00144219356824324,0.172868238996021,0.0811966955215729,-1.05922434558759,-1.05922434558759,0.234855054248867,"AM",TRUE,"logRD"
"Barringtonia_racemosa",0.00144219356824324,0.172868238996021,0.0811966955215729,-1.05922434558759,-1.05922434558759,0.234855054248867,"AM",TRUE,"logRD"
"Madhuca_endertii",0.00144219356824324,0.172868238996021,0.0811966955215729,-1.05922434558759,-1.05922434558759,0.234855054248867,"AM",TRUE,"logRD"
"Payena_microphylla",0.00144219356824324,0.172868238996021,0.0811966955215729,-1.05922434558759,-1.05922434558759,0.234855054248867,"AM",TRUE,"logRD"
"Gordonia_axillaris",0.00144219356824324,0.172868238996021,0.0811966955215729,-1.05922434558759,-1.05922434558759,0.234855054248867,"AM",TRUE,"logRD"
"Schima_superba",0.00144219356824324,0.172868238996021,0.0811966955215729,-1.05922434558759,-1.05922434558759,0.234855054248867,"AM",TRUE,"logRD"
"Schima_wallichii",0.00144219356824324,0.172868238996021,0.0811966955215729,-1.05922434558759,-1.05922434558759,0.234855054248867,"AM",TRUE,"logRD"
"Phlox_hoodii",0.00144219356824324,0.172868238996021,0.0811966955215729,-1.05922434558759,-1.05922434558759,0.234855054248867,"AM",TRUE,"logRD"
"Eurya_japonica",0.00144219356824324,0.172868238996021,0.0811966955215729,-1.05922434558759,-1.05922434558759,0.234855054248867,"AM",TRUE,"logRD"
"Adinandra_millettii",0.00144219356824324,0.172868238996021,0.0811966955215729,-1.05922434558759,-1.05922434558759,0.234855054248867,"AM",TRUE,"logRD"
"Ternstroemia_coriacea",0.00144219356824324,0.172868238996021,0.0811966955215729,-1.05922434558759,-1.05922434558759,0.234855054248867,"AM",TRUE,"logRD"
"Pentaphylax_euryoides",0.00144219356824324,0.172868238996021,0.0811966955215729,-1.05922434558759,-1.05922434558759,0.234855054248867,"AM",TRUE,"logRD"
"Deutzia_glabrata",0.00144219356824324,0.172868238996021,0.0811966955215729,-1.05922434558759,-1.05922434558759,0.234855054248867,"AM",TRUE,"logRD"
"Deutzia_grandiflora",0.00144219356824324,0.172868238996021,0.0811966955215729,-1.05922434558759,-1.05922434558759,0.234855054248867,"AM",TRUE,"logRD"
"Philadelphus_incanus",0.00144219356824324,0.172868238996021,0.0811966955215729,-1.05922434558759,-1.05922434558759,0.234855054248867,"AM",TRUE,"logRD"
"Cornus_bretschneideri",0.00144219356824324,0.172868238996021,0.0811966955215729,-1.05922434558759,-1.05922434558759,0.234855054248867,"AM",TRUE,"logRD"
"Cornus_ulotricha",0.00144219356824324,0.172868238996021,0.0811966955215729,-1.05922434558759,-1.05922434558759,0.234855054248867,"AM",TRUE,"logRD"
"Cornus_controversa",0.00144219356824324,0.172868238996021,0.0811966955215729,-1.05922434558759,-1.05922434558759,0.234855054248867,"AM",TRUE,"logRD"
"Cornus_kousa",0.00144219356824324,0.172868238996021,0.0811966955215729,-1.05922434558759,-1.05922434558759,0.234855054248867,"AM",TRUE,"logRD"
"Cornus_florida",0.00144219356824324,0.172868238996021,0.0811966955215729,-1.05922434558759,-1.05922434558759,0.234855054248867,"AM",TRUE,"logRD"
"Cornus_officinalis",0.00144219356824324,0.172868238996021,0.0811966955215729,-1.05922434558759,-1.05922434558759,0.234855054248867,"AM",TRUE,"logRD"
"Alangium_chinense",0.00144219356824324,0.172868238996021,0.0811966955215729,-1.05922434558759,-1.05922434558759,0.234855054248867,"AM",TRUE,"logRD"
"Nyssa_aquatica",0.00144219356824324,0.172868238996021,0.0811966955215729,-1.05922434558759,-1.05922434558759,0.234855054248867,"AM",TRUE,"logRD"
"Nyssa_sylvatica",0.00144219356824324,0.172868238996021,0.0811966955215729,-1.05922434558759,-1.05922434558759,0.234855054248867,"AM",TRUE,"logRD"
"Silene_rupestris",0.00108560690150181,0.172868238996021,0.0811772438006209,-1.19006929695294,-1.19006929472668,0.234777935652562,"NMAM",TRUE,"logRD"
"Arenaria_serpyllifolia",0.00108560690150181,0.172868238996021,0.0811772438006209,-1.19006929695294,-1.19006929472668,0.234777935652562,"NMAM",TRUE,"logRD"
"Cerastium_fontanum",0.00108560690150181,0.172868238996021,0.0811772438006209,-1.19006929695294,-1.19006929472668,0.234777935652562,"NMAM",TRUE,"logRD"
"Cerastium_arvense",0.00108560690150181,0.172868238996021,0.0811772438006209,-1.19006929695294,-1.19006929472668,0.234777935652562,"NMAM",TRUE,"logRD"
"Eurotia_lanata",0.00144219356824324,0.172868238996021,0.0811966955215729,-1.05922434558759,-1.06223199635654,0.234854741085798,"AM",TRUE,"logRD"
"Chenopodium_serotinum",0.00108560690150181,0.172868238996021,0.0811772438006209,-1.19006929695294,-1.19006929472668,0.234777935652562,"NMAM",TRUE,"logRD"
"Chenopodium_album",0.00108560690150181,0.172868238996021,0.0811772438006209,-1.19006929695294,-1.19006929472668,0.234777935652562,"NMAM",TRUE,"logRD"
"Alternanthera_sessilis",0.00108560690150181,0.172868238996021,0.0811772438006209,-1.19006929695294,-1.19006929472668,0.234777935652556,"NMAM",TRUE,"logRD"
"Rumex_acetosa",0.00108560690150181,0.172868238996021,0.0811772438006209,-1.19006929695294,-1.19006929436905,0.234777935652562,"NMAM",TRUE,"logRD"
"Rumex_acetosella",0.00108560690150181,0.172868238996021,0.0811772438006209,-1.19006929695294,-1.19006929436905,0.234777935652562,"NMAM",TRUE,"logRD"
"Fallopia_convolvulus",0.00108560690150181,0.172868238996021,0.0811772438006209,-1.19006929695294,-1.19006929436905,0.234777935652563,"NMAM",TRUE,"logRD"
"Coccoloba_manzinellensis",0.000497672180951703,0.172868238996021,0.0811946926087969,-1.13275861396185,-1.13402114191674,0.234846849658703,"EcM",TRUE,"logRD"
"Coccoloba_excelsa",0.000497672180951703,0.172868238996021,0.0811946926087969,-1.13275861396185,-1.13402114191674,0.234846849658703,"EcM",TRUE,"logRD"
"Armeria_velutina",0.00108560690150181,0.172868238996021,0.0811772438006209,-1.19006929695294,-1.19006929436905,0.234777935652562,"NMAM",TRUE,"logRD"
"Schoepfia_jasminodora",0.00144219356824324,0.172868238996021,0.0811966955215729,-1.05922434558759,-1.05922434558759,0.234855054248867,"AM",TRUE,"logRD"
"Osyris_alba",0.00108560690150181,0.172868238996021,0.0811772438006209,-1.19006929695294,-1.18993792683212,0.234777938882227,"NMAM",TRUE,"logRD"
"Comandra_umbellata",0.00144219356824324,0.172868238996021,0.0811966955215729,-1.05922434558759,-1.05922434558759,0.234855054248867,"AM",TRUE,"logRD"
"Stauracanthus_genistoides",0.00144219356824324,0.172868238996021,0.0811966955215729,-1.05922434558759,-1.05922434558759,0.234855054248867,"AM",TRUE,"logRD"
"Trifolium_spumosum",0.00144219356824324,0.172868238996021,0.0811966955215729,-1.05922434558759,-1.05922434558759,0.234855054248867,"AM",TRUE,"logRD"
"Trifolium_repens",0.00144219356824324,0.172868238996021,0.0811966955215729,-1.05922434558759,-1.05922434558759,0.234855054248867,"AM",TRUE,"logRD"
"Trifolium_pratense",0.00144219356824324,0.172868238996021,0.0811966955215729,-1.05922434558759,-1.05922434558759,0.234855054248867,"AM",TRUE,"logRD"
"Trifolium_incarnatum",0.00144219356824324,0.172868238996021,0.0811966955215729,-1.05922434558759,-1.05922434558759,0.234855054248867,"AM",TRUE,"logRD"
"Trifolium_hirtum",0.00144219356824324,0.172868238996021,0.0811966955215729,-1.05922434558759,-1.05922434558759,0.234855054248867,"AM",TRUE,"logRD"
"Trifolium_angustifolium",0.00144219356824324,0.172868238996021,0.0811966955215729,-1.05922434558759,-1.05922434558759,0.234855054248867,"AM",TRUE,"logRD"
"Trifolium_purpureum",0.00144219356824324,0.172868238996021,0.0811966955215729,-1.05922434558759,-1.05922434558759,0.234855054248867,"AM",TRUE,"logRD"
"Trifolium_subterraneum",0.00144219356824324,0.172868238996021,0.0811966955215729,-1.05922434558759,-1.05922434558759,0.234855054248867,"AM",TRUE,"logRD"
"Trifolium_dubium",0.00144219356824324,0.172868238996021,0.0811966955215729,-1.05922434558759,-1.05922434558759,0.234855054248867,"AM",TRUE,"logRD"
"Medicago_sativa",0.00144219356824324,0.172868238996021,0.0811966955215729,-1.05922434558759,-1.05922434558759,0.234855054248867,"AM",TRUE,"logRD"
"Medicago_ruthenica",0.00144219356824324,0.172868238996021,0.0811966955215729,-1.05922434558759,-1.05922434558759,0.234855054248867,"AM",TRUE,"logRD"
"Medicago_minima",0.00144219356824324,0.172868238996021,0.0811966955215729,-1.05922434558759,-1.05922434558759,0.234855054248867,"AM",TRUE,"logRD"
"Melilotus_officinalis",0.00144219356824324,0.172868238996021,0.0811966955215729,-1.05922434558759,-1.05922434558759,0.234855054248867,"AM",TRUE,"logRD"
"Vicia_americana",0.00144219356824324,0.172868238996021,0.0811966955215729,-1.05922434558759,-1.05922434558759,0.234855054248867,"AM",TRUE,"logRD"
"Vicia_villosa",0.00144219356824324,0.172868238996021,0.0811966955215729,-1.05922434558759,-1.05922434558759,0.234855054248867,"AM",TRUE,"logRD"
"Lathyrus_venosus",0.00144219356824324,0.172868238996021,0.0811966955215729,-1.05922434558759,-1.05922434558759,0.234855054248867,"AM",TRUE,"logRD"
"Astragalus_bisulcatus",0.00144219356824324,0.172868238996021,0.0811966955215729,-1.05922434558759,-1.05922434558759,0.234855054248867,"AM",TRUE,"logRD"
"Astragalus_agrestis",0.00144219356824324,0.172868238996021,0.0811966955215729,-1.05922434558759,-1.05922434558759,0.234855054248867,"AM",TRUE,"logRD"
"Astragalus_scaberrimus",0.00144219356824324,0.172868238996021,0.0811966955215729,-1.05922434558759,-1.05922434558759,0.234855054248867,"AM",TRUE,"logRD"
"Astragalus_canadensis",0.00144219356824324,0.172868238996021,0.0811966955215729,-1.05922434558759,-1.05922434558759,0.234855054248867,"AM",TRUE,"logRD"
"Astragalus_aboriginum",0.00144219356824324,0.172868238996021,0.0811966955215729,-1.05922434558759,-1.05922434558759,0.234855054248867,"AM",TRUE,"logRD"
"Astragalus_pelecinus",0.00144219356824324,0.172868238996021,0.0811966955215729,-1.05922434558759,-1.05922434558759,0.234855054248867,"AM",TRUE,"logRD"
"Oxytropis_sericea",0.00144219356824324,0.172868238996021,0.0811966955215729,-1.05922434558759,-1.05922434558759,0.234855054248867,"AM",TRUE,"logRD"
"Caragana_microphylla",0.00144219356824324,0.172868238996021,0.0811966955215729,-1.05922434558759,-1.05922434558759,0.234855054248867,"AM",TRUE,"logRD"
"Lotus_tenuis",0.00144219356824324,0.172868238996021,0.0811966955215729,-1.05922434558759,-1.05922434558759,0.234855054248867,"AM",TRUE,"logRD"
"Lotus_corniculatus",0.00144219356824324,0.172868238996021,0.0811966955215729,-1.05922434558759,-1.05922434558759,0.234855054248867,"AM",TRUE,"logRD"
"Ornithopus_sativus",0.00144219356824324,0.172868238996021,0.0811966955215729,-1.05922434558759,-1.05922434558759,0.234855054248867,"AM",TRUE,"logRD"
"Ornithopus_compressus",0.00144219356824324,0.172868238996021,0.0811966955215729,-1.05922434558759,-1.05922434558759,0.234855054248867,"AM",TRUE,"logRD"
"Anthyllis_cytisoides",0.00144219356824324,0.172868238996021,0.0811966955215729,-1.05922434558759,-1.05922434558759,0.234855054248867,"AM",TRUE,"logRD"
"Anthyllis_terniflora",0.00144219356824324,0.172868238996021,0.0811966955215729,-1.05922434558759,-1.05922434558759,0.234855054248867,"AM",TRUE,"logRD"
"Coronilla_juncea",0.00144219356824324,0.172868238996021,0.0811966955215729,-1.05922434558759,-1.05922434558759,0.234855054248867,"AM",TRUE,"logRD"
"Coronilla_minima",0.00144219356824324,0.172868238996021,0.0811966955215729,-1.05922434558759,-1.05922434558759,0.234855054248867,"AM",TRUE,"logRD"
"Gliricidia_sepium",0.00144219356824324,0.172868238996021,0.0811966955215729,-1.05922434558759,-1.05922434558759,0.234855054248861,"AM",TRUE,"logRD"
"Pueraria_stricta",0.00144219356824324,0.172868238996021,0.0811966955215729,-1.05922434558759,-1.05922434558759,0.234855054248867,"AM",TRUE,"logRD"
"Bituminaria_bituminosa",0.00144219356824324,0.172868238996021,0.0811966955215729,-1.05922434558759,-1.05922434558759,0.234855054248867,"AM",TRUE,"logRD"
"Desmodium_canadense",0.00144219356824324,0.172868238996021,0.0811966955215729,-1.05922434558759,-1.05922434558759,0.234855054248867,"AM",TRUE,"logRD"
"Lespedeza_bicolor",0.00144219356824324,0.172868238996021,0.0811966955215729,-1.05922434558759,-1.05922434558759,0.234855054248867,"AM",TRUE,"logRD"
"Lespedeza_davurica",0.00144219356824324,0.172868238996021,0.0811966955215729,-1.05922434558759,-1.05922434558759,0.234855054248867,"AM",TRUE,"logRD"
"Lespedeza_davidii",0.00144219356824324,0.172868238996021,0.0811966955215729,-1.05922434558759,-1.05922434558759,0.234855054248867,"AM",TRUE,"logRD"
"Lespedeza_thunbergii",0.00144219356824324,0.172868238996021,0.0811966955215729,-1.05922434558759,-1.05922434558759,0.234855054248867,"AM",TRUE,"logRD"
"Lespedeza_capitata",0.00144219356824324,0.172868238996021,0.0811966955215729,-1.05922434558759,-1.05922434558759,0.234855054248867,"AM",TRUE,"logRD"
"Millettia_leptobotrya",0.00144219356824324,0.172868238996021,0.0811966955215729,-1.05922434558759,-1.05922434558759,0.234855054248861,"AM",TRUE,"logRD"
"Clitoria_javitensis",0.00144219356824324,0.172868238996021,0.0811966955215729,-1.05922434558759,-1.05922434558759,0.234855054248867,"AM",TRUE,"logRD"
"Dalea_purpurea",0.00144219356824324,0.172868238996021,0.0811966955215729,-1.05922434558759,-1.05922434558759,0.234855054248867,"AM",TRUE,"logRD"
"Lupinus_perennis",0.000278739128544427,0.172868238996021,0.0812020276083795,-1.35938633420833,-1.30143030996723,0.234874274979541,"NM",TRUE,"logRD"
"Cytisus_grandiflorus",0.00144219356824324,0.172868238996021,0.0811966955215729,-1.05922434558759,-1.05922434558759,0.234855054248867,"AM",TRUE,"logRD"
"Genista_triacanthos",0.00144219356824324,0.172868238996021,0.0811966955215729,-1.05922434558759,-1.05922434558759,0.234855054248861,"AM",TRUE,"logRD"
"Genista_hirsuta",0.00144219356824324,0.172868238996021,0.0811966955215729,-1.05922434558759,-1.05922434558759,0.234855054248861,"AM",TRUE,"logRD"
"Ulex_parviflorus",0.00144219356824324,0.172868238996021,0.0811966955215729,-1.05922434558759,-1.05922434558759,0.234855054248867,"AM",TRUE,"logRD"
"Calpurnia_aurea",0.00144219356824324,0.172868238996021,0.0811966955215729,-1.05922434558759,-1.05922434558759,0.234855054248867,"AM",TRUE,"logRD"
"Thermopsis_rhombifolia",0.00144219356824324,0.172868238996021,0.0811966955215729,-1.05922434558759,-1.05922434558759,0.234855054248867,"AM",TRUE,"logRD"
"Baptisia_alba",0.00144219356824324,0.172868238996021,0.0811966955215729,-1.05922434558759,-1.05922434558759,0.234855054248867,"AM",TRUE,"logRD"
"Pterocarpus_indicus",0.00144219356824324,0.172868238996021,0.0811966955215729,-1.05922434558759,-1.05922434558759,0.234855054248867,"AM",TRUE,"logRD"
"Platypodium_elegans",0.00144219356824324,0.172868238996021,0.0811966955215729,-1.05922434558759,-1.05922434558759,0.234855054248867,"AM",TRUE,"logRD"
"Sophora_microphylla",0.00144219356824324,0.172868238996021,0.0811966955215729,-1.05922434558759,-1.05922434558759,0.234855054248867,"AM",TRUE,"logRD"
"Styphnolobium_japonicum",0.00144219356824324,0.172868238996021,0.0811966955215729,-1.05922434558759,-1.05922434558759,0.234855054248867,"AM",TRUE,"logRD"
"Leucaena_Leucocephala",0.00144219356824324,0.172868238996021,0.0811966955215729,-1.05922434558759,-1.05922434558759,0.234855054248861,"AM",TRUE,"logRD"
"Acacia_mangium",0.000249425491072506,0.172868238996021,0.0813691553325156,-1.35857999017231,-1.34126210607652,0.235528113278147,"EcMAM",TRUE,"logRD"
"Acacia_auriculiformis",0.000249425491072506,0.172868238996021,0.0813691553325156,-1.35857999017231,-1.34126210607652,0.235528113278147,"EcMAM",TRUE,"logRD"
"Acacia_crassicarpa",0.000249425491072506,0.172868238996021,0.0813691553325156,-1.35857999017231,-1.34126210607652,0.235528113278147,"EcMAM",TRUE,"logRD"
"Archidendron_lucidum",0.00144219356824324,0.172868238996021,0.0811966955215729,-1.05922434558759,-1.05922434558759,0.234855054248861,"AM",TRUE,"logRD"
"Archidendron_clypearia",0.00144219356824324,0.172868238996021,0.0811966955215729,-1.05922434558759,-1.05922434558759,0.234855054248861,"AM",TRUE,"logRD"
"Chamaecrista_fasciculata",0.00144219356824324,0.172868238996021,0.0811966955215729,-1.05922434558759,-1.05922434558759,0.234855054248861,"AM",TRUE,"logRD"
"Gleditsia_triacanthos",0.00144219356824324,0.172868238996021,0.0811966955215729,-1.05922434558759,-1.05922434558759,0.234855054248867,"AM",TRUE,"logRD"
"Bauhinia_championii",0.00144219356824324,0.172868238996021,0.0811966955215729,-1.05922434558759,-1.05922434558759,0.234855054248867,"AM",TRUE,"logRD"
"Cercis_canadensis",0.00144219356824324,0.172868238996021,0.0811966955215729,-1.05922434558759,-1.05922434558759,0.234855054248867,"AM",TRUE,"logRD"
"Xanthophyllum_tenue",0.00144219356824324,0.172868238996021,0.0811966955215729,-1.05922434558759,-1.05922434558759,0.234855054248867,"AM",TRUE,"logRD"
"Potentilla_tanacetifolia",0.00144219356824324,0.172868238996021,0.0811966955215729,-1.05922434558759,-1.05922434558759,0.234855054248867,"AM",TRUE,"logRD"
"Potentilla_neumanniana",0.00144219356824324,0.172868238996021,0.0811966955215729,-1.05922434558759,-1.05922434558759,0.234855054248867,"AM",TRUE,"logRD"
"Potentilla_acaulis",0.00144219356824324,0.172868238996021,0.0811966955215729,-1.05922434558759,-1.05922434558759,0.234855054248867,"AM",TRUE,"logRD"
"Duchesnea_indica",0.00144219356824324,0.172868238996021,0.0811966955215729,-1.05922434558759,-1.05922434558759,0.234855054248867,"AM",TRUE,"logRD"
"Alchemilla_alpina",0.00144219356824324,0.172868238996021,0.0811966955215729,-1.05922434558759,-1.05922434558759,0.234855054248867,"AM",TRUE,"logRD"
"Sibbaldianthe_bifurca",0.00144219356824324,0.172868238996021,0.0811966955215729,-1.05922434558759,-1.05922434558759,0.234855054248867,"AM",TRUE,"logRD"
"Fragaria_virginiana",0.00144219356824324,0.172868238996021,0.0811966955215729,-1.05922434558759,-1.05922434558759,0.234855054248867,"AM",TRUE,"logRD"
"Potentilla_arguta",0.00144219356824324,0.172868238996021,0.0811966955215729,-1.05922434558759,-1.05922434558759,0.234855054248867,"AM",TRUE,"logRD"
"Chamaerhodos_erecta",0.00144219356824324,0.172868238996021,0.0811966955215729,-1.05922434558759,-1.05922434558759,0.234855054248867,"AM",TRUE,"logRD"
"Sanguisorba_officinalis",0.00144219356824324,0.172868238996021,0.0811966955215729,-1.05922434558759,-1.05922434558759,0.234855054248867,"AM",TRUE,"logRD"
"Sanguisorba_minor",0.00144219356824324,0.172868238996021,0.0811966955215729,-1.05922434558759,-1.05922434558759,0.234855054248867,"AM",TRUE,"logRD"
"Agrimonia_pilosa",0.00144219356824324,0.172868238996021,0.0811966955215729,-1.05922434558759,-1.05922434558759,0.234855054248867,"AM",TRUE,"logRD"
"Rosa_arkansana",0.00144219356824324,0.172868238996021,0.0811966955215729,-1.05922434558759,-1.05922434558759,0.234855054248867,"AM",TRUE,"logRD"
"Rosa_canina",0.00144219356824324,0.172868238996021,0.0811966955215729,-1.05922434558759,-1.05922434558759,0.234855054248867,"AM",TRUE,"logRD"
"Rosa_acicularis",0.00144219356824324,0.172868238996021,0.0811966955215729,-1.05922434558759,-1.05922434558759,0.234855054248867,"AM",TRUE,"logRD"
"Rosa_xanthina",0.00144219356824324,0.172868238996021,0.0811966955215729,-1.05922434558759,-1.05922434558759,0.234855054248867,"AM",TRUE,"logRD"
"Rubus_irritans",0.00144219356824324,0.172868238996021,0.0811966955215729,-1.05922434558759,-1.05922434558759,0.234855054248867,"AM",TRUE,"logRD"
"Rubus_ulmifolius",0.00144219356824324,0.172868238996021,0.0811966955215729,-1.05922434558759,-1.05922434558759,0.234855054248867,"AM",TRUE,"logRD"
"Rubus_allegheniensis",0.00144219356824324,0.172868238996021,0.0811966955215729,-1.05922434558759,-1.05922434558759,0.234855054248867,"AM",TRUE,"logRD"
"Rubus_corchorifolius",0.00144219356824324,0.172868238996021,0.0811966955215729,-1.05922434558759,-1.05922434558759,0.234855054248867,"AM",TRUE,"logRD"
"Rubus_rosifolius",0.00144219356824324,0.172868238996021,0.0811966955215729,-1.05922434558759,-1.05922434558759,0.234855054248867,"AM",TRUE,"logRD"
"Rubus_crataegifolius",0.00144219356824324,0.172868238996021,0.0811966955215729,-1.05922434558759,-1.05922434558759,0.234855054248867,"AM",TRUE,"logRD"
"Rubus_phoenicolasius",0.00144219356824324,0.172868238996021,0.0811966955215729,-1.05922434558759,-1.05922434558759,0.234855054248867,"AM",TRUE,"logRD"
"Rubus_idaeus",0.00144219356824324,0.172868238996021,0.0811966955215729,-1.05922434558759,-1.05922434558759,0.234855054248867,"AM",TRUE,"logRD"
"Filipendula_palmata",0.00144219356824324,0.172868238996021,0.0811966955215729,-1.05922434558759,-1.05922434558759,0.234855054248867,"AM",TRUE,"logRD"
"Malus_domestica",0.00144219356824324,0.172868238996021,0.0811966955215729,-1.05922434558759,-1.05922434558759,0.234855054248867,"AM",TRUE,"logRD"
"Malus_baccata",0.00144219356824324,0.172868238996021,0.0811966955215729,-1.05922434558759,-1.05922434558759,0.234855054248867,"AM",TRUE,"logRD"
"Cydonia_oblonga",0.00144219356824324,0.172868238996021,0.0811966955215729,-1.05922434558759,-1.05922434558759,0.234855054248867,"AM",TRUE,"logRD"
"Crataegus_pinnatifida",0.00144219356824324,0.172868238996021,0.0811966955215729,-1.05922434558759,-1.05922434558759,0.234855054248867,"AM",TRUE,"logRD"
"Crataegus_monogyna",0.00144219356824324,0.172868238996021,0.0811966955215729,-1.05922434558759,-1.05922434558759,0.234855054248867,"AM",TRUE,"logRD"
"Cotoneaster_multiflorus",0.00144219356824324,0.172868238996021,0.0811966955215729,-1.05922434558759,-1.05922434558759,0.234855054248867,"AM",TRUE,"logRD"
"Cotoneaster_adpressus",0.00144219356824324,0.172868238996021,0.0811966955215729,-1.05922434558759,-1.05922434558759,0.234855054248867,"AM",TRUE,"logRD"
"Cotoneaster_acutifolius",0.00144219356824324,0.172868238996021,0.0811966955215729,-1.05922434558759,-1.05922434558759,0.234855054248867,"AM",TRUE,"logRD"
"Pyrus_bourgaeana",0.00144219356824324,0.172868238996021,0.0811966955215729,-1.05922434558759,-1.05922434558759,0.234855054248867,"AM",TRUE,"logRD"
"Pyrus_betulifolia",0.00144219356824324,0.172868238996021,0.0811966955215729,-1.05922434558759,-1.05922434558759,0.234855054248867,"AM",TRUE,"logRD"
"Sorbus_discolor",0.00144219356824324,0.172868238996021,0.0811966955215729,-1.05922434558759,-1.05922434558759,0.234855054248867,"AM",TRUE,"logRD"
"Sorbus_aucuparia",0.00144219356824324,0.172868238996021,0.0811966955215729,-1.05922434558759,-1.05922434558759,0.234855054248867,"AM",TRUE,"logRD"
"Eriobotrya_japonica",0.00144219356824324,0.172868238996021,0.0811966955215729,-1.05922434558759,-1.05922434558759,0.234855054248867,"AM",TRUE,"logRD"
"Rhaphiolepis_indica",0.00144219356824324,0.172868238996021,0.0811966955215729,-1.05922434558759,-1.05922434558759,0.234855054248867,"AM",TRUE,"logRD"
"Amelanchier_alnifolia",0.00144219356824324,0.172868238996021,0.0811966955215729,-1.05922434558759,-1.05922434558759,0.234855054248867,"AM",TRUE,"logRD"
"Spiraea_dahurica",0.00144219356824324,0.172868238996021,0.0811966955215729,-1.05922434558759,-1.05922434558759,0.234855054248867,"AM",TRUE,"logRD"
"Spiraea_pubescens",0.00144219356824324,0.172868238996021,0.0811966955215729,-1.05922434558759,-1.05922434558759,0.234855054248867,"AM",TRUE,"logRD"
"Prunus_alabamensis",0.00144219356824324,0.172868238996021,0.0811966955215729,-1.05922434558759,-1.05922434558759,0.234855054248867,"AM",TRUE,"logRD"
"Prunus_armeniaca",0.00144219356824324,0.172868238996021,0.0811966955215729,-1.05922434558759,-1.05922434558759,0.234855054248867,"AM",TRUE,"logRD"
"Prunus_sibirica",0.00144219356824324,0.172868238996021,0.0811966955215729,-1.05922434558759,-1.05922434558759,0.234855054248867,"AM",TRUE,"logRD"
"Prunus_persica",0.00144219356824324,0.172868238996021,0.0811966955215729,-1.05922434558759,-1.05922434558759,0.234855054248867,"AM",TRUE,"logRD"
"Prunus_sargentii",0.00144219356824324,0.172868238996021,0.0811966955215729,-1.05922434558759,-1.05922434558759,0.234855054248867,"AM",TRUE,"logRD"
"Prunus_avium",0.00144219356824324,0.172868238996021,0.0811966955215729,-1.05922434558759,-1.05922434558759,0.234855054248867,"AM",TRUE,"logRD"
"Prunus_virginiana",0.00144219356824324,0.172868238996021,0.0811966955215729,-1.05922434558759,-1.05922434558759,0.234855054248867,"AM",TRUE,"logRD"
"Prunus_serotina",0.00144219356824324,0.172868238996021,0.0811966955215729,-1.05922434558759,-1.05922434558759,0.234855054248867,"AM",TRUE,"logRD"
"Prunus_padus",0.00144219356824324,0.172868238996021,0.0811966955215729,-1.05922434558759,-1.05922434558759,0.234855054248867,"AM",TRUE,"logRD"
"Ficus_variolosa",0.00144219356824324,0.172868238996021,0.0811966955215729,-1.05922434558759,-1.05922434558759,0.234855054248867,"AM",TRUE,"logRD"
"Ficus_carica",0.00144219356824324,0.172868238996021,0.0811966955215729,-1.05922434558759,-1.05922434558759,0.234855054248867,"AM",TRUE,"logRD"
"Ficus_tikoua",0.00144219356824324,0.172868238996021,0.0811966955215729,-1.05922434558759,-1.05922434558759,0.234855054248867,"AM",TRUE,"logRD"
"Artocarpus_styracifolius",0.00144219356824324,0.172868238996021,0.0811966955215729,-1.05922434558759,-1.05922434558759,0.234855054248867,"AM",TRUE,"logRD"
"Oreocnide_frutescens",0.00108560690150181,0.172868238996021,0.0811772438006209,-1.19006929695294,-1.18971742993492,0.234777949287136,"NMAM",TRUE,"logRD"
"Celtis_australis",0.00144219356824324,0.172868238996021,0.0811966955215729,-1.05922434558759,-1.05922434558759,0.234855054248867,"AM",TRUE,"logRD"
"Celtis_sinensis",0.00144219356824324,0.172868238996021,0.0811966955215729,-1.05922434558759,-1.05922434558759,0.234855054248867,"AM",TRUE,"logRD"
"Gironniera_subaequalis",0.00144219356824324,0.172868238996021,0.0811966955215729,-1.05922434558759,-1.05922434558759,0.234855054248867,"AM",TRUE,"logRD"
"Ulmus_laciniata",0.00144219356824324,0.172868238996021,0.0811966955215729,-1.05922434558759,-1.05922434558759,0.234855054248867,"AM",TRUE,"logRD"
"Ulmus_minor",0.00144219356824324,0.172868238996021,0.0811966955215729,-1.05922434558759,-1.05922434558759,0.234855054248867,"AM",TRUE,"logRD"
"Ulmus_macrocarpa",0.00144219356824324,0.172868238996021,0.0811966955215729,-1.05922434558759,-1.05922434558759,0.234855054248867,"AM",TRUE,"logRD"
"Ulmus_pumila",0.00144219356824324,0.172868238996021,0.0811966955215729,-1.05922434558759,-1.05922434558759,0.234855054248867,"AM",TRUE,"logRD"
"Ulmus_davidiana",0.00144219356824324,0.172868238996021,0.0811966955215729,-1.05922434558759,-1.05922434558759,0.234855054248867,"AM",TRUE,"logRD"
"Ulmus_rubra",0.00144219356824324,0.172868238996021,0.0811966955215729,-1.05922434558759,-1.05922434558759,0.234855054248867,"AM",TRUE,"logRD"
"Ulmus_americana",0.00144219356824324,0.172868238996021,0.0811966955215729,-1.05922434558759,-1.05922434558759,0.234855054248867,"AM",TRUE,"logRD"
"Rhamnus_davurica",0.00144219356824324,0.172868238996021,0.0811966955215729,-1.05922434558759,-1.05922434558759,0.234855054248867,"AM",TRUE,"logRD"
"Rhamnus_lycioides",0.00144219356824324,0.172868238996021,0.0811966955215729,-1.05922434558759,-1.05922434558759,0.234855054248867,"AM",TRUE,"logRD"
"Rhamnus_alaternus",0.00144219356824324,0.172868238996021,0.0811966955215729,-1.05922434558759,-1.05922434558759,0.234855054248867,"AM",TRUE,"logRD"
"Elaeagnus_commutata",0.00144219356824324,0.172868238996021,0.0811966955215729,-1.05922434558759,-1.05922434558759,0.234855054248867,"AM",TRUE,"logRD"
"Coriaria_arborea",0.00144219356824324,0.172868238996021,0.0811966955215729,-1.05922434558759,-1.05922434558759,0.234855054248867,"AM",TRUE,"logRD"
"Coriaria_nepalensis",0.00144219356824324,0.172868238996021,0.0811966955215729,-1.05922434558759,-1.05922434558759,0.234855054248867,"AM",TRUE,"logRD"
"Corynocarpus_laevigatus",0.00144219356824324,0.172868238996021,0.0811966955215729,-1.05922434558759,-1.05922434558759,0.234855054248867,"AM",TRUE,"logRD"
"Carpinus_caroliniana",0.000497672180951703,0.172868238996021,0.0811946926087969,-1.13275861396185,-1.13275861300291,0.234847113469633,"EcM",TRUE,"logRD"
"Carpinus_betulus",0.000497672180951703,0.172868238996021,0.0811946926087969,-1.13275861396185,-1.13275861300291,0.234847113469633,"EcM",TRUE,"logRD"
"Carpinus_cordata",0.000497672180951703,0.172868238996021,0.0811946926087969,-1.13275861396185,-1.13275861300291,0.234847113469633,"EcM",TRUE,"logRD"
"Corylus_ferox",0.000497672180951703,0.172868238996021,0.0811946926087969,-1.13275861396185,-1.13275861300291,0.234847113469633,"EcM",TRUE,"logRD"
"Corylus_sieboldiana",0.000497672180951703,0.172868238996021,0.0811946926087969,-1.13275861396185,-1.13275861300291,0.234847113469633,"EcM",TRUE,"logRD"
"Betula_albosinensis",0.000497672180951703,0.172868238996021,0.0811946926087969,-1.13275861396185,-1.13275861300291,0.234847113469633,"EcM",TRUE,"logRD"
"Betula_platyphylla",0.000497672180951703,0.172868238996021,0.0811946926087969,-1.13275861396185,-1.13275861300291,0.234847113469633,"EcM",TRUE,"logRD"
"Betula_pendula",0.000497672180951703,0.172868238996021,0.0811946926087969,-1.13275861396185,-1.13275861300291,0.234847113469633,"EcM",TRUE,"logRD"
"Betula_dahurica",0.000497672180951703,0.172868238996021,0.0811946926087969,-1.13275861396185,-1.13275861300291,0.234847113469633,"EcM",TRUE,"logRD"
"Betula_costata",0.000497672180951703,0.172868238996021,0.0811946926087969,-1.13275861396185,-1.13275861300291,0.234847113469633,"EcM",TRUE,"logRD"
"Betula_fruticosa",0.000497672180951703,0.172868238996021,0.0811946926087969,-1.13275861396185,-1.13275861300291,0.234847113469633,"EcM",TRUE,"logRD"
"Betula_alleghaniensis",0.000497672180951703,0.172868238996021,0.0811946926087969,-1.13275861396185,-1.13275861300291,0.234847113469633,"EcM",TRUE,"logRD"
"Betula_lenta",0.000497672180951703,0.172868238996021,0.0811946926087969,-1.13275861396185,-1.13275861300291,0.234847113469633,"EcM",TRUE,"logRD"
"Alnus_glutinosa",0.000497672180951703,0.172868238996021,0.0811946926087969,-1.13275861396185,-1.13275861300291,0.234847113469633,"EcM",TRUE,"logRD"
"Alnus_hirsuta",0.000497672180951703,0.172868238996021,0.0811946926087969,-1.13275861396185,-1.13275861300291,0.234847113469633,"EcM",TRUE,"logRD"
"Alnus_formosana",0.000497672180951703,0.172868238996021,0.0811946926087969,-1.13275861396185,-1.13275861300291,0.234847113469633,"EcM",TRUE,"logRD"
"Alnus_mandshurica",0.000497672180951703,0.172868238996021,0.0811946926087969,-1.13275861396185,-1.13275861300291,0.234847113469633,"EcM",TRUE,"logRD"
"Engelhardia_roxburghiana",0.000497672180951703,0.172868238996021,0.0811946926087969,-1.13275861396185,-1.13275861300291,0.234847113469633,"EcM",TRUE,"logRD"
"Juglans_nigra",0.00144219356824324,0.172868238996021,0.0811966955215729,-1.05922434558759,-1.06160365440428,0.234855001100777,"AM",TRUE,"logRD"
"Juglans_mandshurica",0.00144219356824324,0.172868238996021,0.0811966955215729,-1.05922434558759,-1.06160365440428,0.234855001100777,"AM",TRUE,"logRD"
"Carya_glabra",0.000497672180951703,0.172868238996021,0.0811946926087969,-1.13275861396185,-1.13275861300291,0.234847113469633,"EcM",TRUE,"logRD"
"Carya_cordiformis",0.000497672180951703,0.172868238996021,0.0811946926087969,-1.13275861396185,-1.13275861300291,0.234847113469633,"EcM",TRUE,"logRD"
"Carya_ovata",0.000497672180951703,0.172868238996021,0.0811946926087969,-1.13275861396185,-1.13275861300291,0.234847113469633,"EcM",TRUE,"logRD"
"Quercus_lowii",0.000497672180951703,0.172868238996021,0.0811946926087969,-1.13275861396185,-1.13275861300292,0.234847113469633,"EcM",TRUE,"logRD"
"Quercus_ilex",0.000497672180951703,0.172868238996021,0.0811946926087969,-1.13275861396185,-1.13275861300292,0.234847113469633,"EcM",TRUE,"logRD"
"Quercus_serrata",0.000497672180951703,0.172868238996021,0.0811946926087969,-1.13275861396185,-1.13275861300291,0.234847113469633,"EcM",TRUE,"logRD"
"Quercus_robur",0.000497672180951703,0.172868238996021,0.0811946926087969,-1.13275861396185,-1.13275861300291,0.234847113469626,"EcM",TRUE,"logRD"
"Quercus_mongolica",0.000497672180951703,0.172868238996021,0.0811946926087969,-1.13275861396185,-1.13275861300292,0.234847113469633,"EcM",TRUE,"logRD"
"Quercus_aliena",0.000497672180951703,0.172868238996021,0.0811946926087969,-1.13275861396185,-1.13275861300291,0.234847113469633,"EcM",TRUE,"logRD"
"Quercus_alba",0.000497672180951703,0.172868238996021,0.0811946926087969,-1.13275861396185,-1.13275861300292,0.234847113469633,"EcM",TRUE,"logRD"
"Quercus_macrocarpa",0.000497672180951703,0.172868238996021,0.0811946926087969,-1.13275861396185,-1.13275861300292,0.234847113469633,"EcM",TRUE,"logRD"
"Quercus_bicolor",0.000497672180951703,0.172868238996021,0.0811946926087969,-1.13275861396185,-1.13275861300292,0.234847113469633,"EcM",TRUE,"logRD"
"Quercus_canariensis",0.000497672180951703,0.172868238996021,0.0811946926087969,-1.13275861396185,-1.13275861300292,0.234847113469633,"EcM",TRUE,"logRD"
"Quercus_faginea",0.000497672180951703,0.172868238996021,0.0811946926087969,-1.13275861396185,-1.13275861300292,0.234847113469633,"EcM",TRUE,"logRD"
"Quercus_wutaishanica",0.000497672180951703,0.172868238996021,0.0811946926087969,-1.13275861396185,-1.13275861300292,0.234847113469633,"EcM",TRUE,"logRD"
"Quercus_suber",0.000497672180951703,0.172868238996021,0.0811946926087969,-1.13275861396185,-1.13275861300292,0.234847113469633,"EcM",TRUE,"logRD"
"Quercus_variabilis",0.000497672180951703,0.172868238996021,0.0811946926087969,-1.13275861396185,-1.13275861300292,0.234847113469633,"EcM",TRUE,"logRD"
"Quercus_asymmetrica",0.000497672180951703,0.172868238996021,0.0811946926087969,-1.13275861396185,-1.13275861300292,0.234847113469633,"EcM",TRUE,"logRD"
"Quercus_glauca",0.000497672180951703,0.172868238996021,0.0811946926087969,-1.13275861396185,-1.13275861300292,0.234847113469633,"EcM",TRUE,"logRD"
"Quercus_oxyodon",0.000497672180951703,0.172868238996021,0.0811946926087969,-1.13275861396185,-1.13275861300292,0.234847113469633,"EcM",TRUE,"logRD"
"Quercus_multinervis",0.000497672180951703,0.172868238996021,0.0811946926087969,-1.13275861396185,-1.13275861300292,0.234847113469633,"EcM",TRUE,"logRD"
"Quercus_coccifera",0.000497672180951703,0.172868238996021,0.0811946926087969,-1.13275861396185,-1.13275861300292,0.234847113469633,"EcM",TRUE,"logRD"
"Quercus_palustris",0.000497672180951703,0.172868238996021,0.0811946926087969,-1.13275861396185,-1.13275861300292,0.234847113469633,"EcM",TRUE,"logRD"
"Quercus_rubra",0.000497672180951703,0.172868238996021,0.0811946926087969,-1.13275861396185,-1.13275861300292,0.234847113469633,"EcM",TRUE,"logRD"
"Castanopsis_carlesii",0.000497672180951703,0.172868238996021,0.0811946926087969,-1.13275861396185,-1.13275861300291,0.234847113469633,"EcM",TRUE,"logRD"
"Castanopsis_faberi",0.000497672180951703,0.172868238996021,0.0811946926087969,-1.13275861396185,-1.13275861300291,0.234847113469633,"EcM",TRUE,"logRD"
"Castanopsis_fargesii",0.000497672180951703,0.172868238996021,0.0811946926087969,-1.13275861396185,-1.13275861300291,0.234847113469633,"EcM",TRUE,"logRD"
"Castanopsis_echinocarpa",0.000497672180951703,0.172868238996021,0.0811946926087969,-1.13275861396185,-1.13275861300291,0.234847113469633,"EcM",TRUE,"logRD"
"Castanopsis_fissa",0.000497672180951703,0.172868238996021,0.0811946926087969,-1.13275861396185,-1.13275861300291,0.234847113469633,"EcM",TRUE,"logRD"
"Castanopsis_wattii",0.000497672180951703,0.172868238996021,0.0811946926087969,-1.13275861396185,-1.13275861300291,0.234847113469633,"EcM",TRUE,"logRD"
"Castanopsis_eyrei",0.000497672180951703,0.172868238996021,0.0811946926087969,-1.13275861396185,-1.13275861300291,0.234847113469633,"EcM",TRUE,"logRD"
"Castanopsis_hystrix",0.000497672180951703,0.172868238996021,0.0811946926087969,-1.13275861396185,-1.13275861300291,0.234847113469633,"EcM",TRUE,"logRD"
"Castanea_henryi",0.000497672180951703,0.172868238996021,0.0811946926087969,-1.13275861396185,-1.13275861300291,0.234847113469633,"EcM",TRUE,"logRD"
"Lithocarpus_rigidus",0.000497672180951703,0.172868238996021,0.0811946926087969,-1.13275861396185,-1.13275861300291,0.234847113469626,"EcM",TRUE,"logRD"
"Lithocarpus_lampadarius",0.000497672180951703,0.172868238996021,0.0811946926087969,-1.13275861396185,-1.13275861300292,0.234847113469633,"EcM",TRUE,"logRD"
"Lithocarpus_confertus",0.000497672180951703,0.172868238996021,0.0811946926087969,-1.13275861396185,-1.13275861300292,0.234847113469633,"EcM",TRUE,"logRD"
"Lithocarpus_clementianus",0.000497672180951703,0.172868238996021,0.0811946926087969,-1.13275861396185,-1.13275861300291,0.234847113469633,"EcM",TRUE,"logRD"
"Lithocarpus_chiungchungensis",0.000497672180951703,0.172868238996021,0.0811946926087969,-1.13275861396185,-1.13275861300291,0.234847113469633,"EcM",TRUE,"logRD"
"Lithocarpus_fenestratus",0.000497672180951703,0.172868238996021,0.0811946926087969,-1.13275861396185,-1.13275861300292,0.234847113469633,"EcM",TRUE,"logRD"
"Lithocarpus_cleistocarpus",0.000497672180951703,0.172868238996021,0.0811946926087969,-1.13275861396185,-1.13275861300292,0.234847113469633,"EcM",TRUE,"logRD"
"Fagus_sylvatica",0.000497672180951703,0.172868238996021,0.0811946926087969,-1.13275861396185,-1.13275861300291,0.234847113469633,"EcM",TRUE,"logRD"
"Fagus_grandifolia",0.000497672180951703,0.172868238996021,0.0811946926087969,-1.13275861396185,-1.13275861300291,0.234847113469626,"EcM",TRUE,"logRD"
"Fagus_engleriana",0.000497672180951703,0.172868238996021,0.0811946926087969,-1.13275861396185,-1.13275861300291,0.234847113469626,"EcM",TRUE,"logRD"
"Nothofagus_solandri",0.000497672180951703,0.172868238996021,0.0811946926087969,-1.13275861396185,-1.13275861300291,0.234847113469633,"EcM",TRUE,"logRD"
"Nothofagus_menziesii",0.000497672180951703,0.172868238996021,0.0811946926087969,-1.13275861396185,-1.13275861300291,0.234847113469633,"EcM",TRUE,"logRD"
"Nothofagus_fusca",0.000497672180951703,0.172868238996021,0.0811946926087969,-1.13275861396185,-1.13275861300291,0.234847113469633,"EcM",TRUE,"logRD"
"Nothofagus_obliqua",0.000497672180951703,0.172868238996021,0.0811946926087969,-1.13275861396185,-1.13275861300291,0.234847113469633,"EcM",TRUE,"logRD"
"Hypericum_perforatum",0.00144219356824324,0.172868238996021,0.0811966955215729,-1.05922434558759,-1.05922434558759,0.234855054248867,"AM",TRUE,"logRD"
"Cratoxylum_cochinchinense",0.00144219356824324,0.172868238996021,0.0811966955215729,-1.05922434558759,-1.05922434558759,0.234855054248867,"AM",TRUE,"logRD"
"Garcinia_cowa",0.00144219356824324,0.172868238996021,0.0811966955215729,-1.05922434558759,-1.05922434558759,0.234855054248867,"AM",TRUE,"logRD"
"Garcinia_oblongifolia",0.00144219356824324,0.172868238996021,0.0811966955215729,-1.05922434558759,-1.05922434558759,0.234855054248867,"AM",TRUE,"logRD"
"Salix_atrocinerea",0.000249425491072506,0.172868238996021,0.0813691553325156,-1.35857999017231,-1.35829976352053,0.23553877470789,"EcMAM",TRUE,"logRD"
"Salix_gordejevii",0.000249425491072506,0.172868238996021,0.0813691553325156,-1.35857999017231,-1.35829976303709,0.235538774707849,"EcMAM",TRUE,"logRD"
"Salix_pierotii",0.000249425491072506,0.172868238996021,0.0813691553325156,-1.35857999017231,-1.35829976352053,0.23553877470789,"EcMAM",TRUE,"logRD"
"Salix_viminalis",0.000249425491072506,0.172868238996021,0.0813691553325156,-1.35857999017231,-1.35829976352053,0.23553877470789,"EcMAM",TRUE,"logRD"
"Salix_caprea",0.000249425491072506,0.172868238996021,0.0813691553325156,-1.35857999017231,-1.35829976352053,0.23553877470789,"EcMAM",TRUE,"logRD"
"Salix_raddeana",0.000249425491072506,0.172868238996021,0.0813691553325156,-1.35857999017231,-1.35829976352053,0.23553877470789,"EcMAM",TRUE,"logRD"
"Populus_grandidentata",0.000249425491072506,0.172868238996021,0.0813691553325156,-1.35857999017231,-1.35827495143935,0.235538774707849,"EcMAM",TRUE,"logRD"
"Populus_alba",0.000249425491072506,0.172868238996021,0.0813691553325156,-1.35857999017231,-1.35827495143935,0.235538774707849,"EcMAM",TRUE,"logRD"
"Populus_tremula",0.000249425491072506,0.172868238996021,0.0813691553325156,-1.35857999017231,-1.35827495143935,0.235538774707849,"EcMAM",TRUE,"logRD"
"Populus_tremuloides",0.000249425491072506,0.172868238996021,0.0813691553325156,-1.35857999017231,-1.35827495143935,0.235538774707849,"EcMAM",TRUE,"logRD"
"Populus_cathayana",0.000249425491072506,0.172868238996021,0.0813691553325156,-1.35857999017231,-1.35827495143935,0.235538774707849,"EcMAM",TRUE,"logRD"
"Populus_koreana",0.000249425491072506,0.172868238996021,0.0813691553325156,-1.35857999017231,-1.35827495143935,0.235538774707849,"EcMAM",TRUE,"logRD"
"Populus_balsamifera",0.000249425491072506,0.172868238996021,0.0813691553325156,-1.35857999017231,-1.35827495143935,0.235538774707849,"EcMAM",TRUE,"logRD"
"Populus_trichocarpa",0.000249425491072506,0.172868238996021,0.0813691553325156,-1.35857999017231,-1.35827495143935,0.235538774707849,"EcMAM",TRUE,"logRD"
"Populus_deltoides",0.000249425491072506,0.172868238996021,0.0813691553325156,-1.35857999017231,-1.35827495143935,0.235538774707849,"EcMAM",TRUE,"logRD"
"Dovyalis_abyssinica",0.00144219356824324,0.172868238996021,0.0811966955215729,-1.05922434558759,-1.05941370164089,0.234855121805603,"AM",TRUE,"logRD"
"Viola_adunca",0.00144219356824324,0.172868238996021,0.0811966955215729,-1.05922434558759,-1.05922434558759,0.234855054248867,"AM",TRUE,"logRD"
"Viola_thomasiana",0.00144219356824324,0.172868238996021,0.0811966955215729,-1.05922434558759,-1.05922434558759,0.234855054248867,"AM",TRUE,"logRD"
"Melicytus_ramiflorus",0.00144219356824324,0.172868238996021,0.0811966955215729,-1.05922434558759,-1.05922434558759,0.234855054248867,"AM",TRUE,"logRD"
"Antidesma_maclurei",0.00144219356824324,0.172868238996021,0.0811966955215729,-1.05922434558759,-1.05922434558759,0.234855054248867,"AM",TRUE,"logRD"
"Aporosa_subcaudata",0.00144219356824324,0.172868238996021,0.0811966955215729,-1.05922434558759,-1.05922434558759,0.234855054248867,"AM",TRUE,"logRD"
"Aporosa_octandra",0.00144219356824324,0.172868238996021,0.0811966955215729,-1.05922434558759,-1.05922434558759,0.234855054248867,"AM",TRUE,"logRD"
"Aporosa_yunnanensis",0.00144219356824324,0.172868238996021,0.0811966955215729,-1.05922434558759,-1.05922434558759,0.234855054248867,"AM",TRUE,"logRD"
"Carallia_brachiata",0.00144219356824324,0.172868238996021,0.0811966955215729,-1.05922434558759,-1.05922434558759,0.234855054248867,"AM",TRUE,"logRD"
"Galearia_maingayi",0.00144219356824324,0.172868238996021,0.0811966955215729,-1.05922434558759,-1.05922434558759,0.234855054248867,"AM",TRUE,"logRD"
"Euphorbia_cyparissias",0.00144219356824324,0.172868238996021,0.0811966955215729,-1.05922434558759,-1.05922434558759,0.234855054248867,"AM",TRUE,"logRD"
"Aleurites_moluccana",0.00144219356824324,0.172868238996021,0.0811966955215729,-1.05922434558759,-1.05922434558759,0.234855054248867,"AM",TRUE,"logRD"
"Endospermum_chinense",0.00144219356824324,0.172868238996021,0.0811966955215729,-1.05922434558759,-1.05922434558759,0.234855054248867,"AM",TRUE,"logRD"
"Macaranga_sampsonii",0.00144219356824324,0.172868238996021,0.0811966955215729,-1.05922434558759,-1.05922434558759,0.234855054248867,"AM",TRUE,"logRD"
"Mallotus_paniculatus",0.00144219356824324,0.172868238996021,0.0811966955215729,-1.05922434558759,-1.05922434558759,0.234855054248867,"AM",TRUE,"logRD"
"Blumeodendron_tokbrai",0.00144219356824324,0.172868238996021,0.0811966955215729,-1.05922434558759,-1.05922434558759,0.234855054248867,"AM",TRUE,"logRD"
"Alchornea_tiliifolia",0.00144219356824324,0.172868238996021,0.0811966955215729,-1.05922434558759,-1.05922434558759,0.234855054248861,"AM",TRUE,"logRD"
"Alchornea_trewioides",0.00144219356824324,0.172868238996021,0.0811966955215729,-1.05922434558759,-1.05922434558759,0.234855054248861,"AM",TRUE,"logRD"
"Linum_lewisii",0.00144219356824324,0.172868238996021,0.0811966955215729,-1.05922434558759,-1.05922434558759,0.234855054248867,"AM",TRUE,"logRD"
"Elaeocarpus_dentatus",0.00144219356824324,0.172868238996021,0.0811966955215729,-1.05922434558759,-1.05922434558759,0.234855054248867,"AM",TRUE,"logRD"
"Elaeocarpus_hookerianus",0.00144219356824324,0.172868238996021,0.0811966955215729,-1.05922434558759,-1.05922434558759,0.234855054248867,"AM",TRUE,"logRD"
"Elaeocarpus_dubius",0.00144219356824324,0.172868238996021,0.0811966955215729,-1.05922434558759,-1.05922434558759,0.234855054248867,"AM",TRUE,"logRD"
"Elaeocarpus_sylvestris",0.00144219356824324,0.172868238996021,0.0811966955215729,-1.05922434558759,-1.05922434558759,0.234855054248867,"AM",TRUE,"logRD"
"Elaeocarpus_glabripetalus",0.00144219356824324,0.172868238996021,0.0811966955215729,-1.05922434558759,-1.05922434558759,0.234855054248867,"AM",TRUE,"logRD"
"Aristotelia_serrata",0.00144219356824324,0.172868238996021,0.0811966955215729,-1.05922434558759,-1.05922434558759,0.234855054248867,"AM",TRUE,"logRD"
"Weinmannia_racemosa",0.00144219356824324,0.172868238996021,0.0811966955215729,-1.05922434558759,-1.05922434558759,0.234855054248867,"AM",TRUE,"logRD"
"Weinmannia_blumei",0.00144219356824324,0.172868238996021,0.0811966955215729,-1.05922434558759,-1.05922434558759,0.234855054248867,"AM",TRUE,"logRD"
"Leiospermum_racemosum",0.00144219356824324,0.172868238996021,0.0811966955215729,-1.05922434558759,-1.05922434558759,0.234855054248867,"AM",TRUE,"logRD"
"Weinmannia_silvicola",0.00144219356824324,0.172868238996021,0.0811966955215729,-1.05922434558759,-1.05922434558759,0.234855054248867,"AM",TRUE,"logRD"
"Caldcluvia_rosifolia",0.00144219356824324,0.172868238996021,0.0811966955215729,-1.05922434558759,-1.05922434558759,0.234855054248867,"AM",TRUE,"logRD"
"Prionostemma_aspera",0.00144219356824324,0.172868238996021,0.0811966955215729,-1.05922434558759,-1.05922434558759,0.234855054248867,"AM",TRUE,"logRD"
"Euonymus_alatus",0.00144219356824324,0.172868238996021,0.0811966955215729,-1.05922434558759,-1.05922434558759,0.234855054248867,"AM",TRUE,"logRD"
"Euonymus_verrucosus",0.00144219356824324,0.172868238996021,0.0811966955215729,-1.05922434558759,-1.05922434558759,0.234855054248867,"AM",TRUE,"logRD"
"Maytenus_arbutifolia",0.00144219356824324,0.172868238996021,0.0811966955215729,-1.05922434558759,-1.05922434558759,0.234855054248867,"AM",TRUE,"logRD"
"Maytenus_schippii",0.00144219356824324,0.172868238996021,0.0811966955215729,-1.05922434558759,-1.05922434558759,0.234855054248867,"AM",TRUE,"logRD"
"Microtropis_discolor",0.00144219356824324,0.172868238996021,0.0811966955215729,-1.05922434558759,-1.05922434558759,0.234855054248867,"AM",TRUE,"logRD"
"Alliaria_petiolata",0.000278739128544427,0.172868238996021,0.0812020276083795,-1.35938633420833,-1.35937716966556,0.234876193918017,"NM",TRUE,"logRD"
"Draba_nemorosa",0.000278739128544427,0.172868238996021,0.0812020276083795,-1.35938633420833,-1.35937716966556,0.234876193918017,"NM",TRUE,"logRD"
"Berteroa_incana",0.000278739128544427,0.172868238996021,0.0812020276083795,-1.35938633420833,-1.35937716966556,0.234876193918017,"NM",TRUE,"logRD"
"Hesperis_matronalis",0.000278739128544427,0.172868238996021,0.0812020276083795,-1.35938633420833,-1.35937716966556,0.234876193918017,"NM",TRUE,"logRD"
"Erysimum_inconspicuum",0.000278739128544427,0.172868238996021,0.0812020276083795,-1.35938633420833,-1.35937716966556,0.234876193918017,"NM",TRUE,"logRD"
"Lepidium_densiflorum",0.000278739128544427,0.172868238996021,0.0812020276083795,-1.35938633420833,-1.35937716966556,0.234876193918017,"NM",TRUE,"logRD"
"Descurainia_sophia",0.000278739128544427,0.172868238996021,0.0812020276083795,-1.35938633420833,-1.35937716966556,0.234876193918017,"NM",TRUE,"logRD"
"Microcos_paniculata",0.00144219356824324,0.172868238996021,0.0811966955215729,-1.05922434558759,-1.05922434558759,0.234855054248867,"AM",TRUE,"logRD"
"Sphaeralcea_coccinea",0.00144219356824324,0.172868238996021,0.0811966955215729,-1.05922434558759,-1.05922434558759,0.234855054248867,"AM",TRUE,"logRD"
"Sida_acuta",0.00144219356824324,0.172868238996021,0.0811966955215729,-1.05922434558759,-1.05922434558759,0.234855054248867,"AM",TRUE,"logRD"
"Hoheria_lyallii",0.00144219356824324,0.172868238996021,0.0811966955215729,-1.05922434558759,-1.05922434558759,0.234855054248867,"AM",TRUE,"logRD"
"Hoheria_sexstylosa",0.00144219356824324,0.172868238996021,0.0811966955215729,-1.05922434558759,-1.05922434558759,0.234855054248867,"AM",TRUE,"logRD"
"Plagianthus_regius",0.00144219356824324,0.172868238996021,0.0811966955215729,-1.05922434558759,-1.05922434558759,0.234855054248867,"AM",TRUE,"logRD"
"Ceiba_pentandra",0.00144219356824324,0.172868238996021,0.0811966955215729,-1.05922434558759,-1.05922434558759,0.234855054248867,"AM",TRUE,"logRD"
"Tilia_mongolica",0.000497672180951703,0.172868238996021,0.0811946926087969,-1.13275861396185,-1.12513735594494,0.234847404136347,"EcM",TRUE,"logRD"
"Tilia_mandshurica",0.000497672180951703,0.172868238996021,0.0811946926087969,-1.13275861396185,-1.12513735594494,0.234847404136347,"EcM",TRUE,"logRD"
"Tilia_cordata",0.000497672180951703,0.172868238996021,0.0811946926087969,-1.13275861396185,-1.12513734277272,0.23484740413708,"EcM",TRUE,"logRD"
"Tilia_oliveri",0.000497672180951703,0.172868238996021,0.0811946926087969,-1.13275861396185,-1.12513734277272,0.23484740413708,"EcM",TRUE,"logRD"
"Tilia_amurensis",0.000497672180951703,0.172868238996021,0.0811946926087969,-1.13275861396185,-1.12513734277272,0.23484740413708,"EcM",TRUE,"logRD"
"Tilia_americana",0.000497672180951703,0.172868238996021,0.0811946926087969,-1.13275861396185,-1.12513732960047,0.234847404137813,"EcM",TRUE,"logRD"
"Pterospermum_acerifolium",0.00144219356824324,0.172868238996021,0.0811966955215729,-1.05922434558759,-1.05922434558759,0.234855054248867,"AM",TRUE,"logRD"
"Sterculia_lanceolata",0.00144219356824324,0.172868238996021,0.0811966955215729,-1.05922434558759,-1.05922434558759,0.234855054248867,"AM",TRUE,"logRD"
"Sterculia_nobilis",0.00144219356824324,0.172868238996021,0.0811966955215729,-1.05922434558759,-1.05922434558759,0.234855054248867,"AM",TRUE,"logRD"
"Theobroma_cacao",0.00144219356824324,0.172868238996021,0.0811966955215729,-1.05922434558759,-1.05922434558759,0.234855054248867,"AM",TRUE,"logRD"
"Shorea_multiflora",0.000497672180951703,0.172868238996021,0.0811946926087969,-1.13275861396185,-1.13274800203576,0.234847113489147,"EcM",TRUE,"logRD"
"Shorea_acuminata",0.000497672180951703,0.172868238996021,0.0811946926087969,-1.13275861396185,-1.13274800203576,0.234847113489147,"EcM",TRUE,"logRD"
"Shorea_leprosula",0.000497672180951703,0.172868238996021,0.0811946926087969,-1.13275861396185,-1.13274800203576,0.234847113489147,"EcM",TRUE,"logRD"
"Fumana_thymifolia",0.000497672180951703,0.172868238996021,0.0811946926087969,-1.13275861396185,-1.13274800205405,0.234847113489147,"EcM",TRUE,"logRD"
"Cistus_monspeliensis",0.000497672180951703,0.172868238996021,0.0811946926087969,-1.13275861396185,-1.13274800207233,0.234847113489147,"EcM",TRUE,"logRD"
"Cistus_libanotis",0.000497672180951703,0.172868238996021,0.0811946926087969,-1.13275861396185,-1.13274800209061,0.234847113489147,"EcM",TRUE,"logRD"
"Cistus_crispus",0.000497672180951703,0.172868238996021,0.0811946926087969,-1.13275861396185,-1.13274800205405,0.234847113489147,"EcM",TRUE,"logRD"
"Cistus_albidus",0.000497672180951703,0.172868238996021,0.0811946926087969,-1.13275861396185,-1.13274800209061,0.234847113489147,"EcM",TRUE,"logRD"
"Cistus_ladanifer",0.000497672180951703,0.172868238996021,0.0811946926087969,-1.13275861396185,-1.13274800203576,0.234847113489147,"EcM",TRUE,"logRD"
"Cistus_salviifolius",0.000497672180951703,0.172868238996021,0.0811946926087969,-1.13275861396185,-1.13274800203576,0.234847113489147,"EcM",TRUE,"logRD"
"Halimium_halimifolium",0.000497672180951703,0.172868238996021,0.0811946926087969,-1.13275861396185,-1.13274800203576,0.234847113489147,"EcM",TRUE,"logRD"
"Halimium_commutatum",0.000497672180951703,0.172868238996021,0.0811946926087969,-1.13275861396185,-1.13274800203576,0.234847113489147,"EcM",TRUE,"logRD"
"Helianthemum_syriacum",0.000497672180951703,0.172868238996021,0.0811946926087969,-1.13275861396185,-1.13274800209061,0.234847113489147,"EcM",TRUE,"logRD"
"Helianthemum_apenninum",0.000497672180951703,0.172868238996021,0.0811946926087969,-1.13275861396185,-1.13274800205405,0.234847113489147,"EcM",TRUE,"logRD"
"Helianthemum_almeriense",0.000497672180951703,0.172868238996021,0.0811946926087969,-1.13275861396185,-1.13274800209061,0.234847113489147,"EcM",TRUE,"logRD"
"Helianthemum_oelandicum",0.000497672180951703,0.172868238996021,0.0811946926087969,-1.13275861396185,-1.13274800207233,0.234847113489147,"EcM",TRUE,"logRD"
"Thymelaea_hirsuta",0.00144219356824324,0.172868238996021,0.0811966955215729,-1.05922434558759,-1.05922434558759,0.234855054248867,"AM",TRUE,"logRD"
"Tetractomia_tetrandra",0.00144219356824324,0.172868238996021,0.0811966955215729,-1.05922434558759,-1.05922434558759,0.234855054248867,"AM",TRUE,"logRD"
"Melicope_pteleifolia",0.00144219356824324,0.172868238996021,0.0811966955215729,-1.05922434558759,-1.05922434558759,0.234855054248861,"AM",TRUE,"logRD"
"Vepris_nobilis",0.00144219356824324,0.172868238996021,0.0811966955215729,-1.05922434558759,-1.05922434558759,0.234855054248867,"AM",TRUE,"logRD"
"Phellodendron_amurense",0.00144219356824324,0.172868238996021,0.0811966955215729,-1.05922434558759,-1.05922434558759,0.234855054248867,"AM",TRUE,"logRD"
"Acronychia_pedunculata",0.00144219356824324,0.172868238996021,0.0811966955215729,-1.05922434558759,-1.05922434558759,0.234855054248867,"AM",TRUE,"logRD"
"Citrus_trifoliata",0.00144219356824324,0.172868238996021,0.0811966955215729,-1.05922434558759,-1.05922434558759,0.234855054248867,"AM",TRUE,"logRD"
"Citrus_aurantium",0.00144219356824324,0.172868238996021,0.0811966955215729,-1.05922434558759,-1.05922434558759,0.234855054248867,"AM",TRUE,"logRD"
"Aglaia_exstipulata",0.00144219356824324,0.172868238996021,0.0811966955215729,-1.05922434558759,-1.05922434558759,0.234855054248867,"AM",TRUE,"logRD"
"Aglaia_odoratissima",0.00144219356824324,0.172868238996021,0.0811966955215729,-1.05922434558759,-1.05922434558759,0.234855054248867,"AM",TRUE,"logRD"
"Aphanamixis_polystachya",0.00144219356824324,0.172868238996021,0.0811966955215729,-1.05922434558759,-1.05922434558759,0.234855054248867,"AM",TRUE,"logRD"
"Lansium_parasiticum",0.00144219356824324,0.172868238996021,0.0811966955215729,-1.05922434558759,-1.05922434558759,0.234855054248867,"AM",TRUE,"logRD"
"Dysoxylum_spectabile",0.00144219356824324,0.172868238996021,0.0811966955215729,-1.05922434558759,-1.05922434558759,0.234855054248867,"AM",TRUE,"logRD"
"Dysoxylum_excelsum",0.00144219356824324,0.172868238996021,0.0811966955215729,-1.05922434558759,-1.05922434558759,0.234855054248867,"AM",TRUE,"logRD"
"Ekebergia_capensis",0.00144219356824324,0.172868238996021,0.0811966955215729,-1.05922434558759,-1.05922434558759,0.234855054248867,"AM",TRUE,"logRD"
"Acer_fabri",0.00144219356824324,0.172868238996021,0.0811966955215729,-1.05922434558759,-1.05922434558759,0.234855054248867,"AM",TRUE,"logRD"
"Acer_caudatum",0.00144219356824324,0.172868238996021,0.0811966955215729,-1.05922434558759,-1.05922434558759,0.234855054248867,"AM",TRUE,"logRD"
"Acer_negundo",0.00144219356824324,0.172868238996021,0.0811966955215729,-1.05922434558759,-1.05922434558759,0.234855054248867,"AM",TRUE,"logRD"
"Acer_barbinerve",0.00144219356824324,0.172868238996021,0.0811966955215729,-1.05922434558759,-1.05922434558759,0.234855054248867,"AM",TRUE,"logRD"
"Acer_campbellii",0.00144219356824324,0.172868238996021,0.0811966955215729,-1.05922434558759,-1.05922434558759,0.234855054248867,"AM",TRUE,"logRD"
"Acer_tegmentosum",0.00144219356824324,0.172868238996021,0.0811966955215729,-1.05922434558759,-1.05922434558759,0.234855054248867,"AM",TRUE,"logRD"
"Acer_davidii",0.00144219356824324,0.172868238996021,0.0811966955215729,-1.05922434558759,-1.05922434558759,0.234855054248867,"AM",TRUE,"logRD"
"Acer_pictum",0.00144219356824324,0.172868238996021,0.0811966955215729,-1.05922434558759,-1.05922434558759,0.234855054248867,"AM",TRUE,"logRD"
"Acer_truncatum",0.00144219356824324,0.172868238996021,0.0811966955215729,-1.05922434558759,-1.05922434558759,0.234855054248867,"AM",TRUE,"logRD"
"Acer_campestre",0.00144219356824324,0.172868238996021,0.0811966955215729,-1.05922434558759,-1.05922434558759,0.234855054248867,"AM",TRUE,"logRD"
"Acer_platanoides",0.00144219356824324,0.172868238996021,0.0811966955215729,-1.05922434558759,-1.05922434558759,0.234855054248867,"AM",TRUE,"logRD"
"Acer_saccharum",0.00144219356824324,0.172868238996021,0.0811966955215729,-1.05922434558759,-1.05922434558759,0.234855054248867,"AM",TRUE,"logRD"
"Acer_triflorum",0.00144219356824324,0.172868238996021,0.0811966955215729,-1.05922434558759,-1.05922434558759,0.234855054248867,"AM",TRUE,"logRD"
"Acer_coriaceifolium",0.00144219356824324,0.172868238996021,0.0811966955215729,-1.05922434558759,-1.05922434558759,0.234855054248867,"AM",TRUE,"logRD"
"Acer_tataricum",0.00144219356824324,0.172868238996021,0.0811966955215729,-1.05922434558759,-1.05922434558759,0.234855054248867,"AM",TRUE,"logRD"
"Acer_rubrum",0.00144219356824324,0.172868238996021,0.0811966955215729,-1.05922434558759,-1.05922434558759,0.234855054248867,"AM",TRUE,"logRD"
"Acer_pseudoplatanus",0.00144219356824324,0.172868238996021,0.0811966955215729,-1.05922434558759,-1.05922434558759,0.234855054248867,"AM",TRUE,"logRD"
"Aesculus_hippocastanum",0.00144219356824324,0.172868238996021,0.0811966955215729,-1.05922434558759,-1.05922434558759,0.234855054248867,"AM",TRUE,"logRD"
"Aesculus_parviflora",0.00144219356824324,0.172868238996021,0.0811966955215729,-1.05922434558759,-1.05922434558759,0.234855054248867,"AM",TRUE,"logRD"
"Nephelium_lappaceum",0.00144219356824324,0.172868238996021,0.0811966955215729,-1.05922434558759,-1.05922434558759,0.234855054248867,"AM",TRUE,"logRD"
"Allophylus_cobbe",0.00144219356824324,0.172868238996021,0.0811966955215729,-1.05922434558759,-1.05922434558759,0.234855054248867,"AM",TRUE,"logRD"
"Allophylus_abyssinicus",0.00144219356824324,0.172868238996021,0.0811966955215729,-1.05922434558759,-1.05922434558759,0.234855054248867,"AM",TRUE,"logRD"
"Alectryon_excelsus",0.00144219356824324,0.172868238996021,0.0811966955215729,-1.05922434558759,-1.05922434558759,0.234855054248867,"AM",TRUE,"logRD"
"Koelreuteria_paniculata",0.00144219356824324,0.172868238996021,0.0811966955215729,-1.05922434558759,-1.05922434558759,0.234855054248867,"AM",TRUE,"logRD"
"Canarium_album",0.00144219356824324,0.172868238996021,0.0811966955215729,-1.05922434558759,-1.05922434558759,0.234855054248867,"AM",TRUE,"logRD"
"Rhus_chinensis",0.00144219356824324,0.172868238996021,0.0811966955215729,-1.05922434558759,-1.05922434558759,0.234855054248867,"AM",TRUE,"logRD"
"Rhus_typhina",0.00144219356824324,0.172868238996021,0.0811966955215729,-1.05922434558759,-1.05922434558759,0.234855054248867,"AM",TRUE,"logRD"
"Pistacia_terebinthus",0.00144219356824324,0.172868238996021,0.0811966955215729,-1.05922434558759,-1.05922434558759,0.234855054248867,"AM",TRUE,"logRD"
"Pistacia_chinensis",0.00144219356824324,0.172868238996021,0.0811966955215729,-1.05922434558759,-1.05922434558759,0.234855054248867,"AM",TRUE,"logRD"
"Pistacia_lentiscus",0.00144219356824324,0.172868238996021,0.0811966955215729,-1.05922434558759,-1.05922434558759,0.234855054248867,"AM",TRUE,"logRD"
"Choerospondias_axillaris",0.00144219356824324,0.172868238996021,0.0811966955215729,-1.05922434558759,-1.05922434558759,0.234855054248867,"AM",TRUE,"logRD"
"Pentaspadon_motleyi",0.00144219356824324,0.172868238996021,0.0811966955215729,-1.05922434558759,-1.05922434558759,0.234855054248867,"AM",TRUE,"logRD"
"Blastus_cochinchinesis",0.00144219356824324,0.172868238996021,0.0811966955215729,-1.05922434558759,-1.05922434558759,0.234855054248867,"AM",TRUE,"logRD"
"Blastus_pauciflorus",0.00144219356824324,0.172868238996021,0.0811966955215729,-1.05922434558759,-1.05922434558759,0.234855054248867,"AM",TRUE,"logRD"
"Memecylon_nigrescens",0.00144219356824324,0.172868238996021,0.0811966955215729,-1.05922434558759,-1.05922434558759,0.234855054248867,"AM",TRUE,"logRD"
"Eucalyptus_grandis",0.000249425491072506,0.172868238996021,0.0813691553325156,-1.35857999017231,-1.35800231916194,0.235538714990368,"EcMAM",TRUE,"logRD"
"Eucalyptus_urophylla",0.000249425491072506,0.172868238996021,0.0813691553325156,-1.35857999017231,-1.35800231916194,0.235538714990368,"EcMAM",TRUE,"logRD"
"Leptospermum_scoparium",0.000249425491072506,0.172868238996021,0.0813691553325156,-1.35857999017231,-1.35800208835024,0.235538701313841,"EcMAM",TRUE,"logRD"
"Kunzea_ericoides",0.000249425491072506,0.172868238996021,0.0813691553325156,-1.35857999017231,-1.35800208835024,0.235538701313841,"EcMAM",TRUE,"logRD"
"Neomyrtus_pedunculata",0.00144219356824324,0.172868238996021,0.0811966955215729,-1.05922434558759,-1.05922495269738,0.234855054248867,"AM",TRUE,"logRD"
"Myrtus_communis",0.00144219356824324,0.172868238996021,0.0811966955215729,-1.05922434558759,-1.05922495269738,0.234855054248867,"AM",TRUE,"logRD"
"Decaspermum_gracilentum",0.00144219356824324,0.172868238996021,0.0811966955215729,-1.05922434558759,-1.05922495269738,0.234855054248867,"AM",TRUE,"logRD"
"Syzygium_subdecussatum",0.00144219356824324,0.172868238996021,0.0811966955215729,-1.05922434558759,-1.05922496255508,0.234855054248867,"AM",TRUE,"logRD"
"Syzygium_pachysepalum",0.00144219356824324,0.172868238996021,0.0811966955215729,-1.05922434558759,-1.05922496255294,0.234855054248867,"AM",TRUE,"logRD"
"Syzygium_napiforme",0.00144219356824324,0.172868238996021,0.0811966955215729,-1.05922434558759,-1.05922496255294,0.234855054248867,"AM",TRUE,"logRD"
"Syzygium_kunstleri",0.00144219356824324,0.172868238996021,0.0811966955215729,-1.05922434558759,-1.05922496255614,0.234855054248861,"AM",TRUE,"logRD"
"Syzygium_castaneum",0.00144219356824324,0.172868238996021,0.0811966955215729,-1.05922434558759,-1.05922496255508,0.234855054248867,"AM",TRUE,"logRD"
"Syzygium_szemaoense",0.00144219356824324,0.172868238996021,0.0811966955215729,-1.05922434558759,-1.05922496255614,0.234855054248861,"AM",TRUE,"logRD"
"Syzygium_hancei",0.00144219356824324,0.172868238996021,0.0811966955215729,-1.05922434558759,-1.05922496255508,0.234855054248867,"AM",TRUE,"logRD"
"Syzygium_levinei",0.00144219356824324,0.172868238996021,0.0811966955215729,-1.05922434558759,-1.05922496255508,0.234855054248867,"AM",TRUE,"logRD"
"Syzygium_jambos",0.00144219356824324,0.172868238996021,0.0811966955215729,-1.05922434558759,-1.05922496255508,0.234855054248867,"AM",TRUE,"logRD"
"Syzygium_globiflorum",0.00144219356824324,0.172868238996021,0.0811966955215729,-1.05922434558759,-1.05922496255508,0.234855054248867,"AM",TRUE,"logRD"
"Syzygium_malaccense",0.00144219356824324,0.172868238996021,0.0811966955215729,-1.05922434558759,-1.05922496255508,0.234855054248867,"AM",TRUE,"logRD"
"Syzygium_maire",0.00144219356824324,0.172868238996021,0.0811966955215729,-1.05922434558759,-1.05922496255508,0.234855054248867,"AM",TRUE,"logRD"
"Syzygium_acuminatissimum",0.00144219356824324,0.172868238996021,0.0811966955215729,-1.05922434558759,-1.05922496255401,0.234855054248867,"AM",TRUE,"logRD"
"Tristaniopsis_elliptica",0.000249425491072506,0.172868238996021,0.0813691553325156,-1.35857999017231,-1.35130515911469,0.235535779255117,"EcMAM",TRUE,"logRD"
"Tristaniopsis_clementis",0.000249425491072506,0.172868238996021,0.0813691553325156,-1.35857999017231,-1.35130515911469,0.235535779255117,"EcMAM",TRUE,"logRD"
"Metrosideros_umbellata",0.00144219356824324,0.172868238996021,0.0811966955215729,-1.05922434558759,-1.05922706053689,0.234855054248867,"AM",TRUE,"logRD"
"Metrosideros_robusta",0.00144219356824324,0.172868238996021,0.0811966955215729,-1.05922434558759,-1.05922706053689,0.234855054248867,"AM",TRUE,"logRD"
"Metrosideros_excelsa",0.00144219356824324,0.172868238996021,0.0811966955215729,-1.05922434558759,-1.05922706053689,0.234855054248867,"AM",TRUE,"logRD"
"Metrosideros_diffusa",0.00144219356824324,0.172868238996021,0.0811966955215729,-1.05922434558759,-1.05922706053689,0.234855054248867,"AM",TRUE,"logRD"
"Metrosideros_fulgens",0.00144219356824324,0.172868238996021,0.0811966955215729,-1.05922434558759,-1.05922706053689,0.234855054248867,"AM",TRUE,"logRD"
"Oenothera_biennis",0.00144219356824324,0.172868238996021,0.0811966955215729,-1.05922434558759,-1.05922434558759,0.234855054248867,"AM",TRUE,"logRD"
"Fuchsia_excorticata",0.00144219356824324,0.172868238996021,0.0811966955215729,-1.05922434558759,-1.05922434558759,0.234855054248867,"AM",TRUE,"logRD"
"Combretum_decandrum",0.00144219356824324,0.172868238996021,0.0811966955215729,-1.05922434558759,-1.05922434558759,0.234855054248867,"AM",TRUE,"logRD"
"Combretum_collinum",0.00144219356824324,0.172868238996021,0.0811966955215729,-1.05922434558759,-1.05922434558759,0.234855054248867,"AM",TRUE,"logRD"
"Terminalia_amazonia",0.00144219356824324,0.172868238996021,0.0811966955215729,-1.05922434558759,-1.05922434558759,0.234855054248867,"AM",TRUE,"logRD"
"Geranium_rotundifolium",0.00144219356824324,0.172868238996021,0.0811966955215729,-1.05922434558759,-1.05922434558759,0.234855054248867,"AM",TRUE,"logRD"
"Vitis_amurensis",0.00144219356824324,0.172868238996021,0.0811966955215729,-1.05922434558759,-1.05922434558759,0.234855054248867,"AM",TRUE,"logRD"
"Vitis_vulpina",0.00144219356824324,0.172868238996021,0.0811966955215729,-1.05922434558759,-1.05922434558759,0.234855054248867,"AM",TRUE,"logRD"
"Vitis_vinifera",0.00144219356824324,0.172868238996021,0.0811966955215729,-1.05922434558759,-1.05922434558759,0.234855054248867,"AM",TRUE,"logRD"
"Parthenocissus_quinquefolia",0.00144219356824324,0.172868238996021,0.0811966955215729,-1.05922434558759,-1.05922434558759,0.234855054248867,"AM",TRUE,"logRD"
"Heuchera_richardsonii",0.00108560690150181,0.172868238996021,0.0811772438006209,-1.19006929695294,-1.19006782269241,0.234777935657036,"NMAM",TRUE,"logRD"
"Astilbe_rivularis",0.00108560690150181,0.172868238996021,0.0811772438006209,-1.19006929695294,-1.19006782269241,0.234777935657036,"NMAM",TRUE,"logRD"
"Astilbe_rubra",0.00108560690150181,0.172868238996021,0.0811772438006209,-1.19006929695294,-1.19006782269241,0.234777935657036,"NMAM",TRUE,"logRD"
"Itea_chinensis",0.00144219356824324,0.172868238996021,0.0811966955215729,-1.05922434558759,-1.05922434558759,0.234855054248867,"AM",TRUE,"logRD"
"Hamamelis_virginiana",0.00144219356824324,0.172868238996021,0.0811966955215729,-1.05922434558759,-1.05922434558759,0.234855054248867,"AM",TRUE,"logRD"
"Loropetalum_chinense",0.00144219356824324,0.172868238996021,0.0811966955215729,-1.05922434558759,-1.05922434558759,0.234855054248867,"AM",TRUE,"logRD"
"Mytilaria_laosensis",0.00144219356824324,0.172868238996021,0.0811966955215729,-1.05922434558759,-1.05922434558759,0.234855054248867,"AM",TRUE,"logRD"
"Rhodoleia_championii",0.00144219356824324,0.172868238996021,0.0811966955215729,-1.05922434558759,-1.05922434558759,0.234855054248867,"AM",TRUE,"logRD"
"Altingia_obovata",0.00144219356824324,0.172868238996021,0.0811966955215729,-1.05922434558759,-1.05922434558759,0.234855054248867,"AM",TRUE,"logRD"
"Altingia_gracilipes",0.00144219356824324,0.172868238996021,0.0811966955215729,-1.05922434558759,-1.05922434558759,0.234855054248867,"AM",TRUE,"logRD"
"Liquidambar_formosana",0.00144219356824324,0.172868238996021,0.0811966955215729,-1.05922434558759,-1.05922434558759,0.234855054248867,"AM",TRUE,"logRD"
"Liquidambar_styraciflua",0.00144219356824324,0.172868238996021,0.0811966955215729,-1.05922434558759,-1.05922434558759,0.234855054248867,"AM",TRUE,"logRD"
"Daphniphyllum_pentandrum",0.00144219356824324,0.172868238996021,0.0811966955215729,-1.05922434558759,-1.05922434558759,0.234855054248867,"AM",TRUE,"logRD"
"Cercidiphyllum_japonicum",0.00144219356824324,0.172868238996021,0.0811966955215729,-1.05922434558759,-1.05922434558759,0.234855054248867,"AM",TRUE,"logRD"
"Knightia_excelsa",0.000278739128544427,0.172868238996021,0.0812020276083795,-1.35938633420833,-1.35938421204229,0.234876193922764,"NM",TRUE,"logRD"
"Helicia_formosana",0.000278739128544427,0.172868238996021,0.0812020276083795,-1.35938633420833,-1.35938421204229,0.234876193922764,"NM",TRUE,"logRD"
"Hakea_varia",0.000278739128544427,0.172868238996021,0.0812020276083795,-1.35938633420833,-1.35938421204594,0.234876193922764,"NM",TRUE,"logRD"
"Hakea_tuberculata",0.000278739128544427,0.172868238996021,0.0812020276083795,-1.35938633420833,-1.35938421204594,0.234876193922764,"NM",TRUE,"logRD"
"Hakea_oldfieldii",0.000278739128544427,0.172868238996021,0.0812020276083795,-1.35938633420833,-1.35938421204594,0.234876193922764,"NM",TRUE,"logRD"
"Hakea_cyclocarpa",0.000278739128544427,0.172868238996021,0.0812020276083795,-1.35938633420833,-1.35938421204959,0.234876193922764,"NM",TRUE,"logRD"
"Hakea_lissocarpha",0.000278739128544427,0.172868238996021,0.0812020276083795,-1.35938633420833,-1.35938421204959,0.234876193922764,"NM",TRUE,"logRD"
"Hakea_linearis",0.000278739128544427,0.172868238996021,0.0812020276083795,-1.35938633420833,-1.35938421204959,0.234876193922764,"NM",TRUE,"logRD"
"Hakea_ceratophylla",0.000278739128544427,0.172868238996021,0.0812020276083795,-1.35938633420833,-1.35938421204959,0.234876193922764,"NM",TRUE,"logRD"
"Platanus_acerifolia",0.00144219356824324,0.172868238996021,0.0811966955215729,-1.05922434558759,-1.05922434558759,0.234855054248867,"AM",TRUE,"logRD"
"Platanus_occidentalis",0.00144219356824324,0.172868238996021,0.0811966955215729,-1.05922434558759,-1.05922434558759,0.234855054248867,"AM",TRUE,"logRD"
"Ranunculus_acris",0.00144219356824324,0.172868238996021,0.0811966955215729,-1.05922434558759,-1.05922434558759,0.234855054248867,"AM",TRUE,"logRD"
"Anemone_cylindrica",0.00144219356824324,0.172868238996021,0.0811966955215729,-1.05922434558759,-1.05922434558759,0.234855054248867,"AM",TRUE,"logRD"
"Anemone_patens",0.00144219356824324,0.172868238996021,0.0811966955215729,-1.05922434558759,-1.05922434558759,0.234855054248867,"AM",TRUE,"logRD"
"Caltha_palustris",0.00108560690150181,0.172868238996021,0.0811772438006209,-1.19006929695294,-1.18582912818947,0.234778452710982,"NMAM",TRUE,"logRD"
"Actaea_cimicifuga",0.00144219356824324,0.172868238996021,0.0811966955215729,-1.05922434558759,-1.05922434558759,0.234855054248867,"AM",TRUE,"logRD"
"Thalictrum_simplex",0.00144219356824324,0.172868238996021,0.0811966955215729,-1.05922434558759,-1.05922434558759,0.234855054248867,"AM",TRUE,"logRD"
"Aquilegia_vulgaris",0.00144219356824324,0.172868238996021,0.0811966955215729,-1.05922434558759,-1.05922434558759,0.234855054248867,"AM",TRUE,"logRD"
"Berberis_thunbergii",0.00144219356824324,0.172868238996021,0.0811966955215729,-1.05922434558759,-1.05922434558759,0.234855054248867,"AM",TRUE,"logRD"
"Caulophyllum_robustum",0.00144219356824324,0.172868238996021,0.0811966955215729,-1.05922434558759,-1.05922434558759,0.234855054248867,"AM",TRUE,"logRD"
"Podophyllum_peltatum",0.00144219356824324,0.172868238996021,0.0811966955215729,-1.05922434558759,-1.05922434558759,0.234855054248867,"AM",TRUE,"logRD"
"Euptelea_pleiosperma",0.00144219356824324,0.172868238996021,0.0811966955215729,-1.05922434558759,-1.05922434558759,0.234855054248867,"AM",TRUE,"logRD"
"Convallaria_majalis",0.00144219356824324,0.172868238996021,0.0811966955215729,-1.05922434558759,-1.05922434558759,0.234855054248867,"AM",TRUE,"logRD"
"Asparagus_schoberioides",0.00144219356824324,0.172868238996021,0.0811966955215729,-1.05922434558759,-1.05922434558759,0.234855054248867,"AM",TRUE,"logRD"
"Lomandra_filiformis",0.00108560690150181,0.172868238996021,0.0811772438006209,-1.19006929695294,-1.18659747017661,0.234778321820641,"NMAM",TRUE,"logRD"
"Hosta_ventricosa",0.00144219356824324,0.172868238996021,0.0811966955215729,-1.05922434558759,-1.05922434558759,0.234855054248867,"AM",TRUE,"logRD"
"Allium_tenuissimum",0.00144219356824324,0.172868238996021,0.0811966955215729,-1.05922434558759,-1.05922434558759,0.234855054248867,"AM",TRUE,"logRD"
"Allium_bidentatum",0.00144219356824324,0.172868238996021,0.0811966955215729,-1.05922434558759,-1.05922434558759,0.234855054248867,"AM",TRUE,"logRD"
"Allium_textile",0.00144219356824324,0.172868238996021,0.0811966955215729,-1.05922434558759,-1.05922434558759,0.234855054248867,"AM",TRUE,"logRD"
"Iris_japonica",0.00144219356824324,0.172868238996021,0.0811966955215729,-1.05922434558759,-1.05922434558759,0.234855054248867,"AM",TRUE,"logRD"
"Iris_versicolor",0.00144219356824324,0.172868238996021,0.0811966955215729,-1.05922434558759,-1.05922434558759,0.234855054248867,"AM",TRUE,"logRD"
"Astelia_fragrans",0.00144219356824324,0.172868238996021,0.0811966955215729,-1.05922434558759,-1.05922434558759,0.234855054248867,"AM",TRUE,"logRD"
"Astelia_nervosa",0.00144219356824324,0.172868238996021,0.0811966955215729,-1.05922434558759,-1.05922434558759,0.234855054248867,"AM",TRUE,"logRD"
"Calamovilfa_longifolia",0.00108560690150181,0.172868238996021,0.0811772438006209,-1.19006929695294,-1.1858531324266,0.234778448443083,"NMAM",TRUE,"logRD"
"Panicum_virgatum",0.00144219356824324,0.172868238996021,0.0811966955215729,-1.05922434558759,-1.05922434558759,0.234855054248867,"AM",TRUE,"logRD"
"Panicum_capillare",0.00144219356824324,0.172868238996021,0.0811966955215729,-1.05922434558759,-1.05922434558759,0.234855054248867,"AM",TRUE,"logRD"
"Pennisetum_glaucum",0.00144219356824324,0.172868238996021,0.0811966955215729,-1.05922434558759,-1.05922434558759,0.234855054248867,"AM",TRUE,"logRD"
"Digitaria_setigera",0.00144219356824324,0.172868238996021,0.0811966955215729,-1.05922434558759,-1.05922434558759,0.234855054248867,"AM",TRUE,"logRD"
"Andropogon_gerardii",0.00144219356824324,0.172868238996021,0.0811966955215729,-1.05922434558759,-1.05922434558759,0.234855054248867,"AM",TRUE,"logRD"
"Schizachyrium_scoparium",0.00144219356824324,0.172868238996021,0.0811966955215729,-1.05922434558759,-1.05922434558759,0.234855054248867,"AM",TRUE,"logRD"
"Bothriochloa_macra",0.00144219356824324,0.172868238996021,0.0811966955215729,-1.05922434558759,-1.05922434558759,0.234855054248867,"AM",TRUE,"logRD"
"Themeda_triandra",0.00144219356824324,0.172868238996021,0.0811966955215729,-1.05922434558759,-1.05922434558759,0.234855054248867,"AM",TRUE,"logRD"
"Sorghastrum_nutans",0.00144219356824324,0.172868238996021,0.0811966955215729,-1.05922434558759,-1.05922434558759,0.234855054248867,"AM",TRUE,"logRD"
"Arthraxon_hispidus",0.00144219356824324,0.172868238996021,0.0811966955215729,-1.05922434558759,-1.05922434558759,0.234855054248867,"AM",TRUE,"logRD"
"Chloris_anomala",0.00144219356824324,0.172868238996021,0.0811966955215729,-1.05922434558759,-1.05922434558759,0.234855054248867,"AM",TRUE,"logRD"
"Bouteloua_curtipendula",0.00144219356824324,0.172868238996021,0.0811966955215729,-1.05922434558759,-1.05922434558759,0.234855054248867,"AM",TRUE,"logRD"
"Chondrosum_gracile",0.00144219356824324,0.172868238996021,0.0811966955215729,-1.05922434558759,-1.05922434558759,0.234855054248867,"AM",TRUE,"logRD"
"Cleistogenes_squarrosa",0.00144219356824324,0.172868238996021,0.0811966955215729,-1.05922434558759,-1.05922434558759,0.234855054248867,"AM",TRUE,"logRD"
"Sporobolus_heterolepis",0.00144219356824324,0.172868238996021,0.0811966955215729,-1.05922434558759,-1.05922434558759,0.234855054248867,"AM",TRUE,"logRD"
"Eragrostis_trichodes",0.00108560690150181,0.172868238996021,0.0811772438006209,-1.19006929695294,-1.16102281655802,0.234786512971954,"NMAM",TRUE,"logRD"
"Rytidosperma_richardsonii",0.00144219356824324,0.172868238996021,0.0811966955215729,-1.05922434558759,-1.05922434558759,0.234855054248867,"AM",TRUE,"logRD"
"Rytidosperma_carphoides",0.00144219356824324,0.172868238996021,0.0811966955215729,-1.05922434558759,-1.05922434558759,0.234855054248867,"AM",TRUE,"logRD"
"Rytidosperma_caespitosum",0.00144219356824324,0.172868238996021,0.0811966955215729,-1.05922434558759,-1.05922434558759,0.234855054248867,"AM",TRUE,"logRD"
"Rytidosperma_pallidum",0.00144219356824324,0.172868238996021,0.0811966955215729,-1.05922434558759,-1.05922434558759,0.234855054248867,"AM",TRUE,"logRD"
"Danthonia_intermedia",0.00144219356824324,0.172868238996021,0.0811966955215729,-1.05922434558759,-1.05922434558759,0.234855054248867,"AM",TRUE,"logRD"
"Molinia_caerulea",0.00144219356824324,0.172868238996021,0.0811966955215729,-1.05922434558759,-1.05922434558759,0.234855054248867,"AM",TRUE,"logRD"
"Aristida_ramosa",0.00144219356824324,0.172868238996021,0.0811966955215729,-1.05922434558759,-1.05922434558759,0.234855054248867,"AM",TRUE,"logRD"
"Festuca_rubra",0.00144219356824324,0.172868238996021,0.0811966955215729,-1.05922434558759,-1.05922434558759,0.234855054248867,"AM",TRUE,"logRD"
"Festuca_ovina",0.00144219356824324,0.172868238996021,0.0811966955215729,-1.05922434558759,-1.05922434558759,0.234855054248861,"AM",TRUE,"logRD"
"Festuca_hallii",0.00144219356824324,0.172868238996021,0.0811966955215729,-1.05922434558759,-1.05922434558759,0.234855054248867,"AM",TRUE,"logRD"
"Festuca_christianii-bernardii",0.00144219356824324,0.172868238996021,0.0811966955215729,-1.05922434558759,-1.05922434558759,0.234855054248867,"AM",TRUE,"logRD"
"Festuca_arundinacea",0.00144219356824324,0.172868238996021,0.0811966955215729,-1.05922434558759,-1.05922434558759,0.234855054248861,"AM",TRUE,"logRD"
"Vulpia_bromoides",0.00144219356824324,0.172868238996021,0.0811966955215729,-1.05922434558759,-1.05922434558759,0.234855054248867,"AM",TRUE,"logRD"
"Lolium_rigidum",0.00144219356824324,0.172868238996021,0.0811966955215729,-1.05922434558759,-1.05922434558759,0.234855054248867,"AM",TRUE,"logRD"
"Lolium_multiflorum",0.00144219356824324,0.172868238996021,0.0811966955215729,-1.05922434558759,-1.05922434558759,0.234855054248867,"AM",TRUE,"logRD"
"Lolium_perenne",0.00144219356824324,0.172868238996021,0.0811966955215729,-1.05922434558759,-1.05922434558759,0.234855054248867,"AM",TRUE,"logRD"
"Dactylis_glomerata",0.00144219356824324,0.172868238996021,0.0811966955215729,-1.05922434558759,-1.05922434558759,0.234855054248867,"AM",TRUE,"logRD"
"Aira_elegantissima",0.00108560690150181,0.172868238996021,0.0811772438006209,-1.19006929695294,-1.14584683478128,0.234793775201511,"NMAM",TRUE,"logRD"
"Holcus_lanatus",0.00144219356824324,0.172868238996021,0.0811966955215729,-1.05922434558759,-1.05922434558759,0.234855054248867,"AM",TRUE,"logRD"
"Deschampsia_cespitosa",0.00144219356824324,0.172868238996021,0.0811966955215729,-1.05922434558759,-1.05922434558759,0.234855054248867,"AM",TRUE,"logRD"
"Poa_trivialis",0.00144219356824324,0.172868238996021,0.0811966955215729,-1.05922434558759,-1.05922434558759,0.234855054248867,"AM",TRUE,"logRD"
"Poa_pratensis",0.00144219356824324,0.172868238996021,0.0811966955215729,-1.05922434558759,-1.05922434558759,0.234855054248867,"AM",TRUE,"logRD"
"Poa_nemoralis",0.00144219356824324,0.172868238996021,0.0811966955215729,-1.05922434558759,-1.05922434558759,0.234855054248867,"AM",TRUE,"logRD"
"Poa_labillardierei",0.00144219356824324,0.172868238996021,0.0811966955215729,-1.05922434558759,-1.05922434558759,0.234855054248867,"AM",TRUE,"logRD"
"Poa_glauca",0.00144219356824324,0.172868238996021,0.0811966955215729,-1.05922434558759,-1.05922434558759,0.234855054248867,"AM",TRUE,"logRD"
"Poa_cusickii",0.00144219356824324,0.172868238996021,0.0811966955215729,-1.05922434558759,-1.05922434558759,0.234855054248861,"AM",TRUE,"logRD"
"Alopecurus_pratensis",0.00144219356824324,0.172868238996021,0.0811966955215729,-1.05922434558759,-1.05922434558759,0.234855054248867,"AM",TRUE,"logRD"
"Phleum_pratense",0.00144219356824324,0.172868238996021,0.0811966955215729,-1.05922434558759,-1.05922434558759,0.234855054248867,"AM",TRUE,"logRD"
"Pseudosclerochloa_rupestris",0.00108560690150181,0.172868238996021,0.0811772438006209,-1.19006929695294,-1.14402014750634,0.234794738937527,"NMAM",TRUE,"logRD"
"Agrostis_scabra",0.00144219356824324,0.172868238996021,0.0811966955215729,-1.05922434558759,-1.05922434558759,0.234855054248867,"AM",TRUE,"logRD"
"Agrostis_capillaris",0.00144219356824324,0.172868238996021,0.0811966955215729,-1.05922434558759,-1.05922434558759,0.234855054248867,"AM",TRUE,"logRD"
"Calamagrostis_canadensis",0.00144219356824324,0.172868238996021,0.0811966955215729,-1.05922434558759,-1.05922434558759,0.234855054248867,"AM",TRUE,"logRD"
"Anthoxanthum_odoratum",0.00144219356824324,0.172868238996021,0.0811966955215729,-1.05922434558759,-1.05922434558759,0.234855054248867,"AM",TRUE,"logRD"
"Phalaris_aquatica",0.00144219356824324,0.172868238996021,0.0811966955215729,-1.05922434558759,-1.05922434558759,0.234855054248867,"AM",TRUE,"logRD"
"Phalaris_arundinacea",0.00144219356824324,0.172868238996021,0.0811966955215729,-1.05922434558759,-1.05922434558759,0.234855054248867,"AM",TRUE,"logRD"
"Koeleria_macrantha",0.00144219356824324,0.172868238996021,0.0811966955215729,-1.05922434558759,-1.05922434558759,0.234855054248867,"AM",TRUE,"logRD"
"Koeleria_pyramidata",0.00144219356824324,0.172868238996021,0.0811966955215729,-1.05922434558759,-1.05922434558759,0.234855054248867,"AM",TRUE,"logRD"
"Koeleria_vallesiana",0.00144219356824324,0.172868238996021,0.0811966955215729,-1.05922434558759,-1.05922434558759,0.234855054248867,"AM",TRUE,"logRD"
"Trisetum_flavescens",0.00144219356824324,0.172868238996021,0.0811966955215729,-1.05922434558759,-1.05922434558759,0.234855054248867,"AM",TRUE,"logRD"
"Arrhenatherum_elatius",0.00144219356824324,0.172868238996021,0.0811966955215729,-1.05922434558759,-1.05922434558759,0.234855054248867,"AM",TRUE,"logRD"
"Leymus_chinensis",0.00144219356824324,0.172868238996021,0.0811966955215729,-1.05922434558759,-1.05922434558759,0.234855054248867,"AM",TRUE,"logRD"
"Hordeum_murinum",0.00144219356824324,0.172868238996021,0.0811966955215729,-1.05922434558759,-1.05922434558759,0.234855054248867,"AM",TRUE,"logRD"
"Agropyron_cristatum",0.00144219356824324,0.172868238996021,0.0811966955215729,-1.05922434558759,-1.05922434558759,0.234855054248867,"AM",TRUE,"logRD"
"Elymus_riparius",0.00144219356824324,0.172868238996021,0.0811966955215729,-1.05922434558759,-1.05922434558759,0.234855054248867,"AM",TRUE,"logRD"
"Elymus_virginicus",0.00144219356824324,0.172868238996021,0.0811966955215729,-1.05922434558759,-1.05922434558759,0.234855054248867,"AM",TRUE,"logRD"
"Elymus_canadensis",0.00144219356824324,0.172868238996021,0.0811966955215729,-1.05922434558759,-1.05922434558759,0.234855054248867,"AM",TRUE,"logRD"
"Elymus_lanceolatus",0.00144219356824324,0.172868238996021,0.0811966955215729,-1.05922434558759,-1.05922434558759,0.234855054248867,"AM",TRUE,"logRD"
"Elymus_repens",0.00144219356824324,0.172868238996021,0.0811966955215729,-1.05922434558759,-1.05922434558759,0.234855054248867,"AM",TRUE,"logRD"
"Triticum_durum",0.00144219356824324,0.172868238996021,0.0811966955215729,-1.05922434558759,-1.05922434558759,0.234855054248867,"AM",TRUE,"logRD"
"Bromus_hordeaceus",0.00144219356824324,0.172868238996021,0.0811966955215729,-1.05922434558759,-1.05922434558759,0.234855054248867,"AM",TRUE,"logRD"
"Bromus_madritensis",0.00144219356824324,0.172868238996021,0.0811966955215729,-1.05922434558759,-1.05922434558759,0.234855054248867,"AM",TRUE,"logRD"
"Bromus_inermis",0.00144219356824324,0.172868238996021,0.0811966955215729,-1.05922434558759,-1.05922434558759,0.234855054248867,"AM",TRUE,"logRD"
"Bromus_erectus",0.00144219356824324,0.172868238996021,0.0811966955215729,-1.05922434558759,-1.05922434558759,0.234855054248867,"AM",TRUE,"logRD"
"Bromus_catharticus",0.00144219356824324,0.172868238996021,0.0811966955215729,-1.05922434558759,-1.05922434558759,0.234855054248867,"AM",TRUE,"logRD"
"Brachypodium_phoenicoides",0.00144219356824324,0.172868238996021,0.0811966955215729,-1.05922434558759,-1.05922434558759,0.234855054248867,"AM",TRUE,"logRD"
"Brachypodium_sylvaticum",0.00144219356824324,0.172868238996021,0.0811966955215729,-1.05922434558759,-1.05922434558759,0.234855054248867,"AM",TRUE,"logRD"
"Brachypodium_pinnatum",0.00144219356824324,0.172868238996021,0.0811966955215729,-1.05922434558759,-1.05922434558759,0.234855054248867,"AM",TRUE,"logRD"
"Stipa_spartea",0.00144219356824324,0.172868238996021,0.0811966955215729,-1.05922434558759,-1.05922434558759,0.234855054248867,"AM",TRUE,"logRD"
"Stipa_purpurea",0.00144219356824324,0.172868238996021,0.0811966955215729,-1.05922434558759,-1.05922434558759,0.234855054248867,"AM",TRUE,"logRD"
"Stipa_krylovii",0.00144219356824324,0.172868238996021,0.0811966955215729,-1.05922434558759,-1.05922434558759,0.234855054248867,"AM",TRUE,"logRD"
"Nassella_viridula",0.00144219356824324,0.172868238996021,0.0811966955215729,-1.05922434558759,-1.05922434558759,0.234855054248867,"AM",TRUE,"logRD"
"Stipa_pennata",0.00144219356824324,0.172868238996021,0.0811966955215729,-1.05922434558759,-1.05922434558759,0.234855054248867,"AM",TRUE,"logRD"
"Stipa_comata",0.00144219356824324,0.172868238996021,0.0811966955215729,-1.05922434558759,-1.05922434558759,0.234855054248867,"AM",TRUE,"logRD"
"Nardus_stricta",0.00144219356824324,0.172868238996021,0.0811966955215729,-1.05922434558759,-1.05922434558759,0.234855054248867,"AM",TRUE,"logRD"
"Ehrharta_stipoides",0.00144219356824324,0.172868238996021,0.0811966955215729,-1.05922434558759,-1.05922434558759,0.234855054248867,"AM",TRUE,"logRD"
"Carex_korshinskyi",0.00108560690150181,0.172868238996021,0.0811772438006209,-1.19006929695294,-1.19006894858663,0.234777935653095,"NMAM",TRUE,"logRD"
"Carex_humilis",0.00108560690150181,0.172868238996021,0.0811772438006209,-1.19006929695294,-1.19006894858782,0.234777935653095,"NMAM",TRUE,"logRD"
"Carex_filifolia",0.00108560690150181,0.172868238996021,0.0811772438006209,-1.19006929695294,-1.19006894858901,0.234777935653095,"NMAM",TRUE,"logRD"
"Carex_doisutepensis",0.00108560690150181,0.172868238996021,0.0811772438006209,-1.19006929695294,-1.19006894858722,0.234777935653095,"NMAM",TRUE,"logRD"
"Carex_lasiocarpa",0.00108560690150181,0.172868238996021,0.0811772438006209,-1.19006929695294,-1.19006894858901,0.234777935653095,"NMAM",TRUE,"logRD"
"Carex_nigra",0.00108560690150181,0.172868238996021,0.0811772438006209,-1.19006929695294,-1.19006894858901,0.234777935653095,"NMAM",TRUE,"logRD"
"Carex_moorcroftii",0.00108560690150181,0.172868238996021,0.0811772438006209,-1.19006929695294,-1.19006894858901,0.234777935653095,"NMAM",TRUE,"logRD"
"Carex_flacca",0.00108560690150181,0.172868238996021,0.0811772438006209,-1.19006929695294,-1.19006894858901,0.234777935653095,"NMAM",TRUE,"logRD"
"Carex_obtusata",0.00108560690150181,0.172868238996021,0.0811772438006209,-1.19006929695294,-1.19006894858841,0.234777935653095,"NMAM",TRUE,"logRD"
"Trichophorum_cespitosum",0.00108560690150181,0.172868238996021,0.0811772438006209,-1.19006929695294,-1.19006894858663,0.234777935653095,"NMAM",TRUE,"logRD"
"Cyperus_difformis",0.00108560690150181,0.172868238996021,0.0811772438006209,-1.19006929695294,-1.19006894858663,0.234777935653095,"NMAM",TRUE,"logRD"
"Gahnia_xanthocarpa",0.00108560690150181,0.172868238996021,0.0811772438006209,-1.19006929695294,-1.19006894858663,0.234777935653095,"NMAM",TRUE,"logRD"
"Gahnia_procera",0.00108560690150181,0.172868238996021,0.0811772438006209,-1.19006929695294,-1.19006894858663,0.234777935653095,"NMAM",TRUE,"logRD"
"Juncus_effusus",0.00108560690150181,0.172868238996021,0.0811772438006209,-1.19006929695294,-1.19006894858663,0.234777935653095,"NMAM",TRUE,"logRD"
"Luzula_sylvatica",0.00108560690150181,0.172868238996021,0.0811772438006209,-1.19006929695294,-1.19006894858663,0.234777935653095,"NMAM",TRUE,"logRD"
"Alpinia_japonica",0.00144219356824324,0.172868238996021,0.0811966955215729,-1.05922434558759,-1.05922434558759,0.234855054248867,"AM",TRUE,"logRD"
"Rhopalostylis_sapida",0.00144219356824324,0.172868238996021,0.0811966955215729,-1.05922434558759,-1.05922434558759,0.234855054248867,"AM",TRUE,"logRD"
"Cocos_nucifera",0.00144219356824324,0.172868238996021,0.0811966955215729,-1.05922434558759,-1.05922434558759,0.234855054248867,"AM",TRUE,"logRD"
"Caryota_maxima",0.00144219356824324,0.172868238996021,0.0811966955215729,-1.05922434558759,-1.05922434558759,0.234855054248867,"AM",TRUE,"logRD"
"Calamus_rhabdocladus",0.00144219356824324,0.172868238996021,0.0811966955215729,-1.05922434558759,-1.05922434558759,0.234855054248867,"AM",TRUE,"logRD"
"Smilax_trinervula",0.00144219356824324,0.172868238996021,0.0811966955215729,-1.05922434558759,-1.05922434558759,0.234855054248867,"AM",TRUE,"logRD"
"Smilax_aspera",0.00144219356824324,0.172868238996021,0.0811966955215729,-1.05922434558759,-1.05922434558759,0.234855054248867,"AM",TRUE,"logRD"
"Veratrum_nigrum",0.00144219356824324,0.172868238996021,0.0811966955215729,-1.05922434558759,-1.05922434558759,0.234855054248867,"AM",TRUE,"logRD"
"Toxicoscordion_venenosum",0.00144219356824324,0.172868238996021,0.0811966955215729,-1.05922434558759,-1.05922434558759,0.234855054248867,"AM",TRUE,"logRD"
"Dioscorea_nipponica",0.00144219356824324,0.172868238996021,0.0811966955215729,-1.05922434558759,-1.05922434558759,0.234855054248867,"AM",TRUE,"logRD"
"Goniothalamus_griffithii",0.00144219356824324,0.172868238996021,0.0811966955215729,-1.05922434558759,-1.05922434558759,0.234855054248867,"AM",TRUE,"logRD"
"Asimina_triloba",0.00144219356824324,0.172868238996021,0.0811966955215729,-1.05922434558759,-1.05922434558759,0.234855054248867,"AM",TRUE,"logRD"
"Orophea_creaghii",0.00144219356824324,0.172868238996021,0.0811966955215729,-1.05922434558759,-1.05922434558759,0.234855054248867,"AM",TRUE,"logRD"
"Anaxagorea_javanica",0.00144219356824324,0.172868238996021,0.0811966955215729,-1.05922434558759,-1.05922434558759,0.234855054248867,"AM",TRUE,"logRD"
"Magnolia_carsonii",0.00144219356824324,0.172868238996021,0.0811966955215729,-1.05922434558759,-1.05922434558759,0.234855054248867,"AM",TRUE,"logRD"
"Magnolia_yuyuanensis",0.00144219356824324,0.172868238996021,0.0811966955215729,-1.05922434558759,-1.05922434558759,0.234855054248867,"AM",TRUE,"logRD"
"Magnolia_yunnanensis",0.00144219356824324,0.172868238996021,0.0811966955215729,-1.05922434558759,-1.05922434558759,0.234855054248867,"AM",TRUE,"logRD"
"Magnolia_virginiana",0.00144219356824324,0.172868238996021,0.0811966955215729,-1.05922434558759,-1.05922434558759,0.234855054248867,"AM",TRUE,"logRD"
"Magnolia_tripetala",0.00144219356824324,0.172868238996021,0.0811966955215729,-1.05922434558759,-1.05922434558759,0.234855054248867,"AM",TRUE,"logRD"
"Magnolia_stellata",0.00144219356824324,0.172868238996021,0.0811966955215729,-1.05922434558759,-1.05922434558759,0.234855054248867,"AM",TRUE,"logRD"
"Magnolia_opipara",0.00144219356824324,0.172868238996021,0.0811966955215729,-1.05922434558759,-1.05922434558759,0.234855054248867,"AM",TRUE,"logRD"
"Magnolia_macrophylla",0.00144219356824324,0.172868238996021,0.0811966955215729,-1.05922434558759,-1.05922434558759,0.234855054248861,"AM",TRUE,"logRD"
"Magnolia_lotungensis",0.00144219356824324,0.172868238996021,0.0811966955215729,-1.05922434558759,-1.05922434558759,0.234855054248867,"AM",TRUE,"logRD"
"Magnolia_kobus",0.00144219356824324,0.172868238996021,0.0811966955215729,-1.05922434558759,-1.05922434558759,0.234855054248867,"AM",TRUE,"logRD"
"Magnolia_grandiflora",0.00144219356824324,0.172868238996021,0.0811966955215729,-1.05922434558759,-1.05922434558759,0.234855054248867,"AM",TRUE,"logRD"
"Magnolia_denudata",0.00144219356824324,0.172868238996021,0.0811966955215729,-1.05922434558759,-1.05922434558759,0.234855054248867,"AM",TRUE,"logRD"
"Magnolia_championii",0.00144219356824324,0.172868238996021,0.0811966955215729,-1.05922434558759,-1.05922434558759,0.234855054248861,"AM",TRUE,"logRD"
"Magnolia_cavaleriei",0.00144219356824324,0.172868238996021,0.0811966955215729,-1.05922434558759,-1.05922434558759,0.234855054248867,"AM",TRUE,"logRD"
"Magnolia_acuminata",0.00144219356824324,0.172868238996021,0.0811966955215729,-1.05922434558759,-1.05922434558759,0.234855054248867,"AM",TRUE,"logRD"
"Magnolia_fulva",0.00144219356824324,0.172868238996021,0.0811966955215729,-1.05922434558759,-1.05922434558759,0.234855054248867,"AM",TRUE,"logRD"
"Magnolia_champaca",0.00144219356824324,0.172868238996021,0.0811966955215729,-1.05922434558759,-1.05922434558759,0.234855054248867,"AM",TRUE,"logRD"
"Magnolia_macclurei",0.00144219356824324,0.172868238996021,0.0811966955215729,-1.05922434558759,-1.05922434558759,0.234855054248867,"AM",TRUE,"logRD"
"Magnolia_baillonii",0.00144219356824324,0.172868238996021,0.0811966955215729,-1.05922434558759,-1.05922434558759,0.234855054248867,"AM",TRUE,"logRD"
"Magnolia_balansae",0.00144219356824324,0.172868238996021,0.0811966955215729,-1.05922434558759,-1.05922434558759,0.234855054248867,"AM",TRUE,"logRD"
"Magnolia_ernestii",0.00144219356824324,0.172868238996021,0.0811966955215729,-1.05922434558759,-1.05922434558759,0.234855054248867,"AM",TRUE,"logRD"
"Magnolia_chapensis",0.00144219356824324,0.172868238996021,0.0811966955215729,-1.05922434558759,-1.05922434558759,0.234855054248867,"AM",TRUE,"logRD"
"Magnolia_odora",0.00144219356824324,0.172868238996021,0.0811966955215729,-1.05922434558759,-1.05922434558759,0.234855054248867,"AM",TRUE,"logRD"
"Magnolia_maudiae",0.00144219356824324,0.172868238996021,0.0811966955215729,-1.05922434558759,-1.05922434558759,0.234855054248867,"AM",TRUE,"logRD"
"Magnolia_dandyi",0.00144219356824324,0.172868238996021,0.0811966955215729,-1.05922434558759,-1.05922434558759,0.234855054248867,"AM",TRUE,"logRD"
"Manglietia_paruicula",0.00144219356824324,0.172868238996021,0.0811966955215729,-1.05922434558759,-1.05922434558759,0.234855054248867,"AM",TRUE,"logRD"
"Liriodendron_chinense",0.00144219356824324,0.172868238996021,0.0811966955215729,-1.05922434558759,-1.05922434558759,0.234855054248867,"AM",TRUE,"logRD"
"Liriodendron_tulipifera",0.00144219356824324,0.172868238996021,0.0811966955215729,-1.05922434558759,-1.05922434558759,0.234855054248867,"AM",TRUE,"logRD"
"Knema_erratica",0.00144219356824324,0.172868238996021,0.0811966955215729,-1.05922434558759,-1.05922434558759,0.234855054248867,"AM",TRUE,"logRD"
"Ocotea_lancifolia",0.00144219356824324,0.172868238996021,0.0811966955215729,-1.05922434558759,-1.05922434558759,0.234855054248867,"AM",TRUE,"logRD"
"Cinnamomum_subcuneatum",0.00144219356824324,0.172868238996021,0.0811966955215729,-1.05922434558759,-1.05922434558759,0.234855054248867,"AM",TRUE,"logRD"
"Cinnamomum_austrosinense",0.00144219356824324,0.172868238996021,0.0811966955215729,-1.05922434558759,-1.05922434558759,0.234855054248867,"AM",TRUE,"logRD"
"Cinnamomum_chekiangense",0.00144219356824324,0.172868238996021,0.0811966955215729,-1.05922434558759,-1.05922434558759,0.234855054248867,"AM",TRUE,"logRD"
"Cinnamomum_tenuifolium",0.00144219356824324,0.172868238996021,0.0811966955215729,-1.05922434558759,-1.05922434558759,0.234855054248867,"AM",TRUE,"logRD"
"Cinnamomum_camphora",0.00144219356824324,0.172868238996021,0.0811966955215729,-1.05922434558759,-1.05922434558759,0.234855054248867,"AM",TRUE,"logRD"
"Cinnamomum_porrectum",0.00144219356824324,0.172868238996021,0.0811966955215729,-1.05922434558759,-1.05922434558759,0.234855054248867,"AM",TRUE,"logRD"
"Cinnamomum_micranthum",0.00144219356824324,0.172868238996021,0.0811966955215729,-1.05922434558759,-1.05922434558759,0.234855054248867,"AM",TRUE,"logRD"
"Sassafras_albidum",0.00108560690150181,0.172868238996021,0.0811772438006209,-1.19006929695294,-1.13366387001884,0.234800527365938,"NMAM",TRUE,"logRD"
"Litsea_baviensis",0.00144219356824324,0.172868238996021,0.0811966955215729,-1.05922434558759,-1.05922434558759,0.234855054248867,"AM",TRUE,"logRD"
"Litsea_elongata",0.00144219356824324,0.172868238996021,0.0811966955215729,-1.05922434558759,-1.05922434558759,0.234855054248867,"AM",TRUE,"logRD"
"Litsea_verticillata",0.00144219356824324,0.172868238996021,0.0811966955215729,-1.05922434558759,-1.05922434558759,0.234855054248867,"AM",TRUE,"logRD"
"Litsea_cubeba",0.00144219356824324,0.172868238996021,0.0811966955215729,-1.05922434558759,-1.05922434558759,0.234855054248867,"AM",TRUE,"logRD"
"Litsea_ichangensis",0.00144219356824324,0.172868238996021,0.0811966955215729,-1.05922434558759,-1.05922434558759,0.234855054248867,"AM",TRUE,"logRD"
"Neolitsea_phanerophlebia",0.00144219356824324,0.172868238996021,0.0811966955215729,-1.05922434558759,-1.05922434558759,0.234855054248867,"AM",TRUE,"logRD"
"Cinnamomum_cassia",0.00144219356824324,0.172868238996021,0.0811966955215729,-1.05922434558759,-1.05922434558759,0.234855054248867,"AM",TRUE,"logRD"
"Lindera_communis",0.00144219356824324,0.172868238996021,0.0811966955215729,-1.05922434558759,-1.05922434558759,0.234855054248867,"AM",TRUE,"logRD"
"Lindera_obtusiloba",0.00144219356824324,0.172868238996021,0.0811966955215729,-1.05922434558759,-1.05922434558759,0.234855054248867,"AM",TRUE,"logRD"
"Lindera_benzoin",0.00144219356824324,0.172868238996021,0.0811966955215729,-1.05922434558759,-1.05922434558759,0.234855054248867,"AM",TRUE,"logRD"
"Machilus_kwangtungensis",0.00144219356824324,0.172868238996021,0.0811966955215729,-1.05922434558759,-1.05922434558759,0.234855054248867,"AM",TRUE,"logRD"
"Machilus_breviflora",0.00144219356824324,0.172868238996021,0.0811966955215729,-1.05922434558759,-1.05922434558759,0.234855054248867,"AM",TRUE,"logRD"
"Machilus_robusta",0.00144219356824324,0.172868238996021,0.0811966955215729,-1.05922434558759,-1.05922434558759,0.234855054248867,"AM",TRUE,"logRD"
"Machilus_shweliensis",0.00144219356824324,0.172868238996021,0.0811966955215729,-1.05922434558759,-1.05922434558759,0.234855054248867,"AM",TRUE,"logRD"
"Machilus_oculodracontis",0.00144219356824324,0.172868238996021,0.0811966955215729,-1.05922434558759,-1.05922434558759,0.234855054248867,"AM",TRUE,"logRD"
"Machilus_velutina",0.00144219356824324,0.172868238996021,0.0811966955215729,-1.05922434558759,-1.05922434558759,0.234855054248867,"AM",TRUE,"logRD"
"Machilus_nanmu",0.00144219356824324,0.172868238996021,0.0811966955215729,-1.05922434558759,-1.05922434558759,0.234855054248867,"AM",TRUE,"logRD"
"Persea_americana",0.00144219356824324,0.172868238996021,0.0811966955215729,-1.05922434558759,-1.05922434558759,0.234855054248867,"AM",TRUE,"logRD"
"Beilschmiedia_tarairi",0.00144219356824324,0.172868238996021,0.0811966955215729,-1.05922434558759,-1.05922434558759,0.234855054248867,"AM",TRUE,"logRD"
"Beilschmiedia_tawa",0.00144219356824324,0.172868238996021,0.0811966955215729,-1.05922434558759,-1.05922434558759,0.234855054248867,"AM",TRUE,"logRD"
"Cryptocarya_concinna",0.00144219356824324,0.172868238996021,0.0811966955215729,-1.05922434558759,-1.05922434558759,0.234855054248867,"AM",TRUE,"logRD"
"Cryptocarya_chinensis",0.00144219356824324,0.172868238996021,0.0811966955215729,-1.05922434558759,-1.05922434558759,0.234855054248867,"AM",TRUE,"logRD"
"Hedycarya_arborea",0.00144219356824324,0.172868238996021,0.0811966955215729,-1.05922434558759,-1.05922434558759,0.234855054248867,"AM",TRUE,"logRD"
"Laurelia_novae-zelandiae",0.00144219356824324,0.172868238996021,0.0811966955215729,-1.05922434558759,-1.05922434558759,0.234855054248867,"AM",TRUE,"logRD"
"Pseudowintera_colorata",0.00144219356824324,0.172868238996021,0.0811966955215729,-1.05922434558759,-1.05922434558759,0.234855054248867,"AM",TRUE,"logRD"
"Chloranthus_henryi",0.00144219356824324,0.172868238996021,0.0811966955215729,-1.05922434558759,-1.05922434558759,0.234855054248867,"AM",TRUE,"logRD"
"Sarcandra_glabra",0.00144219356824324,0.172868238996021,0.0811966955215729,-1.05922434558759,-1.05922434558759,0.234855054248867,"AM",TRUE,"logRD"
"Ascarina_lucida",0.00144219356824324,0.172868238996021,0.0811966955215729,-1.05922434558759,-1.05922434558759,0.234855054248867,"AM",TRUE,"logRD"
"Podocarpus_gibbsii",0.00144219356824324,0.172868238996021,0.0811966955215729,-1.05922434558759,-1.05922434558759,0.234855054248874,"AM",TRUE,"logRD"
"Podocarpus_chinensis",0.00144219356824324,0.172868238996021,0.0811966955215729,-1.05922434558759,-1.05922434558759,0.234855054248867,"AM",TRUE,"logRD"
"Podocarpus_neriifolius",0.00144219356824324,0.172868238996021,0.0811966955215729,-1.05922434558759,-1.05922434558759,0.234855054248867,"AM",TRUE,"logRD"
"Podocarpus_totara",0.00144219356824324,0.172868238996021,0.0811966955215729,-1.05922434558759,-1.05922434558759,0.234855054248867,"AM",TRUE,"logRD"
"Podocarpus_cunninghamii",0.00144219356824324,0.172868238996021,0.0811966955215729,-1.05922434558759,-1.05922434558759,0.234855054248867,"AM",TRUE,"logRD"
"Afrocarpus_falcatus",0.00144219356824324,0.172868238996021,0.0811966955215729,-1.05922434558759,-1.05922434558759,0.234855054248874,"AM",TRUE,"logRD"
"Dacrydium_pectinatum",0.00144219356824324,0.172868238996021,0.0811966955215729,-1.05922434558759,-1.05922434558759,0.234855054248874,"AM",TRUE,"logRD"
"Dacrydium_gracile",0.00144219356824324,0.172868238996021,0.0811966955215729,-1.05922434558759,-1.05922434558759,0.234855054248867,"AM",TRUE,"logRD"
"Dacrydium_cupressinum",0.00144219356824324,0.172868238996021,0.0811966955215729,-1.05922434558759,-1.05922434558759,0.234855054248867,"AM",TRUE,"logRD"
"Dacrycarpus_imbricatus",0.00144219356824324,0.172868238996021,0.0811966955215729,-1.05922434558759,-1.05922434558759,0.234855054248874,"AM",TRUE,"logRD"
"Dacrycarpus_dacrydioides",0.00144219356824324,0.172868238996021,0.0811966955215729,-1.05922434558759,-1.05922434558759,0.234855054248874,"AM",TRUE,"logRD"
"Phyllocladus_hypophyllus",0.00144219356824324,0.172868238996021,0.0811966955215729,-1.05922434558759,-1.05922434558759,0.234855054248874,"AM",TRUE,"logRD"
"Phyllocladus_trichomanoides",0.00144219356824324,0.172868238996021,0.0811966955215729,-1.05922434558759,-1.05922434558759,0.234855054248874,"AM",TRUE,"logRD"
"Lepidothamnus_intermedius",0.00144219356824324,0.172868238996021,0.0811966955215729,-1.05922434558759,-1.05922434558759,0.234855054248874,"AM",TRUE,"logRD"
"Halocarpus_kirkii",0.00144219356824324,0.172868238996021,0.0811966955215729,-1.05922434558759,-1.05922434558759,0.234855054248874,"AM",TRUE,"logRD"
"Halocarpus_biformis",0.00144219356824324,0.172868238996021,0.0811966955215729,-1.05922434558759,-1.05922434558759,0.234855054248874,"AM",TRUE,"logRD"
"Prumnopitys_ferruginea",0.00144219356824324,0.172868238996021,0.0811966955215729,-1.05922434558759,-1.05922434558759,0.234855054248874,"AM",TRUE,"logRD"
"Prumnopitys_taxifolia",0.00144219356824324,0.172868238996021,0.0811966955215729,-1.05922434558759,-1.05922434558759,0.234855054248874,"AM",TRUE,"logRD"
"Manoao_colensoi",0.00144219356824324,0.172868238996021,0.0811966955215729,-1.05922434558759,-1.05922434558759,0.234855054248874,"AM",TRUE,"logRD"
"Agathis_kinabaluensis",0.00144219356824324,0.172868238996021,0.0811966955215729,-1.05922434558759,-1.05922434558759,0.234855054248874,"AM",TRUE,"logRD"
"Agathis_australis",0.00144219356824324,0.172868238996021,0.0811966955215729,-1.05922434558759,-1.05922434558759,0.234855054248874,"AM",TRUE,"logRD"
"Juniperus_sabina",0.00144219356824324,0.172868238996021,0.0811966955215729,-1.05922434558759,-1.05922434558759,0.234855054248874,"AM",TRUE,"logRD"
"Juniperus_monosperma",0.00144219356824324,0.172868238996021,0.0811966955215729,-1.05922434558759,-1.05922434558759,0.234855054248874,"AM",TRUE,"logRD"
"Juniperus_phoenicea",0.00144219356824324,0.172868238996021,0.0811966955215729,-1.05922434558759,-1.05922434558759,0.234855054248874,"AM",TRUE,"logRD"
"Cupressus_funebris",0.00144219356824324,0.172868238996021,0.0811966955215729,-1.05922434558759,-1.05922434558759,0.234855054248874,"AM",TRUE,"logRD"
"Platycladus_orientalis",0.00144219356824324,0.172868238996021,0.0811966955215729,-1.05922434558759,-1.05922434558759,0.234855054248874,"AM",TRUE,"logRD"
"Chamaecyparis_obtusa",0.00144219356824324,0.172868238996021,0.0811966955215729,-1.05922434558759,-1.05922434558759,0.234855054248874,"AM",TRUE,"logRD"
"Thuja_occidentalis",0.00144219356824324,0.172868238996021,0.0811966955215729,-1.05922434558759,-1.05922434558759,0.234855054248874,"AM",TRUE,"logRD"
"Cryptomeria_japonica",0.00144219356824324,0.172868238996021,0.0811966955215729,-1.05922434558759,-1.05922434558759,0.234855054248874,"AM",TRUE,"logRD"
"Cunninghamia_lanceolata",0.00144219356824324,0.172868238996021,0.0811966955215729,-1.05922434558759,-1.05922434558759,0.234855054248874,"AM",TRUE,"logRD"
"Pinus_taeda",0.000497672180951703,0.172868238996021,0.0811946926087969,-1.13275861396185,-1.13275857721268,0.234847113469644,"EcM",TRUE,"logRD"
"Pinus_pungens",0.000497672180951703,0.172868238996021,0.0811946926087969,-1.13275861396185,-1.13275857721268,0.234847113469644,"EcM",TRUE,"logRD"
"Pinus_palustris",0.000497672180951703,0.172868238996021,0.0811946926087969,-1.13275861396185,-1.13275857721268,0.234847113469644,"EcM",TRUE,"logRD"
"Pinus_elliottii",0.000497672180951703,0.172868238996021,0.0811946926087969,-1.13275861396185,-1.13275857721268,0.234847113469644,"EcM",TRUE,"logRD"
"Pinus_virginiana",0.000497672180951703,0.172868238996021,0.0811946926087969,-1.13275861396185,-1.13275857721268,0.234847113469644,"EcM",TRUE,"logRD"
"Pinus_sylvestris",0.000497672180951703,0.172868238996021,0.0811946926087969,-1.13275861396185,-1.13275857721268,0.234847113469644,"EcM",TRUE,"logRD"
"Pinus_nigra",0.000497672180951703,0.172868238996021,0.0811946926087969,-1.13275861396185,-1.13275857721268,0.234847113469644,"EcM",TRUE,"logRD"
"Pinus_resinosa",0.000497672180951703,0.172868238996021,0.0811946926087969,-1.13275861396185,-1.13275857721268,0.234847113469644,"EcM",TRUE,"logRD"
"Pinus_massoniana",0.000497672180951703,0.172868238996021,0.0811946926087969,-1.13275861396185,-1.13275857721268,0.234847113469644,"EcM",TRUE,"logRD"
"Pinus_tabuliformis",0.000497672180951703,0.172868238996021,0.0811946926087969,-1.13275861396185,-1.13275857721268,0.234847113469644,"EcM",TRUE,"logRD"
"Pinus_pinea",0.000497672180951703,0.172868238996021,0.0811946926087969,-1.13275861396185,-1.13275857721268,0.234847113469644,"EcM",TRUE,"logRD"
"Pinus_pinaster",0.000497672180951703,0.172868238996021,0.0811946926087969,-1.13275861396185,-1.13275857721268,0.234847113469644,"EcM",TRUE,"logRD"
"Pinus_armandii",0.000497672180951703,0.172868238996021,0.0811946926087969,-1.13275861396185,-1.13275857721268,0.234847113469644,"EcM",TRUE,"logRD"
"Pinus_koraiensis",0.000497672180951703,0.172868238996021,0.0811946926087969,-1.13275861396185,-1.13275857721268,0.234847113469644,"EcM",TRUE,"logRD"
"Pinus_pumila",0.000497672180951703,0.172868238996021,0.0811946926087969,-1.13275861396185,-1.13275857721268,0.234847113469644,"EcM",TRUE,"logRD"
"Pinus_strobus",0.000497672180951703,0.172868238996021,0.0811946926087969,-1.13275861396185,-1.13275857721268,0.234847113469644,"EcM",TRUE,"logRD"
"Pinus_edulis",0.000497672180951703,0.172868238996021,0.0811946926087969,-1.13275861396185,-1.13275857721268,0.234847113469644,"EcM",TRUE,"logRD"
"Picea_koraiensis",0.000497672180951703,0.172868238996021,0.0811946926087969,-1.13275861396185,-1.13275857721268,0.234847113469644,"EcM",TRUE,"logRD"
"Picea_meyeri",0.000497672180951703,0.172868238996021,0.0811946926087969,-1.13275861396185,-1.13275857721268,0.234847113469644,"EcM",TRUE,"logRD"
"Picea_abies",0.000497672180951703,0.172868238996021,0.0811946926087969,-1.13275861396185,-1.13275857721268,0.234847113469644,"EcM",TRUE,"logRD"
"Picea_wilsonii",0.000497672180951703,0.172868238996021,0.0811946926087969,-1.13275861396185,-1.13275857721268,0.234847113469644,"EcM",TRUE,"logRD"
"Picea_rubens",0.000497672180951703,0.172868238996021,0.0811946926087969,-1.13275861396185,-1.13275857721268,0.234847113469644,"EcM",TRUE,"logRD"
"Picea_glauca",0.000497672180951703,0.172868238996021,0.0811946926087969,-1.13275861396185,-1.13275857721268,0.234847113469644,"EcM",TRUE,"logRD"
"Larix_gmelinii",0.000497672180951703,0.172868238996021,0.0811946926087969,-1.13275861396185,-1.13275857721268,0.234847113469644,"EcM",TRUE,"logRD"
"Larix_decidua",0.000497672180951703,0.172868238996021,0.0811946926087969,-1.13275861396185,-1.13275857721268,0.234847113469644,"EcM",TRUE,"logRD"
"Larix_kaempferi",0.000497672180951703,0.172868238996021,0.0811946926087969,-1.13275861396185,-1.13275857721268,0.234847113469644,"EcM",TRUE,"logRD"
"Pseudotsuga_menziesii",0.000497672180951703,0.172868238996021,0.0811946926087969,-1.13275861396185,-1.13275857721268,0.234847113469644,"EcM",TRUE,"logRD"
"Abies_fargesii",0.000497672180951703,0.172868238996021,0.0811946926087969,-1.13275861396185,-1.13275857721268,0.234847113469644,"EcM",TRUE,"logRD"
"Abies_nephrolepis",0.000497672180951703,0.172868238996021,0.0811946926087969,-1.13275861396185,-1.13275857721268,0.234847113469644,"EcM",TRUE,"logRD"
"Abies_alba",0.000497672180951703,0.172868238996021,0.0811946926087969,-1.13275861396185,-1.13275857721268,0.234847113469644,"EcM",TRUE,"logRD"
"Tsuga_canadensis",0.000497672180951703,0.172868238996021,0.0811946926087969,-1.13275861396185,-1.13275857721268,0.234847113469644,"EcM",TRUE,"logRD"
"Ephedra_fragilis",0.00144219356824324,0.172868238996021,0.0811966955215729,-1.05922434558759,-1.05922434558759,0.234855054248861,"AM",TRUE,"logRD"
"Gnetum_gnemon",0.000497672180951703,0.172868238996021,0.0811946926087969,-1.13275861396185,-1.13275861388156,0.234847113469626,"EcM",TRUE,"logRD"
"Ginkgo_biloba",0.00144219356824324,0.172868238996021,0.0811966955215729,-1.05922434558759,-1.05922434558759,0.234855054248867,"AM",TRUE,"logRD"
"Dryopteris_sparsa",0.00144219356824324,0.172868238996021,0.0811966955215729,-1.05922434558759,-1.05922434558759,0.234855054248867,"AM",TRUE,"logRD"
"Dryopteris_lepidopoda",0.00144219356824324,0.172868238996021,0.0811966955215729,-1.05922434558759,-1.05922434558759,0.234855054248874,"AM",TRUE,"logRD"
"Polystichum_chilense",0.00144219356824324,0.172868238996021,0.0811966955215729,-1.05922434558759,-1.05922434558759,0.234855054248867,"AM",TRUE,"logRD"
"Blechnum_procerum",0.00144219356824324,0.172868238996021,0.0811966955215729,-1.05922434558759,-1.05922434558759,0.234855054248867,"AM",TRUE,"logRD"
"Blechnum_novae-zelandiae",0.00144219356824324,0.172868238996021,0.0811966955215729,-1.05922434558759,-1.05922434558759,0.234855054248867,"AM",TRUE,"logRD"
"Blechnum_fluviatile",0.00144219356824324,0.172868238996021,0.0811966955215729,-1.05922434558759,-1.05922434558759,0.234855054248867,"AM",TRUE,"logRD"
"Blechnum_discolor",0.00144219356824324,0.172868238996021,0.0811966955215729,-1.05922434558759,-1.05922434558759,0.234855054248867,"AM",TRUE,"logRD"
"Blechnum_chambersii",0.00144219356824324,0.172868238996021,0.0811966955215729,-1.05922434558759,-1.05922434558759,0.234855054248867,"AM",TRUE,"logRD"
"Blechnum_orientale",0.00144219356824324,0.172868238996021,0.0811966955215729,-1.05922434558759,-1.05922434558759,0.234855054248867,"AM",TRUE,"logRD"
"Onoclea_sensibilis",0.00144219356824324,0.172868238996021,0.0811966955215729,-1.05922434558759,-1.05922434558759,0.234855054248867,"AM",TRUE,"logRD"
"Matteuccia_struthiopteris",0.00144219356824324,0.172868238996021,0.0811966955215729,-1.05922434558759,-1.05922434558759,0.234855054248867,"AM",TRUE,"logRD"
"Athyrium_spinulosum",0.00144219356824324,0.172868238996021,0.0811966955215729,-1.05922434558759,-1.05922434558759,0.234855054248867,"AM",TRUE,"logRD"
"Athyrium_sinense",0.00144219356824324,0.172868238996021,0.0811966955215729,-1.05922434558759,-1.05922434558759,0.234855054248867,"AM",TRUE,"logRD"
"Athyrium_multidentatum",0.00144219356824324,0.172868238996021,0.0811966955215729,-1.05922434558759,-1.05922434558759,0.234855054248867,"AM",TRUE,"logRD"
"Cystopteris_sudetica",0.00144219356824324,0.172868238996021,0.0811966955215729,-1.05922434558759,-1.05922434558759,0.234855054248867,"AM",TRUE,"logRD"
"Asplenium_bulbiferum",0.00108560690150181,0.172868238996021,0.0811772438006209,-1.19006929695294,-1.19001708183667,0.234777936490113,"NMAM",TRUE,"logRD"
"Pteridium_aquilinum",0.00144219356824324,0.172868238996021,0.0811966955215729,-1.05922434558759,-1.05922434558759,0.234855054248867,"AM",TRUE,"logRD"
"Adiantum_pedatum",0.00144219356824324,0.172868238996021,0.0811966955215729,-1.05922434558759,-1.05922434558759,0.234855054248867,"AM",TRUE,"logRD"
"Cyathea_smithii",0.00144219356824324,0.172868238996021,0.0811966955215729,-1.05922434558759,-1.05922434558759,0.234855054248867,"AM",TRUE,"logRD"
"Cyathea_medullaris",0.00144219356824324,0.172868238996021,0.0811966955215729,-1.05922434558759,-1.05922434558759,0.234855054248874,"AM",TRUE,"logRD"
"Cyathea_dealbata",0.00144219356824324,0.172868238996021,0.0811966955215729,-1.05922434558759,-1.05922434558759,0.234855054248867,"AM",TRUE,"logRD"
"Dicksonia_squarrosa",0.00144219356824324,0.172868238996021,0.0811966955215729,-1.05922434558759,-1.05922434558759,0.234855054248867,"AM",TRUE,"logRD"
"Cibotium_barometz",0.00144219356824324,0.172868238996021,0.0811966955215729,-1.05922434558759,-1.05922434558759,0.234855054248867,"AM",TRUE,"logRD"
"Sticherus_cunninghamii",0.00144219356824324,0.172868238996021,0.0811966955215729,-1.05922434558759,-1.05922434558759,0.234855054248874,"AM",TRUE,"logRD"
"Gleichenia_microphylla",0.00144219356824324,0.172868238996021,0.0811966955215729,-1.05922434558759,-1.05922434558759,0.234855054248861,"AM",TRUE,"logRD"
"Dicranopteris_pedata",0.00144219356824324,0.172868238996021,0.0811966955215729,-1.05922434558759,-1.05922434558759,0.234855054248874,"AM",TRUE,"logRD"
"Dicranopteris_linearis",0.00144219356824324,0.172868238996021,0.0811966955215729,-1.05922434558759,-1.05922434558759,0.234855054248867,"AM",TRUE,"logRD"
"Osmunda_japonica",0.00144219356824324,0.172868238996021,0.0811966955215729,-1.05922434558759,-1.05922434558899,0.234855054248867,"AM",TRUE,"logRD"
"Equisetum_hyemale",0.00108560690150181,0.172868238996021,0.0811772438006209,-1.19006929695294,-1.19006929361026,0.234777935652563,"NMAM",TRUE,"logRD"
"Equisetum_pratense",0.00108560690150181,0.172868238996021,0.0811772438006209,-1.19006929695294,-1.19006929361026,0.234777935652563,"NMAM",TRUE,"logRD"
"Lycopodium_volubile",0.00108560690150181,0.172868238996021,0.0811772438006209,-1.19006929695294,-1.19006929695293,0.234777935652561,"NMAM",TRUE,"logRD"
"Rudbeckia_hirta",0.0013082921161352,0.172946239349867,0.0821826455567977,-1.09006221123726,-1.09006221123726,0.237595931156802,"AM",FALSE,"logRD"
"Ratibida_pinnata",0.0013082921161352,0.172946239349867,0.0821826455567977,-1.09006221123726,-1.09006221123726,0.237595931156802,"AM",FALSE,"logRD"
"Heliopsis_helianthoides",0.0013082921161352,0.172946239349867,0.0821826455567977,-1.09006221123726,-1.09006221123726,0.237595931156802,"NM",FALSE,"logRD"
"Liatris_aspera",0.0013082921161352,0.172946239349867,0.0821826455567977,-1.09006221123726,-1.09006221123726,0.237595931156802,"AM",FALSE,"logRD"
"Arnica_sororia",0.0013082921161352,0.172946239349867,0.0821826455567977,-1.09006221123726,-1.09006221123726,0.237595931156802,"AM",FALSE,"logRD"
"Arnica_fulgens",0.0013082921161352,0.172946239349867,0.0821826455567977,-1.09006221123726,-1.09006221123726,0.237595931156802,"AM",FALSE,"logRD"
"Hymenoxys_richardsonii",0.0013082921161352,0.172946239349867,0.0821826455567977,-1.09006221123726,-1.09006221123726,0.237595931156802,"NMAM",FALSE,"logRD"
"Helianthus_agrestis",0.0013082921161352,0.172946239349867,0.0821826455567977,-1.09006221123726,-1.09006221123726,0.237595931156802,"AM",FALSE,"logRD"
"Helianthus_grosseserratus",0.0013082921161352,0.172946239349867,0.0821826455567977,-1.09006221123726,-1.09006221123726,0.237595931156802,"AM",FALSE,"logRD"
"Helianthus_giganteus",0.0013082921161352,0.172946239349867,0.0821826455567977,-1.09006221123726,-1.09006221123726,0.237595931156802,"AM",FALSE,"logRD"
"Helianthus_maximiliani",0.0013082921161352,0.172946239349867,0.0821826455567977,-1.09006221123726,-1.09006221123726,0.237595931156802,"AM",FALSE,"logRD"
"Helianthus_verticillatus",0.0013082921161352,0.172946239349867,0.0821826455567977,-1.09006221123726,-1.09006221123726,0.237595931156802,"AM",FALSE,"logRD"
"Helianthus_salicifolius",0.0013082921161352,0.172946239349867,0.0821826455567977,-1.09006221123726,-1.09006221123726,0.237595931156802,"AM",FALSE,"logRD"
"Pappobolus_microphyllus",0.0013082921161352,0.172946239349867,0.0821826455567977,-1.09006221123726,-1.09006221123726,0.237595931156802,"AM",FALSE,"logRD"
"Helianthus_occidentalis",0.0013082921161352,0.172946239349867,0.0821826455567977,-1.09006221123726,-1.09006221123726,0.237595931156802,"AM",FALSE,"logRD"
"Helianthus_mollis",0.0013082921161352,0.172946239349867,0.0821826455567977,-1.09006221123726,-1.09006221123726,0.237595931156802,"AM",FALSE,"logRD"
"Helianthus_silphioides",0.0013082921161352,0.172946239349867,0.0821826455567977,-1.09006221123726,-1.09006221123726,0.237595931156802,"AM",FALSE,"logRD"
"Helianthus_atrorubens",0.0013082921161352,0.172946239349867,0.0821826455567977,-1.09006221123726,-1.09006221123726,0.237595931156802,"AM",FALSE,"logRD"
"Helianthus_longifolius",0.0013082921161352,0.172946239349867,0.0821826455567977,-1.09006221123726,-1.09006221123726,0.237595931156802,"AM",FALSE,"logRD"
"Helianthus_angustifolius",0.0013082921161352,0.172946239349867,0.0821826455567977,-1.09006221123726,-1.09006221123726,0.237595931156802,"AM",FALSE,"logRD"
"Helianthus_floridanus",0.0013082921161352,0.172946239349867,0.0821826455567977,-1.09006221123726,-1.09006221123726,0.237595931156802,"AM",FALSE,"logRD"
"Helianthus_petiolaris",0.0013082921161352,0.172946239349867,0.0821826455567977,-1.09006221123726,-1.09006221123726,0.237595931156802,"AM",FALSE,"logRD"
"Helianthus_neglectus",0.0013082921161352,0.172946239349867,0.0821826455567977,-1.09006221123726,-1.09006221123726,0.237595931156802,"AM",FALSE,"logRD"
"Helianthus_niveus",0.0013082921161352,0.172946239349867,0.0821826455567977,-1.09006221123726,-1.09006221123726,0.237595931156802,"AM",FALSE,"logRD"
"Helianthus_praecox",0.0013082921161352,0.172946239349867,0.0821826455567977,-1.09006221123726,-1.09006221123726,0.237595931156802,"AM",FALSE,"logRD"
"Helianthus_debilis",0.0013082921161352,0.172946239349867,0.0821826455567977,-1.09006221123726,-1.09006221123726,0.237595931156802,"AM",FALSE,"logRD"
"Helianthus_argophyllus",0.0013082921161352,0.172946239349867,0.0821826455567977,-1.09006221123726,-1.09006221123726,0.237595931156802,"AM",FALSE,"logRD"
"Helianthus_annuus",0.0013082921161352,0.172946239349867,0.0821826455567977,-1.09006221123726,-1.09006221123726,0.237595931156802,"AM",FALSE,"logRD"
"Helianthus_cusickii",0.0013082921161352,0.172946239349867,0.0821826455567977,-1.09006221123726,-1.09006221123726,0.237595931156802,"AM",FALSE,"logRD"
"Helianthus_pauciflorus",0.0013082921161352,0.172946239349867,0.0821826455567977,-1.09006221123726,-1.09006221123726,0.237595931156802,"AM",FALSE,"logRD"
"Helianthus_radula",0.0013082921161352,0.172946239349867,0.0821826455567977,-1.09006221123726,-1.09006221123726,0.237595931156802,"AM",FALSE,"logRD"
"Helianthus_porteri",0.0013082921161352,0.172946239349867,0.0821826455567977,-1.09006221123726,-1.09006221123726,0.237595931156802,"AM",FALSE,"logRD"
"Helianthus_carnosus",0.0013082921161352,0.172946239349867,0.0821826455567977,-1.09006221123726,-1.09006221123726,0.237595931156802,"AM",FALSE,"logRD"
"Helianthus_heterophyllus",0.0013082921161352,0.172946239349867,0.0821826455567977,-1.09006221123726,-1.09006221123726,0.237595931156802,"AM",FALSE,"logRD"
"Ambrosia_artemisiifolia",0.0013082921161352,0.172946239349867,0.0821826455567977,-1.09006221123726,-1.09006221123726,0.237595931156802,"AM",FALSE,"logRD"
"Echinacea_serotina",0.0013082921161352,0.172946239349867,0.0821826455567977,-1.09006221123726,-1.09006221123726,0.237595931156802,"AM",FALSE,"logRD"
"Eclipta_prostrata",0.0013082921161352,0.172946239349867,0.0821826455567977,-1.09006221123726,-1.09006221123726,0.237595931156802,"NMAM",FALSE,"logRD"
"Coreopsis_palmata",0.0013082921161352,0.172946239349867,0.0821826455567977,-1.09006221123726,-1.09006221123726,0.237595931156802,"AM",FALSE,"logRD"
"Helichrysum_italicum",0.0013082921161352,0.172946239349867,0.0821826455567977,-1.09006221123726,-1.09006221123726,0.237595931156802,"EcMAM",FALSE,"logRD"
"Helichrysum_stoechas",0.0013082921161352,0.172946239349867,0.0821826455567977,-1.09006221123726,-1.09006221123726,0.237595931156802,"EcMAM",FALSE,"logRD"
"Anaphalis_aureopunctata",0.0013082921161352,0.172946239349867,0.0821826455567977,-1.09006221123726,-1.09006221123726,0.237595931156802,"AM",FALSE,"logRD"
"Anaphalis_hancockii",0.0013082921161352,0.172946239349867,0.0821826455567977,-1.09006221123726,-1.09006221123726,0.237595931156802,"AM",FALSE,"logRD"
"Antennaria_parvifolia",0.0013082921161352,0.172946239349867,0.0821826455567977,-1.09006221123726,-1.09006221123726,0.237595931156802,"AM",FALSE,"logRD"
"Antennaria_neglecta",0.0013082921161352,0.172946239349867,0.0821826455567977,-1.09006221123726,-1.09006221123726,0.237595931156802,"AM",FALSE,"logRD"
"Leontopodium_nanum",0.0013082921161352,0.172946239349867,0.0821826455567977,-1.09006221123726,-1.09006221123726,0.237595931156802,"AM",FALSE,"logRD"
"Inula_conyza",0.0013082921161352,0.172946239349867,0.0821826455567977,-1.09006221123726,-1.09006221123726,0.237595931156802,"AM",FALSE,"logRD"
"Haplopappus_spinulosus",0.0013082921161352,0.172946239349867,0.0821826455567977,-1.09006221123726,-1.09006221123726,0.237595931156802,"AM",FALSE,"logRD"
"Symphyotrichum_oolentangiense",0.0013082921161352,0.172946239349867,0.0821826455567977,-1.09006221123726,-1.09006221123726,0.237595931156802,"AM",FALSE,"logRD"
"Symphyotrichum_falcatum",0.0013082921161352,0.172946239349867,0.0821826455567977,-1.09006221123726,-1.09006221123726,0.237595931156802,"AM",FALSE,"logRD"
"Symphyotrichum_ciliolatum",0.0013082921161352,0.172946239349867,0.0821826455567977,-1.09006221123726,-1.09006221123726,0.237595931156802,"AM",FALSE,"logRD"
"Symphyotrichum_puniceum",0.0013082921161352,0.172946239349867,0.0821826455567977,-1.09006221123726,-1.09006221123726,0.237595931156802,"AM",FALSE,"logRD"
"Symphyotrichum_laeve",0.0013082921161352,0.172946239349867,0.0821826455567977,-1.09006221123726,-1.09006221123726,0.237595931156802,"AM",FALSE,"logRD"
"Symphyotrichum_novae-angliae",0.0013082921161352,0.172946239349867,0.0821826455567977,-1.09006221123726,-1.09006221123726,0.237595931156802,"AM",FALSE,"logRD"
"Symphyotrichum_ericoides",0.0013082921161352,0.172946239349867,0.0821826455567977,-1.09006221123726,-1.09006221123726,0.237595931156802,"AM",FALSE,"logRD"
"Heterotheca_villosa",0.0013082921161352,0.172946239349867,0.0821826455567977,-1.09006221123726,-1.09006221123726,0.237595931156802,"AM",FALSE,"logRD"
"Solidago_ptarmicoides",0.0013082921161352,0.172946239349867,0.0821826455567977,-1.09006221123726,-1.09006221123726,0.237595931156802,"AM",FALSE,"logRD"
"Solidago_nemoralis",0.0013082921161352,0.172946239349867,0.0821826455567977,-1.09006221123726,-1.09006221123726,0.237595931156802,"AM",FALSE,"logRD"
"Solidago_decurrens",0.0013082921161352,0.172946239349867,0.0821826455567977,-1.09006221123726,-1.09006221123726,0.237595931156802,"AM",FALSE,"logRD"
"Solidago_speciosa",0.0013082921161352,0.172946239349867,0.0821826455567977,-1.09006221123726,-1.09006221123726,0.237595931156802,"AM",FALSE,"logRD"
"Solidago_rigida",0.0013082921161352,0.172946239349867,0.0821826455567977,-1.09006221123726,-1.09006221123726,0.237595931156802,"AM",FALSE,"logRD"
"Solidago_missouriensis",0.0013082921161352,0.172946239349867,0.0821826455567977,-1.09006221123726,-1.09006221123726,0.237595931156802,"AM",FALSE,"logRD"
"Solidago_canadensis",0.0013082921161352,0.172946239349867,0.0821826455567977,-1.09006221123726,-1.09006221123726,0.237595931156802,"AM",FALSE,"logRD"
"Gutierrezia_sarothrae",0.0013082921161352,0.172946239349867,0.0821826455567977,-1.09006221123726,-1.09006221123726,0.237595931156802,"AM",FALSE,"logRD"
"Erigeron_glabellus",0.0013082921161352,0.172946239349867,0.0821826455567977,-1.09006221123726,-1.09006221123726,0.237595931156802,"AM",FALSE,"logRD"
"Erigeron_pumilus",0.0013082921161352,0.172946239349867,0.0821826455567977,-1.09006221123726,-1.09006221123726,0.237595931156802,"AM",FALSE,"logRD"
"Erigeron_canadensis",0.0013082921161352,0.172946239349867,0.0821826455567977,-1.09006221123726,-1.09006221123726,0.237595931156802,"AM",FALSE,"logRD"
"Doellingeria_umbellata",0.0013082921161352,0.172946239349867,0.0821826455567977,-1.09006221123726,-1.09006221123726,0.237595931156802,"AM",FALSE,"logRD"
"Aster_lanceolatus",0.0013082921161352,0.172946239349867,0.0821826455567977,-1.09006221123726,-1.09006221123726,0.237595931156802,"AM",FALSE,"logRD"
"Aster_laevis",0.0013082921161352,0.172946239349867,0.0821826455567977,-1.09006221123726,-1.09006221123726,0.237595931156802,"AM",FALSE,"logRD"
"Aster_tataricus",0.0013082921161352,0.172946239349867,0.0821826455567977,-1.09006221123726,-1.09006221123726,0.237595931156802,"AM",FALSE,"logRD"
"Doellingeria_scabra",0.0013082921161352,0.172946239349867,0.0821826455567977,-1.09006221123726,-1.09006221123726,0.237595931156802,"AM",FALSE,"logRD"
"Olearia_avicenniaefolia",0.0013082921161352,0.172946239349867,0.0821826455567977,-1.09006221123726,-1.09006221123726,0.237595931156802,"AM",FALSE,"logRD"
"Olearia_rani",0.0013082921161352,0.172946239349867,0.0821826455567977,-1.09006221123726,-1.09006221123726,0.237595931156802,"AM",FALSE,"logRD"
"Artemisia_codonocephala",0.0013082921161352,0.172946239349867,0.0821826455567977,-1.09006221123726,-1.09006221123726,0.237595931156802,"AM",FALSE,"logRD"
"Artemisia_barrelieri",0.0013082921161352,0.172946239349867,0.0821826455567977,-1.09006221123726,-1.09006221123726,0.237595931156802,"AM",FALSE,"logRD"
"Artemisia_igniaria",0.0013082921161352,0.172946239349867,0.0821826455567977,-1.09006221123726,-1.09006221123726,0.237595931156802,"AM",FALSE,"logRD"
"Artemisia_halodendron",0.0013082921161352,0.172946239349867,0.0821826455567977,-1.09006221123726,-1.09006221123726,0.237595931156802,"AM",FALSE,"logRD"
"Artemisia_frigida",0.0013082921161352,0.172946239349867,0.0821826455567977,-1.09006221123726,-1.09006221123726,0.237595931156802,"AM",FALSE,"logRD"
"Artemisia_mongolica",0.0013082921161352,0.172946239349867,0.0821826455567977,-1.09006221123726,-1.09006221123726,0.237595931156802,"AM",FALSE,"logRD"
"Artemisia_ludoviciana",0.0013082921161352,0.172946239349867,0.0821826455567977,-1.09006221123726,-1.09006221123726,0.237595931156802,"AM",FALSE,"logRD"
"Artemisia_cana",0.0013082921161352,0.172946239349867,0.0821826455567977,-1.09006221123726,-1.09006221123726,0.237595931156802,"AM",FALSE,"logRD"
"Achillea_millefolium",0.0013082921161352,0.172946239349867,0.0821826455567977,-1.09006221123726,-1.09006221123726,0.237595931156802,"AM",FALSE,"logRD"
"Leucanthemum_vulgare",0.0013082921161352,0.172946239349867,0.0821826455567977,-1.09006221123726,-1.09006221123726,0.237595931156802,"AM",FALSE,"logRD"
"Crepis_foetida",0.0013082921161352,0.172946239349867,0.0821826455567977,-1.09006221123726,-1.09006221123726,0.237595931156802,"AM",FALSE,"logRD"
"Crepis_tectorum",0.0013082921161352,0.172946239349867,0.0821826455567977,-1.09006221123726,-1.09006221123726,0.237595931156802,"AM",FALSE,"logRD"
"Crepis_sancta",0.0013082921161352,0.172946239349867,0.0821826455567977,-1.09006221123726,-1.09006221123726,0.237595931156802,"AM",FALSE,"logRD"
"Taraxacum_campylodes",0.0013082921161352,0.172946239349867,0.0821826455567977,-1.09006221123726,-1.09006221123726,0.237595931156802,"AM",FALSE,"logRD"
"Picris_hieracioides",0.0013082921161352,0.172946239349867,0.0821826455567977,-1.09006221123726,-1.09006221123726,0.237595931156802,"AM",FALSE,"logRD"
"Hypochaeris_radicata",0.0013082921161352,0.172946239349867,0.0821826455567977,-1.09006221123726,-1.09006221123726,0.237595931156802,"AM",FALSE,"logRD"
"Nabalus_tatarinowii",0.0013082921161352,0.172946239349867,0.0821826455567977,-1.09006221123726,-1.09006221123726,0.237595931156802,"AM",FALSE,"logRD"
"Launaea_arborescens",0.0013082921161352,0.172946239349867,0.0821826455567977,-1.09006221123726,-1.09006221123726,0.237595931156802,"AM",FALSE,"logRD"
"Lactuca_tatarica",0.0013082921161352,0.172946239349867,0.0821826455567977,-1.09006221123726,-1.09006221123726,0.237595931156802,"AM",FALSE,"logRD"
"Pilosella_peleteriana",0.0013082921161352,0.172946239349867,0.0821826455567977,-1.09006221123726,-1.09006221123726,0.237595931156802,"AM",FALSE,"logRD"
"Pilosella_officinarum",0.0013082921161352,0.172946239349867,0.0821826455567977,-1.09006221123726,-1.09006221123726,0.237595931156802,"AM",FALSE,"logRD"
"Cichorium_intybus",0.0013082921161352,0.172946239349867,0.0821826455567977,-1.09006221123726,-1.09006221123726,0.237595931156802,"AM",FALSE,"logRD"
"Tragopogon_dubius",0.0013082921161352,0.172946239349867,0.0821826455567977,-1.09006221123726,-1.09006221123726,0.237595931156802,"AM",FALSE,"logRD"
"Vernonia_fasciculata",0.0013082921161352,0.172946239349867,0.0821826455567977,-1.09006221123726,-1.09006221123726,0.237595931156802,"AM",FALSE,"logRD"
"Arctotheca_calendula",0.0013082921161352,0.172946239349867,0.0821826455567977,-1.09006221123726,-1.09006221123726,0.237595931156802,"AM",FALSE,"logRD"
"Centaurea_pectinata",0.0013082921161352,0.172946239349867,0.0821826455567977,-1.09006221123726,-1.09006221123726,0.237595931156802,"AM",FALSE,"logRD"
"Saussurea_nivea",0.0013082921161352,0.172946239349867,0.0821826455567977,-1.09006221123726,-1.09006221123726,0.237595931156802,"AM",FALSE,"logRD"
"Saussurea_mongolica",0.0013082921161352,0.172946239349867,0.0821826455567977,-1.09006221123726,-1.09006221123726,0.237595931156802,"AM",FALSE,"logRD"
"Saussurea_amurensis",0.0013082921161352,0.172946239349867,0.0821826455567977,-1.09006221123726,-1.09006221123726,0.237595931156802,"AM",FALSE,"logRD"
"Atractylis_humilis",0.0013082921161352,0.172946239349867,0.0821826455567977,-1.09006221123726,-1.09006221123726,0.237595931156802,"AM",FALSE,"logRD"
"Adenocaulon_himalaicum",0.0013082921161352,0.172946239349867,0.0821826455567977,-1.09006221123726,-1.09006221123726,0.237595931156802,"AM",FALSE,"logRD"
"Campanula_rotundifolia",0.0013082921161352,0.172946239349867,0.0821826455567977,-1.09006221123726,-1.09006221123726,0.237595931156802,"AM",FALSE,"logRD"
"Carpodetus_serratus",0.0013082921161352,0.172946239349867,0.0821826455567977,-1.09006221123726,-1.09006221123726,0.237595931156802,"AM",FALSE,"logRD"
"Musineon_divaricatum",0.0013082921161352,0.172946239349867,0.0821826455567977,-1.09006221123726,-1.09006221123726,0.237595931156802,"AM",FALSE,"logRD"
"Zizia_aurea",0.0013082921161352,0.172946239349867,0.0821826455567977,-1.09006221123726,-1.09006221123726,0.237595931156802,"AM",FALSE,"logRD"
"Tordylium_maximum",0.0013082921161352,0.172946239349867,0.0821826455567977,-1.09006221123726,-1.09006221123726,0.237595931156802,"AM",FALSE,"logRD"
"Daucus_carota",0.0013082921161352,0.172946239349867,0.0821826455567977,-1.09006221123726,-1.09006221123726,0.237595931156802,"AM",FALSE,"logRD"
"Sanicula_orthacantha",0.0013082921161352,0.172946239349867,0.0821826455567977,-1.09006221123726,-1.09006221123726,0.237595931156802,"AM",FALSE,"logRD"
"Astrantia_minor",0.0013082921161352,0.172946239349867,0.0821826455567977,-1.09006221123726,-1.09006221123726,0.237595931156802,"AM",FALSE,"logRD"
"Dendropanax_dentiger",0.0013082921161352,0.172946239349867,0.0821826455567977,-1.09006221123726,-1.09006221123726,0.237595931156802,"AM",FALSE,"logRD"
"Eleutherococcus_senticosus",0.0013082921161352,0.172946239349867,0.0821826455567977,-1.09006221123726,-1.09006221123726,0.237595931156802,"AM",FALSE,"logRD"
"Macropanax_undulatus",0.0013082921161352,0.172946239349867,0.0821826455567977,-1.09006221123726,-1.09006221123726,0.237595931156802,"AM",FALSE,"logRD"
"Hedera_helix",0.0013082921161352,0.172946239349867,0.0821826455567977,-1.09006221123726,-1.09006221123726,0.237595931156802,"AM",FALSE,"logRD"
"Schefflera_minutistellata",0.0013082921161352,0.172946239349867,0.0821826455567977,-1.09006221123726,-1.09006221123726,0.237595931156802,"AM",FALSE,"logRD"
"Schefflera_heptaphylla",0.0013082921161352,0.172946239349867,0.0821826455567977,-1.09006221123726,-1.09006221123726,0.237595931156802,"AM",FALSE,"logRD"
"Neopanax_arboreus",0.0013082921161352,0.172946239349867,0.0821826455567977,-1.09006221123726,-1.09006221123726,0.237595931156802,"AM",FALSE,"logRD"
"Neopanax_colensoi",0.0013082921161352,0.172946239349867,0.0821826455567977,-1.09006221123726,-1.09006221123726,0.237595931156802,"AM",FALSE,"logRD"
"Pseudopanax_crassifolius",0.0013082921161352,0.172946239349867,0.0821826455567977,-1.09006221123726,-1.09006221123726,0.237595931156802,"AM",FALSE,"logRD"
"Raukaua_simplex",0.0013082921161352,0.172946239349867,0.0821826455567977,-1.09006221123726,-1.09006221123726,0.237595931156802,"AM",FALSE,"logRD"
"Schefflera_digitata",0.0013082921161352,0.172946239349867,0.0821826455567977,-1.09006221123726,-1.09006221123726,0.237595931156802,"AM",FALSE,"logRD"
"Pittosporum_eugenioides",0.0013082921161352,0.172946239349867,0.0821826455567977,-1.09006221123726,-1.09006221123726,0.237595931156802,"AM",FALSE,"logRD"
"Pittosporum_tenuifolium",0.0013082921161352,0.172946239349867,0.0821826455567977,-1.09006221123726,-1.09006221123726,0.237595931156802,"AM",FALSE,"logRD"
"Pennantia_corymbosa",0.0013082921161352,0.172946239349867,0.0821826455567977,-1.09006221123726,-1.09006221123726,0.237595931156802,"AM",FALSE,"logRD"
"Abelia_biflora",0.0013082921161352,0.172946239349867,0.0821826455567977,-1.09006221123726,-1.09006221123726,0.237595931156802,"AM",FALSE,"logRD"
"Lonicera_chrysantha",0.0013082921161352,0.172946239349867,0.0821826455567977,-1.09006221123726,-1.09006221123726,0.237595931156802,"AM",FALSE,"logRD"
"Lonicera_maackii",0.0013082921161352,0.172946239349867,0.0821826455567977,-1.09006221123726,-1.09006221123726,0.237595931156802,"AM",FALSE,"logRD"
"Symphoricarpos_occidentalis",0.0013082921161352,0.172946239349867,0.0821826455567977,-1.09006221123726,-1.09006221123726,0.237595931156802,"AM",FALSE,"logRD"
"Viburnum_dentatum",0.0013082921161352,0.172946239349867,0.0821826455567977,-1.09006221123726,-1.09006221123726,0.237595931156802,"AM",FALSE,"logRD"
"Viburnum_tinus",0.0013082921161352,0.172946239349867,0.0821826455567977,-1.09006221123726,-1.09006221123726,0.237595931156802,"AM",FALSE,"logRD"
"Sambucus_williamsii",0.0013082921161352,0.172946239349867,0.0821826455567977,-1.09006221123726,-1.09006221123726,0.237595931156802,"AM",FALSE,"logRD"
"Sambucus_canadensis",0.0013082921161352,0.172946239349867,0.0821826455567977,-1.09006221123726,-1.09006221123726,0.237595931156802,"AM",FALSE,"logRD"
"Quintinia_serrata",0.0013082921161352,0.172946239349867,0.0821826455567977,-1.09006221123726,-1.09006221123726,0.237595931156802,"AM",FALSE,"logRD"
"Ilex_macropoda",0.0013082921161352,0.172946239349867,0.0821826455567977,-1.09006221123726,-1.09006221123726,0.237595931156802,"AM",FALSE,"logRD"
"Ilex_verticillata",0.0013082921161352,0.172946239349867,0.0821826455567977,-1.09006221123726,-1.09006221123726,0.237595931156802,"AM",FALSE,"logRD"
"Ilex_opaca",0.0013082921161352,0.172946239349867,0.0821826455567977,-1.09006221123726,-1.09006221123726,0.237595931156802,"AM",FALSE,"logRD"
"Ilex_pedunculosa",0.0013082921161352,0.172946239349867,0.0821826455567977,-1.09006221123726,-1.09006221123726,0.237595931156802,"AM",FALSE,"logRD"
"Hedeoma_hispida",0.0013082921161352,0.172946239349867,0.0821826455567977,-1.09006221123726,-1.09006221123726,0.237595931156802,"AM",FALSE,"logRD"
"Monarda_fistulosa",0.0013082921161352,0.172946239349867,0.0821826455567977,-1.09006221123726,-1.09006221123726,0.237595931156802,"AM",FALSE,"logRD"
"Pycnanthemum_virginianum",0.0013082921161352,0.172946239349867,0.0821826455567977,-1.09006221123726,-1.09006221123726,0.237595931156802,"AM",FALSE,"logRD"
"Clinopodium_nepeta",0.0013082921161352,0.172946239349867,0.0821826455567977,-1.09006221123726,-1.09006221123726,0.237595931156802,"AM",FALSE,"logRD"
"Thymus_mastichina",0.0013082921161352,0.172946239349867,0.0821826455567977,-1.09006221123726,-1.09006221123726,0.237595931156802,"AM",FALSE,"logRD"
"Thymus_hyemalis",0.0013082921161352,0.172946239349867,0.0821826455567977,-1.09006221123726,-1.09006221123726,0.237595931156802,"AM",FALSE,"logRD"
"Thymus_dolomiticus",0.0013082921161352,0.172946239349867,0.0821826455567977,-1.09006221123726,-1.09006221123726,0.237595931156802,"AM",FALSE,"logRD"
"Prunella_vulgaris",0.0013082921161352,0.172946239349867,0.0821826455567977,-1.09006221123726,-1.09006221123726,0.237595931156802,"AM",FALSE,"logRD"
"Agastache_foeniculum",0.0013082921161352,0.172946239349867,0.0821826455567977,-1.09006221123726,-1.09006221123726,0.237595931156802,"AM",FALSE,"logRD"
"Salvia_chinensis",0.0013082921161352,0.172946239349867,0.0821826455567977,-1.09006221123726,-1.09006221123726,0.237595931156802,"AM",FALSE,"logRD"
"Rosmarinus_officinalis",0.0013082921161352,0.172946239349867,0.0821826455567977,-1.09006221123726,-1.09006221123726,0.237595931156802,"AM",FALSE,"logRD"
"Lavandula_multifida",0.0013082921161352,0.172946239349867,0.0821826455567977,-1.09006221123726,-1.09006221123726,0.237595931156802,"AM",FALSE,"logRD"
"Teucrium_charidemi",0.0013082921161352,0.172946239349867,0.0821826455567977,-1.09006221123726,-1.09006221123726,0.237595931156802,"AM",FALSE,"logRD"
"Teucrium_chamaedrys",0.0013082921161352,0.172946239349867,0.0821826455567977,-1.09006221123726,-1.09006221123726,0.237595931156802,"AM",FALSE,"logRD"
"Teucrium_fruticans",0.0013082921161352,0.172946239349867,0.0821826455567977,-1.09006221123726,-1.09006221123726,0.237595931156802,"AM",FALSE,"logRD"
"Lamium_album",0.0013082921161352,0.172946239349867,0.0821826455567977,-1.09006221123726,-1.09006221123726,0.237595931156802,"NMAM",FALSE,"logRD"
"Ballota_hirsuta",0.0013082921161352,0.172946239349867,0.0821826455567977,-1.09006221123726,-1.09006221123726,0.237595931156802,"AM",FALSE,"logRD"
"Phlomoides_umbrosa",0.0013082921161352,0.172946239349867,0.0821826455567977,-1.09006221123726,-1.09006221123726,0.237595931156802,"AM",FALSE,"logRD"
"Phlomis_purpurea",0.0013082921161352,0.172946239349867,0.0821826455567977,-1.09006221123726,-1.09006221123726,0.237595931156802,"AM",FALSE,"logRD"
"Sideritis_pusilla",0.0013082921161352,0.172946239349867,0.0821826455567977,-1.09006221123726,-1.09006221123726,0.237595931156802,"AM",FALSE,"logRD"
"Vitex_lucens",0.0013082921161352,0.172946239349867,0.0821826455567977,-1.09006221123726,-1.09006221123726,0.237595931156802,"AM",FALSE,"logRD"
"Orthocarpus_luteus",0.0013082921161352,0.172946239349867,0.0821826455567977,-1.09006221123726,-1.09006221123726,0.237595931156802,"NM",FALSE,"logRD"
"Strobilanthes_villosum",0.0013082921161352,0.172946239349867,0.0821826455567977,-1.09006221123726,-1.09006221123726,0.237595931156802,"AM",FALSE,"logRD"
"Strobilanthes_dimorphotricha",0.0013082921161352,0.172946239349867,0.0821826455567977,-1.09006221123726,-1.09006221123726,0.237595931156802,"AM",FALSE,"logRD"
"Rungia_pectinata",0.0013082921161352,0.172946239349867,0.0821826455567977,-1.09006221123726,-1.09006221123726,0.237595931156802,"AM",FALSE,"logRD"
"Handroanthus_guayacan",0.0013082921161352,0.172946239349867,0.0821826455567977,-1.09006221123726,-1.09006221123726,0.237595931156802,"AM",FALSE,"logRD"
"Tanaecium_pyramidatum",0.0013082921161352,0.172946239349867,0.0821826455567977,-1.09006221123726,-1.09006221123726,0.237595931156802,"AM",FALSE,"logRD"
"Catalpa_bignonioides",0.0013082921161352,0.172946239349867,0.0821826455567977,-1.09006221123726,-1.09006221123726,0.237595931156802,"AM",FALSE,"logRD"
"Verbena_hastata",0.0013082921161352,0.172946239349867,0.0821826455567977,-1.09006221123726,-1.09006221123726,0.237595931156802,"AM",FALSE,"logRD"
"Verbascum_thapsus",0.0013082921161352,0.172946239349867,0.0821826455567977,-1.09006221123726,-1.09006221123726,0.237595931156802,"AM",FALSE,"logRD"
"Veronica_persica",0.0013082921161352,0.172946239349867,0.0821826455567977,-1.09006221123726,-1.09006221123726,0.237595931156802,"NMAM",FALSE,"logRD"
"Veronica_spuria",0.0013082921161352,0.172946239349867,0.0821826455567977,-1.09006221123726,-1.09006221123726,0.237595931156802,"NMAM",FALSE,"logRD"
"Veronicastrum_virginicum",0.0013082921161352,0.172946239349867,0.0821826455567977,-1.09006221123726,-1.09006221123726,0.237595931156802,"AM",FALSE,"logRD"
"Plantago_varia",0.0013082921161352,0.172946239349867,0.0821826455567977,-1.09006221123726,-1.09006221123726,0.237595931156802,"AM",FALSE,"logRD"
"Plantago_lanceolata",0.0013082921161352,0.172946239349867,0.0821826455567977,-1.09006221123726,-1.09006221123726,0.237595931156802,"AM",FALSE,"logRD"
"Plantago_patagonica",0.0013082921161352,0.172946239349867,0.0821826455567977,-1.09006221123726,-1.09006221123726,0.237595931156802,"AM",FALSE,"logRD"
"Penstemon_grandiflorus",0.0013082921161352,0.172946239349867,0.0821826455567977,-1.09006221123726,-1.09006221123726,0.237595931156802,"AM",FALSE,"logRD"
"Penstemon_nitidus",0.0013082921161352,0.172946239349867,0.0821826455567977,-1.09006221123726,-1.09006221123726,0.237595931156802,"AM",FALSE,"logRD"
"Penstemon_procerus",0.0013082921161352,0.172946239349867,0.0821826455567977,-1.09006221123726,-1.09006221123726,0.237595931156802,"AM",FALSE,"logRD"
"Penstemon_confertus",0.0013082921161352,0.172946239349867,0.0821826455567977,-1.09006221123726,-1.09006221123726,0.237595931156802,"AM",FALSE,"logRD"
"Olea_rosea",0.0013082921161352,0.172946239349867,0.0821826455567977,-1.09006221123726,-1.09006221123726,0.237595931156802,"AM",FALSE,"logRD"
"Olea_europaea",0.0013082921161352,0.172946239349867,0.0821826455567977,-1.09006221123726,-1.09006221123726,0.237595931156802,"AM",FALSE,"logRD"
"Chionanthus_mildbraedii",0.0013082921161352,0.172946239349867,0.0821826455567977,-1.09006221123726,-1.09006221123726,0.237595931156802,"AM",FALSE,"logRD"
"Chionanthus_virginicus",0.0013082921161352,0.172946239349867,0.0821826455567977,-1.09006221123726,-1.09006221123726,0.237595931156802,"AM",FALSE,"logRD"
"Phillyrea_angustifolia",0.0013082921161352,0.172946239349867,0.0821826455567977,-1.09006221123726,-1.09006221123726,0.237595931156802,"AM",FALSE,"logRD"
"Phillyrea_latifolia",0.0013082921161352,0.172946239349867,0.0821826455567977,-1.09006221123726,-1.09006221123726,0.237595931156802,"AM",FALSE,"logRD"
"Osmanthus_didymopetalus",0.0013082921161352,0.172946239349867,0.0821826455567977,-1.09006221123726,-1.09006221123726,0.237595931156802,"AM",FALSE,"logRD"
"Nestegis_lanceolata",0.0013082921161352,0.172946239349867,0.0821826455567977,-1.09006221123726,-1.09006221123726,0.237595931156802,"AM",FALSE,"logRD"
"Fraxinus_mandshurica",0.0013082921161352,0.172946239349867,0.0821826455567977,-1.09006221123726,-1.09006221123726,0.237595931156802,"AM",FALSE,"logRD"
"Fraxinus_angustifolia",0.0013082921161352,0.172946239349867,0.0821826455567977,-1.09006221123726,-1.09006221123726,0.237595931156802,"AM",FALSE,"logRD"
"Fraxinus_excelsior",0.0013082921161352,0.172946239349867,0.0821826455567977,-1.09006221123726,-1.09006221123726,0.237595931156802,"AM",FALSE,"logRD"
"Fraxinus_chinensis",0.0013082921161352,0.172946239349867,0.0821826455567977,-1.09006221123726,-1.09006221123726,0.237595931156802,"AM",FALSE,"logRD"
"Fraxinus_nigra",0.0013082921161352,0.172946239349867,0.0821826455567977,-1.09006221123726,-1.09006221123726,0.237595931156802,"AM",FALSE,"logRD"
"Fraxinus_americana",0.0013082921161352,0.172946239349867,0.0821826455567977,-1.09006221123726,-1.09006221123726,0.237595931156802,"AM",FALSE,"logRD"
"Syringa_reticulata",0.0013082921161352,0.172946239349867,0.0821826455567977,-1.09006221123726,-1.09006221123726,0.237595931156802,"AM",FALSE,"logRD"
"Jasminum_fruticans",0.0013082921161352,0.172946239349867,0.0821826455567977,-1.09006221123726,-1.09006221123726,0.237595931156802,"AM",FALSE,"logRD"
"Galium_boreale",0.0013082921161352,0.172946239349867,0.0821826455567977,-1.09006221123726,-1.09006221123726,0.237595931156802,"NMAM",FALSE,"logRD"
"Galium_aparine",0.0013082921161352,0.172946239349867,0.0821826455567977,-1.09006221123726,-1.09006221123726,0.237595931156802,"NMAM",FALSE,"logRD"
"Rubia_peregrina",0.0013082921161352,0.172946239349867,0.0821826455567977,-1.09006221123726,-1.09006221123726,0.237595931156802,"AM",FALSE,"logRD"
"Saprosma_ternatum",0.0013082921161352,0.172946239349867,0.0821826455567977,-1.09006221123726,-1.09006221123726,0.237595931156802,"AM",FALSE,"logRD"
"Serissa_japonica",0.0013082921161352,0.172946239349867,0.0821826455567977,-1.09006221123726,-1.09006221123726,0.237595931156802,"AM",FALSE,"logRD"
"Coprosma_lucida",0.0013082921161352,0.172946239349867,0.0821826455567977,-1.09006221123726,-1.09006221123726,0.237595931156802,"AM",FALSE,"logRD"
"Coprosma_linariifolia",0.0013082921161352,0.172946239349867,0.0821826455567977,-1.09006221123726,-1.09006221123726,0.237595931156802,"AM",FALSE,"logRD"
"Coprosma_rhamnoides",0.0013082921161352,0.172946239349867,0.0821826455567977,-1.09006221123726,-1.09006221123726,0.237595931156802,"AM",FALSE,"logRD"
"Coprosma_ciliata",0.0013082921161352,0.172946239349867,0.0821826455567977,-1.09006221123726,-1.09006221123726,0.237595931156802,"AM",FALSE,"logRD"
"Coprosma_foetidissima",0.0013082921161352,0.172946239349867,0.0821826455567977,-1.09006221123726,-1.09006221123726,0.237595931156802,"AM",FALSE,"logRD"
"Psychotria_asiatica",0.0013082921161352,0.172946239349867,0.0821826455567977,-1.09006221123726,-1.09006221123726,0.237595931156802,"AM",FALSE,"logRD"
"Catunaregam_spinosa",0.0013082921161352,0.172946239349867,0.0821826455567977,-1.09006221123726,-1.09006221123726,0.237595931156802,"AM",FALSE,"logRD"
"Aidia_oxyodonta",0.0013082921161352,0.172946239349867,0.0821826455567977,-1.09006221123726,-1.09006221123726,0.237595931156802,"AM",FALSE,"logRD"
"Coffea_arabica",0.0013082921161352,0.172946239349867,0.0821826455567977,-1.09006221123726,-1.09006221123726,0.237595931156802,"AM",FALSE,"logRD"
"Diplospora_dubia",0.0013082921161352,0.172946239349867,0.0821826455567977,-1.09006221123726,-1.09006221123726,0.237595931156802,"AM",FALSE,"logRD"
"Hypobathrum_racemosum",0.0013082921161352,0.172946239349867,0.0821826455567977,-1.09006221123726,-1.09006221123726,0.237595931156802,"AM",FALSE,"logRD"
"Wendlandia_uvariifolia",0.0013082921161352,0.172946239349867,0.0821826455567977,-1.09006221123726,-1.09006221123726,0.237595931156802,"AM",FALSE,"logRD"
"Alseis_blackiana",0.0013082921161352,0.172946239349867,0.0821826455567977,-1.09006221123726,-1.09006221123726,0.237595931156802,"AM",FALSE,"logRD"
"Pertusadina_metcalfii",0.0013082921161352,0.172946239349867,0.0821826455567977,-1.09006221123726,-1.09006221123726,0.237595931156802,"AM",FALSE,"logRD"
"Adina_pilulifera",0.0013082921161352,0.172946239349867,0.0821826455567977,-1.09006221123726,-1.09006221123726,0.237595931156802,"AM",FALSE,"logRD"
"Chomelia_psilocarpa",0.0013082921161352,0.172946239349867,0.0821826455567977,-1.09006221123726,-1.09006221123726,0.237595931156802,"AM",FALSE,"logRD"
"Asclepias_tuberosa",0.0013082921161352,0.172946239349867,0.0821826455567977,-1.09006221123726,-1.09006221123726,0.237595931156802,"AM",FALSE,"logRD"
"Asclepias_syriaca",0.0013082921161352,0.172946239349867,0.0821826455567977,-1.09006221123726,-1.09006221123726,0.237595931156802,"AM",FALSE,"logRD"
"Asclepias_incarnata",0.0013082921161352,0.172946239349867,0.0821826455567977,-1.09006221123726,-1.09006221123726,0.237595931156802,"AM",FALSE,"logRD"
"Nerium_oleander",0.0013082921161352,0.172946239349867,0.0821826455567977,-1.09006221123726,-1.09006221123726,0.237595931156802,"AM",FALSE,"logRD"
"Trachelospermum_axillare",0.0013082921161352,0.172946239349867,0.0821826455567977,-1.09006221123726,-1.09006221123726,0.237595931156802,"AM",FALSE,"logRD"
"Alstonia_scholaris",0.0013082921161352,0.172946239349867,0.0821826455567977,-1.09006221123726,-1.09006221123726,0.237595931156802,"AM",FALSE,"logRD"
"Gentiana_andrewsii",0.0013082921161352,0.172946239349867,0.0821826455567977,-1.09006221123726,-1.09006221123726,0.237595931156802,"AM",FALSE,"logRD"
"Solanum_americanum",0.0013082921161352,0.172946239349867,0.0821826455567977,-1.09006221123726,-1.09006221123726,0.237595931156802,"AM",FALSE,"logRD"
"Physalis_virginiana",0.0013082921161352,0.172946239349867,0.0821826455567977,-1.09006221123726,-1.09006221123726,0.237595931156802,"AM",FALSE,"logRD"
"Withania_frutescens",0.0013082921161352,0.172946239349867,0.0821826455567977,-1.09006221123726,-1.09006221123726,0.237595931156802,"AM",FALSE,"logRD"
"Merremia_umbellata",0.0013082921161352,0.172946239349867,0.0821826455567977,-1.09006221123726,-1.09006221123726,0.237595931156802,"AM",FALSE,"logRD"
"Apodytes_dimidiata",0.0013082921161352,0.172946239349867,0.0821826455567977,-1.09006221123726,-1.09006221123726,0.237595931156802,"AM",FALSE,"logRD"
"Arbutus_unedo",0.00130829211613526,0.172946239349867,0.0821826455567977,-1.09006221123726,-1.09006221123726,0.237595931156802,"EcM",FALSE,"logRD"
"Actinidia_kolomikta",0.0013082921161352,0.172946239349867,0.0821826455567977,-1.09006221123726,-1.09006221123726,0.237595931156802,"AM",FALSE,"logRD"
"Styrax_suberifolius",0.0013082921161352,0.172946239349867,0.0821826455567977,-1.09006221123726,-1.09006221123726,0.237595931156802,"AM",FALSE,"logRD"
"Halesia_tetraptera",0.0013082921161352,0.172946239349867,0.0821826455567977,-1.09006221123726,-1.09006221123726,0.237595931156802,"AM",FALSE,"logRD"
"Alniphyllum_fortunei",0.0013082921161352,0.172946239349867,0.0821826455567977,-1.09006221123726,-1.09006221123726,0.237595931156802,"AM",FALSE,"logRD"
"Androsace_occidentalis",0.0013082921161352,0.172946239349867,0.0821826455567977,-1.09006221123726,-1.09006221123726,0.237595931156802,"AM",FALSE,"logRD"
"Lysimachia_nemorum",0.0013082921161352,0.172946239349867,0.0821826455567977,-1.09006221123726,-1.09006221123726,0.237595931156802,"AM",FALSE,"logRD"
"Ardisia_depressa",0.0013082921161352,0.172946239349867,0.0821826455567977,-1.09006221123726,-1.09006221123726,0.237595931156802,"AM",FALSE,"logRD"
"Ardisia_quinquegona",0.0013082921161352,0.172946239349867,0.0821826455567977,-1.09006221123726,-1.09006221123726,0.237595931156802,"AM",FALSE,"logRD"
"Ardisia_japonica",0.0013082921161352,0.172946239349867,0.0821826455567977,-1.09006221123726,-1.09006221123726,0.237595931156802,"AM",FALSE,"logRD"
"Embelia_vestita",0.0013082921161352,0.172946239349867,0.0821826455567977,-1.09006221123726,-1.09006221123726,0.237595931156802,"NM",FALSE,"logRD"
"Myrsine_coriacea",0.0013082921161352,0.172946239349867,0.0821826455567977,-1.09006221123726,-1.09006221123726,0.237595931156802,"AM",FALSE,"logRD"
"Rapanea_australis",0.0013082921161352,0.172946239349867,0.0821826455567977,-1.09006221123726,-1.09006221123726,0.237595931156802,"AM",FALSE,"logRD"
"Rapanea_divaricata",0.0013082921161352,0.172946239349867,0.0821826455567977,-1.09006221123726,-1.09006221123726,0.237595931156802,"AM",FALSE,"logRD"
"Myrsine_seguinii",0.0013082921161352,0.172946239349867,0.0821826455567977,-1.09006221123726,-1.09006221123726,0.237595931156802,"AM",FALSE,"logRD"
"Diospyros_strigosa",0.0013082921161352,0.172946239349867,0.0821826455567977,-1.09006221123726,-1.09006221123726,0.237595931156802,"AM",FALSE,"logRD"
"Diospyros_virginiana",0.0013082921161352,0.172946239349867,0.0821826455567977,-1.09006221123726,-1.09006221123726,0.237595931156802,"AM",FALSE,"logRD"
"Barringtonia_racemosa",0.0013082921161352,0.172946239349867,0.0821826455567977,-1.09006221123726,-1.09006221123726,0.237595931156802,"AM",FALSE,"logRD"
"Madhuca_endertii",0.0013082921161352,0.172946239349867,0.0821826455567977,-1.09006221123726,-1.09006221123726,0.237595931156802,"AM",FALSE,"logRD"
"Payena_microphylla",0.0013082921161352,0.172946239349867,0.0821826455567977,-1.09006221123726,-1.09006221123726,0.237595931156802,"AM",FALSE,"logRD"
"Gordonia_axillaris",0.0013082921161352,0.172946239349867,0.0821826455567977,-1.09006221123726,-1.09006221123726,0.237595931156802,"AM",FALSE,"logRD"
"Schima_superba",0.0013082921161352,0.172946239349867,0.0821826455567977,-1.09006221123726,-1.09006221123726,0.237595931156802,"AM",FALSE,"logRD"
"Schima_wallichii",0.0013082921161352,0.172946239349867,0.0821826455567977,-1.09006221123726,-1.09006221123726,0.237595931156802,"AM",FALSE,"logRD"
"Phlox_hoodii",0.0013082921161352,0.172946239349867,0.0821826455567977,-1.09006221123726,-1.09006221123726,0.237595931156802,"AM",FALSE,"logRD"
"Eurya_japonica",0.0013082921161352,0.172946239349867,0.0821826455567977,-1.09006221123726,-1.09006221123726,0.237595931156802,"AM",FALSE,"logRD"
"Adinandra_millettii",0.0013082921161352,0.172946239349867,0.0821826455567977,-1.09006221123726,-1.09006221123726,0.237595931156802,"AM",FALSE,"logRD"
"Ternstroemia_coriacea",0.0013082921161352,0.172946239349867,0.0821826455567977,-1.09006221123726,-1.09006221123726,0.237595931156802,"AM",FALSE,"logRD"
"Pentaphylax_euryoides",0.0013082921161352,0.172946239349867,0.0821826455567977,-1.09006221123726,-1.09006221123726,0.237595931156802,"AM",FALSE,"logRD"
"Deutzia_glabrata",0.0013082921161352,0.172946239349867,0.0821826455567977,-1.09006221123726,-1.09006221123726,0.237595931156802,"AM",FALSE,"logRD"
"Deutzia_grandiflora",0.0013082921161352,0.172946239349867,0.0821826455567977,-1.09006221123726,-1.09006221123726,0.237595931156802,"AM",FALSE,"logRD"
"Philadelphus_incanus",0.0013082921161352,0.172946239349867,0.0821826455567977,-1.09006221123726,-1.09006221123726,0.237595931156802,"AM",FALSE,"logRD"
"Cornus_bretschneideri",0.0013082921161352,0.172946239349867,0.0821826455567977,-1.09006221123726,-1.09006221123726,0.237595931156802,"AM",FALSE,"logRD"
"Cornus_ulotricha",0.0013082921161352,0.172946239349867,0.0821826455567977,-1.09006221123726,-1.09006221123726,0.237595931156802,"AM",FALSE,"logRD"
"Cornus_controversa",0.0013082921161352,0.172946239349867,0.0821826455567977,-1.09006221123726,-1.09006221123726,0.237595931156802,"AM",FALSE,"logRD"
"Cornus_kousa",0.0013082921161352,0.172946239349867,0.0821826455567977,-1.09006221123726,-1.09006221123726,0.237595931156802,"AM",FALSE,"logRD"
"Cornus_florida",0.0013082921161352,0.172946239349867,0.0821826455567977,-1.09006221123726,-1.09006221123726,0.237595931156802,"AM",FALSE,"logRD"
"Cornus_officinalis",0.0013082921161352,0.172946239349867,0.0821826455567977,-1.09006221123726,-1.09006221123726,0.237595931156802,"AM",FALSE,"logRD"
"Alangium_chinense",0.0013082921161352,0.172946239349867,0.0821826455567977,-1.09006221123726,-1.09006221123726,0.237595931156802,"AM",FALSE,"logRD"
"Nyssa_aquatica",0.0013082921161352,0.172946239349867,0.0821826455567977,-1.09006221123726,-1.09006221123726,0.237595931156802,"AM",FALSE,"logRD"
"Nyssa_sylvatica",0.0013082921161352,0.172946239349867,0.0821826455567977,-1.09006221123726,-1.09006221123726,0.237595931156802,"AM",FALSE,"logRD"
"Silene_rupestris",0.0013082921161352,0.172946239349867,0.0821826455567977,-1.09006221123726,-1.09006221123726,0.237595931156802,"NMAM",FALSE,"logRD"
"Arenaria_serpyllifolia",0.0013082921161352,0.172946239349867,0.0821826455567977,-1.09006221123726,-1.09006221123726,0.237595931156802,"NMAM",FALSE,"logRD"
"Cerastium_fontanum",0.0013082921161352,0.172946239349867,0.0821826455567977,-1.09006221123726,-1.09006221123726,0.237595931156802,"NMAM",FALSE,"logRD"
"Cerastium_arvense",0.0013082921161352,0.172946239349867,0.0821826455567977,-1.09006221123726,-1.09006221123726,0.237595931156802,"NMAM",FALSE,"logRD"
"Eurotia_lanata",0.0013082921161352,0.172946239349867,0.0821826455567977,-1.09006221123726,-1.09006221123726,0.237595931156795,"AM",FALSE,"logRD"
"Chenopodium_serotinum",0.0013082921161352,0.172946239349867,0.0821826455567977,-1.09006221123726,-1.09006221123726,0.237595931156802,"NMAM",FALSE,"logRD"
"Chenopodium_album",0.0013082921161352,0.172946239349867,0.0821826455567977,-1.09006221123726,-1.09006221123726,0.237595931156802,"NMAM",FALSE,"logRD"
"Alternanthera_sessilis",0.0013082921161352,0.172946239349867,0.0821826455567977,-1.09006221123726,-1.09006221123726,0.237595931156795,"NMAM",FALSE,"logRD"
"Rumex_acetosa",0.0013082921161352,0.172946239349867,0.0821826455567977,-1.09006221123726,-1.09006221123726,0.237595931156802,"NMAM",FALSE,"logRD"
"Rumex_acetosella",0.0013082921161352,0.172946239349867,0.0821826455567977,-1.09006221123726,-1.09006221123726,0.237595931156802,"NMAM",FALSE,"logRD"
"Fallopia_convolvulus",0.0013082921161352,0.172946239349867,0.0821826455567977,-1.09006221123726,-1.09006221123726,0.237595931156802,"NMAM",FALSE,"logRD"
"Coccoloba_manzinellensis",0.0013082921161352,0.172946239349867,0.0821826455567977,-1.09006221123726,-1.09006221123726,0.237595931156802,"EcM",FALSE,"logRD"
"Coccoloba_excelsa",0.0013082921161352,0.172946239349867,0.0821826455567977,-1.09006221123726,-1.09006221123726,0.237595931156802,"EcM",FALSE,"logRD"
"Armeria_velutina",0.0013082921161352,0.172946239349867,0.0821826455567977,-1.09006221123726,-1.09006221123726,0.237595931156802,"NMAM",FALSE,"logRD"
"Schoepfia_jasminodora",0.0013082921161352,0.172946239349867,0.0821826455567977,-1.09006221123726,-1.09006221123726,0.237595931156802,"AM",FALSE,"logRD"
"Osyris_alba",0.0013082921161352,0.172946239349867,0.0821826455567977,-1.09006221123726,-1.09006221123726,0.237595931156802,"NMAM",FALSE,"logRD"
"Comandra_umbellata",0.0013082921161352,0.172946239349867,0.0821826455567977,-1.09006221123726,-1.09006221123726,0.237595931156802,"AM",FALSE,"logRD"
"Stauracanthus_genistoides",0.0013082921161352,0.172946239349867,0.0821826455567977,-1.09006221123726,-1.09006221123726,0.237595931156802,"AM",FALSE,"logRD"
"Trifolium_spumosum",0.0013082921161352,0.172946239349867,0.0821826455567977,-1.09006221123726,-1.09006221123726,0.237595931156802,"AM",FALSE,"logRD"
"Trifolium_repens",0.0013082921161352,0.172946239349867,0.0821826455567977,-1.09006221123726,-1.09006221123726,0.237595931156802,"AM",FALSE,"logRD"
"Trifolium_pratense",0.0013082921161352,0.172946239349867,0.0821826455567977,-1.09006221123726,-1.09006221123726,0.237595931156802,"AM",FALSE,"logRD"
"Trifolium_incarnatum",0.0013082921161352,0.172946239349867,0.0821826455567977,-1.09006221123726,-1.09006221123726,0.237595931156802,"AM",FALSE,"logRD"
"Trifolium_hirtum",0.0013082921161352,0.172946239349867,0.0821826455567977,-1.09006221123726,-1.09006221123726,0.237595931156802,"AM",FALSE,"logRD"
"Trifolium_angustifolium",0.0013082921161352,0.172946239349867,0.0821826455567977,-1.09006221123726,-1.09006221123726,0.237595931156802,"AM",FALSE,"logRD"
"Trifolium_purpureum",0.0013082921161352,0.172946239349867,0.0821826455567977,-1.09006221123726,-1.09006221123726,0.237595931156802,"AM",FALSE,"logRD"
"Trifolium_subterraneum",0.0013082921161352,0.172946239349867,0.0821826455567977,-1.09006221123726,-1.09006221123726,0.237595931156802,"AM",FALSE,"logRD"
"Trifolium_dubium",0.0013082921161352,0.172946239349867,0.0821826455567977,-1.09006221123726,-1.09006221123726,0.237595931156802,"AM",FALSE,"logRD"
"Medicago_sativa",0.0013082921161352,0.172946239349867,0.0821826455567977,-1.09006221123726,-1.09006221123726,0.237595931156802,"AM",FALSE,"logRD"
"Medicago_ruthenica",0.0013082921161352,0.172946239349867,0.0821826455567977,-1.09006221123726,-1.09006221123726,0.237595931156802,"AM",FALSE,"logRD"
"Medicago_minima",0.0013082921161352,0.172946239349867,0.0821826455567977,-1.09006221123726,-1.09006221123726,0.237595931156802,"AM",FALSE,"logRD"
"Melilotus_officinalis",0.0013082921161352,0.172946239349867,0.0821826455567977,-1.09006221123726,-1.09006221123726,0.237595931156802,"AM",FALSE,"logRD"
"Vicia_americana",0.0013082921161352,0.172946239349867,0.0821826455567977,-1.09006221123726,-1.09006221123726,0.237595931156802,"AM",FALSE,"logRD"
"Vicia_villosa",0.0013082921161352,0.172946239349867,0.0821826455567977,-1.09006221123726,-1.09006221123726,0.237595931156802,"AM",FALSE,"logRD"
"Lathyrus_venosus",0.0013082921161352,0.172946239349867,0.0821826455567977,-1.09006221123726,-1.09006221123726,0.237595931156802,"AM",FALSE,"logRD"
"Astragalus_bisulcatus",0.0013082921161352,0.172946239349867,0.0821826455567977,-1.09006221123726,-1.09006221123726,0.237595931156802,"AM",FALSE,"logRD"
"Astragalus_agrestis",0.0013082921161352,0.172946239349867,0.0821826455567977,-1.09006221123726,-1.09006221123726,0.237595931156802,"AM",FALSE,"logRD"
"Astragalus_scaberrimus",0.0013082921161352,0.172946239349867,0.0821826455567977,-1.09006221123726,-1.09006221123726,0.237595931156802,"AM",FALSE,"logRD"
"Astragalus_canadensis",0.0013082921161352,0.172946239349867,0.0821826455567977,-1.09006221123726,-1.09006221123726,0.237595931156802,"AM",FALSE,"logRD"
"Astragalus_aboriginum",0.0013082921161352,0.172946239349867,0.0821826455567977,-1.09006221123726,-1.09006221123726,0.237595931156802,"AM",FALSE,"logRD"
"Astragalus_pelecinus",0.0013082921161352,0.172946239349867,0.0821826455567977,-1.09006221123726,-1.09006221123726,0.237595931156802,"AM",FALSE,"logRD"
"Oxytropis_sericea",0.0013082921161352,0.172946239349867,0.0821826455567977,-1.09006221123726,-1.09006221123726,0.237595931156802,"AM",FALSE,"logRD"
"Caragana_microphylla",0.0013082921161352,0.172946239349867,0.0821826455567977,-1.09006221123726,-1.09006221123726,0.237595931156802,"AM",FALSE,"logRD"
"Lotus_tenuis",0.0013082921161352,0.172946239349867,0.0821826455567977,-1.09006221123726,-1.09006221123726,0.237595931156802,"AM",FALSE,"logRD"
"Lotus_corniculatus",0.0013082921161352,0.172946239349867,0.0821826455567977,-1.09006221123726,-1.09006221123726,0.237595931156802,"AM",FALSE,"logRD"
"Ornithopus_sativus",0.0013082921161352,0.172946239349867,0.0821826455567977,-1.09006221123726,-1.09006221123726,0.237595931156802,"AM",FALSE,"logRD"
"Ornithopus_compressus",0.0013082921161352,0.172946239349867,0.0821826455567977,-1.09006221123726,-1.09006221123726,0.237595931156802,"AM",FALSE,"logRD"
"Anthyllis_cytisoides",0.0013082921161352,0.172946239349867,0.0821826455567977,-1.09006221123726,-1.09006221123726,0.237595931156802,"AM",FALSE,"logRD"
"Anthyllis_terniflora",0.0013082921161352,0.172946239349867,0.0821826455567977,-1.09006221123726,-1.09006221123726,0.237595931156802,"AM",FALSE,"logRD"
"Coronilla_juncea",0.0013082921161352,0.172946239349867,0.0821826455567977,-1.09006221123726,-1.09006221123726,0.237595931156802,"AM",FALSE,"logRD"
"Coronilla_minima",0.0013082921161352,0.172946239349867,0.0821826455567977,-1.09006221123726,-1.09006221123726,0.237595931156802,"AM",FALSE,"logRD"
"Gliricidia_sepium",0.0013082921161352,0.172946239349867,0.0821826455567977,-1.09006221123726,-1.09006221123726,0.237595931156795,"AM",FALSE,"logRD"
"Pueraria_stricta",0.0013082921161352,0.172946239349867,0.0821826455567977,-1.09006221123726,-1.09006221123726,0.237595931156802,"AM",FALSE,"logRD"
"Bituminaria_bituminosa",0.0013082921161352,0.172946239349867,0.0821826455567977,-1.09006221123726,-1.09006221123726,0.237595931156802,"AM",FALSE,"logRD"
"Desmodium_canadense",0.0013082921161352,0.172946239349867,0.0821826455567977,-1.09006221123726,-1.09006221123726,0.237595931156802,"AM",FALSE,"logRD"
"Lespedeza_bicolor",0.0013082921161352,0.172946239349867,0.0821826455567977,-1.09006221123726,-1.09006221123726,0.237595931156802,"AM",FALSE,"logRD"
"Lespedeza_davurica",0.0013082921161352,0.172946239349867,0.0821826455567977,-1.09006221123726,-1.09006221123726,0.237595931156802,"AM",FALSE,"logRD"
"Lespedeza_davidii",0.0013082921161352,0.172946239349867,0.0821826455567977,-1.09006221123726,-1.09006221123726,0.237595931156802,"AM",FALSE,"logRD"
"Lespedeza_thunbergii",0.0013082921161352,0.172946239349867,0.0821826455567977,-1.09006221123726,-1.09006221123726,0.237595931156802,"AM",FALSE,"logRD"
"Lespedeza_capitata",0.0013082921161352,0.172946239349867,0.0821826455567977,-1.09006221123726,-1.09006221123726,0.237595931156802,"AM",FALSE,"logRD"
"Millettia_leptobotrya",0.0013082921161352,0.172946239349867,0.0821826455567977,-1.09006221123726,-1.09006221123726,0.237595931156795,"AM",FALSE,"logRD"
"Clitoria_javitensis",0.0013082921161352,0.172946239349867,0.0821826455567977,-1.09006221123726,-1.09006221123726,0.237595931156802,"AM",FALSE,"logRD"
"Dalea_purpurea",0.0013082921161352,0.172946239349867,0.0821826455567977,-1.09006221123726,-1.09006221123726,0.237595931156802,"AM",FALSE,"logRD"
"Lupinus_perennis",0.0013082921161352,0.172946239349867,0.0821826455567977,-1.09006221123726,-1.09006221123726,0.237595931156802,"NM",FALSE,"logRD"
"Cytisus_grandiflorus",0.0013082921161352,0.172946239349867,0.0821826455567977,-1.09006221123726,-1.09006221123726,0.237595931156802,"AM",FALSE,"logRD"
"Genista_triacanthos",0.0013082921161352,0.172946239349867,0.0821826455567977,-1.09006221123726,-1.09006221123726,0.237595931156795,"AM",FALSE,"logRD"
"Genista_hirsuta",0.0013082921161352,0.172946239349867,0.0821826455567977,-1.09006221123726,-1.09006221123726,0.237595931156795,"AM",FALSE,"logRD"
"Ulex_parviflorus",0.0013082921161352,0.172946239349867,0.0821826455567977,-1.09006221123726,-1.09006221123726,0.237595931156802,"AM",FALSE,"logRD"
"Calpurnia_aurea",0.0013082921161352,0.172946239349867,0.0821826455567977,-1.09006221123726,-1.09006221123726,0.237595931156802,"AM",FALSE,"logRD"
"Thermopsis_rhombifolia",0.0013082921161352,0.172946239349867,0.0821826455567977,-1.09006221123726,-1.09006221123726,0.237595931156802,"AM",FALSE,"logRD"
"Baptisia_alba",0.0013082921161352,0.172946239349867,0.0821826455567977,-1.09006221123726,-1.09006221123726,0.237595931156802,"AM",FALSE,"logRD"
"Pterocarpus_indicus",0.0013082921161352,0.172946239349867,0.0821826455567977,-1.09006221123726,-1.09006221123726,0.237595931156802,"AM",FALSE,"logRD"
"Platypodium_elegans",0.0013082921161352,0.172946239349867,0.0821826455567977,-1.09006221123726,-1.09006221123726,0.237595931156802,"AM",FALSE,"logRD"
"Sophora_microphylla",0.0013082921161352,0.172946239349867,0.0821826455567977,-1.09006221123726,-1.09006221123726,0.237595931156802,"AM",FALSE,"logRD"
"Styphnolobium_japonicum",0.0013082921161352,0.172946239349867,0.0821826455567977,-1.09006221123726,-1.09006221123726,0.237595931156802,"AM",FALSE,"logRD"
"Leucaena_Leucocephala",0.0013082921161352,0.172946239349867,0.0821826455567977,-1.09006221123726,-1.09006221123726,0.237595931156795,"AM",FALSE,"logRD"
"Acacia_mangium",0.0013082921161352,0.172946239349867,0.0821826455567977,-1.09006221123726,-1.09006221123726,0.237595931156802,"EcMAM",FALSE,"logRD"
"Acacia_auriculiformis",0.0013082921161352,0.172946239349867,0.0821826455567977,-1.09006221123726,-1.09006221123726,0.237595931156802,"EcMAM",FALSE,"logRD"
"Acacia_crassicarpa",0.0013082921161352,0.172946239349867,0.0821826455567977,-1.09006221123726,-1.09006221123726,0.237595931156802,"EcMAM",FALSE,"logRD"
"Archidendron_lucidum",0.0013082921161352,0.172946239349867,0.0821826455567977,-1.09006221123726,-1.09006221123726,0.237595931156795,"AM",FALSE,"logRD"
"Archidendron_clypearia",0.0013082921161352,0.172946239349867,0.0821826455567977,-1.09006221123726,-1.09006221123726,0.237595931156795,"AM",FALSE,"logRD"
"Chamaecrista_fasciculata",0.0013082921161352,0.172946239349867,0.0821826455567977,-1.09006221123726,-1.09006221123726,0.237595931156795,"AM",FALSE,"logRD"
"Gleditsia_triacanthos",0.0013082921161352,0.172946239349867,0.0821826455567977,-1.09006221123726,-1.09006221123726,0.237595931156802,"AM",FALSE,"logRD"
"Bauhinia_championii",0.0013082921161352,0.172946239349867,0.0821826455567977,-1.09006221123726,-1.09006221123726,0.237595931156802,"AM",FALSE,"logRD"
"Cercis_canadensis",0.0013082921161352,0.172946239349867,0.0821826455567977,-1.09006221123726,-1.09006221123726,0.237595931156802,"AM",FALSE,"logRD"
"Xanthophyllum_tenue",0.0013082921161352,0.172946239349867,0.0821826455567977,-1.09006221123726,-1.09006221123726,0.237595931156802,"AM",FALSE,"logRD"
"Potentilla_tanacetifolia",0.0013082921161352,0.172946239349867,0.0821826455567977,-1.09006221123726,-1.09006221123726,0.237595931156802,"AM",FALSE,"logRD"
"Potentilla_neumanniana",0.0013082921161352,0.172946239349867,0.0821826455567977,-1.09006221123726,-1.09006221123726,0.237595931156802,"AM",FALSE,"logRD"
"Potentilla_acaulis",0.0013082921161352,0.172946239349867,0.0821826455567977,-1.09006221123726,-1.09006221123726,0.237595931156802,"AM",FALSE,"logRD"
"Duchesnea_indica",0.0013082921161352,0.172946239349867,0.0821826455567977,-1.09006221123726,-1.09006221123726,0.237595931156802,"AM",FALSE,"logRD"
"Alchemilla_alpina",0.0013082921161352,0.172946239349867,0.0821826455567977,-1.09006221123726,-1.09006221123726,0.237595931156802,"AM",FALSE,"logRD"
"Sibbaldianthe_bifurca",0.0013082921161352,0.172946239349867,0.0821826455567977,-1.09006221123726,-1.09006221123726,0.237595931156802,"AM",FALSE,"logRD"
"Fragaria_virginiana",0.0013082921161352,0.172946239349867,0.0821826455567977,-1.09006221123726,-1.09006221123726,0.237595931156802,"AM",FALSE,"logRD"
"Potentilla_arguta",0.0013082921161352,0.172946239349867,0.0821826455567977,-1.09006221123726,-1.09006221123726,0.237595931156802,"AM",FALSE,"logRD"
"Chamaerhodos_erecta",0.0013082921161352,0.172946239349867,0.0821826455567977,-1.09006221123726,-1.09006221123726,0.237595931156802,"AM",FALSE,"logRD"
"Sanguisorba_officinalis",0.0013082921161352,0.172946239349867,0.0821826455567977,-1.09006221123726,-1.09006221123726,0.237595931156802,"AM",FALSE,"logRD"
"Sanguisorba_minor",0.0013082921161352,0.172946239349867,0.0821826455567977,-1.09006221123726,-1.09006221123726,0.237595931156802,"AM",FALSE,"logRD"
"Agrimonia_pilosa",0.0013082921161352,0.172946239349867,0.0821826455567977,-1.09006221123726,-1.09006221123726,0.237595931156802,"AM",FALSE,"logRD"
"Rosa_arkansana",0.0013082921161352,0.172946239349867,0.0821826455567977,-1.09006221123726,-1.09006221123726,0.237595931156802,"AM",FALSE,"logRD"
"Rosa_canina",0.0013082921161352,0.172946239349867,0.0821826455567977,-1.09006221123726,-1.09006221123726,0.237595931156802,"AM",FALSE,"logRD"
"Rosa_acicularis",0.0013082921161352,0.172946239349867,0.0821826455567977,-1.09006221123726,-1.09006221123726,0.237595931156802,"AM",FALSE,"logRD"
"Rosa_xanthina",0.0013082921161352,0.172946239349867,0.0821826455567977,-1.09006221123726,-1.09006221123726,0.237595931156802,"AM",FALSE,"logRD"
"Rubus_irritans",0.0013082921161352,0.172946239349867,0.0821826455567977,-1.09006221123726,-1.09006221123726,0.237595931156802,"AM",FALSE,"logRD"
"Rubus_ulmifolius",0.0013082921161352,0.172946239349867,0.0821826455567977,-1.09006221123726,-1.09006221123726,0.237595931156802,"AM",FALSE,"logRD"
"Rubus_allegheniensis",0.0013082921161352,0.172946239349867,0.0821826455567977,-1.09006221123726,-1.09006221123726,0.237595931156802,"AM",FALSE,"logRD"
"Rubus_corchorifolius",0.0013082921161352,0.172946239349867,0.0821826455567977,-1.09006221123726,-1.09006221123726,0.237595931156802,"AM",FALSE,"logRD"
"Rubus_rosifolius",0.0013082921161352,0.172946239349867,0.0821826455567977,-1.09006221123726,-1.09006221123726,0.237595931156802,"AM",FALSE,"logRD"
"Rubus_crataegifolius",0.0013082921161352,0.172946239349867,0.0821826455567977,-1.09006221123726,-1.09006221123726,0.237595931156802,"AM",FALSE,"logRD"
"Rubus_phoenicolasius",0.0013082921161352,0.172946239349867,0.0821826455567977,-1.09006221123726,-1.09006221123726,0.237595931156802,"AM",FALSE,"logRD"
"Rubus_idaeus",0.0013082921161352,0.172946239349867,0.0821826455567977,-1.09006221123726,-1.09006221123726,0.237595931156802,"AM",FALSE,"logRD"
"Filipendula_palmata",0.0013082921161352,0.172946239349867,0.0821826455567977,-1.09006221123726,-1.09006221123726,0.237595931156802,"AM",FALSE,"logRD"
"Malus_domestica",0.0013082921161352,0.172946239349867,0.0821826455567977,-1.09006221123726,-1.09006221123726,0.237595931156802,"AM",FALSE,"logRD"
"Malus_baccata",0.0013082921161352,0.172946239349867,0.0821826455567977,-1.09006221123726,-1.09006221123726,0.237595931156802,"AM",FALSE,"logRD"
"Cydonia_oblonga",0.0013082921161352,0.172946239349867,0.0821826455567977,-1.09006221123726,-1.09006221123726,0.237595931156802,"AM",FALSE,"logRD"
"Crataegus_pinnatifida",0.0013082921161352,0.172946239349867,0.0821826455567977,-1.09006221123726,-1.09006221123726,0.237595931156802,"AM",FALSE,"logRD"
"Crataegus_monogyna",0.0013082921161352,0.172946239349867,0.0821826455567977,-1.09006221123726,-1.09006221123726,0.237595931156802,"AM",FALSE,"logRD"
"Cotoneaster_multiflorus",0.0013082921161352,0.172946239349867,0.0821826455567977,-1.09006221123726,-1.09006221123726,0.237595931156802,"AM",FALSE,"logRD"
"Cotoneaster_adpressus",0.0013082921161352,0.172946239349867,0.0821826455567977,-1.09006221123726,-1.09006221123726,0.237595931156802,"AM",FALSE,"logRD"
"Cotoneaster_acutifolius",0.0013082921161352,0.172946239349867,0.0821826455567977,-1.09006221123726,-1.09006221123726,0.237595931156802,"AM",FALSE,"logRD"
"Pyrus_bourgaeana",0.0013082921161352,0.172946239349867,0.0821826455567977,-1.09006221123726,-1.09006221123726,0.237595931156802,"AM",FALSE,"logRD"
"Pyrus_betulifolia",0.0013082921161352,0.172946239349867,0.0821826455567977,-1.09006221123726,-1.09006221123726,0.237595931156802,"AM",FALSE,"logRD"
"Sorbus_discolor",0.0013082921161352,0.172946239349867,0.0821826455567977,-1.09006221123726,-1.09006221123726,0.237595931156802,"AM",FALSE,"logRD"
"Sorbus_aucuparia",0.0013082921161352,0.172946239349867,0.0821826455567977,-1.09006221123726,-1.09006221123726,0.237595931156802,"AM",FALSE,"logRD"
"Eriobotrya_japonica",0.0013082921161352,0.172946239349867,0.0821826455567977,-1.09006221123726,-1.09006221123726,0.237595931156802,"AM",FALSE,"logRD"
"Rhaphiolepis_indica",0.0013082921161352,0.172946239349867,0.0821826455567977,-1.09006221123726,-1.09006221123726,0.237595931156802,"AM",FALSE,"logRD"
"Amelanchier_alnifolia",0.0013082921161352,0.172946239349867,0.0821826455567977,-1.09006221123726,-1.09006221123726,0.237595931156802,"AM",FALSE,"logRD"
"Spiraea_dahurica",0.0013082921161352,0.172946239349867,0.0821826455567977,-1.09006221123726,-1.09006221123726,0.237595931156802,"AM",FALSE,"logRD"
"Spiraea_pubescens",0.0013082921161352,0.172946239349867,0.0821826455567977,-1.09006221123726,-1.09006221123726,0.237595931156802,"AM",FALSE,"logRD"
"Prunus_alabamensis",0.0013082921161352,0.172946239349867,0.0821826455567977,-1.09006221123726,-1.09006221123726,0.237595931156802,"AM",FALSE,"logRD"
"Prunus_armeniaca",0.0013082921161352,0.172946239349867,0.0821826455567977,-1.09006221123726,-1.09006221123726,0.237595931156802,"AM",FALSE,"logRD"
"Prunus_sibirica",0.0013082921161352,0.172946239349867,0.0821826455567977,-1.09006221123726,-1.09006221123726,0.237595931156802,"AM",FALSE,"logRD"
"Prunus_persica",0.0013082921161352,0.172946239349867,0.0821826455567977,-1.09006221123726,-1.09006221123726,0.237595931156802,"AM",FALSE,"logRD"
"Prunus_sargentii",0.0013082921161352,0.172946239349867,0.0821826455567977,-1.09006221123726,-1.09006221123726,0.237595931156802,"AM",FALSE,"logRD"
"Prunus_avium",0.0013082921161352,0.172946239349867,0.0821826455567977,-1.09006221123726,-1.09006221123726,0.237595931156802,"AM",FALSE,"logRD"
"Prunus_virginiana",0.0013082921161352,0.172946239349867,0.0821826455567977,-1.09006221123726,-1.09006221123726,0.237595931156802,"AM",FALSE,"logRD"
"Prunus_serotina",0.0013082921161352,0.172946239349867,0.0821826455567977,-1.09006221123726,-1.09006221123726,0.237595931156802,"AM",FALSE,"logRD"
"Prunus_padus",0.0013082921161352,0.172946239349867,0.0821826455567977,-1.09006221123726,-1.09006221123726,0.237595931156802,"AM",FALSE,"logRD"
"Ficus_variolosa",0.0013082921161352,0.172946239349867,0.0821826455567977,-1.09006221123726,-1.09006221123726,0.237595931156802,"AM",FALSE,"logRD"
"Ficus_carica",0.0013082921161352,0.172946239349867,0.0821826455567977,-1.09006221123726,-1.09006221123726,0.237595931156802,"AM",FALSE,"logRD"
"Ficus_tikoua",0.0013082921161352,0.172946239349867,0.0821826455567977,-1.09006221123726,-1.09006221123726,0.237595931156802,"AM",FALSE,"logRD"
"Artocarpus_styracifolius",0.0013082921161352,0.172946239349867,0.0821826455567977,-1.09006221123726,-1.09006221123726,0.237595931156802,"AM",FALSE,"logRD"
"Oreocnide_frutescens",0.0013082921161352,0.172946239349867,0.0821826455567977,-1.09006221123726,-1.09006221123726,0.237595931156802,"NMAM",FALSE,"logRD"
"Celtis_australis",0.0013082921161352,0.172946239349867,0.0821826455567977,-1.09006221123726,-1.09006221123726,0.237595931156802,"AM",FALSE,"logRD"
"Celtis_sinensis",0.0013082921161352,0.172946239349867,0.0821826455567977,-1.09006221123726,-1.09006221123726,0.237595931156802,"AM",FALSE,"logRD"
"Gironniera_subaequalis",0.0013082921161352,0.172946239349867,0.0821826455567977,-1.09006221123726,-1.09006221123726,0.237595931156802,"AM",FALSE,"logRD"
"Ulmus_laciniata",0.0013082921161352,0.172946239349867,0.0821826455567977,-1.09006221123726,-1.09006221123726,0.237595931156802,"AM",FALSE,"logRD"
"Ulmus_minor",0.0013082921161352,0.172946239349867,0.0821826455567977,-1.09006221123726,-1.09006221123726,0.237595931156802,"AM",FALSE,"logRD"
"Ulmus_macrocarpa",0.0013082921161352,0.172946239349867,0.0821826455567977,-1.09006221123726,-1.09006221123726,0.237595931156802,"AM",FALSE,"logRD"
"Ulmus_pumila",0.0013082921161352,0.172946239349867,0.0821826455567977,-1.09006221123726,-1.09006221123726,0.237595931156802,"AM",FALSE,"logRD"
"Ulmus_davidiana",0.0013082921161352,0.172946239349867,0.0821826455567977,-1.09006221123726,-1.09006221123726,0.237595931156802,"AM",FALSE,"logRD"
"Ulmus_rubra",0.0013082921161352,0.172946239349867,0.0821826455567977,-1.09006221123726,-1.09006221123726,0.237595931156802,"AM",FALSE,"logRD"
"Ulmus_americana",0.0013082921161352,0.172946239349867,0.0821826455567977,-1.09006221123726,-1.09006221123726,0.237595931156802,"AM",FALSE,"logRD"
"Rhamnus_davurica",0.0013082921161352,0.172946239349867,0.0821826455567977,-1.09006221123726,-1.09006221123726,0.237595931156802,"AM",FALSE,"logRD"
"Rhamnus_lycioides",0.0013082921161352,0.172946239349867,0.0821826455567977,-1.09006221123726,-1.09006221123726,0.237595931156802,"AM",FALSE,"logRD"
"Rhamnus_alaternus",0.0013082921161352,0.172946239349867,0.0821826455567977,-1.09006221123726,-1.09006221123726,0.237595931156802,"AM",FALSE,"logRD"
"Elaeagnus_commutata",0.0013082921161352,0.172946239349867,0.0821826455567977,-1.09006221123726,-1.09006221123726,0.237595931156802,"AM",FALSE,"logRD"
"Coriaria_arborea",0.0013082921161352,0.172946239349867,0.0821826455567977,-1.09006221123726,-1.09006221123726,0.237595931156802,"AM",FALSE,"logRD"
"Coriaria_nepalensis",0.0013082921161352,0.172946239349867,0.0821826455567977,-1.09006221123726,-1.09006221123726,0.237595931156802,"AM",FALSE,"logRD"
"Corynocarpus_laevigatus",0.0013082921161352,0.172946239349867,0.0821826455567977,-1.09006221123726,-1.09006221123726,0.237595931156802,"AM",FALSE,"logRD"
"Carpinus_caroliniana",0.0013082921161352,0.172946239349867,0.0821826455567977,-1.09006221123726,-1.09006221123726,0.237595931156802,"EcM",FALSE,"logRD"
"Carpinus_betulus",0.0013082921161352,0.172946239349867,0.0821826455567977,-1.09006221123726,-1.09006221123726,0.237595931156802,"EcM",FALSE,"logRD"
"Carpinus_cordata",0.0013082921161352,0.172946239349867,0.0821826455567977,-1.09006221123726,-1.09006221123726,0.237595931156802,"EcM",FALSE,"logRD"
"Corylus_ferox",0.0013082921161352,0.172946239349867,0.0821826455567977,-1.09006221123726,-1.09006221123726,0.237595931156802,"EcM",FALSE,"logRD"
"Corylus_sieboldiana",0.0013082921161352,0.172946239349867,0.0821826455567977,-1.09006221123726,-1.09006221123726,0.237595931156802,"EcM",FALSE,"logRD"
"Betula_albosinensis",0.0013082921161352,0.172946239349867,0.0821826455567977,-1.09006221123726,-1.09006221123726,0.237595931156802,"EcM",FALSE,"logRD"
"Betula_platyphylla",0.0013082921161352,0.172946239349867,0.0821826455567977,-1.09006221123726,-1.09006221123726,0.237595931156802,"EcM",FALSE,"logRD"
"Betula_pendula",0.0013082921161352,0.172946239349867,0.0821826455567977,-1.09006221123726,-1.09006221123726,0.237595931156802,"EcM",FALSE,"logRD"
"Betula_dahurica",0.0013082921161352,0.172946239349867,0.0821826455567977,-1.09006221123726,-1.09006221123726,0.237595931156802,"EcM",FALSE,"logRD"
"Betula_costata",0.0013082921161352,0.172946239349867,0.0821826455567977,-1.09006221123726,-1.09006221123726,0.237595931156802,"EcM",FALSE,"logRD"
"Betula_fruticosa",0.0013082921161352,0.172946239349867,0.0821826455567977,-1.09006221123726,-1.09006221123726,0.237595931156802,"EcM",FALSE,"logRD"
"Betula_alleghaniensis",0.0013082921161352,0.172946239349867,0.0821826455567977,-1.09006221123726,-1.09006221123726,0.237595931156802,"EcM",FALSE,"logRD"
"Betula_lenta",0.0013082921161352,0.172946239349867,0.0821826455567977,-1.09006221123726,-1.09006221123726,0.237595931156802,"EcM",FALSE,"logRD"
"Alnus_glutinosa",0.0013082921161352,0.172946239349867,0.0821826455567977,-1.09006221123726,-1.09006221123726,0.237595931156802,"EcM",FALSE,"logRD"
"Alnus_hirsuta",0.0013082921161352,0.172946239349867,0.0821826455567977,-1.09006221123726,-1.09006221123726,0.237595931156802,"EcM",FALSE,"logRD"
"Alnus_formosana",0.0013082921161352,0.172946239349867,0.0821826455567977,-1.09006221123726,-1.09006221123726,0.237595931156802,"EcM",FALSE,"logRD"
"Alnus_mandshurica",0.0013082921161352,0.172946239349867,0.0821826455567977,-1.09006221123726,-1.09006221123726,0.237595931156802,"EcM",FALSE,"logRD"
"Engelhardia_roxburghiana",0.0013082921161352,0.172946239349867,0.0821826455567977,-1.09006221123726,-1.09006221123726,0.237595931156802,"EcM",FALSE,"logRD"
"Juglans_nigra",0.0013082921161352,0.172946239349867,0.0821826455567977,-1.09006221123726,-1.09006221123726,0.237595931156802,"AM",FALSE,"logRD"
"Juglans_mandshurica",0.0013082921161352,0.172946239349867,0.0821826455567977,-1.09006221123726,-1.09006221123726,0.237595931156802,"AM",FALSE,"logRD"
"Carya_glabra",0.0013082921161352,0.172946239349867,0.0821826455567977,-1.09006221123726,-1.09006221123726,0.237595931156802,"EcM",FALSE,"logRD"
"Carya_cordiformis",0.0013082921161352,0.172946239349867,0.0821826455567977,-1.09006221123726,-1.09006221123726,0.237595931156802,"EcM",FALSE,"logRD"
"Carya_ovata",0.0013082921161352,0.172946239349867,0.0821826455567977,-1.09006221123726,-1.09006221123726,0.237595931156802,"EcM",FALSE,"logRD"
"Quercus_lowii",0.0013082921161352,0.172946239349867,0.0821826455567977,-1.09006221123726,-1.09006221123726,0.237595931156802,"EcM",FALSE,"logRD"
"Quercus_ilex",0.0013082921161352,0.172946239349867,0.0821826455567977,-1.09006221123726,-1.09006221123726,0.237595931156802,"EcM",FALSE,"logRD"
"Quercus_serrata",0.0013082921161352,0.172946239349867,0.0821826455567977,-1.09006221123726,-1.09006221123726,0.237595931156802,"EcM",FALSE,"logRD"
"Quercus_robur",0.0013082921161352,0.172946239349867,0.0821826455567977,-1.09006221123726,-1.09006221123726,0.237595931156795,"EcM",FALSE,"logRD"
"Quercus_mongolica",0.0013082921161352,0.172946239349867,0.0821826455567977,-1.09006221123726,-1.09006221123726,0.237595931156802,"EcM",FALSE,"logRD"
"Quercus_aliena",0.0013082921161352,0.172946239349867,0.0821826455567977,-1.09006221123726,-1.09006221123726,0.237595931156802,"EcM",FALSE,"logRD"
"Quercus_alba",0.0013082921161352,0.172946239349867,0.0821826455567977,-1.09006221123726,-1.09006221123726,0.237595931156802,"EcM",FALSE,"logRD"
"Quercus_macrocarpa",0.0013082921161352,0.172946239349867,0.0821826455567977,-1.09006221123726,-1.09006221123726,0.237595931156802,"EcM",FALSE,"logRD"
"Quercus_bicolor",0.0013082921161352,0.172946239349867,0.0821826455567977,-1.09006221123726,-1.09006221123726,0.237595931156802,"EcM",FALSE,"logRD"
"Quercus_canariensis",0.0013082921161352,0.172946239349867,0.0821826455567977,-1.09006221123726,-1.09006221123726,0.237595931156802,"EcM",FALSE,"logRD"
"Quercus_faginea",0.0013082921161352,0.172946239349867,0.0821826455567977,-1.09006221123726,-1.09006221123726,0.237595931156802,"EcM",FALSE,"logRD"
"Quercus_wutaishanica",0.0013082921161352,0.172946239349867,0.0821826455567977,-1.09006221123726,-1.09006221123726,0.237595931156802,"EcM",FALSE,"logRD"
"Quercus_suber",0.0013082921161352,0.172946239349867,0.0821826455567977,-1.09006221123726,-1.09006221123726,0.237595931156802,"EcM",FALSE,"logRD"
"Quercus_variabilis",0.0013082921161352,0.172946239349867,0.0821826455567977,-1.09006221123726,-1.09006221123726,0.237595931156802,"EcM",FALSE,"logRD"
"Quercus_asymmetrica",0.0013082921161352,0.172946239349867,0.0821826455567977,-1.09006221123726,-1.09006221123726,0.237595931156802,"EcM",FALSE,"logRD"
"Quercus_glauca",0.0013082921161352,0.172946239349867,0.0821826455567977,-1.09006221123726,-1.09006221123726,0.237595931156802,"EcM",FALSE,"logRD"
"Quercus_oxyodon",0.0013082921161352,0.172946239349867,0.0821826455567977,-1.09006221123726,-1.09006221123726,0.237595931156802,"EcM",FALSE,"logRD"
"Quercus_multinervis",0.0013082921161352,0.172946239349867,0.0821826455567977,-1.09006221123726,-1.09006221123726,0.237595931156802,"EcM",FALSE,"logRD"
"Quercus_coccifera",0.0013082921161352,0.172946239349867,0.0821826455567977,-1.09006221123726,-1.09006221123726,0.237595931156802,"EcM",FALSE,"logRD"
"Quercus_palustris",0.0013082921161352,0.172946239349867,0.0821826455567977,-1.09006221123726,-1.09006221123726,0.237595931156802,"EcM",FALSE,"logRD"
"Quercus_rubra",0.0013082921161352,0.172946239349867,0.0821826455567977,-1.09006221123726,-1.09006221123726,0.237595931156802,"EcM",FALSE,"logRD"
"Castanopsis_carlesii",0.0013082921161352,0.172946239349867,0.0821826455567977,-1.09006221123726,-1.09006221123726,0.237595931156802,"EcM",FALSE,"logRD"
"Castanopsis_faberi",0.0013082921161352,0.172946239349867,0.0821826455567977,-1.09006221123726,-1.09006221123726,0.237595931156802,"EcM",FALSE,"logRD"
"Castanopsis_fargesii",0.0013082921161352,0.172946239349867,0.0821826455567977,-1.09006221123726,-1.09006221123726,0.237595931156802,"EcM",FALSE,"logRD"
"Castanopsis_echinocarpa",0.0013082921161352,0.172946239349867,0.0821826455567977,-1.09006221123726,-1.09006221123726,0.237595931156802,"EcM",FALSE,"logRD"
"Castanopsis_fissa",0.0013082921161352,0.172946239349867,0.0821826455567977,-1.09006221123726,-1.09006221123726,0.237595931156802,"EcM",FALSE,"logRD"
"Castanopsis_wattii",0.0013082921161352,0.172946239349867,0.0821826455567977,-1.09006221123726,-1.09006221123726,0.237595931156802,"EcM",FALSE,"logRD"
"Castanopsis_eyrei",0.0013082921161352,0.172946239349867,0.0821826455567977,-1.09006221123726,-1.09006221123726,0.237595931156802,"EcM",FALSE,"logRD"
"Castanopsis_hystrix",0.0013082921161352,0.172946239349867,0.0821826455567977,-1.09006221123726,-1.09006221123726,0.237595931156802,"EcM",FALSE,"logRD"
"Castanea_henryi",0.0013082921161352,0.172946239349867,0.0821826455567977,-1.09006221123726,-1.09006221123726,0.237595931156802,"EcM",FALSE,"logRD"
"Lithocarpus_rigidus",0.0013082921161352,0.172946239349867,0.0821826455567977,-1.09006221123726,-1.09006221123726,0.237595931156795,"EcM",FALSE,"logRD"
"Lithocarpus_lampadarius",0.0013082921161352,0.172946239349867,0.0821826455567977,-1.09006221123726,-1.09006221123726,0.237595931156802,"EcM",FALSE,"logRD"
"Lithocarpus_confertus",0.0013082921161352,0.172946239349867,0.0821826455567977,-1.09006221123726,-1.09006221123726,0.237595931156802,"EcM",FALSE,"logRD"
"Lithocarpus_clementianus",0.0013082921161352,0.172946239349867,0.0821826455567977,-1.09006221123726,-1.09006221123726,0.237595931156802,"EcM",FALSE,"logRD"
"Lithocarpus_chiungchungensis",0.0013082921161352,0.172946239349867,0.0821826455567977,-1.09006221123726,-1.09006221123726,0.237595931156802,"EcM",FALSE,"logRD"
"Lithocarpus_fenestratus",0.0013082921161352,0.172946239349867,0.0821826455567977,-1.09006221123726,-1.09006221123726,0.237595931156802,"EcM",FALSE,"logRD"
"Lithocarpus_cleistocarpus",0.0013082921161352,0.172946239349867,0.0821826455567977,-1.09006221123726,-1.09006221123726,0.237595931156802,"EcM",FALSE,"logRD"
"Fagus_sylvatica",0.0013082921161352,0.172946239349867,0.0821826455567977,-1.09006221123726,-1.09006221123726,0.237595931156802,"EcM",FALSE,"logRD"
"Fagus_grandifolia",0.0013082921161352,0.172946239349867,0.0821826455567977,-1.09006221123726,-1.09006221123726,0.237595931156795,"EcM",FALSE,"logRD"
"Fagus_engleriana",0.0013082921161352,0.172946239349867,0.0821826455567977,-1.09006221123726,-1.09006221123726,0.237595931156795,"EcM",FALSE,"logRD"
"Nothofagus_solandri",0.0013082921161352,0.172946239349867,0.0821826455567977,-1.09006221123726,-1.09006221123726,0.237595931156802,"EcM",FALSE,"logRD"
"Nothofagus_menziesii",0.0013082921161352,0.172946239349867,0.0821826455567977,-1.09006221123726,-1.09006221123726,0.237595931156802,"EcM",FALSE,"logRD"
"Nothofagus_fusca",0.0013082921161352,0.172946239349867,0.0821826455567977,-1.09006221123726,-1.09006221123726,0.237595931156802,"EcM",FALSE,"logRD"
"Nothofagus_obliqua",0.0013082921161352,0.172946239349867,0.0821826455567977,-1.09006221123726,-1.09006221123726,0.237595931156802,"EcM",FALSE,"logRD"
"Hypericum_perforatum",0.0013082921161352,0.172946239349867,0.0821826455567977,-1.09006221123726,-1.09006221123726,0.237595931156802,"AM",FALSE,"logRD"
"Cratoxylum_cochinchinense",0.0013082921161352,0.172946239349867,0.0821826455567977,-1.09006221123726,-1.09006221123726,0.237595931156802,"AM",FALSE,"logRD"
"Garcinia_cowa",0.0013082921161352,0.172946239349867,0.0821826455567977,-1.09006221123726,-1.09006221123726,0.237595931156802,"AM",FALSE,"logRD"
"Garcinia_oblongifolia",0.0013082921161352,0.172946239349867,0.0821826455567977,-1.09006221123726,-1.09006221123726,0.237595931156802,"AM",FALSE,"logRD"
"Salix_atrocinerea",0.0013082921161352,0.172946239349867,0.0821826455567977,-1.09006221123726,-1.09006221123726,0.237595931156802,"EcMAM",FALSE,"logRD"
"Salix_gordejevii",0.0013082921161352,0.172946239349867,0.0821826455567977,-1.09006221123726,-1.09006221123726,0.237595931156802,"EcMAM",FALSE,"logRD"
"Salix_pierotii",0.0013082921161352,0.172946239349867,0.0821826455567977,-1.09006221123726,-1.09006221123726,0.237595931156802,"EcMAM",FALSE,"logRD"
"Salix_viminalis",0.0013082921161352,0.172946239349867,0.0821826455567977,-1.09006221123726,-1.09006221123726,0.237595931156802,"EcMAM",FALSE,"logRD"
"Salix_caprea",0.0013082921161352,0.172946239349867,0.0821826455567977,-1.09006221123726,-1.09006221123726,0.237595931156802,"EcMAM",FALSE,"logRD"
"Salix_raddeana",0.0013082921161352,0.172946239349867,0.0821826455567977,-1.09006221123726,-1.09006221123726,0.237595931156802,"EcMAM",FALSE,"logRD"
"Populus_grandidentata",0.0013082921161352,0.172946239349867,0.0821826455567977,-1.09006221123726,-1.09006221123726,0.237595931156802,"EcMAM",FALSE,"logRD"
"Populus_alba",0.0013082921161352,0.172946239349867,0.0821826455567977,-1.09006221123726,-1.09006221123726,0.237595931156802,"EcMAM",FALSE,"logRD"
"Populus_tremula",0.0013082921161352,0.172946239349867,0.0821826455567977,-1.09006221123726,-1.09006221123726,0.237595931156802,"EcMAM",FALSE,"logRD"
"Populus_tremuloides",0.0013082921161352,0.172946239349867,0.0821826455567977,-1.09006221123726,-1.09006221123726,0.237595931156802,"EcMAM",FALSE,"logRD"
"Populus_cathayana",0.0013082921161352,0.172946239349867,0.0821826455567977,-1.09006221123726,-1.09006221123726,0.237595931156802,"EcMAM",FALSE,"logRD"
"Populus_koreana",0.0013082921161352,0.172946239349867,0.0821826455567977,-1.09006221123726,-1.09006221123726,0.237595931156802,"EcMAM",FALSE,"logRD"
"Populus_balsamifera",0.0013082921161352,0.172946239349867,0.0821826455567977,-1.09006221123726,-1.09006221123726,0.237595931156802,"EcMAM",FALSE,"logRD"
"Populus_trichocarpa",0.0013082921161352,0.172946239349867,0.0821826455567977,-1.09006221123726,-1.09006221123726,0.237595931156802,"EcMAM",FALSE,"logRD"
"Populus_deltoides",0.0013082921161352,0.172946239349867,0.0821826455567977,-1.09006221123726,-1.09006221123726,0.237595931156802,"EcMAM",FALSE,"logRD"
"Dovyalis_abyssinica",0.00130829211613524,0.172946239349867,0.0821826455567977,-1.09006221123726,-1.09006221123726,0.237595931156802,"AM",FALSE,"logRD"
"Viola_adunca",0.0013082921161352,0.172946239349867,0.0821826455567977,-1.09006221123726,-1.09006221123726,0.237595931156802,"AM",FALSE,"logRD"
"Viola_thomasiana",0.0013082921161352,0.172946239349867,0.0821826455567977,-1.09006221123726,-1.09006221123726,0.237595931156802,"AM",FALSE,"logRD"
"Melicytus_ramiflorus",0.0013082921161352,0.172946239349867,0.0821826455567977,-1.09006221123726,-1.09006221123726,0.237595931156802,"AM",FALSE,"logRD"
"Antidesma_maclurei",0.0013082921161352,0.172946239349867,0.0821826455567977,-1.09006221123726,-1.09006221123726,0.237595931156802,"AM",FALSE,"logRD"
"Aporosa_subcaudata",0.0013082921161352,0.172946239349867,0.0821826455567977,-1.09006221123726,-1.09006221123726,0.237595931156802,"AM",FALSE,"logRD"
"Aporosa_octandra",0.0013082921161352,0.172946239349867,0.0821826455567977,-1.09006221123726,-1.09006221123726,0.237595931156802,"AM",FALSE,"logRD"
"Aporosa_yunnanensis",0.0013082921161352,0.172946239349867,0.0821826455567977,-1.09006221123726,-1.09006221123726,0.237595931156802,"AM",FALSE,"logRD"
"Carallia_brachiata",0.0013082921161352,0.172946239349867,0.0821826455567977,-1.09006221123726,-1.09006221123726,0.237595931156802,"AM",FALSE,"logRD"
"Galearia_maingayi",0.0013082921161352,0.172946239349867,0.0821826455567977,-1.09006221123726,-1.09006221123726,0.237595931156802,"AM",FALSE,"logRD"
"Euphorbia_cyparissias",0.0013082921161352,0.172946239349867,0.0821826455567977,-1.09006221123726,-1.09006221123726,0.237595931156802,"AM",FALSE,"logRD"
"Aleurites_moluccana",0.0013082921161352,0.172946239349867,0.0821826455567977,-1.09006221123726,-1.09006221123726,0.237595931156802,"AM",FALSE,"logRD"
"Endospermum_chinense",0.0013082921161352,0.172946239349867,0.0821826455567977,-1.09006221123726,-1.09006221123726,0.237595931156802,"AM",FALSE,"logRD"
"Macaranga_sampsonii",0.0013082921161352,0.172946239349867,0.0821826455567977,-1.09006221123726,-1.09006221123726,0.237595931156802,"AM",FALSE,"logRD"
"Mallotus_paniculatus",0.0013082921161352,0.172946239349867,0.0821826455567977,-1.09006221123726,-1.09006221123726,0.237595931156802,"AM",FALSE,"logRD"
"Blumeodendron_tokbrai",0.0013082921161352,0.172946239349867,0.0821826455567977,-1.09006221123726,-1.09006221123726,0.237595931156802,"AM",FALSE,"logRD"
"Alchornea_tiliifolia",0.0013082921161352,0.172946239349867,0.0821826455567977,-1.09006221123726,-1.09006221123726,0.237595931156795,"AM",FALSE,"logRD"
"Alchornea_trewioides",0.0013082921161352,0.172946239349867,0.0821826455567977,-1.09006221123726,-1.09006221123726,0.237595931156795,"AM",FALSE,"logRD"
"Linum_lewisii",0.0013082921161352,0.172946239349867,0.0821826455567977,-1.09006221123726,-1.09006221123726,0.237595931156802,"AM",FALSE,"logRD"
"Elaeocarpus_dentatus",0.0013082921161352,0.172946239349867,0.0821826455567977,-1.09006221123726,-1.09006221123726,0.237595931156802,"AM",FALSE,"logRD"
"Elaeocarpus_hookerianus",0.0013082921161352,0.172946239349867,0.0821826455567977,-1.09006221123726,-1.09006221123726,0.237595931156802,"AM",FALSE,"logRD"
"Elaeocarpus_dubius",0.0013082921161352,0.172946239349867,0.0821826455567977,-1.09006221123726,-1.09006221123726,0.237595931156802,"AM",FALSE,"logRD"
"Elaeocarpus_sylvestris",0.0013082921161352,0.172946239349867,0.0821826455567977,-1.09006221123726,-1.09006221123726,0.237595931156802,"AM",FALSE,"logRD"
"Elaeocarpus_glabripetalus",0.0013082921161352,0.172946239349867,0.0821826455567977,-1.09006221123726,-1.09006221123726,0.237595931156802,"AM",FALSE,"logRD"
"Aristotelia_serrata",0.0013082921161352,0.172946239349867,0.0821826455567977,-1.09006221123726,-1.09006221123726,0.237595931156802,"AM",FALSE,"logRD"
"Weinmannia_racemosa",0.0013082921161352,0.172946239349867,0.0821826455567977,-1.09006221123726,-1.09006221123726,0.237595931156802,"AM",FALSE,"logRD"
"Weinmannia_blumei",0.0013082921161352,0.172946239349867,0.0821826455567977,-1.09006221123726,-1.09006221123726,0.237595931156802,"AM",FALSE,"logRD"
"Leiospermum_racemosum",0.0013082921161352,0.172946239349867,0.0821826455567977,-1.09006221123726,-1.09006221123726,0.237595931156802,"AM",FALSE,"logRD"
"Weinmannia_silvicola",0.0013082921161352,0.172946239349867,0.0821826455567977,-1.09006221123726,-1.09006221123726,0.237595931156802,"AM",FALSE,"logRD"
"Caldcluvia_rosifolia",0.0013082921161352,0.172946239349867,0.0821826455567977,-1.09006221123726,-1.09006221123726,0.237595931156802,"AM",FALSE,"logRD"
"Prionostemma_aspera",0.0013082921161352,0.172946239349867,0.0821826455567977,-1.09006221123726,-1.09006221123726,0.237595931156802,"AM",FALSE,"logRD"
"Euonymus_alatus",0.0013082921161352,0.172946239349867,0.0821826455567977,-1.09006221123726,-1.09006221123726,0.237595931156802,"AM",FALSE,"logRD"
"Euonymus_verrucosus",0.0013082921161352,0.172946239349867,0.0821826455567977,-1.09006221123726,-1.09006221123726,0.237595931156802,"AM",FALSE,"logRD"
"Maytenus_arbutifolia",0.0013082921161352,0.172946239349867,0.0821826455567977,-1.09006221123726,-1.09006221123726,0.237595931156802,"AM",FALSE,"logRD"
"Maytenus_schippii",0.0013082921161352,0.172946239349867,0.0821826455567977,-1.09006221123726,-1.09006221123726,0.237595931156802,"AM",FALSE,"logRD"
"Microtropis_discolor",0.0013082921161352,0.172946239349867,0.0821826455567977,-1.09006221123726,-1.09006221123726,0.237595931156802,"AM",FALSE,"logRD"
"Alliaria_petiolata",0.0013082921161352,0.172946239349867,0.0821826455567977,-1.09006221123726,-1.09006221123726,0.237595931156802,"NM",FALSE,"logRD"
"Draba_nemorosa",0.0013082921161352,0.172946239349867,0.0821826455567977,-1.09006221123726,-1.09006221123726,0.237595931156802,"NM",FALSE,"logRD"
"Berteroa_incana",0.0013082921161352,0.172946239349867,0.0821826455567977,-1.09006221123726,-1.09006221123726,0.237595931156802,"NM",FALSE,"logRD"
"Hesperis_matronalis",0.0013082921161352,0.172946239349867,0.0821826455567977,-1.09006221123726,-1.09006221123726,0.237595931156802,"NM",FALSE,"logRD"
"Erysimum_inconspicuum",0.0013082921161352,0.172946239349867,0.0821826455567977,-1.09006221123726,-1.09006221123726,0.237595931156802,"NM",FALSE,"logRD"
"Lepidium_densiflorum",0.0013082921161352,0.172946239349867,0.0821826455567977,-1.09006221123726,-1.09006221123726,0.237595931156802,"NM",FALSE,"logRD"
"Descurainia_sophia",0.0013082921161352,0.172946239349867,0.0821826455567977,-1.09006221123726,-1.09006221123726,0.237595931156802,"NM",FALSE,"logRD"
"Microcos_paniculata",0.0013082921161352,0.172946239349867,0.0821826455567977,-1.09006221123726,-1.09006221123726,0.237595931156802,"AM",FALSE,"logRD"
"Sphaeralcea_coccinea",0.0013082921161352,0.172946239349867,0.0821826455567977,-1.09006221123726,-1.09006221123726,0.237595931156802,"AM",FALSE,"logRD"
"Sida_acuta",0.0013082921161352,0.172946239349867,0.0821826455567977,-1.09006221123726,-1.09006221123726,0.237595931156802,"AM",FALSE,"logRD"
"Hoheria_lyallii",0.0013082921161352,0.172946239349867,0.0821826455567977,-1.09006221123726,-1.09006221123726,0.237595931156802,"AM",FALSE,"logRD"
"Hoheria_sexstylosa",0.0013082921161352,0.172946239349867,0.0821826455567977,-1.09006221123726,-1.09006221123726,0.237595931156802,"AM",FALSE,"logRD"
"Plagianthus_regius",0.0013082921161352,0.172946239349867,0.0821826455567977,-1.09006221123726,-1.09006221123726,0.237595931156802,"AM",FALSE,"logRD"
"Ceiba_pentandra",0.0013082921161352,0.172946239349867,0.0821826455567977,-1.09006221123726,-1.09006221123726,0.237595931156802,"AM",FALSE,"logRD"
"Tilia_mongolica",0.0013082921161352,0.172946239349867,0.0821826455567977,-1.09006221123726,-1.09006221123726,0.237595931156802,"EcM",FALSE,"logRD"
"Tilia_mandshurica",0.0013082921161352,0.172946239349867,0.0821826455567977,-1.09006221123726,-1.09006221123726,0.237595931156802,"EcM",FALSE,"logRD"
"Tilia_cordata",0.0013082921161352,0.172946239349867,0.0821826455567977,-1.09006221123726,-1.09006221123726,0.237595931156802,"EcM",FALSE,"logRD"
"Tilia_oliveri",0.0013082921161352,0.172946239349867,0.0821826455567977,-1.09006221123726,-1.09006221123726,0.237595931156802,"EcM",FALSE,"logRD"
"Tilia_amurensis",0.0013082921161352,0.172946239349867,0.0821826455567977,-1.09006221123726,-1.09006221123726,0.237595931156802,"EcM",FALSE,"logRD"
"Tilia_americana",0.0013082921161352,0.172946239349867,0.0821826455567977,-1.09006221123726,-1.09006221123726,0.237595931156802,"EcM",FALSE,"logRD"
"Pterospermum_acerifolium",0.0013082921161352,0.172946239349867,0.0821826455567977,-1.09006221123726,-1.09006221123726,0.237595931156802,"AM",FALSE,"logRD"
"Sterculia_lanceolata",0.0013082921161352,0.172946239349867,0.0821826455567977,-1.09006221123726,-1.09006221123726,0.237595931156802,"AM",FALSE,"logRD"
"Sterculia_nobilis",0.0013082921161352,0.172946239349867,0.0821826455567977,-1.09006221123726,-1.09006221123726,0.237595931156802,"AM",FALSE,"logRD"
"Theobroma_cacao",0.0013082921161352,0.172946239349867,0.0821826455567977,-1.09006221123726,-1.09006221123726,0.237595931156802,"AM",FALSE,"logRD"
"Shorea_multiflora",0.0013082921161352,0.172946239349867,0.0821826455567977,-1.09006221123726,-1.09006221123726,0.237595931156802,"EcM",FALSE,"logRD"
"Shorea_acuminata",0.0013082921161352,0.172946239349867,0.0821826455567977,-1.09006221123726,-1.09006221123726,0.237595931156802,"EcM",FALSE,"logRD"
"Shorea_leprosula",0.0013082921161352,0.172946239349867,0.0821826455567977,-1.09006221123726,-1.09006221123726,0.237595931156802,"EcM",FALSE,"logRD"
"Fumana_thymifolia",0.0013082921161352,0.172946239349867,0.0821826455567977,-1.09006221123726,-1.09006221123726,0.237595931156802,"EcM",FALSE,"logRD"
"Cistus_monspeliensis",0.0013082921161352,0.172946239349867,0.0821826455567977,-1.09006221123726,-1.09006221123726,0.237595931156802,"EcM",FALSE,"logRD"
"Cistus_libanotis",0.0013082921161352,0.172946239349867,0.0821826455567977,-1.09006221123726,-1.09006221123726,0.237595931156802,"EcM",FALSE,"logRD"
"Cistus_crispus",0.0013082921161352,0.172946239349867,0.0821826455567977,-1.09006221123726,-1.09006221123726,0.237595931156802,"EcM",FALSE,"logRD"
"Cistus_albidus",0.0013082921161352,0.172946239349867,0.0821826455567977,-1.09006221123726,-1.09006221123726,0.237595931156802,"EcM",FALSE,"logRD"
"Cistus_ladanifer",0.0013082921161352,0.172946239349867,0.0821826455567977,-1.09006221123726,-1.09006221123726,0.237595931156802,"EcM",FALSE,"logRD"
"Cistus_salviifolius",0.0013082921161352,0.172946239349867,0.0821826455567977,-1.09006221123726,-1.09006221123726,0.237595931156802,"EcM",FALSE,"logRD"
"Halimium_halimifolium",0.0013082921161352,0.172946239349867,0.0821826455567977,-1.09006221123726,-1.09006221123726,0.237595931156802,"EcM",FALSE,"logRD"
"Halimium_commutatum",0.0013082921161352,0.172946239349867,0.0821826455567977,-1.09006221123726,-1.09006221123726,0.237595931156802,"EcM",FALSE,"logRD"
"Helianthemum_syriacum",0.0013082921161352,0.172946239349867,0.0821826455567977,-1.09006221123726,-1.09006221123726,0.237595931156802,"EcM",FALSE,"logRD"
"Helianthemum_apenninum",0.0013082921161352,0.172946239349867,0.0821826455567977,-1.09006221123726,-1.09006221123726,0.237595931156802,"EcM",FALSE,"logRD"
"Helianthemum_almeriense",0.0013082921161352,0.172946239349867,0.0821826455567977,-1.09006221123726,-1.09006221123726,0.237595931156802,"EcM",FALSE,"logRD"
"Helianthemum_oelandicum",0.0013082921161352,0.172946239349867,0.0821826455567977,-1.09006221123726,-1.09006221123726,0.237595931156802,"EcM",FALSE,"logRD"
"Thymelaea_hirsuta",0.0013082921161352,0.172946239349867,0.0821826455567977,-1.09006221123726,-1.09006221123726,0.237595931156802,"AM",FALSE,"logRD"
"Tetractomia_tetrandra",0.0013082921161352,0.172946239349867,0.0821826455567977,-1.09006221123726,-1.09006221123726,0.237595931156802,"AM",FALSE,"logRD"
"Melicope_pteleifolia",0.0013082921161352,0.172946239349867,0.0821826455567977,-1.09006221123726,-1.09006221123726,0.237595931156795,"AM",FALSE,"logRD"
"Vepris_nobilis",0.0013082921161352,0.172946239349867,0.0821826455567977,-1.09006221123726,-1.09006221123726,0.237595931156802,"AM",FALSE,"logRD"
"Phellodendron_amurense",0.0013082921161352,0.172946239349867,0.0821826455567977,-1.09006221123726,-1.09006221123726,0.237595931156802,"AM",FALSE,"logRD"
"Acronychia_pedunculata",0.0013082921161352,0.172946239349867,0.0821826455567977,-1.09006221123726,-1.09006221123726,0.237595931156802,"AM",FALSE,"logRD"
"Citrus_trifoliata",0.0013082921161352,0.172946239349867,0.0821826455567977,-1.09006221123726,-1.09006221123726,0.237595931156802,"AM",FALSE,"logRD"
"Citrus_aurantium",0.0013082921161352,0.172946239349867,0.0821826455567977,-1.09006221123726,-1.09006221123726,0.237595931156802,"AM",FALSE,"logRD"
"Aglaia_exstipulata",0.0013082921161352,0.172946239349867,0.0821826455567977,-1.09006221123726,-1.09006221123726,0.237595931156802,"AM",FALSE,"logRD"
"Aglaia_odoratissima",0.0013082921161352,0.172946239349867,0.0821826455567977,-1.09006221123726,-1.09006221123726,0.237595931156802,"AM",FALSE,"logRD"
"Aphanamixis_polystachya",0.0013082921161352,0.172946239349867,0.0821826455567977,-1.09006221123726,-1.09006221123726,0.237595931156802,"AM",FALSE,"logRD"
"Lansium_parasiticum",0.0013082921161352,0.172946239349867,0.0821826455567977,-1.09006221123726,-1.09006221123726,0.237595931156802,"AM",FALSE,"logRD"
"Dysoxylum_spectabile",0.0013082921161352,0.172946239349867,0.0821826455567977,-1.09006221123726,-1.09006221123726,0.237595931156802,"AM",FALSE,"logRD"
"Dysoxylum_excelsum",0.0013082921161352,0.172946239349867,0.0821826455567977,-1.09006221123726,-1.09006221123726,0.237595931156802,"AM",FALSE,"logRD"
"Ekebergia_capensis",0.0013082921161352,0.172946239349867,0.0821826455567977,-1.09006221123726,-1.09006221123726,0.237595931156802,"AM",FALSE,"logRD"
"Acer_fabri",0.0013082921161352,0.172946239349867,0.0821826455567977,-1.09006221123726,-1.09006221123726,0.237595931156802,"AM",FALSE,"logRD"
"Acer_caudatum",0.0013082921161352,0.172946239349867,0.0821826455567977,-1.09006221123726,-1.09006221123726,0.237595931156802,"AM",FALSE,"logRD"
"Acer_negundo",0.0013082921161352,0.172946239349867,0.0821826455567977,-1.09006221123726,-1.09006221123726,0.237595931156802,"AM",FALSE,"logRD"
"Acer_barbinerve",0.0013082921161352,0.172946239349867,0.0821826455567977,-1.09006221123726,-1.09006221123726,0.237595931156802,"AM",FALSE,"logRD"
"Acer_campbellii",0.0013082921161352,0.172946239349867,0.0821826455567977,-1.09006221123726,-1.09006221123726,0.237595931156802,"AM",FALSE,"logRD"
"Acer_tegmentosum",0.0013082921161352,0.172946239349867,0.0821826455567977,-1.09006221123726,-1.09006221123726,0.237595931156802,"AM",FALSE,"logRD"
"Acer_davidii",0.0013082921161352,0.172946239349867,0.0821826455567977,-1.09006221123726,-1.09006221123726,0.237595931156802,"AM",FALSE,"logRD"
"Acer_pictum",0.0013082921161352,0.172946239349867,0.0821826455567977,-1.09006221123726,-1.09006221123726,0.237595931156802,"AM",FALSE,"logRD"
"Acer_truncatum",0.0013082921161352,0.172946239349867,0.0821826455567977,-1.09006221123726,-1.09006221123726,0.237595931156802,"AM",FALSE,"logRD"
"Acer_campestre",0.0013082921161352,0.172946239349867,0.0821826455567977,-1.09006221123726,-1.09006221123726,0.237595931156802,"AM",FALSE,"logRD"
"Acer_platanoides",0.0013082921161352,0.172946239349867,0.0821826455567977,-1.09006221123726,-1.09006221123726,0.237595931156802,"AM",FALSE,"logRD"
"Acer_saccharum",0.0013082921161352,0.172946239349867,0.0821826455567977,-1.09006221123726,-1.09006221123726,0.237595931156802,"AM",FALSE,"logRD"
"Acer_triflorum",0.0013082921161352,0.172946239349867,0.0821826455567977,-1.09006221123726,-1.09006221123726,0.237595931156802,"AM",FALSE,"logRD"
"Acer_coriaceifolium",0.0013082921161352,0.172946239349867,0.0821826455567977,-1.09006221123726,-1.09006221123726,0.237595931156802,"AM",FALSE,"logRD"
"Acer_tataricum",0.0013082921161352,0.172946239349867,0.0821826455567977,-1.09006221123726,-1.09006221123726,0.237595931156802,"AM",FALSE,"logRD"
"Acer_rubrum",0.0013082921161352,0.172946239349867,0.0821826455567977,-1.09006221123726,-1.09006221123726,0.237595931156802,"AM",FALSE,"logRD"
"Acer_pseudoplatanus",0.0013082921161352,0.172946239349867,0.0821826455567977,-1.09006221123726,-1.09006221123726,0.237595931156802,"AM",FALSE,"logRD"
"Aesculus_hippocastanum",0.0013082921161352,0.172946239349867,0.0821826455567977,-1.09006221123726,-1.09006221123726,0.237595931156802,"AM",FALSE,"logRD"
"Aesculus_parviflora",0.0013082921161352,0.172946239349867,0.0821826455567977,-1.09006221123726,-1.09006221123726,0.237595931156802,"AM",FALSE,"logRD"
"Nephelium_lappaceum",0.0013082921161352,0.172946239349867,0.0821826455567977,-1.09006221123726,-1.09006221123726,0.237595931156802,"AM",FALSE,"logRD"
"Allophylus_cobbe",0.0013082921161352,0.172946239349867,0.0821826455567977,-1.09006221123726,-1.09006221123726,0.237595931156802,"AM",FALSE,"logRD"
"Allophylus_abyssinicus",0.0013082921161352,0.172946239349867,0.0821826455567977,-1.09006221123726,-1.09006221123726,0.237595931156802,"AM",FALSE,"logRD"
"Alectryon_excelsus",0.0013082921161352,0.172946239349867,0.0821826455567977,-1.09006221123726,-1.09006221123726,0.237595931156802,"AM",FALSE,"logRD"
"Koelreuteria_paniculata",0.0013082921161352,0.172946239349867,0.0821826455567977,-1.09006221123726,-1.09006221123726,0.237595931156802,"AM",FALSE,"logRD"
"Canarium_album",0.0013082921161352,0.172946239349867,0.0821826455567977,-1.09006221123726,-1.09006221123726,0.237595931156802,"AM",FALSE,"logRD"
"Rhus_chinensis",0.0013082921161352,0.172946239349867,0.0821826455567977,-1.09006221123726,-1.09006221123726,0.237595931156802,"AM",FALSE,"logRD"
"Rhus_typhina",0.0013082921161352,0.172946239349867,0.0821826455567977,-1.09006221123726,-1.09006221123726,0.237595931156802,"AM",FALSE,"logRD"
"Pistacia_terebinthus",0.0013082921161352,0.172946239349867,0.0821826455567977,-1.09006221123726,-1.09006221123726,0.237595931156802,"AM",FALSE,"logRD"
"Pistacia_chinensis",0.0013082921161352,0.172946239349867,0.0821826455567977,-1.09006221123726,-1.09006221123726,0.237595931156802,"AM",FALSE,"logRD"
"Pistacia_lentiscus",0.0013082921161352,0.172946239349867,0.0821826455567977,-1.09006221123726,-1.09006221123726,0.237595931156802,"AM",FALSE,"logRD"
"Choerospondias_axillaris",0.0013082921161352,0.172946239349867,0.0821826455567977,-1.09006221123726,-1.09006221123726,0.237595931156802,"AM",FALSE,"logRD"
"Pentaspadon_motleyi",0.0013082921161352,0.172946239349867,0.0821826455567977,-1.09006221123726,-1.09006221123726,0.237595931156802,"AM",FALSE,"logRD"
"Blastus_cochinchinesis",0.0013082921161352,0.172946239349867,0.0821826455567977,-1.09006221123726,-1.09006221123726,0.237595931156802,"AM",FALSE,"logRD"
"Blastus_pauciflorus",0.0013082921161352,0.172946239349867,0.0821826455567977,-1.09006221123726,-1.09006221123726,0.237595931156802,"AM",FALSE,"logRD"
"Memecylon_nigrescens",0.0013082921161352,0.172946239349867,0.0821826455567977,-1.09006221123726,-1.09006221123726,0.237595931156802,"AM",FALSE,"logRD"
"Eucalyptus_grandis",0.0013082921161352,0.172946239349867,0.0821826455567977,-1.09006221123726,-1.09006221123726,0.237595931156802,"EcMAM",FALSE,"logRD"
"Eucalyptus_urophylla",0.0013082921161352,0.172946239349867,0.0821826455567977,-1.09006221123726,-1.09006221123726,0.237595931156802,"EcMAM",FALSE,"logRD"
"Leptospermum_scoparium",0.0013082921161352,0.172946239349867,0.0821826455567977,-1.09006221123726,-1.09006221123726,0.237595931156802,"EcMAM",FALSE,"logRD"
"Kunzea_ericoides",0.0013082921161352,0.172946239349867,0.0821826455567977,-1.09006221123726,-1.09006221123726,0.237595931156802,"EcMAM",FALSE,"logRD"
"Neomyrtus_pedunculata",0.0013082921161352,0.172946239349867,0.0821826455567977,-1.09006221123726,-1.09006221123726,0.237595931156802,"AM",FALSE,"logRD"
"Myrtus_communis",0.0013082921161352,0.172946239349867,0.0821826455567977,-1.09006221123726,-1.09006221123726,0.237595931156802,"AM",FALSE,"logRD"
"Decaspermum_gracilentum",0.0013082921161352,0.172946239349867,0.0821826455567977,-1.09006221123726,-1.09006221123726,0.237595931156802,"AM",FALSE,"logRD"
"Syzygium_subdecussatum",0.0013082921161352,0.172946239349867,0.0821826455567977,-1.09006221123726,-1.09006221123726,0.237595931156802,"AM",FALSE,"logRD"
"Syzygium_pachysepalum",0.0013082921161352,0.172946239349867,0.0821826455567977,-1.09006221123726,-1.09006221123726,0.237595931156802,"AM",FALSE,"logRD"
"Syzygium_napiforme",0.0013082921161352,0.172946239349867,0.0821826455567977,-1.09006221123726,-1.09006221123726,0.237595931156802,"AM",FALSE,"logRD"
"Syzygium_kunstleri",0.0013082921161352,0.172946239349867,0.0821826455567977,-1.09006221123726,-1.09006221123726,0.237595931156795,"AM",FALSE,"logRD"
"Syzygium_castaneum",0.0013082921161352,0.172946239349867,0.0821826455567977,-1.09006221123726,-1.09006221123726,0.237595931156802,"AM",FALSE,"logRD"
"Syzygium_szemaoense",0.0013082921161352,0.172946239349867,0.0821826455567977,-1.09006221123726,-1.09006221123726,0.237595931156795,"AM",FALSE,"logRD"
"Syzygium_hancei",0.0013082921161352,0.172946239349867,0.0821826455567977,-1.09006221123726,-1.09006221123726,0.237595931156802,"AM",FALSE,"logRD"
"Syzygium_levinei",0.0013082921161352,0.172946239349867,0.0821826455567977,-1.09006221123726,-1.09006221123726,0.237595931156802,"AM",FALSE,"logRD"
"Syzygium_jambos",0.0013082921161352,0.172946239349867,0.0821826455567977,-1.09006221123726,-1.09006221123726,0.237595931156802,"AM",FALSE,"logRD"
"Syzygium_globiflorum",0.0013082921161352,0.172946239349867,0.0821826455567977,-1.09006221123726,-1.09006221123726,0.237595931156802,"AM",FALSE,"logRD"
"Syzygium_malaccense",0.0013082921161352,0.172946239349867,0.0821826455567977,-1.09006221123726,-1.09006221123726,0.237595931156802,"AM",FALSE,"logRD"
"Syzygium_maire",0.0013082921161352,0.172946239349867,0.0821826455567977,-1.09006221123726,-1.09006221123726,0.237595931156802,"AM",FALSE,"logRD"
"Syzygium_acuminatissimum",0.0013082921161352,0.172946239349867,0.0821826455567977,-1.09006221123726,-1.09006221123726,0.237595931156802,"AM",FALSE,"logRD"
"Tristaniopsis_elliptica",0.0013082921161352,0.172946239349867,0.0821826455567977,-1.09006221123726,-1.09006221123726,0.237595931156802,"EcMAM",FALSE,"logRD"
"Tristaniopsis_clementis",0.0013082921161352,0.172946239349867,0.0821826455567977,-1.09006221123726,-1.09006221123726,0.237595931156802,"EcMAM",FALSE,"logRD"
"Metrosideros_umbellata",0.0013082921161352,0.172946239349867,0.0821826455567977,-1.09006221123726,-1.09006221123726,0.237595931156802,"AM",FALSE,"logRD"
"Metrosideros_robusta",0.0013082921161352,0.172946239349867,0.0821826455567977,-1.09006221123726,-1.09006221123726,0.237595931156802,"AM",FALSE,"logRD"
"Metrosideros_excelsa",0.0013082921161352,0.172946239349867,0.0821826455567977,-1.09006221123726,-1.09006221123726,0.237595931156802,"AM",FALSE,"logRD"
"Metrosideros_diffusa",0.0013082921161352,0.172946239349867,0.0821826455567977,-1.09006221123726,-1.09006221123726,0.237595931156802,"AM",FALSE,"logRD"
"Metrosideros_fulgens",0.0013082921161352,0.172946239349867,0.0821826455567977,-1.09006221123726,-1.09006221123726,0.237595931156802,"AM",FALSE,"logRD"
"Oenothera_biennis",0.0013082921161352,0.172946239349867,0.0821826455567977,-1.09006221123726,-1.09006221123726,0.237595931156802,"AM",FALSE,"logRD"
"Fuchsia_excorticata",0.0013082921161352,0.172946239349867,0.0821826455567977,-1.09006221123726,-1.09006221123726,0.237595931156802,"AM",FALSE,"logRD"
"Combretum_decandrum",0.0013082921161352,0.172946239349867,0.0821826455567977,-1.09006221123726,-1.09006221123726,0.237595931156802,"AM",FALSE,"logRD"
"Combretum_collinum",0.0013082921161352,0.172946239349867,0.0821826455567977,-1.09006221123726,-1.09006221123726,0.237595931156802,"AM",FALSE,"logRD"
"Terminalia_amazonia",0.0013082921161352,0.172946239349867,0.0821826455567977,-1.09006221123726,-1.09006221123726,0.237595931156802,"AM",FALSE,"logRD"
"Geranium_rotundifolium",0.0013082921161352,0.172946239349867,0.0821826455567977,-1.09006221123726,-1.09006221123726,0.237595931156802,"AM",FALSE,"logRD"
"Vitis_amurensis",0.0013082921161352,0.172946239349867,0.0821826455567977,-1.09006221123726,-1.09006221123726,0.237595931156802,"AM",FALSE,"logRD"
"Vitis_vulpina",0.0013082921161352,0.172946239349867,0.0821826455567977,-1.09006221123726,-1.09006221123726,0.237595931156802,"AM",FALSE,"logRD"
"Vitis_vinifera",0.0013082921161352,0.172946239349867,0.0821826455567977,-1.09006221123726,-1.09006221123726,0.237595931156802,"AM",FALSE,"logRD"
"Parthenocissus_quinquefolia",0.0013082921161352,0.172946239349867,0.0821826455567977,-1.09006221123726,-1.09006221123726,0.237595931156802,"AM",FALSE,"logRD"
"Heuchera_richardsonii",0.0013082921161352,0.172946239349867,0.0821826455567977,-1.09006221123726,-1.09006221123726,0.237595931156802,"NMAM",FALSE,"logRD"
"Astilbe_rivularis",0.0013082921161352,0.172946239349867,0.0821826455567977,-1.09006221123726,-1.09006221123726,0.237595931156802,"NMAM",FALSE,"logRD"
"Astilbe_rubra",0.0013082921161352,0.172946239349867,0.0821826455567977,-1.09006221123726,-1.09006221123726,0.237595931156802,"NMAM",FALSE,"logRD"
"Itea_chinensis",0.0013082921161352,0.172946239349867,0.0821826455567977,-1.09006221123726,-1.09006221123726,0.237595931156802,"AM",FALSE,"logRD"
"Hamamelis_virginiana",0.0013082921161352,0.172946239349867,0.0821826455567977,-1.09006221123726,-1.09006221123726,0.237595931156802,"AM",FALSE,"logRD"
"Loropetalum_chinense",0.0013082921161352,0.172946239349867,0.0821826455567977,-1.09006221123726,-1.09006221123726,0.237595931156802,"AM",FALSE,"logRD"
"Mytilaria_laosensis",0.0013082921161352,0.172946239349867,0.0821826455567977,-1.09006221123726,-1.09006221123726,0.237595931156802,"AM",FALSE,"logRD"
"Rhodoleia_championii",0.0013082921161352,0.172946239349867,0.0821826455567977,-1.09006221123726,-1.09006221123726,0.237595931156802,"AM",FALSE,"logRD"
"Altingia_obovata",0.0013082921161352,0.172946239349867,0.0821826455567977,-1.09006221123726,-1.09006221123726,0.237595931156802,"AM",FALSE,"logRD"
"Altingia_gracilipes",0.0013082921161352,0.172946239349867,0.0821826455567977,-1.09006221123726,-1.09006221123726,0.237595931156802,"AM",FALSE,"logRD"
"Liquidambar_formosana",0.0013082921161352,0.172946239349867,0.0821826455567977,-1.09006221123726,-1.09006221123726,0.237595931156802,"AM",FALSE,"logRD"
"Liquidambar_styraciflua",0.0013082921161352,0.172946239349867,0.0821826455567977,-1.09006221123726,-1.09006221123726,0.237595931156802,"AM",FALSE,"logRD"
"Daphniphyllum_pentandrum",0.0013082921161352,0.172946239349867,0.0821826455567977,-1.09006221123726,-1.09006221123726,0.237595931156802,"AM",FALSE,"logRD"
"Cercidiphyllum_japonicum",0.0013082921161352,0.172946239349867,0.0821826455567977,-1.09006221123726,-1.09006221123726,0.237595931156802,"AM",FALSE,"logRD"
"Knightia_excelsa",0.0013082921161352,0.172946239349867,0.0821826455567977,-1.09006221123726,-1.09006221123726,0.237595931156802,"NM",FALSE,"logRD"
"Helicia_formosana",0.0013082921161352,0.172946239349867,0.0821826455567977,-1.09006221123726,-1.09006221123726,0.237595931156802,"NM",FALSE,"logRD"
"Hakea_varia",0.0013082921161352,0.172946239349867,0.0821826455567977,-1.09006221123726,-1.09006221123726,0.237595931156802,"NM",FALSE,"logRD"
"Hakea_tuberculata",0.0013082921161352,0.172946239349867,0.0821826455567977,-1.09006221123726,-1.09006221123726,0.237595931156802,"NM",FALSE,"logRD"
"Hakea_oldfieldii",0.0013082921161352,0.172946239349867,0.0821826455567977,-1.09006221123726,-1.09006221123726,0.237595931156802,"NM",FALSE,"logRD"
"Hakea_cyclocarpa",0.0013082921161352,0.172946239349867,0.0821826455567977,-1.09006221123726,-1.09006221123726,0.237595931156802,"NM",FALSE,"logRD"
"Hakea_lissocarpha",0.0013082921161352,0.172946239349867,0.0821826455567977,-1.09006221123726,-1.09006221123726,0.237595931156802,"NM",FALSE,"logRD"
"Hakea_linearis",0.0013082921161352,0.172946239349867,0.0821826455567977,-1.09006221123726,-1.09006221123726,0.237595931156802,"NM",FALSE,"logRD"
"Hakea_ceratophylla",0.0013082921161352,0.172946239349867,0.0821826455567977,-1.09006221123726,-1.09006221123726,0.237595931156802,"NM",FALSE,"logRD"
"Platanus_acerifolia",0.0013082921161352,0.172946239349867,0.0821826455567977,-1.09006221123726,-1.09006221123726,0.237595931156802,"AM",FALSE,"logRD"
"Platanus_occidentalis",0.0013082921161352,0.172946239349867,0.0821826455567977,-1.09006221123726,-1.09006221123726,0.237595931156802,"AM",FALSE,"logRD"
"Ranunculus_acris",0.0013082921161352,0.172946239349867,0.0821826455567977,-1.09006221123726,-1.09006221123726,0.237595931156802,"AM",FALSE,"logRD"
"Anemone_cylindrica",0.0013082921161352,0.172946239349867,0.0821826455567977,-1.09006221123726,-1.09006221123726,0.237595931156802,"AM",FALSE,"logRD"
"Anemone_patens",0.0013082921161352,0.172946239349867,0.0821826455567977,-1.09006221123726,-1.09006221123726,0.237595931156802,"AM",FALSE,"logRD"
"Caltha_palustris",0.0013082921161352,0.172946239349867,0.0821826455567977,-1.09006221123726,-1.09006221123726,0.237595931156802,"NMAM",FALSE,"logRD"
"Actaea_cimicifuga",0.0013082921161352,0.172946239349867,0.0821826455567977,-1.09006221123726,-1.09006221123726,0.237595931156802,"AM",FALSE,"logRD"
"Thalictrum_simplex",0.0013082921161352,0.172946239349867,0.0821826455567977,-1.09006221123726,-1.09006221123726,0.237595931156802,"AM",FALSE,"logRD"
"Aquilegia_vulgaris",0.0013082921161352,0.172946239349867,0.0821826455567977,-1.09006221123726,-1.09006221123726,0.237595931156802,"AM",FALSE,"logRD"
"Berberis_thunbergii",0.0013082921161352,0.172946239349867,0.0821826455567977,-1.09006221123726,-1.09006221123726,0.237595931156802,"AM",FALSE,"logRD"
"Caulophyllum_robustum",0.0013082921161352,0.172946239349867,0.0821826455567977,-1.09006221123726,-1.09006221123726,0.237595931156802,"AM",FALSE,"logRD"
"Podophyllum_peltatum",0.0013082921161352,0.172946239349867,0.0821826455567977,-1.09006221123726,-1.09006221123726,0.237595931156802,"AM",FALSE,"logRD"
"Euptelea_pleiosperma",0.0013082921161352,0.172946239349867,0.0821826455567977,-1.09006221123726,-1.09006221123726,0.237595931156802,"AM",FALSE,"logRD"
"Convallaria_majalis",0.0013082921161352,0.172946239349867,0.0821826455567977,-1.09006221123726,-1.09006221123726,0.237595931156802,"AM",FALSE,"logRD"
"Asparagus_schoberioides",0.0013082921161352,0.172946239349867,0.0821826455567977,-1.09006221123726,-1.09006221123726,0.237595931156802,"AM",FALSE,"logRD"
"Lomandra_filiformis",0.0013082921161352,0.172946239349867,0.0821826455567977,-1.09006221123726,-1.09006221123726,0.237595931156802,"NMAM",FALSE,"logRD"
"Hosta_ventricosa",0.0013082921161352,0.172946239349867,0.0821826455567977,-1.09006221123726,-1.09006221123726,0.237595931156802,"AM",FALSE,"logRD"
"Allium_tenuissimum",0.0013082921161352,0.172946239349867,0.0821826455567977,-1.09006221123726,-1.09006221123726,0.237595931156802,"AM",FALSE,"logRD"
"Allium_bidentatum",0.0013082921161352,0.172946239349867,0.0821826455567977,-1.09006221123726,-1.09006221123726,0.237595931156802,"AM",FALSE,"logRD"
"Allium_textile",0.0013082921161352,0.172946239349867,0.0821826455567977,-1.09006221123726,-1.09006221123726,0.237595931156802,"AM",FALSE,"logRD"
"Iris_japonica",0.0013082921161352,0.172946239349867,0.0821826455567977,-1.09006221123726,-1.09006221123726,0.237595931156802,"AM",FALSE,"logRD"
"Iris_versicolor",0.0013082921161352,0.172946239349867,0.0821826455567977,-1.09006221123726,-1.09006221123726,0.237595931156802,"AM",FALSE,"logRD"
"Astelia_fragrans",0.0013082921161352,0.172946239349867,0.0821826455567977,-1.09006221123726,-1.09006221123726,0.237595931156802,"AM",FALSE,"logRD"
"Astelia_nervosa",0.0013082921161352,0.172946239349867,0.0821826455567977,-1.09006221123726,-1.09006221123726,0.237595931156802,"AM",FALSE,"logRD"
"Calamovilfa_longifolia",0.0013082921161352,0.172946239349867,0.0821826455567977,-1.09006221123726,-1.09006221123726,0.237595931156802,"NMAM",FALSE,"logRD"
"Panicum_virgatum",0.0013082921161352,0.172946239349867,0.0821826455567977,-1.09006221123726,-1.09006221123726,0.237595931156802,"AM",FALSE,"logRD"
"Panicum_capillare",0.0013082921161352,0.172946239349867,0.0821826455567977,-1.09006221123726,-1.09006221123726,0.237595931156802,"AM",FALSE,"logRD"
"Pennisetum_glaucum",0.0013082921161352,0.172946239349867,0.0821826455567977,-1.09006221123726,-1.09006221123726,0.237595931156802,"AM",FALSE,"logRD"
"Digitaria_setigera",0.0013082921161352,0.172946239349867,0.0821826455567977,-1.09006221123726,-1.09006221123726,0.237595931156802,"AM",FALSE,"logRD"
"Andropogon_gerardii",0.0013082921161352,0.172946239349867,0.0821826455567977,-1.09006221123726,-1.09006221123726,0.237595931156802,"AM",FALSE,"logRD"
"Schizachyrium_scoparium",0.0013082921161352,0.172946239349867,0.0821826455567977,-1.09006221123726,-1.09006221123726,0.237595931156802,"AM",FALSE,"logRD"
"Bothriochloa_macra",0.0013082921161352,0.172946239349867,0.0821826455567977,-1.09006221123726,-1.09006221123726,0.237595931156802,"AM",FALSE,"logRD"
"Themeda_triandra",0.0013082921161352,0.172946239349867,0.0821826455567977,-1.09006221123726,-1.09006221123726,0.237595931156802,"AM",FALSE,"logRD"
"Sorghastrum_nutans",0.0013082921161352,0.172946239349867,0.0821826455567977,-1.09006221123726,-1.09006221123726,0.237595931156802,"AM",FALSE,"logRD"
"Arthraxon_hispidus",0.0013082921161352,0.172946239349867,0.0821826455567977,-1.09006221123726,-1.09006221123726,0.237595931156802,"AM",FALSE,"logRD"
"Chloris_anomala",0.0013082921161352,0.172946239349867,0.0821826455567977,-1.09006221123726,-1.09006221123726,0.237595931156802,"AM",FALSE,"logRD"
"Bouteloua_curtipendula",0.0013082921161352,0.172946239349867,0.0821826455567977,-1.09006221123726,-1.09006221123726,0.237595931156802,"AM",FALSE,"logRD"
"Chondrosum_gracile",0.0013082921161352,0.172946239349867,0.0821826455567977,-1.09006221123726,-1.09006221123726,0.237595931156802,"AM",FALSE,"logRD"
"Cleistogenes_squarrosa",0.0013082921161352,0.172946239349867,0.0821826455567977,-1.09006221123726,-1.09006221123726,0.237595931156802,"AM",FALSE,"logRD"
"Sporobolus_heterolepis",0.0013082921161352,0.172946239349867,0.0821826455567977,-1.09006221123726,-1.09006221123726,0.237595931156802,"AM",FALSE,"logRD"
"Eragrostis_trichodes",0.0013082921161352,0.172946239349867,0.0821826455567977,-1.09006221123726,-1.09006221123726,0.237595931156802,"NMAM",FALSE,"logRD"
"Rytidosperma_richardsonii",0.0013082921161352,0.172946239349867,0.0821826455567977,-1.09006221123726,-1.09006221123726,0.237595931156802,"AM",FALSE,"logRD"
"Rytidosperma_carphoides",0.0013082921161352,0.172946239349867,0.0821826455567977,-1.09006221123726,-1.09006221123726,0.237595931156802,"AM",FALSE,"logRD"
"Rytidosperma_caespitosum",0.0013082921161352,0.172946239349867,0.0821826455567977,-1.09006221123726,-1.09006221123726,0.237595931156802,"AM",FALSE,"logRD"
"Rytidosperma_pallidum",0.0013082921161352,0.172946239349867,0.0821826455567977,-1.09006221123726,-1.09006221123726,0.237595931156802,"AM",FALSE,"logRD"
"Danthonia_intermedia",0.0013082921161352,0.172946239349867,0.0821826455567977,-1.09006221123726,-1.09006221123726,0.237595931156802,"AM",FALSE,"logRD"
"Molinia_caerulea",0.0013082921161352,0.172946239349867,0.0821826455567977,-1.09006221123726,-1.09006221123726,0.237595931156802,"AM",FALSE,"logRD"
"Aristida_ramosa",0.0013082921161352,0.172946239349867,0.0821826455567977,-1.09006221123726,-1.09006221123726,0.237595931156802,"AM",FALSE,"logRD"
"Festuca_rubra",0.0013082921161352,0.172946239349867,0.0821826455567977,-1.09006221123726,-1.09006221123726,0.237595931156802,"AM",FALSE,"logRD"
"Festuca_ovina",0.0013082921161352,0.172946239349867,0.0821826455567977,-1.09006221123726,-1.09006221123726,0.237595931156795,"AM",FALSE,"logRD"
"Festuca_hallii",0.0013082921161352,0.172946239349867,0.0821826455567977,-1.09006221123726,-1.09006221123726,0.237595931156802,"AM",FALSE,"logRD"
"Festuca_christianii-bernardii",0.0013082921161352,0.172946239349867,0.0821826455567977,-1.09006221123726,-1.09006221123726,0.237595931156802,"AM",FALSE,"logRD"
"Festuca_arundinacea",0.0013082921161352,0.172946239349867,0.0821826455567977,-1.09006221123726,-1.09006221123726,0.237595931156795,"AM",FALSE,"logRD"
"Vulpia_bromoides",0.0013082921161352,0.172946239349867,0.0821826455567977,-1.09006221123726,-1.09006221123726,0.237595931156802,"AM",FALSE,"logRD"
"Lolium_rigidum",0.0013082921161352,0.172946239349867,0.0821826455567977,-1.09006221123726,-1.09006221123726,0.237595931156802,"AM",FALSE,"logRD"
"Lolium_multiflorum",0.0013082921161352,0.172946239349867,0.0821826455567977,-1.09006221123726,-1.09006221123726,0.237595931156802,"AM",FALSE,"logRD"
"Lolium_perenne",0.0013082921161352,0.172946239349867,0.0821826455567977,-1.09006221123726,-1.09006221123726,0.237595931156802,"AM",FALSE,"logRD"
"Dactylis_glomerata",0.0013082921161352,0.172946239349867,0.0821826455567977,-1.09006221123726,-1.09006221123726,0.237595931156802,"AM",FALSE,"logRD"
"Aira_elegantissima",0.0013082921161352,0.172946239349867,0.0821826455567977,-1.09006221123726,-1.09006221123726,0.237595931156802,"NMAM",FALSE,"logRD"
"Holcus_lanatus",0.0013082921161352,0.172946239349867,0.0821826455567977,-1.09006221123726,-1.09006221123726,0.237595931156802,"AM",FALSE,"logRD"
"Deschampsia_cespitosa",0.0013082921161352,0.172946239349867,0.0821826455567977,-1.09006221123726,-1.09006221123726,0.237595931156802,"AM",FALSE,"logRD"
"Poa_trivialis",0.0013082921161352,0.172946239349867,0.0821826455567977,-1.09006221123726,-1.09006221123726,0.237595931156802,"AM",FALSE,"logRD"
"Poa_pratensis",0.0013082921161352,0.172946239349867,0.0821826455567977,-1.09006221123726,-1.09006221123726,0.237595931156802,"AM",FALSE,"logRD"
"Poa_nemoralis",0.0013082921161352,0.172946239349867,0.0821826455567977,-1.09006221123726,-1.09006221123726,0.237595931156802,"AM",FALSE,"logRD"
"Poa_labillardierei",0.0013082921161352,0.172946239349867,0.0821826455567977,-1.09006221123726,-1.09006221123726,0.237595931156802,"AM",FALSE,"logRD"
"Poa_glauca",0.0013082921161352,0.172946239349867,0.0821826455567977,-1.09006221123726,-1.09006221123726,0.237595931156802,"AM",FALSE,"logRD"
"Poa_cusickii",0.0013082921161352,0.172946239349867,0.0821826455567977,-1.09006221123726,-1.09006221123726,0.237595931156795,"AM",FALSE,"logRD"
"Alopecurus_pratensis",0.0013082921161352,0.172946239349867,0.0821826455567977,-1.09006221123726,-1.09006221123726,0.237595931156802,"AM",FALSE,"logRD"
"Phleum_pratense",0.0013082921161352,0.172946239349867,0.0821826455567977,-1.09006221123726,-1.09006221123726,0.237595931156802,"AM",FALSE,"logRD"
"Pseudosclerochloa_rupestris",0.0013082921161352,0.172946239349867,0.0821826455567977,-1.09006221123726,-1.09006221123726,0.237595931156802,"NMAM",FALSE,"logRD"
"Agrostis_scabra",0.0013082921161352,0.172946239349867,0.0821826455567977,-1.09006221123726,-1.09006221123726,0.237595931156802,"AM",FALSE,"logRD"
"Agrostis_capillaris",0.0013082921161352,0.172946239349867,0.0821826455567977,-1.09006221123726,-1.09006221123726,0.237595931156802,"AM",FALSE,"logRD"
"Calamagrostis_canadensis",0.0013082921161352,0.172946239349867,0.0821826455567977,-1.09006221123726,-1.09006221123726,0.237595931156802,"AM",FALSE,"logRD"
"Anthoxanthum_odoratum",0.0013082921161352,0.172946239349867,0.0821826455567977,-1.09006221123726,-1.09006221123726,0.237595931156802,"AM",FALSE,"logRD"
"Phalaris_aquatica",0.0013082921161352,0.172946239349867,0.0821826455567977,-1.09006221123726,-1.09006221123726,0.237595931156802,"AM",FALSE,"logRD"
"Phalaris_arundinacea",0.0013082921161352,0.172946239349867,0.0821826455567977,-1.09006221123726,-1.09006221123726,0.237595931156802,"AM",FALSE,"logRD"
"Koeleria_macrantha",0.0013082921161352,0.172946239349867,0.0821826455567977,-1.09006221123726,-1.09006221123726,0.237595931156802,"AM",FALSE,"logRD"
"Koeleria_pyramidata",0.0013082921161352,0.172946239349867,0.0821826455567977,-1.09006221123726,-1.09006221123726,0.237595931156802,"AM",FALSE,"logRD"
"Koeleria_vallesiana",0.0013082921161352,0.172946239349867,0.0821826455567977,-1.09006221123726,-1.09006221123726,0.237595931156802,"AM",FALSE,"logRD"
"Trisetum_flavescens",0.0013082921161352,0.172946239349867,0.0821826455567977,-1.09006221123726,-1.09006221123726,0.237595931156802,"AM",FALSE,"logRD"
"Arrhenatherum_elatius",0.0013082921161352,0.172946239349867,0.0821826455567977,-1.09006221123726,-1.09006221123726,0.237595931156802,"AM",FALSE,"logRD"
"Leymus_chinensis",0.0013082921161352,0.172946239349867,0.0821826455567977,-1.09006221123726,-1.09006221123726,0.237595931156802,"AM",FALSE,"logRD"
"Hordeum_murinum",0.0013082921161352,0.172946239349867,0.0821826455567977,-1.09006221123726,-1.09006221123726,0.237595931156802,"AM",FALSE,"logRD"
"Agropyron_cristatum",0.0013082921161352,0.172946239349867,0.0821826455567977,-1.09006221123726,-1.09006221123726,0.237595931156802,"AM",FALSE,"logRD"
"Elymus_riparius",0.0013082921161352,0.172946239349867,0.0821826455567977,-1.09006221123726,-1.09006221123726,0.237595931156802,"AM",FALSE,"logRD"
"Elymus_virginicus",0.0013082921161352,0.172946239349867,0.0821826455567977,-1.09006221123726,-1.09006221123726,0.237595931156802,"AM",FALSE,"logRD"
"Elymus_canadensis",0.0013082921161352,0.172946239349867,0.0821826455567977,-1.09006221123726,-1.09006221123726,0.237595931156802,"AM",FALSE,"logRD"
"Elymus_lanceolatus",0.0013082921161352,0.172946239349867,0.0821826455567977,-1.09006221123726,-1.09006221123726,0.237595931156802,"AM",FALSE,"logRD"
"Elymus_repens",0.0013082921161352,0.172946239349867,0.0821826455567977,-1.09006221123726,-1.09006221123726,0.237595931156802,"AM",FALSE,"logRD"
"Triticum_durum",0.0013082921161352,0.172946239349867,0.0821826455567977,-1.09006221123726,-1.09006221123726,0.237595931156802,"AM",FALSE,"logRD"
"Bromus_hordeaceus",0.0013082921161352,0.172946239349867,0.0821826455567977,-1.09006221123726,-1.09006221123726,0.237595931156802,"AM",FALSE,"logRD"
"Bromus_madritensis",0.0013082921161352,0.172946239349867,0.0821826455567977,-1.09006221123726,-1.09006221123726,0.237595931156802,"AM",FALSE,"logRD"
"Bromus_inermis",0.0013082921161352,0.172946239349867,0.0821826455567977,-1.09006221123726,-1.09006221123726,0.237595931156802,"AM",FALSE,"logRD"
"Bromus_erectus",0.0013082921161352,0.172946239349867,0.0821826455567977,-1.09006221123726,-1.09006221123726,0.237595931156802,"AM",FALSE,"logRD"
"Bromus_catharticus",0.0013082921161352,0.172946239349867,0.0821826455567977,-1.09006221123726,-1.09006221123726,0.237595931156802,"AM",FALSE,"logRD"
"Brachypodium_phoenicoides",0.0013082921161352,0.172946239349867,0.0821826455567977,-1.09006221123726,-1.09006221123726,0.237595931156802,"AM",FALSE,"logRD"
"Brachypodium_sylvaticum",0.0013082921161352,0.172946239349867,0.0821826455567977,-1.09006221123726,-1.09006221123726,0.237595931156802,"AM",FALSE,"logRD"
"Brachypodium_pinnatum",0.0013082921161352,0.172946239349867,0.0821826455567977,-1.09006221123726,-1.09006221123726,0.237595931156802,"AM",FALSE,"logRD"
"Stipa_spartea",0.0013082921161352,0.172946239349867,0.0821826455567977,-1.09006221123726,-1.09006221123726,0.237595931156802,"AM",FALSE,"logRD"
"Stipa_purpurea",0.0013082921161352,0.172946239349867,0.0821826455567977,-1.09006221123726,-1.09006221123726,0.237595931156802,"AM",FALSE,"logRD"
"Stipa_krylovii",0.0013082921161352,0.172946239349867,0.0821826455567977,-1.09006221123726,-1.09006221123726,0.237595931156802,"AM",FALSE,"logRD"
"Nassella_viridula",0.0013082921161352,0.172946239349867,0.0821826455567977,-1.09006221123726,-1.09006221123726,0.237595931156802,"AM",FALSE,"logRD"
"Stipa_pennata",0.0013082921161352,0.172946239349867,0.0821826455567977,-1.09006221123726,-1.09006221123726,0.237595931156802,"AM",FALSE,"logRD"
"Stipa_comata",0.0013082921161352,0.172946239349867,0.0821826455567977,-1.09006221123726,-1.09006221123726,0.237595931156802,"AM",FALSE,"logRD"
"Nardus_stricta",0.0013082921161352,0.172946239349867,0.0821826455567977,-1.09006221123726,-1.09006221123726,0.237595931156802,"AM",FALSE,"logRD"
"Ehrharta_stipoides",0.0013082921161352,0.172946239349867,0.0821826455567977,-1.09006221123726,-1.09006221123726,0.237595931156802,"AM",FALSE,"logRD"
"Carex_korshinskyi",0.0013082921161352,0.172946239349867,0.0821826455567977,-1.09006221123726,-1.09006221123726,0.237595931156802,"NMAM",FALSE,"logRD"
"Carex_humilis",0.0013082921161352,0.172946239349867,0.0821826455567977,-1.09006221123726,-1.09006221123726,0.237595931156802,"NMAM",FALSE,"logRD"
"Carex_filifolia",0.0013082921161352,0.172946239349867,0.0821826455567977,-1.09006221123726,-1.09006221123726,0.237595931156802,"NMAM",FALSE,"logRD"
"Carex_doisutepensis",0.0013082921161352,0.172946239349867,0.0821826455567977,-1.09006221123726,-1.09006221123726,0.237595931156802,"NMAM",FALSE,"logRD"
"Carex_lasiocarpa",0.0013082921161352,0.172946239349867,0.0821826455567977,-1.09006221123726,-1.09006221123726,0.237595931156802,"NMAM",FALSE,"logRD"
"Carex_nigra",0.0013082921161352,0.172946239349867,0.0821826455567977,-1.09006221123726,-1.09006221123726,0.237595931156802,"NMAM",FALSE,"logRD"
"Carex_moorcroftii",0.0013082921161352,0.172946239349867,0.0821826455567977,-1.09006221123726,-1.09006221123726,0.237595931156802,"NMAM",FALSE,"logRD"
"Carex_flacca",0.0013082921161352,0.172946239349867,0.0821826455567977,-1.09006221123726,-1.09006221123726,0.237595931156802,"NMAM",FALSE,"logRD"
"Carex_obtusata",0.0013082921161352,0.172946239349867,0.0821826455567977,-1.09006221123726,-1.09006221123726,0.237595931156802,"NMAM",FALSE,"logRD"
"Trichophorum_cespitosum",0.0013082921161352,0.172946239349867,0.0821826455567977,-1.09006221123726,-1.09006221123726,0.237595931156802,"NMAM",FALSE,"logRD"
"Cyperus_difformis",0.0013082921161352,0.172946239349867,0.0821826455567977,-1.09006221123728,-1.09006221123728,0.237595931156802,"NMAM",FALSE,"logRD"
"Gahnia_xanthocarpa",0.0013082921161352,0.172946239349867,0.0821826455567977,-1.09006221123726,-1.09006221123726,0.237595931156802,"NMAM",FALSE,"logRD"
"Gahnia_procera",0.0013082921161352,0.172946239349867,0.0821826455567977,-1.09006221123726,-1.09006221123726,0.237595931156802,"NMAM",FALSE,"logRD"
"Juncus_effusus",0.0013082921161352,0.172946239349867,0.0821826455567977,-1.09006221123726,-1.09006221123726,0.237595931156802,"NMAM",FALSE,"logRD"
"Luzula_sylvatica",0.0013082921161352,0.172946239349867,0.0821826455567977,-1.09006221123726,-1.09006221123726,0.237595931156802,"NMAM",FALSE,"logRD"
"Alpinia_japonica",0.0013082921161352,0.172946239349867,0.0821826455567977,-1.09006221123726,-1.09006221123726,0.237595931156802,"AM",FALSE,"logRD"
"Rhopalostylis_sapida",0.0013082921161352,0.172946239349867,0.0821826455567977,-1.09006221123726,-1.09006221123726,0.237595931156802,"AM",FALSE,"logRD"
"Cocos_nucifera",0.0013082921161352,0.172946239349867,0.0821826455567977,-1.09006221123726,-1.09006221123726,0.237595931156802,"AM",FALSE,"logRD"
"Caryota_maxima",0.0013082921161352,0.172946239349867,0.0821826455567977,-1.09006221123726,-1.09006221123726,0.237595931156802,"AM",FALSE,"logRD"
"Calamus_rhabdocladus",0.0013082921161352,0.172946239349867,0.0821826455567977,-1.09006221123726,-1.09006221123726,0.237595931156802,"AM",FALSE,"logRD"
"Smilax_trinervula",0.0013082921161352,0.172946239349867,0.0821826455567977,-1.09006221123726,-1.09006221123726,0.237595931156802,"AM",FALSE,"logRD"
"Smilax_aspera",0.0013082921161352,0.172946239349867,0.0821826455567977,-1.09006221123726,-1.09006221123726,0.237595931156802,"AM",FALSE,"logRD"
"Veratrum_nigrum",0.0013082921161352,0.172946239349867,0.0821826455567977,-1.09006221123726,-1.09006221123726,0.237595931156802,"AM",FALSE,"logRD"
"Toxicoscordion_venenosum",0.0013082921161352,0.172946239349867,0.0821826455567977,-1.09006221123726,-1.09006221123726,0.237595931156802,"AM",FALSE,"logRD"
"Dioscorea_nipponica",0.0013082921161352,0.172946239349867,0.0821826455567977,-1.09006221123726,-1.09006221123726,0.237595931156802,"AM",FALSE,"logRD"
"Goniothalamus_griffithii",0.0013082921161352,0.172946239349867,0.0821826455567977,-1.09006221123726,-1.09006221123726,0.237595931156802,"AM",FALSE,"logRD"
"Asimina_triloba",0.0013082921161352,0.172946239349867,0.0821826455567977,-1.09006221123726,-1.09006221123726,0.237595931156802,"AM",FALSE,"logRD"
"Orophea_creaghii",0.0013082921161352,0.172946239349867,0.0821826455567977,-1.09006221123726,-1.09006221123726,0.237595931156802,"AM",FALSE,"logRD"
"Anaxagorea_javanica",0.0013082921161352,0.172946239349867,0.0821826455567977,-1.09006221123726,-1.09006221123726,0.237595931156802,"AM",FALSE,"logRD"
"Magnolia_carsonii",0.0013082921161352,0.172946239349867,0.0821826455567977,-1.09006221123726,-1.09006221123726,0.237595931156802,"AM",FALSE,"logRD"
"Magnolia_yuyuanensis",0.0013082921161352,0.172946239349867,0.0821826455567977,-1.09006221123726,-1.09006221123726,0.237595931156802,"AM",FALSE,"logRD"
"Magnolia_yunnanensis",0.0013082921161352,0.172946239349867,0.0821826455567977,-1.09006221123726,-1.09006221123726,0.237595931156802,"AM",FALSE,"logRD"
"Magnolia_virginiana",0.0013082921161352,0.172946239349867,0.0821826455567977,-1.09006221123726,-1.09006221123726,0.237595931156802,"AM",FALSE,"logRD"
"Magnolia_tripetala",0.0013082921161352,0.172946239349867,0.0821826455567977,-1.09006221123726,-1.09006221123726,0.237595931156802,"AM",FALSE,"logRD"
"Magnolia_stellata",0.0013082921161352,0.172946239349867,0.0821826455567977,-1.09006221123726,-1.09006221123726,0.237595931156802,"AM",FALSE,"logRD"
"Magnolia_opipara",0.0013082921161352,0.172946239349867,0.0821826455567977,-1.09006221123726,-1.09006221123726,0.237595931156802,"AM",FALSE,"logRD"
"Magnolia_macrophylla",0.0013082921161352,0.172946239349867,0.0821826455567977,-1.09006221123726,-1.09006221123726,0.237595931156795,"AM",FALSE,"logRD"
"Magnolia_lotungensis",0.0013082921161352,0.172946239349867,0.0821826455567977,-1.09006221123726,-1.09006221123726,0.237595931156802,"AM",FALSE,"logRD"
"Magnolia_kobus",0.0013082921161352,0.172946239349867,0.0821826455567977,-1.09006221123726,-1.09006221123726,0.237595931156802,"AM",FALSE,"logRD"
"Magnolia_grandiflora",0.0013082921161352,0.172946239349867,0.0821826455567977,-1.09006221123726,-1.09006221123726,0.237595931156802,"AM",FALSE,"logRD"
"Magnolia_denudata",0.0013082921161352,0.172946239349867,0.0821826455567977,-1.09006221123726,-1.09006221123726,0.237595931156802,"AM",FALSE,"logRD"
"Magnolia_championii",0.0013082921161352,0.172946239349867,0.0821826455567977,-1.09006221123726,-1.09006221123726,0.237595931156795,"AM",FALSE,"logRD"
"Magnolia_cavaleriei",0.0013082921161352,0.172946239349867,0.0821826455567977,-1.09006221123726,-1.09006221123726,0.237595931156802,"AM",FALSE,"logRD"
"Magnolia_acuminata",0.0013082921161352,0.172946239349867,0.0821826455567977,-1.09006221123726,-1.09006221123726,0.237595931156802,"AM",FALSE,"logRD"
"Magnolia_fulva",0.0013082921161352,0.172946239349867,0.0821826455567977,-1.09006221123726,-1.09006221123726,0.237595931156802,"AM",FALSE,"logRD"
"Magnolia_champaca",0.0013082921161352,0.172946239349867,0.0821826455567977,-1.09006221123726,-1.09006221123726,0.237595931156802,"AM",FALSE,"logRD"
"Magnolia_macclurei",0.0013082921161352,0.172946239349867,0.0821826455567977,-1.09006221123726,-1.09006221123726,0.237595931156802,"AM",FALSE,"logRD"
"Magnolia_baillonii",0.0013082921161352,0.172946239349867,0.0821826455567977,-1.09006221123726,-1.09006221123726,0.237595931156802,"AM",FALSE,"logRD"
"Magnolia_balansae",0.0013082921161352,0.172946239349867,0.0821826455567977,-1.09006221123726,-1.09006221123726,0.237595931156802,"AM",FALSE,"logRD"
"Magnolia_ernestii",0.0013082921161352,0.172946239349867,0.0821826455567977,-1.09006221123726,-1.09006221123726,0.237595931156802,"AM",FALSE,"logRD"
"Magnolia_chapensis",0.0013082921161352,0.172946239349867,0.0821826455567977,-1.09006221123726,-1.09006221123726,0.237595931156802,"AM",FALSE,"logRD"
"Magnolia_odora",0.0013082921161352,0.172946239349867,0.0821826455567977,-1.09006221123726,-1.09006221123726,0.237595931156802,"AM",FALSE,"logRD"
"Magnolia_maudiae",0.0013082921161352,0.172946239349867,0.0821826455567977,-1.09006221123726,-1.09006221123726,0.237595931156802,"AM",FALSE,"logRD"
"Magnolia_dandyi",0.0013082921161352,0.172946239349867,0.0821826455567977,-1.09006221123726,-1.09006221123726,0.237595931156802,"AM",FALSE,"logRD"
"Manglietia_paruicula",0.0013082921161352,0.172946239349867,0.0821826455567977,-1.09006221123726,-1.09006221123726,0.237595931156802,"AM",FALSE,"logRD"
"Liriodendron_chinense",0.0013082921161352,0.172946239349867,0.0821826455567977,-1.09006221123726,-1.09006221123726,0.237595931156802,"AM",FALSE,"logRD"
"Liriodendron_tulipifera",0.0013082921161352,0.172946239349867,0.0821826455567977,-1.09006221123726,-1.09006221123726,0.237595931156802,"AM",FALSE,"logRD"
"Knema_erratica",0.0013082921161352,0.172946239349867,0.0821826455567977,-1.09006221123726,-1.09006221123726,0.237595931156802,"AM",FALSE,"logRD"
"Ocotea_lancifolia",0.0013082921161352,0.172946239349867,0.0821826455567977,-1.09006221123726,-1.09006221123726,0.237595931156802,"AM",FALSE,"logRD"
"Cinnamomum_subcuneatum",0.0013082921161352,0.172946239349867,0.0821826455567977,-1.09006221123726,-1.09006221123726,0.237595931156802,"AM",FALSE,"logRD"
"Cinnamomum_austrosinense",0.0013082921161352,0.172946239349867,0.0821826455567977,-1.09006221123726,-1.09006221123726,0.237595931156802,"AM",FALSE,"logRD"
"Cinnamomum_chekiangense",0.0013082921161352,0.172946239349867,0.0821826455567977,-1.09006221123726,-1.09006221123726,0.237595931156802,"AM",FALSE,"logRD"
"Cinnamomum_tenuifolium",0.0013082921161352,0.172946239349867,0.0821826455567977,-1.09006221123726,-1.09006221123726,0.237595931156802,"AM",FALSE,"logRD"
"Cinnamomum_camphora",0.0013082921161352,0.172946239349867,0.0821826455567977,-1.09006221123726,-1.09006221123726,0.237595931156802,"AM",FALSE,"logRD"
"Cinnamomum_porrectum",0.0013082921161352,0.172946239349867,0.0821826455567977,-1.09006221123726,-1.09006221123726,0.237595931156802,"AM",FALSE,"logRD"
"Cinnamomum_micranthum",0.0013082921161352,0.172946239349867,0.0821826455567977,-1.09006221123726,-1.09006221123726,0.237595931156802,"AM",FALSE,"logRD"
"Sassafras_albidum",0.0013082921161352,0.172946239349867,0.0821826455567977,-1.09006221123726,-1.09006221123726,0.237595931156802,"NMAM",FALSE,"logRD"
"Litsea_baviensis",0.0013082921161352,0.172946239349867,0.0821826455567977,-1.09006221123726,-1.09006221123726,0.237595931156802,"AM",FALSE,"logRD"
"Litsea_elongata",0.0013082921161352,0.172946239349867,0.0821826455567977,-1.09006221123726,-1.09006221123726,0.237595931156802,"AM",FALSE,"logRD"
"Litsea_verticillata",0.0013082921161352,0.172946239349867,0.0821826455567977,-1.09006221123726,-1.09006221123726,0.237595931156802,"AM",FALSE,"logRD"
"Litsea_cubeba",0.0013082921161352,0.172946239349867,0.0821826455567977,-1.09006221123726,-1.09006221123726,0.237595931156802,"AM",FALSE,"logRD"
"Litsea_ichangensis",0.0013082921161352,0.172946239349867,0.0821826455567977,-1.09006221123726,-1.09006221123726,0.237595931156802,"AM",FALSE,"logRD"
"Neolitsea_phanerophlebia",0.0013082921161352,0.172946239349867,0.0821826455567977,-1.09006221123726,-1.09006221123726,0.237595931156802,"AM",FALSE,"logRD"
"Cinnamomum_cassia",0.0013082921161352,0.172946239349867,0.0821826455567977,-1.09006221123726,-1.09006221123726,0.237595931156802,"AM",FALSE,"logRD"
"Lindera_communis",0.0013082921161352,0.172946239349867,0.0821826455567977,-1.09006221123726,-1.09006221123726,0.237595931156802,"AM",FALSE,"logRD"
"Lindera_obtusiloba",0.0013082921161352,0.172946239349867,0.0821826455567977,-1.09006221123726,-1.09006221123726,0.237595931156802,"AM",FALSE,"logRD"
"Lindera_benzoin",0.0013082921161352,0.172946239349867,0.0821826455567977,-1.09006221123726,-1.09006221123726,0.237595931156802,"AM",FALSE,"logRD"
"Machilus_kwangtungensis",0.0013082921161352,0.172946239349867,0.0821826455567977,-1.09006221123726,-1.09006221123726,0.237595931156802,"AM",FALSE,"logRD"
"Machilus_breviflora",0.0013082921161352,0.172946239349867,0.0821826455567977,-1.09006221123726,-1.09006221123726,0.237595931156802,"AM",FALSE,"logRD"
"Machilus_robusta",0.0013082921161352,0.172946239349867,0.0821826455567977,-1.09006221123726,-1.09006221123726,0.237595931156802,"AM",FALSE,"logRD"
"Machilus_shweliensis",0.0013082921161352,0.172946239349867,0.0821826455567977,-1.09006221123726,-1.09006221123726,0.237595931156802,"AM",FALSE,"logRD"
"Machilus_oculodracontis",0.0013082921161352,0.172946239349867,0.0821826455567977,-1.09006221123726,-1.09006221123726,0.237595931156802,"AM",FALSE,"logRD"
"Machilus_velutina",0.0013082921161352,0.172946239349867,0.0821826455567977,-1.09006221123726,-1.09006221123726,0.237595931156802,"AM",FALSE,"logRD"
"Machilus_nanmu",0.0013082921161352,0.172946239349867,0.0821826455567977,-1.09006221123726,-1.09006221123726,0.237595931156802,"AM",FALSE,"logRD"
"Persea_americana",0.0013082921161352,0.172946239349867,0.0821826455567977,-1.09006221123726,-1.09006221123726,0.237595931156802,"AM",FALSE,"logRD"
"Beilschmiedia_tarairi",0.0013082921161352,0.172946239349867,0.0821826455567977,-1.09006221123726,-1.09006221123726,0.237595931156802,"AM",FALSE,"logRD"
"Beilschmiedia_tawa",0.0013082921161352,0.172946239349867,0.0821826455567977,-1.09006221123726,-1.09006221123726,0.237595931156802,"AM",FALSE,"logRD"
"Cryptocarya_concinna",0.0013082921161352,0.172946239349867,0.0821826455567977,-1.09006221123726,-1.09006221123726,0.237595931156802,"AM",FALSE,"logRD"
"Cryptocarya_chinensis",0.0013082921161352,0.172946239349867,0.0821826455567977,-1.09006221123726,-1.09006221123726,0.237595931156802,"AM",FALSE,"logRD"
"Hedycarya_arborea",0.0013082921161352,0.172946239349867,0.0821826455567977,-1.09006221123726,-1.09006221123726,0.237595931156802,"AM",FALSE,"logRD"
"Laurelia_novae-zelandiae",0.0013082921161352,0.172946239349867,0.0821826455567977,-1.09006221123726,-1.09006221123726,0.237595931156802,"AM",FALSE,"logRD"
"Pseudowintera_colorata",0.0013082921161352,0.172946239349867,0.0821826455567977,-1.09006221123726,-1.09006221123726,0.237595931156802,"AM",FALSE,"logRD"
"Chloranthus_henryi",0.0013082921161352,0.172946239349867,0.0821826455567977,-1.09006221123726,-1.09006221123726,0.237595931156802,"AM",FALSE,"logRD"
"Sarcandra_glabra",0.0013082921161352,0.172946239349867,0.0821826455567977,-1.09006221123726,-1.09006221123726,0.237595931156802,"AM",FALSE,"logRD"
"Ascarina_lucida",0.0013082921161352,0.172946239349867,0.0821826455567977,-1.09006221123726,-1.09006221123726,0.237595931156802,"AM",FALSE,"logRD"
"Podocarpus_gibbsii",0.0013082921161352,0.172946239349867,0.0821826455567977,-1.09006221123726,-1.09006221123726,0.237595931156809,"AM",FALSE,"logRD"
"Podocarpus_chinensis",0.0013082921161352,0.172946239349867,0.0821826455567977,-1.09006221123726,-1.09006221123726,0.237595931156802,"AM",FALSE,"logRD"
"Podocarpus_neriifolius",0.0013082921161352,0.172946239349867,0.0821826455567977,-1.09006221123726,-1.09006221123726,0.237595931156802,"AM",FALSE,"logRD"
"Podocarpus_totara",0.0013082921161352,0.172946239349867,0.0821826455567977,-1.09006221123726,-1.09006221123726,0.237595931156802,"AM",FALSE,"logRD"
"Podocarpus_cunninghamii",0.0013082921161352,0.172946239349867,0.0821826455567977,-1.09006221123726,-1.09006221123726,0.237595931156802,"AM",FALSE,"logRD"
"Afrocarpus_falcatus",0.0013082921161352,0.172946239349867,0.0821826455567977,-1.09006221123726,-1.09006221123726,0.237595931156809,"AM",FALSE,"logRD"
"Dacrydium_pectinatum",0.0013082921161352,0.172946239349867,0.0821826455567977,-1.09006221123726,-1.09006221123726,0.237595931156809,"AM",FALSE,"logRD"
"Dacrydium_gracile",0.0013082921161352,0.172946239349867,0.0821826455567977,-1.09006221123726,-1.09006221123726,0.237595931156802,"AM",FALSE,"logRD"
"Dacrydium_cupressinum",0.0013082921161352,0.172946239349867,0.0821826455567977,-1.09006221123726,-1.09006221123726,0.237595931156802,"AM",FALSE,"logRD"
"Dacrycarpus_imbricatus",0.0013082921161352,0.172946239349867,0.0821826455567977,-1.09006221123726,-1.09006221123726,0.237595931156809,"AM",FALSE,"logRD"
"Dacrycarpus_dacrydioides",0.0013082921161352,0.172946239349867,0.0821826455567977,-1.09006221123726,-1.09006221123726,0.237595931156809,"AM",FALSE,"logRD"
"Phyllocladus_hypophyllus",0.0013082921161352,0.172946239349867,0.0821826455567977,-1.09006221123726,-1.09006221123726,0.237595931156809,"AM",FALSE,"logRD"
"Phyllocladus_trichomanoides",0.0013082921161352,0.172946239349867,0.0821826455567977,-1.09006221123726,-1.09006221123726,0.237595931156809,"AM",FALSE,"logRD"
"Lepidothamnus_intermedius",0.0013082921161352,0.172946239349867,0.0821826455567977,-1.09006221123726,-1.09006221123726,0.237595931156809,"AM",FALSE,"logRD"
"Halocarpus_kirkii",0.0013082921161352,0.172946239349867,0.0821826455567977,-1.09006221123726,-1.09006221123726,0.237595931156809,"AM",FALSE,"logRD"
"Halocarpus_biformis",0.0013082921161352,0.172946239349867,0.0821826455567977,-1.09006221123726,-1.09006221123726,0.237595931156809,"AM",FALSE,"logRD"
"Prumnopitys_ferruginea",0.0013082921161352,0.172946239349867,0.0821826455567977,-1.09006221123726,-1.09006221123726,0.237595931156809,"AM",FALSE,"logRD"
"Prumnopitys_taxifolia",0.0013082921161352,0.172946239349867,0.0821826455567977,-1.09006221123726,-1.09006221123726,0.237595931156809,"AM",FALSE,"logRD"
"Manoao_colensoi",0.0013082921161352,0.172946239349867,0.0821826455567977,-1.09006221123726,-1.09006221123726,0.237595931156809,"AM",FALSE,"logRD"
"Agathis_kinabaluensis",0.0013082921161352,0.172946239349867,0.0821826455567977,-1.09006221123726,-1.09006221123726,0.237595931156809,"AM",FALSE,"logRD"
"Agathis_australis",0.0013082921161352,0.172946239349867,0.0821826455567977,-1.09006221123726,-1.09006221123726,0.237595931156809,"AM",FALSE,"logRD"
"Juniperus_sabina",0.0013082921161352,0.172946239349867,0.0821826455567977,-1.09006221123726,-1.09006221123726,0.237595931156809,"AM",FALSE,"logRD"
"Juniperus_monosperma",0.0013082921161352,0.172946239349867,0.0821826455567977,-1.09006221123726,-1.09006221123726,0.237595931156809,"AM",FALSE,"logRD"
"Juniperus_phoenicea",0.0013082921161352,0.172946239349867,0.0821826455567977,-1.09006221123726,-1.09006221123726,0.237595931156809,"AM",FALSE,"logRD"
"Cupressus_funebris",0.0013082921161352,0.172946239349867,0.0821826455567977,-1.09006221123726,-1.09006221123726,0.237595931156809,"AM",FALSE,"logRD"
"Platycladus_orientalis",0.0013082921161352,0.172946239349867,0.0821826455567977,-1.09006221123726,-1.09006221123726,0.237595931156809,"AM",FALSE,"logRD"
"Chamaecyparis_obtusa",0.0013082921161352,0.172946239349867,0.0821826455567977,-1.09006221123726,-1.09006221123726,0.237595931156809,"AM",FALSE,"logRD"
"Thuja_occidentalis",0.0013082921161352,0.172946239349867,0.0821826455567977,-1.09006221123726,-1.09006221123726,0.237595931156809,"AM",FALSE,"logRD"
"Cryptomeria_japonica",0.0013082921161352,0.172946239349867,0.0821826455567977,-1.09006221123726,-1.09006221123726,0.237595931156809,"AM",FALSE,"logRD"
"Cunninghamia_lanceolata",0.0013082921161352,0.172946239349867,0.0821826455567977,-1.09006221123726,-1.09006221123726,0.237595931156809,"AM",FALSE,"logRD"
"Pinus_taeda",0.0013082921161352,0.172946239349867,0.0821826455567977,-1.09006221123726,-1.09006221123726,0.237595931156809,"EcM",FALSE,"logRD"
"Pinus_pungens",0.0013082921161352,0.172946239349867,0.0821826455567977,-1.09006221123726,-1.09006221123726,0.237595931156809,"EcM",FALSE,"logRD"
"Pinus_palustris",0.0013082921161352,0.172946239349867,0.0821826455567977,-1.09006221123726,-1.09006221123726,0.237595931156809,"EcM",FALSE,"logRD"
"Pinus_elliottii",0.0013082921161352,0.172946239349867,0.0821826455567977,-1.09006221123726,-1.09006221123726,0.237595931156809,"EcM",FALSE,"logRD"
"Pinus_virginiana",0.0013082921161352,0.172946239349867,0.0821826455567977,-1.09006221123726,-1.09006221123726,0.237595931156809,"EcM",FALSE,"logRD"
"Pinus_sylvestris",0.0013082921161352,0.172946239349867,0.0821826455567977,-1.09006221123726,-1.09006221123726,0.237595931156809,"EcM",FALSE,"logRD"
"Pinus_nigra",0.0013082921161352,0.172946239349867,0.0821826455567977,-1.09006221123726,-1.09006221123726,0.237595931156809,"EcM",FALSE,"logRD"
"Pinus_resinosa",0.0013082921161352,0.172946239349867,0.0821826455567977,-1.09006221123726,-1.09006221123726,0.237595931156809,"EcM",FALSE,"logRD"
"Pinus_massoniana",0.0013082921161352,0.172946239349867,0.0821826455567977,-1.09006221123726,-1.09006221123726,0.237595931156809,"EcM",FALSE,"logRD"
"Pinus_tabuliformis",0.0013082921161352,0.172946239349867,0.0821826455567977,-1.09006221123726,-1.09006221123726,0.237595931156809,"EcM",FALSE,"logRD"
"Pinus_pinea",0.0013082921161352,0.172946239349867,0.0821826455567977,-1.09006221123726,-1.09006221123726,0.237595931156809,"EcM",FALSE,"logRD"
"Pinus_pinaster",0.0013082921161352,0.172946239349867,0.0821826455567977,-1.09006221123726,-1.09006221123726,0.237595931156809,"EcM",FALSE,"logRD"
"Pinus_armandii",0.0013082921161352,0.172946239349867,0.0821826455567977,-1.09006221123726,-1.09006221123726,0.237595931156809,"EcM",FALSE,"logRD"
"Pinus_koraiensis",0.0013082921161352,0.172946239349867,0.0821826455567977,-1.09006221123726,-1.09006221123726,0.237595931156809,"EcM",FALSE,"logRD"
"Pinus_pumila",0.0013082921161352,0.172946239349867,0.0821826455567977,-1.09006221123726,-1.09006221123726,0.237595931156809,"EcM",FALSE,"logRD"
"Pinus_strobus",0.0013082921161352,0.172946239349867,0.0821826455567977,-1.09006221123726,-1.09006221123726,0.237595931156809,"EcM",FALSE,"logRD"
"Pinus_edulis",0.0013082921161352,0.172946239349867,0.0821826455567977,-1.09006221123726,-1.09006221123726,0.237595931156809,"EcM",FALSE,"logRD"
"Picea_koraiensis",0.0013082921161352,0.172946239349867,0.0821826455567977,-1.09006221123726,-1.09006221123726,0.237595931156809,"EcM",FALSE,"logRD"
"Picea_meyeri",0.0013082921161352,0.172946239349867,0.0821826455567977,-1.09006221123726,-1.09006221123726,0.237595931156809,"EcM",FALSE,"logRD"
"Picea_abies",0.0013082921161352,0.172946239349867,0.0821826455567977,-1.09006221123726,-1.09006221123726,0.237595931156809,"EcM",FALSE,"logRD"
"Picea_wilsonii",0.0013082921161352,0.172946239349867,0.0821826455567977,-1.09006221123726,-1.09006221123726,0.237595931156809,"EcM",FALSE,"logRD"
"Picea_rubens",0.0013082921161352,0.172946239349867,0.0821826455567977,-1.09006221123726,-1.09006221123726,0.237595931156809,"EcM",FALSE,"logRD"
"Picea_glauca",0.0013082921161352,0.172946239349867,0.0821826455567977,-1.09006221123726,-1.09006221123726,0.237595931156809,"EcM",FALSE,"logRD"
"Larix_gmelinii",0.0013082921161352,0.172946239349867,0.0821826455567977,-1.09006221123726,-1.09006221123726,0.237595931156809,"EcM",FALSE,"logRD"
"Larix_decidua",0.0013082921161352,0.172946239349867,0.0821826455567977,-1.09006221123726,-1.09006221123726,0.237595931156809,"EcM",FALSE,"logRD"
"Larix_kaempferi",0.0013082921161352,0.172946239349867,0.0821826455567977,-1.09006221123726,-1.09006221123726,0.237595931156809,"EcM",FALSE,"logRD"
"Pseudotsuga_menziesii",0.0013082921161352,0.172946239349867,0.0821826455567977,-1.09006221123726,-1.09006221123726,0.237595931156809,"EcM",FALSE,"logRD"
"Abies_fargesii",0.0013082921161352,0.172946239349867,0.0821826455567977,-1.09006221123726,-1.09006221123726,0.237595931156809,"EcM",FALSE,"logRD"
"Abies_nephrolepis",0.0013082921161352,0.172946239349867,0.0821826455567977,-1.09006221123726,-1.09006221123726,0.237595931156809,"EcM",FALSE,"logRD"
"Abies_alba",0.0013082921161352,0.172946239349867,0.0821826455567977,-1.09006221123726,-1.09006221123726,0.237595931156809,"EcM",FALSE,"logRD"
"Tsuga_canadensis",0.0013082921161352,0.172946239349867,0.0821826455567977,-1.09006221123726,-1.09006221123726,0.237595931156809,"EcM",FALSE,"logRD"
"Ephedra_fragilis",0.0013082921161352,0.172946239349867,0.0821826455567977,-1.09006221123726,-1.09006221123726,0.237595931156795,"AM",FALSE,"logRD"
"Gnetum_gnemon",0.00130829211613651,0.172946239349867,0.0821826455567977,-1.09006221123726,-1.09006221123726,0.237595931156795,"EcM",FALSE,"logRD"
"Ginkgo_biloba",0.0013082921161352,0.172946239349867,0.0821826455567977,-1.09006221123726,-1.09006221123726,0.237595931156802,"AM",FALSE,"logRD"
"Dryopteris_sparsa",0.0013082921161352,0.172946239349867,0.0821826455567977,-1.09006221123726,-1.09006221123726,0.237595931156802,"AM",FALSE,"logRD"
"Dryopteris_lepidopoda",0.0013082921161352,0.172946239349867,0.0821826455567977,-1.09006221123726,-1.09006221123726,0.237595931156809,"AM",FALSE,"logRD"
"Polystichum_chilense",0.0013082921161352,0.172946239349867,0.0821826455567977,-1.09006221123726,-1.09006221123726,0.237595931156802,"AM",FALSE,"logRD"
"Blechnum_procerum",0.0013082921161352,0.172946239349867,0.0821826455567977,-1.09006221123726,-1.09006221123726,0.237595931156802,"AM",FALSE,"logRD"
"Blechnum_novae-zelandiae",0.0013082921161352,0.172946239349867,0.0821826455567977,-1.09006221123726,-1.09006221123726,0.237595931156802,"AM",FALSE,"logRD"
"Blechnum_fluviatile",0.0013082921161352,0.172946239349867,0.0821826455567977,-1.09006221123726,-1.09006221123726,0.237595931156802,"AM",FALSE,"logRD"
"Blechnum_discolor",0.0013082921161352,0.172946239349867,0.0821826455567977,-1.09006221123726,-1.09006221123726,0.237595931156802,"AM",FALSE,"logRD"
"Blechnum_chambersii",0.0013082921161352,0.172946239349867,0.0821826455567977,-1.09006221123726,-1.09006221123726,0.237595931156802,"AM",FALSE,"logRD"
"Blechnum_orientale",0.0013082921161352,0.172946239349867,0.0821826455567977,-1.09006221123726,-1.09006221123726,0.237595931156802,"AM",FALSE,"logRD"
"Onoclea_sensibilis",0.0013082921161352,0.172946239349867,0.0821826455567977,-1.09006221123726,-1.09006221123726,0.237595931156802,"AM",FALSE,"logRD"
"Matteuccia_struthiopteris",0.0013082921161352,0.172946239349867,0.0821826455567977,-1.09006221123726,-1.09006221123726,0.237595931156802,"AM",FALSE,"logRD"
"Athyrium_spinulosum",0.0013082921161352,0.172946239349867,0.0821826455567977,-1.09006221123726,-1.09006221123726,0.237595931156802,"AM",FALSE,"logRD"
"Athyrium_sinense",0.0013082921161352,0.172946239349867,0.0821826455567977,-1.09006221123726,-1.09006221123726,0.237595931156802,"AM",FALSE,"logRD"
"Athyrium_multidentatum",0.0013082921161352,0.172946239349867,0.0821826455567977,-1.09006221123726,-1.09006221123726,0.237595931156802,"AM",FALSE,"logRD"
"Cystopteris_sudetica",0.0013082921161352,0.172946239349867,0.0821826455567977,-1.09006221123726,-1.09006221123726,0.237595931156802,"AM",FALSE,"logRD"
"Asplenium_bulbiferum",0.0013082921161352,0.172946239349867,0.0821826455567977,-1.09006221123726,-1.09006221123726,0.237595931156802,"NMAM",FALSE,"logRD"
"Pteridium_aquilinum",0.0013082921161352,0.172946239349867,0.0821826455567977,-1.09006221123726,-1.09006221123726,0.237595931156802,"AM",FALSE,"logRD"
"Adiantum_pedatum",0.0013082921161352,0.172946239349867,0.0821826455567977,-1.09006221123726,-1.09006221123726,0.237595931156802,"AM",FALSE,"logRD"
"Cyathea_smithii",0.0013082921161352,0.172946239349867,0.0821826455567977,-1.09006221123726,-1.09006221123726,0.237595931156802,"AM",FALSE,"logRD"
"Cyathea_medullaris",0.0013082921161352,0.172946239349867,0.0821826455567977,-1.09006221123726,-1.09006221123726,0.237595931156809,"AM",FALSE,"logRD"
"Cyathea_dealbata",0.0013082921161352,0.172946239349867,0.0821826455567977,-1.09006221123726,-1.09006221123726,0.237595931156802,"AM",FALSE,"logRD"
"Dicksonia_squarrosa",0.0013082921161352,0.172946239349867,0.0821826455567977,-1.09006221123726,-1.09006221123726,0.237595931156802,"AM",FALSE,"logRD"
"Cibotium_barometz",0.0013082921161352,0.172946239349867,0.0821826455567977,-1.09006221123726,-1.09006221123726,0.237595931156802,"AM",FALSE,"logRD"
"Sticherus_cunninghamii",0.0013082921161352,0.172946239349867,0.0821826455567977,-1.09006221123726,-1.09006221123726,0.237595931156809,"AM",FALSE,"logRD"
"Gleichenia_microphylla",0.0013082921161352,0.172946239349867,0.0821826455567977,-1.09006221123726,-1.09006221123726,0.237595931156795,"AM",FALSE,"logRD"
"Dicranopteris_pedata",0.0013082921161352,0.172946239349867,0.0821826455567977,-1.09006221123726,-1.09006221123726,0.237595931156809,"AM",FALSE,"logRD"
"Dicranopteris_linearis",0.0013082921161352,0.172946239349867,0.0821826455567977,-1.09006221123726,-1.09006221123726,0.237595931156802,"AM",FALSE,"logRD"
"Osmunda_japonica",0.0013082921161352,0.172946239349867,0.0821826455567977,-1.09006221123726,-1.09006221123726,0.237595931156802,"AM",FALSE,"logRD"
"Equisetum_hyemale",0.0013082921161352,0.172946239349867,0.0821826455567977,-1.09006221123726,-1.09006221123726,0.237595931156802,"NMAM",FALSE,"logRD"
"Equisetum_pratense",0.0013082921161352,0.172946239349867,0.0821826455567977,-1.09006221123726,-1.09006221123726,0.237595931156802,"NMAM",FALSE,"logRD"
"Lycopodium_volubile",0.0013082921161352,0.172946239349867,0.0821826455567977,-1.09006221123726,-1.09006221123726,0.237595931156802,"NMAM",FALSE,"logRD"
"Rudbeckia_hirta",0.00139741135840537,0.0645429636932133,0.172946239349867,3.72459082629214,3.72459082629487,1.33977609218502,"AM",TRUE,"logSRL"
"Ratibida_pinnata",0.00139741135840537,0.0645429636932133,0.172946239349867,3.72459082629214,3.72459082629487,1.33977609218503,"AM",TRUE,"logSRL"
"Heliopsis_helianthoides",0.000235660924571089,0.0645429636932133,0.172946239349867,5.07600172226667,4.68328381441635,1.33977609218503,"NM",TRUE,"logSRL"
"Liatris_aspera",0.00139741135840537,0.0645429636932133,0.172946239349867,3.72459082629214,3.72459082629487,1.33977609218502,"AM",TRUE,"logSRL"
"Arnica_sororia",0.00139741135840537,0.0645429636932133,0.172946239349867,3.72459082629214,3.72459082629487,1.33977609218502,"AM",TRUE,"logSRL"
"Arnica_fulgens",0.00139741135840537,0.0645429636932133,0.172946239349867,3.72459082629214,3.72459082629487,1.33977609218502,"AM",TRUE,"logSRL"
"Hymenoxys_richardsonii",0.00111604698386932,0.0645429636932133,0.172946239349867,4.19972002597252,3.88147256009182,1.33977609218502,"NMAM",TRUE,"logSRL"
"Helianthus_agrestis",0.00139741135840537,0.0645429636932133,0.172946239349867,3.72459082629214,3.72459082629487,1.33977609218503,"AM",TRUE,"logSRL"
"Helianthus_grosseserratus",0.00139741135840537,0.0645429636932133,0.172946239349867,3.72459082629214,3.72459082629487,1.33977609218502,"AM",TRUE,"logSRL"
"Helianthus_giganteus",0.00139741135840537,0.0645429636932133,0.172946239349867,3.72459082629214,3.72459082629487,1.33977609218502,"AM",TRUE,"logSRL"
"Helianthus_maximiliani",0.00139741135840537,0.0645429636932133,0.172946239349867,3.72459082629214,3.72459082629487,1.33977609218502,"AM",TRUE,"logSRL"
"Helianthus_verticillatus",0.00139741135840537,0.0645429636932133,0.172946239349867,3.72459082629214,3.72459082629487,1.33977609218502,"AM",TRUE,"logSRL"
"Helianthus_salicifolius",0.00139741135840537,0.0645429636932133,0.172946239349867,3.72459082629214,3.72459082629487,1.33977609218502,"AM",TRUE,"logSRL"
"Pappobolus_microphyllus",0.00139741135840537,0.0645429636932133,0.172946239349867,3.72459082629214,3.72459082629487,1.33977609218502,"AM",TRUE,"logSRL"
"Helianthus_occidentalis",0.00139741135840537,0.0645429636932133,0.172946239349867,3.72459082629214,3.72459082629487,1.33977609218502,"AM",TRUE,"logSRL"
"Helianthus_mollis",0.00139741135840537,0.0645429636932133,0.172946239349867,3.72459082629214,3.72459082629487,1.33977609218502,"AM",TRUE,"logSRL"
"Helianthus_silphioides",0.00139741135840537,0.0645429636932133,0.172946239349867,3.72459082629214,3.72459082629487,1.33977609218502,"AM",TRUE,"logSRL"
"Helianthus_atrorubens",0.00139741135840537,0.0645429636932133,0.172946239349867,3.72459082629214,3.72459082629487,1.33977609218502,"AM",TRUE,"logSRL"
"Helianthus_longifolius",0.00139741135840537,0.0645429636932133,0.172946239349867,3.72459082629214,3.72459082629487,1.33977609218502,"AM",TRUE,"logSRL"
"Helianthus_angustifolius",0.00139741135840537,0.0645429636932133,0.172946239349867,3.72459082629214,3.72459082629487,1.33977609218502,"AM",TRUE,"logSRL"
"Helianthus_floridanus",0.00139741135840537,0.0645429636932133,0.172946239349867,3.72459082629214,3.72459082629487,1.33977609218502,"AM",TRUE,"logSRL"
"Helianthus_petiolaris",0.00139741135840537,0.0645429636932133,0.172946239349867,3.72459082629214,3.72459082629487,1.33977609218502,"AM",TRUE,"logSRL"
"Helianthus_neglectus",0.00139741135840537,0.0645429636932133,0.172946239349867,3.72459082629214,3.72459082629487,1.33977609218502,"AM",TRUE,"logSRL"
"Helianthus_niveus",0.00139741135840537,0.0645429636932133,0.172946239349867,3.72459082629214,3.72459082629487,1.33977609218502,"AM",TRUE,"logSRL"
"Helianthus_praecox",0.00139741135840537,0.0645429636932133,0.172946239349867,3.72459082629214,3.72459082629487,1.33977609218502,"AM",TRUE,"logSRL"
"Helianthus_debilis",0.00139741135840537,0.0645429636932133,0.172946239349867,3.72459082629214,3.72459082629487,1.33977609218502,"AM",TRUE,"logSRL"
"Helianthus_argophyllus",0.00139741135840537,0.0645429636932133,0.172946239349867,3.72459082629214,3.72459082629487,1.33977609218502,"AM",TRUE,"logSRL"
"Helianthus_annuus",0.00139741135840537,0.0645429636932133,0.172946239349867,3.72459082629214,3.72459082629487,1.33977609218502,"AM",TRUE,"logSRL"
"Helianthus_cusickii",0.00139741135840537,0.0645429636932133,0.172946239349867,3.72459082629214,3.72459082629487,1.33977609218502,"AM",TRUE,"logSRL"
"Helianthus_pauciflorus",0.00139741135840537,0.0645429636932133,0.172946239349867,3.72459082629214,3.72459082629487,1.33977609218502,"AM",TRUE,"logSRL"
"Helianthus_radula",0.00139741135840537,0.0645429636932133,0.172946239349867,3.72459082629214,3.72459082629487,1.33977609218502,"AM",TRUE,"logSRL"
"Helianthus_porteri",0.00139741135840537,0.0645429636932133,0.172946239349867,3.72459082629214,3.72459082629487,1.33977609218502,"AM",TRUE,"logSRL"
"Helianthus_carnosus",0.00139741135840537,0.0645429636932133,0.172946239349867,3.72459082629214,3.72459082629487,1.33977609218502,"AM",TRUE,"logSRL"
"Helianthus_heterophyllus",0.00139741135840537,0.0645429636932133,0.172946239349867,3.72459082629214,3.72459082629487,1.33977609218503,"AM",TRUE,"logSRL"
"Ambrosia_artemisiifolia",0.00139741135840537,0.0645429636932133,0.172946239349867,3.72459082629214,3.72459082629487,1.33977609218502,"AM",TRUE,"logSRL"
"Echinacea_serotina",0.00139741135840537,0.0645429636932133,0.172946239349867,3.72459082629214,3.72459082629487,1.33977609218502,"AM",TRUE,"logSRL"
"Eclipta_prostrata",0.00111604698386932,0.0645429636932133,0.172946239349867,4.19972002597252,3.85943481826645,1.33977609218502,"NMAM",TRUE,"logSRL"
"Coreopsis_palmata",0.00139741135840537,0.0645429636932133,0.172946239349867,3.72459082629214,3.72459082629487,1.33977609218502,"AM",TRUE,"logSRL"
"Helichrysum_italicum",0.000226500259659453,0.0645429636932133,0.172946239349867,4.31893437075217,3.76557532414871,1.33977609218502,"EcMAM",TRUE,"logSRL"
"Helichrysum_stoechas",0.000226500259659453,0.0645429636932133,0.172946239349867,4.31893437075217,3.76557532414871,1.33977609218502,"EcMAM",TRUE,"logSRL"
"Anaphalis_aureopunctata",0.00139741135840537,0.0645429636932133,0.172946239349867,3.72459082629214,3.72459082629487,1.33977609218502,"AM",TRUE,"logSRL"
"Anaphalis_hancockii",0.00139741135840537,0.0645429636932133,0.172946239349867,3.72459082629214,3.72459082629487,1.33977609218502,"AM",TRUE,"logSRL"
"Antennaria_parvifolia",0.00139741135840537,0.0645429636932133,0.172946239349867,3.72459082629214,3.72459082629487,1.33977609218502,"AM",TRUE,"logSRL"
"Antennaria_neglecta",0.00139741135840537,0.0645429636932133,0.172946239349867,3.72459082629214,3.72459082629487,1.33977609218502,"AM",TRUE,"logSRL"
"Leontopodium_nanum",0.00139741135840537,0.0645429636932133,0.172946239349867,3.72459082629214,3.72459082629487,1.33977609218502,"AM",TRUE,"logSRL"
"Inula_conyza",0.00139741135840537,0.0645429636932133,0.172946239349867,3.72459082629214,3.72459082629487,1.33977609218502,"AM",TRUE,"logSRL"
"Haplopappus_spinulosus",0.00139741135840537,0.0645429636932133,0.172946239349867,3.72459082629214,3.72459082629487,1.33977609218502,"AM",TRUE,"logSRL"
"Symphyotrichum_oolentangiense",0.00139741135840537,0.0645429636932133,0.172946239349867,3.72459082629214,3.72459082629487,1.33977609218502,"AM",TRUE,"logSRL"
"Symphyotrichum_falcatum",0.00139741135840537,0.0645429636932133,0.172946239349867,3.72459082629214,3.72459082629487,1.33977609218502,"AM",TRUE,"logSRL"
"Symphyotrichum_ciliolatum",0.00139741135840537,0.0645429636932133,0.172946239349867,3.72459082629214,3.72459082629487,1.33977609218502,"AM",TRUE,"logSRL"
"Symphyotrichum_puniceum",0.00139741135840537,0.0645429636932133,0.172946239349867,3.72459082629214,3.72459082629487,1.33977609218503,"AM",TRUE,"logSRL"
"Symphyotrichum_laeve",0.00139741135840537,0.0645429636932133,0.172946239349867,3.72459082629214,3.72459082629487,1.33977609218503,"AM",TRUE,"logSRL"
"Symphyotrichum_novae-angliae",0.00139741135840537,0.0645429636932133,0.172946239349867,3.72459082629214,3.72459082629487,1.33977609218503,"AM",TRUE,"logSRL"
"Symphyotrichum_ericoides",0.00139741135840537,0.0645429636932133,0.172946239349867,3.72459082629214,3.72459082629487,1.33977609218503,"AM",TRUE,"logSRL"
"Heterotheca_villosa",0.00139741135840537,0.0645429636932133,0.172946239349867,3.72459082629214,3.72459082629487,1.33977609218502,"AM",TRUE,"logSRL"
"Solidago_ptarmicoides",0.00139741135840537,0.0645429636932133,0.172946239349867,3.72459082629214,3.72459082629487,1.33977609218502,"AM",TRUE,"logSRL"
"Solidago_nemoralis",0.00139741135840537,0.0645429636932133,0.172946239349867,3.72459082629214,3.72459082629487,1.33977609218502,"AM",TRUE,"logSRL"
"Solidago_decurrens",0.00139741135840537,0.0645429636932133,0.172946239349867,3.72459082629214,3.72459082629487,1.33977609218502,"AM",TRUE,"logSRL"
"Solidago_speciosa",0.00139741135840537,0.0645429636932133,0.172946239349867,3.72459082629214,3.72459082629487,1.33977609218502,"AM",TRUE,"logSRL"
"Solidago_rigida",0.00139741135840537,0.0645429636932133,0.172946239349867,3.72459082629214,3.72459082629487,1.33977609218502,"AM",TRUE,"logSRL"
"Solidago_missouriensis",0.00139741135840537,0.0645429636932133,0.172946239349867,3.72459082629214,3.72459082629487,1.33977609218502,"AM",TRUE,"logSRL"
"Solidago_canadensis",0.00139741135840537,0.0645429636932133,0.172946239349867,3.72459082629214,3.72459082629487,1.33977609218502,"AM",TRUE,"logSRL"
"Gutierrezia_sarothrae",0.00139741135840537,0.0645429636932133,0.172946239349867,3.72459082629214,3.72459082629487,1.33977609218502,"AM",TRUE,"logSRL"
"Erigeron_glabellus",0.00139741135840537,0.0645429636932133,0.172946239349867,3.72459082629214,3.72459082629487,1.33977609218502,"AM",TRUE,"logSRL"
"Erigeron_pumilus",0.00139741135840537,0.0645429636932133,0.172946239349867,3.72459082629214,3.72459082629487,1.33977609218502,"AM",TRUE,"logSRL"
"Erigeron_canadensis",0.00139741135840537,0.0645429636932133,0.172946239349867,3.72459082629214,3.72459082629487,1.33977609218502,"AM",TRUE,"logSRL"
"Doellingeria_umbellata",0.00139741135840537,0.0645429636932133,0.172946239349867,3.72459082629214,3.72459082629487,1.33977609218502,"AM",TRUE,"logSRL"
"Aster_lanceolatus",0.00139741135840537,0.0645429636932133,0.172946239349867,3.72459082629214,3.72459082629487,1.33977609218502,"AM",TRUE,"logSRL"
"Aster_laevis",0.00139741135840537,0.0645429636932133,0.172946239349867,3.72459082629214,3.72459082629487,1.33977609218502,"AM",TRUE,"logSRL"
"Aster_tataricus",0.00139741135840537,0.0645429636932133,0.172946239349867,3.72459082629214,3.72459082629487,1.33977609218503,"AM",TRUE,"logSRL"
"Doellingeria_scabra",0.00139741135840537,0.0645429636932133,0.172946239349867,3.72459082629214,3.72459082629487,1.33977609218502,"AM",TRUE,"logSRL"
"Olearia_avicenniaefolia",0.00139741135840537,0.0645429636932133,0.172946239349867,3.72459082629214,3.72459082629487,1.33977609218502,"AM",TRUE,"logSRL"
"Olearia_rani",0.00139741135840537,0.0645429636932133,0.172946239349867,3.72459082629214,3.72459082629487,1.33977609218502,"AM",TRUE,"logSRL"
"Artemisia_codonocephala",0.00139741135840537,0.0645429636932133,0.172946239349867,3.72459082629214,3.72459082629487,1.33977609218503,"AM",TRUE,"logSRL"
"Artemisia_barrelieri",0.00139741135840537,0.0645429636932133,0.172946239349867,3.72459082629214,3.72459082629487,1.33977609218502,"AM",TRUE,"logSRL"
"Artemisia_igniaria",0.00139741135840537,0.0645429636932133,0.172946239349867,3.72459082629214,3.72459082629487,1.33977609218502,"AM",TRUE,"logSRL"
"Artemisia_halodendron",0.00139741135840537,0.0645429636932133,0.172946239349867,3.72459082629214,3.72459082629487,1.33977609218502,"AM",TRUE,"logSRL"
"Artemisia_frigida",0.00139741135840537,0.0645429636932133,0.172946239349867,3.72459082629214,3.72459082629487,1.33977609218502,"AM",TRUE,"logSRL"
"Artemisia_mongolica",0.00139741135840537,0.0645429636932133,0.172946239349867,3.72459082629214,3.72459082629487,1.33977609218502,"AM",TRUE,"logSRL"
"Artemisia_ludoviciana",0.00139741135840537,0.0645429636932133,0.172946239349867,3.72459082629214,3.72459082629487,1.33977609218502,"AM",TRUE,"logSRL"
"Artemisia_cana",0.00139741135840537,0.0645429636932133,0.172946239349867,3.72459082629214,3.72459082629487,1.33977609218502,"AM",TRUE,"logSRL"
"Achillea_millefolium",0.00139741135840537,0.0645429636932133,0.172946239349867,3.72459082629214,3.72459082629487,1.33977609218502,"AM",TRUE,"logSRL"
"Leucanthemum_vulgare",0.00139741135840537,0.0645429636932133,0.172946239349867,3.72459082629214,3.72459082629487,1.33977609218502,"AM",TRUE,"logSRL"
"Crepis_foetida",0.00139741135840537,0.0645429636932133,0.172946239349867,3.72459082629214,3.72459082629487,1.33977609218502,"AM",TRUE,"logSRL"
"Crepis_tectorum",0.00139741135840537,0.0645429636932133,0.172946239349867,3.72459082629214,3.72459082629487,1.33977609218502,"AM",TRUE,"logSRL"
"Crepis_sancta",0.00139741135840537,0.0645429636932133,0.172946239349867,3.72459082629214,3.72459082629487,1.33977609218502,"AM",TRUE,"logSRL"
"Taraxacum_campylodes",0.00139741135840537,0.0645429636932133,0.172946239349867,3.72459082629214,3.72459082629487,1.33977609218502,"AM",TRUE,"logSRL"
"Picris_hieracioides",0.00139741135840537,0.0645429636932133,0.172946239349867,3.72459082629214,3.72459082629487,1.33977609218502,"AM",TRUE,"logSRL"
"Hypochaeris_radicata",0.00139741135840537,0.0645429636932133,0.172946239349867,3.72459082629214,3.72459082629487,1.33977609218502,"AM",TRUE,"logSRL"
"Nabalus_tatarinowii",0.00139741135840537,0.0645429636932133,0.172946239349867,3.72459082629214,3.72459082629487,1.33977609218502,"AM",TRUE,"logSRL"
"Launaea_arborescens",0.00139741135840537,0.0645429636932133,0.172946239349867,3.72459082629214,3.72459082629487,1.33977609218502,"AM",TRUE,"logSRL"
"Lactuca_tatarica",0.00139741135840537,0.0645429636932133,0.172946239349867,3.72459082629214,3.72459082629487,1.33977609218502,"AM",TRUE,"logSRL"
"Pilosella_peleteriana",0.00139741135840537,0.0645429636932133,0.172946239349867,3.72459082629214,3.72459082629487,1.33977609218502,"AM",TRUE,"logSRL"
"Pilosella_officinarum",0.00139741135840537,0.0645429636932133,0.172946239349867,3.72459082629214,3.72459082629487,1.33977609218502,"AM",TRUE,"logSRL"
"Cichorium_intybus",0.00139741135840537,0.0645429636932133,0.172946239349867,3.72459082629214,3.72459082629487,1.33977609218502,"AM",TRUE,"logSRL"
"Tragopogon_dubius",0.00139741135840537,0.0645429636932133,0.172946239349867,3.72459082629214,3.72459082629487,1.33977609218502,"AM",TRUE,"logSRL"
"Vernonia_fasciculata",0.00139741135840537,0.0645429636932133,0.172946239349867,3.72459082629214,3.72459082629487,1.33977609218502,"AM",TRUE,"logSRL"
"Arctotheca_calendula",0.00139741135840537,0.0645429636932133,0.172946239349867,3.72459082629214,3.72459082629487,1.33977609218502,"AM",TRUE,"logSRL"
"Centaurea_pectinata",0.00139741135840537,0.0645429636932133,0.172946239349867,3.72459082629214,3.72459082629487,1.33977609218502,"AM",TRUE,"logSRL"
"Saussurea_nivea",0.00139741135840537,0.0645429636932133,0.172946239349867,3.72459082629214,3.72459082629487,1.33977609218503,"AM",TRUE,"logSRL"
"Saussurea_mongolica",0.00139741135840537,0.0645429636932133,0.172946239349867,3.72459082629214,3.72459082629487,1.33977609218502,"AM",TRUE,"logSRL"
"Saussurea_amurensis",0.00139741135840537,0.0645429636932133,0.172946239349867,3.72459082629214,3.72459082629487,1.33977609218503,"AM",TRUE,"logSRL"
"Atractylis_humilis",0.00139741135840537,0.0645429636932133,0.172946239349867,3.72459082629214,3.72459082629487,1.33977609218502,"AM",TRUE,"logSRL"
"Adenocaulon_himalaicum",0.00139741135840537,0.0645429636932133,0.172946239349867,3.72459082629214,3.72459082629487,1.33977609218502,"AM",TRUE,"logSRL"
"Campanula_rotundifolia",0.00139741135840537,0.0645429636932133,0.172946239349867,3.72459082629214,3.72459082629487,1.33977609218504,"AM",TRUE,"logSRL"
"Carpodetus_serratus",0.00139741135840537,0.0645429636932133,0.172946239349867,3.72459082629214,3.72459082629487,1.33977609218504,"AM",TRUE,"logSRL"
"Musineon_divaricatum",0.00139741135840537,0.0645429636932133,0.172946239349867,3.72459082629214,3.72459082629487,1.33977609218504,"AM",TRUE,"logSRL"
"Zizia_aurea",0.00139741135840537,0.0645429636932133,0.172946239349867,3.72459082629214,3.72459082629487,1.33977609218504,"AM",TRUE,"logSRL"
"Tordylium_maximum",0.00139741135840537,0.0645429636932133,0.172946239349867,3.72459082629214,3.72459082629487,1.33977609218504,"AM",TRUE,"logSRL"
"Daucus_carota",0.00139741135840537,0.0645429636932133,0.172946239349867,3.72459082629214,3.72459082629487,1.33977609218504,"AM",TRUE,"logSRL"
"Sanicula_orthacantha",0.00139741135840537,0.0645429636932133,0.172946239349867,3.72459082629214,3.72459082629487,1.33977609218504,"AM",TRUE,"logSRL"
"Astrantia_minor",0.00139741135840537,0.0645429636932133,0.172946239349867,3.72459082629214,3.72459082629487,1.33977609218504,"AM",TRUE,"logSRL"
"Dendropanax_dentiger",0.00139741135840537,0.0645429636932133,0.172946239349867,3.72459082629214,3.72459082629487,1.33977609218504,"AM",TRUE,"logSRL"
"Eleutherococcus_senticosus",0.00139741135840537,0.0645429636932133,0.172946239349867,3.72459082629214,3.72459082629487,1.33977609218504,"AM",TRUE,"logSRL"
"Macropanax_undulatus",0.00139741135840537,0.0645429636932133,0.172946239349867,3.72459082629214,3.72459082629487,1.33977609218504,"AM",TRUE,"logSRL"
"Hedera_helix",0.00139741135840537,0.0645429636932133,0.172946239349867,3.72459082629214,3.72459082629487,1.33977609218504,"AM",TRUE,"logSRL"
"Schefflera_minutistellata",0.00139741135840537,0.0645429636932133,0.172946239349867,3.72459082629214,3.72459082629487,1.33977609218504,"AM",TRUE,"logSRL"
"Schefflera_heptaphylla",0.00139741135840537,0.0645429636932133,0.172946239349867,3.72459082629214,3.72459082629487,1.33977609218504,"AM",TRUE,"logSRL"
"Neopanax_arboreus",0.00139741135840537,0.0645429636932133,0.172946239349867,3.72459082629214,3.72459082629487,1.33977609218504,"AM",TRUE,"logSRL"
"Neopanax_colensoi",0.00139741135840537,0.0645429636932133,0.172946239349867,3.72459082629214,3.72459082629487,1.33977609218504,"AM",TRUE,"logSRL"
"Pseudopanax_crassifolius",0.00139741135840537,0.0645429636932133,0.172946239349867,3.72459082629214,3.72459082629487,1.33977609218504,"AM",TRUE,"logSRL"
"Raukaua_simplex",0.00139741135840537,0.0645429636932133,0.172946239349867,3.72459082629214,3.72459082629487,1.33977609218504,"AM",TRUE,"logSRL"
"Schefflera_digitata",0.00139741135840537,0.0645429636932133,0.172946239349867,3.72459082629214,3.72459082629487,1.33977609218504,"AM",TRUE,"logSRL"
"Pittosporum_eugenioides",0.00139741135840537,0.0645429636932133,0.172946239349867,3.72459082629214,3.72459082629487,1.33977609218503,"AM",TRUE,"logSRL"
"Pittosporum_tenuifolium",0.00139741135840537,0.0645429636932133,0.172946239349867,3.72459082629214,3.72459082629487,1.33977609218503,"AM",TRUE,"logSRL"
"Pennantia_corymbosa",0.00139741135840537,0.0645429636932133,0.172946239349867,3.72459082629214,3.72459082629487,1.33977609218503,"AM",TRUE,"logSRL"
"Abelia_biflora",0.00139741135840537,0.0645429636932133,0.172946239349867,3.72459082629214,3.72459082629487,1.33977609218504,"AM",TRUE,"logSRL"
"Lonicera_chrysantha",0.00139741135840537,0.0645429636932133,0.172946239349867,3.72459082629214,3.72459082629487,1.33977609218504,"AM",TRUE,"logSRL"
"Lonicera_maackii",0.00139741135840537,0.0645429636932133,0.172946239349867,3.72459082629214,3.72459082629487,1.33977609218504,"AM",TRUE,"logSRL"
"Symphoricarpos_occidentalis",0.00139741135840537,0.0645429636932133,0.172946239349867,3.72459082629214,3.72459082629487,1.33977609218504,"AM",TRUE,"logSRL"
"Viburnum_dentatum",0.00139741135840537,0.0645429636932133,0.172946239349867,3.72459082629214,3.72459082629487,1.33977609218504,"AM",TRUE,"logSRL"
"Viburnum_tinus",0.00139741135840537,0.0645429636932133,0.172946239349867,3.72459082629214,3.72459082629487,1.33977609218504,"AM",TRUE,"logSRL"
"Sambucus_williamsii",0.00139741135840537,0.0645429636932133,0.172946239349867,3.72459082629214,3.72459082629487,1.33977609218504,"AM",TRUE,"logSRL"
"Sambucus_canadensis",0.00139741135840537,0.0645429636932133,0.172946239349867,3.72459082629214,3.72459082629487,1.33977609218504,"AM",TRUE,"logSRL"
"Quintinia_serrata",0.00139741135840537,0.0645429636932133,0.172946239349867,3.72459082629214,3.72459082629487,1.33977609218504,"AM",TRUE,"logSRL"
"Ilex_macropoda",0.00139741135840537,0.0645429636932133,0.172946239349867,3.72459082629214,3.72459082629487,1.33977609218504,"AM",TRUE,"logSRL"
"Ilex_verticillata",0.00139741135840537,0.0645429636932133,0.172946239349867,3.72459082629214,3.72459082629487,1.33977609218504,"AM",TRUE,"logSRL"
"Ilex_opaca",0.00139741135840537,0.0645429636932133,0.172946239349867,3.72459082629214,3.72459082629487,1.33977609218504,"AM",TRUE,"logSRL"
"Ilex_pedunculosa",0.00139741135840537,0.0645429636932133,0.172946239349867,3.72459082629214,3.72459082629487,1.33977609218504,"AM",TRUE,"logSRL"
"Hedeoma_hispida",0.00139741135840537,0.0645429636932133,0.172946239349867,3.72459082629214,3.72459082629487,1.33977609218504,"AM",TRUE,"logSRL"
"Monarda_fistulosa",0.00139741135840537,0.0645429636932133,0.172946239349867,3.72459082629214,3.72459082629487,1.33977609218504,"AM",TRUE,"logSRL"
"Pycnanthemum_virginianum",0.00139741135840537,0.0645429636932133,0.172946239349867,3.72459082629214,3.72459082629487,1.33977609218504,"AM",TRUE,"logSRL"
"Clinopodium_nepeta",0.00139741135840537,0.0645429636932133,0.172946239349867,3.72459082629214,3.72459082629487,1.33977609218504,"AM",TRUE,"logSRL"
"Thymus_mastichina",0.00139741135840537,0.0645429636932133,0.172946239349867,3.72459082629214,3.72459082629487,1.33977609218503,"AM",TRUE,"logSRL"
"Thymus_hyemalis",0.00139741135840537,0.0645429636932133,0.172946239349867,3.72459082629214,3.72459082629487,1.33977609218504,"AM",TRUE,"logSRL"
"Thymus_dolomiticus",0.00139741135840537,0.0645429636932133,0.172946239349867,3.72459082629214,3.72459082629487,1.33977609218503,"AM",TRUE,"logSRL"
"Prunella_vulgaris",0.00139741135840537,0.0645429636932133,0.172946239349867,3.72459082629214,3.72459082629487,1.33977609218504,"AM",TRUE,"logSRL"
"Agastache_foeniculum",0.00139741135840537,0.0645429636932133,0.172946239349867,3.72459082629214,3.72459082629487,1.33977609218504,"AM",TRUE,"logSRL"
"Salvia_chinensis",0.00139741135840537,0.0645429636932133,0.172946239349867,3.72459082629214,3.72459082629487,1.33977609218504,"AM",TRUE,"logSRL"
"Rosmarinus_officinalis",0.00139741135840537,0.0645429636932133,0.172946239349867,3.72459082629214,3.72459082629487,1.33977609218504,"AM",TRUE,"logSRL"
"Lavandula_multifida",0.00139741135840537,0.0645429636932133,0.172946239349867,3.72459082629214,3.72459082629487,1.33977609218504,"AM",TRUE,"logSRL"
"Teucrium_charidemi",0.00139741135840537,0.0645429636932133,0.172946239349867,3.72459082629214,3.72459082629487,1.33977609218504,"AM",TRUE,"logSRL"
"Teucrium_chamaedrys",0.00139741135840537,0.0645429636932133,0.172946239349867,3.72459082629214,3.72459082629487,1.33977609218504,"AM",TRUE,"logSRL"
"Teucrium_fruticans",0.00139741135840537,0.0645429636932133,0.172946239349867,3.72459082629214,3.72459082629487,1.33977609218504,"AM",TRUE,"logSRL"
"Lamium_album",0.00111604698386932,0.0645429636932133,0.172946239349867,4.19972002597252,3.88139379755382,1.33977609218504,"NMAM",TRUE,"logSRL"
"Ballota_hirsuta",0.00139741135840537,0.0645429636932133,0.172946239349867,3.72459082629214,3.72459082629487,1.33977609218504,"AM",TRUE,"logSRL"
"Phlomoides_umbrosa",0.00139741135840537,0.0645429636932133,0.172946239349867,3.72459082629214,3.72459082629487,1.33977609218504,"AM",TRUE,"logSRL"
"Phlomis_purpurea",0.00139741135840537,0.0645429636932133,0.172946239349867,3.72459082629214,3.72459082629487,1.33977609218504,"AM",TRUE,"logSRL"
"Sideritis_pusilla",0.00139741135840537,0.0645429636932133,0.172946239349867,3.72459082629214,3.72459082629487,1.33977609218504,"AM",TRUE,"logSRL"
"Vitex_lucens",0.00139741135840537,0.0645429636932133,0.172946239349867,3.72459082629214,3.72459082629487,1.33977609218504,"AM",TRUE,"logSRL"
"Orthocarpus_luteus",0.000235660924571089,0.0645429636932133,0.172946239349867,5.07600172226667,4.70776692636072,1.33977609218504,"NM",TRUE,"logSRL"
"Strobilanthes_villosum",0.00139741135840537,0.0645429636932133,0.172946239349867,3.72459082629214,3.72459082629487,1.33977609218504,"AM",TRUE,"logSRL"
"Strobilanthes_dimorphotricha",0.00139741135840537,0.0645429636932133,0.172946239349867,3.72459082629214,3.72459082629487,1.33977609218504,"AM",TRUE,"logSRL"
"Rungia_pectinata",0.00139741135840537,0.0645429636932133,0.172946239349867,3.72459082629214,3.72459082629487,1.33977609218503,"AM",TRUE,"logSRL"
"Handroanthus_guayacan",0.00139741135840537,0.0645429636932133,0.172946239349867,3.72459082629214,3.72459082629487,1.33977609218503,"AM",TRUE,"logSRL"
"Tanaecium_pyramidatum",0.00139741135840537,0.0645429636932133,0.172946239349867,3.72459082629214,3.72459082629487,1.33977609218503,"AM",TRUE,"logSRL"
"Catalpa_bignonioides",0.00139741135840537,0.0645429636932133,0.172946239349867,3.72459082629214,3.72459082629487,1.33977609218503,"AM",TRUE,"logSRL"
"Verbena_hastata",0.00139741135840537,0.0645429636932133,0.172946239349867,3.72459082629214,3.72459082629487,1.33977609218503,"AM",TRUE,"logSRL"
"Verbascum_thapsus",0.00139741135840537,0.0645429636932133,0.172946239349867,3.72459082629214,3.72459082629487,1.33977609218504,"AM",TRUE,"logSRL"
"Veronica_persica",0.00111604698386932,0.0645429636932133,0.172946239349867,4.19972002597252,4.0746404823804,1.33977609218504,"NMAM",TRUE,"logSRL"
"Veronica_spuria",0.00111604698386932,0.0645429636932133,0.172946239349867,4.19972002597252,4.0746404823804,1.33977609218504,"NMAM",TRUE,"logSRL"
"Veronicastrum_virginicum",0.00139741135840537,0.0645429636932133,0.172946239349867,3.72459082629214,3.72688255750711,1.33977609218504,"AM",TRUE,"logSRL"
"Plantago_varia",0.00139741135840537,0.0645429636932133,0.172946239349867,3.72459082629214,3.72459082629487,1.33977609218504,"AM",TRUE,"logSRL"
"Plantago_lanceolata",0.00139741135840537,0.0645429636932133,0.172946239349867,3.72459082629214,3.72459082629487,1.33977609218504,"AM",TRUE,"logSRL"
"Plantago_patagonica",0.00139741135840537,0.0645429636932133,0.172946239349867,3.72459082629214,3.72459082629487,1.33977609218504,"AM",TRUE,"logSRL"
"Penstemon_grandiflorus",0.00139741135840537,0.0645429636932133,0.172946239349867,3.72459082629214,3.72459082629487,1.33977609218504,"AM",TRUE,"logSRL"
"Penstemon_nitidus",0.00139741135840537,0.0645429636932133,0.172946239349867,3.72459082629214,3.72459082629487,1.33977609218504,"AM",TRUE,"logSRL"
"Penstemon_procerus",0.00139741135840537,0.0645429636932133,0.172946239349867,3.72459082629214,3.72459082629487,1.33977609218504,"AM",TRUE,"logSRL"
"Penstemon_confertus",0.00139741135840537,0.0645429636932133,0.172946239349867,3.72459082629214,3.72459082629487,1.33977609218504,"AM",TRUE,"logSRL"
"Olea_rosea",0.00139741135840537,0.0645429636932133,0.172946239349867,3.72459082629214,3.72459082629487,1.33977609218503,"AM",TRUE,"logSRL"
"Olea_europaea",0.00139741135840537,0.0645429636932133,0.172946239349867,3.72459082629214,3.72459082629487,1.33977609218503,"AM",TRUE,"logSRL"
"Chionanthus_mildbraedii",0.00139741135840537,0.0645429636932133,0.172946239349867,3.72459082629214,3.72459082629487,1.33977609218503,"AM",TRUE,"logSRL"
"Chionanthus_virginicus",0.00139741135840537,0.0645429636932133,0.172946239349867,3.72459082629214,3.72459082629487,1.33977609218503,"AM",TRUE,"logSRL"
"Phillyrea_angustifolia",0.00139741135840537,0.0645429636932133,0.172946239349867,3.72459082629214,3.72459082629487,1.33977609218503,"AM",TRUE,"logSRL"
"Phillyrea_latifolia",0.00139741135840537,0.0645429636932133,0.172946239349867,3.72459082629214,3.72459082629487,1.33977609218503,"AM",TRUE,"logSRL"
"Osmanthus_didymopetalus",0.00139741135840537,0.0645429636932133,0.172946239349867,3.72459082629214,3.72459082629487,1.33977609218503,"AM",TRUE,"logSRL"
"Nestegis_lanceolata",0.00139741135840537,0.0645429636932133,0.172946239349867,3.72459082629214,3.72459082629487,1.33977609218503,"AM",TRUE,"logSRL"
"Fraxinus_mandshurica",0.00139741135840537,0.0645429636932133,0.172946239349867,3.72459082629214,3.72459082629487,1.33977609218503,"AM",TRUE,"logSRL"
"Fraxinus_angustifolia",0.00139741135840537,0.0645429636932133,0.172946239349867,3.72459082629214,3.72459082629487,1.33977609218503,"AM",TRUE,"logSRL"
"Fraxinus_excelsior",0.00139741135840537,0.0645429636932133,0.172946239349867,3.72459082629214,3.72459082629487,1.33977609218503,"AM",TRUE,"logSRL"
"Fraxinus_chinensis",0.00139741135840537,0.0645429636932133,0.172946239349867,3.72459082629214,3.72459082629487,1.33977609218503,"AM",TRUE,"logSRL"
"Fraxinus_nigra",0.00139741135840537,0.0645429636932133,0.172946239349867,3.72459082629214,3.72459082629487,1.33977609218503,"AM",TRUE,"logSRL"
"Fraxinus_americana",0.00139741135840537,0.0645429636932133,0.172946239349867,3.72459082629214,3.72459082629487,1.33977609218503,"AM",TRUE,"logSRL"
"Syringa_reticulata",0.00139741135840537,0.0645429636932133,0.172946239349867,3.72459082629214,3.72459082629487,1.33977609218503,"AM",TRUE,"logSRL"
"Jasminum_fruticans",0.00139741135840537,0.0645429636932133,0.172946239349867,3.72459082629214,3.72459082629487,1.33977609218503,"AM",TRUE,"logSRL"
"Galium_boreale",0.00111604698386932,0.0645429636932133,0.172946239349867,4.19972002597252,3.9048672044453,1.33977609218504,"NMAM",TRUE,"logSRL"
"Galium_aparine",0.00111604698386932,0.0645429636932133,0.172946239349867,4.19972002597252,3.9048672044453,1.33977609218504,"NMAM",TRUE,"logSRL"
"Rubia_peregrina",0.00139741135840537,0.0645429636932133,0.172946239349867,3.72459082629214,3.72787885413806,1.33977609218504,"AM",TRUE,"logSRL"
"Saprosma_ternatum",0.00139741135840537,0.0645429636932133,0.172946239349867,3.72459082629214,3.72459082629487,1.33977609218504,"AM",TRUE,"logSRL"
"Serissa_japonica",0.00139741135840537,0.0645429636932133,0.172946239349867,3.72459082629214,3.72459082629487,1.33977609218504,"AM",TRUE,"logSRL"
"Coprosma_lucida",0.00139741135840537,0.0645429636932133,0.172946239349867,3.72459082629214,3.72459082629487,1.33977609218504,"AM",TRUE,"logSRL"
"Coprosma_linariifolia",0.00139741135840537,0.0645429636932133,0.172946239349867,3.72459082629214,3.72459082629487,1.33977609218504,"AM",TRUE,"logSRL"
"Coprosma_rhamnoides",0.00139741135840537,0.0645429636932133,0.172946239349867,3.72459082629214,3.72459082629487,1.33977609218504,"AM",TRUE,"logSRL"
"Coprosma_ciliata",0.00139741135840537,0.0645429636932133,0.172946239349867,3.72459082629214,3.72459082629487,1.33977609218504,"AM",TRUE,"logSRL"
"Coprosma_foetidissima",0.00139741135840537,0.0645429636932133,0.172946239349867,3.72459082629214,3.72459082629487,1.33977609218504,"AM",TRUE,"logSRL"
"Psychotria_asiatica",0.00139741135840537,0.0645429636932133,0.172946239349867,3.72459082629214,3.72459082629487,1.33977609218504,"AM",TRUE,"logSRL"
"Catunaregam_spinosa",0.00139741135840537,0.0645429636932133,0.172946239349867,3.72459082629214,3.72459082629487,1.33977609218504,"AM",TRUE,"logSRL"
"Aidia_oxyodonta",0.00139741135840537,0.0645429636932133,0.172946239349867,3.72459082629214,3.72459082629487,1.33977609218504,"AM",TRUE,"logSRL"
"Coffea_arabica",0.00139741135840537,0.0645429636932133,0.172946239349867,3.72459082629214,3.72459082629487,1.33977609218504,"AM",TRUE,"logSRL"
"Diplospora_dubia",0.00139741135840537,0.0645429636932133,0.172946239349867,3.72459082629214,3.72459082629487,1.33977609218504,"AM",TRUE,"logSRL"
"Hypobathrum_racemosum",0.00139741135840537,0.0645429636932133,0.172946239349867,3.72459082629214,3.72459082629487,1.33977609218504,"AM",TRUE,"logSRL"
"Wendlandia_uvariifolia",0.00139741135840537,0.0645429636932133,0.172946239349867,3.72459082629214,3.72459082629487,1.33977609218504,"AM",TRUE,"logSRL"
"Alseis_blackiana",0.00139741135840537,0.0645429636932133,0.172946239349867,3.72459082629214,3.72459082629487,1.33977609218504,"AM",TRUE,"logSRL"
"Pertusadina_metcalfii",0.00139741135840537,0.0645429636932133,0.172946239349867,3.72459082629214,3.72459082629487,1.33977609218504,"AM",TRUE,"logSRL"
"Adina_pilulifera",0.00139741135840537,0.0645429636932133,0.172946239349867,3.72459082629214,3.72459082629487,1.33977609218504,"AM",TRUE,"logSRL"
"Chomelia_psilocarpa",0.00139741135840537,0.0645429636932133,0.172946239349867,3.72459082629214,3.72459082629487,1.33977609218504,"AM",TRUE,"logSRL"
"Asclepias_tuberosa",0.00139741135840537,0.0645429636932133,0.172946239349867,3.72459082629214,3.72459082629487,1.33977609218504,"AM",TRUE,"logSRL"
"Asclepias_syriaca",0.00139741135840537,0.0645429636932133,0.172946239349867,3.72459082629214,3.72459082629487,1.33977609218504,"AM",TRUE,"logSRL"
"Asclepias_incarnata",0.00139741135840537,0.0645429636932133,0.172946239349867,3.72459082629214,3.72459082629487,1.33977609218504,"AM",TRUE,"logSRL"
"Nerium_oleander",0.00139741135840537,0.0645429636932133,0.172946239349867,3.72459082629214,3.72459082629487,1.33977609218504,"AM",TRUE,"logSRL"
"Trachelospermum_axillare",0.00139741135840537,0.0645429636932133,0.172946239349867,3.72459082629214,3.72459082629487,1.33977609218504,"AM",TRUE,"logSRL"
"Alstonia_scholaris",0.00139741135840537,0.0645429636932133,0.172946239349867,3.72459082629214,3.72459082629487,1.33977609218504,"AM",TRUE,"logSRL"
"Gentiana_andrewsii",0.00139741135840537,0.0645429636932133,0.172946239349867,3.72459082629214,3.72459082629487,1.33977609218503,"AM",TRUE,"logSRL"
"Solanum_americanum",0.00139741135840537,0.0645429636932133,0.172946239349867,3.72459082629214,3.72459082629487,1.33977609218503,"AM",TRUE,"logSRL"
"Physalis_virginiana",0.00139741135840537,0.0645429636932133,0.172946239349867,3.72459082629214,3.72459082629487,1.33977609218503,"AM",TRUE,"logSRL"
"Withania_frutescens",0.00139741135840537,0.0645429636932133,0.172946239349867,3.72459082629214,3.72459082629487,1.33977609218503,"AM",TRUE,"logSRL"
"Merremia_umbellata",0.00139741135840537,0.0645429636932133,0.172946239349867,3.72459082629214,3.72459082629487,1.33977609218503,"AM",TRUE,"logSRL"
"Apodytes_dimidiata",0.00139741135840537,0.0645429636932133,0.172946239349867,3.72459082629214,3.72459082629487,1.33977609218504,"AM",TRUE,"logSRL"
"Arbutus_unedo",0.000577727383008897,0.0645429636932133,0.172946239349867,3.70146242297556,3.70271465203825,1.33977609218504,"EcM",TRUE,"logSRL"
"Actinidia_kolomikta",0.00139741135840537,0.0645429636932133,0.172946239349867,3.72459082629214,3.72459082629487,1.33977609218504,"AM",TRUE,"logSRL"
"Styrax_suberifolius",0.00139741135840537,0.0645429636932133,0.172946239349867,3.72459082629214,3.72459082629487,1.33977609218504,"AM",TRUE,"logSRL"
"Halesia_tetraptera",0.00139741135840537,0.0645429636932133,0.172946239349867,3.72459082629214,3.72459082629487,1.33977609218504,"AM",TRUE,"logSRL"
"Alniphyllum_fortunei",0.00139741135840537,0.0645429636932133,0.172946239349867,3.72459082629214,3.72459082629487,1.33977609218504,"AM",TRUE,"logSRL"
"Androsace_occidentalis",0.00139741135840537,0.0645429636932133,0.172946239349867,3.72459082629214,3.72459082629487,1.33977609218504,"AM",TRUE,"logSRL"
"Lysimachia_nemorum",0.00139741135840537,0.0645429636932133,0.172946239349867,3.72459082629214,3.72459082629487,1.33977609218504,"AM",TRUE,"logSRL"
"Ardisia_depressa",0.00139741135840537,0.0645429636932133,0.172946239349867,3.72459082629214,3.72459082629487,1.33977609218504,"AM",TRUE,"logSRL"
"Ardisia_quinquegona",0.00139741135840537,0.0645429636932133,0.172946239349867,3.72459082629214,3.72459082629487,1.33977609218504,"AM",TRUE,"logSRL"
"Ardisia_japonica",0.00139741135840537,0.0645429636932133,0.172946239349867,3.72459082629214,3.72459082629487,1.33977609218504,"AM",TRUE,"logSRL"
"Embelia_vestita",0.000235660924571089,0.0645429636932133,0.172946239349867,5.07600172226667,4.16502689279038,1.33977609218504,"NM",TRUE,"logSRL"
"Myrsine_coriacea",0.00139741135840537,0.0645429636932133,0.172946239349867,3.72459082629214,3.72459082629487,1.33977609218504,"AM",TRUE,"logSRL"
"Rapanea_australis",0.00139741135840537,0.0645429636932133,0.172946239349867,3.72459082629214,3.72459082629487,1.33977609218504,"AM",TRUE,"logSRL"
"Rapanea_divaricata",0.00139741135840537,0.0645429636932133,0.172946239349867,3.72459082629214,3.72459082629487,1.33977609218504,"AM",TRUE,"logSRL"
"Myrsine_seguinii",0.00139741135840537,0.0645429636932133,0.172946239349867,3.72459082629214,3.72459082629487,1.33977609218504,"AM",TRUE,"logSRL"
"Diospyros_strigosa",0.00139741135840537,0.0645429636932133,0.172946239349867,3.72459082629214,3.72459082629487,1.33977609218504,"AM",TRUE,"logSRL"
"Diospyros_virginiana",0.00139741135840537,0.0645429636932133,0.172946239349867,3.72459082629214,3.72459082629487,1.33977609218504,"AM",TRUE,"logSRL"
"Barringtonia_racemosa",0.00139741135840537,0.0645429636932133,0.172946239349867,3.72459082629214,3.72459082629487,1.33977609218504,"AM",TRUE,"logSRL"
"Madhuca_endertii",0.00139741135840537,0.0645429636932133,0.172946239349867,3.72459082629214,3.72459082629487,1.33977609218503,"AM",TRUE,"logSRL"
"Payena_microphylla",0.00139741135840537,0.0645429636932133,0.172946239349867,3.72459082629214,3.72459082629487,1.33977609218503,"AM",TRUE,"logSRL"
"Gordonia_axillaris",0.00139741135840537,0.0645429636932133,0.172946239349867,3.72459082629214,3.72459082629487,1.33977609218503,"AM",TRUE,"logSRL"
"Schima_superba",0.00139741135840537,0.0645429636932133,0.172946239349867,3.72459082629214,3.72459082629487,1.33977609218503,"AM",TRUE,"logSRL"
"Schima_wallichii",0.00139741135840537,0.0645429636932133,0.172946239349867,3.72459082629214,3.72459082629487,1.33977609218503,"AM",TRUE,"logSRL"
"Phlox_hoodii",0.00139741135840537,0.0645429636932133,0.172946239349867,3.72459082629214,3.72459082629487,1.33977609218504,"AM",TRUE,"logSRL"
"Eurya_japonica",0.00139741135840537,0.0645429636932133,0.172946239349867,3.72459082629214,3.72459082629487,1.33977609218504,"AM",TRUE,"logSRL"
"Adinandra_millettii",0.00139741135840537,0.0645429636932133,0.172946239349867,3.72459082629214,3.72459082629487,1.33977609218504,"AM",TRUE,"logSRL"
"Ternstroemia_coriacea",0.00139741135840537,0.0645429636932133,0.172946239349867,3.72459082629214,3.72459082629487,1.33977609218504,"AM",TRUE,"logSRL"
"Pentaphylax_euryoides",0.00139741135840537,0.0645429636932133,0.172946239349867,3.72459082629214,3.72459082629487,1.33977609218504,"AM",TRUE,"logSRL"
"Deutzia_glabrata",0.00139741135840537,0.0645429636932133,0.172946239349867,3.72459082629214,3.72459082629487,1.33977609218503,"AM",TRUE,"logSRL"
"Deutzia_grandiflora",0.00139741135840537,0.0645429636932133,0.172946239349867,3.72459082629214,3.72459082629487,1.33977609218503,"AM",TRUE,"logSRL"
"Philadelphus_incanus",0.00139741135840537,0.0645429636932133,0.172946239349867,3.72459082629214,3.72459082629487,1.33977609218503,"AM",TRUE,"logSRL"
"Cornus_bretschneideri",0.00139741135840537,0.0645429636932133,0.172946239349867,3.72459082629214,3.72459082629487,1.33977609218504,"AM",TRUE,"logSRL"
"Cornus_ulotricha",0.00139741135840537,0.0645429636932133,0.172946239349867,3.72459082629214,3.72459082629487,1.33977609218504,"AM",TRUE,"logSRL"
"Cornus_controversa",0.00139741135840537,0.0645429636932133,0.172946239349867,3.72459082629214,3.72459082629487,1.33977609218504,"AM",TRUE,"logSRL"
"Cornus_kousa",0.00139741135840537,0.0645429636932133,0.172946239349867,3.72459082629214,3.72459082629487,1.33977609218503,"AM",TRUE,"logSRL"
"Cornus_florida",0.00139741135840537,0.0645429636932133,0.172946239349867,3.72459082629214,3.72459082629487,1.33977609218503,"AM",TRUE,"logSRL"
"Cornus_officinalis",0.00139741135840537,0.0645429636932133,0.172946239349867,3.72459082629214,3.72459082629487,1.33977609218504,"AM",TRUE,"logSRL"
"Alangium_chinense",0.00139741135840537,0.0645429636932133,0.172946239349867,3.72459082629214,3.72459082629487,1.33977609218504,"AM",TRUE,"logSRL"
"Nyssa_aquatica",0.00139741135840537,0.0645429636932133,0.172946239349867,3.72459082629214,3.72459082629487,1.33977609218504,"AM",TRUE,"logSRL"
"Nyssa_sylvatica",0.00139741135840537,0.0645429636932133,0.172946239349867,3.72459082629214,3.72459082629487,1.33977609218504,"AM",TRUE,"logSRL"
"Silene_rupestris",0.00111604698386932,0.0645429636932133,0.172946239349867,4.19972002597252,4.19934074240065,1.33977609218504,"NMAM",TRUE,"logSRL"
"Arenaria_serpyllifolia",0.00111604698386932,0.0645429636932133,0.172946239349867,4.19972002597252,4.19934074240065,1.33977609218504,"NMAM",TRUE,"logSRL"
"Cerastium_fontanum",0.00111604698386932,0.0645429636932133,0.172946239349867,4.19972002597252,4.19934074240065,1.33977609218503,"NMAM",TRUE,"logSRL"
"Cerastium_arvense",0.00111604698386932,0.0645429636932133,0.172946239349867,4.19972002597252,4.19934074240065,1.33977609218503,"NMAM",TRUE,"logSRL"
"Eurotia_lanata",0.00139741135840537,0.0645429636932133,0.172946239349867,3.72459082629214,3.84032538154732,1.33977609218502,"AM",TRUE,"logSRL"
"Chenopodium_serotinum",0.00111604698386932,0.0645429636932133,0.172946239349867,4.19972002597252,4.19934074240065,1.33977609218503,"NMAM",TRUE,"logSRL"
"Chenopodium_album",0.00111604698386932,0.0645429636932133,0.172946239349867,4.19972002597252,4.19934074240065,1.33977609218503,"NMAM",TRUE,"logSRL"
"Alternanthera_sessilis",0.00111604698386932,0.0645429636932133,0.172946239349867,4.19972002597252,4.19934074264545,1.33977609218502,"NMAM",TRUE,"logSRL"
"Rumex_acetosa",0.00111604698386932,0.0645429636932133,0.172946239349867,4.19972002597252,4.1993346660266,1.33977609218503,"NMAM",TRUE,"logSRL"
"Rumex_acetosella",0.00111604698386932,0.0645429636932133,0.172946239349867,4.19972002597252,4.1993346660266,1.33977609218503,"NMAM",TRUE,"logSRL"
"Fallopia_convolvulus",0.00111604698386932,0.0645429636932133,0.172946239349867,4.19972002597252,4.19933466627533,1.33977609218502,"NMAM",TRUE,"logSRL"
"Coccoloba_manzinellensis",0.000577727383008897,0.0645429636932133,0.172946239349867,3.70146242297556,3.82090116070497,1.33977609218502,"EcM",TRUE,"logSRL"
"Coccoloba_excelsa",0.000577727383008897,0.0645429636932133,0.172946239349867,3.70146242297556,3.82090116070497,1.33977609218502,"EcM",TRUE,"logSRL"
"Armeria_velutina",0.00111604698386932,0.0645429636932133,0.172946239349867,4.19972002597252,4.1993346660266,1.33977609218504,"NMAM",TRUE,"logSRL"
"Schoepfia_jasminodora",0.00139741135840537,0.0645429636932133,0.172946239349867,3.72459082629214,3.72459082629487,1.33977609218504,"AM",TRUE,"logSRL"
"Osyris_alba",0.00111604698386932,0.0645429636932133,0.172946239349867,4.19972002597252,4.163700874903,1.33977609218504,"NMAM",TRUE,"logSRL"
"Comandra_umbellata",0.00139741135840537,0.0645429636932133,0.172946239349867,3.72459082629214,3.72459082629487,1.33977609218504,"AM",TRUE,"logSRL"
"Stauracanthus_genistoides",0.00139741135840537,0.0645429636932133,0.172946239349867,3.72459082629214,3.72459082629487,1.33977609218503,"AM",TRUE,"logSRL"
"Trifolium_spumosum",0.00139741135840537,0.0645429636932133,0.172946239349867,3.72459082629214,3.72459082629487,1.33977609218503,"AM",TRUE,"logSRL"
"Trifolium_repens",0.00139741135840537,0.0645429636932133,0.172946239349867,3.72459082629214,3.72459082629487,1.33977609218503,"AM",TRUE,"logSRL"
"Trifolium_pratense",0.00139741135840537,0.0645429636932133,0.172946239349867,3.72459082629214,3.72459082629487,1.33977609218503,"AM",TRUE,"logSRL"
"Trifolium_incarnatum",0.00139741135840537,0.0645429636932133,0.172946239349867,3.72459082629214,3.72459082629487,1.33977609218503,"AM",TRUE,"logSRL"
"Trifolium_hirtum",0.00139741135840537,0.0645429636932133,0.172946239349867,3.72459082629214,3.72459082629487,1.33977609218503,"AM",TRUE,"logSRL"
"Trifolium_angustifolium",0.00139741135840537,0.0645429636932133,0.172946239349867,3.72459082629214,3.72459082629487,1.33977609218503,"AM",TRUE,"logSRL"
"Trifolium_purpureum",0.00139741135840537,0.0645429636932133,0.172946239349867,3.72459082629214,3.72459082629487,1.33977609218503,"AM",TRUE,"logSRL"
"Trifolium_subterraneum",0.00139741135840537,0.0645429636932133,0.172946239349867,3.72459082629214,3.72459082629487,1.33977609218503,"AM",TRUE,"logSRL"
"Trifolium_dubium",0.00139741135840537,0.0645429636932133,0.172946239349867,3.72459082629214,3.72459082629487,1.33977609218503,"AM",TRUE,"logSRL"
"Medicago_sativa",0.00139741135840537,0.0645429636932133,0.172946239349867,3.72459082629214,3.72459082629487,1.33977609218503,"AM",TRUE,"logSRL"
"Medicago_ruthenica",0.00139741135840537,0.0645429636932133,0.172946239349867,3.72459082629214,3.72459082629487,1.33977609218503,"AM",TRUE,"logSRL"
"Medicago_minima",0.00139741135840537,0.0645429636932133,0.172946239349867,3.72459082629214,3.72459082629487,1.33977609218503,"AM",TRUE,"logSRL"
"Melilotus_officinalis",0.00139741135840537,0.0645429636932133,0.172946239349867,3.72459082629214,3.72459082629487,1.33977609218503,"AM",TRUE,"logSRL"
"Vicia_americana",0.00139741135840537,0.0645429636932133,0.172946239349867,3.72459082629214,3.72459082629487,1.33977609218503,"AM",TRUE,"logSRL"
"Vicia_villosa",0.00139741135840537,0.0645429636932133,0.172946239349867,3.72459082629214,3.72459082629487,1.33977609218503,"AM",TRUE,"logSRL"
"Lathyrus_venosus",0.00139741135840537,0.0645429636932133,0.172946239349867,3.72459082629214,3.72459082629487,1.33977609218503,"AM",TRUE,"logSRL"
"Astragalus_bisulcatus",0.00139741135840537,0.0645429636932133,0.172946239349867,3.72459082629214,3.72459082629487,1.33977609218502,"AM",TRUE,"logSRL"
"Astragalus_agrestis",0.00139741135840537,0.0645429636932133,0.172946239349867,3.72459082629214,3.72459082629487,1.33977609218502,"AM",TRUE,"logSRL"
"Astragalus_scaberrimus",0.00139741135840537,0.0645429636932133,0.172946239349867,3.72459082629214,3.72459082629487,1.33977609218502,"AM",TRUE,"logSRL"
"Astragalus_canadensis",0.00139741135840537,0.0645429636932133,0.172946239349867,3.72459082629214,3.72459082629487,1.33977609218502,"AM",TRUE,"logSRL"
"Astragalus_aboriginum",0.00139741135840537,0.0645429636932133,0.172946239349867,3.72459082629214,3.72459082629487,1.33977609218502,"AM",TRUE,"logSRL"
"Astragalus_pelecinus",0.00139741135840537,0.0645429636932133,0.172946239349867,3.72459082629214,3.72459082629487,1.33977609218503,"AM",TRUE,"logSRL"
"Oxytropis_sericea",0.00139741135840537,0.0645429636932133,0.172946239349867,3.72459082629214,3.72459082629487,1.33977609218502,"AM",TRUE,"logSRL"
"Caragana_microphylla",0.00139741135840537,0.0645429636932133,0.172946239349867,3.72459082629214,3.72459082629487,1.33977609218503,"AM",TRUE,"logSRL"
"Lotus_tenuis",0.00139741135840537,0.0645429636932133,0.172946239349867,3.72459082629214,3.72459082629487,1.33977609218503,"AM",TRUE,"logSRL"
"Lotus_corniculatus",0.00139741135840537,0.0645429636932133,0.172946239349867,3.72459082629214,3.72459082629487,1.33977609218503,"AM",TRUE,"logSRL"
"Ornithopus_sativus",0.00139741135840537,0.0645429636932133,0.172946239349867,3.72459082629214,3.72459082629487,1.33977609218503,"AM",TRUE,"logSRL"
"Ornithopus_compressus",0.00139741135840537,0.0645429636932133,0.172946239349867,3.72459082629214,3.72459082629487,1.33977609218503,"AM",TRUE,"logSRL"
"Anthyllis_cytisoides",0.00139741135840537,0.0645429636932133,0.172946239349867,3.72459082629214,3.72459082629487,1.33977609218503,"AM",TRUE,"logSRL"
"Anthyllis_terniflora",0.00139741135840537,0.0645429636932133,0.172946239349867,3.72459082629214,3.72459082629487,1.33977609218503,"AM",TRUE,"logSRL"
"Coronilla_juncea",0.00139741135840537,0.0645429636932133,0.172946239349867,3.72459082629214,3.72459082629487,1.33977609218503,"AM",TRUE,"logSRL"
"Coronilla_minima",0.00139741135840537,0.0645429636932133,0.172946239349867,3.72459082629214,3.72459082629487,1.33977609218503,"AM",TRUE,"logSRL"
"Gliricidia_sepium",0.00139741135840537,0.0645429636932133,0.172946239349867,3.72459082629214,3.72459082629487,1.33977609218502,"AM",TRUE,"logSRL"
"Pueraria_stricta",0.00139741135840537,0.0645429636932133,0.172946239349867,3.72459082629214,3.72459082629487,1.33977609218502,"AM",TRUE,"logSRL"
"Bituminaria_bituminosa",0.00139741135840537,0.0645429636932133,0.172946239349867,3.72459082629214,3.72459082629487,1.33977609218502,"AM",TRUE,"logSRL"
"Desmodium_canadense",0.00139741135840537,0.0645429636932133,0.172946239349867,3.72459082629214,3.72459082629487,1.33977609218503,"AM",TRUE,"logSRL"
"Lespedeza_bicolor",0.00139741135840537,0.0645429636932133,0.172946239349867,3.72459082629214,3.72459082629487,1.33977609218502,"AM",TRUE,"logSRL"
"Lespedeza_davurica",0.00139741135840537,0.0645429636932133,0.172946239349867,3.72459082629214,3.72459082629487,1.33977609218502,"AM",TRUE,"logSRL"
"Lespedeza_davidii",0.00139741135840537,0.0645429636932133,0.172946239349867,3.72459082629214,3.72459082629487,1.33977609218503,"AM",TRUE,"logSRL"
"Lespedeza_thunbergii",0.00139741135840537,0.0645429636932133,0.172946239349867,3.72459082629214,3.72459082629487,1.33977609218503,"AM",TRUE,"logSRL"
"Lespedeza_capitata",0.00139741135840537,0.0645429636932133,0.172946239349867,3.72459082629214,3.72459082629487,1.33977609218502,"AM",TRUE,"logSRL"
"Millettia_leptobotrya",0.00139741135840537,0.0645429636932133,0.172946239349867,3.72459082629214,3.72459082629487,1.33977609218503,"AM",TRUE,"logSRL"
"Clitoria_javitensis",0.00139741135840537,0.0645429636932133,0.172946239349867,3.72459082629214,3.72459082629487,1.33977609218503,"AM",TRUE,"logSRL"
"Dalea_purpurea",0.00139741135840537,0.0645429636932133,0.172946239349867,3.72459082629214,3.72459082629487,1.33977609218503,"AM",TRUE,"logSRL"
"Lupinus_perennis",0.000235660924571089,0.0645429636932133,0.172946239349867,5.07600172226667,4.34462209556026,1.33977609218503,"NM",TRUE,"logSRL"
"Cytisus_grandiflorus",0.00139741135840537,0.0645429636932133,0.172946239349867,3.72459082629214,3.72459082629487,1.33977609218503,"AM",TRUE,"logSRL"
"Genista_triacanthos",0.00139741135840537,0.0645429636932133,0.172946239349867,3.72459082629214,3.72459082629487,1.33977609218503,"AM",TRUE,"logSRL"
"Genista_hirsuta",0.00139741135840537,0.0645429636932133,0.172946239349867,3.72459082629214,3.72459082629487,1.33977609218503,"AM",TRUE,"logSRL"
"Ulex_parviflorus",0.00139741135840537,0.0645429636932133,0.172946239349867,3.72459082629214,3.72459082629487,1.33977609218503,"AM",TRUE,"logSRL"
"Calpurnia_aurea",0.00139741135840537,0.0645429636932133,0.172946239349867,3.72459082629214,3.72459082629487,1.33977609218502,"AM",TRUE,"logSRL"
"Thermopsis_rhombifolia",0.00139741135840537,0.0645429636932133,0.172946239349867,3.72459082629214,3.72459082629487,1.33977609218503,"AM",TRUE,"logSRL"
"Baptisia_alba",0.00139741135840537,0.0645429636932133,0.172946239349867,3.72459082629214,3.72459082629487,1.33977609218503,"AM",TRUE,"logSRL"
"Pterocarpus_indicus",0.00139741135840537,0.0645429636932133,0.172946239349867,3.72459082629214,3.72459082629487,1.33977609218503,"AM",TRUE,"logSRL"
"Platypodium_elegans",0.00139741135840537,0.0645429636932133,0.172946239349867,3.72459082629214,3.72459082629487,1.33977609218503,"AM",TRUE,"logSRL"
"Sophora_microphylla",0.00139741135840537,0.0645429636932133,0.172946239349867,3.72459082629214,3.72459082629487,1.33977609218503,"AM",TRUE,"logSRL"
"Styphnolobium_japonicum",0.00139741135840537,0.0645429636932133,0.172946239349867,3.72459082629214,3.72459082629487,1.33977609218503,"AM",TRUE,"logSRL"
"Leucaena_Leucocephala",0.00139741135840537,0.0645429636932133,0.172946239349867,3.72459082629214,3.72459082629487,1.33977609218502,"AM",TRUE,"logSRL"
"Acacia_mangium",0.000226500259659453,0.0645429636932133,0.172946239349867,4.31893437075217,4.11391266950753,1.33977609218502,"EcMAM",TRUE,"logSRL"
"Acacia_auriculiformis",0.000226500259659453,0.0645429636932133,0.172946239349867,4.31893437075217,4.11391266950753,1.33977609218502,"EcMAM",TRUE,"logSRL"
"Acacia_crassicarpa",0.000226500259659453,0.0645429636932133,0.172946239349867,4.31893437075217,4.11391266950753,1.33977609218502,"EcMAM",TRUE,"logSRL"
"Archidendron_lucidum",0.00139741135840537,0.0645429636932133,0.172946239349867,3.72459082629214,3.72459082629487,1.33977609218502,"AM",TRUE,"logSRL"
"Archidendron_clypearia",0.00139741135840537,0.0645429636932133,0.172946239349867,3.72459082629214,3.72459082629487,1.33977609218502,"AM",TRUE,"logSRL"
"Chamaecrista_fasciculata",0.00139741135840537,0.0645429636932133,0.172946239349867,3.72459082629214,3.72459082629487,1.33977609218502,"AM",TRUE,"logSRL"
"Gleditsia_triacanthos",0.00139741135840537,0.0645429636932133,0.172946239349867,3.72459082629214,3.72459082629487,1.33977609218502,"AM",TRUE,"logSRL"
"Bauhinia_championii",0.00139741135840537,0.0645429636932133,0.172946239349867,3.72459082629214,3.72459082629487,1.33977609218504,"AM",TRUE,"logSRL"
"Cercis_canadensis",0.00139741135840537,0.0645429636932133,0.172946239349867,3.72459082629214,3.72459082629487,1.33977609218504,"AM",TRUE,"logSRL"
"Xanthophyllum_tenue",0.00139741135840537,0.0645429636932133,0.172946239349867,3.72459082629214,3.72459082629487,1.33977609218504,"AM",TRUE,"logSRL"
"Potentilla_tanacetifolia",0.00139741135840537,0.0645429636932133,0.172946239349867,3.72459082629214,3.72459082629487,1.33977609218504,"AM",TRUE,"logSRL"
"Potentilla_neumanniana",0.00139741135840537,0.0645429636932133,0.172946239349867,3.72459082629214,3.72459082629487,1.33977609218504,"AM",TRUE,"logSRL"
"Potentilla_acaulis",0.00139741135840537,0.0645429636932133,0.172946239349867,3.72459082629214,3.72459082629487,1.33977609218504,"AM",TRUE,"logSRL"
"Duchesnea_indica",0.00139741135840537,0.0645429636932133,0.172946239349867,3.72459082629214,3.72459082629487,1.33977609218504,"AM",TRUE,"logSRL"
"Alchemilla_alpina",0.00139741135840537,0.0645429636932133,0.172946239349867,3.72459082629214,3.72459082629487,1.33977609218504,"AM",TRUE,"logSRL"
"Sibbaldianthe_bifurca",0.00139741135840537,0.0645429636932133,0.172946239349867,3.72459082629214,3.72459082629487,1.33977609218504,"AM",TRUE,"logSRL"
"Fragaria_virginiana",0.00139741135840537,0.0645429636932133,0.172946239349867,3.72459082629214,3.72459082629487,1.33977609218504,"AM",TRUE,"logSRL"
"Potentilla_arguta",0.00139741135840537,0.0645429636932133,0.172946239349867,3.72459082629214,3.72459082629487,1.33977609218504,"AM",TRUE,"logSRL"
"Chamaerhodos_erecta",0.00139741135840537,0.0645429636932133,0.172946239349867,3.72459082629214,3.72459082629487,1.33977609218504,"AM",TRUE,"logSRL"
"Sanguisorba_officinalis",0.00139741135840537,0.0645429636932133,0.172946239349867,3.72459082629214,3.72459082629487,1.33977609218504,"AM",TRUE,"logSRL"
"Sanguisorba_minor",0.00139741135840537,0.0645429636932133,0.172946239349867,3.72459082629214,3.72459082629487,1.33977609218504,"AM",TRUE,"logSRL"
"Agrimonia_pilosa",0.00139741135840537,0.0645429636932133,0.172946239349867,3.72459082629214,3.72459082629487,1.33977609218504,"AM",TRUE,"logSRL"
"Rosa_arkansana",0.00139741135840537,0.0645429636932133,0.172946239349867,3.72459082629214,3.72459082629487,1.33977609218504,"AM",TRUE,"logSRL"
"Rosa_canina",0.00139741135840537,0.0645429636932133,0.172946239349867,3.72459082629214,3.72459082629487,1.33977609218504,"AM",TRUE,"logSRL"
"Rosa_acicularis",0.00139741135840537,0.0645429636932133,0.172946239349867,3.72459082629214,3.72459082629487,1.33977609218504,"AM",TRUE,"logSRL"
"Rosa_xanthina",0.00139741135840537,0.0645429636932133,0.172946239349867,3.72459082629214,3.72459082629487,1.33977609218504,"AM",TRUE,"logSRL"
"Rubus_irritans",0.00139741135840537,0.0645429636932133,0.172946239349867,3.72459082629214,3.72459082629487,1.33977609218504,"AM",TRUE,"logSRL"
"Rubus_ulmifolius",0.00139741135840537,0.0645429636932133,0.172946239349867,3.72459082629214,3.72459082629487,1.33977609218504,"AM",TRUE,"logSRL"
"Rubus_allegheniensis",0.00139741135840537,0.0645429636932133,0.172946239349867,3.72459082629214,3.72459082629487,1.33977609218504,"AM",TRUE,"logSRL"
"Rubus_corchorifolius",0.00139741135840537,0.0645429636932133,0.172946239349867,3.72459082629214,3.72459082629487,1.33977609218504,"AM",TRUE,"logSRL"
"Rubus_rosifolius",0.00139741135840537,0.0645429636932133,0.172946239349867,3.72459082629214,3.72459082629487,1.33977609218504,"AM",TRUE,"logSRL"
"Rubus_crataegifolius",0.00139741135840537,0.0645429636932133,0.172946239349867,3.72459082629214,3.72459082629487,1.33977609218504,"AM",TRUE,"logSRL"
"Rubus_phoenicolasius",0.00139741135840537,0.0645429636932133,0.172946239349867,3.72459082629214,3.72459082629487,1.33977609218504,"AM",TRUE,"logSRL"
"Rubus_idaeus",0.00139741135840537,0.0645429636932133,0.172946239349867,3.72459082629214,3.72459082629487,1.33977609218504,"AM",TRUE,"logSRL"
"Filipendula_palmata",0.00139741135840537,0.0645429636932133,0.172946239349867,3.72459082629214,3.72459082629487,1.33977609218504,"AM",TRUE,"logSRL"
"Malus_domestica",0.00139741135840537,0.0645429636932133,0.172946239349867,3.72459082629214,3.72459082629487,1.33977609218504,"AM",TRUE,"logSRL"
"Malus_baccata",0.00139741135840537,0.0645429636932133,0.172946239349867,3.72459082629214,3.72459082629487,1.33977609218504,"AM",TRUE,"logSRL"
"Cydonia_oblonga",0.00139741135840537,0.0645429636932133,0.172946239349867,3.72459082629214,3.72459082629487,1.33977609218504,"AM",TRUE,"logSRL"
"Crataegus_pinnatifida",0.00139741135840537,0.0645429636932133,0.172946239349867,3.72459082629214,3.72459082629487,1.33977609218504,"AM",TRUE,"logSRL"
"Crataegus_monogyna",0.00139741135840537,0.0645429636932133,0.172946239349867,3.72459082629214,3.72459082629487,1.33977609218504,"AM",TRUE,"logSRL"
"Cotoneaster_multiflorus",0.00139741135840537,0.0645429636932133,0.172946239349867,3.72459082629214,3.72459082629487,1.33977609218504,"AM",TRUE,"logSRL"
"Cotoneaster_adpressus",0.00139741135840537,0.0645429636932133,0.172946239349867,3.72459082629214,3.72459082629487,1.33977609218504,"AM",TRUE,"logSRL"
"Cotoneaster_acutifolius",0.00139741135840537,0.0645429636932133,0.172946239349867,3.72459082629214,3.72459082629487,1.33977609218504,"AM",TRUE,"logSRL"
"Pyrus_bourgaeana",0.00139741135840537,0.0645429636932133,0.172946239349867,3.72459082629214,3.72459082629487,1.33977609218504,"AM",TRUE,"logSRL"
"Pyrus_betulifolia",0.00139741135840537,0.0645429636932133,0.172946239349867,3.72459082629214,3.72459082629487,1.33977609218504,"AM",TRUE,"logSRL"
"Sorbus_discolor",0.00139741135840537,0.0645429636932133,0.172946239349867,3.72459082629214,3.72459082629487,1.33977609218504,"AM",TRUE,"logSRL"
"Sorbus_aucuparia",0.00139741135840537,0.0645429636932133,0.172946239349867,3.72459082629214,3.72459082629487,1.33977609218504,"AM",TRUE,"logSRL"
"Eriobotrya_japonica",0.00139741135840537,0.0645429636932133,0.172946239349867,3.72459082629214,3.72459082629487,1.33977609218504,"AM",TRUE,"logSRL"
"Rhaphiolepis_indica",0.00139741135840537,0.0645429636932133,0.172946239349867,3.72459082629214,3.72459082629487,1.33977609218504,"AM",TRUE,"logSRL"
"Amelanchier_alnifolia",0.00139741135840537,0.0645429636932133,0.172946239349867,3.72459082629214,3.72459082629487,1.33977609218504,"AM",TRUE,"logSRL"
"Spiraea_dahurica",0.00139741135840537,0.0645429636932133,0.172946239349867,3.72459082629214,3.72459082629487,1.33977609218504,"AM",TRUE,"logSRL"
"Spiraea_pubescens",0.00139741135840537,0.0645429636932133,0.172946239349867,3.72459082629214,3.72459082629487,1.33977609218504,"AM",TRUE,"logSRL"
"Prunus_alabamensis",0.00139741135840537,0.0645429636932133,0.172946239349867,3.72459082629214,3.72459082629487,1.33977609218504,"AM",TRUE,"logSRL"
"Prunus_armeniaca",0.00139741135840537,0.0645429636932133,0.172946239349867,3.72459082629214,3.72459082629487,1.33977609218504,"AM",TRUE,"logSRL"
"Prunus_sibirica",0.00139741135840537,0.0645429636932133,0.172946239349867,3.72459082629214,3.72459082629487,1.33977609218504,"AM",TRUE,"logSRL"
"Prunus_persica",0.00139741135840537,0.0645429636932133,0.172946239349867,3.72459082629214,3.72459082629487,1.33977609218504,"AM",TRUE,"logSRL"
"Prunus_sargentii",0.00139741135840537,0.0645429636932133,0.172946239349867,3.72459082629214,3.72459082629487,1.33977609218504,"AM",TRUE,"logSRL"
"Prunus_avium",0.00139741135840537,0.0645429636932133,0.172946239349867,3.72459082629214,3.72459082629487,1.33977609218504,"AM",TRUE,"logSRL"
"Prunus_virginiana",0.00139741135840537,0.0645429636932133,0.172946239349867,3.72459082629214,3.72459082629487,1.33977609218504,"AM",TRUE,"logSRL"
"Prunus_serotina",0.00139741135840537,0.0645429636932133,0.172946239349867,3.72459082629214,3.72459082629487,1.33977609218504,"AM",TRUE,"logSRL"
"Prunus_padus",0.00139741135840537,0.0645429636932133,0.172946239349867,3.72459082629214,3.72459082629487,1.33977609218504,"AM",TRUE,"logSRL"
"Ficus_variolosa",0.00139741135840537,0.0645429636932133,0.172946239349867,3.72459082629214,3.72459082629487,1.33977609218504,"AM",TRUE,"logSRL"
"Ficus_carica",0.00139741135840537,0.0645429636932133,0.172946239349867,3.72459082629214,3.72459082629487,1.33977609218504,"AM",TRUE,"logSRL"
"Ficus_tikoua",0.00139741135840537,0.0645429636932133,0.172946239349867,3.72459082629214,3.72459082629487,1.33977609218504,"AM",TRUE,"logSRL"
"Artocarpus_styracifolius",0.00139741135840537,0.0645429636932133,0.172946239349867,3.72459082629214,3.72459082629487,1.33977609218504,"AM",TRUE,"logSRL"
"Oreocnide_frutescens",0.00111604698386932,0.0645429636932133,0.172946239349867,4.19972002597252,4.14765005134581,1.33977609218504,"NMAM",TRUE,"logSRL"
"Celtis_australis",0.00139741135840537,0.0645429636932133,0.172946239349867,3.72459082629214,3.72459082629487,1.33977609218504,"AM",TRUE,"logSRL"
"Celtis_sinensis",0.00139741135840537,0.0645429636932133,0.172946239349867,3.72459082629214,3.72459082629487,1.33977609218504,"AM",TRUE,"logSRL"
"Gironniera_subaequalis",0.00139741135840537,0.0645429636932133,0.172946239349867,3.72459082629214,3.72459082629487,1.33977609218504,"AM",TRUE,"logSRL"
"Ulmus_laciniata",0.00139741135840537,0.0645429636932133,0.172946239349867,3.72459082629214,3.72459082629487,1.33977609218503,"AM",TRUE,"logSRL"
"Ulmus_minor",0.00139741135840537,0.0645429636932133,0.172946239349867,3.72459082629214,3.72459082629487,1.33977609218504,"AM",TRUE,"logSRL"
"Ulmus_macrocarpa",0.00139741135840537,0.0645429636932133,0.172946239349867,3.72459082629214,3.72459082629487,1.33977609218504,"AM",TRUE,"logSRL"
"Ulmus_pumila",0.00139741135840537,0.0645429636932133,0.172946239349867,3.72459082629214,3.72459082629487,1.33977609218504,"AM",TRUE,"logSRL"
"Ulmus_davidiana",0.00139741135840537,0.0645429636932133,0.172946239349867,3.72459082629214,3.72459082629487,1.33977609218504,"AM",TRUE,"logSRL"
"Ulmus_rubra",0.00139741135840537,0.0645429636932133,0.172946239349867,3.72459082629214,3.72459082629487,1.33977609218504,"AM",TRUE,"logSRL"
"Ulmus_americana",0.00139741135840537,0.0645429636932133,0.172946239349867,3.72459082629214,3.72459082629487,1.33977609218503,"AM",TRUE,"logSRL"
"Rhamnus_davurica",0.00139741135840537,0.0645429636932133,0.172946239349867,3.72459082629214,3.72459082629487,1.33977609218503,"AM",TRUE,"logSRL"
"Rhamnus_lycioides",0.00139741135840537,0.0645429636932133,0.172946239349867,3.72459082629214,3.72459082629487,1.33977609218503,"AM",TRUE,"logSRL"
"Rhamnus_alaternus",0.00139741135840537,0.0645429636932133,0.172946239349867,3.72459082629214,3.72459082629487,1.33977609218503,"AM",TRUE,"logSRL"
"Elaeagnus_commutata",0.00139741135840537,0.0645429636932133,0.172946239349867,3.72459082629214,3.72459082629487,1.33977609218504,"AM",TRUE,"logSRL"
"Coriaria_arborea",0.00139741135840537,0.0645429636932133,0.172946239349867,3.72459082629214,3.72459082629487,1.33977609218504,"AM",TRUE,"logSRL"
"Coriaria_nepalensis",0.00139741135840537,0.0645429636932133,0.172946239349867,3.72459082629214,3.72459082629487,1.33977609218504,"AM",TRUE,"logSRL"
"Corynocarpus_laevigatus",0.00139741135840537,0.0645429636932133,0.172946239349867,3.72459082629214,3.72459082629487,1.33977609218503,"AM",TRUE,"logSRL"
"Carpinus_caroliniana",0.000577727383008897,0.0645429636932133,0.172946239349867,3.70146242297556,3.70148722378391,1.33977609218503,"EcM",TRUE,"logSRL"
"Carpinus_betulus",0.000577727383008897,0.0645429636932133,0.172946239349867,3.70146242297556,3.70148722378391,1.33977609218503,"EcM",TRUE,"logSRL"
"Carpinus_cordata",0.000577727383008897,0.0645429636932133,0.172946239349867,3.70146242297556,3.70148722378391,1.33977609218503,"EcM",TRUE,"logSRL"
"Corylus_ferox",0.000577727383008897,0.0645429636932133,0.172946239349867,3.70146242297556,3.70148722378391,1.33977609218503,"EcM",TRUE,"logSRL"
"Corylus_sieboldiana",0.000577727383008897,0.0645429636932133,0.172946239349867,3.70146242297556,3.70148722378391,1.33977609218503,"EcM",TRUE,"logSRL"
"Betula_albosinensis",0.000577727383008897,0.0645429636932133,0.172946239349867,3.70146242297556,3.70148722378391,1.33977609218504,"EcM",TRUE,"logSRL"
"Betula_platyphylla",0.000577727383008897,0.0645429636932133,0.172946239349867,3.70146242297556,3.70148722378391,1.33977609218504,"EcM",TRUE,"logSRL"
"Betula_pendula",0.000577727383008897,0.0645429636932133,0.172946239349867,3.70146242297556,3.70148722378391,1.33977609218504,"EcM",TRUE,"logSRL"
"Betula_dahurica",0.000577727383008897,0.0645429636932133,0.172946239349867,3.70146242297556,3.70148722378391,1.33977609218504,"EcM",TRUE,"logSRL"
"Betula_costata",0.000577727383008897,0.0645429636932133,0.172946239349867,3.70146242297556,3.70148722378391,1.33977609218504,"EcM",TRUE,"logSRL"
"Betula_fruticosa",0.000577727383008897,0.0645429636932133,0.172946239349867,3.70146242297556,3.70148722378391,1.33977609218504,"EcM",TRUE,"logSRL"
"Betula_alleghaniensis",0.000577727383008897,0.0645429636932133,0.172946239349867,3.70146242297556,3.70148722378391,1.33977609218504,"EcM",TRUE,"logSRL"
"Betula_lenta",0.000577727383008897,0.0645429636932133,0.172946239349867,3.70146242297556,3.70148722378391,1.33977609218504,"EcM",TRUE,"logSRL"
"Alnus_glutinosa",0.000577727383008897,0.0645429636932133,0.172946239349867,3.70146242297556,3.70148722378391,1.33977609218504,"EcM",TRUE,"logSRL"
"Alnus_hirsuta",0.000577727383008897,0.0645429636932133,0.172946239349867,3.70146242297556,3.70148722378391,1.33977609218504,"EcM",TRUE,"logSRL"
"Alnus_formosana",0.000577727383008897,0.0645429636932133,0.172946239349867,3.70146242297556,3.70148722378391,1.33977609218504,"EcM",TRUE,"logSRL"
"Alnus_mandshurica",0.000577727383008897,0.0645429636932133,0.172946239349867,3.70146242297556,3.70148722378391,1.33977609218504,"EcM",TRUE,"logSRL"
"Engelhardia_roxburghiana",0.000577727383008897,0.0645429636932133,0.172946239349867,3.70146242297556,3.7014872237679,1.33977609218502,"EcM",TRUE,"logSRL"
"Juglans_nigra",0.00139741135840537,0.0645429636932133,0.172946239349867,3.72459082629214,3.71819246358014,1.33977609218502,"AM",TRUE,"logSRL"
"Juglans_mandshurica",0.00139741135840537,0.0645429636932133,0.172946239349867,3.72459082629214,3.71819246358014,1.33977609218502,"AM",TRUE,"logSRL"
"Carya_glabra",0.000577727383008897,0.0645429636932133,0.172946239349867,3.70146242297556,3.70148722378391,1.33977609218503,"EcM",TRUE,"logSRL"
"Carya_cordiformis",0.000577727383008897,0.0645429636932133,0.172946239349867,3.70146242297556,3.70148722378391,1.33977609218503,"EcM",TRUE,"logSRL"
"Carya_ovata",0.000577727383008897,0.0645429636932133,0.172946239349867,3.70146242297556,3.70148722378391,1.33977609218503,"EcM",TRUE,"logSRL"
"Quercus_lowii",0.000577727383008897,0.0645429636932133,0.172946239349867,3.70146242297556,3.70148722371988,1.33977609218503,"EcM",TRUE,"logSRL"
"Quercus_ilex",0.000577727383008897,0.0645429636932133,0.172946239349867,3.70146242297556,3.70148722370387,1.33977609218502,"EcM",TRUE,"logSRL"
"Quercus_serrata",0.000577727383008897,0.0645429636932133,0.172946239349867,3.70146242297556,3.70148722378391,1.33977609218504,"EcM",TRUE,"logSRL"
"Quercus_robur",0.000577727383008897,0.0645429636932133,0.172946239349867,3.70146242297556,3.7014872237679,1.33977609218502,"EcM",TRUE,"logSRL"
"Quercus_mongolica",0.000577727383008897,0.0645429636932133,0.172946239349867,3.70146242297556,3.70148722370387,1.33977609218502,"EcM",TRUE,"logSRL"
"Quercus_aliena",0.000577727383008897,0.0645429636932133,0.172946239349867,3.70146242297556,3.70148722375189,1.33977609218503,"EcM",TRUE,"logSRL"
"Quercus_alba",0.000577727383008897,0.0645429636932133,0.172946239349867,3.70146242297556,3.70148722371988,1.33977609218503,"EcM",TRUE,"logSRL"
"Quercus_macrocarpa",0.000577727383008897,0.0645429636932133,0.172946239349867,3.70146242297556,3.70148722371988,1.33977609218503,"EcM",TRUE,"logSRL"
"Quercus_bicolor",0.000577727383008897,0.0645429636932133,0.172946239349867,3.70146242297556,3.70148722371988,1.33977609218503,"EcM",TRUE,"logSRL"
"Quercus_canariensis",0.000577727383008897,0.0645429636932133,0.172946239349867,3.70146242297556,3.70148722371988,1.33977609218503,"EcM",TRUE,"logSRL"
"Quercus_faginea",0.000577727383008897,0.0645429636932133,0.172946239349867,3.70146242297556,3.70148722371988,1.33977609218503,"EcM",TRUE,"logSRL"
"Quercus_wutaishanica",0.000577727383008897,0.0645429636932133,0.172946239349867,3.70146242297556,3.70148722371988,1.33977609218503,"EcM",TRUE,"logSRL"
"Quercus_suber",0.000577727383008897,0.0645429636932133,0.172946239349867,3.70146242297556,3.70148722371988,1.33977609218503,"EcM",TRUE,"logSRL"
"Quercus_variabilis",0.000577727383008897,0.0645429636932133,0.172946239349867,3.70146242297556,3.70148722371988,1.33977609218503,"EcM",TRUE,"logSRL"
"Quercus_asymmetrica",0.000577727383008897,0.0645429636932133,0.172946239349867,3.70146242297556,3.70148722371988,1.33977609218503,"EcM",TRUE,"logSRL"
"Quercus_glauca",0.000577727383008897,0.0645429636932133,0.172946239349867,3.70146242297556,3.70148722371988,1.33977609218503,"EcM",TRUE,"logSRL"
"Quercus_oxyodon",0.000577727383008897,0.0645429636932133,0.172946239349867,3.70146242297556,3.70148722371988,1.33977609218503,"EcM",TRUE,"logSRL"
"Quercus_multinervis",0.000577727383008897,0.0645429636932133,0.172946239349867,3.70146242297556,3.70148722371988,1.33977609218503,"EcM",TRUE,"logSRL"
"Quercus_coccifera",0.000577727383008897,0.0645429636932133,0.172946239349867,3.70146242297556,3.70148722371988,1.33977609218503,"EcM",TRUE,"logSRL"
"Quercus_palustris",0.000577727383008897,0.0645429636932133,0.172946239349867,3.70146242297556,3.70148722371988,1.33977609218503,"EcM",TRUE,"logSRL"
"Quercus_rubra",0.000577727383008897,0.0645429636932133,0.172946239349867,3.70146242297556,3.70148722371988,1.33977609218503,"EcM",TRUE,"logSRL"
"Castanopsis_carlesii",0.000577727383008897,0.0645429636932133,0.172946239349867,3.70146242297556,3.70148722378391,1.33977609218504,"EcM",TRUE,"logSRL"
"Castanopsis_faberi",0.000577727383008897,0.0645429636932133,0.172946239349867,3.70146242297556,3.70148722378391,1.33977609218504,"EcM",TRUE,"logSRL"
"Castanopsis_fargesii",0.000577727383008897,0.0645429636932133,0.172946239349867,3.70146242297556,3.70148722378391,1.33977609218504,"EcM",TRUE,"logSRL"
"Castanopsis_echinocarpa",0.000577727383008897,0.0645429636932133,0.172946239349867,3.70146242297556,3.70148722378391,1.33977609218504,"EcM",TRUE,"logSRL"
"Castanopsis_fissa",0.000577727383008897,0.0645429636932133,0.172946239349867,3.70146242297556,3.70148722378391,1.33977609218504,"EcM",TRUE,"logSRL"
"Castanopsis_wattii",0.000577727383008897,0.0645429636932133,0.172946239349867,3.70146242297556,3.70148722378391,1.33977609218504,"EcM",TRUE,"logSRL"
"Castanopsis_eyrei",0.000577727383008897,0.0645429636932133,0.172946239349867,3.70146242297556,3.70148722378391,1.33977609218504,"EcM",TRUE,"logSRL"
"Castanopsis_hystrix",0.000577727383008897,0.0645429636932133,0.172946239349867,3.70146242297556,3.70148722378391,1.33977609218504,"EcM",TRUE,"logSRL"
"Castanea_henryi",0.000577727383008897,0.0645429636932133,0.172946239349867,3.70146242297556,3.70148722378391,1.33977609218504,"EcM",TRUE,"logSRL"
"Lithocarpus_rigidus",0.000577727383008897,0.0645429636932133,0.172946239349867,3.70146242297556,3.7014872237679,1.33977609218502,"EcM",TRUE,"logSRL"
"Lithocarpus_lampadarius",0.000577727383008897,0.0645429636932133,0.172946239349867,3.70146242297556,3.70148722373589,1.33977609218502,"EcM",TRUE,"logSRL"
"Lithocarpus_confertus",0.000577727383008897,0.0645429636932133,0.172946239349867,3.70146242297556,3.70148722371988,1.33977609218503,"EcM",TRUE,"logSRL"
"Lithocarpus_clementianus",0.000577727383008897,0.0645429636932133,0.172946239349867,3.70146242297556,3.70148722378391,1.33977609218504,"EcM",TRUE,"logSRL"
"Lithocarpus_chiungchungensis",0.000577727383008897,0.0645429636932133,0.172946239349867,3.70146242297556,3.70148722375189,1.33977609218503,"EcM",TRUE,"logSRL"
"Lithocarpus_fenestratus",0.000577727383008897,0.0645429636932133,0.172946239349867,3.70146242297556,3.70148722371988,1.33977609218503,"EcM",TRUE,"logSRL"
"Lithocarpus_cleistocarpus",0.000577727383008897,0.0645429636932133,0.172946239349867,3.70146242297556,3.70148722371988,1.33977609218503,"EcM",TRUE,"logSRL"
"Fagus_sylvatica",0.000577727383008897,0.0645429636932133,0.172946239349867,3.70146242297556,3.70148722378391,1.33977609218504,"EcM",TRUE,"logSRL"
"Fagus_grandifolia",0.000577727383008897,0.0645429636932133,0.172946239349867,3.70146242297556,3.7014872237679,1.33977609218503,"EcM",TRUE,"logSRL"
"Fagus_engleriana",0.000577727383008897,0.0645429636932133,0.172946239349867,3.70146242297556,3.7014872237679,1.33977609218503,"EcM",TRUE,"logSRL"
"Nothofagus_solandri",0.000577727383008897,0.0645429636932133,0.172946239349867,3.70146242297556,3.7014872237679,1.33977609218502,"EcM",TRUE,"logSRL"
"Nothofagus_menziesii",0.000577727383008897,0.0645429636932133,0.172946239349867,3.70146242297556,3.7014872237679,1.33977609218502,"EcM",TRUE,"logSRL"
"Nothofagus_fusca",0.000577727383008897,0.0645429636932133,0.172946239349867,3.70146242297556,3.7014872237679,1.33977609218502,"EcM",TRUE,"logSRL"
"Nothofagus_obliqua",0.000577727383008897,0.0645429636932133,0.172946239349867,3.70146242297556,3.7014872237679,1.33977609218502,"EcM",TRUE,"logSRL"
"Hypericum_perforatum",0.00139741135840537,0.0645429636932133,0.172946239349867,3.72459082629214,3.72459082629487,1.33977609218503,"AM",TRUE,"logSRL"
"Cratoxylum_cochinchinense",0.00139741135840537,0.0645429636932133,0.172946239349867,3.72459082629214,3.72459082629487,1.33977609218503,"AM",TRUE,"logSRL"
"Garcinia_cowa",0.00139741135840537,0.0645429636932133,0.172946239349867,3.72459082629214,3.72459082629487,1.33977609218503,"AM",TRUE,"logSRL"
"Garcinia_oblongifolia",0.00139741135840537,0.0645429636932133,0.172946239349867,3.72459082629214,3.72459082629487,1.33977609218503,"AM",TRUE,"logSRL"
"Salix_atrocinerea",0.000226500259659453,0.0645429636932133,0.172946239349867,4.31893437075217,4.27933640454559,1.33977609218503,"EcMAM",TRUE,"logSRL"
"Salix_gordejevii",0.000226500259659453,0.0645429636932133,0.172946239349867,4.31893437075217,4.27933637898788,1.33977609218504,"EcMAM",TRUE,"logSRL"
"Salix_pierotii",0.000226500259659453,0.0645429636932133,0.172946239349867,4.31893437075217,4.27933640454559,1.33977609218503,"EcMAM",TRUE,"logSRL"
"Salix_viminalis",0.000226500259659453,0.0645429636932133,0.172946239349867,4.31893437075217,4.27933640454559,1.33977609218503,"EcMAM",TRUE,"logSRL"
"Salix_caprea",0.000226500259659453,0.0645429636932133,0.172946239349867,4.31893437075217,4.27933640454559,1.33977609218503,"EcMAM",TRUE,"logSRL"
"Salix_raddeana",0.000226500259659453,0.0645429636932133,0.172946239349867,4.31893437075217,4.27933640454559,1.33977609218503,"EcMAM",TRUE,"logSRL"
"Populus_grandidentata",0.000226500259659453,0.0645429636932133,0.172946239349867,4.31893437075217,4.2791482012284,1.33977609218504,"EcMAM",TRUE,"logSRL"
"Populus_alba",0.000226500259659453,0.0645429636932133,0.172946239349867,4.31893437075217,4.2791482012284,1.33977609218504,"EcMAM",TRUE,"logSRL"
"Populus_tremula",0.000226500259659453,0.0645429636932133,0.172946239349867,4.31893437075217,4.2791482012284,1.33977609218504,"EcMAM",TRUE,"logSRL"
"Populus_tremuloides",0.000226500259659453,0.0645429636932133,0.172946239349867,4.31893437075217,4.2791482012284,1.33977609218504,"EcMAM",TRUE,"logSRL"
"Populus_cathayana",0.000226500259659453,0.0645429636932133,0.172946239349867,4.31893437075217,4.2791482012284,1.33977609218504,"EcMAM",TRUE,"logSRL"
"Populus_koreana",0.000226500259659453,0.0645429636932133,0.172946239349867,4.31893437075217,4.2791482012284,1.33977609218504,"EcMAM",TRUE,"logSRL"
"Populus_balsamifera",0.000226500259659453,0.0645429636932133,0.172946239349867,4.31893437075217,4.2791482012284,1.33977609218504,"EcMAM",TRUE,"logSRL"
"Populus_trichocarpa",0.000226500259659453,0.0645429636932133,0.172946239349867,4.31893437075217,4.2791482012284,1.33977609218504,"EcMAM",TRUE,"logSRL"
"Populus_deltoides",0.000226500259659453,0.0645429636932133,0.172946239349867,4.31893437075217,4.2791482012284,1.33977609218504,"EcMAM",TRUE,"logSRL"
"Dovyalis_abyssinica",0.00139741135840537,0.0645429636932133,0.172946239349867,3.72459082629214,3.72872435662515,1.33977609218504,"AM",TRUE,"logSRL"
"Viola_adunca",0.00139741135840537,0.0645429636932133,0.172946239349867,3.72459082629214,3.72459082629487,1.33977609218503,"AM",TRUE,"logSRL"
"Viola_thomasiana",0.00139741135840537,0.0645429636932133,0.172946239349867,3.72459082629214,3.72459082629487,1.33977609218503,"AM",TRUE,"logSRL"
"Melicytus_ramiflorus",0.00139741135840537,0.0645429636932133,0.172946239349867,3.72459082629214,3.72459082629487,1.33977609218504,"AM",TRUE,"logSRL"
"Antidesma_maclurei",0.00139741135840537,0.0645429636932133,0.172946239349867,3.72459082629214,3.72459082629487,1.33977609218504,"AM",TRUE,"logSRL"
"Aporosa_subcaudata",0.00139741135840537,0.0645429636932133,0.172946239349867,3.72459082629214,3.72459082629487,1.33977609218504,"AM",TRUE,"logSRL"
"Aporosa_octandra",0.00139741135840537,0.0645429636932133,0.172946239349867,3.72459082629214,3.72459082629487,1.33977609218504,"AM",TRUE,"logSRL"
"Aporosa_yunnanensis",0.00139741135840537,0.0645429636932133,0.172946239349867,3.72459082629214,3.72459082629487,1.33977609218504,"AM",TRUE,"logSRL"
"Carallia_brachiata",0.00139741135840537,0.0645429636932133,0.172946239349867,3.72459082629214,3.72459082629487,1.33977609218503,"AM",TRUE,"logSRL"
"Galearia_maingayi",0.00139741135840537,0.0645429636932133,0.172946239349867,3.72459082629214,3.72459082629487,1.33977609218503,"AM",TRUE,"logSRL"
"Euphorbia_cyparissias",0.00139741135840537,0.0645429636932133,0.172946239349867,3.72459082629214,3.72459082629487,1.33977609218504,"AM",TRUE,"logSRL"
"Aleurites_moluccana",0.00139741135840537,0.0645429636932133,0.172946239349867,3.72459082629214,3.72459082629487,1.33977609218504,"AM",TRUE,"logSRL"
"Endospermum_chinense",0.00139741135840537,0.0645429636932133,0.172946239349867,3.72459082629214,3.72459082629487,1.33977609218504,"AM",TRUE,"logSRL"
"Macaranga_sampsonii",0.00139741135840537,0.0645429636932133,0.172946239349867,3.72459082629214,3.72459082629487,1.33977609218504,"AM",TRUE,"logSRL"
"Mallotus_paniculatus",0.00139741135840537,0.0645429636932133,0.172946239349867,3.72459082629214,3.72459082629487,1.33977609218504,"AM",TRUE,"logSRL"
"Blumeodendron_tokbrai",0.00139741135840537,0.0645429636932133,0.172946239349867,3.72459082629214,3.72459082629487,1.33977609218503,"AM",TRUE,"logSRL"
"Alchornea_tiliifolia",0.00139741135840537,0.0645429636932133,0.172946239349867,3.72459082629214,3.72459082629487,1.33977609218503,"AM",TRUE,"logSRL"
"Alchornea_trewioides",0.00139741135840537,0.0645429636932133,0.172946239349867,3.72459082629214,3.72459082629487,1.33977609218503,"AM",TRUE,"logSRL"
"Linum_lewisii",0.00139741135840537,0.0645429636932133,0.172946239349867,3.72459082629214,3.72459082629487,1.33977609218504,"AM",TRUE,"logSRL"
"Elaeocarpus_dentatus",0.00139741135840537,0.0645429636932133,0.172946239349867,3.72459082629214,3.72459082629487,1.33977609218504,"AM",TRUE,"logSRL"
"Elaeocarpus_hookerianus",0.00139741135840537,0.0645429636932133,0.172946239349867,3.72459082629214,3.72459082629487,1.33977609218504,"AM",TRUE,"logSRL"
"Elaeocarpus_dubius",0.00139741135840537,0.0645429636932133,0.172946239349867,3.72459082629214,3.72459082629487,1.33977609218504,"AM",TRUE,"logSRL"
"Elaeocarpus_sylvestris",0.00139741135840537,0.0645429636932133,0.172946239349867,3.72459082629214,3.72459082629487,1.33977609218503,"AM",TRUE,"logSRL"
"Elaeocarpus_glabripetalus",0.00139741135840537,0.0645429636932133,0.172946239349867,3.72459082629214,3.72459082629487,1.33977609218503,"AM",TRUE,"logSRL"
"Aristotelia_serrata",0.00139741135840537,0.0645429636932133,0.172946239349867,3.72459082629214,3.72459082629487,1.33977609218504,"AM",TRUE,"logSRL"
"Weinmannia_racemosa",0.00139741135840537,0.0645429636932133,0.172946239349867,3.72459082629214,3.72459082629487,1.33977609218504,"AM",TRUE,"logSRL"
"Weinmannia_blumei",0.00139741135840537,0.0645429636932133,0.172946239349867,3.72459082629214,3.72459082629487,1.33977609218502,"AM",TRUE,"logSRL"
"Leiospermum_racemosum",0.00139741135840537,0.0645429636932133,0.172946239349867,3.72459082629214,3.72459082629487,1.33977609218502,"AM",TRUE,"logSRL"
"Weinmannia_silvicola",0.00139741135840537,0.0645429636932133,0.172946239349867,3.72459082629214,3.72459082629487,1.33977609218502,"AM",TRUE,"logSRL"
"Caldcluvia_rosifolia",0.00139741135840537,0.0645429636932133,0.172946239349867,3.72459082629214,3.72459082629487,1.33977609218503,"AM",TRUE,"logSRL"
"Prionostemma_aspera",0.00139741135840537,0.0645429636932133,0.172946239349867,3.72459082629214,3.72459082629487,1.33977609218504,"AM",TRUE,"logSRL"
"Euonymus_alatus",0.00139741135840537,0.0645429636932133,0.172946239349867,3.72459082629214,3.72459082629487,1.33977609218503,"AM",TRUE,"logSRL"
"Euonymus_verrucosus",0.00139741135840537,0.0645429636932133,0.172946239349867,3.72459082629214,3.72459082629487,1.33977609218503,"AM",TRUE,"logSRL"
"Maytenus_arbutifolia",0.00139741135840537,0.0645429636932133,0.172946239349867,3.72459082629214,3.72459082629487,1.33977609218503,"AM",TRUE,"logSRL"
"Maytenus_schippii",0.00139741135840537,0.0645429636932133,0.172946239349867,3.72459082629214,3.72459082629487,1.33977609218503,"AM",TRUE,"logSRL"
"Microtropis_discolor",0.00139741135840537,0.0645429636932133,0.172946239349867,3.72459082629214,3.72459082629487,1.33977609218504,"AM",TRUE,"logSRL"
"Alliaria_petiolata",0.000235660924571089,0.0645429636932133,0.172946239349867,5.07600172226667,5.04824872815091,1.33977609218504,"NM",TRUE,"logSRL"
"Draba_nemorosa",0.000235660924571089,0.0645429636932133,0.172946239349867,5.07600172226667,5.04824872815091,1.33977609218504,"NM",TRUE,"logSRL"
"Berteroa_incana",0.000235660924571089,0.0645429636932133,0.172946239349867,5.07600172226667,5.04824872815091,1.33977609218504,"NM",TRUE,"logSRL"
"Hesperis_matronalis",0.000235660924571089,0.0645429636932133,0.172946239349867,5.07600172226667,5.04824872815091,1.33977609218504,"NM",TRUE,"logSRL"
"Erysimum_inconspicuum",0.000235660924571089,0.0645429636932133,0.172946239349867,5.07600172226667,5.04824872815091,1.33977609218504,"NM",TRUE,"logSRL"
"Lepidium_densiflorum",0.000235660924571089,0.0645429636932133,0.172946239349867,5.07600172226667,5.04824872815091,1.33977609218504,"NM",TRUE,"logSRL"
"Descurainia_sophia",0.000235660924571089,0.0645429636932133,0.172946239349867,5.07600172226667,5.04824872815091,1.33977609218504,"NM",TRUE,"logSRL"
"Microcos_paniculata",0.00139741135840537,0.0645429636932133,0.172946239349867,3.72459082629214,3.72459082629487,1.33977609218504,"AM",TRUE,"logSRL"
"Sphaeralcea_coccinea",0.00139741135840537,0.0645429636932133,0.172946239349867,3.72459082629214,3.72459082629487,1.33977609218503,"AM",TRUE,"logSRL"
"Sida_acuta",0.00139741135840537,0.0645429636932133,0.172946239349867,3.72459082629214,3.72459082629487,1.33977609218503,"AM",TRUE,"logSRL"
"Hoheria_lyallii",0.00139741135840537,0.0645429636932133,0.172946239349867,3.72459082629214,3.72459082629487,1.33977609218503,"AM",TRUE,"logSRL"
"Hoheria_sexstylosa",0.00139741135840537,0.0645429636932133,0.172946239349867,3.72459082629214,3.72459082629487,1.33977609218503,"AM",TRUE,"logSRL"
"Plagianthus_regius",0.00139741135840537,0.0645429636932133,0.172946239349867,3.72459082629214,3.72459082629487,1.33977609218503,"AM",TRUE,"logSRL"
"Ceiba_pentandra",0.00139741135840537,0.0645429636932133,0.172946239349867,3.72459082629214,3.72459082629487,1.33977609218503,"AM",TRUE,"logSRL"
"Tilia_mongolica",0.000577727383008897,0.0645429636932133,0.172946239349867,3.70146242297556,3.71138377172165,1.33977609218502,"EcM",TRUE,"logSRL"
"Tilia_mandshurica",0.000577727383008897,0.0645429636932133,0.172946239349867,3.70146242297556,3.71138377172165,1.33977609218502,"EcM",TRUE,"logSRL"
"Tilia_cordata",0.000577727383008897,0.0645429636932133,0.172946239349867,3.70146242297556,3.71138377812519,1.33977609218504,"EcM",TRUE,"logSRL"
"Tilia_oliveri",0.000577727383008897,0.0645429636932133,0.172946239349867,3.70146242297556,3.71138377812519,1.33977609218504,"EcM",TRUE,"logSRL"
"Tilia_amurensis",0.000577727383008897,0.0645429636932133,0.172946239349867,3.70146242297556,3.71138377812519,1.33977609218504,"EcM",TRUE,"logSRL"
"Tilia_americana",0.000577727383008897,0.0645429636932133,0.172946239349867,3.70146242297556,3.71138378452873,1.33977609218503,"EcM",TRUE,"logSRL"
"Pterospermum_acerifolium",0.00139741135840537,0.0645429636932133,0.172946239349867,3.72459082629214,3.72459082629487,1.33977609218503,"AM",TRUE,"logSRL"
"Sterculia_lanceolata",0.00139741135840537,0.0645429636932133,0.172946239349867,3.72459082629214,3.72459082629487,1.33977609218503,"AM",TRUE,"logSRL"
"Sterculia_nobilis",0.00139741135840537,0.0645429636932133,0.172946239349867,3.72459082629214,3.72459082629487,1.33977609218503,"AM",TRUE,"logSRL"
"Theobroma_cacao",0.00139741135840537,0.0645429636932133,0.172946239349867,3.72459082629214,3.72459082629487,1.33977609218503,"AM",TRUE,"logSRL"
"Shorea_multiflora",0.000577727383008897,0.0645429636932133,0.172946239349867,3.70146242297556,3.7023110958102,1.33977609218504,"EcM",TRUE,"logSRL"
"Shorea_acuminata",0.000577727383008897,0.0645429636932133,0.172946239349867,3.70146242297556,3.7023110958102,1.33977609218504,"EcM",TRUE,"logSRL"
"Shorea_leprosula",0.000577727383008897,0.0645429636932133,0.172946239349867,3.70146242297556,3.7023110958102,1.33977609218504,"EcM",TRUE,"logSRL"
"Fumana_thymifolia",0.000577727383008897,0.0645429636932133,0.172946239349867,3.70146242297556,3.70231109526244,1.33977609218503,"EcM",TRUE,"logSRL"
"Cistus_monspeliensis",0.000577727383008897,0.0645429636932133,0.172946239349867,3.70146242297556,3.70231109471468,1.33977609218503,"EcM",TRUE,"logSRL"
"Cistus_libanotis",0.000577727383008897,0.0645429636932133,0.172946239349867,3.70146242297556,3.70231109416693,1.33977609218502,"EcM",TRUE,"logSRL"
"Cistus_crispus",0.000577727383008897,0.0645429636932133,0.172946239349867,3.70146242297556,3.70231109526244,1.33977609218502,"EcM",TRUE,"logSRL"
"Cistus_albidus",0.000577727383008897,0.0645429636932133,0.172946239349867,3.70146242297556,3.70231109416693,1.33977609218502,"EcM",TRUE,"logSRL"
"Cistus_ladanifer",0.000577727383008897,0.0645429636932133,0.172946239349867,3.70146242297556,3.7023110958102,1.33977609218503,"EcM",TRUE,"logSRL"
"Cistus_salviifolius",0.000577727383008897,0.0645429636932133,0.172946239349867,3.70146242297556,3.7023110958102,1.33977609218503,"EcM",TRUE,"logSRL"
"Halimium_halimifolium",0.000577727383008897,0.0645429636932133,0.172946239349867,3.70146242297556,3.7023110958102,1.33977609218504,"EcM",TRUE,"logSRL"
"Halimium_commutatum",0.000577727383008897,0.0645429636932133,0.172946239349867,3.70146242297556,3.7023110958102,1.33977609218504,"EcM",TRUE,"logSRL"
"Helianthemum_syriacum",0.000577727383008897,0.0645429636932133,0.172946239349867,3.70146242297556,3.70231109416693,1.33977609218502,"EcM",TRUE,"logSRL"
"Helianthemum_apenninum",0.000577727383008897,0.0645429636932133,0.172946239349867,3.70146242297556,3.70231109526244,1.33977609218502,"EcM",TRUE,"logSRL"
"Helianthemum_almeriense",0.000577727383008897,0.0645429636932133,0.172946239349867,3.70146242297556,3.70231109416693,1.33977609218502,"EcM",TRUE,"logSRL"
"Helianthemum_oelandicum",0.000577727383008897,0.0645429636932133,0.172946239349867,3.70146242297556,3.70231109471469,1.33977609218503,"EcM",TRUE,"logSRL"
"Thymelaea_hirsuta",0.00139741135840537,0.0645429636932133,0.172946239349867,3.72459082629214,3.72459082629487,1.33977609218504,"AM",TRUE,"logSRL"
"Tetractomia_tetrandra",0.00139741135840537,0.0645429636932133,0.172946239349867,3.72459082629214,3.72459082629487,1.33977609218503,"AM",TRUE,"logSRL"
"Melicope_pteleifolia",0.00139741135840537,0.0645429636932133,0.172946239349867,3.72459082629214,3.72459082629487,1.33977609218503,"AM",TRUE,"logSRL"
"Vepris_nobilis",0.00139741135840537,0.0645429636932133,0.172946239349867,3.72459082629214,3.72459082629487,1.33977609218503,"AM",TRUE,"logSRL"
"Phellodendron_amurense",0.00139741135840537,0.0645429636932133,0.172946239349867,3.72459082629214,3.72459082629487,1.33977609218503,"AM",TRUE,"logSRL"
"Acronychia_pedunculata",0.00139741135840537,0.0645429636932133,0.172946239349867,3.72459082629214,3.72459082629487,1.33977609218503,"AM",TRUE,"logSRL"
"Citrus_trifoliata",0.00139741135840537,0.0645429636932133,0.172946239349867,3.72459082629214,3.72459082629487,1.33977609218504,"AM",TRUE,"logSRL"
"Citrus_aurantium",0.00139741135840537,0.0645429636932133,0.172946239349867,3.72459082629214,3.72459082629487,1.33977609218504,"AM",TRUE,"logSRL"
"Aglaia_exstipulata",0.00139741135840537,0.0645429636932133,0.172946239349867,3.72459082629214,3.72459082629487,1.33977609218504,"AM",TRUE,"logSRL"
"Aglaia_odoratissima",0.00139741135840537,0.0645429636932133,0.172946239349867,3.72459082629214,3.72459082629487,1.33977609218504,"AM",TRUE,"logSRL"
"Aphanamixis_polystachya",0.00139741135840537,0.0645429636932133,0.172946239349867,3.72459082629214,3.72459082629487,1.33977609218504,"AM",TRUE,"logSRL"
"Lansium_parasiticum",0.00139741135840537,0.0645429636932133,0.172946239349867,3.72459082629214,3.72459082629487,1.33977609218504,"AM",TRUE,"logSRL"
"Dysoxylum_spectabile",0.00139741135840537,0.0645429636932133,0.172946239349867,3.72459082629214,3.72459082629487,1.33977609218504,"AM",TRUE,"logSRL"
"Dysoxylum_excelsum",0.00139741135840537,0.0645429636932133,0.172946239349867,3.72459082629214,3.72459082629487,1.33977609218504,"AM",TRUE,"logSRL"
"Ekebergia_capensis",0.00139741135840537,0.0645429636932133,0.172946239349867,3.72459082629214,3.72459082629487,1.33977609218504,"AM",TRUE,"logSRL"
"Acer_fabri",0.00139741135840537,0.0645429636932133,0.172946239349867,3.72459082629214,3.72459082629487,1.33977609218504,"AM",TRUE,"logSRL"
"Acer_caudatum",0.00139741135840537,0.0645429636932133,0.172946239349867,3.72459082629214,3.72459082629487,1.33977609218504,"AM",TRUE,"logSRL"
"Acer_negundo",0.00139741135840537,0.0645429636932133,0.172946239349867,3.72459082629214,3.72459082629487,1.33977609218504,"AM",TRUE,"logSRL"
"Acer_barbinerve",0.00139741135840537,0.0645429636932133,0.172946239349867,3.72459082629214,3.72459082629487,1.33977609218504,"AM",TRUE,"logSRL"
"Acer_campbellii",0.00139741135840537,0.0645429636932133,0.172946239349867,3.72459082629214,3.72459082629487,1.33977609218504,"AM",TRUE,"logSRL"
"Acer_tegmentosum",0.00139741135840537,0.0645429636932133,0.172946239349867,3.72459082629214,3.72459082629487,1.33977609218504,"AM",TRUE,"logSRL"
"Acer_davidii",0.00139741135840537,0.0645429636932133,0.172946239349867,3.72459082629214,3.72459082629487,1.33977609218504,"AM",TRUE,"logSRL"
"Acer_pictum",0.00139741135840537,0.0645429636932133,0.172946239349867,3.72459082629214,3.72459082629487,1.33977609218504,"AM",TRUE,"logSRL"
"Acer_truncatum",0.00139741135840537,0.0645429636932133,0.172946239349867,3.72459082629214,3.72459082629487,1.33977609218504,"AM",TRUE,"logSRL"
"Acer_campestre",0.00139741135840537,0.0645429636932133,0.172946239349867,3.72459082629214,3.72459082629487,1.33977609218504,"AM",TRUE,"logSRL"
"Acer_platanoides",0.00139741135840537,0.0645429636932133,0.172946239349867,3.72459082629214,3.72459082629487,1.33977609218504,"AM",TRUE,"logSRL"
"Acer_saccharum",0.00139741135840537,0.0645429636932133,0.172946239349867,3.72459082629214,3.72459082629487,1.33977609218504,"AM",TRUE,"logSRL"
"Acer_triflorum",0.00139741135840537,0.0645429636932133,0.172946239349867,3.72459082629214,3.72459082629487,1.33977609218504,"AM",TRUE,"logSRL"
"Acer_coriaceifolium",0.00139741135840537,0.0645429636932133,0.172946239349867,3.72459082629214,3.72459082629487,1.33977609218504,"AM",TRUE,"logSRL"
"Acer_tataricum",0.00139741135840537,0.0645429636932133,0.172946239349867,3.72459082629214,3.72459082629487,1.33977609218504,"AM",TRUE,"logSRL"
"Acer_rubrum",0.00139741135840537,0.0645429636932133,0.172946239349867,3.72459082629214,3.72459082629487,1.33977609218504,"AM",TRUE,"logSRL"
"Acer_pseudoplatanus",0.00139741135840537,0.0645429636932133,0.172946239349867,3.72459082629214,3.72459082629487,1.33977609218504,"AM",TRUE,"logSRL"
"Aesculus_hippocastanum",0.00139741135840537,0.0645429636932133,0.172946239349867,3.72459082629214,3.72459082629487,1.33977609218504,"AM",TRUE,"logSRL"
"Aesculus_parviflora",0.00139741135840537,0.0645429636932133,0.172946239349867,3.72459082629214,3.72459082629487,1.33977609218504,"AM",TRUE,"logSRL"
"Nephelium_lappaceum",0.00139741135840537,0.0645429636932133,0.172946239349867,3.72459082629214,3.72459082629487,1.33977609218504,"AM",TRUE,"logSRL"
"Allophylus_cobbe",0.00139741135840537,0.0645429636932133,0.172946239349867,3.72459082629214,3.72459082629487,1.33977609218504,"AM",TRUE,"logSRL"
"Allophylus_abyssinicus",0.00139741135840537,0.0645429636932133,0.172946239349867,3.72459082629214,3.72459082629487,1.33977609218504,"AM",TRUE,"logSRL"
"Alectryon_excelsus",0.00139741135840537,0.0645429636932133,0.172946239349867,3.72459082629214,3.72459082629487,1.33977609218504,"AM",TRUE,"logSRL"
"Koelreuteria_paniculata",0.00139741135840537,0.0645429636932133,0.172946239349867,3.72459082629214,3.72459082629487,1.33977609218504,"AM",TRUE,"logSRL"
"Canarium_album",0.00139741135840537,0.0645429636932133,0.172946239349867,3.72459082629214,3.72459082629487,1.33977609218504,"AM",TRUE,"logSRL"
"Rhus_chinensis",0.00139741135840537,0.0645429636932133,0.172946239349867,3.72459082629214,3.72459082629487,1.33977609218504,"AM",TRUE,"logSRL"
"Rhus_typhina",0.00139741135840537,0.0645429636932133,0.172946239349867,3.72459082629214,3.72459082629487,1.33977609218504,"AM",TRUE,"logSRL"
"Pistacia_terebinthus",0.00139741135840537,0.0645429636932133,0.172946239349867,3.72459082629214,3.72459082629487,1.33977609218504,"AM",TRUE,"logSRL"
"Pistacia_chinensis",0.00139741135840537,0.0645429636932133,0.172946239349867,3.72459082629214,3.72459082629487,1.33977609218504,"AM",TRUE,"logSRL"
"Pistacia_lentiscus",0.00139741135840537,0.0645429636932133,0.172946239349867,3.72459082629214,3.72459082629487,1.33977609218504,"AM",TRUE,"logSRL"
"Choerospondias_axillaris",0.00139741135840537,0.0645429636932133,0.172946239349867,3.72459082629214,3.72459082629487,1.33977609218504,"AM",TRUE,"logSRL"
"Pentaspadon_motleyi",0.00139741135840537,0.0645429636932133,0.172946239349867,3.72459082629214,3.72459082629487,1.33977609218504,"AM",TRUE,"logSRL"
"Blastus_cochinchinesis",0.00139741135840537,0.0645429636932133,0.172946239349867,3.72459082629214,3.72459082629487,1.33977609218504,"AM",TRUE,"logSRL"
"Blastus_pauciflorus",0.00139741135840537,0.0645429636932133,0.172946239349867,3.72459082629214,3.72459082629487,1.33977609218504,"AM",TRUE,"logSRL"
"Memecylon_nigrescens",0.00139741135840537,0.0645429636932133,0.172946239349867,3.72459082629214,3.72459082629487,1.33977609218504,"AM",TRUE,"logSRL"
"Eucalyptus_grandis",0.000226500259659453,0.0645429636932133,0.172946239349867,4.31893437075217,4.26114156307012,1.33977609218504,"EcMAM",TRUE,"logSRL"
"Eucalyptus_urophylla",0.000226500259659453,0.0645429636932133,0.172946239349867,4.31893437075217,4.26114156307012,1.33977609218504,"EcMAM",TRUE,"logSRL"
"Leptospermum_scoparium",0.000226500259659453,0.0645429636932133,0.172946239349867,4.31893437075217,4.26027254324148,1.33977609218504,"EcMAM",TRUE,"logSRL"
"Kunzea_ericoides",0.000226500259659453,0.0645429636932133,0.172946239349867,4.31893437075217,4.26027254324148,1.33977609218504,"EcMAM",TRUE,"logSRL"
"Neomyrtus_pedunculata",0.00139741135840537,0.0645429636932133,0.172946239349867,3.72459082629214,3.72459082629487,1.33977609218504,"AM",TRUE,"logSRL"
"Myrtus_communis",0.00139741135840537,0.0645429636932133,0.172946239349867,3.72459082629214,3.72459082629487,1.33977609218504,"AM",TRUE,"logSRL"
"Decaspermum_gracilentum",0.00139741135840537,0.0645429636932133,0.172946239349867,3.72459082629214,3.72459082629487,1.33977609218504,"AM",TRUE,"logSRL"
"Syzygium_subdecussatum",0.00139741135840537,0.0645429636932133,0.172946239349867,3.72459082629214,3.72459082629487,1.33977609218503,"AM",TRUE,"logSRL"
"Syzygium_pachysepalum",0.00139741135840537,0.0645429636932133,0.172946239349867,3.72459082629214,3.72459082629487,1.33977609218503,"AM",TRUE,"logSRL"
"Syzygium_napiforme",0.00139741135840537,0.0645429636932133,0.172946239349867,3.72459082629214,3.72459082629487,1.33977609218503,"AM",TRUE,"logSRL"
"Syzygium_kunstleri",0.00139741135840537,0.0645429636932133,0.172946239349867,3.72459082629214,3.72459082629487,1.33977609218503,"AM",TRUE,"logSRL"
"Syzygium_castaneum",0.00139741135840537,0.0645429636932133,0.172946239349867,3.72459082629214,3.72459082629487,1.33977609218503,"AM",TRUE,"logSRL"
"Syzygium_szemaoense",0.00139741135840537,0.0645429636932133,0.172946239349867,3.72459082629214,3.72459082629487,1.33977609218503,"AM",TRUE,"logSRL"
"Syzygium_hancei",0.00139741135840537,0.0645429636932133,0.172946239349867,3.72459082629214,3.72459082629487,1.33977609218503,"AM",TRUE,"logSRL"
"Syzygium_levinei",0.00139741135840537,0.0645429636932133,0.172946239349867,3.72459082629214,3.72459082629487,1.33977609218503,"AM",TRUE,"logSRL"
"Syzygium_jambos",0.00139741135840537,0.0645429636932133,0.172946239349867,3.72459082629214,3.72459082629487,1.33977609218503,"AM",TRUE,"logSRL"
"Syzygium_globiflorum",0.00139741135840537,0.0645429636932133,0.172946239349867,3.72459082629214,3.72459082629487,1.33977609218503,"AM",TRUE,"logSRL"
"Syzygium_malaccense",0.00139741135840537,0.0645429636932133,0.172946239349867,3.72459082629214,3.72459082629487,1.33977609218503,"AM",TRUE,"logSRL"
"Syzygium_maire",0.00139741135840537,0.0645429636932133,0.172946239349867,3.72459082629214,3.72459082629487,1.33977609218503,"AM",TRUE,"logSRL"
"Syzygium_acuminatissimum",0.00139741135840537,0.0645429636932133,0.172946239349867,3.72459082629214,3.72459082629487,1.33977609218502,"AM",TRUE,"logSRL"
"Tristaniopsis_elliptica",0.000226500259659453,0.0645429636932133,0.172946239349867,4.31893437075217,4.1706309740168,1.33977609218504,"EcMAM",TRUE,"logSRL"
"Tristaniopsis_clementis",0.000226500259659453,0.0645429636932133,0.172946239349867,4.31893437075217,4.1706309740168,1.33977609218504,"EcMAM",TRUE,"logSRL"
"Metrosideros_umbellata",0.00139741135840537,0.0645429636932133,0.172946239349867,3.72459082629214,3.72459082629487,1.33977609218504,"AM",TRUE,"logSRL"
"Metrosideros_robusta",0.00139741135840537,0.0645429636932133,0.172946239349867,3.72459082629214,3.72459082629487,1.33977609218504,"AM",TRUE,"logSRL"
"Metrosideros_excelsa",0.00139741135840537,0.0645429636932133,0.172946239349867,3.72459082629214,3.72459082629487,1.33977609218504,"AM",TRUE,"logSRL"
"Metrosideros_diffusa",0.00139741135840537,0.0645429636932133,0.172946239349867,3.72459082629214,3.72459082629487,1.33977609218504,"AM",TRUE,"logSRL"
"Metrosideros_fulgens",0.00139741135840537,0.0645429636932133,0.172946239349867,3.72459082629214,3.72459082629487,1.33977609218503,"AM",TRUE,"logSRL"
"Oenothera_biennis",0.00139741135840537,0.0645429636932133,0.172946239349867,3.72459082629214,3.72459082629487,1.33977609218504,"AM",TRUE,"logSRL"
"Fuchsia_excorticata",0.00139741135840537,0.0645429636932133,0.172946239349867,3.72459082629214,3.72459082629487,1.33977609218504,"AM",TRUE,"logSRL"
"Combretum_decandrum",0.00139741135840537,0.0645429636932133,0.172946239349867,3.72459082629214,3.72459082629487,1.33977609218504,"AM",TRUE,"logSRL"
"Combretum_collinum",0.00139741135840537,0.0645429636932133,0.172946239349867,3.72459082629214,3.72459082629487,1.33977609218504,"AM",TRUE,"logSRL"
"Terminalia_amazonia",0.00139741135840537,0.0645429636932133,0.172946239349867,3.72459082629214,3.72459082629487,1.33977609218504,"AM",TRUE,"logSRL"
"Geranium_rotundifolium",0.00139741135840537,0.0645429636932133,0.172946239349867,3.72459082629214,3.72459082629487,1.33977609218504,"AM",TRUE,"logSRL"
"Vitis_amurensis",0.00139741135840537,0.0645429636932133,0.172946239349867,3.72459082629214,3.72459082629487,1.33977609218504,"AM",TRUE,"logSRL"
"Vitis_vulpina",0.00139741135840537,0.0645429636932133,0.172946239349867,3.72459082629214,3.72459082629487,1.33977609218504,"AM",TRUE,"logSRL"
"Vitis_vinifera",0.00139741135840537,0.0645429636932133,0.172946239349867,3.72459082629214,3.72459082629487,1.33977609218503,"AM",TRUE,"logSRL"
"Parthenocissus_quinquefolia",0.00139741135840537,0.0645429636932133,0.172946239349867,3.72459082629214,3.72459082629487,1.33977609218504,"AM",TRUE,"logSRL"
"Heuchera_richardsonii",0.00111604698386932,0.0645429636932133,0.172946239349867,4.19972002597252,4.1930349909307,1.33977609218504,"NMAM",TRUE,"logSRL"
"Astilbe_rivularis",0.00111604698386932,0.0645429636932133,0.172946239349867,4.19972002597252,4.1930349909307,1.33977609218504,"NMAM",TRUE,"logSRL"
"Astilbe_rubra",0.00111604698386932,0.0645429636932133,0.172946239349867,4.19972002597252,4.1930349909307,1.33977609218504,"NMAM",TRUE,"logSRL"
"Itea_chinensis",0.00139741135840537,0.0645429636932133,0.172946239349867,3.72459082629214,3.72459082629487,1.33977609218504,"AM",TRUE,"logSRL"
"Hamamelis_virginiana",0.00139741135840537,0.0645429636932133,0.172946239349867,3.72459082629214,3.72459082629487,1.33977609218503,"AM",TRUE,"logSRL"
"Loropetalum_chinense",0.00139741135840537,0.0645429636932133,0.172946239349867,3.72459082629214,3.72459082629487,1.33977609218503,"AM",TRUE,"logSRL"
"Mytilaria_laosensis",0.00139741135840537,0.0645429636932133,0.172946239349867,3.72459082629214,3.72459082629487,1.33977609218504,"AM",TRUE,"logSRL"
"Rhodoleia_championii",0.00139741135840537,0.0645429636932133,0.172946239349867,3.72459082629214,3.72459082629487,1.33977609218503,"AM",TRUE,"logSRL"
"Altingia_obovata",0.00139741135840537,0.0645429636932133,0.172946239349867,3.72459082629214,3.72459082629487,1.33977609218504,"AM",TRUE,"logSRL"
"Altingia_gracilipes",0.00139741135840537,0.0645429636932133,0.172946239349867,3.72459082629214,3.72459082629487,1.33977609218504,"AM",TRUE,"logSRL"
"Liquidambar_formosana",0.00139741135840537,0.0645429636932133,0.172946239349867,3.72459082629214,3.72459082629487,1.33977609218504,"AM",TRUE,"logSRL"
"Liquidambar_styraciflua",0.00139741135840537,0.0645429636932133,0.172946239349867,3.72459082629214,3.72459082629487,1.33977609218504,"AM",TRUE,"logSRL"
"Daphniphyllum_pentandrum",0.00139741135840537,0.0645429636932133,0.172946239349867,3.72459082629214,3.72459082629487,1.33977609218504,"AM",TRUE,"logSRL"
"Cercidiphyllum_japonicum",0.00139741135840537,0.0645429636932133,0.172946239349867,3.72459082629214,3.72459082629487,1.33977609218504,"AM",TRUE,"logSRL"
"Knightia_excelsa",0.000235660924571089,0.0645429636932133,0.172946239349867,5.07600172226667,5.05997036876287,1.33977609218504,"NM",TRUE,"logSRL"
"Helicia_formosana",0.000235660924571089,0.0645429636932133,0.172946239349867,5.07600172226667,5.05997036876287,1.33977609218504,"NM",TRUE,"logSRL"
"Hakea_varia",0.000235660924571089,0.0645429636932133,0.172946239349867,5.07600172226667,5.05997037910998,1.33977609218503,"NM",TRUE,"logSRL"
"Hakea_tuberculata",0.000235660924571089,0.0645429636932133,0.172946239349867,5.07600172226667,5.05997037910998,1.33977609218503,"NM",TRUE,"logSRL"
"Hakea_oldfieldii",0.000235660924571089,0.0645429636932133,0.172946239349867,5.07600172226667,5.05997037910998,1.33977609218503,"NM",TRUE,"logSRL"
"Hakea_cyclocarpa",0.000235660924571089,0.0645429636932133,0.172946239349867,5.07600172226667,5.05997038945708,1.33977609218504,"NM",TRUE,"logSRL"
"Hakea_lissocarpha",0.000235660924571089,0.0645429636932133,0.172946239349867,5.07600172226667,5.05997038945708,1.33977609218504,"NM",TRUE,"logSRL"
"Hakea_linearis",0.000235660924571089,0.0645429636932133,0.172946239349867,5.07600172226667,5.05997038945708,1.33977609218504,"NM",TRUE,"logSRL"
"Hakea_ceratophylla",0.000235660924571089,0.0645429636932133,0.172946239349867,5.07600172226667,5.05997038945708,1.33977609218504,"NM",TRUE,"logSRL"
"Platanus_acerifolia",0.00139741135840537,0.0645429636932133,0.172946239349867,3.72459082629214,3.72459082629487,1.33977609218504,"AM",TRUE,"logSRL"
"Platanus_occidentalis",0.00139741135840537,0.0645429636932133,0.172946239349867,3.72459082629214,3.72459082629487,1.33977609218504,"AM",TRUE,"logSRL"
"Ranunculus_acris",0.00139741135840537,0.0645429636932133,0.172946239349867,3.72459082629214,3.72459082629487,1.33977609218504,"AM",TRUE,"logSRL"
"Anemone_cylindrica",0.00139741135840537,0.0645429636932133,0.172946239349867,3.72459082629214,3.72459082629487,1.33977609218504,"AM",TRUE,"logSRL"
"Anemone_patens",0.00139741135840537,0.0645429636932133,0.172946239349867,3.72459082629214,3.72459082629487,1.33977609218504,"AM",TRUE,"logSRL"
"Caltha_palustris",0.00111604698386932,0.0645429636932133,0.172946239349867,4.19972002597252,4.0677095228733,1.33977609218503,"NMAM",TRUE,"logSRL"
"Actaea_cimicifuga",0.00139741135840537,0.0645429636932133,0.172946239349867,3.72459082629214,3.72459082629487,1.33977609218503,"AM",TRUE,"logSRL"
"Thalictrum_simplex",0.00139741135840537,0.0645429636932133,0.172946239349867,3.72459082629214,3.72459082629487,1.33977609218504,"AM",TRUE,"logSRL"
"Aquilegia_vulgaris",0.00139741135840537,0.0645429636932133,0.172946239349867,3.72459082629214,3.72459082629487,1.33977609218504,"AM",TRUE,"logSRL"
"Berberis_thunbergii",0.00139741135840537,0.0645429636932133,0.172946239349867,3.72459082629214,3.72459082629487,1.33977609218504,"AM",TRUE,"logSRL"
"Caulophyllum_robustum",0.00139741135840537,0.0645429636932133,0.172946239349867,3.72459082629214,3.72459082629487,1.33977609218504,"AM",TRUE,"logSRL"
"Podophyllum_peltatum",0.00139741135840537,0.0645429636932133,0.172946239349867,3.72459082629214,3.72459082629487,1.33977609218504,"AM",TRUE,"logSRL"
"Euptelea_pleiosperma",0.00139741135840537,0.0645429636932133,0.172946239349867,3.72459082629214,3.72459082629487,1.33977609218503,"AM",TRUE,"logSRL"
"Convallaria_majalis",0.00139741135840537,0.0645429636932133,0.172946239349867,3.72459082629214,3.72459082629487,1.33977609218504,"AM",TRUE,"logSRL"
"Asparagus_schoberioides",0.00139741135840537,0.0645429636932133,0.172946239349867,3.72459082629214,3.72459082629487,1.33977609218504,"AM",TRUE,"logSRL"
"Lomandra_filiformis",0.00111604698386932,0.0645429636932133,0.172946239349867,4.19972002597252,4.07721009690363,1.33977609218503,"NMAM",TRUE,"logSRL"
"Hosta_ventricosa",0.00139741135840537,0.0645429636932133,0.172946239349867,3.72459082629214,3.72459082629487,1.33977609218503,"AM",TRUE,"logSRL"
"Allium_tenuissimum",0.00139741135840537,0.0645429636932133,0.172946239349867,3.72459082629214,3.72459082629487,1.33977609218503,"AM",TRUE,"logSRL"
"Allium_bidentatum",0.00139741135840537,0.0645429636932133,0.172946239349867,3.72459082629214,3.72459082629487,1.33977609218503,"AM",TRUE,"logSRL"
"Allium_textile",0.00139741135840537,0.0645429636932133,0.172946239349867,3.72459082629214,3.72459082629487,1.33977609218503,"AM",TRUE,"logSRL"
"Iris_japonica",0.00139741135840537,0.0645429636932133,0.172946239349867,3.72459082629214,3.72459082629487,1.33977609218503,"AM",TRUE,"logSRL"
"Iris_versicolor",0.00139741135840537,0.0645429636932133,0.172946239349867,3.72459082629214,3.72459082629487,1.33977609218503,"AM",TRUE,"logSRL"
"Astelia_fragrans",0.00139741135840537,0.0645429636932133,0.172946239349867,3.72459082629214,3.72459082629487,1.33977609218504,"AM",TRUE,"logSRL"
"Astelia_nervosa",0.00139741135840537,0.0645429636932133,0.172946239349867,3.72459082629214,3.72459082629487,1.33977609218504,"AM",TRUE,"logSRL"
"Calamovilfa_longifolia",0.00111604698386932,0.0645429636932133,0.172946239349867,4.19972002597252,4.06798920910512,1.33977609218504,"NMAM",TRUE,"logSRL"
"Panicum_virgatum",0.00139741135840537,0.0645429636932133,0.172946239349867,3.72459082629214,3.72459082629487,1.33977609218503,"AM",TRUE,"logSRL"
"Panicum_capillare",0.00139741135840537,0.0645429636932133,0.172946239349867,3.72459082629214,3.72459082629487,1.33977609218503,"AM",TRUE,"logSRL"
"Pennisetum_glaucum",0.00139741135840537,0.0645429636932133,0.172946239349867,3.72459082629214,3.72459082629487,1.33977609218503,"AM",TRUE,"logSRL"
"Digitaria_setigera",0.00139741135840537,0.0645429636932133,0.172946239349867,3.72459082629214,3.72459082629487,1.33977609218502,"AM",TRUE,"logSRL"
"Andropogon_gerardii",0.00139741135840537,0.0645429636932133,0.172946239349867,3.72459082629214,3.72459082629487,1.33977609218503,"AM",TRUE,"logSRL"
"Schizachyrium_scoparium",0.00139741135840537,0.0645429636932133,0.172946239349867,3.72459082629214,3.72459082629487,1.33977609218503,"AM",TRUE,"logSRL"
"Bothriochloa_macra",0.00139741135840537,0.0645429636932133,0.172946239349867,3.72459082629214,3.72459082629487,1.33977609218503,"AM",TRUE,"logSRL"
"Themeda_triandra",0.00139741135840537,0.0645429636932133,0.172946239349867,3.72459082629214,3.72459082629487,1.33977609218503,"AM",TRUE,"logSRL"
"Sorghastrum_nutans",0.00139741135840537,0.0645429636932133,0.172946239349867,3.72459082629214,3.72459082629487,1.33977609218503,"AM",TRUE,"logSRL"
"Arthraxon_hispidus",0.00139741135840537,0.0645429636932133,0.172946239349867,3.72459082629214,3.72459082629487,1.33977609218503,"AM",TRUE,"logSRL"
"Chloris_anomala",0.00139741135840537,0.0645429636932133,0.172946239349867,3.72459082629214,3.72459082629487,1.33977609218503,"AM",TRUE,"logSRL"
"Bouteloua_curtipendula",0.00139741135840537,0.0645429636932133,0.172946239349867,3.72459082629214,3.72459082629487,1.33977609218503,"AM",TRUE,"logSRL"
"Chondrosum_gracile",0.00139741135840537,0.0645429636932133,0.172946239349867,3.72459082629214,3.72459082629487,1.33977609218503,"AM",TRUE,"logSRL"
"Cleistogenes_squarrosa",0.00139741135840537,0.0645429636932133,0.172946239349867,3.72459082629214,3.72459082629487,1.33977609218503,"AM",TRUE,"logSRL"
"Sporobolus_heterolepis",0.00139741135840537,0.0645429636932133,0.172946239349867,3.72459082629214,3.72459082629487,1.33977609218503,"AM",TRUE,"logSRL"
"Eragrostis_trichodes",0.00111604698386932,0.0645429636932133,0.172946239349867,4.19972002597252,3.92886070812469,1.33977609218503,"NMAM",TRUE,"logSRL"
"Rytidosperma_richardsonii",0.00139741135840537,0.0645429636932133,0.172946239349867,3.72459082629214,3.72459082629487,1.33977609218503,"AM",TRUE,"logSRL"
"Rytidosperma_carphoides",0.00139741135840537,0.0645429636932133,0.172946239349867,3.72459082629214,3.72459082629487,1.33977609218503,"AM",TRUE,"logSRL"
"Rytidosperma_caespitosum",0.00139741135840537,0.0645429636932133,0.172946239349867,3.72459082629214,3.72459082629487,1.33977609218503,"AM",TRUE,"logSRL"
"Rytidosperma_pallidum",0.00139741135840537,0.0645429636932133,0.172946239349867,3.72459082629214,3.72459082629487,1.33977609218503,"AM",TRUE,"logSRL"
"Danthonia_intermedia",0.00139741135840537,0.0645429636932133,0.172946239349867,3.72459082629214,3.72459082629487,1.33977609218502,"AM",TRUE,"logSRL"
"Molinia_caerulea",0.00139741135840537,0.0645429636932133,0.172946239349867,3.72459082629214,3.72459082629487,1.33977609218503,"AM",TRUE,"logSRL"
"Aristida_ramosa",0.00139741135840537,0.0645429636932133,0.172946239349867,3.72459082629214,3.72459082629487,1.33977609218502,"AM",TRUE,"logSRL"
"Festuca_rubra",0.00139741135840537,0.0645429636932133,0.172946239349867,3.72459082629214,3.72459082629487,1.33977609218502,"AM",TRUE,"logSRL"
"Festuca_ovina",0.00139741135840537,0.0645429636932133,0.172946239349867,3.72459082629214,3.72459082629487,1.33977609218502,"AM",TRUE,"logSRL"
"Festuca_hallii",0.00139741135840537,0.0645429636932133,0.172946239349867,3.72459082629214,3.72459082629487,1.33977609218503,"AM",TRUE,"logSRL"
"Festuca_christianii-bernardii",0.00139741135840537,0.0645429636932133,0.172946239349867,3.72459082629214,3.72459082629487,1.33977609218502,"AM",TRUE,"logSRL"
"Festuca_arundinacea",0.00139741135840537,0.0645429636932133,0.172946239349867,3.72459082629214,3.72459082629487,1.33977609218502,"AM",TRUE,"logSRL"
"Vulpia_bromoides",0.00139741135840537,0.0645429636932133,0.172946239349867,3.72459082629214,3.72459082629487,1.33977609218502,"AM",TRUE,"logSRL"
"Lolium_rigidum",0.00139741135840537,0.0645429636932133,0.172946239349867,3.72459082629214,3.72459082629487,1.33977609218503,"AM",TRUE,"logSRL"
"Lolium_multiflorum",0.00139741135840537,0.0645429636932133,0.172946239349867,3.72459082629214,3.72459082629487,1.33977609218503,"AM",TRUE,"logSRL"
"Lolium_perenne",0.00139741135840537,0.0645429636932133,0.172946239349867,3.72459082629214,3.72459082629487,1.33977609218503,"AM",TRUE,"logSRL"
"Dactylis_glomerata",0.00139741135840537,0.0645429636932133,0.172946239349867,3.72459082629214,3.72459082629487,1.33977609218503,"AM",TRUE,"logSRL"
"Aira_elegantissima",0.00111604698386932,0.0645429636932133,0.172946239349867,4.19972002597252,3.88282887653421,1.33977609218503,"NMAM",TRUE,"logSRL"
"Holcus_lanatus",0.00139741135840537,0.0645429636932133,0.172946239349867,3.72459082629214,3.72459082629487,1.33977609218503,"AM",TRUE,"logSRL"
"Deschampsia_cespitosa",0.00139741135840537,0.0645429636932133,0.172946239349867,3.72459082629214,3.72459082629487,1.33977609218503,"AM",TRUE,"logSRL"
"Poa_trivialis",0.00139741135840537,0.0645429636932133,0.172946239349867,3.72459082629214,3.72459082629487,1.33977609218502,"AM",TRUE,"logSRL"
"Poa_pratensis",0.00139741135840537,0.0645429636932133,0.172946239349867,3.72459082629214,3.72459082629487,1.33977609218504,"AM",TRUE,"logSRL"
"Poa_nemoralis",0.00139741135840537,0.0645429636932133,0.172946239349867,3.72459082629214,3.72459082629487,1.33977609218502,"AM",TRUE,"logSRL"
"Poa_labillardierei",0.00139741135840537,0.0645429636932133,0.172946239349867,3.72459082629214,3.72459082629487,1.33977609218503,"AM",TRUE,"logSRL"
"Poa_glauca",0.00139741135840537,0.0645429636932133,0.172946239349867,3.72459082629214,3.72459082629487,1.33977609218502,"AM",TRUE,"logSRL"
"Poa_cusickii",0.00139741135840537,0.0645429636932133,0.172946239349867,3.72459082629214,3.72459082629487,1.33977609218502,"AM",TRUE,"logSRL"
"Alopecurus_pratensis",0.00139741135840537,0.0645429636932133,0.172946239349867,3.72459082629214,3.72459082629487,1.33977609218502,"AM",TRUE,"logSRL"
"Phleum_pratense",0.00139741135840537,0.0645429636932133,0.172946239349867,3.72459082629214,3.72459082629487,1.33977609218503,"AM",TRUE,"logSRL"
"Pseudosclerochloa_rupestris",0.00111604698386932,0.0645429636932133,0.172946239349867,4.19972002597252,3.87800303969302,1.33977609218503,"NMAM",TRUE,"logSRL"
"Agrostis_scabra",0.00139741135840537,0.0645429636932133,0.172946239349867,3.72459082629214,3.72459082629487,1.33977609218503,"AM",TRUE,"logSRL"
"Agrostis_capillaris",0.00139741135840537,0.0645429636932133,0.172946239349867,3.72459082629214,3.72459082629487,1.33977609218503,"AM",TRUE,"logSRL"
"Calamagrostis_canadensis",0.00139741135840537,0.0645429636932133,0.172946239349867,3.72459082629214,3.72459082629487,1.33977609218503,"AM",TRUE,"logSRL"
"Anthoxanthum_odoratum",0.00139741135840537,0.0645429636932133,0.172946239349867,3.72459082629214,3.72459082629487,1.33977609218503,"AM",TRUE,"logSRL"
"Phalaris_aquatica",0.00139741135840537,0.0645429636932133,0.172946239349867,3.72459082629214,3.72459082629487,1.33977609218503,"AM",TRUE,"logSRL"
"Phalaris_arundinacea",0.00139741135840537,0.0645429636932133,0.172946239349867,3.72459082629214,3.72459082629487,1.33977609218503,"AM",TRUE,"logSRL"
"Koeleria_macrantha",0.00139741135840537,0.0645429636932133,0.172946239349867,3.72459082629214,3.72459082629487,1.33977609218503,"AM",TRUE,"logSRL"
"Koeleria_pyramidata",0.00139741135840537,0.0645429636932133,0.172946239349867,3.72459082629214,3.72459082629487,1.33977609218503,"AM",TRUE,"logSRL"
"Koeleria_vallesiana",0.00139741135840537,0.0645429636932133,0.172946239349867,3.72459082629214,3.72459082629487,1.33977609218503,"AM",TRUE,"logSRL"
"Trisetum_flavescens",0.00139741135840537,0.0645429636932133,0.172946239349867,3.72459082629214,3.72459082629487,1.33977609218503,"AM",TRUE,"logSRL"
"Arrhenatherum_elatius",0.00139741135840537,0.0645429636932133,0.172946239349867,3.72459082629214,3.72459082629487,1.33977609218503,"AM",TRUE,"logSRL"
"Leymus_chinensis",0.00139741135840537,0.0645429636932133,0.172946239349867,3.72459082629214,3.72459082629487,1.33977609218503,"AM",TRUE,"logSRL"
"Hordeum_murinum",0.00139741135840537,0.0645429636932133,0.172946239349867,3.72459082629214,3.72459082629487,1.33977609218503,"AM",TRUE,"logSRL"
"Agropyron_cristatum",0.00139741135840537,0.0645429636932133,0.172946239349867,3.72459082629214,3.72459082629487,1.33977609218503,"AM",TRUE,"logSRL"
"Elymus_riparius",0.00139741135840537,0.0645429636932133,0.172946239349867,3.72459082629214,3.72459082629487,1.33977609218502,"AM",TRUE,"logSRL"
"Elymus_virginicus",0.00139741135840537,0.0645429636932133,0.172946239349867,3.72459082629214,3.72459082629487,1.33977609218503,"AM",TRUE,"logSRL"
"Elymus_canadensis",0.00139741135840537,0.0645429636932133,0.172946239349867,3.72459082629214,3.72459082629487,1.33977609218503,"AM",TRUE,"logSRL"
"Elymus_lanceolatus",0.00139741135840537,0.0645429636932133,0.172946239349867,3.72459082629214,3.72459082629487,1.33977609218503,"AM",TRUE,"logSRL"
"Elymus_repens",0.00139741135840537,0.0645429636932133,0.172946239349867,3.72459082629214,3.72459082629487,1.33977609218503,"AM",TRUE,"logSRL"
"Triticum_durum",0.00139741135840537,0.0645429636932133,0.172946239349867,3.72459082629214,3.72459082629487,1.33977609218503,"AM",TRUE,"logSRL"
"Bromus_hordeaceus",0.00139741135840537,0.0645429636932133,0.172946239349867,3.72459082629214,3.72459082629487,1.33977609218503,"AM",TRUE,"logSRL"
"Bromus_madritensis",0.00139741135840537,0.0645429636932133,0.172946239349867,3.72459082629214,3.72459082629487,1.33977609218503,"AM",TRUE,"logSRL"
"Bromus_inermis",0.00139741135840537,0.0645429636932133,0.172946239349867,3.72459082629214,3.72459082629487,1.33977609218502,"AM",TRUE,"logSRL"
"Bromus_erectus",0.00139741135840537,0.0645429636932133,0.172946239349867,3.72459082629214,3.72459082629487,1.33977609218502,"AM",TRUE,"logSRL"
"Bromus_catharticus",0.00139741135840537,0.0645429636932133,0.172946239349867,3.72459082629214,3.72459082629487,1.33977609218502,"AM",TRUE,"logSRL"
"Brachypodium_phoenicoides",0.00139741135840537,0.0645429636932133,0.172946239349867,3.72459082629214,3.72459082629487,1.33977609218503,"AM",TRUE,"logSRL"
"Brachypodium_sylvaticum",0.00139741135840537,0.0645429636932133,0.172946239349867,3.72459082629214,3.72459082629487,1.33977609218503,"AM",TRUE,"logSRL"
"Brachypodium_pinnatum",0.00139741135840537,0.0645429636932133,0.172946239349867,3.72459082629214,3.72459082629487,1.33977609218503,"AM",TRUE,"logSRL"
"Stipa_spartea",0.00139741135840537,0.0645429636932133,0.172946239349867,3.72459082629214,3.72459082629487,1.33977609218503,"AM",TRUE,"logSRL"
"Stipa_purpurea",0.00139741135840537,0.0645429636932133,0.172946239349867,3.72459082629214,3.72459082629487,1.33977609218503,"AM",TRUE,"logSRL"
"Stipa_krylovii",0.00139741135840537,0.0645429636932133,0.172946239349867,3.72459082629214,3.72459082629487,1.33977609218503,"AM",TRUE,"logSRL"
"Nassella_viridula",0.00139741135840537,0.0645429636932133,0.172946239349867,3.72459082629214,3.72459082629487,1.33977609218503,"AM",TRUE,"logSRL"
"Stipa_pennata",0.00139741135840537,0.0645429636932133,0.172946239349867,3.72459082629214,3.72459082629487,1.33977609218503,"AM",TRUE,"logSRL"
"Stipa_comata",0.00139741135840537,0.0645429636932133,0.172946239349867,3.72459082629214,3.72459082629487,1.33977609218503,"AM",TRUE,"logSRL"
"Nardus_stricta",0.00139741135840537,0.0645429636932133,0.172946239349867,3.72459082629214,3.72459082629487,1.33977609218502,"AM",TRUE,"logSRL"
"Ehrharta_stipoides",0.00139741135840537,0.0645429636932133,0.172946239349867,3.72459082629214,3.72459082629487,1.33977609218503,"AM",TRUE,"logSRL"
"Carex_korshinskyi",0.00111604698386932,0.0645429636932133,0.172946239349867,4.19972002597252,4.19584054590674,1.33977609218503,"NMAM",TRUE,"logSRL"
"Carex_humilis",0.00111604698386932,0.0645429636932133,0.172946239349867,4.19972002597252,4.1958405509146,1.33977609218503,"NMAM",TRUE,"logSRL"
"Carex_filifolia",0.00111604698386932,0.0645429636932133,0.172946239349867,4.19972002597252,4.19584055592245,1.33977609218503,"NMAM",TRUE,"logSRL"
"Carex_doisutepensis",0.00111604698386932,0.0645429636932133,0.172946239349867,4.19972002597252,4.19584054841067,1.33977609218502,"NMAM",TRUE,"logSRL"
"Carex_lasiocarpa",0.00111604698386932,0.0645429636932133,0.172946239349867,4.19972002597252,4.19584055592245,1.33977609218503,"NMAM",TRUE,"logSRL"
"Carex_nigra",0.00111604698386932,0.0645429636932133,0.172946239349867,4.19972002597252,4.19584055592245,1.33977609218503,"NMAM",TRUE,"logSRL"
"Carex_moorcroftii",0.00111604698386932,0.0645429636932133,0.172946239349867,4.19972002597252,4.19584055592245,1.33977609218503,"NMAM",TRUE,"logSRL"
"Carex_flacca",0.00111604698386932,0.0645429636932133,0.172946239349867,4.19972002597252,4.19584055592245,1.33977609218503,"NMAM",TRUE,"logSRL"
"Carex_obtusata",0.00111604698386932,0.0645429636932133,0.172946239349867,4.19972002597252,4.19584055341852,1.33977609218502,"NMAM",TRUE,"logSRL"
"Trichophorum_cespitosum",0.00111604698386932,0.0645429636932133,0.172946239349867,4.19972002597252,4.19584054590674,1.33977609218503,"NMAM",TRUE,"logSRL"
"Cyperus_difformis",0.00111604698386932,0.0645429636932133,0.172946239349867,4.19972002597252,4.19584054590674,1.33977609218504,"NMAM",TRUE,"logSRL"
"Gahnia_xanthocarpa",0.00111604698386932,0.0645429636932133,0.172946239349867,4.19972002597252,4.19584054590674,1.33977609218503,"NMAM",TRUE,"logSRL"
"Gahnia_procera",0.00111604698386932,0.0645429636932133,0.172946239349867,4.19972002597252,4.19584054590674,1.33977609218503,"NMAM",TRUE,"logSRL"
"Juncus_effusus",0.00111604698386932,0.0645429636932133,0.172946239349867,4.19972002597252,4.19584054590674,1.33977609218503,"NMAM",TRUE,"logSRL"
"Luzula_sylvatica",0.00111604698386932,0.0645429636932133,0.172946239349867,4.19972002597252,4.19584054590674,1.33977609218503,"NMAM",TRUE,"logSRL"
"Alpinia_japonica",0.00139741135840537,0.0645429636932133,0.172946239349867,3.72459082629214,3.72459082629487,1.33977609218504,"AM",TRUE,"logSRL"
"Rhopalostylis_sapida",0.00139741135840537,0.0645429636932133,0.172946239349867,3.72459082629214,3.72459082629487,1.33977609218504,"AM",TRUE,"logSRL"
"Cocos_nucifera",0.00139741135840537,0.0645429636932133,0.172946239349867,3.72459082629214,3.72459082629487,1.33977609218504,"AM",TRUE,"logSRL"
"Caryota_maxima",0.00139741135840537,0.0645429636932133,0.172946239349867,3.72459082629214,3.72459082629487,1.33977609218504,"AM",TRUE,"logSRL"
"Calamus_rhabdocladus",0.00139741135840537,0.0645429636932133,0.172946239349867,3.72459082629214,3.72459082629487,1.33977609218504,"AM",TRUE,"logSRL"
"Smilax_trinervula",0.00139741135840537,0.0645429636932133,0.172946239349867,3.72459082629214,3.72459082629487,1.33977609218504,"AM",TRUE,"logSRL"
"Smilax_aspera",0.00139741135840537,0.0645429636932133,0.172946239349867,3.72459082629214,3.72459082629487,1.33977609218504,"AM",TRUE,"logSRL"
"Veratrum_nigrum",0.00139741135840537,0.0645429636932133,0.172946239349867,3.72459082629214,3.72459082629487,1.33977609218503,"AM",TRUE,"logSRL"
"Toxicoscordion_venenosum",0.00139741135840537,0.0645429636932133,0.172946239349867,3.72459082629214,3.72459082629487,1.33977609218503,"AM",TRUE,"logSRL"
"Dioscorea_nipponica",0.00139741135840537,0.0645429636932133,0.172946239349867,3.72459082629214,3.72459082629487,1.33977609218504,"AM",TRUE,"logSRL"
"Goniothalamus_griffithii",0.00139741135840537,0.0645429636932133,0.172946239349867,3.72459082629214,3.72459082629487,1.33977609218504,"AM",TRUE,"logSRL"
"Asimina_triloba",0.00139741135840537,0.0645429636932133,0.172946239349867,3.72459082629214,3.72459082629487,1.33977609218504,"AM",TRUE,"logSRL"
"Orophea_creaghii",0.00139741135840537,0.0645429636932133,0.172946239349867,3.72459082629214,3.72459082629487,1.33977609218504,"AM",TRUE,"logSRL"
"Anaxagorea_javanica",0.00139741135840537,0.0645429636932133,0.172946239349867,3.72459082629214,3.72459082629487,1.33977609218504,"AM",TRUE,"logSRL"
"Magnolia_carsonii",0.00139741135840537,0.0645429636932133,0.172946239349867,3.72459082629214,3.72459082629487,1.33977609218504,"AM",TRUE,"logSRL"
"Magnolia_yuyuanensis",0.00139741135840537,0.0645429636932133,0.172946239349867,3.72459082629214,3.72459082629487,1.33977609218504,"AM",TRUE,"logSRL"
"Magnolia_yunnanensis",0.00139741135840537,0.0645429636932133,0.172946239349867,3.72459082629214,3.72459082629487,1.33977609218504,"AM",TRUE,"logSRL"
"Magnolia_virginiana",0.00139741135840537,0.0645429636932133,0.172946239349867,3.72459082629214,3.72459082629487,1.33977609218503,"AM",TRUE,"logSRL"
"Magnolia_tripetala",0.00139741135840537,0.0645429636932133,0.172946239349867,3.72459082629214,3.72459082629487,1.33977609218502,"AM",TRUE,"logSRL"
"Magnolia_stellata",0.00139741135840537,0.0645429636932133,0.172946239349867,3.72459082629214,3.72459082629487,1.33977609218504,"AM",TRUE,"logSRL"
"Magnolia_opipara",0.00139741135840537,0.0645429636932133,0.172946239349867,3.72459082629214,3.72459082629487,1.33977609218502,"AM",TRUE,"logSRL"
"Magnolia_macrophylla",0.00139741135840537,0.0645429636932133,0.172946239349867,3.72459082629214,3.72459082629487,1.33977609218503,"AM",TRUE,"logSRL"
"Magnolia_lotungensis",0.00139741135840537,0.0645429636932133,0.172946239349867,3.72459082629214,3.72459082629487,1.33977609218504,"AM",TRUE,"logSRL"
"Magnolia_kobus",0.00139741135840537,0.0645429636932133,0.172946239349867,3.72459082629214,3.72459082629487,1.33977609218503,"AM",TRUE,"logSRL"
"Magnolia_grandiflora",0.00139741135840537,0.0645429636932133,0.172946239349867,3.72459082629214,3.72459082629487,1.33977609218504,"AM",TRUE,"logSRL"
"Magnolia_denudata",0.00139741135840537,0.0645429636932133,0.172946239349867,3.72459082629214,3.72459082629487,1.33977609218504,"AM",TRUE,"logSRL"
"Magnolia_championii",0.00139741135840537,0.0645429636932133,0.172946239349867,3.72459082629214,3.72459082629487,1.33977609218502,"AM",TRUE,"logSRL"
"Magnolia_cavaleriei",0.00139741135840537,0.0645429636932133,0.172946239349867,3.72459082629214,3.72459082629487,1.33977609218502,"AM",TRUE,"logSRL"
"Magnolia_acuminata",0.00139741135840537,0.0645429636932133,0.172946239349867,3.72459082629214,3.72459082629487,1.33977609218502,"AM",TRUE,"logSRL"
"Magnolia_fulva",0.00139741135840537,0.0645429636932133,0.172946239349867,3.72459082629214,3.72459082629487,1.33977609218503,"AM",TRUE,"logSRL"
"Magnolia_champaca",0.00139741135840537,0.0645429636932133,0.172946239349867,3.72459082629214,3.72459082629487,1.33977609218503,"AM",TRUE,"logSRL"
"Magnolia_macclurei",0.00139741135840537,0.0645429636932133,0.172946239349867,3.72459082629214,3.72459082629487,1.33977609218503,"AM",TRUE,"logSRL"
"Magnolia_baillonii",0.00139741135840537,0.0645429636932133,0.172946239349867,3.72459082629214,3.72459082629487,1.33977609218503,"AM",TRUE,"logSRL"
"Magnolia_balansae",0.00139741135840537,0.0645429636932133,0.172946239349867,3.72459082629214,3.72459082629487,1.33977609218503,"AM",TRUE,"logSRL"
"Magnolia_ernestii",0.00139741135840537,0.0645429636932133,0.172946239349867,3.72459082629214,3.72459082629487,1.33977609218503,"AM",TRUE,"logSRL"
"Magnolia_chapensis",0.00139741135840537,0.0645429636932133,0.172946239349867,3.72459082629214,3.72459082629487,1.33977609218503,"AM",TRUE,"logSRL"
"Magnolia_odora",0.00139741135840537,0.0645429636932133,0.172946239349867,3.72459082629214,3.72459082629487,1.33977609218503,"AM",TRUE,"logSRL"
"Magnolia_maudiae",0.00139741135840537,0.0645429636932133,0.172946239349867,3.72459082629214,3.72459082629487,1.33977609218503,"AM",TRUE,"logSRL"
"Magnolia_dandyi",0.00139741135840537,0.0645429636932133,0.172946239349867,3.72459082629214,3.72459082629487,1.33977609218504,"AM",TRUE,"logSRL"
"Manglietia_paruicula",0.00139741135840537,0.0645429636932133,0.172946239349867,3.72459082629214,3.72459082629487,1.33977609218504,"AM",TRUE,"logSRL"
"Liriodendron_chinense",0.00139741135840537,0.0645429636932133,0.172946239349867,3.72459082629214,3.72459082629487,1.33977609218504,"AM",TRUE,"logSRL"
"Liriodendron_tulipifera",0.00139741135840537,0.0645429636932133,0.172946239349867,3.72459082629214,3.72459082629487,1.33977609218504,"AM",TRUE,"logSRL"
"Knema_erratica",0.00139741135840537,0.0645429636932133,0.172946239349867,3.72459082629214,3.72459082629487,1.33977609218503,"AM",TRUE,"logSRL"
"Ocotea_lancifolia",0.00139741135840537,0.0645429636932133,0.172946239349867,3.72459082629214,3.72459082629487,1.33977609218504,"AM",TRUE,"logSRL"
"Cinnamomum_subcuneatum",0.00139741135840537,0.0645429636932133,0.172946239349867,3.72459082629214,3.72459082629487,1.33977609218504,"AM",TRUE,"logSRL"
"Cinnamomum_austrosinense",0.00139741135840537,0.0645429636932133,0.172946239349867,3.72459082629214,3.72459082629487,1.33977609218504,"AM",TRUE,"logSRL"
"Cinnamomum_chekiangense",0.00139741135840537,0.0645429636932133,0.172946239349867,3.72459082629214,3.72459082629487,1.33977609218504,"AM",TRUE,"logSRL"
"Cinnamomum_tenuifolium",0.00139741135840537,0.0645429636932133,0.172946239349867,3.72459082629214,3.72459082629487,1.33977609218504,"AM",TRUE,"logSRL"
"Cinnamomum_camphora",0.00139741135840537,0.0645429636932133,0.172946239349867,3.72459082629214,3.72459082629487,1.33977609218504,"AM",TRUE,"logSRL"
"Cinnamomum_porrectum",0.00139741135840537,0.0645429636932133,0.172946239349867,3.72459082629214,3.72459082629487,1.33977609218504,"AM",TRUE,"logSRL"
"Cinnamomum_micranthum",0.00139741135840537,0.0645429636932133,0.172946239349867,3.72459082629214,3.72459082629487,1.33977609218504,"AM",TRUE,"logSRL"
"Sassafras_albidum",0.00111604698386932,0.0645429636932133,0.172946239349867,4.19972002597252,3.85268790632762,1.33977609218504,"NMAM",TRUE,"logSRL"
"Litsea_baviensis",0.00139741135840537,0.0645429636932133,0.172946239349867,3.72459082629214,3.72459082629487,1.33977609218504,"AM",TRUE,"logSRL"
"Litsea_elongata",0.00139741135840537,0.0645429636932133,0.172946239349867,3.72459082629214,3.72459082629487,1.33977609218504,"AM",TRUE,"logSRL"
"Litsea_verticillata",0.00139741135840537,0.0645429636932133,0.172946239349867,3.72459082629214,3.72459082629487,1.33977609218504,"AM",TRUE,"logSRL"
"Litsea_cubeba",0.00139741135840537,0.0645429636932133,0.172946239349867,3.72459082629214,3.72459082629487,1.33977609218504,"AM",TRUE,"logSRL"
"Litsea_ichangensis",0.00139741135840537,0.0645429636932133,0.172946239349867,3.72459082629214,3.72459082629487,1.33977609218504,"AM",TRUE,"logSRL"
"Neolitsea_phanerophlebia",0.00139741135840537,0.0645429636932133,0.172946239349867,3.72459082629214,3.72459082629487,1.33977609218504,"AM",TRUE,"logSRL"
"Cinnamomum_cassia",0.00139741135840537,0.0645429636932133,0.172946239349867,3.72459082629214,3.72459082629487,1.33977609218504,"AM",TRUE,"logSRL"
"Lindera_communis",0.00139741135840537,0.0645429636932133,0.172946239349867,3.72459082629214,3.72459082629487,1.33977609218504,"AM",TRUE,"logSRL"
"Lindera_obtusiloba",0.00139741135840537,0.0645429636932133,0.172946239349867,3.72459082629214,3.72459082629487,1.33977609218504,"AM",TRUE,"logSRL"
"Lindera_benzoin",0.00139741135840537,0.0645429636932133,0.172946239349867,3.72459082629214,3.72459082629487,1.33977609218504,"AM",TRUE,"logSRL"
"Machilus_kwangtungensis",0.00139741135840537,0.0645429636932133,0.172946239349867,3.72459082629214,3.72459082629487,1.33977609218504,"AM",TRUE,"logSRL"
"Machilus_breviflora",0.00139741135840537,0.0645429636932133,0.172946239349867,3.72459082629214,3.72459082629487,1.33977609218504,"AM",TRUE,"logSRL"
"Machilus_robusta",0.00139741135840537,0.0645429636932133,0.172946239349867,3.72459082629214,3.72459082629487,1.33977609218504,"AM",TRUE,"logSRL"
"Machilus_shweliensis",0.00139741135840537,0.0645429636932133,0.172946239349867,3.72459082629214,3.72459082629487,1.33977609218504,"AM",TRUE,"logSRL"
"Machilus_oculodracontis",0.00139741135840537,0.0645429636932133,0.172946239349867,3.72459082629214,3.72459082629487,1.33977609218504,"AM",TRUE,"logSRL"
"Machilus_velutina",0.00139741135840537,0.0645429636932133,0.172946239349867,3.72459082629214,3.72459082629487,1.33977609218504,"AM",TRUE,"logSRL"
"Machilus_nanmu",0.00139741135840537,0.0645429636932133,0.172946239349867,3.72459082629214,3.72459082629487,1.33977609218504,"AM",TRUE,"logSRL"
"Persea_americana",0.00139741135840537,0.0645429636932133,0.172946239349867,3.72459082629214,3.72459082629487,1.33977609218504,"AM",TRUE,"logSRL"
"Beilschmiedia_tarairi",0.00139741135840537,0.0645429636932133,0.172946239349867,3.72459082629214,3.72459082629487,1.33977609218504,"AM",TRUE,"logSRL"
"Beilschmiedia_tawa",0.00139741135840537,0.0645429636932133,0.172946239349867,3.72459082629214,3.72459082629487,1.33977609218504,"AM",TRUE,"logSRL"
"Cryptocarya_concinna",0.00139741135840537,0.0645429636932133,0.172946239349867,3.72459082629214,3.72459082629487,1.33977609218504,"AM",TRUE,"logSRL"
"Cryptocarya_chinensis",0.00139741135840537,0.0645429636932133,0.172946239349867,3.72459082629214,3.72459082629487,1.33977609218504,"AM",TRUE,"logSRL"
"Hedycarya_arborea",0.00139741135840537,0.0645429636932133,0.172946239349867,3.72459082629214,3.72459082629487,1.33977609218504,"AM",TRUE,"logSRL"
"Laurelia_novae-zelandiae",0.00139741135840537,0.0645429636932133,0.172946239349867,3.72459082629214,3.72459082629487,1.33977609218504,"AM",TRUE,"logSRL"
"Pseudowintera_colorata",0.00139741135840537,0.0645429636932133,0.172946239349867,3.72459082629214,3.72459082629487,1.33977609218504,"AM",TRUE,"logSRL"
"Chloranthus_henryi",0.00139741135840537,0.0645429636932133,0.172946239349867,3.72459082629214,3.72459082629487,1.33977609218504,"AM",TRUE,"logSRL"
"Sarcandra_glabra",0.00139741135840537,0.0645429636932133,0.172946239349867,3.72459082629214,3.72459082629487,1.33977609218504,"AM",TRUE,"logSRL"
"Ascarina_lucida",0.00139741135840537,0.0645429636932133,0.172946239349867,3.72459082629214,3.72459082629487,1.33977609218503,"AM",TRUE,"logSRL"
"Podocarpus_gibbsii",0.00139741135840537,0.0645429636932133,0.172946239349867,3.72459082629214,3.72459082629487,1.33977609218504,"AM",TRUE,"logSRL"
"Podocarpus_chinensis",0.00139741135840537,0.0645429636932133,0.172946239349867,3.72459082629214,3.72459082629487,1.33977609218503,"AM",TRUE,"logSRL"
"Podocarpus_neriifolius",0.00139741135840537,0.0645429636932133,0.172946239349867,3.72459082629214,3.72459082629487,1.33977609218503,"AM",TRUE,"logSRL"
"Podocarpus_totara",0.00139741135840537,0.0645429636932133,0.172946239349867,3.72459082629214,3.72459082629487,1.33977609218503,"AM",TRUE,"logSRL"
"Podocarpus_cunninghamii",0.00139741135840537,0.0645429636932133,0.172946239349867,3.72459082629214,3.72459082629487,1.33977609218503,"AM",TRUE,"logSRL"
"Afrocarpus_falcatus",0.00139741135840537,0.0645429636932133,0.172946239349867,3.72459082629214,3.72459082629487,1.33977609218504,"AM",TRUE,"logSRL"
"Dacrydium_pectinatum",0.00139741135840537,0.0645429636932133,0.172946239349867,3.72459082629214,3.72459082629487,1.33977609218504,"AM",TRUE,"logSRL"
"Dacrydium_gracile",0.00139741135840537,0.0645429636932133,0.172946239349867,3.72459082629214,3.72459082629487,1.33977609218503,"AM",TRUE,"logSRL"
"Dacrydium_cupressinum",0.00139741135840537,0.0645429636932133,0.172946239349867,3.72459082629214,3.72459082629487,1.33977609218503,"AM",TRUE,"logSRL"
"Dacrycarpus_imbricatus",0.00139741135840537,0.0645429636932133,0.172946239349867,3.72459082629214,3.72459082629487,1.33977609218504,"AM",TRUE,"logSRL"
"Dacrycarpus_dacrydioides",0.00139741135840537,0.0645429636932133,0.172946239349867,3.72459082629214,3.72459082629487,1.33977609218504,"AM",TRUE,"logSRL"
"Phyllocladus_hypophyllus",0.00139741135840537,0.0645429636932133,0.172946239349867,3.72459082629214,3.72459082629487,1.33977609218504,"AM",TRUE,"logSRL"
"Phyllocladus_trichomanoides",0.00139741135840537,0.0645429636932133,0.172946239349867,3.72459082629214,3.72459082629487,1.33977609218504,"AM",TRUE,"logSRL"
"Lepidothamnus_intermedius",0.00139741135840537,0.0645429636932133,0.172946239349867,3.72459082629214,3.72459082629487,1.33977609218504,"AM",TRUE,"logSRL"
"Halocarpus_kirkii",0.00139741135840537,0.0645429636932133,0.172946239349867,3.72459082629214,3.72459082629487,1.33977609218504,"AM",TRUE,"logSRL"
"Halocarpus_biformis",0.00139741135840537,0.0645429636932133,0.172946239349867,3.72459082629214,3.72459082629487,1.33977609218504,"AM",TRUE,"logSRL"
"Prumnopitys_ferruginea",0.00139741135840537,0.0645429636932133,0.172946239349867,3.72459082629214,3.72459082629487,1.33977609218504,"AM",TRUE,"logSRL"
"Prumnopitys_taxifolia",0.00139741135840537,0.0645429636932133,0.172946239349867,3.72459082629214,3.72459082629487,1.33977609218504,"AM",TRUE,"logSRL"
"Manoao_colensoi",0.00139741135840537,0.0645429636932133,0.172946239349867,3.72459082629214,3.72459082629487,1.33977609218504,"AM",TRUE,"logSRL"
"Agathis_kinabaluensis",0.00139741135840537,0.0645429636932133,0.172946239349867,3.72459082629214,3.72459082629487,1.33977609218504,"AM",TRUE,"logSRL"
"Agathis_australis",0.00139741135840537,0.0645429636932133,0.172946239349867,3.72459082629214,3.72459082629487,1.33977609218504,"AM",TRUE,"logSRL"
"Juniperus_sabina",0.00139741135840537,0.0645429636932133,0.172946239349867,3.72459082629214,3.72459082629487,1.33977609218504,"AM",TRUE,"logSRL"
"Juniperus_monosperma",0.00139741135840537,0.0645429636932133,0.172946239349867,3.72459082629214,3.72459082629487,1.33977609218504,"AM",TRUE,"logSRL"
"Juniperus_phoenicea",0.00139741135840537,0.0645429636932133,0.172946239349867,3.72459082629214,3.72459082629487,1.33977609218504,"AM",TRUE,"logSRL"
"Cupressus_funebris",0.00139741135840537,0.0645429636932133,0.172946239349867,3.72459082629214,3.72459082629487,1.33977609218504,"AM",TRUE,"logSRL"
"Platycladus_orientalis",0.00139741135840537,0.0645429636932133,0.172946239349867,3.72459082629214,3.72459082629487,1.33977609218504,"AM",TRUE,"logSRL"
"Chamaecyparis_obtusa",0.00139741135840537,0.0645429636932133,0.172946239349867,3.72459082629214,3.72459082629487,1.33977609218504,"AM",TRUE,"logSRL"
"Thuja_occidentalis",0.00139741135840537,0.0645429636932133,0.172946239349867,3.72459082629214,3.72459082629487,1.33977609218504,"AM",TRUE,"logSRL"
"Cryptomeria_japonica",0.00139741135840537,0.0645429636932133,0.172946239349867,3.72459082629214,3.72459082629487,1.33977609218504,"AM",TRUE,"logSRL"
"Cunninghamia_lanceolata",0.00139741135840537,0.0645429636932133,0.172946239349867,3.72459082629214,3.72459082629487,1.33977609218504,"AM",TRUE,"logSRL"
"Pinus_taeda",0.000577727383008897,0.0645429636932133,0.172946239349867,3.70146242297556,3.70156295540215,1.33977609218504,"EcM",TRUE,"logSRL"
"Pinus_pungens",0.000577727383008897,0.0645429636932133,0.172946239349867,3.70146242297556,3.70156295540215,1.33977609218504,"EcM",TRUE,"logSRL"
"Pinus_palustris",0.000577727383008897,0.0645429636932133,0.172946239349867,3.70146242297556,3.70156295540215,1.33977609218504,"EcM",TRUE,"logSRL"
"Pinus_elliottii",0.000577727383008897,0.0645429636932133,0.172946239349867,3.70146242297556,3.70156295540215,1.33977609218504,"EcM",TRUE,"logSRL"
"Pinus_virginiana",0.000577727383008897,0.0645429636932133,0.172946239349867,3.70146242297556,3.70156295540215,1.33977609218504,"EcM",TRUE,"logSRL"
"Pinus_sylvestris",0.000577727383008897,0.0645429636932133,0.172946239349867,3.70146242297556,3.70156295540215,1.33977609218504,"EcM",TRUE,"logSRL"
"Pinus_nigra",0.000577727383008897,0.0645429636932133,0.172946239349867,3.70146242297556,3.70156295540215,1.33977609218504,"EcM",TRUE,"logSRL"
"Pinus_resinosa",0.000577727383008897,0.0645429636932133,0.172946239349867,3.70146242297556,3.70156295540215,1.33977609218504,"EcM",TRUE,"logSRL"
"Pinus_massoniana",0.000577727383008897,0.0645429636932133,0.172946239349867,3.70146242297556,3.70156295540215,1.33977609218504,"EcM",TRUE,"logSRL"
"Pinus_tabuliformis",0.000577727383008897,0.0645429636932133,0.172946239349867,3.70146242297556,3.70156295540215,1.33977609218504,"EcM",TRUE,"logSRL"
"Pinus_pinea",0.000577727383008897,0.0645429636932133,0.172946239349867,3.70146242297556,3.70156295540215,1.33977609218504,"EcM",TRUE,"logSRL"
"Pinus_pinaster",0.000577727383008897,0.0645429636932133,0.172946239349867,3.70146242297556,3.70156295540215,1.33977609218504,"EcM",TRUE,"logSRL"
"Pinus_armandii",0.000577727383008897,0.0645429636932133,0.172946239349867,3.70146242297556,3.70156295540215,1.33977609218504,"EcM",TRUE,"logSRL"
"Pinus_koraiensis",0.000577727383008897,0.0645429636932133,0.172946239349867,3.70146242297556,3.70156295540215,1.33977609218504,"EcM",TRUE,"logSRL"
"Pinus_pumila",0.000577727383008897,0.0645429636932133,0.172946239349867,3.70146242297556,3.70156295540215,1.33977609218504,"EcM",TRUE,"logSRL"
"Pinus_strobus",0.000577727383008897,0.0645429636932133,0.172946239349867,3.70146242297556,3.70156295540215,1.33977609218504,"EcM",TRUE,"logSRL"
"Pinus_edulis",0.000577727383008897,0.0645429636932133,0.172946239349867,3.70146242297556,3.70156295540215,1.33977609218504,"EcM",TRUE,"logSRL"
"Picea_koraiensis",0.000577727383008897,0.0645429636932133,0.172946239349867,3.70146242297556,3.70156295540215,1.33977609218504,"EcM",TRUE,"logSRL"
"Picea_meyeri",0.000577727383008897,0.0645429636932133,0.172946239349867,3.70146242297556,3.70156295540215,1.33977609218504,"EcM",TRUE,"logSRL"
"Picea_abies",0.000577727383008897,0.0645429636932133,0.172946239349867,3.70146242297556,3.70156295540215,1.33977609218504,"EcM",TRUE,"logSRL"
"Picea_wilsonii",0.000577727383008897,0.0645429636932133,0.172946239349867,3.70146242297556,3.70156295540215,1.33977609218504,"EcM",TRUE,"logSRL"
"Picea_rubens",0.000577727383008897,0.0645429636932133,0.172946239349867,3.70146242297556,3.70156295540215,1.33977609218504,"EcM",TRUE,"logSRL"
"Picea_glauca",0.000577727383008897,0.0645429636932133,0.172946239349867,3.70146242297556,3.70156295540215,1.33977609218504,"EcM",TRUE,"logSRL"
"Larix_gmelinii",0.000577727383008897,0.0645429636932133,0.172946239349867,3.70146242297556,3.70156295540215,1.33977609218503,"EcM",TRUE,"logSRL"
"Larix_decidua",0.000577727383008897,0.0645429636932133,0.172946239349867,3.70146242297556,3.70156295540215,1.33977609218503,"EcM",TRUE,"logSRL"
"Larix_kaempferi",0.000577727383008897,0.0645429636932133,0.172946239349867,3.70146242297556,3.70156295540215,1.33977609218503,"EcM",TRUE,"logSRL"
"Pseudotsuga_menziesii",0.000577727383008897,0.0645429636932133,0.172946239349867,3.70146242297556,3.70156295540215,1.33977609218504,"EcM",TRUE,"logSRL"
"Abies_fargesii",0.000577727383008897,0.0645429636932133,0.172946239349867,3.70146242297556,3.70156295540215,1.33977609218504,"EcM",TRUE,"logSRL"
"Abies_nephrolepis",0.000577727383008897,0.0645429636932133,0.172946239349867,3.70146242297556,3.70156295540215,1.33977609218504,"EcM",TRUE,"logSRL"
"Abies_alba",0.000577727383008897,0.0645429636932133,0.172946239349867,3.70146242297556,3.70156295540215,1.33977609218504,"EcM",TRUE,"logSRL"
"Tsuga_canadensis",0.000577727383008897,0.0645429636932133,0.172946239349867,3.70146242297556,3.70156295540215,1.33977609218504,"EcM",TRUE,"logSRL"
"Ephedra_fragilis",0.00139741135840537,0.0645429636932133,0.172946239349867,3.72459082629214,3.72459082629487,1.33977609218503,"AM",TRUE,"logSRL"
"Gnetum_gnemon",0.000577727383008897,0.0645429636932133,0.172946239349867,3.70146242297556,3.70147171833496,1.33977609218503,"EcM",TRUE,"logSRL"
"Ginkgo_biloba",0.00139741135840537,0.0645429636932133,0.172946239349867,3.72459082629214,3.72459082629487,1.33977609218504,"AM",TRUE,"logSRL"
"Dryopteris_sparsa",0.00139741135840537,0.0645429636932133,0.172946239349867,3.72459082629214,3.72459082698243,1.33977609218503,"AM",TRUE,"logSRL"
"Dryopteris_lepidopoda",0.00139741135840537,0.0645429636932133,0.172946239349867,3.72459082629214,3.72459082698243,1.33977609218504,"AM",TRUE,"logSRL"
"Polystichum_chilense",0.00139741135840537,0.0645429636932133,0.172946239349867,3.72459082629214,3.72459082698243,1.33977609218503,"AM",TRUE,"logSRL"
"Blechnum_procerum",0.00139741135840537,0.0645429636932133,0.172946239349867,3.72459082629214,3.72459082698243,1.33977609218503,"AM",TRUE,"logSRL"
"Blechnum_novae-zelandiae",0.00139741135840537,0.0645429636932133,0.172946239349867,3.72459082629214,3.72459082698243,1.33977609218503,"AM",TRUE,"logSRL"
"Blechnum_fluviatile",0.00139741135840537,0.0645429636932133,0.172946239349867,3.72459082629214,3.72459082698243,1.33977609218503,"AM",TRUE,"logSRL"
"Blechnum_discolor",0.00139741135840537,0.0645429636932133,0.172946239349867,3.72459082629214,3.72459082698243,1.33977609218503,"AM",TRUE,"logSRL"
"Blechnum_chambersii",0.00139741135840537,0.0645429636932133,0.172946239349867,3.72459082629214,3.72459082698243,1.33977609218503,"AM",TRUE,"logSRL"
"Blechnum_orientale",0.00139741135840537,0.0645429636932133,0.172946239349867,3.72459082629214,3.72459082698243,1.33977609218504,"AM",TRUE,"logSRL"
"Onoclea_sensibilis",0.00139741135840537,0.0645429636932133,0.172946239349867,3.72459082629214,3.72459082698243,1.33977609218504,"AM",TRUE,"logSRL"
"Matteuccia_struthiopteris",0.00139741135840537,0.0645429636932133,0.172946239349867,3.72459082629214,3.72459082698243,1.33977609218504,"AM",TRUE,"logSRL"
"Athyrium_spinulosum",0.00139741135840537,0.0645429636932133,0.172946239349867,3.72459082629214,3.72459082698243,1.33977609218503,"AM",TRUE,"logSRL"
"Athyrium_sinense",0.00139741135840537,0.0645429636932133,0.172946239349867,3.72459082629214,3.72459082698243,1.33977609218504,"AM",TRUE,"logSRL"
"Athyrium_multidentatum",0.00139741135840537,0.0645429636932133,0.172946239349867,3.72459082629214,3.72459082698243,1.33977609218503,"AM",TRUE,"logSRL"
"Cystopteris_sudetica",0.00139741135840537,0.0645429636932133,0.172946239349867,3.72459082629214,3.72459082698243,1.33977609218504,"AM",TRUE,"logSRL"
"Asplenium_bulbiferum",0.00111604698386932,0.0645429636932133,0.172946239349867,4.19972002597252,4.17421969790862,1.33977609218503,"NMAM",TRUE,"logSRL"
"Pteridium_aquilinum",0.00139741135840537,0.0645429636932133,0.172946239349867,3.72459082629214,3.72459082698243,1.33977609218503,"AM",TRUE,"logSRL"
"Adiantum_pedatum",0.00139741135840537,0.0645429636932133,0.172946239349867,3.72459082629214,3.72459082698243,1.33977609218504,"AM",TRUE,"logSRL"
"Cyathea_smithii",0.00139741135840537,0.0645429636932133,0.172946239349867,3.72459082629214,3.72459082698243,1.33977609218503,"AM",TRUE,"logSRL"
"Cyathea_medullaris",0.00139741135840537,0.0645429636932133,0.172946239349867,3.72459082629214,3.72459082698243,1.33977609218504,"AM",TRUE,"logSRL"
"Cyathea_dealbata",0.00139741135840537,0.0645429636932133,0.172946239349867,3.72459082629214,3.72459082698243,1.33977609218503,"AM",TRUE,"logSRL"
"Dicksonia_squarrosa",0.00139741135840537,0.0645429636932133,0.172946239349867,3.72459082629214,3.72459082698243,1.33977609218504,"AM",TRUE,"logSRL"
"Cibotium_barometz",0.00139741135840537,0.0645429636932133,0.172946239349867,3.72459082629214,3.72459082698243,1.33977609218504,"AM",TRUE,"logSRL"
"Sticherus_cunninghamii",0.00139741135840537,0.0645429636932133,0.172946239349867,3.72459082629214,3.72459082698243,1.33977609218504,"AM",TRUE,"logSRL"
"Gleichenia_microphylla",0.00139741135840537,0.0645429636932133,0.172946239349867,3.72459082629214,3.72459082698243,1.33977609218502,"AM",TRUE,"logSRL"
"Dicranopteris_pedata",0.00139741135840537,0.0645429636932133,0.172946239349867,3.72459082629214,3.72459082698243,1.33977609218504,"AM",TRUE,"logSRL"
"Dicranopteris_linearis",0.00139741135840537,0.0645429636932133,0.172946239349867,3.72459082629214,3.72459082698243,1.33977609218503,"AM",TRUE,"logSRL"
"Osmunda_japonica",0.00139741135840537,0.0645429636932133,0.172946239349867,3.72459082629214,3.72459082698243,1.33977609218503,"AM",TRUE,"logSRL"
"Equisetum_hyemale",0.00111604698386932,0.0645429636932133,0.172946239349867,4.19972002597252,4.19955228630822,1.33977609218503,"NMAM",TRUE,"logSRL"
"Equisetum_pratense",0.00111604698386932,0.0645429636932133,0.172946239349867,4.19972002597252,4.19955228630822,1.33977609218503,"NMAM",TRUE,"logSRL"
"Lycopodium_volubile",0.00111604698386932,0.0645429636932133,0.172946239349867,4.19972002597252,4.19971896720241,1.33977609218503,"NMAM",TRUE,"logSRL"
"Rudbeckia_hirta",0.0016572795065933,0.0995747024210425,0.172946239349867,3.83974434079711,3.83974434079711,0.868424585486482,"AM",FALSE,"logSRL"
"Ratibida_pinnata",0.0016572795065933,0.0995747024210425,0.172946239349867,3.83974434079711,3.83974434079711,0.868424585486482,"AM",FALSE,"logSRL"
"Heliopsis_helianthoides",0.000256163016950334,0.0995747024210425,0.172946239349867,3.83974434079711,3.83974434079711,0.868424585486495,"NM",FALSE,"logSRL"
"Liatris_aspera",0.0016572795065933,0.0995747024210425,0.172946239349867,3.83974434079711,3.83974434079711,0.868424585486482,"AM",FALSE,"logSRL"
"Arnica_sororia",0.0016572795065933,0.0995747024210425,0.172946239349867,3.83974434079711,3.83974434079711,0.868424585486482,"AM",FALSE,"logSRL"
"Arnica_fulgens",0.0016572795065933,0.0995747024210425,0.172946239349867,3.83974434079711,3.83974434079711,0.868424585486482,"AM",FALSE,"logSRL"
"Hymenoxys_richardsonii",0.00113384682745547,0.0995747024210425,0.172946239349867,3.83974434079711,3.83974434079711,0.868424585486482,"NMAM",FALSE,"logSRL"
"Helianthus_agrestis",0.0016572795065933,0.0995747024210425,0.172946239349867,3.83974434079711,3.83974434079711,0.868424585486482,"AM",FALSE,"logSRL"
"Helianthus_grosseserratus",0.0016572795065933,0.0995747024210425,0.172946239349867,3.83974434079711,3.83974434079711,0.868424585486482,"AM",FALSE,"logSRL"
"Helianthus_giganteus",0.0016572795065933,0.0995747024210425,0.172946239349867,3.83974434079711,3.83974434079711,0.868424585486482,"AM",FALSE,"logSRL"
"Helianthus_maximiliani",0.0016572795065933,0.0995747024210425,0.172946239349867,3.83974434079711,3.83974434079711,0.868424585486482,"AM",FALSE,"logSRL"
"Helianthus_verticillatus",0.0016572795065933,0.0995747024210425,0.172946239349867,3.83974434079711,3.83974434079711,0.868424585486482,"AM",FALSE,"logSRL"
"Helianthus_salicifolius",0.0016572795065933,0.0995747024210425,0.172946239349867,3.83974434079711,3.83974434079711,0.868424585486482,"AM",FALSE,"logSRL"
"Pappobolus_microphyllus",0.0016572795065933,0.0995747024210425,0.172946239349867,3.83974434079711,3.83974434079711,0.868424585486482,"AM",FALSE,"logSRL"
"Helianthus_occidentalis",0.0016572795065933,0.0995747024210425,0.172946239349867,3.83974434079711,3.83974434079711,0.868424585486482,"AM",FALSE,"logSRL"
"Helianthus_mollis",0.0016572795065933,0.0995747024210425,0.172946239349867,3.83974434079711,3.83974434079711,0.868424585486482,"AM",FALSE,"logSRL"
"Helianthus_silphioides",0.0016572795065933,0.0995747024210425,0.172946239349867,3.83974434079711,3.83974434079711,0.868424585486482,"AM",FALSE,"logSRL"
"Helianthus_atrorubens",0.0016572795065933,0.0995747024210425,0.172946239349867,3.83974434079711,3.83974434079711,0.868424585486482,"AM",FALSE,"logSRL"
"Helianthus_longifolius",0.0016572795065933,0.0995747024210425,0.172946239349867,3.83974434079711,3.83974434079711,0.868424585486482,"AM",FALSE,"logSRL"
"Helianthus_angustifolius",0.0016572795065933,0.0995747024210425,0.172946239349867,3.83974434079711,3.83974434079711,0.868424585486482,"AM",FALSE,"logSRL"
"Helianthus_floridanus",0.0016572795065933,0.0995747024210425,0.172946239349867,3.83974434079711,3.83974434079711,0.868424585486482,"AM",FALSE,"logSRL"
"Helianthus_petiolaris",0.0016572795065933,0.0995747024210425,0.172946239349867,3.83974434079711,3.83974434079711,0.868424585486482,"AM",FALSE,"logSRL"
"Helianthus_neglectus",0.0016572795065933,0.0995747024210425,0.172946239349867,3.83974434079711,3.83974434079711,0.868424585486482,"AM",FALSE,"logSRL"
"Helianthus_niveus",0.0016572795065933,0.0995747024210425,0.172946239349867,3.83974434079711,3.83974434079711,0.868424585486482,"AM",FALSE,"logSRL"
"Helianthus_praecox",0.0016572795065933,0.0995747024210425,0.172946239349867,3.83974434079711,3.83974434079711,0.868424585486482,"AM",FALSE,"logSRL"
"Helianthus_debilis",0.0016572795065933,0.0995747024210425,0.172946239349867,3.83974434079711,3.83974434079711,0.868424585486482,"AM",FALSE,"logSRL"
"Helianthus_argophyllus",0.0016572795065933,0.0995747024210425,0.172946239349867,3.83974434079711,3.83974434079711,0.868424585486482,"AM",FALSE,"logSRL"
"Helianthus_annuus",0.0016572795065933,0.0995747024210425,0.172946239349867,3.83974434079711,3.83974434079711,0.868424585486482,"AM",FALSE,"logSRL"
"Helianthus_cusickii",0.0016572795065933,0.0995747024210425,0.172946239349867,3.83974434079711,3.83974434079711,0.868424585486482,"AM",FALSE,"logSRL"
"Helianthus_pauciflorus",0.0016572795065933,0.0995747024210425,0.172946239349867,3.83974434079711,3.83974434079711,0.868424585486482,"AM",FALSE,"logSRL"
"Helianthus_radula",0.0016572795065933,0.0995747024210425,0.172946239349867,3.83974434079711,3.83974434079711,0.868424585486482,"AM",FALSE,"logSRL"
"Helianthus_porteri",0.0016572795065933,0.0995747024210425,0.172946239349867,3.83974434079711,3.83974434079711,0.868424585486482,"AM",FALSE,"logSRL"
"Helianthus_carnosus",0.0016572795065933,0.0995747024210425,0.172946239349867,3.83974434079711,3.83974434079711,0.868424585486482,"AM",FALSE,"logSRL"
"Helianthus_heterophyllus",0.0016572795065933,0.0995747024210425,0.172946239349867,3.83974434079711,3.83974434079711,0.868424585486482,"AM",FALSE,"logSRL"
"Ambrosia_artemisiifolia",0.0016572795065933,0.0995747024210425,0.172946239349867,3.83974434079711,3.83974434079711,0.868424585486482,"AM",FALSE,"logSRL"
"Echinacea_serotina",0.0016572795065933,0.0995747024210425,0.172946239349867,3.83974434079711,3.83974434079711,0.868424585486482,"AM",FALSE,"logSRL"
"Eclipta_prostrata",0.00113384682745547,0.0995747024210425,0.172946239349867,3.83974434079711,3.83974434079711,0.868424585486482,"NMAM",FALSE,"logSRL"
"Coreopsis_palmata",0.0016572795065933,0.0995747024210425,0.172946239349867,3.83974434079711,3.83974434079711,0.868424585486482,"AM",FALSE,"logSRL"
"Helichrysum_italicum",0.000320939596444055,0.0995747024210425,0.172946239349867,3.83974434079711,3.83974434079711,0.868424585486482,"EcMAM",FALSE,"logSRL"
"Helichrysum_stoechas",0.000320939596444055,0.0995747024210425,0.172946239349867,3.83974434079711,3.83974434079711,0.868424585486482,"EcMAM",FALSE,"logSRL"
"Anaphalis_aureopunctata",0.0016572795065933,0.0995747024210425,0.172946239349867,3.83974434079711,3.83974434079711,0.868424585486482,"AM",FALSE,"logSRL"
"Anaphalis_hancockii",0.0016572795065933,0.0995747024210425,0.172946239349867,3.83974434079711,3.83974434079711,0.868424585486482,"AM",FALSE,"logSRL"
"Antennaria_parvifolia",0.0016572795065933,0.0995747024210425,0.172946239349867,3.83974434079711,3.83974434079711,0.868424585486482,"AM",FALSE,"logSRL"
"Antennaria_neglecta",0.0016572795065933,0.0995747024210425,0.172946239349867,3.83974434079711,3.83974434079711,0.868424585486482,"AM",FALSE,"logSRL"
"Leontopodium_nanum",0.0016572795065933,0.0995747024210425,0.172946239349867,3.83974434079711,3.83974434079711,0.868424585486482,"AM",FALSE,"logSRL"
"Inula_conyza",0.0016572795065933,0.0995747024210425,0.172946239349867,3.83974434079711,3.83974434079711,0.868424585486482,"AM",FALSE,"logSRL"
"Haplopappus_spinulosus",0.0016572795065933,0.0995747024210425,0.172946239349867,3.83974434079711,3.83974434079711,0.868424585486482,"AM",FALSE,"logSRL"
"Symphyotrichum_oolentangiense",0.0016572795065933,0.0995747024210425,0.172946239349867,3.83974434079711,3.83974434079711,0.868424585486482,"AM",FALSE,"logSRL"
"Symphyotrichum_falcatum",0.0016572795065933,0.0995747024210425,0.172946239349867,3.83974434079711,3.83974434079711,0.868424585486482,"AM",FALSE,"logSRL"
"Symphyotrichum_ciliolatum",0.0016572795065933,0.0995747024210425,0.172946239349867,3.83974434079711,3.83974434079711,0.868424585486482,"AM",FALSE,"logSRL"
"Symphyotrichum_puniceum",0.0016572795065933,0.0995747024210425,0.172946239349867,3.83974434079711,3.83974434079711,0.868424585486482,"AM",FALSE,"logSRL"
"Symphyotrichum_laeve",0.0016572795065933,0.0995747024210425,0.172946239349867,3.83974434079711,3.83974434079711,0.868424585486482,"AM",FALSE,"logSRL"
"Symphyotrichum_novae-angliae",0.0016572795065933,0.0995747024210425,0.172946239349867,3.83974434079711,3.83974434079711,0.868424585486482,"AM",FALSE,"logSRL"
"Symphyotrichum_ericoides",0.0016572795065933,0.0995747024210425,0.172946239349867,3.83974434079711,3.83974434079711,0.868424585486482,"AM",FALSE,"logSRL"
"Heterotheca_villosa",0.0016572795065933,0.0995747024210425,0.172946239349867,3.83974434079711,3.83974434079711,0.868424585486482,"AM",FALSE,"logSRL"
"Solidago_ptarmicoides",0.0016572795065933,0.0995747024210425,0.172946239349867,3.83974434079711,3.83974434079711,0.868424585486482,"AM",FALSE,"logSRL"
"Solidago_nemoralis",0.0016572795065933,0.0995747024210425,0.172946239349867,3.83974434079711,3.83974434079711,0.868424585486482,"AM",FALSE,"logSRL"
"Solidago_decurrens",0.0016572795065933,0.0995747024210425,0.172946239349867,3.83974434079711,3.83974434079711,0.868424585486482,"AM",FALSE,"logSRL"
"Solidago_speciosa",0.0016572795065933,0.0995747024210425,0.172946239349867,3.83974434079711,3.83974434079711,0.868424585486482,"AM",FALSE,"logSRL"
"Solidago_rigida",0.0016572795065933,0.0995747024210425,0.172946239349867,3.83974434079711,3.83974434079711,0.868424585486482,"AM",FALSE,"logSRL"
"Solidago_missouriensis",0.0016572795065933,0.0995747024210425,0.172946239349867,3.83974434079711,3.83974434079711,0.868424585486482,"AM",FALSE,"logSRL"
"Solidago_canadensis",0.0016572795065933,0.0995747024210425,0.172946239349867,3.83974434079711,3.83974434079711,0.868424585486482,"AM",FALSE,"logSRL"
"Gutierrezia_sarothrae",0.0016572795065933,0.0995747024210425,0.172946239349867,3.83974434079711,3.83974434079711,0.868424585486482,"AM",FALSE,"logSRL"
"Erigeron_glabellus",0.0016572795065933,0.0995747024210425,0.172946239349867,3.83974434079711,3.83974434079711,0.868424585486482,"AM",FALSE,"logSRL"
"Erigeron_pumilus",0.0016572795065933,0.0995747024210425,0.172946239349867,3.83974434079711,3.83974434079711,0.868424585486482,"AM",FALSE,"logSRL"
"Erigeron_canadensis",0.0016572795065933,0.0995747024210425,0.172946239349867,3.83974434079711,3.83974434079711,0.868424585486482,"AM",FALSE,"logSRL"
"Doellingeria_umbellata",0.0016572795065933,0.0995747024210425,0.172946239349867,3.83974434079711,3.83974434079711,0.868424585486482,"AM",FALSE,"logSRL"
"Aster_lanceolatus",0.0016572795065933,0.0995747024210425,0.172946239349867,3.83974434079711,3.83974434079711,0.868424585486482,"AM",FALSE,"logSRL"
"Aster_laevis",0.0016572795065933,0.0995747024210425,0.172946239349867,3.83974434079711,3.83974434079711,0.868424585486482,"AM",FALSE,"logSRL"
"Aster_tataricus",0.0016572795065933,0.0995747024210425,0.172946239349867,3.83974434079711,3.83974434079711,0.868424585486482,"AM",FALSE,"logSRL"
"Doellingeria_scabra",0.0016572795065933,0.0995747024210425,0.172946239349867,3.83974434079711,3.83974434079711,0.868424585486482,"AM",FALSE,"logSRL"
"Olearia_avicenniaefolia",0.0016572795065933,0.0995747024210425,0.172946239349867,3.83974434079711,3.83974434079711,0.868424585486482,"AM",FALSE,"logSRL"
"Olearia_rani",0.0016572795065933,0.0995747024210425,0.172946239349867,3.83974434079711,3.83974434079711,0.868424585486482,"AM",FALSE,"logSRL"
"Artemisia_codonocephala",0.0016572795065933,0.0995747024210425,0.172946239349867,3.83974434079711,3.83974434079711,0.868424585486482,"AM",FALSE,"logSRL"
"Artemisia_barrelieri",0.0016572795065933,0.0995747024210425,0.172946239349867,3.83974434079711,3.83974434079711,0.868424585486482,"AM",FALSE,"logSRL"
"Artemisia_igniaria",0.0016572795065933,0.0995747024210425,0.172946239349867,3.83974434079711,3.83974434079711,0.868424585486482,"AM",FALSE,"logSRL"
"Artemisia_halodendron",0.0016572795065933,0.0995747024210425,0.172946239349867,3.83974434079711,3.83974434079711,0.868424585486482,"AM",FALSE,"logSRL"
"Artemisia_frigida",0.0016572795065933,0.0995747024210425,0.172946239349867,3.83974434079711,3.83974434079711,0.868424585486482,"AM",FALSE,"logSRL"
"Artemisia_mongolica",0.0016572795065933,0.0995747024210425,0.172946239349867,3.83974434079711,3.83974434079711,0.868424585486482,"AM",FALSE,"logSRL"
"Artemisia_ludoviciana",0.0016572795065933,0.0995747024210425,0.172946239349867,3.83974434079711,3.83974434079711,0.868424585486482,"AM",FALSE,"logSRL"
"Artemisia_cana",0.0016572795065933,0.0995747024210425,0.172946239349867,3.83974434079711,3.83974434079711,0.868424585486482,"AM",FALSE,"logSRL"
"Achillea_millefolium",0.0016572795065933,0.0995747024210425,0.172946239349867,3.83974434079711,3.83974434079711,0.868424585486482,"AM",FALSE,"logSRL"
"Leucanthemum_vulgare",0.0016572795065933,0.0995747024210425,0.172946239349867,3.83974434079711,3.83974434079711,0.868424585486482,"AM",FALSE,"logSRL"
"Crepis_foetida",0.0016572795065933,0.0995747024210425,0.172946239349867,3.83974434079711,3.83974434079711,0.868424585486482,"AM",FALSE,"logSRL"
"Crepis_tectorum",0.0016572795065933,0.0995747024210425,0.172946239349867,3.83974434079711,3.83974434079711,0.868424585486482,"AM",FALSE,"logSRL"
"Crepis_sancta",0.0016572795065933,0.0995747024210425,0.172946239349867,3.83974434079711,3.83974434079711,0.868424585486482,"AM",FALSE,"logSRL"
"Taraxacum_campylodes",0.0016572795065933,0.0995747024210425,0.172946239349867,3.83974434079711,3.83974434079711,0.868424585486482,"AM",FALSE,"logSRL"
"Picris_hieracioides",0.0016572795065933,0.0995747024210425,0.172946239349867,3.83974434079711,3.83974434079711,0.868424585486482,"AM",FALSE,"logSRL"
"Hypochaeris_radicata",0.0016572795065933,0.0995747024210425,0.172946239349867,3.83974434079711,3.83974434079711,0.868424585486482,"AM",FALSE,"logSRL"
"Nabalus_tatarinowii",0.0016572795065933,0.0995747024210425,0.172946239349867,3.83974434079711,3.83974434079711,0.868424585486482,"AM",FALSE,"logSRL"
"Launaea_arborescens",0.0016572795065933,0.0995747024210425,0.172946239349867,3.83974434079711,3.83974434079711,0.868424585486482,"AM",FALSE,"logSRL"
"Lactuca_tatarica",0.0016572795065933,0.0995747024210425,0.172946239349867,3.83974434079711,3.83974434079711,0.868424585486482,"AM",FALSE,"logSRL"
"Pilosella_peleteriana",0.0016572795065933,0.0995747024210425,0.172946239349867,3.83974434079711,3.83974434079711,0.868424585486482,"AM",FALSE,"logSRL"
"Pilosella_officinarum",0.0016572795065933,0.0995747024210425,0.172946239349867,3.83974434079711,3.83974434079711,0.868424585486482,"AM",FALSE,"logSRL"
"Cichorium_intybus",0.0016572795065933,0.0995747024210425,0.172946239349867,3.83974434079711,3.83974434079711,0.868424585486482,"AM",FALSE,"logSRL"
"Tragopogon_dubius",0.0016572795065933,0.0995747024210425,0.172946239349867,3.83974434079711,3.83974434079711,0.868424585486482,"AM",FALSE,"logSRL"
"Vernonia_fasciculata",0.0016572795065933,0.0995747024210425,0.172946239349867,3.83974434079711,3.83974434079711,0.868424585486482,"AM",FALSE,"logSRL"
"Arctotheca_calendula",0.0016572795065933,0.0995747024210425,0.172946239349867,3.83974434079711,3.83974434079711,0.868424585486482,"AM",FALSE,"logSRL"
"Centaurea_pectinata",0.0016572795065933,0.0995747024210425,0.172946239349867,3.83974434079711,3.83974434079711,0.868424585486482,"AM",FALSE,"logSRL"
"Saussurea_nivea",0.0016572795065933,0.0995747024210425,0.172946239349867,3.83974434079711,3.83974434079711,0.868424585486482,"AM",FALSE,"logSRL"
"Saussurea_mongolica",0.0016572795065933,0.0995747024210425,0.172946239349867,3.83974434079711,3.83974434079711,0.868424585486482,"AM",FALSE,"logSRL"
"Saussurea_amurensis",0.0016572795065933,0.0995747024210425,0.172946239349867,3.83974434079711,3.83974434079711,0.868424585486482,"AM",FALSE,"logSRL"
"Atractylis_humilis",0.0016572795065933,0.0995747024210425,0.172946239349867,3.83974434079711,3.83974434079711,0.868424585486482,"AM",FALSE,"logSRL"
"Adenocaulon_himalaicum",0.0016572795065933,0.0995747024210425,0.172946239349867,3.83974434079711,3.83974434079711,0.868424585486482,"AM",FALSE,"logSRL"
"Campanula_rotundifolia",0.0016572795065933,0.0995747024210425,0.172946239349867,3.83974434079711,3.83974434079711,0.868424585486482,"AM",FALSE,"logSRL"
"Carpodetus_serratus",0.0016572795065933,0.0995747024210425,0.172946239349867,3.83974434079711,3.83974434079711,0.868424585486482,"AM",FALSE,"logSRL"
"Musineon_divaricatum",0.0016572795065933,0.0995747024210425,0.172946239349867,3.83974434079711,3.83974434079711,0.868424585486482,"AM",FALSE,"logSRL"
"Zizia_aurea",0.0016572795065933,0.0995747024210425,0.172946239349867,3.83974434079711,3.83974434079711,0.868424585486482,"AM",FALSE,"logSRL"
"Tordylium_maximum",0.0016572795065933,0.0995747024210425,0.172946239349867,3.83974434079711,3.83974434079711,0.868424585486482,"AM",FALSE,"logSRL"
"Daucus_carota",0.0016572795065933,0.0995747024210425,0.172946239349867,3.83974434079711,3.83974434079711,0.868424585486482,"AM",FALSE,"logSRL"
"Sanicula_orthacantha",0.0016572795065933,0.0995747024210425,0.172946239349867,3.83974434079711,3.83974434079711,0.868424585486482,"AM",FALSE,"logSRL"
"Astrantia_minor",0.0016572795065933,0.0995747024210425,0.172946239349867,3.83974434079711,3.83974434079711,0.868424585486482,"AM",FALSE,"logSRL"
"Dendropanax_dentiger",0.0016572795065933,0.0995747024210425,0.172946239349867,3.83974434079711,3.83974434079711,0.868424585486482,"AM",FALSE,"logSRL"
"Eleutherococcus_senticosus",0.0016572795065933,0.0995747024210425,0.172946239349867,3.83974434079711,3.83974434079711,0.868424585486482,"AM",FALSE,"logSRL"
"Macropanax_undulatus",0.0016572795065933,0.0995747024210425,0.172946239349867,3.83974434079711,3.83974434079711,0.868424585486482,"AM",FALSE,"logSRL"
"Hedera_helix",0.0016572795065933,0.0995747024210425,0.172946239349867,3.83974434079711,3.83974434079711,0.868424585486482,"AM",FALSE,"logSRL"
"Schefflera_minutistellata",0.0016572795065933,0.0995747024210425,0.172946239349867,3.83974434079711,3.83974434079711,0.868424585486482,"AM",FALSE,"logSRL"
"Schefflera_heptaphylla",0.0016572795065933,0.0995747024210425,0.172946239349867,3.83974434079711,3.83974434079711,0.868424585486482,"AM",FALSE,"logSRL"
"Neopanax_arboreus",0.0016572795065933,0.0995747024210425,0.172946239349867,3.83974434079711,3.83974434079711,0.868424585486482,"AM",FALSE,"logSRL"
"Neopanax_colensoi",0.0016572795065933,0.0995747024210425,0.172946239349867,3.83974434079711,3.83974434079711,0.868424585486482,"AM",FALSE,"logSRL"
"Pseudopanax_crassifolius",0.0016572795065933,0.0995747024210425,0.172946239349867,3.83974434079711,3.83974434079711,0.868424585486482,"AM",FALSE,"logSRL"
"Raukaua_simplex",0.0016572795065933,0.0995747024210425,0.172946239349867,3.83974434079711,3.83974434079711,0.868424585486482,"AM",FALSE,"logSRL"
"Schefflera_digitata",0.0016572795065933,0.0995747024210425,0.172946239349867,3.83974434079711,3.83974434079711,0.868424585486482,"AM",FALSE,"logSRL"
"Pittosporum_eugenioides",0.0016572795065933,0.0995747024210425,0.172946239349867,3.83974434079711,3.83974434079711,0.868424585486482,"AM",FALSE,"logSRL"
"Pittosporum_tenuifolium",0.0016572795065933,0.0995747024210425,0.172946239349867,3.83974434079711,3.83974434079711,0.868424585486482,"AM",FALSE,"logSRL"
"Pennantia_corymbosa",0.0016572795065933,0.0995747024210425,0.172946239349867,3.83974434079711,3.83974434079711,0.868424585486482,"AM",FALSE,"logSRL"
"Abelia_biflora",0.0016572795065933,0.0995747024210425,0.172946239349867,3.83974434079711,3.83974434079711,0.868424585486482,"AM",FALSE,"logSRL"
"Lonicera_chrysantha",0.0016572795065933,0.0995747024210425,0.172946239349867,3.83974434079711,3.83974434079711,0.868424585486482,"AM",FALSE,"logSRL"
"Lonicera_maackii",0.0016572795065933,0.0995747024210425,0.172946239349867,3.83974434079711,3.83974434079711,0.868424585486482,"AM",FALSE,"logSRL"
"Symphoricarpos_occidentalis",0.0016572795065933,0.0995747024210425,0.172946239349867,3.83974434079711,3.83974434079711,0.868424585486482,"AM",FALSE,"logSRL"
"Viburnum_dentatum",0.0016572795065933,0.0995747024210425,0.172946239349867,3.83974434079711,3.83974434079711,0.868424585486482,"AM",FALSE,"logSRL"
"Viburnum_tinus",0.0016572795065933,0.0995747024210425,0.172946239349867,3.83974434079711,3.83974434079711,0.868424585486482,"AM",FALSE,"logSRL"
"Sambucus_williamsii",0.0016572795065933,0.0995747024210425,0.172946239349867,3.83974434079711,3.83974434079711,0.868424585486482,"AM",FALSE,"logSRL"
"Sambucus_canadensis",0.0016572795065933,0.0995747024210425,0.172946239349867,3.83974434079711,3.83974434079711,0.868424585486482,"AM",FALSE,"logSRL"
"Quintinia_serrata",0.0016572795065933,0.0995747024210425,0.172946239349867,3.83974434079711,3.83974434079711,0.868424585486482,"AM",FALSE,"logSRL"
"Ilex_macropoda",0.0016572795065933,0.0995747024210425,0.172946239349867,3.83974434079711,3.83974434079711,0.868424585486482,"AM",FALSE,"logSRL"
"Ilex_verticillata",0.0016572795065933,0.0995747024210425,0.172946239349867,3.83974434079711,3.83974434079711,0.868424585486482,"AM",FALSE,"logSRL"
"Ilex_opaca",0.0016572795065933,0.0995747024210425,0.172946239349867,3.83974434079711,3.83974434079711,0.868424585486482,"AM",FALSE,"logSRL"
"Ilex_pedunculosa",0.0016572795065933,0.0995747024210425,0.172946239349867,3.83974434079711,3.83974434079711,0.868424585486482,"AM",FALSE,"logSRL"
"Hedeoma_hispida",0.0016572795065933,0.0995747024210425,0.172946239349867,3.83974434079711,3.83974434079711,0.868424585486482,"AM",FALSE,"logSRL"
"Monarda_fistulosa",0.0016572795065933,0.0995747024210425,0.172946239349867,3.83974434079711,3.83974434079711,0.868424585486482,"AM",FALSE,"logSRL"
"Pycnanthemum_virginianum",0.0016572795065933,0.0995747024210425,0.172946239349867,3.83974434079711,3.83974434079711,0.868424585486482,"AM",FALSE,"logSRL"
"Clinopodium_nepeta",0.0016572795065933,0.0995747024210425,0.172946239349867,3.83974434079711,3.83974434079711,0.868424585486482,"AM",FALSE,"logSRL"
"Thymus_mastichina",0.0016572795065933,0.0995747024210425,0.172946239349867,3.83974434079711,3.83974434079711,0.868424585486482,"AM",FALSE,"logSRL"
"Thymus_hyemalis",0.0016572795065933,0.0995747024210425,0.172946239349867,3.83974434079711,3.83974434079711,0.868424585486482,"AM",FALSE,"logSRL"
"Thymus_dolomiticus",0.0016572795065933,0.0995747024210425,0.172946239349867,3.83974434079711,3.83974434079711,0.868424585486482,"AM",FALSE,"logSRL"
"Prunella_vulgaris",0.0016572795065933,0.0995747024210425,0.172946239349867,3.83974434079711,3.83974434079711,0.868424585486482,"AM",FALSE,"logSRL"
"Agastache_foeniculum",0.0016572795065933,0.0995747024210425,0.172946239349867,3.83974434079711,3.83974434079711,0.868424585486482,"AM",FALSE,"logSRL"
"Salvia_chinensis",0.0016572795065933,0.0995747024210425,0.172946239349867,3.83974434079711,3.83974434079711,0.868424585486482,"AM",FALSE,"logSRL"
"Rosmarinus_officinalis",0.0016572795065933,0.0995747024210425,0.172946239349867,3.83974434079711,3.83974434079711,0.868424585486482,"AM",FALSE,"logSRL"
"Lavandula_multifida",0.0016572795065933,0.0995747024210425,0.172946239349867,3.83974434079711,3.83974434079711,0.868424585486482,"AM",FALSE,"logSRL"
"Teucrium_charidemi",0.0016572795065933,0.0995747024210425,0.172946239349867,3.83974434079711,3.83974434079711,0.868424585486482,"AM",FALSE,"logSRL"
"Teucrium_chamaedrys",0.0016572795065933,0.0995747024210425,0.172946239349867,3.83974434079711,3.83974434079711,0.868424585486482,"AM",FALSE,"logSRL"
"Teucrium_fruticans",0.0016572795065933,0.0995747024210425,0.172946239349867,3.83974434079711,3.83974434079711,0.868424585486482,"AM",FALSE,"logSRL"
"Lamium_album",0.00113384682745547,0.0995747024210425,0.172946239349867,3.83974434079711,3.83974434079711,0.868424585486482,"NMAM",FALSE,"logSRL"
"Ballota_hirsuta",0.0016572795065933,0.0995747024210425,0.172946239349867,3.83974434079711,3.83974434079711,0.868424585486482,"AM",FALSE,"logSRL"
"Phlomoides_umbrosa",0.0016572795065933,0.0995747024210425,0.172946239349867,3.83974434079711,3.83974434079711,0.868424585486482,"AM",FALSE,"logSRL"
"Phlomis_purpurea",0.0016572795065933,0.0995747024210425,0.172946239349867,3.83974434079711,3.83974434079711,0.868424585486482,"AM",FALSE,"logSRL"
"Sideritis_pusilla",0.0016572795065933,0.0995747024210425,0.172946239349867,3.83974434079711,3.83974434079711,0.868424585486482,"AM",FALSE,"logSRL"
"Vitex_lucens",0.0016572795065933,0.0995747024210425,0.172946239349867,3.83974434079711,3.83974434079711,0.868424585486482,"AM",FALSE,"logSRL"
"Orthocarpus_luteus",0.000256163016950334,0.0995747024210425,0.172946239349867,3.83974434079711,3.83974434079711,0.868424585486482,"NM",FALSE,"logSRL"
"Strobilanthes_villosum",0.0016572795065933,0.0995747024210425,0.172946239349867,3.83974434079711,3.83974434079711,0.868424585486482,"AM",FALSE,"logSRL"
"Strobilanthes_dimorphotricha",0.0016572795065933,0.0995747024210425,0.172946239349867,3.83974434079711,3.83974434079711,0.868424585486482,"AM",FALSE,"logSRL"
"Rungia_pectinata",0.0016572795065933,0.0995747024210425,0.172946239349867,3.83974434079711,3.83974434079711,0.868424585486482,"AM",FALSE,"logSRL"
"Handroanthus_guayacan",0.0016572795065933,0.0995747024210425,0.172946239349867,3.83974434079711,3.83974434079711,0.868424585486482,"AM",FALSE,"logSRL"
"Tanaecium_pyramidatum",0.0016572795065933,0.0995747024210425,0.172946239349867,3.83974434079711,3.83974434079711,0.868424585486482,"AM",FALSE,"logSRL"
"Catalpa_bignonioides",0.0016572795065933,0.0995747024210425,0.172946239349867,3.83974434079711,3.83974434079711,0.868424585486482,"AM",FALSE,"logSRL"
"Verbena_hastata",0.0016572795065933,0.0995747024210425,0.172946239349867,3.83974434079711,3.83974434079711,0.868424585486482,"AM",FALSE,"logSRL"
"Verbascum_thapsus",0.0016572795065933,0.0995747024210425,0.172946239349867,3.83974434079711,3.83974434079711,0.868424585486482,"AM",FALSE,"logSRL"
"Veronica_persica",0.00113384682745547,0.0995747024210425,0.172946239349867,3.83974434079711,3.83974434079711,0.868424585486482,"NMAM",FALSE,"logSRL"
"Veronica_spuria",0.00113384682745547,0.0995747024210425,0.172946239349867,3.83974434079711,3.83974434079711,0.868424585486482,"NMAM",FALSE,"logSRL"
"Veronicastrum_virginicum",0.0016572795065933,0.0995747024210425,0.172946239349867,3.83974434079711,3.83974434079711,0.868424585486482,"AM",FALSE,"logSRL"
"Plantago_varia",0.0016572795065933,0.0995747024210425,0.172946239349867,3.83974434079711,3.83974434079711,0.868424585486482,"AM",FALSE,"logSRL"
"Plantago_lanceolata",0.0016572795065933,0.0995747024210425,0.172946239349867,3.83974434079711,3.83974434079711,0.868424585486482,"AM",FALSE,"logSRL"
"Plantago_patagonica",0.0016572795065933,0.0995747024210425,0.172946239349867,3.83974434079711,3.83974434079711,0.868424585486482,"AM",FALSE,"logSRL"
"Penstemon_grandiflorus",0.0016572795065933,0.0995747024210425,0.172946239349867,3.83974434079711,3.83974434079711,0.868424585486482,"AM",FALSE,"logSRL"
"Penstemon_nitidus",0.0016572795065933,0.0995747024210425,0.172946239349867,3.83974434079711,3.83974434079711,0.868424585486482,"AM",FALSE,"logSRL"
"Penstemon_procerus",0.0016572795065933,0.0995747024210425,0.172946239349867,3.83974434079711,3.83974434079711,0.868424585486482,"AM",FALSE,"logSRL"
"Penstemon_confertus",0.0016572795065933,0.0995747024210425,0.172946239349867,3.83974434079711,3.83974434079711,0.868424585486482,"AM",FALSE,"logSRL"
"Olea_rosea",0.0016572795065933,0.0995747024210425,0.172946239349867,3.83974434079711,3.83974434079711,0.868424585486482,"AM",FALSE,"logSRL"
"Olea_europaea",0.0016572795065933,0.0995747024210425,0.172946239349867,3.83974434079711,3.83974434079711,0.868424585486482,"AM",FALSE,"logSRL"
"Chionanthus_mildbraedii",0.0016572795065933,0.0995747024210425,0.172946239349867,3.83974434079711,3.83974434079711,0.868424585486482,"AM",FALSE,"logSRL"
"Chionanthus_virginicus",0.0016572795065933,0.0995747024210425,0.172946239349867,3.83974434079711,3.83974434079711,0.868424585486482,"AM",FALSE,"logSRL"
"Phillyrea_angustifolia",0.0016572795065933,0.0995747024210425,0.172946239349867,3.83974434079711,3.83974434079711,0.868424585486482,"AM",FALSE,"logSRL"
"Phillyrea_latifolia",0.0016572795065933,0.0995747024210425,0.172946239349867,3.83974434079711,3.83974434079711,0.868424585486482,"AM",FALSE,"logSRL"
"Osmanthus_didymopetalus",0.0016572795065933,0.0995747024210425,0.172946239349867,3.83974434079711,3.83974434079711,0.868424585486482,"AM",FALSE,"logSRL"
"Nestegis_lanceolata",0.0016572795065933,0.0995747024210425,0.172946239349867,3.83974434079711,3.83974434079711,0.868424585486482,"AM",FALSE,"logSRL"
"Fraxinus_mandshurica",0.0016572795065933,0.0995747024210425,0.172946239349867,3.83974434079711,3.83974434079711,0.868424585486482,"AM",FALSE,"logSRL"
"Fraxinus_angustifolia",0.0016572795065933,0.0995747024210425,0.172946239349867,3.83974434079711,3.83974434079711,0.868424585486482,"AM",FALSE,"logSRL"
"Fraxinus_excelsior",0.0016572795065933,0.0995747024210425,0.172946239349867,3.83974434079711,3.83974434079711,0.868424585486482,"AM",FALSE,"logSRL"
"Fraxinus_chinensis",0.0016572795065933,0.0995747024210425,0.172946239349867,3.83974434079711,3.83974434079711,0.868424585486482,"AM",FALSE,"logSRL"
"Fraxinus_nigra",0.0016572795065933,0.0995747024210425,0.172946239349867,3.83974434079711,3.83974434079711,0.868424585486482,"AM",FALSE,"logSRL"
"Fraxinus_americana",0.0016572795065933,0.0995747024210425,0.172946239349867,3.83974434079711,3.83974434079711,0.868424585486482,"AM",FALSE,"logSRL"
"Syringa_reticulata",0.0016572795065933,0.0995747024210425,0.172946239349867,3.83974434079711,3.83974434079711,0.868424585486482,"AM",FALSE,"logSRL"
"Jasminum_fruticans",0.0016572795065933,0.0995747024210425,0.172946239349867,3.83974434079711,3.83974434079711,0.868424585486482,"AM",FALSE,"logSRL"
"Galium_boreale",0.00113384682745547,0.0995747024210425,0.172946239349867,3.83974434079711,3.83974434079711,0.868424585486482,"NMAM",FALSE,"logSRL"
"Galium_aparine",0.00113384682745547,0.0995747024210425,0.172946239349867,3.83974434079711,3.83974434079711,0.868424585486482,"NMAM",FALSE,"logSRL"
"Rubia_peregrina",0.0016572795065933,0.0995747024210425,0.172946239349867,3.83974434079711,3.83974434079711,0.868424585486482,"AM",FALSE,"logSRL"
"Saprosma_ternatum",0.0016572795065933,0.0995747024210425,0.172946239349867,3.83974434079711,3.83974434079711,0.868424585486482,"AM",FALSE,"logSRL"
"Serissa_japonica",0.0016572795065933,0.0995747024210425,0.172946239349867,3.83974434079711,3.83974434079711,0.868424585486482,"AM",FALSE,"logSRL"
"Coprosma_lucida",0.0016572795065933,0.0995747024210425,0.172946239349867,3.83974434079711,3.83974434079711,0.868424585486482,"AM",FALSE,"logSRL"
"Coprosma_linariifolia",0.0016572795065933,0.0995747024210425,0.172946239349867,3.83974434079711,3.83974434079711,0.868424585486482,"AM",FALSE,"logSRL"
"Coprosma_rhamnoides",0.0016572795065933,0.0995747024210425,0.172946239349867,3.83974434079711,3.83974434079711,0.868424585486482,"AM",FALSE,"logSRL"
"Coprosma_ciliata",0.0016572795065933,0.0995747024210425,0.172946239349867,3.83974434079711,3.83974434079711,0.868424585486482,"AM",FALSE,"logSRL"
"Coprosma_foetidissima",0.0016572795065933,0.0995747024210425,0.172946239349867,3.83974434079711,3.83974434079711,0.868424585486482,"AM",FALSE,"logSRL"
"Psychotria_asiatica",0.0016572795065933,0.0995747024210425,0.172946239349867,3.83974434079711,3.83974434079711,0.868424585486482,"AM",FALSE,"logSRL"
"Catunaregam_spinosa",0.0016572795065933,0.0995747024210425,0.172946239349867,3.83974434079711,3.83974434079711,0.868424585486482,"AM",FALSE,"logSRL"
"Aidia_oxyodonta",0.0016572795065933,0.0995747024210425,0.172946239349867,3.83974434079711,3.83974434079711,0.868424585486482,"AM",FALSE,"logSRL"
"Coffea_arabica",0.0016572795065933,0.0995747024210425,0.172946239349867,3.83974434079711,3.83974434079711,0.868424585486482,"AM",FALSE,"logSRL"
"Diplospora_dubia",0.0016572795065933,0.0995747024210425,0.172946239349867,3.83974434079711,3.83974434079711,0.868424585486482,"AM",FALSE,"logSRL"
"Hypobathrum_racemosum",0.0016572795065933,0.0995747024210425,0.172946239349867,3.83974434079711,3.83974434079711,0.868424585486482,"AM",FALSE,"logSRL"
"Wendlandia_uvariifolia",0.0016572795065933,0.0995747024210425,0.172946239349867,3.83974434079711,3.83974434079711,0.868424585486482,"AM",FALSE,"logSRL"
"Alseis_blackiana",0.0016572795065933,0.0995747024210425,0.172946239349867,3.83974434079711,3.83974434079711,0.868424585486482,"AM",FALSE,"logSRL"
"Pertusadina_metcalfii",0.0016572795065933,0.0995747024210425,0.172946239349867,3.83974434079711,3.83974434079711,0.868424585486482,"AM",FALSE,"logSRL"
"Adina_pilulifera",0.0016572795065933,0.0995747024210425,0.172946239349867,3.83974434079711,3.83974434079711,0.868424585486482,"AM",FALSE,"logSRL"
"Chomelia_psilocarpa",0.0016572795065933,0.0995747024210425,0.172946239349867,3.83974434079711,3.83974434079711,0.868424585486482,"AM",FALSE,"logSRL"
"Asclepias_tuberosa",0.0016572795065933,0.0995747024210425,0.172946239349867,3.83974434079711,3.83974434079711,0.868424585486482,"AM",FALSE,"logSRL"
"Asclepias_syriaca",0.0016572795065933,0.0995747024210425,0.172946239349867,3.83974434079711,3.83974434079711,0.868424585486482,"AM",FALSE,"logSRL"
"Asclepias_incarnata",0.0016572795065933,0.0995747024210425,0.172946239349867,3.83974434079711,3.83974434079711,0.868424585486482,"AM",FALSE,"logSRL"
"Nerium_oleander",0.0016572795065933,0.0995747024210425,0.172946239349867,3.83974434079711,3.83974434079711,0.868424585486482,"AM",FALSE,"logSRL"
"Trachelospermum_axillare",0.0016572795065933,0.0995747024210425,0.172946239349867,3.83974434079711,3.83974434079711,0.868424585486482,"AM",FALSE,"logSRL"
"Alstonia_scholaris",0.0016572795065933,0.0995747024210425,0.172946239349867,3.83974434079711,3.83974434079711,0.868424585486482,"AM",FALSE,"logSRL"
"Gentiana_andrewsii",0.0016572795065933,0.0995747024210425,0.172946239349867,3.83974434079711,3.83974434079711,0.868424585486482,"AM",FALSE,"logSRL"
"Solanum_americanum",0.0016572795065933,0.0995747024210425,0.172946239349867,3.83974434079711,3.83974434079711,0.868424585486482,"AM",FALSE,"logSRL"
"Physalis_virginiana",0.0016572795065933,0.0995747024210425,0.172946239349867,3.83974434079711,3.83974434079711,0.868424585486482,"AM",FALSE,"logSRL"
"Withania_frutescens",0.0016572795065933,0.0995747024210425,0.172946239349867,3.83974434079711,3.83974434079711,0.868424585486482,"AM",FALSE,"logSRL"
"Merremia_umbellata",0.0016572795065933,0.0995747024210425,0.172946239349867,3.83974434079711,3.83974434079711,0.868424585486482,"AM",FALSE,"logSRL"
"Apodytes_dimidiata",0.0016572795065933,0.0995747024210425,0.172946239349867,3.83974434079711,3.83974434079711,0.868424585486482,"AM",FALSE,"logSRL"
"Arbutus_unedo",0.000667182323829894,0.0995747024210425,0.172946239349867,3.83974434079711,3.83974434079711,0.868424585486482,"EcM",FALSE,"logSRL"
"Actinidia_kolomikta",0.0016572795065933,0.0995747024210425,0.172946239349867,3.83974434079711,3.83974434079711,0.868424585486482,"AM",FALSE,"logSRL"
"Styrax_suberifolius",0.0016572795065933,0.0995747024210425,0.172946239349867,3.83974434079711,3.83974434079711,0.868424585486482,"AM",FALSE,"logSRL"
"Halesia_tetraptera",0.0016572795065933,0.0995747024210425,0.172946239349867,3.83974434079711,3.83974434079711,0.868424585486482,"AM",FALSE,"logSRL"
"Alniphyllum_fortunei",0.0016572795065933,0.0995747024210425,0.172946239349867,3.83974434079711,3.83974434079711,0.868424585486482,"AM",FALSE,"logSRL"
"Androsace_occidentalis",0.0016572795065933,0.0995747024210425,0.172946239349867,3.83974434079711,3.83974434079711,0.868424585486482,"AM",FALSE,"logSRL"
"Lysimachia_nemorum",0.0016572795065933,0.0995747024210425,0.172946239349867,3.83974434079711,3.83974434079711,0.868424585486482,"AM",FALSE,"logSRL"
"Ardisia_depressa",0.0016572795065933,0.0995747024210425,0.172946239349867,3.83974434079711,3.83974434079711,0.868424585486482,"AM",FALSE,"logSRL"
"Ardisia_quinquegona",0.0016572795065933,0.0995747024210425,0.172946239349867,3.83974434079711,3.83974434079711,0.868424585486482,"AM",FALSE,"logSRL"
"Ardisia_japonica",0.0016572795065933,0.0995747024210425,0.172946239349867,3.83974434079711,3.83974434079711,0.868424585486482,"AM",FALSE,"logSRL"
"Embelia_vestita",0.000256163016950334,0.0995747024210425,0.172946239349867,3.83974434079711,3.83974434079711,0.868424585486482,"NM",FALSE,"logSRL"
"Myrsine_coriacea",0.0016572795065933,0.0995747024210425,0.172946239349867,3.83974434079711,3.83974434079711,0.868424585486482,"AM",FALSE,"logSRL"
"Rapanea_australis",0.0016572795065933,0.0995747024210425,0.172946239349867,3.83974434079711,3.83974434079711,0.868424585486482,"AM",FALSE,"logSRL"
"Rapanea_divaricata",0.0016572795065933,0.0995747024210425,0.172946239349867,3.83974434079711,3.83974434079711,0.868424585486482,"AM",FALSE,"logSRL"
"Myrsine_seguinii",0.0016572795065933,0.0995747024210425,0.172946239349867,3.83974434079711,3.83974434079711,0.868424585486482,"AM",FALSE,"logSRL"
"Diospyros_strigosa",0.0016572795065933,0.0995747024210425,0.172946239349867,3.83974434079711,3.83974434079711,0.868424585486482,"AM",FALSE,"logSRL"
"Diospyros_virginiana",0.0016572795065933,0.0995747024210425,0.172946239349867,3.83974434079711,3.83974434079711,0.868424585486482,"AM",FALSE,"logSRL"
"Barringtonia_racemosa",0.0016572795065933,0.0995747024210425,0.172946239349867,3.83974434079711,3.83974434079711,0.868424585486482,"AM",FALSE,"logSRL"
"Madhuca_endertii",0.0016572795065933,0.0995747024210425,0.172946239349867,3.83974434079711,3.83974434079711,0.868424585486482,"AM",FALSE,"logSRL"
"Payena_microphylla",0.0016572795065933,0.0995747024210425,0.172946239349867,3.83974434079711,3.83974434079711,0.868424585486482,"AM",FALSE,"logSRL"
"Gordonia_axillaris",0.0016572795065933,0.0995747024210425,0.172946239349867,3.83974434079711,3.83974434079711,0.868424585486482,"AM",FALSE,"logSRL"
"Schima_superba",0.0016572795065933,0.0995747024210425,0.172946239349867,3.83974434079711,3.83974434079711,0.868424585486482,"AM",FALSE,"logSRL"
"Schima_wallichii",0.0016572795065933,0.0995747024210425,0.172946239349867,3.83974434079711,3.83974434079711,0.868424585486482,"AM",FALSE,"logSRL"
"Phlox_hoodii",0.0016572795065933,0.0995747024210425,0.172946239349867,3.83974434079711,3.83974434079711,0.868424585486482,"AM",FALSE,"logSRL"
"Eurya_japonica",0.0016572795065933,0.0995747024210425,0.172946239349867,3.83974434079711,3.83974434079711,0.868424585486482,"AM",FALSE,"logSRL"
"Adinandra_millettii",0.0016572795065933,0.0995747024210425,0.172946239349867,3.83974434079711,3.83974434079711,0.868424585486482,"AM",FALSE,"logSRL"
"Ternstroemia_coriacea",0.0016572795065933,0.0995747024210425,0.172946239349867,3.83974434079711,3.83974434079711,0.868424585486482,"AM",FALSE,"logSRL"
"Pentaphylax_euryoides",0.0016572795065933,0.0995747024210425,0.172946239349867,3.83974434079711,3.83974434079711,0.868424585486482,"AM",FALSE,"logSRL"
"Deutzia_glabrata",0.0016572795065933,0.0995747024210425,0.172946239349867,3.83974434079711,3.83974434079711,0.868424585486482,"AM",FALSE,"logSRL"
"Deutzia_grandiflora",0.0016572795065933,0.0995747024210425,0.172946239349867,3.83974434079711,3.83974434079711,0.868424585486482,"AM",FALSE,"logSRL"
"Philadelphus_incanus",0.0016572795065933,0.0995747024210425,0.172946239349867,3.83974434079711,3.83974434079711,0.868424585486482,"AM",FALSE,"logSRL"
"Cornus_bretschneideri",0.0016572795065933,0.0995747024210425,0.172946239349867,3.83974434079711,3.83974434079711,0.868424585486482,"AM",FALSE,"logSRL"
"Cornus_ulotricha",0.0016572795065933,0.0995747024210425,0.172946239349867,3.83974434079711,3.83974434079711,0.868424585486482,"AM",FALSE,"logSRL"
"Cornus_controversa",0.0016572795065933,0.0995747024210425,0.172946239349867,3.83974434079711,3.83974434079711,0.868424585486482,"AM",FALSE,"logSRL"
"Cornus_kousa",0.0016572795065933,0.0995747024210425,0.172946239349867,3.83974434079711,3.83974434079711,0.868424585486482,"AM",FALSE,"logSRL"
"Cornus_florida",0.0016572795065933,0.0995747024210425,0.172946239349867,3.83974434079711,3.83974434079711,0.868424585486482,"AM",FALSE,"logSRL"
"Cornus_officinalis",0.0016572795065933,0.0995747024210425,0.172946239349867,3.83974434079711,3.83974434079711,0.868424585486482,"AM",FALSE,"logSRL"
"Alangium_chinense",0.0016572795065933,0.0995747024210425,0.172946239349867,3.83974434079711,3.83974434079711,0.868424585486482,"AM",FALSE,"logSRL"
"Nyssa_aquatica",0.0016572795065933,0.0995747024210425,0.172946239349867,3.83974434079711,3.83974434079711,0.868424585486482,"AM",FALSE,"logSRL"
"Nyssa_sylvatica",0.0016572795065933,0.0995747024210425,0.172946239349867,3.83974434079711,3.83974434079711,0.868424585486482,"AM",FALSE,"logSRL"
"Silene_rupestris",0.00113384682745547,0.0995747024210425,0.172946239349867,3.83974434079711,3.83974434079711,0.868424585486482,"NMAM",FALSE,"logSRL"
"Arenaria_serpyllifolia",0.00113384682745547,0.0995747024210425,0.172946239349867,3.83974434079711,3.83974434079711,0.868424585486482,"NMAM",FALSE,"logSRL"
"Cerastium_fontanum",0.00113384682745547,0.0995747024210425,0.172946239349867,3.83974434079711,3.83974434079711,0.868424585486482,"NMAM",FALSE,"logSRL"
"Cerastium_arvense",0.00113384682745547,0.0995747024210425,0.172946239349867,3.83974434079711,3.83974434079711,0.868424585486482,"NMAM",FALSE,"logSRL"
"Eurotia_lanata",0.0016572795065933,0.0995747024210425,0.172946239349867,3.83974434079711,3.83974434079711,0.868424585486482,"AM",FALSE,"logSRL"
"Chenopodium_serotinum",0.00113384682745547,0.0995747024210425,0.172946239349867,3.83974434079711,3.83974434079711,0.868424585486482,"NMAM",FALSE,"logSRL"
"Chenopodium_album",0.00113384682745547,0.0995747024210425,0.172946239349867,3.83974434079711,3.83974434079711,0.868424585486482,"NMAM",FALSE,"logSRL"
"Alternanthera_sessilis",0.00113384682745547,0.0995747024210425,0.172946239349867,3.83974434079711,3.83974434079711,0.868424585486482,"NMAM",FALSE,"logSRL"
"Rumex_acetosa",0.00113384682745547,0.0995747024210425,0.172946239349867,3.83974434079711,3.83974434079711,0.868424585486482,"NMAM",FALSE,"logSRL"
"Rumex_acetosella",0.00113384682745547,0.0995747024210425,0.172946239349867,3.83974434079711,3.83974434079711,0.868424585486482,"NMAM",FALSE,"logSRL"
"Fallopia_convolvulus",0.00113384682745547,0.0995747024210425,0.172946239349867,3.83974434079711,3.83974434079711,0.868424585486482,"NMAM",FALSE,"logSRL"
"Coccoloba_manzinellensis",0.000667182323829894,0.0995747024210425,0.172946239349867,3.83974434079711,3.83974434079711,0.868424585486482,"EcM",FALSE,"logSRL"
"Coccoloba_excelsa",0.000667182323829894,0.0995747024210425,0.172946239349867,3.83974434079711,3.83974434079711,0.868424585486482,"EcM",FALSE,"logSRL"
"Armeria_velutina",0.00113384682745547,0.0995747024210425,0.172946239349867,3.83974434079711,3.83974434079711,0.868424585486482,"NMAM",FALSE,"logSRL"
"Schoepfia_jasminodora",0.0016572795065933,0.0995747024210425,0.172946239349867,3.83974434079711,3.83974434079711,0.868424585486482,"AM",FALSE,"logSRL"
"Osyris_alba",0.00113384682745547,0.0995747024210425,0.172946239349867,3.83974434079711,3.83974434079711,0.868424585486482,"NMAM",FALSE,"logSRL"
"Comandra_umbellata",0.0016572795065933,0.0995747024210425,0.172946239349867,3.83974434079711,3.83974434079711,0.868424585486482,"AM",FALSE,"logSRL"
"Stauracanthus_genistoides",0.0016572795065933,0.0995747024210425,0.172946239349867,3.83974434079711,3.83974434079711,0.868424585486482,"AM",FALSE,"logSRL"
"Trifolium_spumosum",0.0016572795065933,0.0995747024210425,0.172946239349867,3.83974434079711,3.83974434079711,0.868424585486482,"AM",FALSE,"logSRL"
"Trifolium_repens",0.0016572795065933,0.0995747024210425,0.172946239349867,3.83974434079711,3.83974434079711,0.868424585486482,"AM",FALSE,"logSRL"
"Trifolium_pratense",0.0016572795065933,0.0995747024210425,0.172946239349867,3.83974434079711,3.83974434079711,0.868424585486482,"AM",FALSE,"logSRL"
"Trifolium_incarnatum",0.0016572795065933,0.0995747024210425,0.172946239349867,3.83974434079711,3.83974434079711,0.868424585486482,"AM",FALSE,"logSRL"
"Trifolium_hirtum",0.0016572795065933,0.0995747024210425,0.172946239349867,3.83974434079711,3.83974434079711,0.868424585486482,"AM",FALSE,"logSRL"
"Trifolium_angustifolium",0.0016572795065933,0.0995747024210425,0.172946239349867,3.83974434079711,3.83974434079711,0.868424585486482,"AM",FALSE,"logSRL"
"Trifolium_purpureum",0.0016572795065933,0.0995747024210425,0.172946239349867,3.83974434079711,3.83974434079711,0.868424585486482,"AM",FALSE,"logSRL"
"Trifolium_subterraneum",0.0016572795065933,0.0995747024210425,0.172946239349867,3.83974434079711,3.83974434079711,0.868424585486482,"AM",FALSE,"logSRL"
"Trifolium_dubium",0.0016572795065933,0.0995747024210425,0.172946239349867,3.83974434079711,3.83974434079711,0.868424585486482,"AM",FALSE,"logSRL"
"Medicago_sativa",0.0016572795065933,0.0995747024210425,0.172946239349867,3.83974434079711,3.83974434079711,0.868424585486482,"AM",FALSE,"logSRL"
"Medicago_ruthenica",0.0016572795065933,0.0995747024210425,0.172946239349867,3.83974434079711,3.83974434079711,0.868424585486482,"AM",FALSE,"logSRL"
"Medicago_minima",0.0016572795065933,0.0995747024210425,0.172946239349867,3.83974434079711,3.83974434079711,0.868424585486482,"AM",FALSE,"logSRL"
"Melilotus_officinalis",0.0016572795065933,0.0995747024210425,0.172946239349867,3.83974434079711,3.83974434079711,0.868424585486482,"AM",FALSE,"logSRL"
"Vicia_americana",0.0016572795065933,0.0995747024210425,0.172946239349867,3.83974434079711,3.83974434079711,0.868424585486482,"AM",FALSE,"logSRL"
"Vicia_villosa",0.0016572795065933,0.0995747024210425,0.172946239349867,3.83974434079711,3.83974434079711,0.868424585486482,"AM",FALSE,"logSRL"
"Lathyrus_venosus",0.0016572795065933,0.0995747024210425,0.172946239349867,3.83974434079711,3.83974434079711,0.868424585486482,"AM",FALSE,"logSRL"
"Astragalus_bisulcatus",0.0016572795065933,0.0995747024210425,0.172946239349867,3.83974434079711,3.83974434079711,0.868424585486482,"AM",FALSE,"logSRL"
"Astragalus_agrestis",0.0016572795065933,0.0995747024210425,0.172946239349867,3.83974434079711,3.83974434079711,0.868424585486482,"AM",FALSE,"logSRL"
"Astragalus_scaberrimus",0.0016572795065933,0.0995747024210425,0.172946239349867,3.83974434079711,3.83974434079711,0.868424585486482,"AM",FALSE,"logSRL"
"Astragalus_canadensis",0.0016572795065933,0.0995747024210425,0.172946239349867,3.83974434079711,3.83974434079711,0.868424585486482,"AM",FALSE,"logSRL"
"Astragalus_aboriginum",0.0016572795065933,0.0995747024210425,0.172946239349867,3.83974434079711,3.83974434079711,0.868424585486482,"AM",FALSE,"logSRL"
"Astragalus_pelecinus",0.0016572795065933,0.0995747024210425,0.172946239349867,3.83974434079711,3.83974434079711,0.868424585486495,"AM",FALSE,"logSRL"
"Oxytropis_sericea",0.0016572795065933,0.0995747024210425,0.172946239349867,3.83974434079711,3.83974434079711,0.868424585486482,"AM",FALSE,"logSRL"
"Caragana_microphylla",0.0016572795065933,0.0995747024210425,0.172946239349867,3.83974434079711,3.83974434079711,0.868424585486482,"AM",FALSE,"logSRL"
"Lotus_tenuis",0.0016572795065933,0.0995747024210425,0.172946239349867,3.83974434079711,3.83974434079711,0.868424585486482,"AM",FALSE,"logSRL"
"Lotus_corniculatus",0.0016572795065933,0.0995747024210425,0.172946239349867,3.83974434079711,3.83974434079711,0.868424585486482,"AM",FALSE,"logSRL"
"Ornithopus_sativus",0.0016572795065933,0.0995747024210425,0.172946239349867,3.83974434079711,3.83974434079711,0.868424585486482,"AM",FALSE,"logSRL"
"Ornithopus_compressus",0.0016572795065933,0.0995747024210425,0.172946239349867,3.83974434079711,3.83974434079711,0.868424585486482,"AM",FALSE,"logSRL"
"Anthyllis_cytisoides",0.0016572795065933,0.0995747024210425,0.172946239349867,3.83974434079711,3.83974434079711,0.868424585486482,"AM",FALSE,"logSRL"
"Anthyllis_terniflora",0.0016572795065933,0.0995747024210425,0.172946239349867,3.83974434079711,3.83974434079711,0.868424585486482,"AM",FALSE,"logSRL"
"Coronilla_juncea",0.0016572795065933,0.0995747024210425,0.172946239349867,3.83974434079711,3.83974434079711,0.868424585486482,"AM",FALSE,"logSRL"
"Coronilla_minima",0.0016572795065933,0.0995747024210425,0.172946239349867,3.83974434079711,3.83974434079711,0.868424585486482,"AM",FALSE,"logSRL"
"Gliricidia_sepium",0.0016572795065933,0.0995747024210425,0.172946239349867,3.83974434079711,3.83974434079711,0.868424585486482,"AM",FALSE,"logSRL"
"Pueraria_stricta",0.0016572795065933,0.0995747024210425,0.172946239349867,3.83974434079711,3.83974434079711,0.868424585486482,"AM",FALSE,"logSRL"
"Bituminaria_bituminosa",0.0016572795065933,0.0995747024210425,0.172946239349867,3.83974434079711,3.83974434079711,0.868424585486482,"AM",FALSE,"logSRL"
"Desmodium_canadense",0.0016572795065933,0.0995747024210425,0.172946239349867,3.83974434079711,3.83974434079711,0.868424585486482,"AM",FALSE,"logSRL"
"Lespedeza_bicolor",0.0016572795065933,0.0995747024210425,0.172946239349867,3.83974434079711,3.83974434079711,0.868424585486482,"AM",FALSE,"logSRL"
"Lespedeza_davurica",0.0016572795065933,0.0995747024210425,0.172946239349867,3.83974434079711,3.83974434079711,0.868424585486482,"AM",FALSE,"logSRL"
"Lespedeza_davidii",0.0016572795065933,0.0995747024210425,0.172946239349867,3.83974434079711,3.83974434079711,0.868424585486482,"AM",FALSE,"logSRL"
"Lespedeza_thunbergii",0.0016572795065933,0.0995747024210425,0.172946239349867,3.83974434079711,3.83974434079711,0.868424585486482,"AM",FALSE,"logSRL"
"Lespedeza_capitata",0.0016572795065933,0.0995747024210425,0.172946239349867,3.83974434079711,3.83974434079711,0.868424585486482,"AM",FALSE,"logSRL"
"Millettia_leptobotrya",0.0016572795065933,0.0995747024210425,0.172946239349867,3.83974434079711,3.83974434079711,0.868424585486482,"AM",FALSE,"logSRL"
"Clitoria_javitensis",0.0016572795065933,0.0995747024210425,0.172946239349867,3.83974434079711,3.83974434079711,0.868424585486482,"AM",FALSE,"logSRL"
"Dalea_purpurea",0.0016572795065933,0.0995747024210425,0.172946239349867,3.83974434079711,3.83974434079711,0.868424585486482,"AM",FALSE,"logSRL"
"Lupinus_perennis",0.000256163016950334,0.0995747024210425,0.172946239349867,3.83974434079711,3.83974434079711,0.868424585486482,"NM",FALSE,"logSRL"
"Cytisus_grandiflorus",0.0016572795065933,0.0995747024210425,0.172946239349867,3.83974434079711,3.83974434079711,0.868424585486482,"AM",FALSE,"logSRL"
"Genista_triacanthos",0.0016572795065933,0.0995747024210425,0.172946239349867,3.83974434079711,3.83974434079711,0.868424585486482,"AM",FALSE,"logSRL"
"Genista_hirsuta",0.0016572795065933,0.0995747024210425,0.172946239349867,3.83974434079711,3.83974434079711,0.868424585486482,"AM",FALSE,"logSRL"
"Ulex_parviflorus",0.0016572795065933,0.0995747024210425,0.172946239349867,3.83974434079711,3.83974434079711,0.868424585486482,"AM",FALSE,"logSRL"
"Calpurnia_aurea",0.0016572795065933,0.0995747024210425,0.172946239349867,3.83974434079711,3.83974434079711,0.868424585486482,"AM",FALSE,"logSRL"
"Thermopsis_rhombifolia",0.0016572795065933,0.0995747024210425,0.172946239349867,3.83974434079711,3.83974434079711,0.868424585486482,"AM",FALSE,"logSRL"
"Baptisia_alba",0.0016572795065933,0.0995747024210425,0.172946239349867,3.83974434079711,3.83974434079711,0.868424585486482,"AM",FALSE,"logSRL"
"Pterocarpus_indicus",0.0016572795065933,0.0995747024210425,0.172946239349867,3.83974434079711,3.83974434079711,0.868424585486482,"AM",FALSE,"logSRL"
"Platypodium_elegans",0.0016572795065933,0.0995747024210425,0.172946239349867,3.83974434079711,3.83974434079711,0.868424585486482,"AM",FALSE,"logSRL"
"Sophora_microphylla",0.0016572795065933,0.0995747024210425,0.172946239349867,3.83974434079711,3.83974434079711,0.868424585486482,"AM",FALSE,"logSRL"
"Styphnolobium_japonicum",0.0016572795065933,0.0995747024210425,0.172946239349867,3.83974434079711,3.83974434079711,0.868424585486482,"AM",FALSE,"logSRL"
"Leucaena_Leucocephala",0.0016572795065933,0.0995747024210425,0.172946239349867,3.83974434079711,3.83974434079711,0.868424585486482,"AM",FALSE,"logSRL"
"Acacia_mangium",0.000320939596444055,0.0995747024210425,0.172946239349867,3.83974434079711,3.83974434079711,0.868424585486482,"EcMAM",FALSE,"logSRL"
"Acacia_auriculiformis",0.000320939596444055,0.0995747024210425,0.172946239349867,3.83974434079711,3.83974434079711,0.868424585486482,"EcMAM",FALSE,"logSRL"
"Acacia_crassicarpa",0.000320939596444055,0.0995747024210425,0.172946239349867,3.83974434079711,3.83974434079711,0.868424585486482,"EcMAM",FALSE,"logSRL"
"Archidendron_lucidum",0.0016572795065933,0.0995747024210425,0.172946239349867,3.83974434079711,3.83974434079711,0.868424585486482,"AM",FALSE,"logSRL"
"Archidendron_clypearia",0.0016572795065933,0.0995747024210425,0.172946239349867,3.83974434079711,3.83974434079711,0.868424585486482,"AM",FALSE,"logSRL"
"Chamaecrista_fasciculata",0.0016572795065933,0.0995747024210425,0.172946239349867,3.83974434079711,3.83974434079711,0.868424585486482,"AM",FALSE,"logSRL"
"Gleditsia_triacanthos",0.0016572795065933,0.0995747024210425,0.172946239349867,3.83974434079711,3.83974434079711,0.868424585486482,"AM",FALSE,"logSRL"
"Bauhinia_championii",0.0016572795065933,0.0995747024210425,0.172946239349867,3.83974434079711,3.83974434079711,0.868424585486482,"AM",FALSE,"logSRL"
"Cercis_canadensis",0.0016572795065933,0.0995747024210425,0.172946239349867,3.83974434079711,3.83974434079711,0.868424585486482,"AM",FALSE,"logSRL"
"Xanthophyllum_tenue",0.0016572795065933,0.0995747024210425,0.172946239349867,3.83974434079711,3.83974434079711,0.868424585486482,"AM",FALSE,"logSRL"
"Potentilla_tanacetifolia",0.0016572795065933,0.0995747024210425,0.172946239349867,3.83974434079711,3.83974434079711,0.868424585486482,"AM",FALSE,"logSRL"
"Potentilla_neumanniana",0.0016572795065933,0.0995747024210425,0.172946239349867,3.83974434079711,3.83974434079711,0.868424585486482,"AM",FALSE,"logSRL"
"Potentilla_acaulis",0.0016572795065933,0.0995747024210425,0.172946239349867,3.83974434079711,3.83974434079711,0.868424585486482,"AM",FALSE,"logSRL"
"Duchesnea_indica",0.0016572795065933,0.0995747024210425,0.172946239349867,3.83974434079711,3.83974434079711,0.868424585486482,"AM",FALSE,"logSRL"
"Alchemilla_alpina",0.0016572795065933,0.0995747024210425,0.172946239349867,3.83974434079711,3.83974434079711,0.868424585486482,"AM",FALSE,"logSRL"
"Sibbaldianthe_bifurca",0.0016572795065933,0.0995747024210425,0.172946239349867,3.83974434079711,3.83974434079711,0.868424585486482,"AM",FALSE,"logSRL"
"Fragaria_virginiana",0.0016572795065933,0.0995747024210425,0.172946239349867,3.83974434079711,3.83974434079711,0.868424585486482,"AM",FALSE,"logSRL"
"Potentilla_arguta",0.0016572795065933,0.0995747024210425,0.172946239349867,3.83974434079711,3.83974434079711,0.868424585486482,"AM",FALSE,"logSRL"
"Chamaerhodos_erecta",0.0016572795065933,0.0995747024210425,0.172946239349867,3.83974434079711,3.83974434079711,0.868424585486482,"AM",FALSE,"logSRL"
"Sanguisorba_officinalis",0.0016572795065933,0.0995747024210425,0.172946239349867,3.83974434079711,3.83974434079711,0.868424585486482,"AM",FALSE,"logSRL"
"Sanguisorba_minor",0.0016572795065933,0.0995747024210425,0.172946239349867,3.83974434079711,3.83974434079711,0.868424585486482,"AM",FALSE,"logSRL"
"Agrimonia_pilosa",0.0016572795065933,0.0995747024210425,0.172946239349867,3.83974434079711,3.83974434079711,0.868424585486482,"AM",FALSE,"logSRL"
"Rosa_arkansana",0.0016572795065933,0.0995747024210425,0.172946239349867,3.83974434079711,3.83974434079711,0.868424585486482,"AM",FALSE,"logSRL"
"Rosa_canina",0.0016572795065933,0.0995747024210425,0.172946239349867,3.83974434079711,3.83974434079711,0.868424585486482,"AM",FALSE,"logSRL"
"Rosa_acicularis",0.0016572795065933,0.0995747024210425,0.172946239349867,3.83974434079711,3.83974434079711,0.868424585486482,"AM",FALSE,"logSRL"
"Rosa_xanthina",0.0016572795065933,0.0995747024210425,0.172946239349867,3.83974434079711,3.83974434079711,0.868424585486482,"AM",FALSE,"logSRL"
"Rubus_irritans",0.0016572795065933,0.0995747024210425,0.172946239349867,3.83974434079711,3.83974434079711,0.868424585486482,"AM",FALSE,"logSRL"
"Rubus_ulmifolius",0.0016572795065933,0.0995747024210425,0.172946239349867,3.83974434079711,3.83974434079711,0.868424585486482,"AM",FALSE,"logSRL"
"Rubus_allegheniensis",0.0016572795065933,0.0995747024210425,0.172946239349867,3.83974434079711,3.83974434079711,0.868424585486482,"AM",FALSE,"logSRL"
"Rubus_corchorifolius",0.0016572795065933,0.0995747024210425,0.172946239349867,3.83974434079711,3.83974434079711,0.868424585486482,"AM",FALSE,"logSRL"
"Rubus_rosifolius",0.0016572795065933,0.0995747024210425,0.172946239349867,3.83974434079711,3.83974434079711,0.868424585486482,"AM",FALSE,"logSRL"
"Rubus_crataegifolius",0.0016572795065933,0.0995747024210425,0.172946239349867,3.83974434079711,3.83974434079711,0.868424585486482,"AM",FALSE,"logSRL"
"Rubus_phoenicolasius",0.0016572795065933,0.0995747024210425,0.172946239349867,3.83974434079711,3.83974434079711,0.868424585486482,"AM",FALSE,"logSRL"
"Rubus_idaeus",0.0016572795065933,0.0995747024210425,0.172946239349867,3.83974434079711,3.83974434079711,0.868424585486482,"AM",FALSE,"logSRL"
"Filipendula_palmata",0.0016572795065933,0.0995747024210425,0.172946239349867,3.83974434079711,3.83974434079711,0.868424585486482,"AM",FALSE,"logSRL"
"Malus_domestica",0.0016572795065933,0.0995747024210425,0.172946239349867,3.83974434079711,3.83974434079711,0.868424585486482,"AM",FALSE,"logSRL"
"Malus_baccata",0.0016572795065933,0.0995747024210425,0.172946239349867,3.83974434079711,3.83974434079711,0.868424585486482,"AM",FALSE,"logSRL"
"Cydonia_oblonga",0.0016572795065933,0.0995747024210425,0.172946239349867,3.83974434079711,3.83974434079711,0.868424585486482,"AM",FALSE,"logSRL"
"Crataegus_pinnatifida",0.0016572795065933,0.0995747024210425,0.172946239349867,3.83974434079711,3.83974434079711,0.868424585486482,"AM",FALSE,"logSRL"
"Crataegus_monogyna",0.0016572795065933,0.0995747024210425,0.172946239349867,3.83974434079711,3.83974434079711,0.868424585486482,"AM",FALSE,"logSRL"
"Cotoneaster_multiflorus",0.0016572795065933,0.0995747024210425,0.172946239349867,3.83974434079711,3.83974434079711,0.868424585486482,"AM",FALSE,"logSRL"
"Cotoneaster_adpressus",0.0016572795065933,0.0995747024210425,0.172946239349867,3.83974434079711,3.83974434079711,0.868424585486482,"AM",FALSE,"logSRL"
"Cotoneaster_acutifolius",0.0016572795065933,0.0995747024210425,0.172946239349867,3.83974434079711,3.83974434079711,0.868424585486482,"AM",FALSE,"logSRL"
"Pyrus_bourgaeana",0.0016572795065933,0.0995747024210425,0.172946239349867,3.83974434079711,3.83974434079711,0.868424585486482,"AM",FALSE,"logSRL"
"Pyrus_betulifolia",0.0016572795065933,0.0995747024210425,0.172946239349867,3.83974434079711,3.83974434079711,0.868424585486482,"AM",FALSE,"logSRL"
"Sorbus_discolor",0.0016572795065933,0.0995747024210425,0.172946239349867,3.83974434079711,3.83974434079711,0.868424585486482,"AM",FALSE,"logSRL"
"Sorbus_aucuparia",0.0016572795065933,0.0995747024210425,0.172946239349867,3.83974434079711,3.83974434079711,0.868424585486482,"AM",FALSE,"logSRL"
"Eriobotrya_japonica",0.0016572795065933,0.0995747024210425,0.172946239349867,3.83974434079711,3.83974434079711,0.868424585486482,"AM",FALSE,"logSRL"
"Rhaphiolepis_indica",0.0016572795065933,0.0995747024210425,0.172946239349867,3.83974434079711,3.83974434079711,0.868424585486482,"AM",FALSE,"logSRL"
"Amelanchier_alnifolia",0.0016572795065933,0.0995747024210425,0.172946239349867,3.83974434079711,3.83974434079711,0.868424585486482,"AM",FALSE,"logSRL"
"Spiraea_dahurica",0.0016572795065933,0.0995747024210425,0.172946239349867,3.83974434079711,3.83974434079711,0.868424585486482,"AM",FALSE,"logSRL"
"Spiraea_pubescens",0.0016572795065933,0.0995747024210425,0.172946239349867,3.83974434079711,3.83974434079711,0.868424585486482,"AM",FALSE,"logSRL"
"Prunus_alabamensis",0.0016572795065933,0.0995747024210425,0.172946239349867,3.83974434079711,3.83974434079711,0.868424585486482,"AM",FALSE,"logSRL"
"Prunus_armeniaca",0.0016572795065933,0.0995747024210425,0.172946239349867,3.83974434079711,3.83974434079711,0.868424585486482,"AM",FALSE,"logSRL"
"Prunus_sibirica",0.0016572795065933,0.0995747024210425,0.172946239349867,3.83974434079711,3.83974434079711,0.868424585486482,"AM",FALSE,"logSRL"
"Prunus_persica",0.0016572795065933,0.0995747024210425,0.172946239349867,3.83974434079711,3.83974434079711,0.868424585486482,"AM",FALSE,"logSRL"
"Prunus_sargentii",0.0016572795065933,0.0995747024210425,0.172946239349867,3.83974434079711,3.83974434079711,0.868424585486482,"AM",FALSE,"logSRL"
"Prunus_avium",0.0016572795065933,0.0995747024210425,0.172946239349867,3.83974434079711,3.83974434079711,0.868424585486482,"AM",FALSE,"logSRL"
"Prunus_virginiana",0.0016572795065933,0.0995747024210425,0.172946239349867,3.83974434079711,3.83974434079711,0.868424585486482,"AM",FALSE,"logSRL"
"Prunus_serotina",0.0016572795065933,0.0995747024210425,0.172946239349867,3.83974434079711,3.83974434079711,0.868424585486482,"AM",FALSE,"logSRL"
"Prunus_padus",0.0016572795065933,0.0995747024210425,0.172946239349867,3.83974434079711,3.83974434079711,0.868424585486482,"AM",FALSE,"logSRL"
"Ficus_variolosa",0.0016572795065933,0.0995747024210425,0.172946239349867,3.83974434079711,3.83974434079711,0.868424585486482,"AM",FALSE,"logSRL"
"Ficus_carica",0.0016572795065933,0.0995747024210425,0.172946239349867,3.83974434079711,3.83974434079711,0.868424585486482,"AM",FALSE,"logSRL"
"Ficus_tikoua",0.0016572795065933,0.0995747024210425,0.172946239349867,3.83974434079711,3.83974434079711,0.868424585486482,"AM",FALSE,"logSRL"
"Artocarpus_styracifolius",0.0016572795065933,0.0995747024210425,0.172946239349867,3.83974434079711,3.83974434079711,0.868424585486482,"AM",FALSE,"logSRL"
"Oreocnide_frutescens",0.00113384682745547,0.0995747024210425,0.172946239349867,3.83974434079711,3.83974434079711,0.868424585486482,"NMAM",FALSE,"logSRL"
"Celtis_australis",0.0016572795065933,0.0995747024210425,0.172946239349867,3.83974434079711,3.83974434079711,0.868424585486482,"AM",FALSE,"logSRL"
"Celtis_sinensis",0.0016572795065933,0.0995747024210425,0.172946239349867,3.83974434079711,3.83974434079711,0.868424585486482,"AM",FALSE,"logSRL"
"Gironniera_subaequalis",0.0016572795065933,0.0995747024210425,0.172946239349867,3.83974434079711,3.83974434079711,0.868424585486482,"AM",FALSE,"logSRL"
"Ulmus_laciniata",0.0016572795065933,0.0995747024210425,0.172946239349867,3.83974434079711,3.83974434079711,0.868424585486482,"AM",FALSE,"logSRL"
"Ulmus_minor",0.0016572795065933,0.0995747024210425,0.172946239349867,3.83974434079711,3.83974434079711,0.868424585486482,"AM",FALSE,"logSRL"
"Ulmus_macrocarpa",0.0016572795065933,0.0995747024210425,0.172946239349867,3.83974434079711,3.83974434079711,0.868424585486482,"AM",FALSE,"logSRL"
"Ulmus_pumila",0.0016572795065933,0.0995747024210425,0.172946239349867,3.83974434079711,3.83974434079711,0.868424585486482,"AM",FALSE,"logSRL"
"Ulmus_davidiana",0.0016572795065933,0.0995747024210425,0.172946239349867,3.83974434079711,3.83974434079711,0.868424585486482,"AM",FALSE,"logSRL"
"Ulmus_rubra",0.0016572795065933,0.0995747024210425,0.172946239349867,3.83974434079711,3.83974434079711,0.868424585486482,"AM",FALSE,"logSRL"
"Ulmus_americana",0.0016572795065933,0.0995747024210425,0.172946239349867,3.83974434079711,3.83974434079711,0.868424585486482,"AM",FALSE,"logSRL"
"Rhamnus_davurica",0.0016572795065933,0.0995747024210425,0.172946239349867,3.83974434079711,3.83974434079711,0.868424585486482,"AM",FALSE,"logSRL"
"Rhamnus_lycioides",0.0016572795065933,0.0995747024210425,0.172946239349867,3.83974434079711,3.83974434079711,0.868424585486482,"AM",FALSE,"logSRL"
"Rhamnus_alaternus",0.0016572795065933,0.0995747024210425,0.172946239349867,3.83974434079711,3.83974434079711,0.868424585486482,"AM",FALSE,"logSRL"
"Elaeagnus_commutata",0.0016572795065933,0.0995747024210425,0.172946239349867,3.83974434079711,3.83974434079711,0.868424585486482,"AM",FALSE,"logSRL"
"Coriaria_arborea",0.0016572795065933,0.0995747024210425,0.172946239349867,3.83974434079711,3.83974434079711,0.868424585486482,"AM",FALSE,"logSRL"
"Coriaria_nepalensis",0.0016572795065933,0.0995747024210425,0.172946239349867,3.83974434079711,3.83974434079711,0.868424585486482,"AM",FALSE,"logSRL"
"Corynocarpus_laevigatus",0.0016572795065933,0.0995747024210425,0.172946239349867,3.83974434079711,3.83974434079711,0.868424585486482,"AM",FALSE,"logSRL"
"Carpinus_caroliniana",0.000667182323829894,0.0995747024210425,0.172946239349867,3.83974434079711,3.83974434079711,0.868424585486482,"EcM",FALSE,"logSRL"
"Carpinus_betulus",0.000667182323829894,0.0995747024210425,0.172946239349867,3.83974434079711,3.83974434079711,0.868424585486482,"EcM",FALSE,"logSRL"
"Carpinus_cordata",0.000667182323829894,0.0995747024210425,0.172946239349867,3.83974434079711,3.83974434079711,0.868424585486482,"EcM",FALSE,"logSRL"
"Corylus_ferox",0.000667182323829894,0.0995747024210425,0.172946239349867,3.83974434079711,3.83974434079711,0.868424585486482,"EcM",FALSE,"logSRL"
"Corylus_sieboldiana",0.000667182323829894,0.0995747024210425,0.172946239349867,3.83974434079711,3.83974434079711,0.868424585486482,"EcM",FALSE,"logSRL"
"Betula_albosinensis",0.000667182323829894,0.0995747024210425,0.172946239349867,3.83974434079711,3.83974434079711,0.868424585486482,"EcM",FALSE,"logSRL"
"Betula_platyphylla",0.000667182323829894,0.0995747024210425,0.172946239349867,3.83974434079711,3.83974434079711,0.868424585486482,"EcM",FALSE,"logSRL"
"Betula_pendula",0.000667182323829894,0.0995747024210425,0.172946239349867,3.83974434079711,3.83974434079711,0.868424585486482,"EcM",FALSE,"logSRL"
"Betula_dahurica",0.000667182323829894,0.0995747024210425,0.172946239349867,3.83974434079711,3.83974434079711,0.868424585486482,"EcM",FALSE,"logSRL"
"Betula_costata",0.000667182323829894,0.0995747024210425,0.172946239349867,3.83974434079711,3.83974434079711,0.868424585486482,"EcM",FALSE,"logSRL"
"Betula_fruticosa",0.000667182323829894,0.0995747024210425,0.172946239349867,3.83974434079711,3.83974434079711,0.868424585486482,"EcM",FALSE,"logSRL"
"Betula_alleghaniensis",0.000667182323829894,0.0995747024210425,0.172946239349867,3.83974434079711,3.83974434079711,0.868424585486482,"EcM",FALSE,"logSRL"
"Betula_lenta",0.000667182323829894,0.0995747024210425,0.172946239349867,3.83974434079711,3.83974434079711,0.868424585486482,"EcM",FALSE,"logSRL"
"Alnus_glutinosa",0.000667182323829894,0.0995747024210425,0.172946239349867,3.83974434079711,3.83974434079711,0.868424585486482,"EcM",FALSE,"logSRL"
"Alnus_hirsuta",0.000667182323829894,0.0995747024210425,0.172946239349867,3.83974434079711,3.83974434079711,0.868424585486482,"EcM",FALSE,"logSRL"
"Alnus_formosana",0.000667182323829894,0.0995747024210425,0.172946239349867,3.83974434079711,3.83974434079711,0.868424585486482,"EcM",FALSE,"logSRL"
"Alnus_mandshurica",0.000667182323829894,0.0995747024210425,0.172946239349867,3.83974434079711,3.83974434079711,0.868424585486482,"EcM",FALSE,"logSRL"
"Engelhardia_roxburghiana",0.000667182323829894,0.0995747024210425,0.172946239349867,3.83974434079711,3.83974434079711,0.868424585486482,"EcM",FALSE,"logSRL"
"Juglans_nigra",0.0016572795065933,0.0995747024210425,0.172946239349867,3.83974434079711,3.83974434079711,0.868424585486482,"AM",FALSE,"logSRL"
"Juglans_mandshurica",0.0016572795065933,0.0995747024210425,0.172946239349867,3.83974434079711,3.83974434079711,0.868424585486482,"AM",FALSE,"logSRL"
"Carya_glabra",0.000667182323829894,0.0995747024210425,0.172946239349867,3.83974434079711,3.83974434079711,0.868424585486482,"EcM",FALSE,"logSRL"
"Carya_cordiformis",0.000667182323829894,0.0995747024210425,0.172946239349867,3.83974434079711,3.83974434079711,0.868424585486482,"EcM",FALSE,"logSRL"
"Carya_ovata",0.000667182323829894,0.0995747024210425,0.172946239349867,3.83974434079711,3.83974434079711,0.868424585486482,"EcM",FALSE,"logSRL"
"Quercus_lowii",0.000667182323829894,0.0995747024210425,0.172946239349867,3.83974434079711,3.83974434079711,0.868424585486482,"EcM",FALSE,"logSRL"
"Quercus_ilex",0.000667182323829894,0.0995747024210425,0.172946239349867,3.83974434079711,3.83974434079711,0.868424585486482,"EcM",FALSE,"logSRL"
"Quercus_serrata",0.000667182323829894,0.0995747024210425,0.172946239349867,3.83974434079711,3.83974434079711,0.868424585486482,"EcM",FALSE,"logSRL"
"Quercus_robur",0.000667182323829894,0.0995747024210425,0.172946239349867,3.83974434079711,3.83974434079711,0.868424585486482,"EcM",FALSE,"logSRL"
"Quercus_mongolica",0.000667182323829894,0.0995747024210425,0.172946239349867,3.83974434079711,3.83974434079711,0.868424585486482,"EcM",FALSE,"logSRL"
"Quercus_aliena",0.000667182323829894,0.0995747024210425,0.172946239349867,3.83974434079711,3.83974434079711,0.868424585486495,"EcM",FALSE,"logSRL"
"Quercus_alba",0.000667182323829894,0.0995747024210425,0.172946239349867,3.83974434079711,3.83974434079711,0.868424585486482,"EcM",FALSE,"logSRL"
"Quercus_macrocarpa",0.000667182323829894,0.0995747024210425,0.172946239349867,3.83974434079711,3.83974434079711,0.868424585486482,"EcM",FALSE,"logSRL"
"Quercus_bicolor",0.000667182323829894,0.0995747024210425,0.172946239349867,3.83974434079711,3.83974434079711,0.868424585486482,"EcM",FALSE,"logSRL"
"Quercus_canariensis",0.000667182323829894,0.0995747024210425,0.172946239349867,3.83974434079711,3.83974434079711,0.868424585486482,"EcM",FALSE,"logSRL"
"Quercus_faginea",0.000667182323829894,0.0995747024210425,0.172946239349867,3.83974434079711,3.83974434079711,0.868424585486482,"EcM",FALSE,"logSRL"
"Quercus_wutaishanica",0.000667182323829894,0.0995747024210425,0.172946239349867,3.83974434079711,3.83974434079711,0.868424585486482,"EcM",FALSE,"logSRL"
"Quercus_suber",0.000667182323829894,0.0995747024210425,0.172946239349867,3.83974434079711,3.83974434079711,0.868424585486482,"EcM",FALSE,"logSRL"
"Quercus_variabilis",0.000667182323829894,0.0995747024210425,0.172946239349867,3.83974434079711,3.83974434079711,0.868424585486482,"EcM",FALSE,"logSRL"
"Quercus_asymmetrica",0.000667182323829894,0.0995747024210425,0.172946239349867,3.83974434079711,3.83974434079711,0.868424585486482,"EcM",FALSE,"logSRL"
"Quercus_glauca",0.000667182323829894,0.0995747024210425,0.172946239349867,3.83974434079711,3.83974434079711,0.868424585486482,"EcM",FALSE,"logSRL"
"Quercus_oxyodon",0.000667182323829894,0.0995747024210425,0.172946239349867,3.83974434079711,3.83974434079711,0.868424585486482,"EcM",FALSE,"logSRL"
"Quercus_multinervis",0.000667182323829894,0.0995747024210425,0.172946239349867,3.83974434079711,3.83974434079711,0.868424585486482,"EcM",FALSE,"logSRL"
"Quercus_coccifera",0.000667182323829894,0.0995747024210425,0.172946239349867,3.83974434079711,3.83974434079711,0.868424585486482,"EcM",FALSE,"logSRL"
"Quercus_palustris",0.000667182323829894,0.0995747024210425,0.172946239349867,3.83974434079711,3.83974434079711,0.868424585486482,"EcM",FALSE,"logSRL"
"Quercus_rubra",0.000667182323829894,0.0995747024210425,0.172946239349867,3.83974434079711,3.83974434079711,0.868424585486482,"EcM",FALSE,"logSRL"
"Castanopsis_carlesii",0.000667182323829894,0.0995747024210425,0.172946239349867,3.83974434079711,3.83974434079711,0.868424585486482,"EcM",FALSE,"logSRL"
"Castanopsis_faberi",0.000667182323829894,0.0995747024210425,0.172946239349867,3.83974434079711,3.83974434079711,0.868424585486482,"EcM",FALSE,"logSRL"
"Castanopsis_fargesii",0.000667182323829894,0.0995747024210425,0.172946239349867,3.83974434079711,3.83974434079711,0.868424585486482,"EcM",FALSE,"logSRL"
"Castanopsis_echinocarpa",0.000667182323829894,0.0995747024210425,0.172946239349867,3.83974434079711,3.83974434079711,0.868424585486482,"EcM",FALSE,"logSRL"
"Castanopsis_fissa",0.000667182323829894,0.0995747024210425,0.172946239349867,3.83974434079711,3.83974434079711,0.868424585486482,"EcM",FALSE,"logSRL"
"Castanopsis_wattii",0.000667182323829894,0.0995747024210425,0.172946239349867,3.83974434079711,3.83974434079711,0.868424585486482,"EcM",FALSE,"logSRL"
"Castanopsis_eyrei",0.000667182323829894,0.0995747024210425,0.172946239349867,3.83974434079711,3.83974434079711,0.868424585486482,"EcM",FALSE,"logSRL"
"Castanopsis_hystrix",0.000667182323829894,0.0995747024210425,0.172946239349867,3.83974434079711,3.83974434079711,0.868424585486482,"EcM",FALSE,"logSRL"
"Castanea_henryi",0.000667182323829894,0.0995747024210425,0.172946239349867,3.83974434079711,3.83974434079711,0.868424585486482,"EcM",FALSE,"logSRL"
"Lithocarpus_rigidus",0.000667182323829894,0.0995747024210425,0.172946239349867,3.83974434079711,3.83974434079711,0.868424585486482,"EcM",FALSE,"logSRL"
"Lithocarpus_lampadarius",0.000667182323829894,0.0995747024210425,0.172946239349867,3.83974434079711,3.83974434079711,0.868424585486482,"EcM",FALSE,"logSRL"
"Lithocarpus_confertus",0.000667182323829894,0.0995747024210425,0.172946239349867,3.83974434079711,3.83974434079711,0.868424585486482,"EcM",FALSE,"logSRL"
"Lithocarpus_clementianus",0.000667182323829894,0.0995747024210425,0.172946239349867,3.83974434079711,3.83974434079711,0.868424585486482,"EcM",FALSE,"logSRL"
"Lithocarpus_chiungchungensis",0.000667182323829894,0.0995747024210425,0.172946239349867,3.83974434079711,3.83974434079711,0.868424585486495,"EcM",FALSE,"logSRL"
"Lithocarpus_fenestratus",0.000667182323829894,0.0995747024210425,0.172946239349867,3.83974434079711,3.83974434079711,0.868424585486482,"EcM",FALSE,"logSRL"
"Lithocarpus_cleistocarpus",0.000667182323829894,0.0995747024210425,0.172946239349867,3.83974434079711,3.83974434079711,0.868424585486482,"EcM",FALSE,"logSRL"
"Fagus_sylvatica",0.000667182323829894,0.0995747024210425,0.172946239349867,3.83974434079711,3.83974434079711,0.868424585486482,"EcM",FALSE,"logSRL"
"Fagus_grandifolia",0.000667182323829894,0.0995747024210425,0.172946239349867,3.83974434079711,3.83974434079711,0.868424585486482,"EcM",FALSE,"logSRL"
"Fagus_engleriana",0.000667182323829894,0.0995747024210425,0.172946239349867,3.83974434079711,3.83974434079711,0.868424585486482,"EcM",FALSE,"logSRL"
"Nothofagus_solandri",0.000667182323829894,0.0995747024210425,0.172946239349867,3.83974434079711,3.83974434079711,0.868424585486482,"EcM",FALSE,"logSRL"
"Nothofagus_menziesii",0.000667182323829894,0.0995747024210425,0.172946239349867,3.83974434079711,3.83974434079711,0.868424585486482,"EcM",FALSE,"logSRL"
"Nothofagus_fusca",0.000667182323829894,0.0995747024210425,0.172946239349867,3.83974434079711,3.83974434079711,0.868424585486482,"EcM",FALSE,"logSRL"
"Nothofagus_obliqua",0.000667182323829894,0.0995747024210425,0.172946239349867,3.83974434079711,3.83974434079711,0.868424585486482,"EcM",FALSE,"logSRL"
"Hypericum_perforatum",0.0016572795065933,0.0995747024210425,0.172946239349867,3.83974434079711,3.83974434079711,0.868424585486482,"AM",FALSE,"logSRL"
"Cratoxylum_cochinchinense",0.0016572795065933,0.0995747024210425,0.172946239349867,3.83974434079711,3.83974434079711,0.868424585486482,"AM",FALSE,"logSRL"
"Garcinia_cowa",0.0016572795065933,0.0995747024210425,0.172946239349867,3.83974434079711,3.83974434079711,0.868424585486482,"AM",FALSE,"logSRL"
"Garcinia_oblongifolia",0.0016572795065933,0.0995747024210425,0.172946239349867,3.83974434079711,3.83974434079711,0.868424585486482,"AM",FALSE,"logSRL"
"Salix_atrocinerea",0.000320939596444055,0.0995747024210425,0.172946239349867,3.83974434079711,3.83974434079711,0.868424585486482,"EcMAM",FALSE,"logSRL"
"Salix_gordejevii",0.000320939596444055,0.0995747024210425,0.172946239349867,3.83974434079711,3.83974434079711,0.868424585486482,"EcMAM",FALSE,"logSRL"
"Salix_pierotii",0.000320939596444055,0.0995747024210425,0.172946239349867,3.83974434079711,3.83974434079711,0.868424585486482,"EcMAM",FALSE,"logSRL"
"Salix_viminalis",0.000320939596444055,0.0995747024210425,0.172946239349867,3.83974434079711,3.83974434079711,0.868424585486482,"EcMAM",FALSE,"logSRL"
"Salix_caprea",0.000320939596444055,0.0995747024210425,0.172946239349867,3.83974434079711,3.83974434079711,0.868424585486482,"EcMAM",FALSE,"logSRL"
"Salix_raddeana",0.000320939596444055,0.0995747024210425,0.172946239349867,3.83974434079711,3.83974434079711,0.868424585486482,"EcMAM",FALSE,"logSRL"
"Populus_grandidentata",0.000320939596444055,0.0995747024210425,0.172946239349867,3.83974434079711,3.83974434079711,0.868424585486482,"EcMAM",FALSE,"logSRL"
"Populus_alba",0.000320939596444055,0.0995747024210425,0.172946239349867,3.83974434079711,3.83974434079711,0.868424585486482,"EcMAM",FALSE,"logSRL"
"Populus_tremula",0.000320939596444055,0.0995747024210425,0.172946239349867,3.83974434079711,3.83974434079711,0.868424585486482,"EcMAM",FALSE,"logSRL"
"Populus_tremuloides",0.000320939596444055,0.0995747024210425,0.172946239349867,3.83974434079711,3.83974434079711,0.868424585486482,"EcMAM",FALSE,"logSRL"
"Populus_cathayana",0.000320939596444055,0.0995747024210425,0.172946239349867,3.83974434079711,3.83974434079711,0.868424585486482,"EcMAM",FALSE,"logSRL"
"Populus_koreana",0.000320939596444055,0.0995747024210425,0.172946239349867,3.83974434079711,3.83974434079711,0.868424585486482,"EcMAM",FALSE,"logSRL"
"Populus_balsamifera",0.000320939596444055,0.0995747024210425,0.172946239349867,3.83974434079711,3.83974434079711,0.868424585486482,"EcMAM",FALSE,"logSRL"
"Populus_trichocarpa",0.000320939596444055,0.0995747024210425,0.172946239349867,3.83974434079711,3.83974434079711,0.868424585486482,"EcMAM",FALSE,"logSRL"
"Populus_deltoides",0.000320939596444055,0.0995747024210425,0.172946239349867,3.83974434079711,3.83974434079711,0.868424585486482,"EcMAM",FALSE,"logSRL"
"Dovyalis_abyssinica",0.0016572795065933,0.0995747024210425,0.172946239349867,3.83974434079711,3.83974434079711,0.868424585486482,"AM",FALSE,"logSRL"
"Viola_adunca",0.0016572795065933,0.0995747024210425,0.172946239349867,3.83974434079711,3.83974434079711,0.868424585486482,"AM",FALSE,"logSRL"
"Viola_thomasiana",0.0016572795065933,0.0995747024210425,0.172946239349867,3.83974434079711,3.83974434079711,0.868424585486482,"AM",FALSE,"logSRL"
"Melicytus_ramiflorus",0.0016572795065933,0.0995747024210425,0.172946239349867,3.83974434079711,3.83974434079711,0.868424585486482,"AM",FALSE,"logSRL"
"Antidesma_maclurei",0.0016572795065933,0.0995747024210425,0.172946239349867,3.83974434079711,3.83974434079711,0.868424585486482,"AM",FALSE,"logSRL"
"Aporosa_subcaudata",0.0016572795065933,0.0995747024210425,0.172946239349867,3.83974434079711,3.83974434079711,0.868424585486482,"AM",FALSE,"logSRL"
"Aporosa_octandra",0.0016572795065933,0.0995747024210425,0.172946239349867,3.83974434079711,3.83974434079711,0.868424585486482,"AM",FALSE,"logSRL"
"Aporosa_yunnanensis",0.0016572795065933,0.0995747024210425,0.172946239349867,3.83974434079711,3.83974434079711,0.868424585486482,"AM",FALSE,"logSRL"
"Carallia_brachiata",0.0016572795065933,0.0995747024210425,0.172946239349867,3.83974434079711,3.83974434079711,0.868424585486482,"AM",FALSE,"logSRL"
"Galearia_maingayi",0.0016572795065933,0.0995747024210425,0.172946239349867,3.83974434079711,3.83974434079711,0.868424585486482,"AM",FALSE,"logSRL"
"Euphorbia_cyparissias",0.0016572795065933,0.0995747024210425,0.172946239349867,3.83974434079711,3.83974434079711,0.868424585486482,"AM",FALSE,"logSRL"
"Aleurites_moluccana",0.0016572795065933,0.0995747024210425,0.172946239349867,3.83974434079711,3.83974434079711,0.868424585486482,"AM",FALSE,"logSRL"
"Endospermum_chinense",0.0016572795065933,0.0995747024210425,0.172946239349867,3.83974434079711,3.83974434079711,0.868424585486482,"AM",FALSE,"logSRL"
"Macaranga_sampsonii",0.0016572795065933,0.0995747024210425,0.172946239349867,3.83974434079711,3.83974434079711,0.868424585486482,"AM",FALSE,"logSRL"
"Mallotus_paniculatus",0.0016572795065933,0.0995747024210425,0.172946239349867,3.83974434079711,3.83974434079711,0.868424585486482,"AM",FALSE,"logSRL"
"Blumeodendron_tokbrai",0.0016572795065933,0.0995747024210425,0.172946239349867,3.83974434079711,3.83974434079711,0.868424585486482,"AM",FALSE,"logSRL"
"Alchornea_tiliifolia",0.0016572795065933,0.0995747024210425,0.172946239349867,3.83974434079711,3.83974434079711,0.86842458548647,"AM",FALSE,"logSRL"
"Alchornea_trewioides",0.0016572795065933,0.0995747024210425,0.172946239349867,3.83974434079711,3.83974434079711,0.86842458548647,"AM",FALSE,"logSRL"
"Linum_lewisii",0.0016572795065933,0.0995747024210425,0.172946239349867,3.83974434079711,3.83974434079711,0.868424585486482,"AM",FALSE,"logSRL"
"Elaeocarpus_dentatus",0.0016572795065933,0.0995747024210425,0.172946239349867,3.83974434079711,3.83974434079711,0.868424585486482,"AM",FALSE,"logSRL"
"Elaeocarpus_hookerianus",0.0016572795065933,0.0995747024210425,0.172946239349867,3.83974434079711,3.83974434079711,0.868424585486482,"AM",FALSE,"logSRL"
"Elaeocarpus_dubius",0.0016572795065933,0.0995747024210425,0.172946239349867,3.83974434079711,3.83974434079711,0.868424585486482,"AM",FALSE,"logSRL"
"Elaeocarpus_sylvestris",0.0016572795065933,0.0995747024210425,0.172946239349867,3.83974434079711,3.83974434079711,0.868424585486482,"AM",FALSE,"logSRL"
"Elaeocarpus_glabripetalus",0.0016572795065933,0.0995747024210425,0.172946239349867,3.83974434079711,3.83974434079711,0.868424585486482,"AM",FALSE,"logSRL"
"Aristotelia_serrata",0.0016572795065933,0.0995747024210425,0.172946239349867,3.83974434079711,3.83974434079711,0.868424585486482,"AM",FALSE,"logSRL"
"Weinmannia_racemosa",0.0016572795065933,0.0995747024210425,0.172946239349867,3.83974434079711,3.83974434079711,0.868424585486482,"AM",FALSE,"logSRL"
"Weinmannia_blumei",0.0016572795065933,0.0995747024210425,0.172946239349867,3.83974434079711,3.83974434079711,0.868424585486482,"AM",FALSE,"logSRL"
"Leiospermum_racemosum",0.0016572795065933,0.0995747024210425,0.172946239349867,3.83974434079711,3.83974434079711,0.868424585486482,"AM",FALSE,"logSRL"
"Weinmannia_silvicola",0.0016572795065933,0.0995747024210425,0.172946239349867,3.83974434079711,3.83974434079711,0.868424585486482,"AM",FALSE,"logSRL"
"Caldcluvia_rosifolia",0.0016572795065933,0.0995747024210425,0.172946239349867,3.83974434079711,3.83974434079711,0.868424585486482,"AM",FALSE,"logSRL"
"Prionostemma_aspera",0.0016572795065933,0.0995747024210425,0.172946239349867,3.83974434079711,3.83974434079711,0.868424585486482,"AM",FALSE,"logSRL"
"Euonymus_alatus",0.0016572795065933,0.0995747024210425,0.172946239349867,3.83974434079711,3.83974434079711,0.868424585486482,"AM",FALSE,"logSRL"
"Euonymus_verrucosus",0.0016572795065933,0.0995747024210425,0.172946239349867,3.83974434079711,3.83974434079711,0.868424585486482,"AM",FALSE,"logSRL"
"Maytenus_arbutifolia",0.0016572795065933,0.0995747024210425,0.172946239349867,3.83974434079711,3.83974434079711,0.868424585486482,"AM",FALSE,"logSRL"
"Maytenus_schippii",0.0016572795065933,0.0995747024210425,0.172946239349867,3.83974434079711,3.83974434079711,0.868424585486482,"AM",FALSE,"logSRL"
"Microtropis_discolor",0.0016572795065933,0.0995747024210425,0.172946239349867,3.83974434079711,3.83974434079711,0.868424585486482,"AM",FALSE,"logSRL"
"Alliaria_petiolata",0.000256163016950334,0.0995747024210425,0.172946239349867,3.83974434079711,3.83974434079711,0.868424585486482,"NM",FALSE,"logSRL"
"Draba_nemorosa",0.000256163016950334,0.0995747024210425,0.172946239349867,3.83974434079711,3.83974434079711,0.868424585486482,"NM",FALSE,"logSRL"
"Berteroa_incana",0.000256163016950334,0.0995747024210425,0.172946239349867,3.83974434079711,3.83974434079711,0.868424585486482,"NM",FALSE,"logSRL"
"Hesperis_matronalis",0.000256163016950334,0.0995747024210425,0.172946239349867,3.83974434079711,3.83974434079711,0.868424585486482,"NM",FALSE,"logSRL"
"Erysimum_inconspicuum",0.000256163016950334,0.0995747024210425,0.172946239349867,3.83974434079711,3.83974434079711,0.868424585486482,"NM",FALSE,"logSRL"
"Lepidium_densiflorum",0.000256163016950334,0.0995747024210425,0.172946239349867,3.83974434079711,3.83974434079711,0.868424585486482,"NM",FALSE,"logSRL"
"Descurainia_sophia",0.000256163016950334,0.0995747024210425,0.172946239349867,3.83974434079711,3.83974434079711,0.868424585486482,"NM",FALSE,"logSRL"
"Microcos_paniculata",0.0016572795065933,0.0995747024210425,0.172946239349867,3.83974434079711,3.83974434079711,0.868424585486482,"AM",FALSE,"logSRL"
"Sphaeralcea_coccinea",0.0016572795065933,0.0995747024210425,0.172946239349867,3.83974434079711,3.83974434079711,0.868424585486482,"AM",FALSE,"logSRL"
"Sida_acuta",0.0016572795065933,0.0995747024210425,0.172946239349867,3.83974434079711,3.83974434079711,0.868424585486482,"AM",FALSE,"logSRL"
"Hoheria_lyallii",0.0016572795065933,0.0995747024210425,0.172946239349867,3.83974434079711,3.83974434079711,0.868424585486482,"AM",FALSE,"logSRL"
"Hoheria_sexstylosa",0.0016572795065933,0.0995747024210425,0.172946239349867,3.83974434079711,3.83974434079711,0.868424585486482,"AM",FALSE,"logSRL"
"Plagianthus_regius",0.0016572795065933,0.0995747024210425,0.172946239349867,3.83974434079711,3.83974434079711,0.868424585486482,"AM",FALSE,"logSRL"
"Ceiba_pentandra",0.0016572795065933,0.0995747024210425,0.172946239349867,3.83974434079711,3.83974434079711,0.868424585486482,"AM",FALSE,"logSRL"
"Tilia_mongolica",0.000667182323829894,0.0995747024210425,0.172946239349867,3.83974434079711,3.83974434079711,0.868424585486482,"EcM",FALSE,"logSRL"
"Tilia_mandshurica",0.000667182323829894,0.0995747024210425,0.172946239349867,3.83974434079711,3.83974434079711,0.868424585486482,"EcM",FALSE,"logSRL"
"Tilia_cordata",0.000667182323829894,0.0995747024210425,0.172946239349867,3.83974434079711,3.83974434079711,0.868424585486495,"EcM",FALSE,"logSRL"
"Tilia_oliveri",0.000667182323829894,0.0995747024210425,0.172946239349867,3.83974434079711,3.83974434079711,0.868424585486495,"EcM",FALSE,"logSRL"
"Tilia_amurensis",0.000667182323829894,0.0995747024210425,0.172946239349867,3.83974434079711,3.83974434079711,0.868424585486495,"EcM",FALSE,"logSRL"
"Tilia_americana",0.000667182323829894,0.0995747024210425,0.172946239349867,3.83974434079711,3.83974434079711,0.868424585486482,"EcM",FALSE,"logSRL"
"Pterospermum_acerifolium",0.0016572795065933,0.0995747024210425,0.172946239349867,3.83974434079711,3.83974434079711,0.868424585486482,"AM",FALSE,"logSRL"
"Sterculia_lanceolata",0.0016572795065933,0.0995747024210425,0.172946239349867,3.83974434079711,3.83974434079711,0.868424585486482,"AM",FALSE,"logSRL"
"Sterculia_nobilis",0.0016572795065933,0.0995747024210425,0.172946239349867,3.83974434079711,3.83974434079711,0.868424585486482,"AM",FALSE,"logSRL"
"Theobroma_cacao",0.0016572795065933,0.0995747024210425,0.172946239349867,3.83974434079711,3.83974434079711,0.868424585486482,"AM",FALSE,"logSRL"
"Shorea_multiflora",0.000667182323829894,0.0995747024210425,0.172946239349867,3.83974434079711,3.83974434079711,0.868424585486482,"EcM",FALSE,"logSRL"
"Shorea_acuminata",0.000667182323829894,0.0995747024210425,0.172946239349867,3.83974434079711,3.83974434079711,0.868424585486482,"EcM",FALSE,"logSRL"
"Shorea_leprosula",0.000667182323829894,0.0995747024210425,0.172946239349867,3.83974434079711,3.83974434079711,0.868424585486482,"EcM",FALSE,"logSRL"
"Fumana_thymifolia",0.000667182323829894,0.0995747024210425,0.172946239349867,3.83974434079711,3.83974434079711,0.868424585486482,"EcM",FALSE,"logSRL"
"Cistus_monspeliensis",0.000667182323829894,0.0995747024210425,0.172946239349867,3.83974434079711,3.83974434079711,0.868424585486495,"EcM",FALSE,"logSRL"
"Cistus_libanotis",0.000667182323829894,0.0995747024210425,0.172946239349867,3.83974434079711,3.83974434079711,0.868424585486482,"EcM",FALSE,"logSRL"
"Cistus_crispus",0.000667182323829894,0.0995747024210425,0.172946239349867,3.83974434079711,3.83974434079711,0.868424585486482,"EcM",FALSE,"logSRL"
"Cistus_albidus",0.000667182323829894,0.0995747024210425,0.172946239349867,3.83974434079711,3.83974434079711,0.868424585486482,"EcM",FALSE,"logSRL"
"Cistus_ladanifer",0.000667182323829894,0.0995747024210425,0.172946239349867,3.83974434079711,3.83974434079711,0.868424585486482,"EcM",FALSE,"logSRL"
"Cistus_salviifolius",0.000667182323829894,0.0995747024210425,0.172946239349867,3.83974434079711,3.83974434079711,0.868424585486482,"EcM",FALSE,"logSRL"
"Halimium_halimifolium",0.000667182323829894,0.0995747024210425,0.172946239349867,3.83974434079711,3.83974434079711,0.868424585486482,"EcM",FALSE,"logSRL"
"Halimium_commutatum",0.000667182323829894,0.0995747024210425,0.172946239349867,3.83974434079711,3.83974434079711,0.868424585486482,"EcM",FALSE,"logSRL"
"Helianthemum_syriacum",0.000667182323829894,0.0995747024210425,0.172946239349867,3.83974434079711,3.83974434079711,0.868424585486482,"EcM",FALSE,"logSRL"
"Helianthemum_apenninum",0.000667182323829894,0.0995747024210425,0.172946239349867,3.83974434079711,3.83974434079711,0.868424585486482,"EcM",FALSE,"logSRL"
"Helianthemum_almeriense",0.000667182323829894,0.0995747024210425,0.172946239349867,3.83974434079711,3.83974434079711,0.868424585486482,"EcM",FALSE,"logSRL"
"Helianthemum_oelandicum",0.000667182323829894,0.0995747024210425,0.172946239349867,3.83974434079711,3.83974434079711,0.868424585486495,"EcM",FALSE,"logSRL"
"Thymelaea_hirsuta",0.0016572795065933,0.0995747024210425,0.172946239349867,3.83974434079711,3.83974434079711,0.868424585486482,"AM",FALSE,"logSRL"
"Tetractomia_tetrandra",0.0016572795065933,0.0995747024210425,0.172946239349867,3.83974434079711,3.83974434079711,0.868424585486482,"AM",FALSE,"logSRL"
"Melicope_pteleifolia",0.0016572795065933,0.0995747024210425,0.172946239349867,3.83974434079711,3.83974434079711,0.868424585486482,"AM",FALSE,"logSRL"
"Vepris_nobilis",0.0016572795065933,0.0995747024210425,0.172946239349867,3.83974434079711,3.83974434079711,0.868424585486482,"AM",FALSE,"logSRL"
"Phellodendron_amurense",0.0016572795065933,0.0995747024210425,0.172946239349867,3.83974434079711,3.83974434079711,0.868424585486482,"AM",FALSE,"logSRL"
"Acronychia_pedunculata",0.0016572795065933,0.0995747024210425,0.172946239349867,3.83974434079711,3.83974434079711,0.868424585486482,"AM",FALSE,"logSRL"
"Citrus_trifoliata",0.0016572795065933,0.0995747024210425,0.172946239349867,3.83974434079711,3.83974434079711,0.868424585486482,"AM",FALSE,"logSRL"
"Citrus_aurantium",0.0016572795065933,0.0995747024210425,0.172946239349867,3.83974434079711,3.83974434079711,0.868424585486482,"AM",FALSE,"logSRL"
"Aglaia_exstipulata",0.0016572795065933,0.0995747024210425,0.172946239349867,3.83974434079711,3.83974434079711,0.868424585486482,"AM",FALSE,"logSRL"
"Aglaia_odoratissima",0.0016572795065933,0.0995747024210425,0.172946239349867,3.83974434079711,3.83974434079711,0.868424585486482,"AM",FALSE,"logSRL"
"Aphanamixis_polystachya",0.0016572795065933,0.0995747024210425,0.172946239349867,3.83974434079711,3.83974434079711,0.868424585486482,"AM",FALSE,"logSRL"
"Lansium_parasiticum",0.0016572795065933,0.0995747024210425,0.172946239349867,3.83974434079711,3.83974434079711,0.868424585486482,"AM",FALSE,"logSRL"
"Dysoxylum_spectabile",0.0016572795065933,0.0995747024210425,0.172946239349867,3.83974434079711,3.83974434079711,0.868424585486482,"AM",FALSE,"logSRL"
"Dysoxylum_excelsum",0.0016572795065933,0.0995747024210425,0.172946239349867,3.83974434079711,3.83974434079711,0.868424585486482,"AM",FALSE,"logSRL"
"Ekebergia_capensis",0.0016572795065933,0.0995747024210425,0.172946239349867,3.83974434079711,3.83974434079711,0.868424585486482,"AM",FALSE,"logSRL"
"Acer_fabri",0.0016572795065933,0.0995747024210425,0.172946239349867,3.83974434079711,3.83974434079711,0.868424585486482,"AM",FALSE,"logSRL"
"Acer_caudatum",0.0016572795065933,0.0995747024210425,0.172946239349867,3.83974434079711,3.83974434079711,0.868424585486482,"AM",FALSE,"logSRL"
"Acer_negundo",0.0016572795065933,0.0995747024210425,0.172946239349867,3.83974434079711,3.83974434079711,0.868424585486482,"AM",FALSE,"logSRL"
"Acer_barbinerve",0.0016572795065933,0.0995747024210425,0.172946239349867,3.83974434079711,3.83974434079711,0.868424585486482,"AM",FALSE,"logSRL"
"Acer_campbellii",0.0016572795065933,0.0995747024210425,0.172946239349867,3.83974434079711,3.83974434079711,0.868424585486482,"AM",FALSE,"logSRL"
"Acer_tegmentosum",0.0016572795065933,0.0995747024210425,0.172946239349867,3.83974434079711,3.83974434079711,0.868424585486482,"AM",FALSE,"logSRL"
"Acer_davidii",0.0016572795065933,0.0995747024210425,0.172946239349867,3.83974434079711,3.83974434079711,0.868424585486482,"AM",FALSE,"logSRL"
"Acer_pictum",0.0016572795065933,0.0995747024210425,0.172946239349867,3.83974434079711,3.83974434079711,0.868424585486482,"AM",FALSE,"logSRL"
"Acer_truncatum",0.0016572795065933,0.0995747024210425,0.172946239349867,3.83974434079711,3.83974434079711,0.868424585486482,"AM",FALSE,"logSRL"
"Acer_campestre",0.0016572795065933,0.0995747024210425,0.172946239349867,3.83974434079711,3.83974434079711,0.868424585486482,"AM",FALSE,"logSRL"
"Acer_platanoides",0.0016572795065933,0.0995747024210425,0.172946239349867,3.83974434079711,3.83974434079711,0.868424585486482,"AM",FALSE,"logSRL"
"Acer_saccharum",0.0016572795065933,0.0995747024210425,0.172946239349867,3.83974434079711,3.83974434079711,0.868424585486482,"AM",FALSE,"logSRL"
"Acer_triflorum",0.0016572795065933,0.0995747024210425,0.172946239349867,3.83974434079711,3.83974434079711,0.868424585486482,"AM",FALSE,"logSRL"
"Acer_coriaceifolium",0.0016572795065933,0.0995747024210425,0.172946239349867,3.83974434079711,3.83974434079711,0.868424585486482,"AM",FALSE,"logSRL"
"Acer_tataricum",0.0016572795065933,0.0995747024210425,0.172946239349867,3.83974434079711,3.83974434079711,0.868424585486482,"AM",FALSE,"logSRL"
"Acer_rubrum",0.0016572795065933,0.0995747024210425,0.172946239349867,3.83974434079711,3.83974434079711,0.868424585486482,"AM",FALSE,"logSRL"
"Acer_pseudoplatanus",0.0016572795065933,0.0995747024210425,0.172946239349867,3.83974434079711,3.83974434079711,0.868424585486482,"AM",FALSE,"logSRL"
"Aesculus_hippocastanum",0.0016572795065933,0.0995747024210425,0.172946239349867,3.83974434079711,3.83974434079711,0.868424585486482,"AM",FALSE,"logSRL"
"Aesculus_parviflora",0.0016572795065933,0.0995747024210425,0.172946239349867,3.83974434079711,3.83974434079711,0.868424585486482,"AM",FALSE,"logSRL"
"Nephelium_lappaceum",0.0016572795065933,0.0995747024210425,0.172946239349867,3.83974434079711,3.83974434079711,0.868424585486482,"AM",FALSE,"logSRL"
"Allophylus_cobbe",0.0016572795065933,0.0995747024210425,0.172946239349867,3.83974434079711,3.83974434079711,0.868424585486482,"AM",FALSE,"logSRL"
"Allophylus_abyssinicus",0.0016572795065933,0.0995747024210425,0.172946239349867,3.83974434079711,3.83974434079711,0.868424585486482,"AM",FALSE,"logSRL"
"Alectryon_excelsus",0.0016572795065933,0.0995747024210425,0.172946239349867,3.83974434079711,3.83974434079711,0.868424585486482,"AM",FALSE,"logSRL"
"Koelreuteria_paniculata",0.0016572795065933,0.0995747024210425,0.172946239349867,3.83974434079711,3.83974434079711,0.868424585486482,"AM",FALSE,"logSRL"
"Canarium_album",0.0016572795065933,0.0995747024210425,0.172946239349867,3.83974434079711,3.83974434079711,0.868424585486482,"AM",FALSE,"logSRL"
"Rhus_chinensis",0.0016572795065933,0.0995747024210425,0.172946239349867,3.83974434079711,3.83974434079711,0.868424585486482,"AM",FALSE,"logSRL"
"Rhus_typhina",0.0016572795065933,0.0995747024210425,0.172946239349867,3.83974434079711,3.83974434079711,0.868424585486482,"AM",FALSE,"logSRL"
"Pistacia_terebinthus",0.0016572795065933,0.0995747024210425,0.172946239349867,3.83974434079711,3.83974434079711,0.868424585486482,"AM",FALSE,"logSRL"
"Pistacia_chinensis",0.0016572795065933,0.0995747024210425,0.172946239349867,3.83974434079711,3.83974434079711,0.868424585486482,"AM",FALSE,"logSRL"
"Pistacia_lentiscus",0.0016572795065933,0.0995747024210425,0.172946239349867,3.83974434079711,3.83974434079711,0.868424585486482,"AM",FALSE,"logSRL"
"Choerospondias_axillaris",0.0016572795065933,0.0995747024210425,0.172946239349867,3.83974434079711,3.83974434079711,0.868424585486482,"AM",FALSE,"logSRL"
"Pentaspadon_motleyi",0.0016572795065933,0.0995747024210425,0.172946239349867,3.83974434079711,3.83974434079711,0.868424585486482,"AM",FALSE,"logSRL"
"Blastus_cochinchinesis",0.0016572795065933,0.0995747024210425,0.172946239349867,3.83974434079711,3.83974434079711,0.868424585486482,"AM",FALSE,"logSRL"
"Blastus_pauciflorus",0.0016572795065933,0.0995747024210425,0.172946239349867,3.83974434079711,3.83974434079711,0.868424585486482,"AM",FALSE,"logSRL"
"Memecylon_nigrescens",0.0016572795065933,0.0995747024210425,0.172946239349867,3.83974434079711,3.83974434079711,0.868424585486482,"AM",FALSE,"logSRL"
"Eucalyptus_grandis",0.000320939596444055,0.0995747024210425,0.172946239349867,3.83974434079711,3.83974434079711,0.868424585486482,"EcMAM",FALSE,"logSRL"
"Eucalyptus_urophylla",0.000320939596444055,0.0995747024210425,0.172946239349867,3.83974434079711,3.83974434079711,0.868424585486482,"EcMAM",FALSE,"logSRL"
"Leptospermum_scoparium",0.000320939596444055,0.0995747024210425,0.172946239349867,3.83974434079711,3.83974434079711,0.868424585486482,"EcMAM",FALSE,"logSRL"
"Kunzea_ericoides",0.000320939596444055,0.0995747024210425,0.172946239349867,3.83974434079711,3.83974434079711,0.868424585486482,"EcMAM",FALSE,"logSRL"
"Neomyrtus_pedunculata",0.0016572795065933,0.0995747024210425,0.172946239349867,3.83974434079711,3.83974434079711,0.868424585486482,"AM",FALSE,"logSRL"
"Myrtus_communis",0.0016572795065933,0.0995747024210425,0.172946239349867,3.83974434079711,3.83974434079711,0.868424585486482,"AM",FALSE,"logSRL"
"Decaspermum_gracilentum",0.0016572795065933,0.0995747024210425,0.172946239349867,3.83974434079711,3.83974434079711,0.868424585486482,"AM",FALSE,"logSRL"
"Syzygium_subdecussatum",0.0016572795065933,0.0995747024210425,0.172946239349867,3.83974434079711,3.83974434079711,0.868424585486495,"AM",FALSE,"logSRL"
"Syzygium_pachysepalum",0.0016572795065933,0.0995747024210425,0.172946239349867,3.83974434079711,3.83974434079711,0.868424585486482,"AM",FALSE,"logSRL"
"Syzygium_napiforme",0.0016572795065933,0.0995747024210425,0.172946239349867,3.83974434079711,3.83974434079711,0.868424585486482,"AM",FALSE,"logSRL"
"Syzygium_kunstleri",0.0016572795065933,0.0995747024210425,0.172946239349867,3.83974434079711,3.83974434079711,0.868424585486482,"AM",FALSE,"logSRL"
"Syzygium_castaneum",0.0016572795065933,0.0995747024210425,0.172946239349867,3.83974434079711,3.83974434079711,0.868424585486495,"AM",FALSE,"logSRL"
"Syzygium_szemaoense",0.0016572795065933,0.0995747024210425,0.172946239349867,3.83974434079711,3.83974434079711,0.868424585486482,"AM",FALSE,"logSRL"
"Syzygium_hancei",0.0016572795065933,0.0995747024210425,0.172946239349867,3.83974434079711,3.83974434079711,0.868424585486495,"AM",FALSE,"logSRL"
"Syzygium_levinei",0.0016572795065933,0.0995747024210425,0.172946239349867,3.83974434079711,3.83974434079711,0.868424585486495,"AM",FALSE,"logSRL"
"Syzygium_jambos",0.0016572795065933,0.0995747024210425,0.172946239349867,3.83974434079711,3.83974434079711,0.868424585486495,"AM",FALSE,"logSRL"
"Syzygium_globiflorum",0.0016572795065933,0.0995747024210425,0.172946239349867,3.83974434079711,3.83974434079711,0.868424585486495,"AM",FALSE,"logSRL"
"Syzygium_malaccense",0.0016572795065933,0.0995747024210425,0.172946239349867,3.83974434079711,3.83974434079711,0.868424585486495,"AM",FALSE,"logSRL"
"Syzygium_maire",0.0016572795065933,0.0995747024210425,0.172946239349867,3.83974434079711,3.83974434079711,0.868424585486495,"AM",FALSE,"logSRL"
"Syzygium_acuminatissimum",0.0016572795065933,0.0995747024210425,0.172946239349867,3.83974434079711,3.83974434079711,0.868424585486482,"AM",FALSE,"logSRL"
"Tristaniopsis_elliptica",0.000320939596444055,0.0995747024210425,0.172946239349867,3.83974434079711,3.83974434079711,0.868424585486482,"EcMAM",FALSE,"logSRL"
"Tristaniopsis_clementis",0.000320939596444055,0.0995747024210425,0.172946239349867,3.83974434079711,3.83974434079711,0.868424585486482,"EcMAM",FALSE,"logSRL"
"Metrosideros_umbellata",0.0016572795065933,0.0995747024210425,0.172946239349867,3.83974434079711,3.83974434079711,0.868424585486482,"AM",FALSE,"logSRL"
"Metrosideros_robusta",0.0016572795065933,0.0995747024210425,0.172946239349867,3.83974434079711,3.83974434079711,0.868424585486482,"AM",FALSE,"logSRL"
"Metrosideros_excelsa",0.0016572795065933,0.0995747024210425,0.172946239349867,3.83974434079711,3.83974434079711,0.868424585486482,"AM",FALSE,"logSRL"
"Metrosideros_diffusa",0.0016572795065933,0.0995747024210425,0.172946239349867,3.83974434079711,3.83974434079711,0.868424585486482,"AM",FALSE,"logSRL"
"Metrosideros_fulgens",0.0016572795065933,0.0995747024210425,0.172946239349867,3.83974434079711,3.83974434079711,0.868424585486482,"AM",FALSE,"logSRL"
"Oenothera_biennis",0.0016572795065933,0.0995747024210425,0.172946239349867,3.83974434079711,3.83974434079711,0.868424585486482,"AM",FALSE,"logSRL"
"Fuchsia_excorticata",0.0016572795065933,0.0995747024210425,0.172946239349867,3.83974434079711,3.83974434079711,0.868424585486482,"AM",FALSE,"logSRL"
"Combretum_decandrum",0.0016572795065933,0.0995747024210425,0.172946239349867,3.83974434079711,3.83974434079711,0.868424585486482,"AM",FALSE,"logSRL"
"Combretum_collinum",0.0016572795065933,0.0995747024210425,0.172946239349867,3.83974434079711,3.83974434079711,0.868424585486482,"AM",FALSE,"logSRL"
"Terminalia_amazonia",0.0016572795065933,0.0995747024210425,0.172946239349867,3.83974434079711,3.83974434079711,0.868424585486482,"AM",FALSE,"logSRL"
"Geranium_rotundifolium",0.0016572795065933,0.0995747024210425,0.172946239349867,3.83974434079711,3.83974434079711,0.868424585486482,"AM",FALSE,"logSRL"
"Vitis_amurensis",0.0016572795065933,0.0995747024210425,0.172946239349867,3.83974434079711,3.83974434079711,0.868424585486482,"AM",FALSE,"logSRL"
"Vitis_vulpina",0.0016572795065933,0.0995747024210425,0.172946239349867,3.83974434079711,3.83974434079711,0.868424585486482,"AM",FALSE,"logSRL"
"Vitis_vinifera",0.0016572795065933,0.0995747024210425,0.172946239349867,3.83974434079711,3.83974434079711,0.868424585486482,"AM",FALSE,"logSRL"
"Parthenocissus_quinquefolia",0.0016572795065933,0.0995747024210425,0.172946239349867,3.83974434079711,3.83974434079711,0.868424585486482,"AM",FALSE,"logSRL"
"Heuchera_richardsonii",0.00113384682745547,0.0995747024210425,0.172946239349867,3.83974434079711,3.83974434079711,0.868424585486482,"NMAM",FALSE,"logSRL"
"Astilbe_rivularis",0.00113384682745547,0.0995747024210425,0.172946239349867,3.83974434079711,3.83974434079711,0.868424585486482,"NMAM",FALSE,"logSRL"
"Astilbe_rubra",0.00113384682745547,0.0995747024210425,0.172946239349867,3.83974434079711,3.83974434079711,0.868424585486482,"NMAM",FALSE,"logSRL"
"Itea_chinensis",0.0016572795065933,0.0995747024210425,0.172946239349867,3.83974434079711,3.83974434079711,0.868424585486482,"AM",FALSE,"logSRL"
"Hamamelis_virginiana",0.0016572795065933,0.0995747024210425,0.172946239349867,3.83974434079711,3.83974434079711,0.868424585486482,"AM",FALSE,"logSRL"
"Loropetalum_chinense",0.0016572795065933,0.0995747024210425,0.172946239349867,3.83974434079711,3.83974434079711,0.868424585486482,"AM",FALSE,"logSRL"
"Mytilaria_laosensis",0.0016572795065933,0.0995747024210425,0.172946239349867,3.83974434079711,3.83974434079711,0.868424585486482,"AM",FALSE,"logSRL"
"Rhodoleia_championii",0.0016572795065933,0.0995747024210425,0.172946239349867,3.83974434079711,3.83974434079711,0.868424585486482,"AM",FALSE,"logSRL"
"Altingia_obovata",0.0016572795065933,0.0995747024210425,0.172946239349867,3.83974434079711,3.83974434079711,0.868424585486482,"AM",FALSE,"logSRL"
"Altingia_gracilipes",0.0016572795065933,0.0995747024210425,0.172946239349867,3.83974434079711,3.83974434079711,0.868424585486482,"AM",FALSE,"logSRL"
"Liquidambar_formosana",0.0016572795065933,0.0995747024210425,0.172946239349867,3.83974434079711,3.83974434079711,0.868424585486482,"AM",FALSE,"logSRL"
"Liquidambar_styraciflua",0.0016572795065933,0.0995747024210425,0.172946239349867,3.83974434079711,3.83974434079711,0.868424585486482,"AM",FALSE,"logSRL"
"Daphniphyllum_pentandrum",0.0016572795065933,0.0995747024210425,0.172946239349867,3.83974434079711,3.83974434079711,0.868424585486482,"AM",FALSE,"logSRL"
"Cercidiphyllum_japonicum",0.0016572795065933,0.0995747024210425,0.172946239349867,3.83974434079711,3.83974434079711,0.868424585486482,"AM",FALSE,"logSRL"
"Knightia_excelsa",0.000256163016950334,0.0995747024210425,0.172946239349867,3.83974434079711,3.83974434079711,0.868424585486482,"NM",FALSE,"logSRL"
"Helicia_formosana",0.000256163016950334,0.0995747024210425,0.172946239349867,3.83974434079711,3.83974434079711,0.868424585486482,"NM",FALSE,"logSRL"
"Hakea_varia",0.000256163016950334,0.0995747024210425,0.172946239349867,3.83974434079711,3.83974434079711,0.868424585486482,"NM",FALSE,"logSRL"
"Hakea_tuberculata",0.000256163016950334,0.0995747024210425,0.172946239349867,3.83974434079711,3.83974434079711,0.868424585486482,"NM",FALSE,"logSRL"
"Hakea_oldfieldii",0.000256163016950334,0.0995747024210425,0.172946239349867,3.83974434079711,3.83974434079711,0.868424585486482,"NM",FALSE,"logSRL"
"Hakea_cyclocarpa",0.000256163016950334,0.0995747024210425,0.172946239349867,3.83974434079711,3.83974434079711,0.868424585486495,"NM",FALSE,"logSRL"
"Hakea_lissocarpha",0.000256163016950334,0.0995747024210425,0.172946239349867,3.83974434079711,3.83974434079711,0.868424585486495,"NM",FALSE,"logSRL"
"Hakea_linearis",0.000256163016950334,0.0995747024210425,0.172946239349867,3.83974434079711,3.83974434079711,0.868424585486495,"NM",FALSE,"logSRL"
"Hakea_ceratophylla",0.000256163016950334,0.0995747024210425,0.172946239349867,3.83974434079711,3.83974434079711,0.868424585486495,"NM",FALSE,"logSRL"
"Platanus_acerifolia",0.0016572795065933,0.0995747024210425,0.172946239349867,3.83974434079711,3.83974434079711,0.868424585486482,"AM",FALSE,"logSRL"
"Platanus_occidentalis",0.0016572795065933,0.0995747024210425,0.172946239349867,3.83974434079711,3.83974434079711,0.868424585486482,"AM",FALSE,"logSRL"
"Ranunculus_acris",0.0016572795065933,0.0995747024210425,0.172946239349867,3.83974434079711,3.83974434079711,0.868424585486482,"AM",FALSE,"logSRL"
"Anemone_cylindrica",0.0016572795065933,0.0995747024210425,0.172946239349867,3.83974434079711,3.83974434079711,0.868424585486482,"AM",FALSE,"logSRL"
"Anemone_patens",0.0016572795065933,0.0995747024210425,0.172946239349867,3.83974434079711,3.83974434079711,0.868424585486482,"AM",FALSE,"logSRL"
"Caltha_palustris",0.00113384682745547,0.0995747024210425,0.172946239349867,3.83974434079711,3.83974434079711,0.868424585486482,"NMAM",FALSE,"logSRL"
"Actaea_cimicifuga",0.0016572795065933,0.0995747024210425,0.172946239349867,3.83974434079711,3.83974434079711,0.868424585486482,"AM",FALSE,"logSRL"
"Thalictrum_simplex",0.0016572795065933,0.0995747024210425,0.172946239349867,3.83974434079711,3.83974434079711,0.868424585486482,"AM",FALSE,"logSRL"
"Aquilegia_vulgaris",0.0016572795065933,0.0995747024210425,0.172946239349867,3.83974434079711,3.83974434079711,0.868424585486482,"AM",FALSE,"logSRL"
"Berberis_thunbergii",0.0016572795065933,0.0995747024210425,0.172946239349867,3.83974434079711,3.83974434079711,0.868424585486482,"AM",FALSE,"logSRL"
"Caulophyllum_robustum",0.0016572795065933,0.0995747024210425,0.172946239349867,3.83974434079711,3.83974434079711,0.868424585486482,"AM",FALSE,"logSRL"
"Podophyllum_peltatum",0.0016572795065933,0.0995747024210425,0.172946239349867,3.83974434079711,3.83974434079711,0.868424585486482,"AM",FALSE,"logSRL"
"Euptelea_pleiosperma",0.0016572795065933,0.0995747024210425,0.172946239349867,3.83974434079711,3.83974434079711,0.868424585486482,"AM",FALSE,"logSRL"
"Convallaria_majalis",0.0016572795065933,0.0995747024210425,0.172946239349867,3.83974434079711,3.83974434079711,0.868424585486482,"AM",FALSE,"logSRL"
"Asparagus_schoberioides",0.0016572795065933,0.0995747024210425,0.172946239349867,3.83974434079711,3.83974434079711,0.868424585486482,"AM",FALSE,"logSRL"
"Lomandra_filiformis",0.00113384682745547,0.0995747024210425,0.172946239349867,3.83974434079711,3.83974434079711,0.868424585486482,"NMAM",FALSE,"logSRL"
"Hosta_ventricosa",0.0016572795065933,0.0995747024210425,0.172946239349867,3.83974434079711,3.83974434079711,0.868424585486482,"AM",FALSE,"logSRL"
"Allium_tenuissimum",0.0016572795065933,0.0995747024210425,0.172946239349867,3.83974434079711,3.83974434079711,0.868424585486482,"AM",FALSE,"logSRL"
"Allium_bidentatum",0.0016572795065933,0.0995747024210425,0.172946239349867,3.83974434079711,3.83974434079711,0.868424585486482,"AM",FALSE,"logSRL"
"Allium_textile",0.0016572795065933,0.0995747024210425,0.172946239349867,3.83974434079711,3.83974434079711,0.868424585486482,"AM",FALSE,"logSRL"
"Iris_japonica",0.0016572795065933,0.0995747024210425,0.172946239349867,3.83974434079711,3.83974434079711,0.868424585486482,"AM",FALSE,"logSRL"
"Iris_versicolor",0.0016572795065933,0.0995747024210425,0.172946239349867,3.83974434079711,3.83974434079711,0.868424585486482,"AM",FALSE,"logSRL"
"Astelia_fragrans",0.0016572795065933,0.0995747024210425,0.172946239349867,3.83974434079711,3.83974434079711,0.868424585486482,"AM",FALSE,"logSRL"
"Astelia_nervosa",0.0016572795065933,0.0995747024210425,0.172946239349867,3.83974434079711,3.83974434079711,0.868424585486482,"AM",FALSE,"logSRL"
"Calamovilfa_longifolia",0.00113384682745547,0.0995747024210425,0.172946239349867,3.83974434079711,3.83974434079711,0.868424585486482,"NMAM",FALSE,"logSRL"
"Panicum_virgatum",0.0016572795065933,0.0995747024210425,0.172946239349867,3.83974434079711,3.83974434079711,0.868424585486482,"AM",FALSE,"logSRL"
"Panicum_capillare",0.0016572795065933,0.0995747024210425,0.172946239349867,3.83974434079711,3.83974434079711,0.868424585486482,"AM",FALSE,"logSRL"
"Pennisetum_glaucum",0.0016572795065933,0.0995747024210425,0.172946239349867,3.83974434079711,3.83974434079711,0.868424585486482,"AM",FALSE,"logSRL"
"Digitaria_setigera",0.0016572795065933,0.0995747024210425,0.172946239349867,3.83974434079711,3.83974434079711,0.868424585486482,"AM",FALSE,"logSRL"
"Andropogon_gerardii",0.0016572795065933,0.0995747024210425,0.172946239349867,3.83974434079711,3.83974434079711,0.868424585486482,"AM",FALSE,"logSRL"
"Schizachyrium_scoparium",0.0016572795065933,0.0995747024210425,0.172946239349867,3.83974434079711,3.83974434079711,0.868424585486482,"AM",FALSE,"logSRL"
"Bothriochloa_macra",0.0016572795065933,0.0995747024210425,0.172946239349867,3.83974434079711,3.83974434079711,0.868424585486482,"AM",FALSE,"logSRL"
"Themeda_triandra",0.0016572795065933,0.0995747024210425,0.172946239349867,3.83974434079711,3.83974434079711,0.868424585486482,"AM",FALSE,"logSRL"
"Sorghastrum_nutans",0.0016572795065933,0.0995747024210425,0.172946239349867,3.83974434079711,3.83974434079711,0.868424585486482,"AM",FALSE,"logSRL"
"Arthraxon_hispidus",0.0016572795065933,0.0995747024210425,0.172946239349867,3.83974434079711,3.83974434079711,0.868424585486482,"AM",FALSE,"logSRL"
"Chloris_anomala",0.0016572795065933,0.0995747024210425,0.172946239349867,3.83974434079711,3.83974434079711,0.868424585486482,"AM",FALSE,"logSRL"
"Bouteloua_curtipendula",0.0016572795065933,0.0995747024210425,0.172946239349867,3.83974434079711,3.83974434079711,0.868424585486482,"AM",FALSE,"logSRL"
"Chondrosum_gracile",0.0016572795065933,0.0995747024210425,0.172946239349867,3.83974434079711,3.83974434079711,0.868424585486482,"AM",FALSE,"logSRL"
"Cleistogenes_squarrosa",0.0016572795065933,0.0995747024210425,0.172946239349867,3.83974434079711,3.83974434079711,0.868424585486482,"AM",FALSE,"logSRL"
"Sporobolus_heterolepis",0.0016572795065933,0.0995747024210425,0.172946239349867,3.83974434079711,3.83974434079711,0.868424585486482,"AM",FALSE,"logSRL"
"Eragrostis_trichodes",0.00113384682745547,0.0995747024210425,0.172946239349867,3.83974434079711,3.83974434079711,0.868424585486482,"NMAM",FALSE,"logSRL"
"Rytidosperma_richardsonii",0.0016572795065933,0.0995747024210425,0.172946239349867,3.83974434079711,3.83974434079711,0.868424585486482,"AM",FALSE,"logSRL"
"Rytidosperma_carphoides",0.0016572795065933,0.0995747024210425,0.172946239349867,3.83974434079711,3.83974434079711,0.868424585486482,"AM",FALSE,"logSRL"
"Rytidosperma_caespitosum",0.0016572795065933,0.0995747024210425,0.172946239349867,3.83974434079711,3.83974434079711,0.868424585486482,"AM",FALSE,"logSRL"
"Rytidosperma_pallidum",0.0016572795065933,0.0995747024210425,0.172946239349867,3.83974434079711,3.83974434079711,0.868424585486482,"AM",FALSE,"logSRL"
"Danthonia_intermedia",0.0016572795065933,0.0995747024210425,0.172946239349867,3.83974434079711,3.83974434079711,0.868424585486482,"AM",FALSE,"logSRL"
"Molinia_caerulea",0.0016572795065933,0.0995747024210425,0.172946239349867,3.83974434079711,3.83974434079711,0.868424585486482,"AM",FALSE,"logSRL"
"Aristida_ramosa",0.0016572795065933,0.0995747024210425,0.172946239349867,3.83974434079711,3.83974434079711,0.868424585486482,"AM",FALSE,"logSRL"
"Festuca_rubra",0.0016572795065933,0.0995747024210425,0.172946239349867,3.83974434079711,3.83974434079711,0.868424585486482,"AM",FALSE,"logSRL"
"Festuca_ovina",0.0016572795065933,0.0995747024210425,0.172946239349867,3.83974434079711,3.83974434079711,0.86842458548647,"AM",FALSE,"logSRL"
"Festuca_hallii",0.0016572795065933,0.0995747024210425,0.172946239349867,3.83974434079711,3.83974434079711,0.868424585486482,"AM",FALSE,"logSRL"
"Festuca_christianii-bernardii",0.0016572795065933,0.0995747024210425,0.172946239349867,3.83974434079711,3.83974434079711,0.868424585486482,"AM",FALSE,"logSRL"
"Festuca_arundinacea",0.0016572795065933,0.0995747024210425,0.172946239349867,3.83974434079711,3.83974434079711,0.86842458548647,"AM",FALSE,"logSRL"
"Vulpia_bromoides",0.0016572795065933,0.0995747024210425,0.172946239349867,3.83974434079711,3.83974434079711,0.868424585486482,"AM",FALSE,"logSRL"
"Lolium_rigidum",0.0016572795065933,0.0995747024210425,0.172946239349867,3.83974434079711,3.83974434079711,0.868424585486482,"AM",FALSE,"logSRL"
"Lolium_multiflorum",0.0016572795065933,0.0995747024210425,0.172946239349867,3.83974434079711,3.83974434079711,0.868424585486482,"AM",FALSE,"logSRL"
"Lolium_perenne",0.0016572795065933,0.0995747024210425,0.172946239349867,3.83974434079711,3.83974434079711,0.868424585486482,"AM",FALSE,"logSRL"
"Dactylis_glomerata",0.0016572795065933,0.0995747024210425,0.172946239349867,3.83974434079711,3.83974434079711,0.868424585486482,"AM",FALSE,"logSRL"
"Aira_elegantissima",0.00113384682745547,0.0995747024210425,0.172946239349867,3.83974434079711,3.83974434079711,0.868424585486482,"NMAM",FALSE,"logSRL"
"Holcus_lanatus",0.0016572795065933,0.0995747024210425,0.172946239349867,3.83974434079711,3.83974434079711,0.868424585486482,"AM",FALSE,"logSRL"
"Deschampsia_cespitosa",0.0016572795065933,0.0995747024210425,0.172946239349867,3.83974434079711,3.83974434079711,0.868424585486482,"AM",FALSE,"logSRL"
"Poa_trivialis",0.0016572795065933,0.0995747024210425,0.172946239349867,3.83974434079711,3.83974434079711,0.868424585486482,"AM",FALSE,"logSRL"
"Poa_pratensis",0.0016572795065933,0.0995747024210425,0.172946239349867,3.83974434079711,3.83974434079711,0.868424585486495,"AM",FALSE,"logSRL"
"Poa_nemoralis",0.0016572795065933,0.0995747024210425,0.172946239349867,3.83974434079711,3.83974434079711,0.868424585486482,"AM",FALSE,"logSRL"
"Poa_labillardierei",0.0016572795065933,0.0995747024210425,0.172946239349867,3.83974434079711,3.83974434079711,0.868424585486482,"AM",FALSE,"logSRL"
"Poa_glauca",0.0016572795065933,0.0995747024210425,0.172946239349867,3.83974434079711,3.83974434079711,0.868424585486482,"AM",FALSE,"logSRL"
"Poa_cusickii",0.0016572795065933,0.0995747024210425,0.172946239349867,3.83974434079711,3.83974434079711,0.86842458548647,"AM",FALSE,"logSRL"
"Alopecurus_pratensis",0.0016572795065933,0.0995747024210425,0.172946239349867,3.83974434079711,3.83974434079711,0.868424585486482,"AM",FALSE,"logSRL"
"Phleum_pratense",0.0016572795065933,0.0995747024210425,0.172946239349867,3.83974434079711,3.83974434079711,0.868424585486482,"AM",FALSE,"logSRL"
"Pseudosclerochloa_rupestris",0.00113384682745547,0.0995747024210425,0.172946239349867,3.83974434079711,3.83974434079711,0.868424585486482,"NMAM",FALSE,"logSRL"
"Agrostis_scabra",0.0016572795065933,0.0995747024210425,0.172946239349867,3.83974434079711,3.83974434079711,0.868424585486482,"AM",FALSE,"logSRL"
"Agrostis_capillaris",0.0016572795065933,0.0995747024210425,0.172946239349867,3.83974434079711,3.83974434079711,0.868424585486482,"AM",FALSE,"logSRL"
"Calamagrostis_canadensis",0.0016572795065933,0.0995747024210425,0.172946239349867,3.83974434079711,3.83974434079711,0.868424585486482,"AM",FALSE,"logSRL"
"Anthoxanthum_odoratum",0.0016572795065933,0.0995747024210425,0.172946239349867,3.83974434079711,3.83974434079711,0.868424585486482,"AM",FALSE,"logSRL"
"Phalaris_aquatica",0.0016572795065933,0.0995747024210425,0.172946239349867,3.83974434079711,3.83974434079711,0.868424585486482,"AM",FALSE,"logSRL"
"Phalaris_arundinacea",0.0016572795065933,0.0995747024210425,0.172946239349867,3.83974434079711,3.83974434079711,0.868424585486482,"AM",FALSE,"logSRL"
"Koeleria_macrantha",0.0016572795065933,0.0995747024210425,0.172946239349867,3.83974434079711,3.83974434079711,0.868424585486482,"AM",FALSE,"logSRL"
"Koeleria_pyramidata",0.0016572795065933,0.0995747024210425,0.172946239349867,3.83974434079711,3.83974434079711,0.868424585486482,"AM",FALSE,"logSRL"
"Koeleria_vallesiana",0.0016572795065933,0.0995747024210425,0.172946239349867,3.83974434079711,3.83974434079711,0.868424585486482,"AM",FALSE,"logSRL"
"Trisetum_flavescens",0.0016572795065933,0.0995747024210425,0.172946239349867,3.83974434079711,3.83974434079711,0.868424585486482,"AM",FALSE,"logSRL"
"Arrhenatherum_elatius",0.0016572795065933,0.0995747024210425,0.172946239349867,3.83974434079711,3.83974434079711,0.868424585486482,"AM",FALSE,"logSRL"
"Leymus_chinensis",0.0016572795065933,0.0995747024210425,0.172946239349867,3.83974434079711,3.83974434079711,0.868424585486482,"AM",FALSE,"logSRL"
"Hordeum_murinum",0.0016572795065933,0.0995747024210425,0.172946239349867,3.83974434079711,3.83974434079711,0.868424585486482,"AM",FALSE,"logSRL"
"Agropyron_cristatum",0.0016572795065933,0.0995747024210425,0.172946239349867,3.83974434079711,3.83974434079711,0.868424585486482,"AM",FALSE,"logSRL"
"Elymus_riparius",0.0016572795065933,0.0995747024210425,0.172946239349867,3.83974434079711,3.83974434079711,0.868424585486482,"AM",FALSE,"logSRL"
"Elymus_virginicus",0.0016572795065933,0.0995747024210425,0.172946239349867,3.83974434079711,3.83974434079711,0.868424585486482,"AM",FALSE,"logSRL"
"Elymus_canadensis",0.0016572795065933,0.0995747024210425,0.172946239349867,3.83974434079711,3.83974434079711,0.868424585486482,"AM",FALSE,"logSRL"
"Elymus_lanceolatus",0.0016572795065933,0.0995747024210425,0.172946239349867,3.83974434079711,3.83974434079711,0.868424585486482,"AM",FALSE,"logSRL"
"Elymus_repens",0.0016572795065933,0.0995747024210425,0.172946239349867,3.83974434079711,3.83974434079711,0.868424585486482,"AM",FALSE,"logSRL"
"Triticum_durum",0.0016572795065933,0.0995747024210425,0.172946239349867,3.83974434079711,3.83974434079711,0.868424585486482,"AM",FALSE,"logSRL"
"Bromus_hordeaceus",0.0016572795065933,0.0995747024210425,0.172946239349867,3.83974434079711,3.83974434079711,0.868424585486482,"AM",FALSE,"logSRL"
"Bromus_madritensis",0.0016572795065933,0.0995747024210425,0.172946239349867,3.83974434079711,3.83974434079711,0.868424585486482,"AM",FALSE,"logSRL"
"Bromus_inermis",0.0016572795065933,0.0995747024210425,0.172946239349867,3.83974434079711,3.83974434079711,0.868424585486482,"AM",FALSE,"logSRL"
"Bromus_erectus",0.0016572795065933,0.0995747024210425,0.172946239349867,3.83974434079711,3.83974434079711,0.868424585486482,"AM",FALSE,"logSRL"
"Bromus_catharticus",0.0016572795065933,0.0995747024210425,0.172946239349867,3.83974434079711,3.83974434079711,0.868424585486482,"AM",FALSE,"logSRL"
"Brachypodium_phoenicoides",0.0016572795065933,0.0995747024210425,0.172946239349867,3.83974434079711,3.83974434079711,0.868424585486482,"AM",FALSE,"logSRL"
"Brachypodium_sylvaticum",0.0016572795065933,0.0995747024210425,0.172946239349867,3.83974434079711,3.83974434079711,0.868424585486482,"AM",FALSE,"logSRL"
"Brachypodium_pinnatum",0.0016572795065933,0.0995747024210425,0.172946239349867,3.83974434079711,3.83974434079711,0.868424585486482,"AM",FALSE,"logSRL"
"Stipa_spartea",0.0016572795065933,0.0995747024210425,0.172946239349867,3.83974434079711,3.83974434079711,0.868424585486495,"AM",FALSE,"logSRL"
"Stipa_purpurea",0.0016572795065933,0.0995747024210425,0.172946239349867,3.83974434079711,3.83974434079711,0.868424585486482,"AM",FALSE,"logSRL"
"Stipa_krylovii",0.0016572795065933,0.0995747024210425,0.172946239349867,3.83974434079711,3.83974434079711,0.868424585486495,"AM",FALSE,"logSRL"
"Nassella_viridula",0.0016572795065933,0.0995747024210425,0.172946239349867,3.83974434079711,3.83974434079711,0.868424585486482,"AM",FALSE,"logSRL"
"Stipa_pennata",0.0016572795065933,0.0995747024210425,0.172946239349867,3.83974434079711,3.83974434079711,0.868424585486482,"AM",FALSE,"logSRL"
"Stipa_comata",0.0016572795065933,0.0995747024210425,0.172946239349867,3.83974434079711,3.83974434079711,0.868424585486482,"AM",FALSE,"logSRL"
"Nardus_stricta",0.0016572795065933,0.0995747024210425,0.172946239349867,3.83974434079711,3.83974434079711,0.868424585486482,"AM",FALSE,"logSRL"
"Ehrharta_stipoides",0.0016572795065933,0.0995747024210425,0.172946239349867,3.83974434079711,3.83974434079711,0.868424585486482,"AM",FALSE,"logSRL"
"Carex_korshinskyi",0.00113384682745547,0.0995747024210425,0.172946239349867,3.83974434079711,3.83974434079711,0.868424585486482,"NMAM",FALSE,"logSRL"
"Carex_humilis",0.00113384682745547,0.0995747024210425,0.172946239349867,3.83974434079711,3.83974434079711,0.868424585486495,"NMAM",FALSE,"logSRL"
"Carex_filifolia",0.00113384682745547,0.0995747024210425,0.172946239349867,3.83974434079711,3.83974434079711,0.868424585486482,"NMAM",FALSE,"logSRL"
"Carex_doisutepensis",0.00113384682745547,0.0995747024210425,0.172946239349867,3.83974434079711,3.83974434079711,0.868424585486482,"NMAM",FALSE,"logSRL"
"Carex_lasiocarpa",0.00113384682745547,0.0995747024210425,0.172946239349867,3.83974434079711,3.83974434079711,0.868424585486482,"NMAM",FALSE,"logSRL"
"Carex_nigra",0.00113384682745547,0.0995747024210425,0.172946239349867,3.83974434079711,3.83974434079711,0.868424585486482,"NMAM",FALSE,"logSRL"
"Carex_moorcroftii",0.00113384682745547,0.0995747024210425,0.172946239349867,3.83974434079711,3.83974434079711,0.868424585486482,"NMAM",FALSE,"logSRL"
"Carex_flacca",0.00113384682745547,0.0995747024210425,0.172946239349867,3.83974434079711,3.83974434079711,0.868424585486482,"NMAM",FALSE,"logSRL"
"Carex_obtusata",0.00113384682745547,0.0995747024210425,0.172946239349867,3.83974434079711,3.83974434079711,0.868424585486482,"NMAM",FALSE,"logSRL"
"Trichophorum_cespitosum",0.00113384682745547,0.0995747024210425,0.172946239349867,3.83974434079711,3.83974434079711,0.868424585486482,"NMAM",FALSE,"logSRL"
"Cyperus_difformis",0.00113384682745547,0.0995747024210425,0.172946239349867,3.83974434079711,3.83974434079711,0.868424585486482,"NMAM",FALSE,"logSRL"
"Gahnia_xanthocarpa",0.00113384682745547,0.0995747024210425,0.172946239349867,3.83974434079711,3.83974434079711,0.868424585486482,"NMAM",FALSE,"logSRL"
"Gahnia_procera",0.00113384682745547,0.0995747024210425,0.172946239349867,3.83974434079711,3.83974434079711,0.868424585486482,"NMAM",FALSE,"logSRL"
"Juncus_effusus",0.00113384682745547,0.0995747024210425,0.172946239349867,3.83974434079711,3.83974434079711,0.868424585486482,"NMAM",FALSE,"logSRL"
"Luzula_sylvatica",0.00113384682745547,0.0995747024210425,0.172946239349867,3.83974434079711,3.83974434079711,0.868424585486482,"NMAM",FALSE,"logSRL"
"Alpinia_japonica",0.0016572795065933,0.0995747024210425,0.172946239349867,3.83974434079711,3.83974434079711,0.868424585486482,"AM",FALSE,"logSRL"
"Rhopalostylis_sapida",0.0016572795065933,0.0995747024210425,0.172946239349867,3.83974434079711,3.83974434079711,0.868424585486482,"AM",FALSE,"logSRL"
"Cocos_nucifera",0.0016572795065933,0.0995747024210425,0.172946239349867,3.83974434079711,3.83974434079711,0.868424585486482,"AM",FALSE,"logSRL"
"Caryota_maxima",0.0016572795065933,0.0995747024210425,0.172946239349867,3.83974434079711,3.83974434079711,0.868424585486482,"AM",FALSE,"logSRL"
"Calamus_rhabdocladus",0.0016572795065933,0.0995747024210425,0.172946239349867,3.83974434079711,3.83974434079711,0.868424585486482,"AM",FALSE,"logSRL"
"Smilax_trinervula",0.0016572795065933,0.0995747024210425,0.172946239349867,3.83974434079711,3.83974434079711,0.868424585486482,"AM",FALSE,"logSRL"
"Smilax_aspera",0.0016572795065933,0.0995747024210425,0.172946239349867,3.83974434079711,3.83974434079711,0.868424585486482,"AM",FALSE,"logSRL"
"Veratrum_nigrum",0.0016572795065933,0.0995747024210425,0.172946239349867,3.83974434079711,3.83974434079711,0.868424585486482,"AM",FALSE,"logSRL"
"Toxicoscordion_venenosum",0.0016572795065933,0.0995747024210425,0.172946239349867,3.83974434079711,3.83974434079711,0.868424585486482,"AM",FALSE,"logSRL"
"Dioscorea_nipponica",0.0016572795065933,0.0995747024210425,0.172946239349867,3.83974434079711,3.83974434079711,0.868424585486482,"AM",FALSE,"logSRL"
"Goniothalamus_griffithii",0.0016572795065933,0.0995747024210425,0.172946239349867,3.83974434079711,3.83974434079711,0.868424585486482,"AM",FALSE,"logSRL"
"Asimina_triloba",0.0016572795065933,0.0995747024210425,0.172946239349867,3.83974434079711,3.83974434079711,0.868424585486482,"AM",FALSE,"logSRL"
"Orophea_creaghii",0.0016572795065933,0.0995747024210425,0.172946239349867,3.83974434079711,3.83974434079711,0.868424585486482,"AM",FALSE,"logSRL"
"Anaxagorea_javanica",0.0016572795065933,0.0995747024210425,0.172946239349867,3.83974434079711,3.83974434079711,0.868424585486482,"AM",FALSE,"logSRL"
"Magnolia_carsonii",0.0016572795065933,0.0995747024210425,0.172946239349867,3.83974434079711,3.83974434079711,0.868424585486495,"AM",FALSE,"logSRL"
"Magnolia_yuyuanensis",0.0016572795065933,0.0995747024210425,0.172946239349867,3.83974434079711,3.83974434079711,0.868424585486495,"AM",FALSE,"logSRL"
"Magnolia_yunnanensis",0.0016572795065933,0.0995747024210425,0.172946239349867,3.83974434079711,3.83974434079711,0.868424585486495,"AM",FALSE,"logSRL"
"Magnolia_virginiana",0.0016572795065933,0.0995747024210425,0.172946239349867,3.83974434079711,3.83974434079711,0.868424585486482,"AM",FALSE,"logSRL"
"Magnolia_tripetala",0.0016572795065933,0.0995747024210425,0.172946239349867,3.83974434079711,3.83974434079711,0.868424585486482,"AM",FALSE,"logSRL"
"Magnolia_stellata",0.0016572795065933,0.0995747024210425,0.172946239349867,3.83974434079711,3.83974434079711,0.868424585486495,"AM",FALSE,"logSRL"
"Magnolia_opipara",0.0016572795065933,0.0995747024210425,0.172946239349867,3.83974434079711,3.83974434079711,0.868424585486483,"AM",FALSE,"logSRL"
"Magnolia_macrophylla",0.0016572795065933,0.0995747024210425,0.172946239349867,3.83974434079711,3.83974434079711,0.86842458548647,"AM",FALSE,"logSRL"
"Magnolia_lotungensis",0.0016572795065933,0.0995747024210425,0.172946239349867,3.83974434079711,3.83974434079711,0.868424585486495,"AM",FALSE,"logSRL"
"Magnolia_kobus",0.0016572795065933,0.0995747024210425,0.172946239349867,3.83974434079711,3.83974434079711,0.868424585486495,"AM",FALSE,"logSRL"
"Magnolia_grandiflora",0.0016572795065933,0.0995747024210425,0.172946239349867,3.83974434079711,3.83974434079711,0.868424585486495,"AM",FALSE,"logSRL"
"Magnolia_denudata",0.0016572795065933,0.0995747024210425,0.172946239349867,3.83974434079711,3.83974434079711,0.868424585486495,"AM",FALSE,"logSRL"
"Magnolia_championii",0.0016572795065933,0.0995747024210425,0.172946239349867,3.83974434079711,3.83974434079711,0.86842458548647,"AM",FALSE,"logSRL"
"Magnolia_cavaleriei",0.0016572795065933,0.0995747024210425,0.172946239349867,3.83974434079711,3.83974434079711,0.868424585486482,"AM",FALSE,"logSRL"
"Magnolia_acuminata",0.0016572795065933,0.0995747024210425,0.172946239349867,3.83974434079711,3.83974434079711,0.868424585486482,"AM",FALSE,"logSRL"
"Magnolia_fulva",0.0016572795065933,0.0995747024210425,0.172946239349867,3.83974434079711,3.83974434079711,0.868424585486482,"AM",FALSE,"logSRL"
"Magnolia_champaca",0.0016572795065933,0.0995747024210425,0.172946239349867,3.83974434079711,3.83974434079711,0.868424585486482,"AM",FALSE,"logSRL"
"Magnolia_macclurei",0.0016572795065933,0.0995747024210425,0.172946239349867,3.83974434079711,3.83974434079711,0.868424585486482,"AM",FALSE,"logSRL"
"Magnolia_baillonii",0.0016572795065933,0.0995747024210425,0.172946239349867,3.83974434079711,3.83974434079711,0.868424585486482,"AM",FALSE,"logSRL"
"Magnolia_balansae",0.0016572795065933,0.0995747024210425,0.172946239349867,3.83974434079711,3.83974434079711,0.868424585486482,"AM",FALSE,"logSRL"
"Magnolia_ernestii",0.0016572795065933,0.0995747024210425,0.172946239349867,3.83974434079711,3.83974434079711,0.868424585486482,"AM",FALSE,"logSRL"
"Magnolia_chapensis",0.0016572795065933,0.0995747024210425,0.172946239349867,3.83974434079711,3.83974434079711,0.868424585486482,"AM",FALSE,"logSRL"
"Magnolia_odora",0.0016572795065933,0.0995747024210425,0.172946239349867,3.83974434079711,3.83974434079711,0.868424585486482,"AM",FALSE,"logSRL"
"Magnolia_maudiae",0.0016572795065933,0.0995747024210425,0.172946239349867,3.83974434079711,3.83974434079711,0.868424585486482,"AM",FALSE,"logSRL"
"Magnolia_dandyi",0.0016572795065933,0.0995747024210425,0.172946239349867,3.83974434079711,3.83974434079711,0.868424585486482,"AM",FALSE,"logSRL"
"Manglietia_paruicula",0.0016572795065933,0.0995747024210425,0.172946239349867,3.83974434079711,3.83974434079711,0.868424585486482,"AM",FALSE,"logSRL"
"Liriodendron_chinense",0.0016572795065933,0.0995747024210425,0.172946239349867,3.83974434079711,3.83974434079711,0.868424585486482,"AM",FALSE,"logSRL"
"Liriodendron_tulipifera",0.0016572795065933,0.0995747024210425,0.172946239349867,3.83974434079711,3.83974434079711,0.868424585486482,"AM",FALSE,"logSRL"
"Knema_erratica",0.0016572795065933,0.0995747024210425,0.172946239349867,3.83974434079711,3.83974434079711,0.868424585486482,"AM",FALSE,"logSRL"
"Ocotea_lancifolia",0.0016572795065933,0.0995747024210425,0.172946239349867,3.83974434079711,3.83974434079711,0.868424585486482,"AM",FALSE,"logSRL"
"Cinnamomum_subcuneatum",0.0016572795065933,0.0995747024210425,0.172946239349867,3.83974434079711,3.83974434079711,0.868424585486482,"AM",FALSE,"logSRL"
"Cinnamomum_austrosinense",0.0016572795065933,0.0995747024210425,0.172946239349867,3.83974434079711,3.83974434079711,0.868424585486482,"AM",FALSE,"logSRL"
"Cinnamomum_chekiangense",0.0016572795065933,0.0995747024210425,0.172946239349867,3.83974434079711,3.83974434079711,0.868424585486482,"AM",FALSE,"logSRL"
"Cinnamomum_tenuifolium",0.0016572795065933,0.0995747024210425,0.172946239349867,3.83974434079711,3.83974434079711,0.868424585486482,"AM",FALSE,"logSRL"
"Cinnamomum_camphora",0.0016572795065933,0.0995747024210425,0.172946239349867,3.83974434079711,3.83974434079711,0.868424585486482,"AM",FALSE,"logSRL"
"Cinnamomum_porrectum",0.0016572795065933,0.0995747024210425,0.172946239349867,3.83974434079711,3.83974434079711,0.868424585486482,"AM",FALSE,"logSRL"
"Cinnamomum_micranthum",0.0016572795065933,0.0995747024210425,0.172946239349867,3.83974434079711,3.83974434079711,0.868424585486482,"AM",FALSE,"logSRL"
"Sassafras_albidum",0.00113384682745547,0.0995747024210425,0.172946239349867,3.83974434079711,3.83974434079711,0.868424585486482,"NMAM",FALSE,"logSRL"
"Litsea_baviensis",0.0016572795065933,0.0995747024210425,0.172946239349867,3.83974434079711,3.83974434079711,0.868424585486482,"AM",FALSE,"logSRL"
"Litsea_elongata",0.0016572795065933,0.0995747024210425,0.172946239349867,3.83974434079711,3.83974434079711,0.868424585486482,"AM",FALSE,"logSRL"
"Litsea_verticillata",0.0016572795065933,0.0995747024210425,0.172946239349867,3.83974434079711,3.83974434079711,0.868424585486482,"AM",FALSE,"logSRL"
"Litsea_cubeba",0.0016572795065933,0.0995747024210425,0.172946239349867,3.83974434079711,3.83974434079711,0.868424585486482,"AM",FALSE,"logSRL"
"Litsea_ichangensis",0.0016572795065933,0.0995747024210425,0.172946239349867,3.83974434079711,3.83974434079711,0.868424585486482,"AM",FALSE,"logSRL"
"Neolitsea_phanerophlebia",0.0016572795065933,0.0995747024210425,0.172946239349867,3.83974434079711,3.83974434079711,0.868424585486482,"AM",FALSE,"logSRL"
"Cinnamomum_cassia",0.0016572795065933,0.0995747024210425,0.172946239349867,3.83974434079711,3.83974434079711,0.868424585486482,"AM",FALSE,"logSRL"
"Lindera_communis",0.0016572795065933,0.0995747024210425,0.172946239349867,3.83974434079711,3.83974434079711,0.868424585486482,"AM",FALSE,"logSRL"
"Lindera_obtusiloba",0.0016572795065933,0.0995747024210425,0.172946239349867,3.83974434079711,3.83974434079711,0.868424585486482,"AM",FALSE,"logSRL"
"Lindera_benzoin",0.0016572795065933,0.0995747024210425,0.172946239349867,3.83974434079711,3.83974434079711,0.868424585486482,"AM",FALSE,"logSRL"
"Machilus_kwangtungensis",0.0016572795065933,0.0995747024210425,0.172946239349867,3.83974434079711,3.83974434079711,0.868424585486482,"AM",FALSE,"logSRL"
"Machilus_breviflora",0.0016572795065933,0.0995747024210425,0.172946239349867,3.83974434079711,3.83974434079711,0.868424585486482,"AM",FALSE,"logSRL"
"Machilus_robusta",0.0016572795065933,0.0995747024210425,0.172946239349867,3.83974434079711,3.83974434079711,0.868424585486482,"AM",FALSE,"logSRL"
"Machilus_shweliensis",0.0016572795065933,0.0995747024210425,0.172946239349867,3.83974434079711,3.83974434079711,0.868424585486482,"AM",FALSE,"logSRL"
"Machilus_oculodracontis",0.0016572795065933,0.0995747024210425,0.172946239349867,3.83974434079711,3.83974434079711,0.868424585486482,"AM",FALSE,"logSRL"
"Machilus_velutina",0.0016572795065933,0.0995747024210425,0.172946239349867,3.83974434079711,3.83974434079711,0.868424585486482,"AM",FALSE,"logSRL"
"Machilus_nanmu",0.0016572795065933,0.0995747024210425,0.172946239349867,3.83974434079711,3.83974434079711,0.868424585486482,"AM",FALSE,"logSRL"
"Persea_americana",0.0016572795065933,0.0995747024210425,0.172946239349867,3.83974434079711,3.83974434079711,0.868424585486482,"AM",FALSE,"logSRL"
"Beilschmiedia_tarairi",0.0016572795065933,0.0995747024210425,0.172946239349867,3.83974434079711,3.83974434079711,0.868424585486482,"AM",FALSE,"logSRL"
"Beilschmiedia_tawa",0.0016572795065933,0.0995747024210425,0.172946239349867,3.83974434079711,3.83974434079711,0.868424585486482,"AM",FALSE,"logSRL"
"Cryptocarya_concinna",0.0016572795065933,0.0995747024210425,0.172946239349867,3.83974434079711,3.83974434079711,0.868424585486482,"AM",FALSE,"logSRL"
"Cryptocarya_chinensis",0.0016572795065933,0.0995747024210425,0.172946239349867,3.83974434079711,3.83974434079711,0.868424585486482,"AM",FALSE,"logSRL"
"Hedycarya_arborea",0.0016572795065933,0.0995747024210425,0.172946239349867,3.83974434079711,3.83974434079711,0.868424585486482,"AM",FALSE,"logSRL"
"Laurelia_novae-zelandiae",0.0016572795065933,0.0995747024210425,0.172946239349867,3.83974434079711,3.83974434079711,0.868424585486482,"AM",FALSE,"logSRL"
"Pseudowintera_colorata",0.0016572795065933,0.0995747024210425,0.172946239349867,3.83974434079711,3.83974434079711,0.868424585486482,"AM",FALSE,"logSRL"
"Chloranthus_henryi",0.0016572795065933,0.0995747024210425,0.172946239349867,3.83974434079711,3.83974434079711,0.868424585486482,"AM",FALSE,"logSRL"
"Sarcandra_glabra",0.0016572795065933,0.0995747024210425,0.172946239349867,3.83974434079711,3.83974434079711,0.868424585486482,"AM",FALSE,"logSRL"
"Ascarina_lucida",0.0016572795065933,0.0995747024210425,0.172946239349867,3.83974434079711,3.83974434079711,0.868424585486482,"AM",FALSE,"logSRL"
"Podocarpus_gibbsii",0.0016572795065933,0.0995747024210425,0.172946239349867,3.83974434079711,3.83974434079711,0.868424585486482,"AM",FALSE,"logSRL"
"Podocarpus_chinensis",0.0016572795065933,0.0995747024210425,0.172946239349867,3.83974434079711,3.83974434079711,0.868424585486482,"AM",FALSE,"logSRL"
"Podocarpus_neriifolius",0.0016572795065933,0.0995747024210425,0.172946239349867,3.83974434079711,3.83974434079711,0.868424585486482,"AM",FALSE,"logSRL"
"Podocarpus_totara",0.0016572795065933,0.0995747024210425,0.172946239349867,3.83974434079711,3.83974434079711,0.868424585486482,"AM",FALSE,"logSRL"
"Podocarpus_cunninghamii",0.0016572795065933,0.0995747024210425,0.172946239349867,3.83974434079711,3.83974434079711,0.868424585486482,"AM",FALSE,"logSRL"
"Afrocarpus_falcatus",0.0016572795065933,0.0995747024210425,0.172946239349867,3.83974434079711,3.83974434079711,0.868424585486482,"AM",FALSE,"logSRL"
"Dacrydium_pectinatum",0.0016572795065933,0.0995747024210425,0.172946239349867,3.83974434079711,3.83974434079711,0.868424585486482,"AM",FALSE,"logSRL"
"Dacrydium_gracile",0.0016572795065933,0.0995747024210425,0.172946239349867,3.83974434079711,3.83974434079711,0.868424585486482,"AM",FALSE,"logSRL"
"Dacrydium_cupressinum",0.0016572795065933,0.0995747024210425,0.172946239349867,3.83974434079711,3.83974434079711,0.868424585486482,"AM",FALSE,"logSRL"
"Dacrycarpus_imbricatus",0.0016572795065933,0.0995747024210425,0.172946239349867,3.83974434079711,3.83974434079711,0.868424585486482,"AM",FALSE,"logSRL"
"Dacrycarpus_dacrydioides",0.0016572795065933,0.0995747024210425,0.172946239349867,3.83974434079711,3.83974434079711,0.868424585486482,"AM",FALSE,"logSRL"
"Phyllocladus_hypophyllus",0.0016572795065933,0.0995747024210425,0.172946239349867,3.83974434079711,3.83974434079711,0.868424585486482,"AM",FALSE,"logSRL"
"Phyllocladus_trichomanoides",0.0016572795065933,0.0995747024210425,0.172946239349867,3.83974434079711,3.83974434079711,0.868424585486482,"AM",FALSE,"logSRL"
"Lepidothamnus_intermedius",0.0016572795065933,0.0995747024210425,0.172946239349867,3.83974434079711,3.83974434079711,0.868424585486482,"AM",FALSE,"logSRL"
"Halocarpus_kirkii",0.0016572795065933,0.0995747024210425,0.172946239349867,3.83974434079711,3.83974434079711,0.868424585486482,"AM",FALSE,"logSRL"
"Halocarpus_biformis",0.0016572795065933,0.0995747024210425,0.172946239349867,3.83974434079711,3.83974434079711,0.868424585486482,"AM",FALSE,"logSRL"
"Prumnopitys_ferruginea",0.0016572795065933,0.0995747024210425,0.172946239349867,3.83974434079711,3.83974434079711,0.868424585486482,"AM",FALSE,"logSRL"
"Prumnopitys_taxifolia",0.0016572795065933,0.0995747024210425,0.172946239349867,3.83974434079711,3.83974434079711,0.868424585486482,"AM",FALSE,"logSRL"
"Manoao_colensoi",0.0016572795065933,0.0995747024210425,0.172946239349867,3.83974434079711,3.83974434079711,0.868424585486482,"AM",FALSE,"logSRL"
"Agathis_kinabaluensis",0.0016572795065933,0.0995747024210425,0.172946239349867,3.83974434079711,3.83974434079711,0.868424585486482,"AM",FALSE,"logSRL"
"Agathis_australis",0.0016572795065933,0.0995747024210425,0.172946239349867,3.83974434079711,3.83974434079711,0.868424585486482,"AM",FALSE,"logSRL"
"Juniperus_sabina",0.0016572795065933,0.0995747024210425,0.172946239349867,3.83974434079711,3.83974434079711,0.868424585486482,"AM",FALSE,"logSRL"
"Juniperus_monosperma",0.0016572795065933,0.0995747024210425,0.172946239349867,3.83974434079711,3.83974434079711,0.868424585486482,"AM",FALSE,"logSRL"
"Juniperus_phoenicea",0.0016572795065933,0.0995747024210425,0.172946239349867,3.83974434079711,3.83974434079711,0.868424585486482,"AM",FALSE,"logSRL"
"Cupressus_funebris",0.0016572795065933,0.0995747024210425,0.172946239349867,3.83974434079711,3.83974434079711,0.868424585486482,"AM",FALSE,"logSRL"
"Platycladus_orientalis",0.0016572795065933,0.0995747024210425,0.172946239349867,3.83974434079711,3.83974434079711,0.868424585486482,"AM",FALSE,"logSRL"
"Chamaecyparis_obtusa",0.0016572795065933,0.0995747024210425,0.172946239349867,3.83974434079711,3.83974434079711,0.868424585486482,"AM",FALSE,"logSRL"
"Thuja_occidentalis",0.0016572795065933,0.0995747024210425,0.172946239349867,3.83974434079711,3.83974434079711,0.868424585486482,"AM",FALSE,"logSRL"
"Cryptomeria_japonica",0.0016572795065933,0.0995747024210425,0.172946239349867,3.83974434079711,3.83974434079711,0.868424585486482,"AM",FALSE,"logSRL"
"Cunninghamia_lanceolata",0.0016572795065933,0.0995747024210425,0.172946239349867,3.83974434079711,3.83974434079711,0.868424585486482,"AM",FALSE,"logSRL"
"Pinus_taeda",0.000667182323829894,0.0995747024210425,0.172946239349867,3.83974434079711,3.83974434079711,0.868424585486482,"EcM",FALSE,"logSRL"
"Pinus_pungens",0.000667182323829894,0.0995747024210425,0.172946239349867,3.83974434079711,3.83974434079711,0.868424585486482,"EcM",FALSE,"logSRL"
"Pinus_palustris",0.000667182323829894,0.0995747024210425,0.172946239349867,3.83974434079711,3.83974434079711,0.868424585486482,"EcM",FALSE,"logSRL"
"Pinus_elliottii",0.000667182323829894,0.0995747024210425,0.172946239349867,3.83974434079711,3.83974434079711,0.868424585486482,"EcM",FALSE,"logSRL"
"Pinus_virginiana",0.000667182323829894,0.0995747024210425,0.172946239349867,3.83974434079711,3.83974434079711,0.868424585486482,"EcM",FALSE,"logSRL"
"Pinus_sylvestris",0.000667182323829894,0.0995747024210425,0.172946239349867,3.83974434079711,3.83974434079711,0.868424585486482,"EcM",FALSE,"logSRL"
"Pinus_nigra",0.000667182323829894,0.0995747024210425,0.172946239349867,3.83974434079711,3.83974434079711,0.868424585486482,"EcM",FALSE,"logSRL"
"Pinus_resinosa",0.000667182323829894,0.0995747024210425,0.172946239349867,3.83974434079711,3.83974434079711,0.868424585486482,"EcM",FALSE,"logSRL"
"Pinus_massoniana",0.000667182323829894,0.0995747024210425,0.172946239349867,3.83974434079711,3.83974434079711,0.868424585486482,"EcM",FALSE,"logSRL"
"Pinus_tabuliformis",0.000667182323829894,0.0995747024210425,0.172946239349867,3.83974434079711,3.83974434079711,0.868424585486482,"EcM",FALSE,"logSRL"
"Pinus_pinea",0.000667182323829894,0.0995747024210425,0.172946239349867,3.83974434079711,3.83974434079711,0.868424585486482,"EcM",FALSE,"logSRL"
"Pinus_pinaster",0.000667182323829894,0.0995747024210425,0.172946239349867,3.83974434079711,3.83974434079711,0.868424585486482,"EcM",FALSE,"logSRL"
"Pinus_armandii",0.000667182323829894,0.0995747024210425,0.172946239349867,3.83974434079711,3.83974434079711,0.868424585486482,"EcM",FALSE,"logSRL"
"Pinus_koraiensis",0.000667182323829894,0.0995747024210425,0.172946239349867,3.83974434079711,3.83974434079711,0.868424585486482,"EcM",FALSE,"logSRL"
"Pinus_pumila",0.000667182323829894,0.0995747024210425,0.172946239349867,3.83974434079711,3.83974434079711,0.868424585486482,"EcM",FALSE,"logSRL"
"Pinus_strobus",0.000667182323829894,0.0995747024210425,0.172946239349867,3.83974434079711,3.83974434079711,0.868424585486482,"EcM",FALSE,"logSRL"
"Pinus_edulis",0.000667182323829894,0.0995747024210425,0.172946239349867,3.83974434079711,3.83974434079711,0.868424585486482,"EcM",FALSE,"logSRL"
"Picea_koraiensis",0.000667182323829894,0.0995747024210425,0.172946239349867,3.83974434079711,3.83974434079711,0.868424585486482,"EcM",FALSE,"logSRL"
"Picea_meyeri",0.000667182323829894,0.0995747024210425,0.172946239349867,3.83974434079711,3.83974434079711,0.868424585486482,"EcM",FALSE,"logSRL"
"Picea_abies",0.000667182323829894,0.0995747024210425,0.172946239349867,3.83974434079711,3.83974434079711,0.868424585486482,"EcM",FALSE,"logSRL"
"Picea_wilsonii",0.000667182323829894,0.0995747024210425,0.172946239349867,3.83974434079711,3.83974434079711,0.868424585486482,"EcM",FALSE,"logSRL"
"Picea_rubens",0.000667182323829894,0.0995747024210425,0.172946239349867,3.83974434079711,3.83974434079711,0.868424585486482,"EcM",FALSE,"logSRL"
"Picea_glauca",0.000667182323829894,0.0995747024210425,0.172946239349867,3.83974434079711,3.83974434079711,0.868424585486482,"EcM",FALSE,"logSRL"
"Larix_gmelinii",0.000667182323829894,0.0995747024210425,0.172946239349867,3.83974434079711,3.83974434079711,0.868424585486482,"EcM",FALSE,"logSRL"
"Larix_decidua",0.000667182323829894,0.0995747024210425,0.172946239349867,3.83974434079711,3.83974434079711,0.868424585486482,"EcM",FALSE,"logSRL"
"Larix_kaempferi",0.000667182323829894,0.0995747024210425,0.172946239349867,3.83974434079711,3.83974434079711,0.868424585486482,"EcM",FALSE,"logSRL"
"Pseudotsuga_menziesii",0.000667182323829894,0.0995747024210425,0.172946239349867,3.83974434079711,3.83974434079711,0.868424585486482,"EcM",FALSE,"logSRL"
"Abies_fargesii",0.000667182323829894,0.0995747024210425,0.172946239349867,3.83974434079711,3.83974434079711,0.868424585486482,"EcM",FALSE,"logSRL"
"Abies_nephrolepis",0.000667182323829894,0.0995747024210425,0.172946239349867,3.83974434079711,3.83974434079711,0.868424585486482,"EcM",FALSE,"logSRL"
"Abies_alba",0.000667182323829894,0.0995747024210425,0.172946239349867,3.83974434079711,3.83974434079711,0.868424585486482,"EcM",FALSE,"logSRL"
"Tsuga_canadensis",0.000667182323829894,0.0995747024210425,0.172946239349867,3.83974434079711,3.83974434079711,0.868424585486482,"EcM",FALSE,"logSRL"
"Ephedra_fragilis",0.0016572795065933,0.0995747024210425,0.172946239349867,3.83974434079711,3.83974434079711,0.86842458548647,"AM",FALSE,"logSRL"
"Gnetum_gnemon",0.000667182323829894,0.0995747024210425,0.172946239349867,3.83974434079711,3.83974434079711,0.86842458548647,"EcM",FALSE,"logSRL"
"Ginkgo_biloba",0.0016572795065933,0.0995747024210425,0.172946239349867,3.83974434079711,3.83974434079711,0.868424585486482,"AM",FALSE,"logSRL"
"Dryopteris_sparsa",0.0016572795065933,0.0995747024210425,0.172946239349867,3.83974434079711,3.83974434079711,0.868424585486495,"AM",FALSE,"logSRL"
"Dryopteris_lepidopoda",0.0016572795065933,0.0995747024210425,0.172946239349867,3.83974434079711,3.83974434079711,0.868424585486482,"AM",FALSE,"logSRL"
"Polystichum_chilense",0.0016572795065933,0.0995747024210425,0.172946239349867,3.83974434079711,3.83974434079711,0.868424585486482,"AM",FALSE,"logSRL"
"Blechnum_procerum",0.0016572795065933,0.0995747024210425,0.172946239349867,3.83974434079711,3.83974434079711,0.868424585486482,"AM",FALSE,"logSRL"
"Blechnum_novae-zelandiae",0.0016572795065933,0.0995747024210425,0.172946239349867,3.83974434079711,3.83974434079711,0.868424585486495,"AM",FALSE,"logSRL"
"Blechnum_fluviatile",0.0016572795065933,0.0995747024210425,0.172946239349867,3.83974434079711,3.83974434079711,0.86842458548647,"AM",FALSE,"logSRL"
"Blechnum_discolor",0.0016572795065933,0.0995747024210425,0.172946239349867,3.83974434079711,3.83974434079711,0.868424585486482,"AM",FALSE,"logSRL"
"Blechnum_chambersii",0.0016572795065933,0.0995747024210425,0.172946239349867,3.83974434079711,3.83974434079711,0.86842458548647,"AM",FALSE,"logSRL"
"Blechnum_orientale",0.0016572795065933,0.0995747024210425,0.172946239349867,3.83974434079711,3.83974434079711,0.868424585486495,"AM",FALSE,"logSRL"
"Onoclea_sensibilis",0.0016572795065933,0.0995747024210425,0.172946239349867,3.83974434079711,3.83974434079711,0.868424585486495,"AM",FALSE,"logSRL"
"Matteuccia_struthiopteris",0.0016572795065933,0.0995747024210425,0.172946239349867,3.83974434079711,3.83974434079711,0.868424585486495,"AM",FALSE,"logSRL"
"Athyrium_spinulosum",0.0016572795065933,0.0995747024210425,0.172946239349867,3.83974434079711,3.83974434079711,0.868424585486482,"AM",FALSE,"logSRL"
"Athyrium_sinense",0.0016572795065933,0.0995747024210425,0.172946239349867,3.83974434079711,3.83974434079711,0.868424585486482,"AM",FALSE,"logSRL"
"Athyrium_multidentatum",0.0016572795065933,0.0995747024210425,0.172946239349867,3.83974434079711,3.83974434079711,0.868424585486482,"AM",FALSE,"logSRL"
"Cystopteris_sudetica",0.0016572795065933,0.0995747024210425,0.172946239349867,3.83974434079711,3.83974434079711,0.868424585486495,"AM",FALSE,"logSRL"
"Asplenium_bulbiferum",0.00113384682745547,0.0995747024210425,0.172946239349867,3.83974434079711,3.83974434079711,0.868424585486482,"NMAM",FALSE,"logSRL"
"Pteridium_aquilinum",0.0016572795065933,0.0995747024210425,0.172946239349867,3.83974434079711,3.83974434079711,0.868424585486495,"AM",FALSE,"logSRL"
"Adiantum_pedatum",0.0016572795065933,0.0995747024210425,0.172946239349867,3.83974434079711,3.83974434079711,0.868424585486482,"AM",FALSE,"logSRL"
"Cyathea_smithii",0.0016572795065933,0.0995747024210425,0.172946239349867,3.83974434079711,3.83974434079711,0.868424585486482,"AM",FALSE,"logSRL"
"Cyathea_medullaris",0.0016572795065933,0.0995747024210425,0.172946239349867,3.83974434079711,3.83974434079711,0.868424585486482,"AM",FALSE,"logSRL"
"Cyathea_dealbata",0.0016572795065933,0.0995747024210425,0.172946239349867,3.83974434079711,3.83974434079711,0.868424585486482,"AM",FALSE,"logSRL"
"Dicksonia_squarrosa",0.0016572795065933,0.0995747024210425,0.172946239349867,3.83974434079711,3.83974434079711,0.868424585486495,"AM",FALSE,"logSRL"
"Cibotium_barometz",0.0016572795065933,0.0995747024210425,0.172946239349867,3.83974434079711,3.83974434079711,0.868424585486482,"AM",FALSE,"logSRL"
"Sticherus_cunninghamii",0.0016572795065933,0.0995747024210425,0.172946239349867,3.83974434079711,3.83974434079711,0.868424585486482,"AM",FALSE,"logSRL"
"Gleichenia_microphylla",0.0016572795065933,0.0995747024210425,0.172946239349867,3.83974434079711,3.83974434079711,0.868424585486482,"AM",FALSE,"logSRL"
"Dicranopteris_pedata",0.0016572795065933,0.0995747024210425,0.172946239349867,3.83974434079711,3.83974434079711,0.868424585486482,"AM",FALSE,"logSRL"
"Dicranopteris_linearis",0.0016572795065933,0.0995747024210425,0.172946239349867,3.83974434079711,3.83974434079711,0.868424585486495,"AM",FALSE,"logSRL"
"Osmunda_japonica",0.0016572795065933,0.0995747024210425,0.172946239349867,3.83974434079711,3.83974434079711,0.86842458548647,"AM",FALSE,"logSRL"
"Equisetum_hyemale",0.00113384682745547,0.0995747024210425,0.172946239349867,3.83974434079711,3.83974434079711,0.868424585486482,"NMAM",FALSE,"logSRL"
"Equisetum_pratense",0.00113384682745547,0.0995747024210425,0.172946239349867,3.83974434079711,3.83974434079711,0.868424585486482,"NMAM",FALSE,"logSRL"
"Lycopodium_volubile",0.00113384682745547,0.0995747024210425,0.172946239349867,3.83974434079711,3.83974434079711,0.868424585486482,"NMAM",FALSE,"logSRL"
