original_reference,original_ref_checked,non_original_reference,habitat_naturality,biome,species,mycorrhiza type,remark_mycorrhiza_ type,curator_remark_1_name,curator_remark_1_comment,curator_remark_2_name,curator _remark_2_comment,curator_remark_3_name,curator_remark_3_comment,other_remarks,consensus_mycorrhizal_state
"Akhmetzhanova, A. A., Soudzilovskaia, N. A., Onipchenko, V. G., Cornwell, W. K., Agafonov, V. A., Selivanov, I. A., & Cornelissen, J. H. (2012). A rediscovered treasure: mycorrhizal intensity database for 3000 vascular plant species across the former Soviet Union. Ecology, 93(3), 689-690.",,,botanical garden,,Acer davidii,AM; others not addressed,,,,,,,,,AM
"Akhmetzhanova, A. A., Soudzilovskaia, N. A., Onipchenko, V. G., Cornwell, W. K., Agafonov, V. A., Selivanov, I. A., & Cornelissen, J. H. (2012). A rediscovered treasure: mycorrhizal intensity database for 3000 vascular plant species across the former Soviet Union. Ecology, 93(3), 689-690.",,,,,Acer negundo,AM; others not addressed,,,,,,,,,AM
"Akhmetzhanova, A. A., Soudzilovskaia, N. A., Onipchenko, V. G., Cornwell, W. K., Agafonov, V. A., Selivanov, I. A., & Cornelissen, J. H. (2012). A rediscovered treasure: mycorrhizal intensity database for 3000 vascular plant species across the former Soviet Union. Ecology, 93(3), 689-690.",,,botanical garden,,Acer negundo,AM; others not addressed,,,,,,,,,AM
"Akhmetzhanova, A. A., Soudzilovskaia, N. A., Onipchenko, V. G., Cornwell, W. K., Agafonov, V. A., Selivanov, I. A., & Cornelissen, J. H. (2012). A rediscovered treasure: mycorrhizal intensity database for 3000 vascular plant species across the former Soviet Union. Ecology, 93(3), 689-690.",,,botanical garden,,Acer negundo,AM; others not addressed,,,,,,,,,AM
"Akhmetzhanova, A. A., Soudzilovskaia, N. A., Onipchenko, V. G., Cornwell, W. K., Agafonov, V. A., Selivanov, I. A., & Cornelissen, J. H. (2012). A rediscovered treasure: mycorrhizal intensity database for 3000 vascular plant species across the former Soviet Union. Ecology, 93(3), 689-690.",,,botanical garden,,Acer negundo,AM; others not addressed,,,,,,,,,AM
"Akhmetzhanova, A. A., Soudzilovskaia, N. A., Onipchenko, V. G., Cornwell, W. K., Agafonov, V. A., Selivanov, I. A., & Cornelissen, J. H. (2012). A rediscovered treasure: mycorrhizal intensity database for 3000 vascular plant species across the former Soviet Union. Ecology, 93(3), 689-690.",,,botanical garden,,Acer negundo,AM; others not addressed,,,,,,,,,AM
"Akhmetzhanova, A. A., Soudzilovskaia, N. A., Onipchenko, V. G., Cornwell, W. K., Agafonov, V. A., Selivanov, I. A., & Cornelissen, J. H. (2012). A rediscovered treasure: mycorrhizal intensity database for 3000 vascular plant species across the former Soviet Union. Ecology, 93(3), 689-690.",,,botanical garden,,Acer negundo,AM; others not addressed,,,,,,,,,AM
"Akhmetzhanova, A. A., Soudzilovskaia, N. A., Onipchenko, V. G., Cornwell, W. K., Agafonov, V. A., Selivanov, I. A., & Cornelissen, J. H. (2012). A rediscovered treasure: mycorrhizal intensity database for 3000 vascular plant species across the former Soviet Union. Ecology, 93(3), 689-690.",,,natural,forest: subpolar coniferous forest biome,Acer negundo,AM; no others,,,,,,,,,AM
"Akhmetzhanova, A. A., Soudzilovskaia, N. A., Onipchenko, V. G., Cornwell, W. K., Agafonov, V. A., Selivanov, I. A., & Cornelissen, J. H. (2012). A rediscovered treasure: mycorrhizal intensity database for 3000 vascular plant species across the former Soviet Union. Ecology, 93(3), 689-690.",,,natural,forest: temperate broadleaf forest biome,Acer negundo,AM; no others,,,,,,,,,AM
"Akhmetzhanova, A. A., Soudzilovskaia, N. A., Onipchenko, V. G., Cornwell, W. K., Agafonov, V. A., Selivanov, I. A., & Cornelissen, J. H. (2012). A rediscovered treasure: mycorrhizal intensity database for 3000 vascular plant species across the former Soviet Union. Ecology, 93(3), 689-690.",,,natural,forest: temperate broadleaf forest biome,Acer platanoides,AM; others not addressed,,,,,,,,,AM
"Akhmetzhanova, A. A., Soudzilovskaia, N. A., Onipchenko, V. G., Cornwell, W. K., Agafonov, V. A., Selivanov, I. A., & Cornelissen, J. H. (2012). A rediscovered treasure: mycorrhizal intensity database for 3000 vascular plant species across the former Soviet Union. Ecology, 93(3), 689-690.",,,botanical garden,,Acer platanoides,AM; others not addressed,,,,,,,,,AM
"Akhmetzhanova, A. A., Soudzilovskaia, N. A., Onipchenko, V. G., Cornwell, W. K., Agafonov, V. A., Selivanov, I. A., & Cornelissen, J. H. (2012). A rediscovered treasure: mycorrhizal intensity database for 3000 vascular plant species across the former Soviet Union. Ecology, 93(3), 689-690.",,,botanical garden,,Acer platanoides,AM; others not addressed,,,,,,,,,AM
"Akhmetzhanova, A. A., Soudzilovskaia, N. A., Onipchenko, V. G., Cornwell, W. K., Agafonov, V. A., Selivanov, I. A., & Cornelissen, J. H. (2012). A rediscovered treasure: mycorrhizal intensity database for 3000 vascular plant species across the former Soviet Union. Ecology, 93(3), 689-690.",,,botanical garden,,Acer platanoides,AM; others not addressed,,,,,,,,,AM
"Akhmetzhanova, A. A., Soudzilovskaia, N. A., Onipchenko, V. G., Cornwell, W. K., Agafonov, V. A., Selivanov, I. A., & Cornelissen, J. H. (2012). A rediscovered treasure: mycorrhizal intensity database for 3000 vascular plant species across the former Soviet Union. Ecology, 93(3), 689-690.",,,natural,forest: temperate broadleaf forest biome,Acer platanoides,non-mycorrhizal (checked for all types),,Leho Tedersoo,"incorrect report (this genus is AM, most reports of this species are AM-only)",,,,,,AM
"Akhmetzhanova, A. A., Soudzilovskaia, N. A., Onipchenko, V. G., Cornwell, W. K., Agafonov, V. A., Selivanov, I. A., & Cornelissen, J. H. (2012). A rediscovered treasure: mycorrhizal intensity database for 3000 vascular plant species across the former Soviet Union. Ecology, 93(3), 689-690.",,,natural,forest: temperate broadleaf forest biome,Acer pseudoplatanus,AM; others not addressed,,,,,,,,,AM
"Akhmetzhanova, A. A., Soudzilovskaia, N. A., Onipchenko, V. G., Cornwell, W. K., Agafonov, V. A., Selivanov, I. A., & Cornelissen, J. H. (2012). A rediscovered treasure: mycorrhizal intensity database for 3000 vascular plant species across the former Soviet Union. Ecology, 93(3), 689-690.",,,natural,forest: temperate broadleaf forest biome,Acer pseudoplatanus,AM; others not addressed,,,,,,,,,AM
"Akhmetzhanova, A. A., Soudzilovskaia, N. A., Onipchenko, V. G., Cornwell, W. K., Agafonov, V. A., Selivanov, I. A., & Cornelissen, J. H. (2012). A rediscovered treasure: mycorrhizal intensity database for 3000 vascular plant species across the former Soviet Union. Ecology, 93(3), 689-690.",,,botanical garden,,Acer pseudoplatanus,AM; others not addressed,,,,,,,,,AM
"Akhmetzhanova, A. A., Soudzilovskaia, N. A., Onipchenko, V. G., Cornwell, W. K., Agafonov, V. A., Selivanov, I. A., & Cornelissen, J. H. (2012). A rediscovered treasure: mycorrhizal intensity database for 3000 vascular plant species across the former Soviet Union. Ecology, 93(3), 689-690.",,,natural,forest: temperate broadleaf forest biome,Acer pseudoplatanus,non-mycorrhizal (checked for all types),,Leho Tedersoo,"incorrect report (this genus is AM, most reports of this species are AM-only)",,,,,,AM
"Akhmetzhanova, A. A., Soudzilovskaia, N. A., Onipchenko, V. G., Cornwell, W. K., Agafonov, V. A., Selivanov, I. A., & Cornelissen, J. H. (2012). A rediscovered treasure: mycorrhizal intensity database for 3000 vascular plant species across the former Soviet Union. Ecology, 93(3), 689-690.",,,botanical garden,,Acer pseudoplatanus,non-mycorrhizal (checked for all types),,Leho Tedersoo,"incorrect report (this genus is AM, most reports of this species are AM-only)",,,,,,AM
"Akhmetzhanova, A. A., Soudzilovskaia, N. A., Onipchenko, V. G., Cornwell, W. K., Agafonov, V. A., Selivanov, I. A., & Cornelissen, J. H. (2012). A rediscovered treasure: mycorrhizal intensity database for 3000 vascular plant species across the former Soviet Union. Ecology, 93(3), 689-690.",,,botanical garden,,Acer rubrum,AM; others not addressed,,,,,,,,,AM
"Akhmetzhanova, A. A., Soudzilovskaia, N. A., Onipchenko, V. G., Cornwell, W. K., Agafonov, V. A., Selivanov, I. A., & Cornelissen, J. H. (2012). A rediscovered treasure: mycorrhizal intensity database for 3000 vascular plant species across the former Soviet Union. Ecology, 93(3), 689-690.",,,botanical garden,,Acer rubrum,AM; others not addressed,,,,,,,,,AM
"Akhmetzhanova, A. A., Soudzilovskaia, N. A., Onipchenko, V. G., Cornwell, W. K., Agafonov, V. A., Selivanov, I. A., & Cornelissen, J. H. (2012). A rediscovered treasure: mycorrhizal intensity database for 3000 vascular plant species across the former Soviet Union. Ecology, 93(3), 689-690.",,,botanical garden,,Acer saccharum,AM; others not addressed,,,,,,,,,AM
"Akhmetzhanova, A. A., Soudzilovskaia, N. A., Onipchenko, V. G., Cornwell, W. K., Agafonov, V. A., Selivanov, I. A., & Cornelissen, J. H. (2012). A rediscovered treasure: mycorrhizal intensity database for 3000 vascular plant species across the former Soviet Union. Ecology, 93(3), 689-690.",,,botanical garden,,Acer saccharum,AM; others not addressed,,,,,,,,,AM
"Akhmetzhanova, A. A., Soudzilovskaia, N. A., Onipchenko, V. G., Cornwell, W. K., Agafonov, V. A., Selivanov, I. A., & Cornelissen, J. H. (2012). A rediscovered treasure: mycorrhizal intensity database for 3000 vascular plant species across the former Soviet Union. Ecology, 93(3), 689-690.",,,botanical garden,,Aesculus hippocastanum,AM; others not addressed,,,,,,,,,AM
"Akhmetzhanova, A. A., Soudzilovskaia, N. A., Onipchenko, V. G., Cornwell, W. K., Agafonov, V. A., Selivanov, I. A., & Cornelissen, J. H. (2012). A rediscovered treasure: mycorrhizal intensity database for 3000 vascular plant species across the former Soviet Union. Ecology, 93(3), 689-690.",,,botanical garden,,Aesculus hippocastanum,AM; others not addressed,,,,,,,,,AM
"Akhmetzhanova, A. A., Soudzilovskaia, N. A., Onipchenko, V. G., Cornwell, W. K., Agafonov, V. A., Selivanov, I. A., & Cornelissen, J. H. (2012). A rediscovered treasure: mycorrhizal intensity database for 3000 vascular plant species across the former Soviet Union. Ecology, 93(3), 689-690.",,,botanical garden,,Aesculus hippocastanum,AM; others not addressed,,,,,,,,,AM
"Akhmetzhanova, A. A., Soudzilovskaia, N. A., Onipchenko, V. G., Cornwell, W. K., Agafonov, V. A., Selivanov, I. A., & Cornelissen, J. H. (2012). A rediscovered treasure: mycorrhizal intensity database for 3000 vascular plant species across the former Soviet Union. Ecology, 93(3), 689-690.",,,natural,forest: subpolar coniferous forest biome,Carpinus betulus,EcM; others not addressed,,,,,,Laura M. Suz,ok,,EcM
"Akhmetzhanova, A. A., Soudzilovskaia, N. A., Onipchenko, V. G., Cornwell, W. K., Agafonov, V. A., Selivanov, I. A., & Cornelissen, J. H. (2012). A rediscovered treasure: mycorrhizal intensity database for 3000 vascular plant species across the former Soviet Union. Ecology, 93(3), 689-690.",,,natural,forest: temperate broadleaf forest biome,Carpinus betulus,EcM; others not addressed,,,,,,Laura M. Suz,ok,,EcM
"Akhmetzhanova, A. A., Soudzilovskaia, N. A., Onipchenko, V. G., Cornwell, W. K., Agafonov, V. A., Selivanov, I. A., & Cornelissen, J. H. (2012). A rediscovered treasure: mycorrhizal intensity database for 3000 vascular plant species across the former Soviet Union. Ecology, 93(3), 689-690.",,,natural,forest: temperate broadleaf forest biome,Carpinus betulus,EcM; others not addressed,,,,,,Laura M. Suz,ok,,EcM
"Akhmetzhanova, A. A., Soudzilovskaia, N. A., Onipchenko, V. G., Cornwell, W. K., Agafonov, V. A., Selivanov, I. A., & Cornelissen, J. H. (2012). A rediscovered treasure: mycorrhizal intensity database for 3000 vascular plant species across the former Soviet Union. Ecology, 93(3), 689-690.",,,natural,forest: temperate broadleaf forest biome,Carpinus cordata,EcM; others not addressed,,,,,,Laura M. Suz,ok,,EcM
"Akhmetzhanova, A. A., Soudzilovskaia, N. A., Onipchenko, V. G., Cornwell, W. K., Agafonov, V. A., Selivanov, I. A., & Cornelissen, J. H. (2012). A rediscovered treasure: mycorrhizal intensity database for 3000 vascular plant species across the former Soviet Union. Ecology, 93(3), 689-690.",,,botanical garden,,Cornus florida,AM; others not addressed,,,,,,,,,AM
"Akhmetzhanova, A. A., Soudzilovskaia, N. A., Onipchenko, V. G., Cornwell, W. K., Agafonov, V. A., Selivanov, I. A., & Cornelissen, J. H. (2012). A rediscovered treasure: mycorrhizal intensity database for 3000 vascular plant species across the former Soviet Union. Ecology, 93(3), 689-690.",,,natural,forest: subpolar coniferous forest biome,Equisetum hyemale,non-mycorrhizal (checked for all types),,,,,,,,,NM-AM
"Akhmetzhanova, A. A., Soudzilovskaia, N. A., Onipchenko, V. G., Cornwell, W. K., Agafonov, V. A., Selivanov, I. A., & Cornelissen, J. H. (2012). A rediscovered treasure: mycorrhizal intensity database for 3000 vascular plant species across the former Soviet Union. Ecology, 93(3), 689-690.",,,natural,grassland: temperate grassland biome,Equisetum hyemale,non-mycorrhizal (checked for all types),,,,,,,,,NM-AM
"Akhmetzhanova, A. A., Soudzilovskaia, N. A., Onipchenko, V. G., Cornwell, W. K., Agafonov, V. A., Selivanov, I. A., & Cornelissen, J. H. (2012). A rediscovered treasure: mycorrhizal intensity database for 3000 vascular plant species across the former Soviet Union. Ecology, 93(3), 689-690.",,,botanical garden,,Equisetum hyemale,non-mycorrhizal (checked for all types),,,,,,,,,NM-AM
"Akhmetzhanova, A. A., Soudzilovskaia, N. A., Onipchenko, V. G., Cornwell, W. K., Agafonov, V. A., Selivanov, I. A., & Cornelissen, J. H. (2012). A rediscovered treasure: mycorrhizal intensity database for 3000 vascular plant species across the former Soviet Union. Ecology, 93(3), 689-690.",,,natural,forest: subpolar coniferous forest biome,Equisetum hyemale,AM; no others,,,,,,,,,NM-AM
"Akhmetzhanova, A. A., Soudzilovskaia, N. A., Onipchenko, V. G., Cornwell, W. K., Agafonov, V. A., Selivanov, I. A., & Cornelissen, J. H. (2012). A rediscovered treasure: mycorrhizal intensity database for 3000 vascular plant species across the former Soviet Union. Ecology, 93(3), 689-690.",,,natural,tundra biome,Equisetum pratense,non-mycorrhizal (checked for all types),,,,,,,,,NM-AM
"Akhmetzhanova, A. A., Soudzilovskaia, N. A., Onipchenko, V. G., Cornwell, W. K., Agafonov, V. A., Selivanov, I. A., & Cornelissen, J. H. (2012). A rediscovered treasure: mycorrhizal intensity database for 3000 vascular plant species across the former Soviet Union. Ecology, 93(3), 689-690.",,,natural,tundra biome,Equisetum pratense,non-mycorrhizal (checked for all types),,,,,,,,,NM-AM
"Akhmetzhanova, A. A., Soudzilovskaia, N. A., Onipchenko, V. G., Cornwell, W. K., Agafonov, V. A., Selivanov, I. A., & Cornelissen, J. H. (2012). A rediscovered treasure: mycorrhizal intensity database for 3000 vascular plant species across the former Soviet Union. Ecology, 93(3), 689-690.",,,natural,tundra biome,Equisetum pratense,non-mycorrhizal (checked for all types),,,,,,,,,NM-AM
"Akhmetzhanova, A. A., Soudzilovskaia, N. A., Onipchenko, V. G., Cornwell, W. K., Agafonov, V. A., Selivanov, I. A., & Cornelissen, J. H. (2012). A rediscovered treasure: mycorrhizal intensity database for 3000 vascular plant species across the former Soviet Union. Ecology, 93(3), 689-690.",,,natural,forest: subpolar coniferous forest biome,Equisetum pratense,non-mycorrhizal (checked for all types),,,,,,,,,NM-AM
"Akhmetzhanova, A. A., Soudzilovskaia, N. A., Onipchenko, V. G., Cornwell, W. K., Agafonov, V. A., Selivanov, I. A., & Cornelissen, J. H. (2012). A rediscovered treasure: mycorrhizal intensity database for 3000 vascular plant species across the former Soviet Union. Ecology, 93(3), 689-690.",,,natural,forest: temperate broadleaf forest biome,Equisetum pratense,non-mycorrhizal (checked for all types),,,,,,,,,NM-AM
"Akhmetzhanova, A. A., Soudzilovskaia, N. A., Onipchenko, V. G., Cornwell, W. K., Agafonov, V. A., Selivanov, I. A., & Cornelissen, J. H. (2012). A rediscovered treasure: mycorrhizal intensity database for 3000 vascular plant species across the former Soviet Union. Ecology, 93(3), 689-690.",,,natural,forest: temperate broadleaf forest biome,Equisetum pratense,non-mycorrhizal (checked for all types),,,,,,,,,NM-AM
"Akhmetzhanova, A. A., Soudzilovskaia, N. A., Onipchenko, V. G., Cornwell, W. K., Agafonov, V. A., Selivanov, I. A., & Cornelissen, J. H. (2012). A rediscovered treasure: mycorrhizal intensity database for 3000 vascular plant species across the former Soviet Union. Ecology, 93(3), 689-690.",,,natural,forest: subpolar coniferous forest biome,Equisetum pratense,non-mycorrhizal (checked for all types),,,,,,,,,NM-AM
"Akhmetzhanova, A. A., Soudzilovskaia, N. A., Onipchenko, V. G., Cornwell, W. K., Agafonov, V. A., Selivanov, I. A., & Cornelissen, J. H. (2012). A rediscovered treasure: mycorrhizal intensity database for 3000 vascular plant species across the former Soviet Union. Ecology, 93(3), 689-690.",,,natural,forest: subpolar coniferous forest biome,Equisetum pratense,non-mycorrhizal (checked for all types),,,,,,,,,NM-AM
"Akhmetzhanova, A. A., Soudzilovskaia, N. A., Onipchenko, V. G., Cornwell, W. K., Agafonov, V. A., Selivanov, I. A., & Cornelissen, J. H. (2012). A rediscovered treasure: mycorrhizal intensity database for 3000 vascular plant species across the former Soviet Union. Ecology, 93(3), 689-690.",,,natural,forest: subpolar coniferous forest biome,Equisetum pratense,non-mycorrhizal (checked for all types),,,,,,,,,NM-AM
"Akhmetzhanova, A. A., Soudzilovskaia, N. A., Onipchenko, V. G., Cornwell, W. K., Agafonov, V. A., Selivanov, I. A., & Cornelissen, J. H. (2012). A rediscovered treasure: mycorrhizal intensity database for 3000 vascular plant species across the former Soviet Union. Ecology, 93(3), 689-690.",,,natural,forest: subpolar coniferous forest biome,Equisetum pratense,non-mycorrhizal (checked for all types),,,,,,,,,NM-AM
"Akhmetzhanova, A. A., Soudzilovskaia, N. A., Onipchenko, V. G., Cornwell, W. K., Agafonov, V. A., Selivanov, I. A., & Cornelissen, J. H. (2012). A rediscovered treasure: mycorrhizal intensity database for 3000 vascular plant species across the former Soviet Union. Ecology, 93(3), 689-690.",,,natural,forest: temperate coniferous forest biome,Equisetum pratense,non-mycorrhizal (checked for all types),,,,,,,,,NM-AM
"Akhmetzhanova, A. A., Soudzilovskaia, N. A., Onipchenko, V. G., Cornwell, W. K., Agafonov, V. A., Selivanov, I. A., & Cornelissen, J. H. (2012). A rediscovered treasure: mycorrhizal intensity database for 3000 vascular plant species across the former Soviet Union. Ecology, 93(3), 689-690.",,,,,Fraxinus americana,AM; others not addressed,,,,,,,,,AM
"Akhmetzhanova, A. A., Soudzilovskaia, N. A., Onipchenko, V. G., Cornwell, W. K., Agafonov, V. A., Selivanov, I. A., & Cornelissen, J. H. (2012). A rediscovered treasure: mycorrhizal intensity database for 3000 vascular plant species across the former Soviet Union. Ecology, 93(3), 689-690.",,,,,Fraxinus americana,AM; others not addressed,,,,,,,,,AM
"Akhmetzhanova, A. A., Soudzilovskaia, N. A., Onipchenko, V. G., Cornwell, W. K., Agafonov, V. A., Selivanov, I. A., & Cornelissen, J. H. (2012). A rediscovered treasure: mycorrhizal intensity database for 3000 vascular plant species across the former Soviet Union. Ecology, 93(3), 689-690.",,,botanical garden,,Fraxinus americana,AM; others not addressed,,,,,,,,,AM
"Akhmetzhanova, A. A., Soudzilovskaia, N. A., Onipchenko, V. G., Cornwell, W. K., Agafonov, V. A., Selivanov, I. A., & Cornelissen, J. H. (2012). A rediscovered treasure: mycorrhizal intensity database for 3000 vascular plant species across the former Soviet Union. Ecology, 93(3), 689-690.",,,natural,forest: temperate broadleaf forest biome,Fraxinus excelsior,AM; others not addressed,,,,,,,,,AM
"Akhmetzhanova, A. A., Soudzilovskaia, N. A., Onipchenko, V. G., Cornwell, W. K., Agafonov, V. A., Selivanov, I. A., & Cornelissen, J. H. (2012). A rediscovered treasure: mycorrhizal intensity database for 3000 vascular plant species across the former Soviet Union. Ecology, 93(3), 689-690.",,,natural,forest: temperate broadleaf forest biome,Fraxinus excelsior,AM; others not addressed,,,,,,,,,AM
"Akhmetzhanova, A. A., Soudzilovskaia, N. A., Onipchenko, V. G., Cornwell, W. K., Agafonov, V. A., Selivanov, I. A., & Cornelissen, J. H. (2012). A rediscovered treasure: mycorrhizal intensity database for 3000 vascular plant species across the former Soviet Union. Ecology, 93(3), 689-690.",,,botanical garden,,Fraxinus excelsior,AM; others not addressed,,,,,,,,,AM
"Akhmetzhanova, A. A., Soudzilovskaia, N. A., Onipchenko, V. G., Cornwell, W. K., Agafonov, V. A., Selivanov, I. A., & Cornelissen, J. H. (2012). A rediscovered treasure: mycorrhizal intensity database for 3000 vascular plant species across the former Soviet Union. Ecology, 93(3), 689-690.",,,botanical garden,,Fraxinus excelsior,AM; others not addressed,,,,,,,,,AM
"Akhmetzhanova, A. A., Soudzilovskaia, N. A., Onipchenko, V. G., Cornwell, W. K., Agafonov, V. A., Selivanov, I. A., & Cornelissen, J. H. (2012). A rediscovered treasure: mycorrhizal intensity database for 3000 vascular plant species across the former Soviet Union. Ecology, 93(3), 689-690.",,,botanical garden,,Fraxinus excelsior,AM; others not addressed,,,,,,,,,AM
"Akhmetzhanova, A. A., Soudzilovskaia, N. A., Onipchenko, V. G., Cornwell, W. K., Agafonov, V. A., Selivanov, I. A., & Cornelissen, J. H. (2012). A rediscovered treasure: mycorrhizal intensity database for 3000 vascular plant species across the former Soviet Union. Ecology, 93(3), 689-690.",,,natural,forest: temperate broadleaf forest biome,Fraxinus excelsior,AM; no others,,,,,,,,,AM
"Akhmetzhanova, A. A., Soudzilovskaia, N. A., Onipchenko, V. G., Cornwell, W. K., Agafonov, V. A., Selivanov, I. A., & Cornelissen, J. H. (2012). A rediscovered treasure: mycorrhizal intensity database for 3000 vascular plant species across the former Soviet Union. Ecology, 93(3), 689-690.",,,natural,forest: temperate broadleaf forest biome,Fraxinus mandshurica,non-mycorrhizal (checked for all types),,Leho Tedersoo,probably incorrect (this genus is AM),,,,,,AM
"Akhmetzhanova, A. A., Soudzilovskaia, N. A., Onipchenko, V. G., Cornwell, W. K., Agafonov, V. A., Selivanov, I. A., & Cornelissen, J. H. (2012). A rediscovered treasure: mycorrhizal intensity database for 3000 vascular plant species across the former Soviet Union. Ecology, 93(3), 689-690.",,,,,Fraxinus americana,AM; others not addressed,,,,,,,,,AM
"Akhmetzhanova, A. A., Soudzilovskaia, N. A., Onipchenko, V. G., Cornwell, W. K., Agafonov, V. A., Selivanov, I. A., & Cornelissen, J. H. (2012). A rediscovered treasure: mycorrhizal intensity database for 3000 vascular plant species across the former Soviet Union. Ecology, 93(3), 689-690.",,,,,Fraxinus americana,AM; others not addressed,,,,,,,,,AM
"Akhmetzhanova, A. A., Soudzilovskaia, N. A., Onipchenko, V. G., Cornwell, W. K., Agafonov, V. A., Selivanov, I. A., & Cornelissen, J. H. (2012). A rediscovered treasure: mycorrhizal intensity database for 3000 vascular plant species across the former Soviet Union. Ecology, 93(3), 689-690.",,,botanical garden,,Fraxinus americana,AM; no others,,,,,,,,,AM
"Akhmetzhanova, A. A., Soudzilovskaia, N. A., Onipchenko, V. G., Cornwell, W. K., Agafonov, V. A., Selivanov, I. A., & Cornelissen, J. H. (2012). A rediscovered treasure: mycorrhizal intensity database for 3000 vascular plant species across the former Soviet Union. Ecology, 93(3), 689-690.",,,botanical garden,,Ginkgo biloba,AM; others not addressed,,,,,,,,,AM
"Akhmetzhanova, A. A., Soudzilovskaia, N. A., Onipchenko, V. G., Cornwell, W. K., Agafonov, V. A., Selivanov, I. A., & Cornelissen, J. H. (2012). A rediscovered treasure: mycorrhizal intensity database for 3000 vascular plant species across the former Soviet Union. Ecology, 93(3), 689-690.",,,botanical garden,,Ginkgo biloba,AM; others not addressed,,,,,,,,,AM
"Akhmetzhanova, A. A., Soudzilovskaia, N. A., Onipchenko, V. G., Cornwell, W. K., Agafonov, V. A., Selivanov, I. A., & Cornelissen, J. H. (2012). A rediscovered treasure: mycorrhizal intensity database for 3000 vascular plant species across the former Soviet Union. Ecology, 93(3), 689-690.",,,botanical garden,,Ginkgo biloba,AM; others not addressed,,,,,,,,,AM
"Akhmetzhanova, A. A., Soudzilovskaia, N. A., Onipchenko, V. G., Cornwell, W. K., Agafonov, V. A., Selivanov, I. A., & Cornelissen, J. H. (2012). A rediscovered treasure: mycorrhizal intensity database for 3000 vascular plant species across the former Soviet Union. Ecology, 93(3), 689-690.",,,natural,forest: temperate broadleaf forest biome,Gleditsia triacanthos,AM; others not addressed,,,,,,,,,AM
"Akhmetzhanova, A. A., Soudzilovskaia, N. A., Onipchenko, V. G., Cornwell, W. K., Agafonov, V. A., Selivanov, I. A., & Cornelissen, J. H. (2012). A rediscovered treasure: mycorrhizal intensity database for 3000 vascular plant species across the former Soviet Union. Ecology, 93(3), 689-690.",,,natural,forest: temperate broadleaf forest biome,Gleditsia triacanthos,AM; others not addressed,,,,,,,,,AM
"Akhmetzhanova, A. A., Soudzilovskaia, N. A., Onipchenko, V. G., Cornwell, W. K., Agafonov, V. A., Selivanov, I. A., & Cornelissen, J. H. (2012). A rediscovered treasure: mycorrhizal intensity database for 3000 vascular plant species across the former Soviet Union. Ecology, 93(3), 689-690.",,,,,Gleditsia triacanthos,AM; no others,,,,,,,,,AM
"Akhmetzhanova, A. A., Soudzilovskaia, N. A., Onipchenko, V. G., Cornwell, W. K., Agafonov, V. A., Selivanov, I. A., & Cornelissen, J. H. (2012). A rediscovered treasure: mycorrhizal intensity database for 3000 vascular plant species across the former Soviet Union. Ecology, 93(3), 689-690.",,,botanical garden,,Hamamelis virginiana,AM; others not addressed,,,,,,,,,AM
"Akhmetzhanova, A. A., Soudzilovskaia, N. A., Onipchenko, V. G., Cornwell, W. K., Agafonov, V. A., Selivanov, I. A., & Cornelissen, J. H. (2012). A rediscovered treasure: mycorrhizal intensity database for 3000 vascular plant species across the former Soviet Union. Ecology, 93(3), 689-690.",,,botanical garden,,Ilex opaca,AM; others not addressed,,,,,,,,,AM
"Akhmetzhanova, A. A., Soudzilovskaia, N. A., Onipchenko, V. G., Cornwell, W. K., Agafonov, V. A., Selivanov, I. A., & Cornelissen, J. H. (2012). A rediscovered treasure: mycorrhizal intensity database for 3000 vascular plant species across the former Soviet Union. Ecology, 93(3), 689-690.",,,botanical garden,,Juglans mandshurica,AM; others not addressed,,,,,,,,,AM
"Akhmetzhanova, A. A., Soudzilovskaia, N. A., Onipchenko, V. G., Cornwell, W. K., Agafonov, V. A., Selivanov, I. A., & Cornelissen, J. H. (2012). A rediscovered treasure: mycorrhizal intensity database for 3000 vascular plant species across the former Soviet Union. Ecology, 93(3), 689-690.",,,botanical garden,,Juglans mandshurica,AM; others not addressed,,,,,,,,,AM
"Akhmetzhanova, A. A., Soudzilovskaia, N. A., Onipchenko, V. G., Cornwell, W. K., Agafonov, V. A., Selivanov, I. A., & Cornelissen, J. H. (2012). A rediscovered treasure: mycorrhizal intensity database for 3000 vascular plant species across the former Soviet Union. Ecology, 93(3), 689-690.",,,botanical garden,,Juglans mandshurica,non-mycorrhizal (checked for all types),,Leho Tedersoo,"probably incorrect (this genus is AM, most reports of this species are AM)",,,,,,AM
"Akhmetzhanova, A. A., Soudzilovskaia, N. A., Onipchenko, V. G., Cornwell, W. K., Agafonov, V. A., Selivanov, I. A., & Cornelissen, J. H. (2012). A rediscovered treasure: mycorrhizal intensity database for 3000 vascular plant species across the former Soviet Union. Ecology, 93(3), 689-690.",,,natural,forest: temperate broadleaf forest biome,Juglans mandshurica,AM; no others,,,,,,,,,AM
"Akhmetzhanova, A. A., Soudzilovskaia, N. A., Onipchenko, V. G., Cornwell, W. K., Agafonov, V. A., Selivanov, I. A., & Cornelissen, J. H. (2012). A rediscovered treasure: mycorrhizal intensity database for 3000 vascular plant species across the former Soviet Union. Ecology, 93(3), 689-690.",,,natural,forest: temperate broadleaf forest biome,Juglans mandshurica,AM; no others,,,,,,,,,AM
"Akhmetzhanova, A. A., Soudzilovskaia, N. A., Onipchenko, V. G., Cornwell, W. K., Agafonov, V. A., Selivanov, I. A., & Cornelissen, J. H. (2012). A rediscovered treasure: mycorrhizal intensity database for 3000 vascular plant species across the former Soviet Union. Ecology, 93(3), 689-690.",,,natural,forest: temperate broadleaf forest biome,Juglans nigra,AM; no others,,,,,,,,,AM
"Akhmetzhanova, A. A., Soudzilovskaia, N. A., Onipchenko, V. G., Cornwell, W. K., Agafonov, V. A., Selivanov, I. A., & Cornelissen, J. H. (2012). A rediscovered treasure: mycorrhizal intensity database for 3000 vascular plant species across the former Soviet Union. Ecology, 93(3), 689-690.",,,natural,tundra biome,Larix gmelinii,EcM; others not addressed,,,,,,Laura M. Suz,ok,,EcM
"Akhmetzhanova, A. A., Soudzilovskaia, N. A., Onipchenko, V. G., Cornwell, W. K., Agafonov, V. A., Selivanov, I. A., & Cornelissen, J. H. (2012). A rediscovered treasure: mycorrhizal intensity database for 3000 vascular plant species across the former Soviet Union. Ecology, 93(3), 689-690.",,,natural,forest: temperate broadleaf forest biome,Larix gmelinii,EcM; others not addressed,,,,,,Laura M. Suz,ok,,EcM
"Akhmetzhanova, A. A., Soudzilovskaia, N. A., Onipchenko, V. G., Cornwell, W. K., Agafonov, V. A., Selivanov, I. A., & Cornelissen, J. H. (2012). A rediscovered treasure: mycorrhizal intensity database for 3000 vascular plant species across the former Soviet Union. Ecology, 93(3), 689-690.",,,botanical garden,,Larix gmelinii,EcM; others not addressed,,,,,,Laura M. Suz,ok,,EcM
"Akhmetzhanova, A. A., Soudzilovskaia, N. A., Onipchenko, V. G., Cornwell, W. K., Agafonov, V. A., Selivanov, I. A., & Cornelissen, J. H. (2012). A rediscovered treasure: mycorrhizal intensity database for 3000 vascular plant species across the former Soviet Union. Ecology, 93(3), 689-690.",,,botanical garden,,Larix gmelinii,EcM; others not addressed,,,,,,Laura M. Suz,ok,,EcM
"Akhmetzhanova, A. A., Soudzilovskaia, N. A., Onipchenko, V. G., Cornwell, W. K., Agafonov, V. A., Selivanov, I. A., & Cornelissen, J. H. (2012). A rediscovered treasure: mycorrhizal intensity database for 3000 vascular plant species across the former Soviet Union. Ecology, 93(3), 689-690.",,,botanical garden,,Larix gmelinii,EcM; others not addressed,,,,,,Laura M. Suz,ok,,EcM
"Akhmetzhanova, A. A., Soudzilovskaia, N. A., Onipchenko, V. G., Cornwell, W. K., Agafonov, V. A., Selivanov, I. A., & Cornelissen, J. H. (2012). A rediscovered treasure: mycorrhizal intensity database for 3000 vascular plant species across the former Soviet Union. Ecology, 93(3), 689-690.",,,botanical garden,,Larix gmelinii,EcM; others not addressed,,,,,,Laura M. Suz,ok,,EcM
"Akhmetzhanova, A. A., Soudzilovskaia, N. A., Onipchenko, V. G., Cornwell, W. K., Agafonov, V. A., Selivanov, I. A., & Cornelissen, J. H. (2012). A rediscovered treasure: mycorrhizal intensity database for 3000 vascular plant species across the former Soviet Union. Ecology, 93(3), 689-690.",,,botanical garden,,Liquidambar styraciflua,AM; others not addressed,,,,,,,,,AM
"Akhmetzhanova, A. A., Soudzilovskaia, N. A., Onipchenko, V. G., Cornwell, W. K., Agafonov, V. A., Selivanov, I. A., & Cornelissen, J. H. (2012). A rediscovered treasure: mycorrhizal intensity database for 3000 vascular plant species across the former Soviet Union. Ecology, 93(3), 689-690.",,,botanical garden,,Liriodendron chinense,AM; others not addressed,,,,,,,,,AM
"Akhmetzhanova, A. A., Soudzilovskaia, N. A., Onipchenko, V. G., Cornwell, W. K., Agafonov, V. A., Selivanov, I. A., & Cornelissen, J. H. (2012). A rediscovered treasure: mycorrhizal intensity database for 3000 vascular plant species across the former Soviet Union. Ecology, 93(3), 689-690.",,,botanical garden,,Liriodendron tulipifera,AM; others not addressed,,,,,,,,,AM
"Akhmetzhanova, A. A., Soudzilovskaia, N. A., Onipchenko, V. G., Cornwell, W. K., Agafonov, V. A., Selivanov, I. A., & Cornelissen, J. H. (2012). A rediscovered treasure: mycorrhizal intensity database for 3000 vascular plant species across the former Soviet Union. Ecology, 93(3), 689-690.",,,botanical garden,,Liriodendron tulipifera,AM; others not addressed,,,,,,,,,AM
"Akhmetzhanova, A. A., Soudzilovskaia, N. A., Onipchenko, V. G., Cornwell, W. K., Agafonov, V. A., Selivanov, I. A., & Cornelissen, J. H. (2012). A rediscovered treasure: mycorrhizal intensity database for 3000 vascular plant species across the former Soviet Union. Ecology, 93(3), 689-690.",,,botanical garden,,Magnolia grandiflora,AM; others not addressed,,,,,,,,,AM
"Akhmetzhanova, A. A., Soudzilovskaia, N. A., Onipchenko, V. G., Cornwell, W. K., Agafonov, V. A., Selivanov, I. A., & Cornelissen, J. H. (2012). A rediscovered treasure: mycorrhizal intensity database for 3000 vascular plant species across the former Soviet Union. Ecology, 93(3), 689-690.",,,botanical garden,,Magnolia kobus,AM; others not addressed,,,,,,,,,AM
"Akhmetzhanova, A. A., Soudzilovskaia, N. A., Onipchenko, V. G., Cornwell, W. K., Agafonov, V. A., Selivanov, I. A., & Cornelissen, J. H. (2012). A rediscovered treasure: mycorrhizal intensity database for 3000 vascular plant species across the former Soviet Union. Ecology, 93(3), 689-690.",,,botanical garden,,Magnolia tripetala,AM; others not addressed,,,,,,,,,AM
"Akhmetzhanova, A. A., Soudzilovskaia, N. A., Onipchenko, V. G., Cornwell, W. K., Agafonov, V. A., Selivanov, I. A., & Cornelissen, J. H. (2012). A rediscovered treasure: mycorrhizal intensity database for 3000 vascular plant species across the former Soviet Union. Ecology, 93(3), 689-690.",,,botanical garden,,Magnolia virginiana,AM; others not addressed,,,,,,,,,AM
"Akhmetzhanova, A. A., Soudzilovskaia, N. A., Onipchenko, V. G., Cornwell, W. K., Agafonov, V. A., Selivanov, I. A., & Cornelissen, J. H. (2012). A rediscovered treasure: mycorrhizal intensity database for 3000 vascular plant species across the former Soviet Union. Ecology, 93(3), 689-690.",,,botanical garden,,Malus baccata,AM; others not addressed,,,,,,,,,AM
"Akhmetzhanova, A. A., Soudzilovskaia, N. A., Onipchenko, V. G., Cornwell, W. K., Agafonov, V. A., Selivanov, I. A., & Cornelissen, J. H. (2012). A rediscovered treasure: mycorrhizal intensity database for 3000 vascular plant species across the former Soviet Union. Ecology, 93(3), 689-690.",,,natural,forest: temperate broadleaf forest biome,Malus baccata,non-mycorrhizal (checked for all types),,Leho Tedersoo,"probably incorrect (this genus is AM, most reports of this species are AM)",,,,,,AM
"Akhmetzhanova, A. A., Soudzilovskaia, N. A., Onipchenko, V. G., Cornwell, W. K., Agafonov, V. A., Selivanov, I. A., & Cornelissen, J. H. (2012). A rediscovered treasure: mycorrhizal intensity database for 3000 vascular plant species across the former Soviet Union. Ecology, 93(3), 689-690.",,,natural,forest: subpolar coniferous forest biome,Matteuccia struthiopteris,AM; others not addressed,,,,,,,,,AM
"Akhmetzhanova, A. A., Soudzilovskaia, N. A., Onipchenko, V. G., Cornwell, W. K., Agafonov, V. A., Selivanov, I. A., & Cornelissen, J. H. (2012). A rediscovered treasure: mycorrhizal intensity database for 3000 vascular plant species across the former Soviet Union. Ecology, 93(3), 689-690.",,,botanical garden,,Phellodendron amurense,AM; others not addressed,,,,,,,,,AM
"Akhmetzhanova, A. A., Soudzilovskaia, N. A., Onipchenko, V. G., Cornwell, W. K., Agafonov, V. A., Selivanov, I. A., & Cornelissen, J. H. (2012). A rediscovered treasure: mycorrhizal intensity database for 3000 vascular plant species across the former Soviet Union. Ecology, 93(3), 689-690.",,,botanical garden,,Phellodendron amurense,AM; others not addressed,,,,,,,,,AM
"Akhmetzhanova, A. A., Soudzilovskaia, N. A., Onipchenko, V. G., Cornwell, W. K., Agafonov, V. A., Selivanov, I. A., & Cornelissen, J. H. (2012). A rediscovered treasure: mycorrhizal intensity database for 3000 vascular plant species across the former Soviet Union. Ecology, 93(3), 689-690.",,,botanical garden,,Phellodendron amurense,AM; others not addressed,,,,,,,,,AM
"Akhmetzhanova, A. A., Soudzilovskaia, N. A., Onipchenko, V. G., Cornwell, W. K., Agafonov, V. A., Selivanov, I. A., & Cornelissen, J. H. (2012). A rediscovered treasure: mycorrhizal intensity database for 3000 vascular plant species across the former Soviet Union. Ecology, 93(3), 689-690.",,,,,Phellodendron amurense,non-mycorrhizal (checked for all types),,Leho Tedersoo,"probably incorrect (this genus is AM, most reports of this species are AM)",,,,,,AM
"Akhmetzhanova, A. A., Soudzilovskaia, N. A., Onipchenko, V. G., Cornwell, W. K., Agafonov, V. A., Selivanov, I. A., & Cornelissen, J. H. (2012). A rediscovered treasure: mycorrhizal intensity database for 3000 vascular plant species across the former Soviet Union. Ecology, 93(3), 689-690.",,,natural,forest: temperate broadleaf forest biome,Phellodendron amurense,AM; no others,,,,,,,,,AM
"Akhmetzhanova, A. A., Soudzilovskaia, N. A., Onipchenko, V. G., Cornwell, W. K., Agafonov, V. A., Selivanov, I. A., & Cornelissen, J. H. (2012). A rediscovered treasure: mycorrhizal intensity database for 3000 vascular plant species across the former Soviet Union. Ecology, 93(3), 689-690.",,,botanical garden,,Picea wilsonii,EcM; others not addressed,,,,,,Laura M. Suz,ok,,EcM
"Akhmetzhanova, A. A., Soudzilovskaia, N. A., Onipchenko, V. G., Cornwell, W. K., Agafonov, V. A., Selivanov, I. A., & Cornelissen, J. H. (2012). A rediscovered treasure: mycorrhizal intensity database for 3000 vascular plant species across the former Soviet Union. Ecology, 93(3), 689-690.",,,botanical garden,,Pinus armandii,EcM; others not addressed,,,,,,Laura M. Suz,ok,,EcM
"Akhmetzhanova, A. A., Soudzilovskaia, N. A., Onipchenko, V. G., Cornwell, W. K., Agafonov, V. A., Selivanov, I. A., & Cornelissen, J. H. (2012). A rediscovered treasure: mycorrhizal intensity database for 3000 vascular plant species across the former Soviet Union. Ecology, 93(3), 689-690.",,,natural,forest: temperate broadleaf forest biome,Pinus strobus,EcM; others not addressed,,,,,,Laura M. Suz,ok,,EcM
"Akhmetzhanova, A. A., Soudzilovskaia, N. A., Onipchenko, V. G., Cornwell, W. K., Agafonov, V. A., Selivanov, I. A., & Cornelissen, J. H. (2012). A rediscovered treasure: mycorrhizal intensity database for 3000 vascular plant species across the former Soviet Union. Ecology, 93(3), 689-690.",,,botanical garden,,Pinus strobus,EcM; others not addressed,,,,,,Laura M. Suz,ok,,EcM
"Akhmetzhanova, A. A., Soudzilovskaia, N. A., Onipchenko, V. G., Cornwell, W. K., Agafonov, V. A., Selivanov, I. A., & Cornelissen, J. H. (2012). A rediscovered treasure: mycorrhizal intensity database for 3000 vascular plant species across the former Soviet Union. Ecology, 93(3), 689-690.",,,botanical garden,,Pinus strobus,EcM; others not addressed,,,,,,Laura M. Suz,ok,,EcM
"Akhmetzhanova, A. A., Soudzilovskaia, N. A., Onipchenko, V. G., Cornwell, W. K., Agafonov, V. A., Selivanov, I. A., & Cornelissen, J. H. (2012). A rediscovered treasure: mycorrhizal intensity database for 3000 vascular plant species across the former Soviet Union. Ecology, 93(3), 689-690.",,,botanical garden,,Pinus strobus,EcM; others not addressed,,,,,,Laura M. Suz,ok,,EcM
"Akhmetzhanova, A. A., Soudzilovskaia, N. A., Onipchenko, V. G., Cornwell, W. K., Agafonov, V. A., Selivanov, I. A., & Cornelissen, J. H. (2012). A rediscovered treasure: mycorrhizal intensity database for 3000 vascular plant species across the former Soviet Union. Ecology, 93(3), 689-690.",,,botanical garden,,Pinus strobus,EcM; others not addressed,,,,,,Laura M. Suz,ok,,EcM
"Akhmetzhanova, A. A., Soudzilovskaia, N. A., Onipchenko, V. G., Cornwell, W. K., Agafonov, V. A., Selivanov, I. A., & Cornelissen, J. H. (2012). A rediscovered treasure: mycorrhizal intensity database for 3000 vascular plant species across the former Soviet Union. Ecology, 93(3), 689-690.",,,botanical garden,,Pinus virginiana,EcM; others not addressed,,,,,,Laura M. Suz,ok,,EcM
"Akhmetzhanova, A. A., Soudzilovskaia, N. A., Onipchenko, V. G., Cornwell, W. K., Agafonov, V. A., Selivanov, I. A., & Cornelissen, J. H. (2012). A rediscovered treasure: mycorrhizal intensity database for 3000 vascular plant species across the former Soviet Union. Ecology, 93(3), 689-690.",,,botanical garden,,Populus deltoides,AM; others not addressed,,Leho Tedersoo,misleading report from EcM perspective (this genus is EcM-AM),,,,,,EcM-AM
"Akhmetzhanova, A. A., Soudzilovskaia, N. A., Onipchenko, V. G., Cornwell, W. K., Agafonov, V. A., Selivanov, I. A., & Cornelissen, J. H. (2012). A rediscovered treasure: mycorrhizal intensity database for 3000 vascular plant species across the former Soviet Union. Ecology, 93(3), 689-690.",,,natural,forest: temperate broadleaf forest biome,Populus deltoides,EcM; others not addressed,,,,,,Laura M. Suz,ok,,EcM-AM
"Akhmetzhanova, A. A., Soudzilovskaia, N. A., Onipchenko, V. G., Cornwell, W. K., Agafonov, V. A., Selivanov, I. A., & Cornelissen, J. H. (2012). A rediscovered treasure: mycorrhizal intensity database for 3000 vascular plant species across the former Soviet Union. Ecology, 93(3), 689-690.",,,natural,forest: subpolar coniferous forest biome,Populus tremula,EcM; others not addressed,,,,,,Laura M. Suz,ok,,EcM-AM
"Akhmetzhanova, A. A., Soudzilovskaia, N. A., Onipchenko, V. G., Cornwell, W. K., Agafonov, V. A., Selivanov, I. A., & Cornelissen, J. H. (2012). A rediscovered treasure: mycorrhizal intensity database for 3000 vascular plant species across the former Soviet Union. Ecology, 93(3), 689-690.",,,natural,forest: subpolar coniferous forest biome,Populus tremula,EcM; others not addressed,,,,,,Laura M. Suz,ok,,EcM-AM
"Akhmetzhanova, A. A., Soudzilovskaia, N. A., Onipchenko, V. G., Cornwell, W. K., Agafonov, V. A., Selivanov, I. A., & Cornelissen, J. H. (2012). A rediscovered treasure: mycorrhizal intensity database for 3000 vascular plant species across the former Soviet Union. Ecology, 93(3), 689-690.",,,natural,forest: subpolar coniferous forest biome,Populus tremula,EcM; others not addressed,,,,,,Laura M. Suz,ok,,EcM-AM
"Akhmetzhanova, A. A., Soudzilovskaia, N. A., Onipchenko, V. G., Cornwell, W. K., Agafonov, V. A., Selivanov, I. A., & Cornelissen, J. H. (2012). A rediscovered treasure: mycorrhizal intensity database for 3000 vascular plant species across the former Soviet Union. Ecology, 93(3), 689-690.",,,natural,forest: subpolar coniferous forest biome,Populus tremula,EcM; others not addressed,,,,,,Laura M. Suz,ok,,EcM-AM
"Akhmetzhanova, A. A., Soudzilovskaia, N. A., Onipchenko, V. G., Cornwell, W. K., Agafonov, V. A., Selivanov, I. A., & Cornelissen, J. H. (2012). A rediscovered treasure: mycorrhizal intensity database for 3000 vascular plant species across the former Soviet Union. Ecology, 93(3), 689-690.",,,natural,forest: subpolar coniferous forest biome,Populus tremula,EcM; others not addressed,,,,,,Laura M. Suz,ok,,EcM-AM
"Akhmetzhanova, A. A., Soudzilovskaia, N. A., Onipchenko, V. G., Cornwell, W. K., Agafonov, V. A., Selivanov, I. A., & Cornelissen, J. H. (2012). A rediscovered treasure: mycorrhizal intensity database for 3000 vascular plant species across the former Soviet Union. Ecology, 93(3), 689-690.",,,natural,forest: subpolar coniferous forest biome,Populus tremula,EcM; others not addressed,,,,,,Laura M. Suz,ok,,EcM-AM
"Akhmetzhanova, A. A., Soudzilovskaia, N. A., Onipchenko, V. G., Cornwell, W. K., Agafonov, V. A., Selivanov, I. A., & Cornelissen, J. H. (2012). A rediscovered treasure: mycorrhizal intensity database for 3000 vascular plant species across the former Soviet Union. Ecology, 93(3), 689-690.",,,natural,forest: subpolar coniferous forest biome,Populus tremula,EcM; others not addressed,,,,,,Laura M. Suz,ok,,EcM-AM
"Akhmetzhanova, A. A., Soudzilovskaia, N. A., Onipchenko, V. G., Cornwell, W. K., Agafonov, V. A., Selivanov, I. A., & Cornelissen, J. H. (2012). A rediscovered treasure: mycorrhizal intensity database for 3000 vascular plant species across the former Soviet Union. Ecology, 93(3), 689-690.",,,natural,forest: subpolar coniferous forest biome,Populus tremula,EcM; others not addressed,,,,,,Laura M. Suz,ok,,EcM-AM
"Akhmetzhanova, A. A., Soudzilovskaia, N. A., Onipchenko, V. G., Cornwell, W. K., Agafonov, V. A., Selivanov, I. A., & Cornelissen, J. H. (2012). A rediscovered treasure: mycorrhizal intensity database for 3000 vascular plant species across the former Soviet Union. Ecology, 93(3), 689-690.",,,natural,forest: subpolar coniferous forest biome,Populus tremula,EcM; others not addressed,,,,,,Laura M. Suz,ok,,EcM-AM
"Akhmetzhanova, A. A., Soudzilovskaia, N. A., Onipchenko, V. G., Cornwell, W. K., Agafonov, V. A., Selivanov, I. A., & Cornelissen, J. H. (2012). A rediscovered treasure: mycorrhizal intensity database for 3000 vascular plant species across the former Soviet Union. Ecology, 93(3), 689-690.",,,natural,forest: subpolar coniferous forest biome,Populus tremula,EcM; others not addressed,,,,,,Laura M. Suz,ok,,EcM-AM
"Akhmetzhanova, A. A., Soudzilovskaia, N. A., Onipchenko, V. G., Cornwell, W. K., Agafonov, V. A., Selivanov, I. A., & Cornelissen, J. H. (2012). A rediscovered treasure: mycorrhizal intensity database for 3000 vascular plant species across the former Soviet Union. Ecology, 93(3), 689-690.",,,natural,forest: temperate broadleaf forest biome,Populus tremula,EcM; others not addressed,,,,,,Laura M. Suz,ok,,EcM-AM
"Akhmetzhanova, A. A., Soudzilovskaia, N. A., Onipchenko, V. G., Cornwell, W. K., Agafonov, V. A., Selivanov, I. A., & Cornelissen, J. H. (2012). A rediscovered treasure: mycorrhizal intensity database for 3000 vascular plant species across the former Soviet Union. Ecology, 93(3), 689-690.",,,natural,forest: temperate coniferous forest biome,Populus tremula,EcM; others not addressed,,,,,,Laura M. Suz,ok,,EcM-AM
"Akhmetzhanova, A. A., Soudzilovskaia, N. A., Onipchenko, V. G., Cornwell, W. K., Agafonov, V. A., Selivanov, I. A., & Cornelissen, J. H. (2012). A rediscovered treasure: mycorrhizal intensity database for 3000 vascular plant species across the former Soviet Union. Ecology, 93(3), 689-690.",,,natural,forest: temperate coniferous forest biome,Populus tremula,EcM; others not addressed,,,,,,Laura M. Suz,ok,,EcM-AM
"Akhmetzhanova, A. A., Soudzilovskaia, N. A., Onipchenko, V. G., Cornwell, W. K., Agafonov, V. A., Selivanov, I. A., & Cornelissen, J. H. (2012). A rediscovered treasure: mycorrhizal intensity database for 3000 vascular plant species across the former Soviet Union. Ecology, 93(3), 689-690.",,,natural,tundra biome,Populus tremula,EcM; others not addressed,,,,,,Laura M. Suz,ok,,EcM-AM
"Akhmetzhanova, A. A., Soudzilovskaia, N. A., Onipchenko, V. G., Cornwell, W. K., Agafonov, V. A., Selivanov, I. A., & Cornelissen, J. H. (2012). A rediscovered treasure: mycorrhizal intensity database for 3000 vascular plant species across the former Soviet Union. Ecology, 93(3), 689-690.",,,botanical garden,,Populus tremula,EcM; others not addressed,,,,,,Laura M. Suz,ok,,EcM-AM
"Akhmetzhanova, A. A., Soudzilovskaia, N. A., Onipchenko, V. G., Cornwell, W. K., Agafonov, V. A., Selivanov, I. A., & Cornelissen, J. H. (2012). A rediscovered treasure: mycorrhizal intensity database for 3000 vascular plant species across the former Soviet Union. Ecology, 93(3), 689-690.",,,botanical garden,,Populus tremula,EcM; others not addressed,,,,,,Laura M. Suz,ok,,EcM-AM
"Akhmetzhanova, A. A., Soudzilovskaia, N. A., Onipchenko, V. G., Cornwell, W. K., Agafonov, V. A., Selivanov, I. A., & Cornelissen, J. H. (2012). A rediscovered treasure: mycorrhizal intensity database for 3000 vascular plant species across the former Soviet Union. Ecology, 93(3), 689-690.",,,botanical garden,,Populus trichocarpa,EcM; others not addressed,,,,,,Laura M. Suz,ok,,EcM-AM
"Akhmetzhanova, A. A., Soudzilovskaia, N. A., Onipchenko, V. G., Cornwell, W. K., Agafonov, V. A., Selivanov, I. A., & Cornelissen, J. H. (2012). A rediscovered treasure: mycorrhizal intensity database for 3000 vascular plant species across the former Soviet Union. Ecology, 93(3), 689-690.",,,botanical garden,,Quercus rubra,EcM; others not addressed,,,,,,Laura M. Suz,ok,,EcM
"Akhmetzhanova, A. A., Soudzilovskaia, N. A., Onipchenko, V. G., Cornwell, W. K., Agafonov, V. A., Selivanov, I. A., & Cornelissen, J. H. (2012). A rediscovered treasure: mycorrhizal intensity database for 3000 vascular plant species across the former Soviet Union. Ecology, 93(3), 689-690.",,,botanical garden,,Quercus rubra,EcM; others not addressed,,,,,,Laura M. Suz,ok,,EcM
"Akhmetzhanova, A. A., Soudzilovskaia, N. A., Onipchenko, V. G., Cornwell, W. K., Agafonov, V. A., Selivanov, I. A., & Cornelissen, J. H. (2012). A rediscovered treasure: mycorrhizal intensity database for 3000 vascular plant species across the former Soviet Union. Ecology, 93(3), 689-690.",,,botanical garden,,Sorbus aucuparia,AM; others not addressed,,,,,,,,,AM
"Akhmetzhanova, A. A., Soudzilovskaia, N. A., Onipchenko, V. G., Cornwell, W. K., Agafonov, V. A., Selivanov, I. A., & Cornelissen, J. H. (2012). A rediscovered treasure: mycorrhizal intensity database for 3000 vascular plant species across the former Soviet Union. Ecology, 93(3), 689-690.",,,natural,forest: temperate broadleaf forest biome,Sorbus aucuparia,non-mycorrhizal (checked for all types),,Leho Tedersoo,"probably incorrect (this genus is AM, most reports of this species are AM)",,,,,,AM
"Akhmetzhanova, A. A., Soudzilovskaia, N. A., Onipchenko, V. G., Cornwell, W. K., Agafonov, V. A., Selivanov, I. A., & Cornelissen, J. H. (2012). A rediscovered treasure: mycorrhizal intensity database for 3000 vascular plant species across the former Soviet Union. Ecology, 93(3), 689-690.",,,natural,forest: subpolar coniferous forest biome,Sorbus aucuparia,AM; others not addressed,,,,,,,,,AM
"Akhmetzhanova, A. A., Soudzilovskaia, N. A., Onipchenko, V. G., Cornwell, W. K., Agafonov, V. A., Selivanov, I. A., & Cornelissen, J. H. (2012). A rediscovered treasure: mycorrhizal intensity database for 3000 vascular plant species across the former Soviet Union. Ecology, 93(3), 689-690.",,,natural,forest: subpolar coniferous forest biome,Sorbus aucuparia,AM; others not addressed,,,,,,,,,AM
"Akhmetzhanova, A. A., Soudzilovskaia, N. A., Onipchenko, V. G., Cornwell, W. K., Agafonov, V. A., Selivanov, I. A., & Cornelissen, J. H. (2012). A rediscovered treasure: mycorrhizal intensity database for 3000 vascular plant species across the former Soviet Union. Ecology, 93(3), 689-690.",,,natural,forest: subpolar coniferous forest biome,Sorbus aucuparia,AM; others not addressed,,,,,,,,,AM
"Akhmetzhanova, A. A., Soudzilovskaia, N. A., Onipchenko, V. G., Cornwell, W. K., Agafonov, V. A., Selivanov, I. A., & Cornelissen, J. H. (2012). A rediscovered treasure: mycorrhizal intensity database for 3000 vascular plant species across the former Soviet Union. Ecology, 93(3), 689-690.",,,natural,forest: subpolar coniferous forest biome,Sorbus aucuparia,AM; others not addressed,,,,,,,,,AM
"Akhmetzhanova, A. A., Soudzilovskaia, N. A., Onipchenko, V. G., Cornwell, W. K., Agafonov, V. A., Selivanov, I. A., & Cornelissen, J. H. (2012). A rediscovered treasure: mycorrhizal intensity database for 3000 vascular plant species across the former Soviet Union. Ecology, 93(3), 689-690.",,,natural,forest: subpolar coniferous forest biome,Sorbus aucuparia,AM; others not addressed,,,,,,,,,AM
"Akhmetzhanova, A. A., Soudzilovskaia, N. A., Onipchenko, V. G., Cornwell, W. K., Agafonov, V. A., Selivanov, I. A., & Cornelissen, J. H. (2012). A rediscovered treasure: mycorrhizal intensity database for 3000 vascular plant species across the former Soviet Union. Ecology, 93(3), 689-690.",,,natural,forest: subpolar coniferous forest biome,Sorbus aucuparia,AM; others not addressed,,,,,,,,,AM
"Akhmetzhanova, A. A., Soudzilovskaia, N. A., Onipchenko, V. G., Cornwell, W. K., Agafonov, V. A., Selivanov, I. A., & Cornelissen, J. H. (2012). A rediscovered treasure: mycorrhizal intensity database for 3000 vascular plant species across the former Soviet Union. Ecology, 93(3), 689-690.",,,natural,forest: subpolar coniferous forest biome,Sorbus aucuparia,AM; others not addressed,,,,,,,,,AM
"Akhmetzhanova, A. A., Soudzilovskaia, N. A., Onipchenko, V. G., Cornwell, W. K., Agafonov, V. A., Selivanov, I. A., & Cornelissen, J. H. (2012). A rediscovered treasure: mycorrhizal intensity database for 3000 vascular plant species across the former Soviet Union. Ecology, 93(3), 689-690.",,,natural,forest: subpolar coniferous forest biome,Sorbus aucuparia,AM; others not addressed,,,,,,,,,AM
"Akhmetzhanova, A. A., Soudzilovskaia, N. A., Onipchenko, V. G., Cornwell, W. K., Agafonov, V. A., Selivanov, I. A., & Cornelissen, J. H. (2012). A rediscovered treasure: mycorrhizal intensity database for 3000 vascular plant species across the former Soviet Union. Ecology, 93(3), 689-690.",,,natural,forest: subpolar coniferous forest biome,Sorbus aucuparia,AM; others not addressed,,,,,,,,,AM
"Akhmetzhanova, A. A., Soudzilovskaia, N. A., Onipchenko, V. G., Cornwell, W. K., Agafonov, V. A., Selivanov, I. A., & Cornelissen, J. H. (2012). A rediscovered treasure: mycorrhizal intensity database for 3000 vascular plant species across the former Soviet Union. Ecology, 93(3), 689-690.",,,natural,forest: subpolar coniferous forest biome,Sorbus aucuparia,AM; others not addressed,,,,,,,,,AM
"Akhmetzhanova, A. A., Soudzilovskaia, N. A., Onipchenko, V. G., Cornwell, W. K., Agafonov, V. A., Selivanov, I. A., & Cornelissen, J. H. (2012). A rediscovered treasure: mycorrhizal intensity database for 3000 vascular plant species across the former Soviet Union. Ecology, 93(3), 689-690.",,,natural,forest: subpolar coniferous forest biome,Sorbus aucuparia,AM; others not addressed,,,,,,,,,AM
"Akhmetzhanova, A. A., Soudzilovskaia, N. A., Onipchenko, V. G., Cornwell, W. K., Agafonov, V. A., Selivanov, I. A., & Cornelissen, J. H. (2012). A rediscovered treasure: mycorrhizal intensity database for 3000 vascular plant species across the former Soviet Union. Ecology, 93(3), 689-690.",,,natural,forest: temperate coniferous forest biome,Sorbus aucuparia,AM; others not addressed,,,,,,,,,AM
"Akhmetzhanova, A. A., Soudzilovskaia, N. A., Onipchenko, V. G., Cornwell, W. K., Agafonov, V. A., Selivanov, I. A., & Cornelissen, J. H. (2012). A rediscovered treasure: mycorrhizal intensity database for 3000 vascular plant species across the former Soviet Union. Ecology, 93(3), 689-690.",,,natural,forest: temperate coniferous forest biome,Sorbus aucuparia,AM; others not addressed,,,,,,,,,AM
"Akhmetzhanova, A. A., Soudzilovskaia, N. A., Onipchenko, V. G., Cornwell, W. K., Agafonov, V. A., Selivanov, I. A., & Cornelissen, J. H. (2012). A rediscovered treasure: mycorrhizal intensity database for 3000 vascular plant species across the former Soviet Union. Ecology, 93(3), 689-690.",,,natural,forest: temperate coniferous forest biome,Sorbus aucuparia,AM; others not addressed,,,,,,,,,AM
"Akhmetzhanova, A. A., Soudzilovskaia, N. A., Onipchenko, V. G., Cornwell, W. K., Agafonov, V. A., Selivanov, I. A., & Cornelissen, J. H. (2012). A rediscovered treasure: mycorrhizal intensity database for 3000 vascular plant species across the former Soviet Union. Ecology, 93(3), 689-690.",,,botanical garden,,Sorbus aucuparia,AM; others not addressed,,,,,,,,,AM
"Akhmetzhanova, A. A., Soudzilovskaia, N. A., Onipchenko, V. G., Cornwell, W. K., Agafonov, V. A., Selivanov, I. A., & Cornelissen, J. H. (2012). A rediscovered treasure: mycorrhizal intensity database for 3000 vascular plant species across the former Soviet Union. Ecology, 93(3), 689-690.",,,botanical garden,,Sorbus aucuparia,AM; others not addressed,,,,,,,,,AM
"Akhmetzhanova, A. A., Soudzilovskaia, N. A., Onipchenko, V. G., Cornwell, W. K., Agafonov, V. A., Selivanov, I. A., & Cornelissen, J. H. (2012). A rediscovered treasure: mycorrhizal intensity database for 3000 vascular plant species across the former Soviet Union. Ecology, 93(3), 689-690.",,,botanical garden,,Sorbus aucuparia,AM; others not addressed,,,,,,,,,AM
"Akhmetzhanova, A. A., Soudzilovskaia, N. A., Onipchenko, V. G., Cornwell, W. K., Agafonov, V. A., Selivanov, I. A., & Cornelissen, J. H. (2012). A rediscovered treasure: mycorrhizal intensity database for 3000 vascular plant species across the former Soviet Union. Ecology, 93(3), 689-690.",,,botanical garden,,Sorbus aucuparia,AM; others not addressed,,,,,,,,,AM
"Akhmetzhanova, A. A., Soudzilovskaia, N. A., Onipchenko, V. G., Cornwell, W. K., Agafonov, V. A., Selivanov, I. A., & Cornelissen, J. H. (2012). A rediscovered treasure: mycorrhizal intensity database for 3000 vascular plant species across the former Soviet Union. Ecology, 93(3), 689-690.",,,natural,forest: subpolar coniferous forest biome,Sorbus aucuparia,AM; no others,,,,,,,,,AM
"Akhmetzhanova, A. A., Soudzilovskaia, N. A., Onipchenko, V. G., Cornwell, W. K., Agafonov, V. A., Selivanov, I. A., & Cornelissen, J. H. (2012). A rediscovered treasure: mycorrhizal intensity database for 3000 vascular plant species across the former Soviet Union. Ecology, 93(3), 689-690.",,,natural,forest: temperate broadleaf forest biome,Sorbus aucuparia,AM; no others,,,,,,,,,AM
"Akhmetzhanova, A. A., Soudzilovskaia, N. A., Onipchenko, V. G., Cornwell, W. K., Agafonov, V. A., Selivanov, I. A., & Cornelissen, J. H. (2012). A rediscovered treasure: mycorrhizal intensity database for 3000 vascular plant species across the former Soviet Union. Ecology, 93(3), 689-690.",,,natural,forest: subpolar coniferous forest biome,Tilia cordata,EcM; others not addressed,,,,,,Laura M. Suz,ok,,EcM
"Akhmetzhanova, A. A., Soudzilovskaia, N. A., Onipchenko, V. G., Cornwell, W. K., Agafonov, V. A., Selivanov, I. A., & Cornelissen, J. H. (2012). A rediscovered treasure: mycorrhizal intensity database for 3000 vascular plant species across the former Soviet Union. Ecology, 93(3), 689-690.",,,natural,forest: subpolar coniferous forest biome,Tilia cordata,EcM; others not addressed,,,,,,Laura M. Suz,ok,,EcM
"Akhmetzhanova, A. A., Soudzilovskaia, N. A., Onipchenko, V. G., Cornwell, W. K., Agafonov, V. A., Selivanov, I. A., & Cornelissen, J. H. (2012). A rediscovered treasure: mycorrhizal intensity database for 3000 vascular plant species across the former Soviet Union. Ecology, 93(3), 689-690.",,,natural,forest: subpolar coniferous forest biome,Tilia cordata,EcM; others not addressed,,,,,,Laura M. Suz,ok,,EcM
"Akhmetzhanova, A. A., Soudzilovskaia, N. A., Onipchenko, V. G., Cornwell, W. K., Agafonov, V. A., Selivanov, I. A., & Cornelissen, J. H. (2012). A rediscovered treasure: mycorrhizal intensity database for 3000 vascular plant species across the former Soviet Union. Ecology, 93(3), 689-690.",,,natural,forest: temperate broadleaf forest biome,Tilia cordata,EcM; others not addressed,,,,,,Laura M. Suz,ok,,EcM
"Akhmetzhanova, A. A., Soudzilovskaia, N. A., Onipchenko, V. G., Cornwell, W. K., Agafonov, V. A., Selivanov, I. A., & Cornelissen, J. H. (2012). A rediscovered treasure: mycorrhizal intensity database for 3000 vascular plant species across the former Soviet Union. Ecology, 93(3), 689-690.",,,natural,forest: temperate broadleaf forest biome,Tilia mandshurica,EcM; others not addressed,,,,,,Laura M. Suz,ok,,EcM
"Boullard, B., & Dominik, T. (1960). Recherches comparatives entre le mycotrophisme de Fagetum carpaticum de Babia Gora et celui d'austres fageta precedement etudies. Zesz. nauk. wyzsz. Szk. roln. Szczec. 3, 3, 20.",,,,,Acer pseudoplatanus,AM; no others,,Leho Tedersoo,in this study 22% reports conflict with predictions,,,,,,AM
"Boullard, B., & Dominik, T. (1960). Recherches comparatives entre le mycotrophisme de Fagetum carpaticum de Babia Gora et celui d'austres fageta precedement etudies. Zesz. nauk. wyzsz. Szk. roln. Szczec. 3, 3, 20.",,,,,Sorbus aucuparia,AM; no others,,Leho Tedersoo,in this study 22% reports conflict with predictions,,,,,,AM
"Brundrett, M. C., & Kendrick, B. (1988). The mycorrhizal status, root anatomy, and phenology of plants in a sugar maple forest. Canadian Journal of Botany,66(6), 1153-1173.",,,natural,,Acer saccharum,AM; no others,,,,,,,,,AM
"Brundrett, M. C., & Kendrick, B. (1988). The mycorrhizal status, root anatomy, and phenology of plants in a sugar maple forest. Canadian Journal of Botany,66(6), 1153-1173.",,,natural,,Acer saccharum,AM; no others,,,,,,,,,AM
"Brundrett, M. C., & Kendrick, B. (1988). The mycorrhizal status, root anatomy, and phenology of plants in a sugar maple forest. Canadian Journal of Botany,66(6), 1153-1173.",,,natural,,Adiantum pedatum,AM; no others,,,,,,,,,AM
"Brundrett, M. C., & Kendrick, B. (1988). The mycorrhizal status, root anatomy, and phenology of plants in a sugar maple forest. Canadian Journal of Botany,66(6), 1153-1173.",,,natural,,Fraxinus americana,AM; no others,,,,,,,,,AM
"Brundrett, M. C., & Kendrick, B. (1988). The mycorrhizal status, root anatomy, and phenology of plants in a sugar maple forest. Canadian Journal of Botany,66(6), 1153-1173.",,,natural,,Juglans nigra,AM; no others,,,,,,,,,AM
"Brundrett, M. C., & Kendrick, B. (1988). The mycorrhizal status, root anatomy, and phenology of plants in a sugar maple forest. Canadian Journal of Botany,66(6), 1153-1173.",,,natural,,Pinus strobus,EcM; no others,,,,,,Laura M. Suz,ok,,EcM
"Brundrett, M. C., & Kendrick, B. (1988). The mycorrhizal status, root anatomy, and phenology of plants in a sugar maple forest. Canadian Journal of Botany,66(6), 1153-1173.",,,natural,,Ulmus americana,AM; no others,,,,,,,,,AM
"Brundrett, M., Murase, G., & Kendrick, B. (1990). Comparative anatomy of roots and mycorrhizae of common Ontario trees. Canadian Journal of Botany,68(3), 551-578.",,,natural,,Acer rubrum,AM; no others,,,,,,,,,AM
"Brundrett, M., Murase, G., & Kendrick, B. (1990). Comparative anatomy of roots and mycorrhizae of common Ontario trees. Canadian Journal of Botany,68(3), 551-578.",,,natural,,Acer saccharum,AM; no others,,,,,,,,,AM
"Brundrett, M., Murase, G., & Kendrick, B. (1990). Comparative anatomy of roots and mycorrhizae of common Ontario trees. Canadian Journal of Botany,68(3), 551-578.",,,natural,,Fraxinus americana,AM; no others,,,,,,,,,AM
"Brundrett, M., Murase, G., & Kendrick, B. (1990). Comparative anatomy of roots and mycorrhizae of common Ontario trees. Canadian Journal of Botany,68(3), 551-578.",,,natural,,Juglans nigra,AM; no others,,,,,,,,,AM
"Brundrett, M., Murase, G., & Kendrick, B. (1990). Comparative anatomy of roots and mycorrhizae of common Ontario trees. Canadian Journal of Botany,68(3), 551-578.",,,natural,,Pinus strobus,EcM; no others,,,,,,Laura M. Suz,ok,,EcM
"Brundrett, M., Murase, G., & Kendrick, B. (1990). Comparative anatomy of roots and mycorrhizae of common Ontario trees. Canadian Journal of Botany,68(3), 551-578.",,,natural,,Populus tremuloides,EcM; no others,,,,,,Laura M. Suz,ok,,EcM-AM
"Brundrett, M., Murase, G., & Kendrick, B. (1990). Comparative anatomy of roots and mycorrhizae of common Ontario trees. Canadian Journal of Botany,68(3), 551-578.",,,natural,,Quercus alba,EcM; no others,,,,,,Laura M. Suz,ok,,EcM
"Brundrett, M., Murase, G., & Kendrick, B. (1990). Comparative anatomy of roots and mycorrhizae of common Ontario trees. Canadian Journal of Botany,68(3), 551-578.",,,natural,,Quercus rubra,EcM; no others,,,,,,Laura M. Suz,ok,,EcM
"Brundrett, M., Murase, G., & Kendrick, B. (1990). Comparative anatomy of roots and mycorrhizae of common Ontario trees. Canadian Journal of Botany,68(3), 551-578.",,,natural,,Ulmus americana,AM; no others,,,,,,,,,AM
"Chen Hui, Tang Ming, Guo Yuan. (1996).Investigation on Mycorrhizae of Trees in Mountain Areas of Shouthern Shanxi.Journal of Northwest Forestry College, 11(1):99-103.",,,natural,forest: temperate broadleaf forest biome,Eriobotrya japonica,AM; others not addressed,,,,,,,,,AM
"Chen Hui, Tang Ming, Guo Yuan. (1996).Investigation on Mycorrhizae of Trees in Mountain Areas of Shouthern Shanxi.Journal of Northwest Forestry College, 11(1):99-103.",,,natural,forest: temperate broadleaf forest biome,Cornus officinalis,AM; others not addressed,,,,,,,,,AM
"Chen Hui, Tang Ming, Guo Yuan. (1996).Investigation on Mycorrhizae of Trees in Mountain Areas of Shouthern Shanxi.Journal of Northwest Forestry College, 11(1):99-103.",,,natural,forest: temperate broadleaf forest biome,Castanea henryi,"EcM,AM",,Leho Tedersoo,AM unimportant in adults,,,Laura M. Suz,ok,,EcM
"Chen Hui, Tang Ming, Guo Yuan. (1996).Investigation on Mycorrhizae of Trees in Mountain Areas of Shouthern Shanxi.Journal of Northwest Forestry College, 11(1):99-103.",,,natural,forest: temperate broadleaf forest biome,Quercus variabilis,EcM; others not addressed,,,,,,Laura M. Suz,ok,,EcM
"Chen Hui, Tang Ming, Guo Yuan. (1996).Investigation on Mycorrhizae of Trees in Mountain Areas of Shouthern Shanxi.Journal of Northwest Forestry College, 11(1):99-103.",,,natural,forest: temperate broadleaf forest biome,Quercus aliena,EcM; others not addressed,,,,,,Laura M. Suz,ok,,EcM
"Chen Hui, Tang Ming, Guo Yuan. (1996).Investigation on Mycorrhizae of Trees in Mountain Areas of Shouthern Shanxi.Journal of Northwest Forestry College, 11(1):99-103.",,,natural,forest: temperate broadleaf forest biome,Juglans mandshurica,"EcM,AM",,Leho Tedersoo,incorrect report for EcM (this genus is AM),Mark Brundrett,incorrect report for EcM,Laura M. Suz,not ECM,,AM
"Chen Hui, Tang Ming, Guo Yuan. (1996).Investigation on Mycorrhizae of Trees in Mountain Areas of Shouthern Shanxi.Journal of Northwest Forestry College, 11(1):99-103.",,,natural,forest: temperate broadleaf forest biome,Pistacia chinensis,AM; others not addressed,,,,,,,,,AM
"Chen Xiangxin, Chen Lianqing. (1983).Investigation on mycorrhiza of main subtropical tree species in China. Forest Science and Technology,5:8-12. ",,,natural,forest: tropical broadleaf forest biome,Celtis sinensis,EcM; others not addressed,,Leho Tedersoo,"probably incorrect (this genus is AM, most reports of this species are AM)",Mark Brundrett,incorrect report for EcM,Laura M. Suz,do not know,,AM
"Chen Xiangxin, Chen Lianqing. (1983).Investigation on mycorrhiza of main subtropical tree species in China. Forest Science and Technology,5:8-12. ",,,natural,forest: tropical broadleaf forest biome,Ginkgo biloba,AM; others not addressed,,,,,,,,,AM
"Chen Xiangxin, Chen Lianqing. (1983).Investigation on mycorrhiza of main subtropical tree species in China. Forest Science and Technology,5:8-12. ",,,natural,forest: tropical broadleaf forest biome,Cunninghamia lanceolata,AM; others not addressed,,,,,,,,,AM
"Chen Xiangxin, Chen Lianqing. (1983).Investigation on mycorrhiza of main subtropical tree species in China. Forest Science and Technology,5:8-12. ",,,natural,forest: tropical broadleaf forest biome,Liriodendron chinense,AM; others not addressed,,,,,,,,,AM
"Chen Xiangxin, Chen Lianqing. (1983).Investigation on mycorrhiza of main subtropical tree species in China. Forest Science and Technology,5:8-12. ",,,natural,forest: tropical broadleaf forest biome,Liriodendron tulipifera,AM; others not addressed,,,,,,,,,AM
"Chen Xiangxin, Chen Lianqing. (1983).Investigation on mycorrhiza of main subtropical tree species in China. Forest Science and Technology,5:8-12. ",,,natural,forest: tropical broadleaf forest biome,Magnolia denudata,AM; others not addressed,,,,,,,,,AM
"Chen Xiangxin, Chen Lianqing. (1983).Investigation on mycorrhiza of main subtropical tree species in China. Forest Science and Technology,5:8-12. ",,,natural,forest: tropical broadleaf forest biome,Magnolia grandiflora,AM; others not addressed,,,,,,,,,AM
"Chen Xiangxin, Chen Lianqing. (1983).Investigation on mycorrhiza of main subtropical tree species in China. Forest Science and Technology,5:8-12. ",,,natural,forest: tropical broadleaf forest biome,Cinnamomum camphora,AM; others not addressed,,,,,,,,,AM
"Chen Xiangxin, Chen Lianqing. (1983).Investigation on mycorrhiza of main subtropical tree species in China. Forest Science and Technology,5:8-12. ",,,natural,forest: tropical broadleaf forest biome,Litsea cubeba,AM; others not addressed,,,,,,,,,AM
"Chen Xiangxin, Chen Lianqing. (1983).Investigation on mycorrhiza of main subtropical tree species in China. Forest Science and Technology,5:8-12. ",,,natural,forest: tropical broadleaf forest biome,Pyrus betulifolia,AM; others not addressed,,,,,,,,,AM
"Chen Xiangxin, Chen Lianqing. (1983).Investigation on mycorrhiza of main subtropical tree species in China. Forest Science and Technology,5:8-12. ",,,natural,forest: tropical broadleaf forest biome,Canarium album,AM; others not addressed,,,,,,,,,AM
"Cooke, J. C., & Lefor, M. W. (1998). The mycorrhizal status of selected plant species from Connecticut wetlands and transition zones. Restoration Ecology, 6(2), 214-222.",,,natural,grassland: flooded grassland biome,Acer rubrum,AM; others not addressed,,,,,,,,,AM
"Cooke, J. C., & Lefor, M. W. (1998). The mycorrhizal status of selected plant species from Connecticut wetlands and transition zones. Restoration Ecology, 6(2), 214-222.",,,natural,grassland: flooded grassland biome,Onoclea sensibilis,AM; others not addressed,,,,,,,,,AM
"Cooke, J. C., & Lefor, M. W. (1998). The mycorrhizal status of selected plant species from Connecticut wetlands and transition zones. Restoration Ecology, 6(2), 214-222.",,,natural,grassland: flooded grassland biome,Populus deltoides,AM; others not addressed,,Leho Tedersoo,misleading report from EcM perspective (this genus is EcM-AM),,,,,,EcM-AM
"Cooke, M. A., Widden, P., & O'Halloran, I. (1992). Morphology, incidence and fertilization effects on the vesicular-arbuscular mycorrhizae of Acer saccharum in a Quebec hardwood forest. Mycologia, 422-430.",,,,,Acer saccharum,AM; others not addressed,,,,,,,,,AM
"Davison, J., Moora, M., Öpik, M., Adholeya, A., Ainsaar, L., Bâ, A., ... & Johnson, N. C. (2015). Global assessment of arbuscular mycorrhizal fungus diversity reveals very low endemism. Science, 349(6251), 970-973.",,,natural,,Acer saccharum,AM; others not addressed,,,,,,,,,AM
"Davison, J., Moora, M., Öpik, M., Adholeya, A., Ainsaar, L., Bâ, A., ... & Johnson, N. C. (2015). Global assessment of arbuscular mycorrhizal fungus diversity reveals very low endemism. Science, 349(6251), 970-973.",,,natural,,Dicranopteris linearis,AM; others not addressed,,,,,,,,,AM
"Dhillion, S. S., & Friese, C. F. (1994). The occurrence of mycorrhizas in prairies: application to ecological restoration. In The Proceedings of the 13th North American Prairie Conference, The University of Windsor (Canada) (pp. 103-114).",,,,,Onoclea sensibilis,AM; no others,,,,,,,,,AM
"Dominik, T. (1951). Badanie mykotrofizmu roślinności wydm nadmorskich i śródlądowych. Acta Soc Bot Pol, 21, 125-164.",,,,,Populus tremula,EcM; no others,,Leho Tedersoo,in this study 39% reports conflict with predictions,,,Laura M. Suz,ok,,EcM-AM
"Dominik, T. (1951). Badanie mykotrofizmu roślinności wydm nadmorskich i śródlądowych. Acta Soc Bot Pol, 21, 125-164.",,,,,Populus tremula,EcM; no others,,Leho Tedersoo,in this study 39% reports conflict with predictions,,,Laura M. Suz,ok,,EcM-AM
"Dominik, T. (1951). Badanie mykotrofizmu roślinności wydm nadmorskich i śródlądowych. Acta Soc Bot Pol, 21, 125-164.",,,,,Populus tremula,EcM; no others,,Leho Tedersoo,in this study 39% reports conflict with predictions,,,Laura M. Suz,ok,,EcM-AM
"Dominik, T. (1951). Badanie mykotrofizmu roślinności wydm nadmorskich i śródlądowych. Acta Soc Bot Pol, 21, 125-164.",,,,,Sorbus aucuparia,EcM; no others,,Leho Tedersoo,incorrect report (this genus is AM; in this study 39% reports conflict with predictions),Mark Brundrett,incorrect report,Laura M. Suz,not ECM,,AM
"Eriksen, M. (2009). Arbuscular mycorrhiza in plant species from marginal agricultural areas in Norway and Thailand. Norwegian University of Life Sciences, Department of Ecology and Natural Resource Management.",,,,other,Sterculia lanceolata,AM; no others,,,,,,,,,AM
"Fang Hui, P .N .Damodaran, Cao Min. (2006).Arbuscular mycorrhizal status of Glomus plants in tropical secondary forest of Xishuangbanna , Southwest China.ACTA ECOLOGICA SINICA, 26(12): 4179- 4185.",,,natural,forest: tropical broadleaf forest biome,Schima wallichii,AM; others not addressed,,,,,,,,,AM
"Fang Hui, P .N .Damodaran, Cao Min. (2006).Arbuscular mycorrhizal status of Glomus plants in tropical secondary forest of Xishuangbanna , Southwest China.ACTA ECOLOGICA SINICA, 26(12): 4179- 4185.",,,natural,forest: tropical broadleaf forest biome,Castanopsis hystrix,AM; others not addressed,,Leho Tedersoo,"incorrect report (this genus is EcM, most reports of this species are EcM)",,,,,,EcM
"Fang Hui, P .N .Damodaran, Cao Min. (2006).Arbuscular mycorrhizal status of Glomus plants in tropical secondary forest of Xishuangbanna , Southwest China.ACTA ECOLOGICA SINICA, 26(12): 4179- 4185.",,,natural,forest: tropical broadleaf forest biome,Cratoxylum cochinchinense,AM; others not addressed,,,,,,,,,AM
"Fang Hui, P .N .Damodaran, Cao Min. (2006).Arbuscular mycorrhizal status of Glomus plants in tropical secondary forest of Xishuangbanna , Southwest China.ACTA ECOLOGICA SINICA, 26(12): 4179- 4185.",,,natural,forest: tropical broadleaf forest biome,Aporosa yunnanensis,AM; others not addressed,,,,,,,,,AM
"Fang Hui, P .N .Damodaran, Cao Min. (2006).Arbuscular mycorrhizal status of Glomus plants in tropical secondary forest of Xishuangbanna , Southwest China.ACTA ECOLOGICA SINICA, 26(12): 4179- 4185.",,,natural,forest: tropical broadleaf forest biome,Olea rosea,AM; others not addressed,,,,,,,,,AM
"Fang Hui, P .N .Damodaran, Cao Min. (2006).Arbuscular mycorrhizal status of Glomus plants in tropical secondary forest of Xishuangbanna , Southwest China.ACTA ECOLOGICA SINICA, 26(12): 4179- 4185.",,,natural,forest: tropical broadleaf forest biome,Millettia leptobotrya,AM; others not addressed,,,,,,,,,AM
"Fang Hui, P .N .Damodaran, Cao Min. (2006).Arbuscular mycorrhizal status of Glomus plants in tropical secondary forest of Xishuangbanna , Southwest China.ACTA ECOLOGICA SINICA, 26(12): 4179- 4185.",,,natural,forest: tropical broadleaf forest biome,Ocotea lancifolia,AM; others not addressed,,,,,,,,,AM
"Frank, B. (1885). Ueber die auf Wurzelsymbiose beruhende Ernahrung gewisser Baume durch unterirdische Pilze. Ber. dt. Bot. Ges.(3), 128-45.",,,,,Acer pseudoplatanus,non-EcM; others not addressed,,Leho Tedersoo,misleading report from AM perspective (this genus is AM; in this study 22% reports conflict with predictions),,,,,,AM
"Frank, B. (1885). Ueber die auf Wurzelsymbiose beruhende Ernahrung gewisser Baume durch unterirdische Pilze. Ber. dt. Bot. Ges.(3), 128-45.",,,,,Carpinus betulus,EcM; others not addressed,,Leho Tedersoo,in this study 22% reports conflict with predictions,,,Laura M. Suz,ok,,EcM
"Frank, B. (1885). Ueber die auf Wurzelsymbiose beruhende Ernahrung gewisser Baume durch unterirdische Pilze. Ber. dt. Bot. Ges.(3), 128-45.",,,,,Quercus rubra,EcM; others not addressed,,Leho Tedersoo,in this study 22% reports conflict with predictions,,,Laura M. Suz,ok,,EcM
"Haug, I., Weber, R., Oberwinkler, F., & Tschen, J. (1994). The mycorrhizal status of Taiwanese trees and the description of some ectomycorrhizal types. Trees, 8(5), 237-253.",,,,,Alstonia scholaris,AM; no others,,,,,,,,,AM
"Haug, I., Weber, R., Oberwinkler, F., & Tschen, J. (1994). The mycorrhizal status of Taiwanese trees and the description of some ectomycorrhizal types. Trees, 8(5), 237-253.",,,,,Barringtonia racemosa,non-mycorrhizal (checked for all types),,Leho Tedersoo,"probably incorrect (this genus is AM, most reports of this species are AM)",,,,,,AM
"Haug, I., Weber, R., Oberwinkler, F., & Tschen, J. (1994). The mycorrhizal status of Taiwanese trees and the description of some ectomycorrhizal types. Trees, 8(5), 237-253.",,,,,Castanopsis hystrix,EcM; no others,,,,,,Laura M. Suz,do not know,,EcM
"Haug, I., Weber, R., Oberwinkler, F., & Tschen, J. (1994). The mycorrhizal status of Taiwanese trees and the description of some ectomycorrhizal types. Trees, 8(5), 237-253.",,,,,Cinnamomum camphora,non-mycorrhizal (checked for all types),,Leho Tedersoo,"probably incorrect (this genus is AM, most reports of this species are AM)",,,,,,AM
"Haug, I., Weber, R., Oberwinkler, F., & Tschen, J. (1994). The mycorrhizal status of Taiwanese trees and the description of some ectomycorrhizal types. Trees, 8(5), 237-253.",,,,,Cunninghamia lanceolata,AM; no others,,,,,,,,,AM
"Haug, I., Weber, R., Oberwinkler, F., & Tschen, J. (1994). The mycorrhizal status of Taiwanese trees and the description of some ectomycorrhizal types. Trees, 8(5), 237-253.",,,,,Elaeocarpus sylvestris,EcM; no others,,Leho Tedersoo,incorrect report (this genus is AM),,,Laura M. Suz,do not know,,AM
"Haug, I., Weber, R., Oberwinkler, F., & Tschen, J. (1994). The mycorrhizal status of Taiwanese trees and the description of some ectomycorrhizal types. Trees, 8(5), 237-253.",,,,,Gordonia axillaris,AM; no others,,,,,,,,,AM
"Haug, I., Weber, R., Oberwinkler, F., & Tschen, J. (1994). The mycorrhizal status of Taiwanese trees and the description of some ectomycorrhizal types. Trees, 8(5), 237-253.",,,,,Litsea cubeba,AM; no others,,,,,,,,,AM
"Haug, I., Weber, R., Oberwinkler, F., & Tschen, J. (1994). The mycorrhizal status of Taiwanese trees and the description of some ectomycorrhizal types. Trees, 8(5), 237-253.",,,,,Pinus armandii,EcM; no others,,,,,,Laura M. Suz,ok,,EcM
"Haug, I., Weber, R., Oberwinkler, F., & Tschen, J. (1994). The mycorrhizal status of Taiwanese trees and the description of some ectomycorrhizal types. Trees, 8(5), 237-253.",,,,,Quercus variabilis,EcM; no others,,,,,,Laura M. Suz,ok,,EcM
"Haug, I., Weber, R., Oberwinkler, F., & Tschen, J. (1994). The mycorrhizal status of Taiwanese trees and the description of some ectomycorrhizal types. Trees, 8(5), 237-253.",,,,,Wendlandia uvariifolia,AM; no others,,,,,,,,,AM
"Huang Jiuxiang, Zhuang Xueying. (2000).Mycorrhizas of Three Species of China's Protected Plants at Chebaling's Nursery.Journal of South China Agricultural University,21(2):38-41.

",,,nursery,,Magnolia odora,AM; others not addressed,,,,,,,,,AM
"Hutchinson, T. C., Watmough, S. A., Sager, E. P., & Karagatzides, J. D. (1999). The Impact of Simulated Acid Rain and Fertilizer Application on a Mature Sugar Maple (Acer Saccharum Marsh.) Forstt in Central Ontario Canada. Water, Air, and Soil Pollution, 109(1-4), 17-39.",,,,,Acer saccharum,AM; others not addressed,,,,,,,,,AM
"Khade, W. S. (2002). Arbuscular mycorrhizal status of medicinal plants: a field survey of AM fungal association in shrubs and trees. Journal of Economic and Taxonomic Botany, 26(3), 571-578.",,,,,Alstonia scholaris,AM; no others,,,,,,,,,AM
"Lang, C., Seven, J., & Polle, A. (2011). Host preferences and differential contributions of deciduous tree species shape mycorrhizal species richness in a mixed Central European forest. Mycorrhiza, 21(4), 297-308.",,,,,Carpinus betulus,EcM; others not addressed,,,,,,Laura M. Suz,ok,,EcM
"Lang, C., Seven, J., & Polle, A. (2011). Host preferences and differential contributions of deciduous tree species shape mycorrhizal species richness in a mixed Central European forest. Mycorrhiza, 21(4), 297-308.",,,,,Tilia cordata,EcM; others not addressed,,,,,,Laura M. Suz,ok,,EcM
"Lawrence, B., Fisk, M. C., Fahey, T. J., & Suárez, E. R. (2003). Influence of nonnative earthworms on mycorrhizal colonization of sugar maple (Acer saccharum). New Phytologist, 157(1), 145-153.",,,,,Acer saccharum,AM; others not addressed,,,,,,,,,AM
"LI Jin，JING Yuebo，ZHANG Jinfeng，LI Yongpeng，LI Rongbo. (2012).Arbuscular Mycorrhiza across Two Vegetation Types in Shangri-la Subalpine Areas of Northwest Yunnan.Journal of West China Forestry Science,41(2):43-50.",,,early successional,forest: temperate broadleaf forest biome,Populus tremula,AM; others not addressed,,Leho Tedersoo,misleading report from EcM perspective (this genus is EcM-AM),,,,,,EcM-AM
"Liang Changcong, Zhao Suye,Liu Lei, Huang Junsheng.(2010).Arbuscular mycorrhizal fungi associated with common tree species in a tropical rainforest in Bawangling of Hainan Island, China..Chinese Journal of Ecology, 29(2):269-273.",,,natural,forest: tropical broadleaf forest biome,Canarium album,AM; others not addressed,,,,,,,,,AM
"Liu Qiong, Yan Wei, Fan Yongjun, Yao Qingzhi, Yang Xiuli. (2009). Study on ectomycorrhizal type of Larixgmelinii Gmelinii in north Daxing'anling mountain. Journal of Inner Mongolia Agricultural University, 30(2): 62-67.",,,natural,forest: temperate coniferous forest biome,Larix gmelinii,EcM; no others,,,,,,Laura M. Suz,ok,,EcM
"Maeda, M. (1954). The meaning of mycorrhiza in regard to systematic botany. Kumamoto J. Sci. Ser. B., 3, 57-84.",,,,,Litsea cubeba,AM; others not addressed,,,,,,,,,AM
"Maeda, M. (1954). The meaning of mycorrhiza in regard to systematic botany. Kumamoto J. Sci. Ser. B., 3, 57-84.",,,,,Celtis sinensis,AM; others not addressed,,,,,,,,,AM
"Maeda, M. (1954). The meaning of mycorrhiza in regard to systematic botany. Kumamoto J. Sci. Ser. B., 3, 57-84.",,,,,Cercidiphyllum japonicum,AM; others not addressed,,,,,,,,,AM
"Maeda, M. (1954). The meaning of mycorrhiza in regard to systematic botany. Kumamoto J. Sci. Ser. B., 3, 57-84.",,,,,Cinnamomum camphora,AM; others not addressed,,,,,,,,,AM
"Maeda, M. (1954). The meaning of mycorrhiza in regard to systematic botany. Kumamoto J. Sci. Ser. B., 3, 57-84.",,,,,Cunninghamia lanceolata,AM; others not addressed,,,,,,,,,AM
"Maeda, M. (1954). The meaning of mycorrhiza in regard to systematic botany. Kumamoto J. Sci. Ser. B., 3, 57-84.",,,,,Dicranopteris linearis,AM; others not addressed,,,,,,,,,AM
"Maeda, M. (1954). The meaning of mycorrhiza in regard to systematic botany. Kumamoto J. Sci. Ser. B., 3, 57-84.",,,,,Elaeocarpus sylvestris,AM; others not addressed,,,,,,,,,AM
"Maeda, M. (1954). The meaning of mycorrhiza in regard to systematic botany. Kumamoto J. Sci. Ser. B., 3, 57-84.",,,,,Equisetum hyemale,non-mycorrhizal (checked for all types),,,,,,,,,NM-AM
"Maeda, M. (1954). The meaning of mycorrhiza in regard to systematic botany. Kumamoto J. Sci. Ser. B., 3, 57-84.",,,,,Eriobotrya japonica,AM; others not addressed,,,,,,,,,AM
"Maeda, M. (1954). The meaning of mycorrhiza in regard to systematic botany. Kumamoto J. Sci. Ser. B., 3, 57-84.",,,,,Eurya japonica,AM; others not addressed,,,,,,,,,AM
"Maeda, M. (1954). The meaning of mycorrhiza in regard to systematic botany. Kumamoto J. Sci. Ser. B., 3, 57-84.",,,,,Ginkgo biloba,AM; others not addressed,,,,,,,,,AM
"Maeda, M. (1954). The meaning of mycorrhiza in regard to systematic botany. Kumamoto J. Sci. Ser. B., 3, 57-84.",,,,,Koelreuteria paniculata,AM; others not addressed,,,,,,,,,AM
"Maeda, M. (1954). The meaning of mycorrhiza in regard to systematic botany. Kumamoto J. Sci. Ser. B., 3, 57-84.",,,,,Liriodendron tulipifera,AM; others not addressed,,,,,,,,,AM
"Maeda, M. (1954). The meaning of mycorrhiza in regard to systematic botany. Kumamoto J. Sci. Ser. B., 3, 57-84.",,,,,Cornus officinalis,AM; others not addressed,,,,,,,,,AM
"Maeda, M. (1954). The meaning of mycorrhiza in regard to systematic botany. Kumamoto J. Sci. Ser. B., 3, 57-84.",,,,,Magnolia denudata,AM; others not addressed,,,,,,,,,AM
"Maeda, M. (1954). The meaning of mycorrhiza in regard to systematic botany. Kumamoto J. Sci. Ser. B., 3, 57-84.",,,,,Matteuccia struthiopteris,AM; others not addressed,,,,,,,,,AM
"Maeda, M. (1954). The meaning of mycorrhiza in regard to systematic botany. Kumamoto J. Sci. Ser. B., 3, 57-84.",,,,,Quercus aliena,EcM; others not addressed,,,,,,Laura M. Suz,ok,,EcM
"Maeda, M. (1954). The meaning of mycorrhiza in regard to systematic botany. Kumamoto J. Sci. Ser. B., 3, 57-84.",,,,,Myrsine seguinii,AM; others not addressed,,,,,,,,,AM
"Maeda, M. (1954). The meaning of mycorrhiza in regard to systematic botany. Kumamoto J. Sci. Ser. B., 3, 57-84.",,,,,Styphnolobium japonicum,AM; others not addressed,,,,,,,,,AM
"Maeda, M. (1954). The meaning of mycorrhiza in regard to systematic botany. Kumamoto J. Sci. Ser. B., 3, 57-84.",,,,,Ulmus davidiana,AM; others not addressed,,,,,,,,,AM
"Muthukumar, T., & Udaiyan, K. (2000). Arbuscular mycorrhizas of plants growing in the Western Ghats region, Southern India. Mycorrhiza, 9(6), 297-313.",,,,,Acacia auriculiformis,non-AM; others not addressed,,Leho Tedersoo,misleading report from EcM perspective (most species of Acacia s.str. are EcM-AM; in this study 23% reports conflict with predictions),Mark Brundrett,misleading report from AM perspective,,,,EcM-AM
"Muthukumar, T., & Udaiyan, K. (2000). Arbuscular mycorrhizas of plants growing in the Western Ghats region, Southern India. Mycorrhiza, 9(6), 297-313.",,,,,Magnolia champaca,non-AM; others not addressed,,Leho Tedersoo,"probably incorrect (this genus is AM, most reports of this species are AM; in this study 23% reports conflict with predictions)",,,,,,AM
"Muthukumar, T., Senthilkumar, M., Rajangam, M., & Udaiyan, K. (2006). Arbuscular mycorrhizal morphology and dark septate fungal associations in medicinal and aromatic plants of Western Ghats, Southern India. Mycorrhiza, 17(1), 11-24.",,,,,Magnolia champaca,AM; others not addressed,,,,,,,,,AM
"Neville, J., Tessier, J. L., Morrison, I., Scarratt, J., Canning, B., & Klironomos, J. N. (2002). Soil depth distribution of ecto-and arbuscular mycorrhizal fungi associated with Populus tremuloides within a 3-year-old boreal forest clear-cut. Applied Soil Ecology, 19(3), 209-216.",,,,,Populus tremuloides,AM; others not addressed,,Leho Tedersoo,misleading report from EcM perspective (this genus is EcM-AM),,,,,,EcM-AM
"Noelle, W. (1910). Studien zur vergleichenden Anatomie und Morphologie der Koniferenwurzeln mit Rucksicht auf die Systematik. Bot. Ztg, 68, 169-266.",,,plantation,,Pinus strobus,EcM; others not addressed,,,,,,Laura M. Suz,ok,,EcM
"Onipchenko, V. G. in Alpine ecosystems in the Northwestern Caucasus   (ed V.G.  Onipchenko)  284-296 (Kluwer, 2004).",,,,,Matteuccia struthiopteris,AM; others not addressed,,,,,,,,,AM
"Ragupathy, S., & Mahadevan, A. (1993). Distribution of vesicular-arbuscular mycorrhizae in the plants and rhizosphere soils of the tropical plains, Tamil Nadu, India. Mycorrhiza, 3(3), 123-136.",,,,,Acacia auriculiformis,non-AM; others not addressed,,Leho Tedersoo,misleading report from EcM perspective (most species of Acacia s.str. are EcM-AM),Mark Brundrett,misleading report from AM perspective,,,,EcM-AM
"Ragupathy, S., & Mahadevan, A. (1993). Distribution of vesicular-arbuscular mycorrhizae in the plants and rhizosphere soils of the tropical plains, Tamil Nadu, India. Mycorrhiza, 3(3), 123-136.",,,,,Catunaregam spinosa,AM; others not addressed,,,,,,,,,AM
"Sharma, G. D., & Mishra, R. R. (1982). Mycorrhizal association in gymnosperms of Meghalaya. Acta Botanica Indica, 10(1), 43-49.",,,natural,,Cunninghamia lanceolata,AM; others not addressed,,,,,,,,,AM
"Sharma, G. D., & Mishra, R. R. (1982). Mycorrhizal association in gymnosperms of Meghalaya. Acta Botanica Indica, 10(1), 43-49.",,,natural,,Ginkgo biloba,AM; others not addressed,,,,,,,,,AM
"Sharma, S. K., Sharma, G. D., & Mishra, R. R. (1986). Status of mycorrhizae in sub-tropical forest ecosystem of Meghalaya. Acta bot. indica, 14, 87-92.",,,natural,,Castanopsis hystrix,EcM; no others,,,,,,Laura M. Suz,do not know,,EcM
"Song Fuqiang, Tian Xingjun, Yang Changlin, He Xingbing, Chen Bin, Zhu Jing, Hao Jiejie.(2006).Ectomycorrhizal infection intensity of subalpine forest ecosystems in western Sichuan, China.ACTA ECOLOGICA SINICA, 26(12):4171-4178.",,,natural,,Betula albosinensis,EcM; others not addressed,,,,,,Laura M. Suz,ok,,EcM
"Song Fuqiang, Tian Xingjun, Yang Changlin, He Xingbing, Chen Bin, Zhu Jing, Hao Jiejie.(2006).Ectomycorrhizal infection intensity of subalpine forest ecosystems in western Sichuan, China.ACTA ECOLOGICA SINICA, 26(12):4171-4178.",,,natural,,Pinus armandii,EcM; others not addressed,,,,,,Laura M. Suz,ok,,EcM
"Song Fuqiang, Tian Xingjun, Yang Changlin, He Xingbing, Chen Bin, Zhu Jing, Hao Jiejie.(2006).Ectomycorrhizal infection intensity of subalpine forest ecosystems in western Sichuan, China.ACTA ECOLOGICA SINICA, 26(12):4171-4178.",,,natural,,Larix gmelinii,EcM; others not addressed,,,,,,Laura M. Suz,ok,,EcM
"Su Liying, Cheng Aixing, Yu Ailin, Fu Weiqiang, Zheng Pingyao. (1992).Investigation on Mycorrhizae of Forest Tress in Natureal Reserve of Mount Tianmu. Jounal Zhejiang Forestry College, 9(3): 263-276.",,,natural,other,Quercus aliena,EcM; others not addressed,,Leho Tedersoo,in this study 38% reports conflict with predictions,,,Laura M. Suz,ok,H: forest: subtropical broadleaf forest biome,EcM
"Su Liying, Cheng Aixing, Yu Ailin, Fu Weiqiang, Zheng Pingyao. (1992).Investigation on Mycorrhizae of Forest Tress in Natureal Reserve of Mount Tianmu. Jounal Zhejiang Forestry College, 9(3): 263-276.",,,natural,other,Pistacia chinensis,EcM; others not addressed,,Leho Tedersoo,incorrect report (this genus is AM; in this study 38% reports conflict with predictions),,,Laura M. Suz,not ECM,H: forest: subtropical broadleaf forest biome,AM
"Su Liying, Cheng Aixing, Yu Ailin, Fu Weiqiang, Zheng Pingyao. (1992).Investigation on Mycorrhizae of Forest Tress in Natureal Reserve of Mount Tianmu. Jounal Zhejiang Forestry College, 9(3): 263-276.",,,natural,other,Ginkgo biloba,AM; others not addressed,,Leho Tedersoo,in this study 38% reports conflict with predictions,,,,,H: forest: subtropical broadleaf forest biome,AM
"Su Liying, Cheng Aixing, Yu Ailin, Fu Weiqiang, Zheng Pingyao. (1992).Investigation on Mycorrhizae of Forest Tress in Natureal Reserve of Mount Tianmu. Jounal Zhejiang Forestry College, 9(3): 263-276.",,,natural,other,Cunninghamia lanceolata,AM; others not addressed,,Leho Tedersoo,in this study 38% reports conflict with predictions,,,,,H: forest: subtropical broadleaf forest biome,AM
"Su Liying, Cheng Aixing, Yu Ailin, Fu Weiqiang, Zheng Pingyao. (1992).Investigation on Mycorrhizae of Forest Tress in Natureal Reserve of Mount Tianmu. Jounal Zhejiang Forestry College, 9(3): 263-276.",,,natural,other,Carpinus cordata,AM; others not addressed,,Leho Tedersoo,incorrect report (this genus is EcM; in this study 38% reports conflict with predictions),Mark Brundrett,probably EcM,,,H: forest: subtropical broadleaf forest biome,EcM
"Su Liying, Cheng Aixing, Yu Ailin, Fu Weiqiang, Zheng Pingyao. (1992).Investigation on Mycorrhizae of Forest Tress in Natureal Reserve of Mount Tianmu. Jounal Zhejiang Forestry College, 9(3): 263-276.",,,natural,other,Celtis sinensis,AM; others not addressed,,Leho Tedersoo,in this study 38% reports conflict with predictions,,,,,H: forest: subtropical broadleaf forest biome,AM
"Su Liying, Cheng Aixing, Yu Ailin, Fu Weiqiang, Zheng Pingyao. (1992).Investigation on Mycorrhizae of Forest Tress in Natureal Reserve of Mount Tianmu. Jounal Zhejiang Forestry College, 9(3): 263-276.",,,natural,other,Cercidiphyllum japonicum,AM; others not addressed,,Leho Tedersoo,in this study 38% reports conflict with predictions,,,,,H: forest: subtropical broadleaf forest biome,AM
"Su Liying, Cheng Aixing, Yu Ailin, Fu Weiqiang, Zheng Pingyao. (1992).Investigation on Mycorrhizae of Forest Tress in Natureal Reserve of Mount Tianmu. Jounal Zhejiang Forestry College, 9(3): 263-276.",,,natural,other,Liriodendron chinense,AM; others not addressed,,Leho Tedersoo,in this study 38% reports conflict with predictions,,,,,H: forest: subtropical broadleaf forest biome,AM
"Su Liying, Cheng Aixing, Yu Ailin, Fu Weiqiang, Zheng Pingyao. (1992).Investigation on Mycorrhizae of Forest Tress in Natureal Reserve of Mount Tianmu. Jounal Zhejiang Forestry College, 9(3): 263-276.",,,natural,other,Magnolia grandiflora,AM; others not addressed,,Leho Tedersoo,in this study 38% reports conflict with predictions,,,,,H: forest: subtropical broadleaf forest biome,AM
"Su Liying, Cheng Aixing, Yu Ailin, Fu Weiqiang, Zheng Pingyao. (1992).Investigation on Mycorrhizae of Forest Tress in Natureal Reserve of Mount Tianmu. Jounal Zhejiang Forestry College, 9(3): 263-276.",,,natural,other,Magnolia maudiae,AM; others not addressed,,Leho Tedersoo,in this study 38% reports conflict with predictions,,,,,H: forest: subtropical broadleaf forest biome,AM
"Su Liying, Cheng Aixing, Yu Ailin, Fu Weiqiang, Zheng Pingyao. (1992).Investigation on Mycorrhizae of Forest Tress in Natureal Reserve of Mount Tianmu. Jounal Zhejiang Forestry College, 9(3): 263-276.",,,natural,other,Litsea cubeba,AM; others not addressed,,Leho Tedersoo,in this study 38% reports conflict with predictions,,,,,H: forest: subtropical broadleaf forest biome,AM
"Su Liying, Cheng Aixing, Yu Ailin, Fu Weiqiang, Zheng Pingyao. (1992).Investigation on Mycorrhizae of Forest Tress in Natureal Reserve of Mount Tianmu. Jounal Zhejiang Forestry College, 9(3): 263-276.",,,natural,other,Platanus acerifolia,AM; others not addressed,,Leho Tedersoo,in this study 38% reports conflict with predictions,,,,,H: forest: subtropical broadleaf forest biome,AM
"Su Liying, Cheng Aixing, Yu Ailin, Fu Weiqiang, Zheng Pingyao. (1992).Investigation on Mycorrhizae of Forest Tress in Natureal Reserve of Mount Tianmu. Jounal Zhejiang Forestry College, 9(3): 263-276.",,,natural,other,Acer davidii,AM; others not addressed,,Leho Tedersoo,in this study 38% reports conflict with predictions,,,,,H: forest: subtropical broadleaf forest biome,AM
"Su Liying, Cheng Aixing, Yu Ailin, Fu Weiqiang, Zheng Pingyao. (1992).Investigation on Mycorrhizae of Forest Tress in Natureal Reserve of Mount Tianmu. Jounal Zhejiang Forestry College, 9(3): 263-276.",,,natural,other,Cornus officinalis,AM; others not addressed,,Leho Tedersoo,in this study 38% reports conflict with predictions,,,,,H: forest: subtropical broadleaf forest biome,AM
"Su Liying, Cheng Aixing, Yu Ailin, Fu Weiqiang, Zheng Pingyao. (1992).Investigation on Mycorrhizae of Forest Tress in Natureal Reserve of Mount Tianmu. Jounal Zhejiang Forestry College, 9(3): 263-276.",,,natural,other,Fraxinus chinensis,AM; others not addressed,,Leho Tedersoo,in this study 38% reports conflict with predictions,,,,,H: forest: subtropical broadleaf forest biome,AM
"Su Liying, Cheng Aixing, Yu Ailin, Fu Weiqiang, Zheng Pingyao. (1992).Investigation on Mycorrhizae of Forest Tress in Natureal Reserve of Mount Tianmu. Jounal Zhejiang Forestry College, 9(3): 263-276.",,,natural,other,Magnolia denudata,"EcM,AM",,Leho Tedersoo,incorrect report for EcM (this genus is AM; in this study 38% reports conflict with predictions),Mark Brundrett,incorrect report for EcM,Laura M. Suz,not ECM,H: forest: subtropical broadleaf forest biome,AM
"Su Liying, Cheng Aixing, Yu Ailin, Fu Weiqiang, Zheng Pingyao. (1992).Investigation on Mycorrhizae of Forest Tress in Natureal Reserve of Mount Tianmu. Jounal Zhejiang Forestry College, 9(3): 263-276.",,,natural,other,Cinnamomum camphora,"EcM,AM",,Leho Tedersoo,incorrect report for EcM (this genus is AM; in this study 38% reports conflict with predictions),Mark Brundrett,probably non-ectomycorrhzal,Laura M. Suz,do not know,H: forest: subtropical broadleaf forest biome,AM
"Su Liying, Cheng Aixing, Yu Ailin, Fu Weiqiang, Zheng Pingyao. (1992).Investigation on Mycorrhizae of Forest Tress in Natureal Reserve of Mount Tianmu. Jounal Zhejiang Forestry College, 9(3): 263-276.",,,natural,other,Alangium chinense,non-mycorrhizal (checked for all types),,Leho Tedersoo,"probably incorrect (this genus is AM, most reports of this species are AM; in this study 38% reports conflict with predictions)",,,,,H: forest: subtropical broadleaf forest biome,AM
"Su Liying, Liang Xiutang.(1985).A Preliminary Report on Investigation of Mycorrhiza of Cultivated Woody Plants in Guangxi. Guihaia, 5(2): 127-138.",,,plantation,other,Cunninghamia lanceolata,AM; others not addressed,,,,,,,,,AM
"Su Liying, Liang Xiutang.(1985).A Preliminary Report on Investigation of Mycorrhiza of Cultivated Woody Plants in Guangxi. Guihaia, 5(2): 127-138.",,,plantation,other,Liriodendron chinense,AM; others not addressed,,,,,,,,,AM
"Su Liying, Liang Xiutang.(1985).A Preliminary Report on Investigation of Mycorrhiza of Cultivated Woody Plants in Guangxi. Guihaia, 5(2): 127-138.",,,plantation,other,Magnolia macclurei,AM; others not addressed,,,,,,,,,AM
"Su Liying, Liang Xiutang.(1985).A Preliminary Report on Investigation of Mycorrhiza of Cultivated Woody Plants in Guangxi. Guihaia, 5(2): 127-138.",,,nursery,other,Magnolia grandiflora,AM; others not addressed,,,,,,,,,AM
"Su Liying, Liang Xiutang.(1985).A Preliminary Report on Investigation of Mycorrhiza of Cultivated Woody Plants in Guangxi. Guihaia, 5(2): 127-138.",,,nursery,other,Magnolia denudata,AM; others not addressed,,,,,,,,,AM
"Su Liying, Liang Xiutang.(1985).A Preliminary Report on Investigation of Mycorrhiza of Cultivated Woody Plants in Guangxi. Guihaia, 5(2): 127-138.",,,plantation,other,Cinnamomum camphora,AM; others not addressed,,,,,,,,,AM
"Su Liying, Liang Xiutang.(1985).A Preliminary Report on Investigation of Mycorrhiza of Cultivated Woody Plants in Guangxi. Guihaia, 5(2): 127-138.",,,nursery,other,Cinnamomum cassia,AM; others not addressed,,,,,,,,,AM
"Su Liying, Liang Xiutang.(1985).A Preliminary Report on Investigation of Mycorrhiza of Cultivated Woody Plants in Guangxi. Guihaia, 5(2): 127-138.",,,plantation,other,Canarium album,AM; others not addressed,,,,,,,,,AM
"Su Liying, Liang Xiutang.(1985).A Preliminary Report on Investigation of Mycorrhiza of Cultivated Woody Plants in Guangxi. Guihaia, 5(2): 127-138.",,,plantation,other,Pinus tabuliformis,"EcM,AM",,Leho Tedersoo,"incorrect report for AM (this genus is EcM, most reports of this species are EcM)",Mark Brundrett,incorrect report for AM,Laura M. Suz,ok,,EcM
"Su Liying, Liang Xiutang.(1985).A Preliminary Report on Investigation of Mycorrhiza of Cultivated Woody Plants in Guangxi. Guihaia, 5(2): 127-138.",,,plantation,other,Magnolia odora,"EcM,AM",,Leho Tedersoo,incorrect report for EcM (this genus is AM),Mark Brundrett,incorrect report for EcM,Laura M. Suz,not ECM,,AM
"Su Liying, Liang Xiutang.(1985).A Preliminary Report on Investigation of Mycorrhiza of Cultivated Woody Plants in Guangxi. Guihaia, 5(2): 127-138.",,,nursery,other,Syzygium levinei,"EcM,AM",,Leho Tedersoo,incorrect report for EcM (this genus is AM),Mark Brundrett,incorrect report for EcM,Laura M. Suz,do not know,,AM
"Su Liying, Liang Xiutang.(1985).A Preliminary Report on Investigation of Mycorrhiza of Cultivated Woody Plants in Guangxi. Guihaia, 5(2): 127-138.",,,natural,other,Castanopsis hystrix,"EcM,AM",,Leho Tedersoo,AM unimportant in adults,,,Laura M. Suz,do not know,,EcM
"T. Muthukumar, Liqing Sha,  Xiaodong Yang, Min Cao, Jianwei Tang, Zheng Zheng. (2003).Mycorrhiza of plants in different vegetation types
in tropical ecosystems of Xishuangbanna, southwest China.Mycorrhiza,13:289–297.",,,natural,forest: tropical broadleaf forest biome,Goniothalamus griffithii,AM; others not addressed,Paris-type,,,,,,,,AM
"T. Muthukumar, Liqing Sha,  Xiaodong Yang, Min Cao, Jianwei Tang, Zheng Zheng. (2003).Mycorrhiza of plants in different vegetation types
in tropical ecosystems of Xishuangbanna, southwest China.Mycorrhiza,13:289–297.",,,natural,forest: tropical broadleaf forest biome,Ocotea lancifolia,AM; others not addressed,Paris-type,,,,,,,,AM
"T. Muthukumar, Liqing Sha,  Xiaodong Yang, Min Cao, Jianwei Tang, Zheng Zheng. (2003).Mycorrhiza of plants in different vegetation types
in tropical ecosystems of Xishuangbanna, southwest China.Mycorrhiza,13:289–297.",,,natural,forest: tropical broadleaf forest biome,Allophylus cobbe,AM; others not addressed,Arum subtype,,,,,,,,AM
"T. Muthukumar, Liqing Sha,  Xiaodong Yang, Min Cao, Jianwei Tang, Zheng Zheng. (2003).Mycorrhiza of plants in different vegetation types
in tropical ecosystems of Xishuangbanna, southwest China.Mycorrhiza,13:289–297.",,,natural,forest: tropical broadleaf forest biome,Gironniera subaequalis,non-mycorrhizal (checked for all types),,,,,,,,,AM
"Timonen, S., & Kauppinen, P. (2008). Mycorrhizal colonisation patterns of Tilia trees in street, nursery and forest habitats in southern Finland. Urban Forestry & Urban Greening, 7(4), 265-276.",,,,,Tilia cordata,EcM; others not addressed,,,,,,Laura M. Suz,ok,,EcM
"Timonen, S., & Kauppinen, P. (2008). Mycorrhizal colonisation patterns of Tilia trees in street, nursery and forest habitats in southern Finland. Urban Forestry & Urban Greening, 7(4), 265-276.",,,,,Tilia cordata,EcM; others not addressed,,,,,,Laura M. Suz,ok,,EcM
"Timonen, S., & Kauppinen, P. (2008). Mycorrhizal colonisation patterns of Tilia trees in street, nursery and forest habitats in southern Finland. Urban Forestry & Urban Greening, 7(4), 265-276.",,,,,Tilia cordata,EcM; others not addressed,,,,,,Laura M. Suz,ok,,EcM
"Timonen, S., & Kauppinen, P. (2008). Mycorrhizal colonisation patterns of Tilia trees in street, nursery and forest habitats in southern Finland. Urban Forestry & Urban Greening, 7(4), 265-276.",,,,,Tilia cordata,EcM; others not addressed,,,,,,Laura M. Suz,ok,,EcM
"Wu Chonghua, Wang Jiren, Ynag Junxiu, Wu Guohua. (2001). A study on ectomyco r rhiza and myco rrhiza fungi in Taibai Mountain Nature Reserve.Jour. of Northwest Sci-Tech Univ. of Agri. and For. ( Nat. Sci. Ed.),29(2):56-60.",,,natural,forest: temperate broadleaf forest biome,Pinus armandii,EcM; others not addressed,,,,,,Laura M. Suz,ok,,EcM
"Wu Chonghua, Wang Jiren, Ynag Junxiu, Wu Guohua. (2001). A study on ectomyco r rhiza and myco rrhiza fungi in Taibai Mountain Nature Reserve.Jour. of Northwest Sci-Tech Univ. of Agri. and For. ( Nat. Sci. Ed.),29(2):56-60.",,,natural,forest: temperate broadleaf forest biome,Pinus armandii,EcM; others not addressed,,,,,,Laura M. Suz,ok,,EcM
"Xiang Xu, Zhao Hong, Deng Gongcheng.(2009).Research on Mycorrhiza of Karst Secondary Scrubsin Qiannan Region.Journal of Anhui Agri.Sci., 37(19):9073 -9074.",,,natural,other,Lindera communis,AM; others not addressed,,,,,,,,,AM
"Zhang Meifang, Li Zhenxiang, Pan Xiaobao, Mo Shenghua, Wu Huaqiu, Liang Ping. (1995). Investigation on the Resources of Vesicular-Arbuscular Mycorrhizae. Journal of Guangxi Agricultural University, 14(2):129-136.",,,plantation,anthropogenic: cropland biome,Eriobotrya japonica,AM; others not addressed,,,,,,,,,AM
"Zhao Zhiwei, Li Xiwu, Wang Guohua, Cheng Lizhong, Sha Tao, Yang Ling, Ren Licheng. (2001). AM fungi in the tropical rain forest of Xishuangbanna.Mycosystema, 20(3):316-323.",,,natural,forest: tropical broadleaf forest biome,Goniothalamus griffithii,AM; others not addressed,,,,,,,,"AG: Berch & Kendrick, 1982",AM
"Zhao Zhiwei, Li Xiwu, Wang Guohua, Cheng Lizhong, Sha Tao, Yang Ling, Ren Licheng. (2001). AM fungi in the tropical rain forest of Xishuangbanna.Mycosystema, 20(3):316-323.",,,natural,forest: tropical broadleaf forest biome,Ocotea lancifolia,AM; others not addressed,,,,,,,,"AG: Berch & Kendrick, 1982",AM
"Zhao Zhiwei, Li Xiwu, Wang Guohua, Cheng Lizhong, Sha Tao, Yang Ling, Ren Licheng. (2001). AM fungi in the tropical rain forest of Xishuangbanna.Mycosystema, 20(3):316-323.",,,natural,forest: tropical broadleaf forest biome,Acronychia pedunculata,AM; others not addressed,,,,,,,,"AG: Berch & Kendrick, 1982",AM
"Zhao Zhiwei, Li Xiwu, Wang Guohua, Cheng Lizhong, Sha Tao, Yang Ling, Ren Licheng. (2001). AM fungi in the tropical rain forest of Xishuangbanna.Mycosystema, 20(3):316-323.",,,natural,forest: tropical broadleaf forest biome,Allophylus cobbe,AM; others not addressed,,,,,,,,"AG: Berch & Kendrick, 1982",AM
"Zhuang Xueying, Chen Yongjuan.(1997). Investigation of plant mycorrhizae in secondary forests of Hong Kong.CHINESE BIODIVERSITY,5(4):287-292.",,,natural,forest: tropical broadleaf forest biome,Alangium chinense,AM; others not addressed,,,,,,,,H: Kormanik and McGraw （1984）,AM
"Zhuang Xueying, Chen Yongjuan.(1997). Investigation of plant mycorrhizae in secondary forests of Hong Kong.CHINESE BIODIVERSITY,5(4):287-292.",,,natural,forest: tropical broadleaf forest biome,Itea chinensis,AM; others not addressed,,,,,,,,H: Kormanik and McGraw （1984）,AM
"Zhuang Xueying, Chen Yongjuan.(1997). Investigation of plant mycorrhizae in secondary forests of Hong Kong.CHINESE BIODIVERSITY,5(4):287-292.",,,natural,forest: tropical broadleaf forest biome,Endospermum chinense,AM; others not addressed,,,,,,,,H: Kormanik and McGraw （1984）,AM
"Zhuang Xueying, Chen Yongjuan.(1997). Investigation of plant mycorrhizae in secondary forests of Hong Kong.CHINESE BIODIVERSITY,5(4):287-292.",,,natural,forest: tropical broadleaf forest biome,Archidendron lucidum,AM; others not addressed,,,,,,,,H: Kormanik and McGraw （1984）,AM
"Zhuang Xueying, Chen Yongjuan.(1997). Investigation of plant mycorrhizae in secondary forests of Hong Kong.CHINESE BIODIVERSITY,5(4):287-292.",,,natural,forest: tropical broadleaf forest biome,Cratoxylum cochinchinense,AM; others not addressed,,,,,,,,H: Kormanik and McGraw （1984）,AM
"Zhuang Xueying, Chen Yongjuan.(1997). Investigation of plant mycorrhizae in secondary forests of Hong Kong.CHINESE BIODIVERSITY,5(4):287-292.",,,natural,forest: tropical broadleaf forest biome,Garcinia oblongifolia,AM; others not addressed,,,,,,,,H: Kormanik and McGraw （1984）,AM
"Zhuang Xueying, Chen Yongjuan.(1997). Investigation of plant mycorrhizae in secondary forests of Hong Kong.CHINESE BIODIVERSITY,5(4):287-292.",,,natural,forest: tropical broadleaf forest biome,Cinnamomum camphora,AM; others not addressed,,,,,,,,H: Kormanik and McGraw （1984）,AM
"Zhuang Xueying, Chen Yongjuan.(1997). Investigation of plant mycorrhizae in secondary forests of Hong Kong.CHINESE BIODIVERSITY,5(4):287-292.",,,natural,forest: tropical broadleaf forest biome,Cinnamomum porrectum,AM; others not addressed,,,,,,,,H: Kormanik and McGraw （1984）,AM
"Zhuang Xueying, Chen Yongjuan.(1997). Investigation of plant mycorrhizae in secondary forests of Hong Kong.CHINESE BIODIVERSITY,5(4):287-292.",,,natural,forest: tropical broadleaf forest biome,Cryptocarya chinensis,AM; others not addressed,,,,,,,,H: Kormanik and McGraw （1984）,AM
"Zhuang Xueying, Chen Yongjuan.(1997). Investigation of plant mycorrhizae in secondary forests of Hong Kong.CHINESE BIODIVERSITY,5(4):287-292.",,,natural,forest: tropical broadleaf forest biome,Machilus breviflora,AM; others not addressed,,,,,,,,H: Kormanik and McGraw （1984）,AM
"Zhuang Xueying, Chen Yongjuan.(1997). Investigation of plant mycorrhizae in secondary forests of Hong Kong.CHINESE BIODIVERSITY,5(4):287-292.",,,natural,forest: tropical broadleaf forest biome,Machilus velutina,AM; others not addressed,,,,,,,,H: Kormanik and McGraw （1984）,AM
"Zhuang Xueying, Chen Yongjuan.(1997). Investigation of plant mycorrhizae in secondary forests of Hong Kong.CHINESE BIODIVERSITY,5(4):287-292.",,,natural,forest: tropical broadleaf forest biome,Memecylon nigrescens,AM; others not addressed,,,,,,,,H: Kormanik and McGraw （1984）,AM
"Zhuang Xueying, Chen Yongjuan.(1997). Investigation of plant mycorrhizae in secondary forests of Hong Kong.CHINESE BIODIVERSITY,5(4):287-292.",,,natural,forest: tropical broadleaf forest biome,Ficus variolosa,AM; others not addressed,,,,,,,,H: Kormanik and McGraw （1984）,AM
"Zhuang Xueying, Chen Yongjuan.(1997). Investigation of plant mycorrhizae in secondary forests of Hong Kong.CHINESE BIODIVERSITY,5(4):287-292.",,,natural,forest: tropical broadleaf forest biome,Ardisia quinquegona,AM; others not addressed,,,,,,,,H: Kormanik and McGraw （1984）,AM
"Zhuang Xueying, Chen Yongjuan.(1997). Investigation of plant mycorrhizae in secondary forests of Hong Kong.CHINESE BIODIVERSITY,5(4):287-292.",,,natural,forest: tropical broadleaf forest biome,Syzygium levinei,AM; others not addressed,,,,,,,,H: Kormanik and McGraw （1984）,AM
"Zhuang Xueying, Chen Yongjuan.(1997). Investigation of plant mycorrhizae in secondary forests of Hong Kong.CHINESE BIODIVERSITY,5(4):287-292.",,,natural,forest: tropical broadleaf forest biome,Pentaphylax euryoides,AM; others not addressed,,,,,,,,H: Kormanik and McGraw （1984）,AM
"Zhuang Xueying, Chen Yongjuan.(1997). Investigation of plant mycorrhizae in secondary forests of Hong Kong.CHINESE BIODIVERSITY,5(4):287-292.",,,natural,forest: tropical broadleaf forest biome,Rhaphiolepis indica,AM; others not addressed,,,,,,,,H: Kormanik and McGraw （1984）,AM
"Zhuang Xueying, Chen Yongjuan.(1997). Investigation of plant mycorrhizae in secondary forests of Hong Kong.CHINESE BIODIVERSITY,5(4):287-292.",,,natural,forest: tropical broadleaf forest biome,Psychotria asiatica,AM; others not addressed,,,,,,,,H: Kormanik and McGraw （1984）,AM
"Zhuang Xueying, Chen Yongjuan.(1997). Investigation of plant mycorrhizae in secondary forests of Hong Kong.CHINESE BIODIVERSITY,5(4):287-292.",,,natural,forest: tropical broadleaf forest biome,Acronychia pedunculata,AM; others not addressed,,,,,,,,H: Kormanik and McGraw （1984）,AM
"Zhuang Xueying, Chen Yongjuan.(1997). Investigation of plant mycorrhizae in secondary forests of Hong Kong.CHINESE BIODIVERSITY,5(4):287-292.",,,natural,forest: tropical broadleaf forest biome,Sterculia lanceolata,AM; others not addressed,,,,,,,,H: Kormanik and McGraw （1984）,AM
"Zhuang Xueying, Chen Yongjuan.(1997). Investigation of plant mycorrhizae in secondary forests of Hong Kong.CHINESE BIODIVERSITY,5(4):287-292.",,,natural,forest: tropical broadleaf forest biome,Gordonia axillaris,AM; others not addressed,,,,,,,,H: Kormanik and McGraw （1984）,AM
"Bai, S., L Li, Y. Liu, R.K Dumroese, and R. Lv. 2009. Ostreopsis davidiana seedlings inoculated with ectomycorrhizal fungi facilitate formation of mycorrhizae on Pinus tabulaeformis seedlings. Mycorrhiza 19: 425-434",,,,,Pinus tabuliformis,EcM; no others,,,,,,Laura M. Suz,ok,,EcM
"Bakshi, B. K. (1974). Mycorrhiza and its role in forestry. Mycorrhiza and its role in forestry.",,,,,Cinnamomum camphora,AM; others not addressed,,,,,,,,,AM
"Bakshi, B. K. (1974). Mycorrhiza and its role in forestry. Mycorrhiza and its role in forestry.",,,,,Magnolia champaca,AM; others not addressed,,,,,,,,,AM
"Boullard, B., & Ferchau, H. A. (1962). Endotrophic mycorrhizae of plants collected in some eastern American and Canadian white pine communities. Phyton (Argentina), 19, 65-71.",,,,,Acer rubrum,AM; others not addressed,,,,,,,,,AM
"Boullard, B., & Ferchau, H. A. (1962). Endotrophic mycorrhizae of plants collected in some eastern American and Canadian white pine communities. Phyton (Argentina), 19, 65-71.",,,,,Liriodendron tulipifera,AM; others not addressed,,,,,,,,,AM
"Boullard, B., & Ferchau, H. A. (1962). Endotrophic mycorrhizae of plants collected in some eastern American and Canadian white pine communities. Phyton (Argentina), 19, 65-71.",,,,,Onoclea sensibilis,AM; others not addressed,,,,,,,,,AM
"Currah, R. S., & Van Dyk, M. (1986). survey of some perennial vascular plant species native to Alberta for occurrence of mycorrhizal fungi. Canadian Field-Naturalist.",,,,,Equisetum hyemale,non-mycorrhizal (checked for all types),,,,,,,,,NM-AM
"Daft, M. J., & Hacskaylo, E. (1976). Arbuscular mycorrhizas in the anthracite and bituminous coal wastes of Pennsylvania. Journal of Applied Ecology, 523-531.",,,wasteland,,Malus baccata,AM; others not addressed,,,,,,,,,AM
"DeBellis, T., Widden, P., & Messier, C. (2002). Effects of selective cuts on the mycorrhizae of regenerating Betula alleghaniensis and Acer saccharum seedlings in two Quebec mixed deciduous forests. Canadian journal of forest research, 32(6), 1094-1102.",,,,,Acer saccharum,AM; no others,,,,,,,,,AM
"DeBellis, T., Widden, P., & Messier, C. (2002). Effects of selective cuts on the mycorrhizae of regenerating Betula alleghaniensis and Acer saccharum seedlings in two Quebec mixed deciduous forests. Canadian journal of forest research, 32(6), 1094-1102.",,,,,Acer saccharum,AM; no others,,,,,,,,,AM
"Dhar, P. P. & Mridha, M. A. U (2006) Arbuscular Mycorrhizal Dependency of Some Tree Species-I, Bangladesh Journal of Agricultural Research, 31(4), 533-543.",,,,,Acacia auriculiformis,AM; others not addressed,,Leho Tedersoo,misleading report from EcM perspective (most species of Acacia s.str. are EcM-AM),,,,,,EcM-AM
"Dhar, P. P. & Mridha, M. A. U (2006) Arbuscular Mycorrhizal Dependency of Some Tree Species-I, Bangladesh Journal of Agricultural Research, 31(4), 533-543.",,,,,Aphanamixis polystachya,AM; others not addressed,,,,,,,,,AM
"Dhar, P. P., & Mridha, M. A. (2006). Biodiversity of arbuscular mycorrhizal fungi in different trees of madhupur forest, Bangladesh. Journal of Forestry Research, 17(3), 201-205.",,,,,Acacia auriculiformis,AM; others not addressed,,Leho Tedersoo,misleading report from EcM perspective (most species of Acacia s.str. are EcM-AM),,,,,,EcM-AM
"Dhar, P. P., & Mridha, M. A. (2006). Biodiversity of arbuscular mycorrhizal fungi in different trees of madhupur forest, Bangladesh. Journal of Forestry Research, 17(3), 201-205.",,,,,Acacia mangium,AM; others not addressed,,Leho Tedersoo,misleading report from EcM perspective (most species of Acacia s.str. are EcM-AM),,,,,,EcM-AM
"Dhar, P. P., & Mridha, M. A. U. (2012). Arbuscular mycorrhizal associations in different forest tree species of Hazarikhil forest of Chittagong, Bangladesh. Journal of Forestry Research, 23(1), 115-122.",,,,,Acacia mangium,AM; others not addressed,,Leho Tedersoo,misleading report from EcM perspective (most species of Acacia s.str. are EcM-AM),,,,,,EcM-AM
"Dickie, I. A., Koide, R. T., & Fayish, A. C. (2001). Vesicular–arbuscular mycorrhizal infection of Quercus rubra seedlings. New Phytologist, 151(1), 257-264.",,,,,Quercus rubra,AM; others not addressed,,Leho Tedersoo,incorrect report (this genus is EcM),Mark Brundrett,incorrect report for AM,,,,EcM
"Ducousso, Marc, and Daniel Thoen. ""Les types mycorhiziens des Acacieae."" Physiologie des arbres et arbustes en zones arides et semi-arides. Groupe d’étude de l’arbre. Paris (1991): 1-8.",,,,,Acacia auriculiformis,AM; no others,,Leho Tedersoo,most species of Acacia s.str. are EcM-AM,,,,,,EcM-AM
"Ducousso, Marc, and Daniel Thoen. ""Les types mycorhiziens des Acacieae."" Physiologie des arbres et arbustes en zones arides et semi-arides. Groupe d’étude de l’arbre. Paris (1991): 1-8.",,,,,Acacia auriculiformis,"EcM,AM",,Leho Tedersoo,most species of Acacia s.str. are EcM-AM,,,Laura M. Suz,do not know,,EcM-AM
"Ducousso, Marc, and Daniel Thoen. ""Les types mycorhiziens des Acacieae."" Physiologie des arbres et arbustes en zones arides et semi-arides. Groupe d’étude de l’arbre. Paris (1991): 1-8.",,,,,Acacia mangium,"EcM,AM",,Leho Tedersoo,most species of Acacia s.str. are EcM-AM,,,Laura M. Suz,do not know,,EcM-AM
"Ducousso, Marc, and Daniel Thoen. ""Les types mycorhiziens des Acacieae."" Physiologie des arbres et arbustes en zones arides et semi-arides. Groupe d’étude de l’arbre. Paris (1991): 1-8.",,,,,Acacia mangium,"EcM,AM",,Leho Tedersoo,most species of Acacia s.str. are EcM-AM,,,Laura M. Suz,do not know,,EcM-AM
"Georg, M. & Sarauw, F.L. (1903). Sur les mycorrhizes des arbres forestiers et sur le sens de la symbiose des racines. Revue mycologiqu. 157-172",,,,,Aesculus hippocastanum,non-mycorrhizal (checked for all types),,Leho Tedersoo,"probably incorrect (this genus is AM, most reports of this species are AM; in this study 27% reports conflict with predictions)",,,,,,AM
"Georg, M. & Sarauw, F.L. (1903). Sur les mycorrhizes des arbres forestiers et sur le sens de la symbiose des racines. Revue mycologiqu. 157-172",,,,,Fraxinus excelsior,non-mycorrhizal (checked for all types),,Leho Tedersoo,"probably incorrect (this genus is AM, most reports of this species are AM; in this study 27% reports conflict with predictions)",,,,,,AM
"Georg, M. & Sarauw, F.L. (1903). Sur les mycorrhizes des arbres forestiers et sur le sens de la symbiose des racines. Revue mycologiqu. 157-172",,,,,Acer pseudoplatanus,AM; no others,,Leho Tedersoo,in this study 27% reports conflict with predictions,,,,,,AM
"Georg, M. & Sarauw, F.L. (1903). Sur les mycorrhizes des arbres forestiers et sur le sens de la symbiose des racines. Revue mycologiqu. 157-172",,,,,Pinus strobus,EcM; no others,,Leho Tedersoo,in this study 27% reports conflict with predictions,,,Laura M. Suz,ok,,EcM
"Gomez, T. C. R., Faria, L. P., & Lin, M. T. (1987). Mycorrhization of eight species of eucalypts with VAM fungi. Mycorrhizae in the next decade: practical applications and research priorities (7th NACOM). Gainesville University, Florida, 125.",,,pot,,Eucalyptus urophylla,AM; no others,,,,Mark Brundrett,incorrect report,,,,EcM-AM
"Halder, M., Dhar, P. P., Nandi, N. C., & Akhter, S. (2015). Arbuscular Mycorrhizal colonization in some plant species and relationship with the soil properties in the BCSIR campus of Chittagong, Bangladesh. Research Journal of Biotechnology Vol, 10, 8.",,,,,Acacia auriculiformis,AM; others not addressed,,Leho Tedersoo,misleading report from EcM perspective (most species of Acacia s.str. are EcM-AM),,,,,,EcM-AM
"Henry, L. K. (1933). Mycorhizas of trees and shrubs. Botanical Gazette, 94(4), 791-800.",,,,,Acer platanoides,AM; no others,,Leho Tedersoo,in this study 33% reports conflict with predictions,,,,,,AM
"Henry, L. K. (1933). Mycorhizas of trees and shrubs. Botanical Gazette, 94(4), 791-800.",,,,,Cornus florida,AM; no others,,Leho Tedersoo,in this study 33% reports conflict with predictions,,,,,,AM
"Henry, L. K. (1933). Mycorhizas of trees and shrubs. Botanical Gazette, 94(4), 791-800.",,,,,Hamamelis virginiana,EcM; no others,,Leho Tedersoo,incorrect report (this genus is AM; in this study 33% reports conflict with predictions),Mark Brundrett,incorrect report for EcM,Laura M. Suz,do not know,,AM
"Henry, L. K. (1933). Mycorhizas of trees and shrubs. Botanical Gazette, 94(4), 791-800.",,,,,Nyssa sylvatica,AM; no others,,Leho Tedersoo,in this study 33% reports conflict with predictions,,,,,,AM
"Jaison, S., Rajeswari, K., & Muthukumar, T. (2012). Patterns of endorhizal fungal associations in fruit crops of southern India. Journal of Plant Nutrition and Soil Science, 175(4), 572-581.",,,natural,,Nephelium lappaceum,AM; others not addressed,,,,,,,,,AM
"Janse, J. M. ""Les endophytes radicaux de quelques plantes javanaises."" Ann. Jard. bot. Buitenzorg.(14) (1897): 53-201.",,,,forest: tropical broadleaf forest biome,Dacrycarpus imbricatus,AM; others not addressed,,,,,,,,,AM
"Khan, A. G., & Valder, P. G. (1972). The occurrence of root nodules in the Ginkgoales, Taxales and Coniferales. In Proc. Linn. Soc. NSW (Vol. 97, pp. 35-41).",,,,,Cunninghamia lanceolata,AM; no others,,,,,,,,,AM
"Khan, A. G., & Valder, P. G. (1972). The occurrence of root nodules in the Ginkgoales, Taxales and Coniferales. In Proc. Linn. Soc. NSW (Vol. 97, pp. 35-41).",,,,,Ginkgo biloba,non-mycorrhizal (checked for all types),,Leho Tedersoo,"probably incorrect (this genus is AM, most reports of this species are AM)",,,,,,AM
"Khasa, P., Furlan, V., & Lumande, K. (1990). Symbioses racinaires chez quelques essences forestières importantes au Zaire. Bois et forêts des tropiques, 224, 27-33.",,,,,Acacia auriculiformis,AM; no others,,Leho Tedersoo,most species of Acacia s.str. are EcM-AM,,,,,,EcM-AM
"Khasa, P., Furlan, V., & Lumande, K. (1990). Symbioses racinaires chez quelques essences forestières importantes au Zaire. Bois et forêts des tropiques, 224, 27-33.",,,,,Acacia mangium,AM; no others,,Leho Tedersoo,most species of Acacia s.str. are EcM-AM,,,,,,EcM-AM
"Khasa, P., Furlan, V., & Lumande, K. (1990). Symbioses racinaires chez quelques essences forestières importantes au Zaire. Bois et forêts des tropiques, 224, 27-33.",,,,,Nephelium lappaceum,AM; no others,,,,,,,,,AM
"Kong, D., Ma, C., Zhang, Q., Li, L., Chen, X., Zeng, H., & Guo, D. (2014). Leading dimensions in absorptive root trait variation across 96 subtropical forest species. New Phytologist, 203(3), 863-872.",,,natural,,Acacia auriculiformis,AM; no others,,Leho Tedersoo,most species of Acacia s.str. are EcM-AM,,,,,,EcM-AM
"Kong, D., Ma, C., Zhang, Q., Li, L., Chen, X., Zeng, H., & Guo, D. (2014). Leading dimensions in absorptive root trait variation across 96 subtropical forest species. New Phytologist, 203(3), 863-872.",,,natural,,Acacia crassicarpa,"EcM,AM",,Leho Tedersoo,most species of Acacia s.str. are EcM-AM,,,Laura M. Suz,do not know,,EcM-AM
"Kong, D., Ma, C., Zhang, Q., Li, L., Chen, X., Zeng, H., & Guo, D. (2014). Leading dimensions in absorptive root trait variation across 96 subtropical forest species. New Phytologist, 203(3), 863-872.",,,natural,,Acacia mangium,"EcM,AM",,Leho Tedersoo,most species of Acacia s.str. are EcM-AM,,,Laura M. Suz,do not know,,EcM-AM
"Kong, D., Ma, C., Zhang, Q., Li, L., Chen, X., Zeng, H., & Guo, D. (2014). Leading dimensions in absorptive root trait variation across 96 subtropical forest species. New Phytologist, 203(3), 863-872.",,,natural,,Acer fabri,AM; no others,,,,,,,,,AM
"Kong, D., Ma, C., Zhang, Q., Li, L., Chen, X., Zeng, H., & Guo, D. (2014). Leading dimensions in absorptive root trait variation across 96 subtropical forest species. New Phytologist, 203(3), 863-872.",,,natural,,Acronychia pedunculata,AM; no others,,,,,,,,,AM
"Kong, D., Ma, C., Zhang, Q., Li, L., Chen, X., Zeng, H., & Guo, D. (2014). Leading dimensions in absorptive root trait variation across 96 subtropical forest species. New Phytologist, 203(3), 863-872.",,,natural,,Alangium chinense,AM; no others,,,,,,,,,AM
"Kong, D., Ma, C., Zhang, Q., Li, L., Chen, X., Zeng, H., & Guo, D. (2014). Leading dimensions in absorptive root trait variation across 96 subtropical forest species. New Phytologist, 203(3), 863-872.",,,natural,,Alniphyllum fortunei,AM; no others,,,,,,,,,AM
"Kong, D., Ma, C., Zhang, Q., Li, L., Chen, X., Zeng, H., & Guo, D. (2014). Leading dimensions in absorptive root trait variation across 96 subtropical forest species. New Phytologist, 203(3), 863-872.",,,natural,,Alstonia scholaris,AM; no others,,,,,,,,,AM
"Kong, D., Ma, C., Zhang, Q., Li, L., Chen, X., Zeng, H., & Guo, D. (2014). Leading dimensions in absorptive root trait variation across 96 subtropical forest species. New Phytologist, 203(3), 863-872.",,,natural,,Antidesma maclurei,AM; no others,,,,,,,,,AM
"Kong, D., Ma, C., Zhang, Q., Li, L., Chen, X., Zeng, H., & Guo, D. (2014). Leading dimensions in absorptive root trait variation across 96 subtropical forest species. New Phytologist, 203(3), 863-872.",,,natural,,Artocarpus styracifolius,AM; no others,,,,,,,,,AM
"Kong, D., Ma, C., Zhang, Q., Li, L., Chen, X., Zeng, H., & Guo, D. (2014). Leading dimensions in absorptive root trait variation across 96 subtropical forest species. New Phytologist, 203(3), 863-872.",,,natural,,Barringtonia racemosa,AM; no others,,,,,,,,,AM
"Kong, D., Ma, C., Zhang, Q., Li, L., Chen, X., Zeng, H., & Guo, D. (2014). Leading dimensions in absorptive root trait variation across 96 subtropical forest species. New Phytologist, 203(3), 863-872.",,,natural,,Castanopsis echinocarpa,EcM; no others,,,,,,Laura M. Suz,do not know,,EcM
"Kong, D., Ma, C., Zhang, Q., Li, L., Chen, X., Zeng, H., & Guo, D. (2014). Leading dimensions in absorptive root trait variation across 96 subtropical forest species. New Phytologist, 203(3), 863-872.",,,natural,,Castanopsis hystrix,EcM; no others,,,,,,Laura M. Suz,do not know,,EcM
"Kong, D., Ma, C., Zhang, Q., Li, L., Chen, X., Zeng, H., & Guo, D. (2014). Leading dimensions in absorptive root trait variation across 96 subtropical forest species. New Phytologist, 203(3), 863-872.",,,natural,,Castanopsis fissa,EcM; no others,,,,,,Laura M. Suz,do not know,,EcM
"Kong, D., Ma, C., Zhang, Q., Li, L., Chen, X., Zeng, H., & Guo, D. (2014). Leading dimensions in absorptive root trait variation across 96 subtropical forest species. New Phytologist, 203(3), 863-872.",,,natural,,Castanopsis wattii,EcM; no others,,,,,,Laura M. Suz,do not know,,EcM
"Kong, D., Ma, C., Zhang, Q., Li, L., Chen, X., Zeng, H., & Guo, D. (2014). Leading dimensions in absorptive root trait variation across 96 subtropical forest species. New Phytologist, 203(3), 863-872.",,,natural,,Cinnamomum porrectum,AM; no others,,,,,,,,,AM
"Kong, D., Ma, C., Zhang, Q., Li, L., Chen, X., Zeng, H., & Guo, D. (2014). Leading dimensions in absorptive root trait variation across 96 subtropical forest species. New Phytologist, 203(3), 863-872.",,,natural,,Decaspermum gracilentum,AM; no others,,,,,,,,,AM
"Kong, D., Ma, C., Zhang, Q., Li, L., Chen, X., Zeng, H., & Guo, D. (2014). Leading dimensions in absorptive root trait variation across 96 subtropical forest species. New Phytologist, 203(3), 863-872.",,,natural,,Endospermum chinense,AM; no others,,,,,,,,,AM
"Kong, D., Ma, C., Zhang, Q., Li, L., Chen, X., Zeng, H., & Guo, D. (2014). Leading dimensions in absorptive root trait variation across 96 subtropical forest species. New Phytologist, 203(3), 863-872.",,,natural,,Eucalyptus urophylla,"EcM,AM",,,,,,Laura M. Suz,ok,,EcM-AM
"Kong, D., Ma, C., Zhang, Q., Li, L., Chen, X., Zeng, H., & Guo, D. (2014). Leading dimensions in absorptive root trait variation across 96 subtropical forest species. New Phytologist, 203(3), 863-872.",,,natural,,Melicope pteleifolia,AM; no others,,,,,,,,,AM
"Kong, D., Ma, C., Zhang, Q., Li, L., Chen, X., Zeng, H., & Guo, D. (2014). Leading dimensions in absorptive root trait variation across 96 subtropical forest species. New Phytologist, 203(3), 863-872.",,,natural,,Garcinia cowa,AM; no others,,,,,,,,,AM
"Kong, D., Ma, C., Zhang, Q., Li, L., Chen, X., Zeng, H., & Guo, D. (2014). Leading dimensions in absorptive root trait variation across 96 subtropical forest species. New Phytologist, 203(3), 863-872.",,,natural,,Gordonia axillaris,AM; no others,,,,,,,,,AM
"Kong, D., Ma, C., Zhang, Q., Li, L., Chen, X., Zeng, H., & Guo, D. (2014). Leading dimensions in absorptive root trait variation across 96 subtropical forest species. New Phytologist, 203(3), 863-872.",,,natural,,Litsea cubeba,AM; no others,,,,,,,,,AM
"Kong, D., Ma, C., Zhang, Q., Li, L., Chen, X., Zeng, H., & Guo, D. (2014). Leading dimensions in absorptive root trait variation across 96 subtropical forest species. New Phytologist, 203(3), 863-872.",,,natural,,Machilus robusta,AM; no others,,,,,,,,,AM
"Kong, D., Ma, C., Zhang, Q., Li, L., Chen, X., Zeng, H., & Guo, D. (2014). Leading dimensions in absorptive root trait variation across 96 subtropical forest species. New Phytologist, 203(3), 863-872.",,,natural,,Machilus velutina,AM; no others,,,,,,,,,AM
"Kong, D., Ma, C., Zhang, Q., Li, L., Chen, X., Zeng, H., & Guo, D. (2014). Leading dimensions in absorptive root trait variation across 96 subtropical forest species. New Phytologist, 203(3), 863-872.",,,natural,,Macropanax undulatus,AM; no others,,,,,,,,,AM
"Kong, D., Ma, C., Zhang, Q., Li, L., Chen, X., Zeng, H., & Guo, D. (2014). Leading dimensions in absorptive root trait variation across 96 subtropical forest species. New Phytologist, 203(3), 863-872.",,,natural,,Magnolia dandyi,AM; no others,,,,,,,,,AM
"Kong, D., Ma, C., Zhang, Q., Li, L., Chen, X., Zeng, H., & Guo, D. (2014). Leading dimensions in absorptive root trait variation across 96 subtropical forest species. New Phytologist, 203(3), 863-872.",,,natural,,Manglietia paruicula,AM; no others,,,,,,,,,AM
"Kong, D., Ma, C., Zhang, Q., Li, L., Chen, X., Zeng, H., & Guo, D. (2014). Leading dimensions in absorptive root trait variation across 96 subtropical forest species. New Phytologist, 203(3), 863-872.",,,natural,,Orophea creaghii,AM; no others,,,,,,,,,AM
"Kong, D., Ma, C., Zhang, Q., Li, L., Chen, X., Zeng, H., & Guo, D. (2014). Leading dimensions in absorptive root trait variation across 96 subtropical forest species. New Phytologist, 203(3), 863-872.",,,natural,,Magnolia balansae,AM; no others,,,,,,,,,AM
"Kong, D., Ma, C., Zhang, Q., Li, L., Chen, X., Zeng, H., & Guo, D. (2014). Leading dimensions in absorptive root trait variation across 96 subtropical forest species. New Phytologist, 203(3), 863-872.",,,natural,,Magnolia fulva,AM; no others,,,,,,,,,AM
"Kong, D., Ma, C., Zhang, Q., Li, L., Chen, X., Zeng, H., & Guo, D. (2014). Leading dimensions in absorptive root trait variation across 96 subtropical forest species. New Phytologist, 203(3), 863-872.",,,natural,,Magnolia macclurei,AM; no others,,,,,,,,,AM
"Kong, D., Ma, C., Zhang, Q., Li, L., Chen, X., Zeng, H., & Guo, D. (2014). Leading dimensions in absorptive root trait variation across 96 subtropical forest species. New Phytologist, 203(3), 863-872.",,,natural,,Magnolia odora,AM; no others,,,,,,,,,AM
"Kong, D., Ma, C., Zhang, Q., Li, L., Chen, X., Zeng, H., & Guo, D. (2014). Leading dimensions in absorptive root trait variation across 96 subtropical forest species. New Phytologist, 203(3), 863-872.",,,natural,,Magnolia opipara,AM; no others,,,,,,,,,AM
"Kong, D., Ma, C., Zhang, Q., Li, L., Chen, X., Zeng, H., & Guo, D. (2014). Leading dimensions in absorptive root trait variation across 96 subtropical forest species. New Phytologist, 203(3), 863-872.",,,natural,,Magnolia ernestii,AM; no others,,,,,,,,,AM
"Kong, D., Ma, C., Zhang, Q., Li, L., Chen, X., Zeng, H., & Guo, D. (2014). Leading dimensions in absorptive root trait variation across 96 subtropical forest species. New Phytologist, 203(3), 863-872.",,,natural,,Microcos paniculata,AM; no others,,,,,,,,,AM
"Kong, D., Ma, C., Zhang, Q., Li, L., Chen, X., Zeng, H., & Guo, D. (2014). Leading dimensions in absorptive root trait variation across 96 subtropical forest species. New Phytologist, 203(3), 863-872.",,,natural,,Microtropis discolor,AM; no others,,,,,,,,,AM
"Kong, D., Ma, C., Zhang, Q., Li, L., Chen, X., Zeng, H., & Guo, D. (2014). Leading dimensions in absorptive root trait variation across 96 subtropical forest species. New Phytologist, 203(3), 863-872.",,,natural,,Millettia leptobotrya,AM; no others,,,,,,,,,AM
"Kong, D., Ma, C., Zhang, Q., Li, L., Chen, X., Zeng, H., & Guo, D. (2014). Leading dimensions in absorptive root trait variation across 96 subtropical forest species. New Phytologist, 203(3), 863-872.",,,natural,,Nephelium lappaceum,AM; no others,,,,,,,,,AM
"Kong, D., Ma, C., Zhang, Q., Li, L., Chen, X., Zeng, H., & Guo, D. (2014). Leading dimensions in absorptive root trait variation across 96 subtropical forest species. New Phytologist, 203(3), 863-872.",,,natural,,Olea rosea,AM; no others,,,,,,,,,AM
"Kong, D., Ma, C., Zhang, Q., Li, L., Chen, X., Zeng, H., & Guo, D. (2014). Leading dimensions in absorptive root trait variation across 96 subtropical forest species. New Phytologist, 203(3), 863-872.",,,natural,,Osmanthus didymopetalus,AM; no others,,,,,,,,,AM
"Kong, D., Ma, C., Zhang, Q., Li, L., Chen, X., Zeng, H., & Guo, D. (2014). Leading dimensions in absorptive root trait variation across 96 subtropical forest species. New Phytologist, 203(3), 863-872.",,,natural,,Pertusadina metcalfii,AM; no others,,,,,,,,,AM
"Kong, D., Ma, C., Zhang, Q., Li, L., Chen, X., Zeng, H., & Guo, D. (2014). Leading dimensions in absorptive root trait variation across 96 subtropical forest species. New Phytologist, 203(3), 863-872.",,,natural,,Ocotea lancifolia,AM; no others,,,,,,,,,AM
"Kong, D., Ma, C., Zhang, Q., Li, L., Chen, X., Zeng, H., & Guo, D. (2014). Leading dimensions in absorptive root trait variation across 96 subtropical forest species. New Phytologist, 203(3), 863-872.",,,natural,,Pistacia chinensis,AM; no others,,,,,,,,,AM
"Kong, D., Ma, C., Zhang, Q., Li, L., Chen, X., Zeng, H., & Guo, D. (2014). Leading dimensions in absorptive root trait variation across 96 subtropical forest species. New Phytologist, 203(3), 863-872.",,,natural,,Allophylus cobbe,AM; no others,,,,,,,,,AM
"Kong, D., Ma, C., Zhang, Q., Li, L., Chen, X., Zeng, H., & Guo, D. (2014). Leading dimensions in absorptive root trait variation across 96 subtropical forest species. New Phytologist, 203(3), 863-872.",,,natural,,Psychotria asiatica,AM; no others,,,,,,,,,AM
"Kong, D., Ma, C., Zhang, Q., Li, L., Chen, X., Zeng, H., & Guo, D. (2014). Leading dimensions in absorptive root trait variation across 96 subtropical forest species. New Phytologist, 203(3), 863-872.",,,natural,,Pterospermum acerifolium,AM; no others,,,,,,,,,AM
"Kong, D., Ma, C., Zhang, Q., Li, L., Chen, X., Zeng, H., & Guo, D. (2014). Leading dimensions in absorptive root trait variation across 96 subtropical forest species. New Phytologist, 203(3), 863-872.",,,natural,,Rhaphiolepis indica,AM; no others,,,,,,,,,AM
"Kong, D., Ma, C., Zhang, Q., Li, L., Chen, X., Zeng, H., & Guo, D. (2014). Leading dimensions in absorptive root trait variation across 96 subtropical forest species. New Phytologist, 203(3), 863-872.",,,natural,,Saprosma ternatum,AM; no others,,,,,,,,,AM
"Kong, D., Ma, C., Zhang, Q., Li, L., Chen, X., Zeng, H., & Guo, D. (2014). Leading dimensions in absorptive root trait variation across 96 subtropical forest species. New Phytologist, 203(3), 863-872.",,,natural,,Schima wallichii,AM; no others,,,,,,,,,AM
"Kong, D., Ma, C., Zhang, Q., Li, L., Chen, X., Zeng, H., & Guo, D. (2014). Leading dimensions in absorptive root trait variation across 96 subtropical forest species. New Phytologist, 203(3), 863-872.",,,natural,,Sterculia lanceolata,AM; no others,,,,,,,,,AM
"Kong, D., Ma, C., Zhang, Q., Li, L., Chen, X., Zeng, H., & Guo, D. (2014). Leading dimensions in absorptive root trait variation across 96 subtropical forest species. New Phytologist, 203(3), 863-872.",,,natural,,Syzygium globiflorum,AM; no others,,,,,,,,,AM
"Kong, D., Ma, C., Zhang, Q., Li, L., Chen, X., Zeng, H., & Guo, D. (2014). Leading dimensions in absorptive root trait variation across 96 subtropical forest species. New Phytologist, 203(3), 863-872.",,,natural,,Syzygium hancei,AM; no others,,,,,,,,,AM
"Kong, D., Ma, C., Zhang, Q., Li, L., Chen, X., Zeng, H., & Guo, D. (2014). Leading dimensions in absorptive root trait variation across 96 subtropical forest species. New Phytologist, 203(3), 863-872.",,,natural,,Syzygium levinei,AM; no others,,,,,,,,,AM
"Kong, D., Ma, C., Zhang, Q., Li, L., Chen, X., Zeng, H., & Guo, D. (2014). Leading dimensions in absorptive root trait variation across 96 subtropical forest species. New Phytologist, 203(3), 863-872.",,,natural,,Vaccinium mandarinorum,ErM,,,,,,,,,ErM
"Kong, D., Ma, C., Zhang, Q., Li, L., Chen, X., Zeng, H., & Guo, D. (2014). Leading dimensions in absorptive root trait variation across 96 subtropical forest species. New Phytologist, 203(3), 863-872.",,,natural,,Wendlandia uvariifolia,AM; no others,,,,,,,,,AM
"Kormanik, P. P., Schultz, R. C., & Bryan, W. C. (1982). The influence of vesicular-arbuscular mycorrhizae on the growth and development of eight hardwood tree species. Forest Science, 28(3), 531-539.",,,greenhouse,,Acer negundo,AM; others not addressed,,,,,,,,,AM
"Kormanik, P. P., Schultz, R. C., & Bryan, W. C. (1982). The influence of vesicular-arbuscular mycorrhizae on the growth and development of eight hardwood tree species. Forest Science, 28(3), 531-539.",,,greenhouse,,Acer rubrum,AM; others not addressed,,,,,,,,,AM
"Kormanik, P. P., Schultz, R. C., & Bryan, W. C. (1982). The influence of vesicular-arbuscular mycorrhizae on the growth and development of eight hardwood tree species. Forest Science, 28(3), 531-539.",,,greenhouse,,Acer saccharum,AM; others not addressed,,,,,,,,,AM
"Kormanik, P. P., Schultz, R. C., & Bryan, W. C. (1982). The influence of vesicular-arbuscular mycorrhizae on the growth and development of eight hardwood tree species. Forest Science, 28(3), 531-539.",,,greenhouse,,Juglans nigra,AM; others not addressed,,,,,,,,,AM
"Kormanik, P. P., Schultz, R. C., & Bryan, W. C. (1982). The influence of vesicular-arbuscular mycorrhizae on the growth and development of eight hardwood tree species. Forest Science, 28(3), 531-539.",,,greenhouse,,Liquidambar styraciflua,AM; others not addressed,,,,,,,,,AM
"Kormanik, P. P., Schultz, R. C., & Bryan, W. C. (1982). The influence of vesicular-arbuscular mycorrhizae on the growth and development of eight hardwood tree species. Forest Science, 28(3), 531-539.",,,greenhouse,,Platanus occidentalis,AM; others not addressed,,,,,,,,,AM
"Kostermans, A. J. G. (1987). Proceedings of the Third Round Table Conference on Dipterocarps. In Round Table Conference on Dipterocarps 1985: Universitas Mulawarman). Unesco, Regional Office for Science and Technology for Southeast Asia.",,,,,Acacia auriculiformis,AM; no others,,Leho Tedersoo,most species of Acacia s.str. are EcM-AM,,,,,,EcM-AM
"Kostermans, A. J. G. (1987). Proceedings of the Third Round Table Conference on Dipterocarps. In Round Table Conference on Dipterocarps 1985: Universitas Mulawarman). Unesco, Regional Office for Science and Technology for Southeast Asia.",,,,,Alstonia scholaris,AM; no others,,,,,,,,,AM
"Kostermans, A. J. G. (1987). Proceedings of the Third Round Table Conference on Dipterocarps. In Round Table Conference on Dipterocarps 1985: Universitas Mulawarman). Unesco, Regional Office for Science and Technology for Southeast Asia.",,,,,Aphanamixis polystachya,AM; no others,,,,,,,,,AM
"Kostermans, A. J. G. (1987). Proceedings of the Third Round Table Conference on Dipterocarps. In Round Table Conference on Dipterocarps 1985: Universitas Mulawarman). Unesco, Regional Office for Science and Technology for Southeast Asia.",,,,,Carallia brachiata,AM; no others,,,,,,,,,AM
"Kostermans, A. J. G. (1987). Proceedings of the Third Round Table Conference on Dipterocarps. In Round Table Conference on Dipterocarps 1985: Universitas Mulawarman). Unesco, Regional Office for Science and Technology for Southeast Asia.",,,,,Pterospermum acerifolium,non-mycorrhizal (checked for all types),,Leho Tedersoo,probably incorrect (this genus is AM),,,,,,AM
"Kovacs, G. M., & Szigetvari, C. (2002). Mycorrhizae and other root-associated fungal structures of the plants of a sandy grassland on the Great Hungarian Plain. PHYTON-HORN-, 42(2), 211-224.",,,,,Acer negundo,"EcM,AM",,Leho Tedersoo,"incorrect report for EcM (this genus is AM, most reports of this species are AM-only)",Mark Brundrett,incorrect report from EcM perspective,Laura M. Suz,not ECM,,AM
"Laferrière, J., & Koske, R. E. (1981). Occurrence of VA mycorrhizas in some Rhode Island pteridophytes. Transactions of the British Mycological Society, 76(2), 331-332.",,,plantation,,Equisetum hyemale,AM; others not addressed,,,,,,,,,NM-AM
"Laferrière, J., & Koske, R. E. (1981). Occurrence of VA mycorrhizas in some Rhode Island pteridophytes. Transactions of the British Mycological Society, 76(2), 331-332.",,,plantation,,Onoclea sensibilis,AM; others not addressed,,,,,,,,,AM
"Liu, B., Li, H., Zhu, B., Koide, R. T., Eissenstat, D. M., & Guo, D. (2015). Complementarity in nutrient foraging strategies of absorptive fine roots and arbuscular mycorrhizal fungi across 14 coexisting subtropical tree species. New Phytologist, 208(1), 125-136.",,,natural,,Acer fabri,AM; no others,,,,,,,,,AM
"Liu, B., Li, H., Zhu, B., Koide, R. T., Eissenstat, D. M., & Guo, D. (2015). Complementarity in nutrient foraging strategies of absorptive fine roots and arbuscular mycorrhizal fungi across 14 coexisting subtropical tree species. New Phytologist, 208(1), 125-136.",,,natural,,Alniphyllum fortunei,AM; no others,,,,,,,,,AM
"Liu, B., Li, H., Zhu, B., Koide, R. T., Eissenstat, D. M., & Guo, D. (2015). Complementarity in nutrient foraging strategies of absorptive fine roots and arbuscular mycorrhizal fungi across 14 coexisting subtropical tree species. New Phytologist, 208(1), 125-136.",,,natural,,Cinnamomum porrectum,AM; no others,,,,,,,,,AM
"Liu, B., Li, H., Zhu, B., Koide, R. T., Eissenstat, D. M., & Guo, D. (2015). Complementarity in nutrient foraging strategies of absorptive fine roots and arbuscular mycorrhizal fungi across 14 coexisting subtropical tree species. New Phytologist, 208(1), 125-136.",,,natural,,Cunninghamia lanceolata,AM; no others,,,,,,,,,AM
"Mahadevan A, Raman N, Natarajan (eds) 1988.Proceedings of the first asian conference on mycorrhizae. University of Madras; Madras, India",,,,,Acacia mangium,AM; no others,,Leho Tedersoo,most species of Acacia s.str. are EcM-AM,,,,,,EcM-AM
"Mahadevan A, Raman N, Natarajan (eds) 1988.Proceedings of the first asian conference on mycorrhizae. University of Madras; Madras, India",,,,,Acacia auriculiformis,AM; no others,,Leho Tedersoo,most species of Acacia s.str. are EcM-AM,,,,,,EcM-AM
"Malloch, D., & Malloch, B. (1981). The mycorrhizal status of boreal plants: species from northeastern Ontario. Canadian Journal of Botany, 59(11), 2167-2172.",,,,,Populus tremuloides,EcM; no others,,,,,,Laura M. Suz,ok,,EcM-AM
"Mayr, R., & Godoy, R. (1990). Seasonal patterns in vesicular-arbuscular mycorrhiza in Melic-Beech forest. Agriculture, Ecosystems & Environment, 29(1-4), 281-288.",,,natural,forest: temperate broadleaf forest biome,Acer pseudoplatanus,AM; no others,,,,,,,,,AM
"Mayr, R., & Godoy, R. (1990). Seasonal patterns in vesicular-arbuscular mycorrhiza in Melic-Beech forest. Agriculture, Ecosystems & Environment, 29(1-4), 281-288.",,,natural,forest: temperate broadleaf forest biome,Fraxinus excelsior,AM; no others,,,,,,,,,AM
"McDougall, W. B. (1914). On the mycorrhizas of forest trees. Amer.J. Bot. i, 51.",,,,,Acer rubrum,AM; no others,,Leho Tedersoo,in this study 22% reports conflict with predictions,,,,,,AM
"McDougall, W. B. (1914). On the mycorrhizas of forest trees. Amer.J. Bot. i, 51.",,,,,Cornus florida,non-mycorrhizal (checked for all types),,Leho Tedersoo,"probably incorrect (this genus is AM, most reports of this species are AM; in this study 22% reports conflict with predictions)",,,,,,AM
"McDougall, W. B. (1914). On the mycorrhizas of forest trees. Amer.J. Bot. i, 51.",,,,,Quercus alba,EcM; no others,,Leho Tedersoo,in this study 22% reports conflict with predictions,,,Laura M. Suz,ok,,EcM
"McDougall, W. B. (1914). On the mycorrhizas of forest trees. Amer.J. Bot. i, 51.",,,,,Sassafras albidum,non-mycorrhizal (checked for all types),,Leho Tedersoo,in this study 22% reports conflict with predictions,,,,,,NM-AM
"McDougall, W. B. (1914). On the mycorrhizas of forest trees. Amer.J. Bot. i, 51.",,,,,Ulmus americana,non-mycorrhizal (checked for all types),,Leho Tedersoo,probably incorrect (this genus is AM; in this study 22% reports conflict with predictions),,,,,,AM
"McDougall, W. B. (1928). Mycorhizas from North Carolina and Eastern Tennessee. American Journal of Botany, 141-148.",,,natural,,Carya glabra,EcM; no others,,,,,,Laura M. Suz,Do not know,,EcM
"McDougall, W. B. (1928). Mycorhizas from North Carolina and Eastern Tennessee. American Journal of Botany, 141-148.",,,natural,,Liquidambar styraciflua,AM; no others,,,,,,,,,AM
"McDougall, W. B. (1928). Mycorhizas from North Carolina and Eastern Tennessee. American Journal of Botany, 141-148.",,,natural,,Liriodendron tulipifera,AM; no others,,,,,,,,,AM
"McDougall, W. B. (1928). Mycorhizas from North Carolina and Eastern Tennessee. American Journal of Botany, 141-148.",,,natural,,Magnolia acuminata,EcM; no others,,Leho Tedersoo,incorrect report (this genus is AM),Mark Brundrett,incorrect report for EcM,Laura M. Suz,not ECM,,AM
"McDougall, W. B. (1928). Mycorhizas from North Carolina and Eastern Tennessee. American Journal of Botany, 141-148.",,,natural,,Pinus virginiana,EcM; no others,,,,,,Laura M. Suz,ok,,EcM
"McDougall, W. B. (1928). Mycorhizas from North Carolina and Eastern Tennessee. American Journal of Botany, 141-148.",,,natural,,Sassafras albidum,non-mycorrhizal (checked for all types),,,,,,,,,NM-AM
"McDougall, W. B., & Jacobs, M. C. (1927). Tree Mycorhizas from the Central Rocky Mountain Region. American Journal of Botany, 258-266.",,,,,Populus tremuloides,EcM; no others,,,,,,Laura M. Suz,ok,,EcM-AM
"Mikola, P. (1980). Mycorrhizae across the frontiers. Tropical Mycorrhiza Research. Ed. P Mikola, 3-10.",,,,,Alstonia scholaris,AM; no others,,,,,,,,,AM
"Mikola, P. (1980). Mycorrhizae across the frontiers. Tropical Mycorrhiza Research. Ed. P Mikola, 3-10.",,,,,Carallia brachiata,AM; no others,,,,,,,,,AM
"Mikola, P. (1980). Mycorrhizae across the frontiers. Tropical Mycorrhiza Research. Ed. P Mikola, 3-10.",,,,,Carallia brachiata,AM; no others,,,,,,,,,AM
"Mikola, P. (1980). Mycorrhizae across the frontiers. Tropical Mycorrhiza Research. Ed. P Mikola, 3-10.",,,,,Cinnamomum cassia,AM; no others,,,,,,,,,AM
"Mishra, R. R., Sharma, G. D., & Gatphoh, A. R. (1980). Mycorrhizas in the ferns of North Eastern India. In Proc Indian Nat Sci Acad (Vol. 1346, pp. 546-551).",,,natural,,Dicranopteris linearis,AM; others not addressed,,,,,,,,,AM
"Moyersoen, B., Becker, P., & Alexander, I. J. (2001). Are ectomycorrhizas more abundant than arbuscular mycorrhizas in tropical heath forests?. New Phytologist, 150(3), 591-599.",,,natural,forest: tropical broadleaf forest biome,Nephelium lappaceum,AM; no others,,,,,,,,,AM
"Muthukumar T., Sathiyaraj G., Priyadharsini P., Uma E., Sathiyadash K. (2014). Arbuscular mycorrhizal and dark septate endophyte fungal associations in ferns and lycophytes of Palni Hills, Western Ghats, southern India Brazilian Journal of Botany 37(4), 561-581",,,,,Dicranopteris linearis,AM; others not addressed,,,,,,,,,AM
"Muthukumar T., Sathiyaraj G., Priyadharsini P., Uma E., Sathiyadash K. (2014). Arbuscular mycorrhizal and dark septate endophyte fungal associations in ferns and lycophytes of Palni Hills, Western Ghats, southern India Brazilian Journal of Botany 37(4), 561-581",,,,,Dicranopteris linearis,AM; others not addressed,,,,,,,,,AM
"Muthuraja, R., Muthukumar, T., Sathiyadash, K., Uma, E., & Priyadharsini, P. (2014). Arbuscular mycorrhizal (AM) and dark septate endophyte (DSE) fungal association in lycophytes and ferns of the Kolli Hills, Eastern Ghats, Southern India. American Fern Journal, 104(2), 67-102.",,,,,Dicranopteris linearis,AM; others not addressed,,,,,,,,,AM
"Pandey, R. R., Chongtham, I., & Muthukumar, T. (2016). Influence of season and edaphic factors on endorhizal fungal associations in subtropical plantation forest trees of Northeastern India. Flora-Morphology, Distribution, Functional Ecology of Plants, 222, 1-12.",,,,,Castanopsis hystrix,AM; others not addressed,,Leho Tedersoo,"incorrect report (this genus is EcM, most reports of this species are EcM)",,,,,,EcM
"Pandey, R. R., Chongtham, I., & Muthukumar, T. (2016). Influence of season and edaphic factors on endorhizal fungal associations in subtropical plantation forest trees of Northeastern India. Flora-Morphology, Distribution, Functional Ecology of Plants, 222, 1-12.",,,,,Schima wallichii,AM; others not addressed,,,,,,,,,AM
"Peyronel, B. (1922). Nuovi casi di rapporti micorizici tra Basidiomiceti e Fanerogame arboree.",,,,,Pinus strobus,EcM; no others,,,,,,Laura M. Suz,ok,,EcM
"Peyronel, B. (1922). Nuovi casi di rapporti micorizici tra Basidiomiceti e Fanerogame arboree.",,,,,Populus tremula,EcM; no others,,,,,,Laura M. Suz,ok,,EcM-AM
"Peyronel, B. (1922). Nuovi casi di rapporti micorizici tra Basidiomiceti e Fanerogame arboree.",,,,,Quercus alba,EcM; no others,,,,,,Laura M. Suz,ok,,EcM
"Reddell, P., & Warren, R. (1986). Inoculation of acacias with mycorrhizal fungi: potential benefits. Australian Acacia in developing countries. ACIAR, Canberra, 50-53.",,,,,Acacia auriculiformis,AM; no others,,Leho Tedersoo,most species of Acacia s.str. are EcM-AM,,,,,,EcM-AM
"Reddell, P., & Warren, R. (1986). Inoculation of acacias with mycorrhizal fungi: potential benefits. Australian Acacia in developing countries. ACIAR, Canberra, 50-53.",,,,,Acacia mangium,AM; no others,,Leho Tedersoo,most species of Acacia s.str. are EcM-AM,,,,,,EcM-AM
"Rothwell, F. M., & Vogel, W. G. (1982). Mycorrhizae of planted and volunteer vegetation on surface-mined sites [Kentucky; Tennessee]. Forest Service general technical report NE-United States.",,,,,Adiantum pedatum,non-mycorrhizal (checked for all types),,Leho Tedersoo,"probably incorrect (this genus is AM, most reports of this species are AM)",,,,,,AM
"Rothwell, F. M., & Vogel, W. G. (1982). Mycorrhizae of planted and volunteer vegetation on surface-mined sites [Kentucky; Tennessee]. Forest Service general technical report NE-United States.",,,,,Pinus virginiana,EcM; no others,,,,,,Laura M. Suz,ok,,EcM
"Rothwell, F. M., & Vogel, W. G. (1982). Mycorrhizae of planted and volunteer vegetation on surface-mined sites [Kentucky; Tennessee]. Forest Service general technical report NE-United States.",,,,,Adiantum pedatum,non-mycorrhizal (checked for all types),,Leho Tedersoo,"probably incorrect (this genus is AM, most reports of this species are AM)",,,,,,AM
"Schultz, R. C., Isebrands, J. G., & Kormanik, P. P. (1983). Mycorrhizae of poplars. USDA Forest Service General Technical Report NC, 91, 17-28.",,,,,Populus deltoides,"EcM,AM",,,,,,Laura M. Suz,ok,,EcM-AM
"Schultz, R. C., Isebrands, J. G., & Kormanik, P. P. (1983). Mycorrhizae of poplars. USDA Forest Service General Technical Report NC, 91, 17-28.",,,,,Populus tremula,"EcM,AM",,,,,,Laura M. Suz,ok,,EcM-AM
"Schultz, R. C., Isebrands, J. G., & Kormanik, P. P. (1983). Mycorrhizae of poplars. USDA Forest Service General Technical Report NC, 91, 17-28.",,,,,Populus tremuloides,"EcM,AM",,,,,,Laura M. Suz,ok,,EcM-AM
"Schultz, R. C., Isebrands, J. G., & Kormanik, P. P. (1983). Mycorrhizae of poplars. USDA Forest Service General Technical Report NC, 91, 17-28.",,,,,Populus trichocarpa,EcM; no others,,,,,,Laura M. Suz,ok,,EcM-AM
"Smith, H. F., O’Connor, P. J., Smith, S. E., & Smith, F. A. (1998). Vesicular-arbuscular mycorrhizas of durian and other plants of forest gardens in West Kalimantan, Indonesia. In Soils of Tropical Forest Ecosystems (pp. 192-198). Springer Berlin Heidelberg.",,,,,Nephelium lappaceum,AM; others not addressed,,,,,,,,,AM
"Thapar, H. S., Vijyan, A. K., & Uniyal, K. (1992). Vesicular-arbuscular mycorrhizal associations and root colonization in some important tree species. Indian Forester, 118(3), 207-212.",,,pot,,Acacia auriculiformis,AM; no others,,Leho Tedersoo,most species of Acacia s.str. are EcM-AM,,,,,,EcM-AM
"Thapar, H. S., Vijyan, A. K., & Uniyal, K. (1992). Vesicular-arbuscular mycorrhizal associations and root colonization in some important tree species. Indian Forester, 118(3), 207-212.",,,pot,,Cinnamomum camphora,AM; no others,,,,,,,,,AM
"Thapar, H. S., Vijyan, A. K., & Uniyal, K. (1992). Vesicular-arbuscular mycorrhizal associations and root colonization in some important tree species. Indian Forester, 118(3), 207-212.",,,pot,,Magnolia champaca,AM; no others,,,,,,,,,AM
"Thomas Jr, W. D. (1943). Mycorrhizae associated with some Colorado flora. Phytopathology, 33, 144-149.",,,,,Gleditsia triacanthos,"EcM,AM",,Leho Tedersoo,incorrect report for EcM (this genus is AM; in this study 49% reports conflict with predictions),Mark Brundrett,incorrect report for EcM,Laura M. Suz,do not know,,AM
"Thomas Jr, W. D. (1943). Mycorrhizae associated with some Colorado flora. Phytopathology, 33, 144-149.",,,,,Populus deltoides,EcM; no others,,Leho Tedersoo,in this study 49% reports conflict with predictions,,,Laura M. Suz,ok,,EcM-AM
"Thomas Jr, W. D. (1943). Mycorrhizae associated with some Colorado flora. Phytopathology, 33, 144-149.",,,,,Populus tremuloides,EcM; no others,,Leho Tedersoo,in this study 49% reports conflict with predictions,,,Laura M. Suz,ok,,EcM-AM
"Thomas Jr, W. D. (1943). Mycorrhizae associated with some Colorado flora. Phytopathology, 33, 144-149.",,,,,Ulmus americana,EcM; no others,,Leho Tedersoo,incorrect report (this genus is AM; in this study 49% reports conflict with predictions),,,Laura M. Suz,not ECM,,AM
"Treseder, K. K., Mack, M. C., & Cross, A. (2004). Relationships among fires, fungi, and soil dynamics in Alaskan boreal forests. Ecological Applications, 14(6), 1826-1838.",,,,,Populus tremuloides,EcM; no others,,,,,,Laura M. Suz,ok,,EcM-AM
"Tuheteru, F. D., Basri, A., Budiarti, W. S., & Ibrahim, S. (2007). Keanekaragaman FMA pada ekosistem hutan dan savana di Taman Nasional Rawa Aopa Watumohai, Sulawesi Tenggara Indonesia. Di dalam: Budi SW, Turjaman M, Mardatin NF, Nusantara AD, Trisilawati O, Sitepu IR, Wulandari AS, Riniarti M, Setyaningsih L, editor. In Prosiding Seminar Naional Mikoriza II(pp. 17-21).",,,,,Barringtonia racemosa,AM; no others,,,,,,,,,AM
"Uma, E., Sathiyadash, K., Loganathan, J., & Muthukumar, T. (2012). Tree species as hosts for arbuscular mycorrhizal and dark septate endophyte fungi. Journal of forestry research, 23(4), 641-649.",,,,,Acacia auriculiformis,AM; no others,,Leho Tedersoo,most species of Acacia s.str. are EcM-AM,,,,,,EcM-AM
"Uma, E., Sathiyadash, K., Loganathan, J., & Muthukumar, T. (2012). Tree species as hosts for arbuscular mycorrhizal and dark septate endophyte fungi. Journal of forestry research, 23(4), 641-649.",,,,,Alstonia scholaris,AM; no others,,,,,,,,,AM
"Väre, H., Vestberg, M., & Ohtonen, R. (1997). Shifts in mycorrhiza and microbial activity along an oroarctic altitudinal gradient in northern Fennoscandia. Arctic and Alpine Research, 93-104.",,,natural,,Equisetum pratense,non-mycorrhizal (checked for all types),,,,,,,,,NM-AM
"Visser, S., Maynard, D., & Danielson, R. M. (1998). Response of ecto-and arbuscular mycorrhizal fungi to clear-cutting and the application of chipped aspen wood in a mixedwood site in Alberta, Canada. Applied Soil Ecology, 7(3), 257-269.",,,,,Populus tremuloides,EcM; no others,,,,,,Laura M. Suz,ok,,EcM-AM
"Vozzo, J. A., & Hacskaylo, E. (1964). Anatomy of mycorrhizae of selected eastern forest trees. Bulletin of the Torrey Botanical Club, 378-387.",,,,,Acer rubrum,AM; no others,,,,,,,,,AM
"Vozzo, J. A., & Hacskaylo, E. (1964). Anatomy of mycorrhizae of selected eastern forest trees. Bulletin of the Torrey Botanical Club, 378-387.",,,,,Ilex opaca,AM; no others,,,,,,,,,AM
"Vozzo, J. A., & Hacskaylo, E. (1964). Anatomy of mycorrhizae of selected eastern forest trees. Bulletin of the Torrey Botanical Club, 378-387.",,,,,Liquidambar styraciflua,AM; no others,,,,,,,,,AM
"Vozzo, J. A., & Hacskaylo, E. (1964). Anatomy of mycorrhizae of selected eastern forest trees. Bulletin of the Torrey Botanical Club, 378-387.",,,,,Liriodendron tulipifera,AM; no others,,,,,,,,,AM
"Vozzo, J. A., & Hacskaylo, E. (1964). Anatomy of mycorrhizae of selected eastern forest trees. Bulletin of the Torrey Botanical Club, 378-387.",,,,,Pinus virginiana,EcM; no others,,,,,,Laura M. Suz,ok,,EcM
"Vozzo, J. A., & Hacskaylo, E. (1964). Anatomy of mycorrhizae of selected eastern forest trees. Bulletin of the Torrey Botanical Club, 378-387.",,,,,Ulmus americana,AM; no others,,,,,,,,,AM
"Vozzo, J. A., & Hacskaylo, E. (1974). Endo-and ectomycorrhizal associations in five Populus species. Bulletin of the Torrey Botanical Club, 182-186.",,,greenhouse,,Populus deltoides,"EcM,AM",,,,,,Laura M. Suz,ok,,EcM-AM
"Vozzo, J. A., & Hacskaylo, E. (1974). Endo-and ectomycorrhizal associations in five Populus species. Bulletin of the Torrey Botanical Club, 182-186.",,,greenhouse,,Populus tremula,EcM; no others,,,,,,Laura M. Suz,ok,,EcM-AM
"Vozzo, J. A., & Hacskaylo, E. (1974). Endo-and ectomycorrhizal associations in five Populus species. Bulletin of the Torrey Botanical Club, 182-186.",,,greenhouse,,Populus tremuloides,EcM; no others,,,,,,Laura M. Suz,ok,,EcM-AM
"Weimin, Y., Shenglei, F., Hongling, C., & Mingmao, D. (1994). Vesicular-arbuscular mycorrhizal associations in three forest types in the Dinghushan Biosphere Reserve, subtropical China. Mycorrhizas for Plantation Forestry in Asia, 41.",,,natural,,Aporosa yunnanensis,non-mycorrhizal (checked for all types),,Leho Tedersoo,probably incorrect (this genus is AM; in this study 46% reports conflict with predictions),,,,,,AM
"Weimin, Y., Shenglei, F., Hongling, C., & Mingmao, D. (1994). Vesicular-arbuscular mycorrhizal associations in three forest types in the Dinghushan Biosphere Reserve, subtropical China. Mycorrhizas for Plantation Forestry in Asia, 41.",,,natural,,Ardisia quinquegona,non-mycorrhizal (checked for all types),,Leho Tedersoo,probably incorrect (this genus is AM; in this study 46% reports conflict with predictions),,,,,,AM
"Weimin, Y., Shenglei, F., Hongling, C., & Mingmao, D. (1994). Vesicular-arbuscular mycorrhizal associations in three forest types in the Dinghushan Biosphere Reserve, subtropical China. Mycorrhizas for Plantation Forestry in Asia, 41.",,,natural,,Artocarpus styracifolius,non-mycorrhizal (checked for all types),,Leho Tedersoo,probably incorrect (this genus is AM; in this study 46% reports conflict with predictions),,,,,,AM
"Weimin, Y., Shenglei, F., Hongling, C., & Mingmao, D. (1994). Vesicular-arbuscular mycorrhizal associations in three forest types in the Dinghushan Biosphere Reserve, subtropical China. Mycorrhizas for Plantation Forestry in Asia, 41.",,,natural,,Canarium album,AM; others not addressed,,Leho Tedersoo,in this study 46% reports conflict with predictions,,,,,,AM
"Weimin, Y., Shenglei, F., Hongling, C., & Mingmao, D. (1994). Vesicular-arbuscular mycorrhizal associations in three forest types in the Dinghushan Biosphere Reserve, subtropical China. Mycorrhizas for Plantation Forestry in Asia, 41.",,,natural,,Cryptocarya chinensis,non-mycorrhizal (checked for all types),,Leho Tedersoo,probably incorrect (this genus is AM; in this study 46% reports conflict with predictions),,,,,,AM
"Weimin, Y., Shenglei, F., Hongling, C., & Mingmao, D. (1994). Vesicular-arbuscular mycorrhizal associations in three forest types in the Dinghushan Biosphere Reserve, subtropical China. Mycorrhizas for Plantation Forestry in Asia, 41.",,,natural,,Cryptocarya concinna,non-mycorrhizal (checked for all types),,Leho Tedersoo,probably incorrect (this genus is AM; in this study 46% reports conflict with predictions),,,,,,AM
"Weimin, Y., Shenglei, F., Hongling, C., & Mingmao, D. (1994). Vesicular-arbuscular mycorrhizal associations in three forest types in the Dinghushan Biosphere Reserve, subtropical China. Mycorrhizas for Plantation Forestry in Asia, 41.",,,natural,,Ficus variolosa,AM; others not addressed,,Leho Tedersoo,in this study 46% reports conflict with predictions,,,,,,AM
"Weimin, Y., Shenglei, F., Hongling, C., & Mingmao, D. (1994). Vesicular-arbuscular mycorrhizal associations in three forest types in the Dinghushan Biosphere Reserve, subtropical China. Mycorrhizas for Plantation Forestry in Asia, 41.",,,natural,,Garcinia oblongifolia,non-mycorrhizal (checked for all types),,Leho Tedersoo,probably incorrect (this genus is AM; in this study 46% reports conflict with predictions),,,,,,AM
"Weimin, Y., Shenglei, F., Hongling, C., & Mingmao, D. (1994). Vesicular-arbuscular mycorrhizal associations in three forest types in the Dinghushan Biosphere Reserve, subtropical China. Mycorrhizas for Plantation Forestry in Asia, 41.",,,natural,,Gironniera subaequalis,non-mycorrhizal (checked for all types),,Leho Tedersoo,in this study 46% reports conflict with predictions,,,,,,AM
"Weimin, Y., Shenglei, F., Hongling, C., & Mingmao, D. (1994). Vesicular-arbuscular mycorrhizal associations in three forest types in the Dinghushan Biosphere Reserve, subtropical China. Mycorrhizas for Plantation Forestry in Asia, 41.",,,natural,,Litsea verticillata,non-mycorrhizal (checked for all types),,Leho Tedersoo,probably incorrect (this genus is AM; in this study 46% reports conflict with predictions),,,,,,AM
"Weimin, Y., Shenglei, F., Hongling, C., & Mingmao, D. (1994). Vesicular-arbuscular mycorrhizal associations in three forest types in the Dinghushan Biosphere Reserve, subtropical China. Mycorrhizas for Plantation Forestry in Asia, 41.",,,natural,,Macaranga sampsonii,AM; others not addressed,,Leho Tedersoo,in this study 46% reports conflict with predictions,,,,,,AM
"Weimin, Y., Shenglei, F., Hongling, C., & Mingmao, D. (1994). Vesicular-arbuscular mycorrhizal associations in three forest types in the Dinghushan Biosphere Reserve, subtropical China. Mycorrhizas for Plantation Forestry in Asia, 41.",,,natural,,Machilus breviflora,AM; others not addressed,,Leho Tedersoo,in this study 46% reports conflict with predictions,,,,,,AM
"Weimin, Y., Shenglei, F., Hongling, C., & Mingmao, D. (1994). Vesicular-arbuscular mycorrhizal associations in three forest types in the Dinghushan Biosphere Reserve, subtropical China. Mycorrhizas for Plantation Forestry in Asia, 41.",,,natural,,Machilus kwangtungensis,AM; others not addressed,,Leho Tedersoo,in this study 46% reports conflict with predictions,,,,,,AM
"Weimin, Y., Shenglei, F., Hongling, C., & Mingmao, D. (1994). Vesicular-arbuscular mycorrhizal associations in three forest types in the Dinghushan Biosphere Reserve, subtropical China. Mycorrhizas for Plantation Forestry in Asia, 41.",,,natural,,Myrsine seguinii,non-mycorrhizal (checked for all types),,Leho Tedersoo,probably incorrect (this genus is AM; in this study 46% reports conflict with predictions),,,,,,AM
"Weimin, Y., Shenglei, F., Hongling, C., & Mingmao, D. (1994). Vesicular-arbuscular mycorrhizal associations in three forest types in the Dinghushan Biosphere Reserve, subtropical China. Mycorrhizas for Plantation Forestry in Asia, 41.",,,natural,,Sterculia lanceolata,non-mycorrhizal (checked for all types),,Leho Tedersoo,"probably incorrect (this genus is AM, most reports of this species are AM; in this study 46% reports conflict with predictions)",,,,,,AM
"Weimin, Y., Shenglei, F., Hongling, C., & Mingmao, D. (1994). Vesicular-arbuscular mycorrhizal associations in three forest types in the Dinghushan Biosphere Reserve, subtropical China. Mycorrhizas for Plantation Forestry in Asia, 41.",,,natural,,Syzygium levinei,AM; others not addressed,,Leho Tedersoo,in this study 46% reports conflict with predictions,,,,,,AM
"Wetta, T. C. (2011). A survey of mycorrhizas in Kansas Bluestem Prairie and adjacent forest (Doctoral dissertation, Kansas State University).",,,,,Pinus strobus,EcM; no others,,,,,,Laura M. Suz,ok,,EcM
"Wetta, T. C. (2011). A survey of mycorrhizas in Kansas Bluestem Prairie and adjacent forest (Doctoral dissertation, Kansas State University).",,,,,Platanus occidentalis,EcM; no others,,Leho Tedersoo,incorrect report (this genus is AM),Mark Brundrett,incorrect report for EcM,Laura M. Suz,do not know,,AM
"Wetta, T. C. (2011). A survey of mycorrhizas in Kansas Bluestem Prairie and adjacent forest (Doctoral dissertation, Kansas State University).",,,,,Quercus rubra,EcM; no others,,,,,,Laura M. Suz,ok,,EcM
"Adjoud, D., Plenchette, C., Halli-Hargas, R., & Lapeyrie, F. (1996). Response of 11 eucalyptus species to inoculation with three arbuscular mycorrhizal fungi. Mycorrhiza, 6(2), 129-135.",y,"Wang, B., & Qiu, Y. L. (2006). Phylogenetic distribution and evolution of mycorrhizas in land plants. Mycorrhiza, 16(5), 299-363.",,,Eucalyptus urophylla,AM; others not addressed,,Leho Tedersoo,misleading report from EcM perspective (this genus is EcM-AM),Mark Brundrett,misleading report from EcM perspective,,,,EcM-AM
"Bakarr, M. I., & Janos, D. P. (1996). Mycorrhizal associations of tropical legume trees in Sierra Leone, West Africa. Forest Ecology and Management, 89(1-3), 89-92.",y,"Wang, B., & Qiu, Y. L. (2006). Phylogenetic distribution and evolution of mycorrhizas in land plants. Mycorrhiza, 16(5), 299-363.",,,Acacia auriculiformis,AM; others not addressed,,Leho Tedersoo,misleading report from EcM perspective (most species of Acacia s.str. are EcM-AM),,,,,,EcM-AM
"Bakarr, M. I., & Janos, D. P. (1996). Mycorrhizal associations of tropical legume trees in Sierra Leone, West Africa. Forest Ecology and Management, 89(1-3), 89-92.",y,"Wang, B., & Qiu, Y. L. (2006). Phylogenetic distribution and evolution of mycorrhizas in land plants. Mycorrhiza, 16(5), 299-363.",,,Acacia mangium,AM; others not addressed,,Leho Tedersoo,misleading report from EcM perspective (most species of Acacia s.str. are EcM-AM),,,,,,EcM-AM
"Baum, C., & Makeschin, F. (2000). Effects of nitrogen and phosphorus fertilization on mycorrhizal formation of two poplar clones (Populus trichocarpa and P. tremula x tremuloides). Journal of Plant Nutrition and Soil Science, 163(5), 491-497.",y,"Wang, B., & Qiu, Y. L. (2006). Phylogenetic distribution and evolution of mycorrhizas in land plants. Mycorrhiza, 16(5), 299-363.",,,Populus tremuloides,EcM; others not addressed,,,,,,Laura M. Suz,ok,,EcM-AM
"Baum, C., & Makeschin, F. (2000). Effects of nitrogen and phosphorus fertilization on mycorrhizal formation of two poplar clones (Populus trichocarpa and P. tremula x tremuloides). Journal of Plant Nutrition and Soil Science, 163(5), 491-497.",y,"Wang, B., & Qiu, Y. L. (2006). Phylogenetic distribution and evolution of mycorrhizas in land plants. Mycorrhiza, 16(5), 299-363.",,,Populus trichocarpa,EcM; others not addressed,,,,,,Laura M. Suz,ok,,EcM-AM
"Constable, J. V., Bassirirad, H., Lussenhop, J., & Zerihun, A. (2001). Influence of elevated CO2 and mycorrhizae on nitrogen acquisition: contrasting responses in Pinus taeda and Liquidambar styraciflua. Tree Physiology, 21(2-3), 83-91.",y,"Wang, B., & Qiu, Y. L. (2006). Phylogenetic distribution and evolution of mycorrhizas in land plants. Mycorrhiza, 16(5), 299-363.",,,Liquidambar styraciflua,AM; others not addressed,,,,,,,,,AM
"Cripps, C., & Miller Jr, O. K. (1993). Ectomycorrhizal fungi associated with aspen on three sites in the north-central Rocky Mountains. Canadian Journal of Botany, 71(11), 1414-1420.",y,"Wang, B., & Qiu, Y. L. (2006). Phylogenetic distribution and evolution of mycorrhizas in land plants. Mycorrhiza, 16(5), 299-363.",,,Populus tremuloides,EcM; others not addressed,,,,,,Laura M. Suz,ok,,EcM-AM
"Duponnois, R., Founoune, H., & Lesueur, D. (2002). Influence of the controlled dual ectomycorrhizal and rhizobal symbiosis on the growth of Acacia mangium provenances, the indigenous symbiotic microflora and the structure of plant parasitic nematode communities. Geoderma, 109(1), 85-102.",y,"Wang, B., & Qiu, Y. L. (2006). Phylogenetic distribution and evolution of mycorrhizas in land plants. Mycorrhiza, 16(5), 299-363.",,,Acacia mangium,EcM; others not addressed,,Leho Tedersoo,most species of Acacia s.str. are EcM-AM,Mark Brundrett,misleading report from AM perspective,Laura M. Suz,do not know,,EcM-AM
"Fontana, A. (1985). Vesicular‐arbuscular mycorrhizas of Ginkgo biloba  L. in natural and controlled conditions. New Phytologist, 99(3), 441-447.",y,"Wang, B., & Qiu, Y. L. (2006). Phylogenetic distribution and evolution of mycorrhizas in land plants. Mycorrhiza, 16(5), 299-363.",,,Ginkgo biloba,AM; others not addressed,,,,,,,,,AM
"Founoune, H., Duponnois, R., & Bâ, A. M. (2002). Ectomycorrhization of Acacia mangium, Willd. and Acacia holosericea, A. Cunn. Ex G. Don in Senegal. Impact on plant growth, populations of indigenous symbiotic microorganisms and plant parasitic nematodes. Journal of arid environments, 50(2), 325-332.",y,"Wang, B., & Qiu, Y. L. (2006). Phylogenetic distribution and evolution of mycorrhizas in land plants. Mycorrhiza, 16(5), 299-363.",,,Acacia mangium,EcM; others not addressed,,Leho Tedersoo,most species of Acacia s.str. are EcM-AM,Mark Brundrett,misleading report from AM perspective,Laura M. Suz,do not know,,EcM-AM
"Gagnon, J., Langlois, C. G., & Garbaye, J. (1991). Growth and ectomycorrhiza formation of container-grown red oak seedlings as a function of nitrogen fertilization and inoculum type of Laccaria bicolor. Canadian Journal of Forest Research, 21(7), 966-973.",y,"Wang, B., & Qiu, Y. L. (2006). Phylogenetic distribution and evolution of mycorrhizas in land plants. Mycorrhiza, 16(5), 299-363.",,,Quercus rubra,EcM; others not addressed,,,,,,Laura M. Suz,ok,,EcM
"Giri, B., Kapoor, R., Agarwal, L., & Mukerji, K. G. (2004). Preinoculation with arbuscular mycorrhizae helps Acacia auriculiformis grow in degraded Indian wasteland soil. Communications in soil science and plant analysis, 35(1-2), 193-204.",y,"Wang, B., & Qiu, Y. L. (2006). Phylogenetic distribution and evolution of mycorrhizas in land plants. Mycorrhiza, 16(5), 299-363.",,,Acacia auriculiformis,AM; others not addressed,,Leho Tedersoo,misleading report from EcM perspective (most species of Acacia s.str. are EcM-AM),,,,,,EcM-AM
"Habte, M., & Soedarjo, M. (1996). Response of Acacia mangium to vesicular–arbuscular mycorrhizal inoculation, soil pH, and soil P concentration in an oxisol. Canadian journal of botany, 74(2), 155-161.",y,"Wang, B., & Qiu, Y. L. (2006). Phylogenetic distribution and evolution of mycorrhizas in land plants. Mycorrhiza, 16(5), 299-363.",,,Acacia mangium,AM; others not addressed,,Leho Tedersoo,misleading report from EcM perspective (most species of Acacia s.str. are EcM-AM),,,,,,EcM-AM
"Landhäusser, S. M., Muhsin, T. M., & Zwiazek, J. J. (2002). The effect of ectomycorrhizae on water relations in aspen (Populus tremuloides) and white spruce (Picea glauca) at low soil temperatures. Canadian journal of botany, 80(6), 684-689.",y,"Wang, B., & Qiu, Y. L. (2006). Phylogenetic distribution and evolution of mycorrhizas in land plants. Mycorrhiza, 16(5), 299-363.",,,Populus tremuloides,EcM; others not addressed,,,,,,Laura M. Suz,ok,,EcM-AM
"Lux, H. B., & Cumming, J. R. (2001). Mycorrhizae confer aluminum resistance to tulip-poplar seedlings. Canadian Journal of Forest Research, 31(4), 694-702.",y,"Wang, B., & Qiu, Y. L. (2006). Phylogenetic distribution and evolution of mycorrhizas in land plants. Mycorrhiza, 16(5), 299-363.",,,Liriodendron tulipifera,AM; others not addressed,,,,,,,,,AM
"Muthukumar, T., Sha, L., Yang, X., Cao, M., Tang, J., & Zheng, Z. (2003). Mycorrhiza of plants in different vegetation types in tropical ecosystems of Xishuangbanna, southwest China. Mycorrhiza, 13(6), 289-297.",y,"Wang, B., & Qiu, Y. L. (2006). Phylogenetic distribution and evolution of mycorrhizas in land plants. Mycorrhiza, 16(5), 299-363.",,,Allophylus cobbe,AM; others not addressed,,,,,,,,,AM
"Muthukumar, T., Sha, L., Yang, X., Cao, M., Tang, J., & Zheng, Z. (2003). Mycorrhiza of plants in different vegetation types in tropical ecosystems of Xishuangbanna, southwest China. Mycorrhiza, 13(6), 289-297.",y,"Wang, B., & Qiu, Y. L. (2006). Phylogenetic distribution and evolution of mycorrhizas in land plants. Mycorrhiza, 16(5), 299-363.",,,Gironniera subaequalis,non-mycorrhizal (checked for all types),,,,,,,,,AM
"Muthukumar, T., Sha, L., Yang, X., Cao, M., Tang, J., & Zheng, Z. (2003). Mycorrhiza of plants in different vegetation types in tropical ecosystems of Xishuangbanna, southwest China. Mycorrhiza, 13(6), 289-297.",y,"Wang, B., & Qiu, Y. L. (2006). Phylogenetic distribution and evolution of mycorrhizas in land plants. Mycorrhiza, 16(5), 299-363.",,,Goniothalamus griffithii,AM; others not addressed,,,,,,,,,AM
"Muthukumar, T., Sha, L., Yang, X., Cao, M., Tang, J., & Zheng, Z. (2003). Mycorrhiza of plants in different vegetation types in tropical ecosystems of Xishuangbanna, southwest China. Mycorrhiza, 13(6), 289-297.",y,"Wang, B., & Qiu, Y. L. (2006). Phylogenetic distribution and evolution of mycorrhizas in land plants. Mycorrhiza, 16(5), 299-363.",,,Ocotea lancifolia,AM; others not addressed,,,,,,,,,AM
"Neville, J., Tessier, J. L., Morrison, I., Scarratt, J., Canning, B., & Klironomos, J. N. (2002). Soil depth distribution of ecto-and arbuscular mycorrhizal fungi associated with Populus tremuloides within a 3-year-old boreal forest clear-cut. Applied Soil Ecology, 19(3), 209-216.",y,"Wang, B., & Qiu, Y. L. (2006). Phylogenetic distribution and evolution of mycorrhizas in land plants. Mycorrhiza, 16(5), 299-363.",,,Populus tremuloides,"EcM,AM",,,,,,Laura M. Suz,ok,,EcM-AM
"O'Neill, E. G., Luxmoore, R. J., & Norby, R. J. (1987). Increases in mycorrhizal colonization and seedling growth in Pinus echinata and Quercus alba in an enriched CO2 atmosphere. Canadian Journal of Forest Research, 17(8), 878-883.",y,"Wang, B., & Qiu, Y. L. (2006). Phylogenetic distribution and evolution of mycorrhizas in land plants. Mycorrhiza, 16(5), 299-363.",,,Quercus alba,EcM; others not addressed,,,,,,Laura M. Suz,ok,,EcM
"Pirazzi, R., Rea, E., & Bragaloni, M. (1999). Improvement of micronutrient uptake of valuable broadleaves in interaction with Glomus mosseae. Geomicrobiology Journal, 16(1), 79-84.",y,"Wang, B., & Qiu, Y. L. (2006). Phylogenetic distribution and evolution of mycorrhizas in land plants. Mycorrhiza, 16(5), 299-363.",,,Acer pseudoplatanus,AM; others not addressed,,,,,,,,,AM
"Pirazzi, R., Rea, E., & Bragaloni, M. (1999). Improvement of micronutrient uptake of valuable broadleaves in interaction with Glomus mosseae. Geomicrobiology Journal, 16(1), 79-84.",y,"Wang, B., & Qiu, Y. L. (2006). Phylogenetic distribution and evolution of mycorrhizas in land plants. Mycorrhiza, 16(5), 299-363.",,,Fraxinus excelsior,AM; others not addressed,,,,,,,,,AM
"Pirazzi, R., Rea, E., & Bragaloni, M. (1999). Improvement of micronutrient uptake of valuable broadleaves in interaction with Glomus mosseae. Geomicrobiology Journal, 16(1), 79-84.",y,"Wang, B., & Qiu, Y. L. (2006). Phylogenetic distribution and evolution of mycorrhizas in land plants. Mycorrhiza, 16(5), 299-363.",,,Juglans nigra,AM; others not addressed,,,,,,,,,AM
"Pregitzer, K. S., DeForest, J. L., Burton, A. J., Allen, M. F., Ruess, R. W., & Hendrick, R. L. (2002). Fine root architecture of nine North American trees. Ecological Monographs, 72(2), 293-309.",y,"Wang, B., & Qiu, Y. L. (2006). Phylogenetic distribution and evolution of mycorrhizas in land plants. Mycorrhiza, 16(5), 299-363.",,,Acer saccharum,AM; others not addressed,,,,,,,,,AM
"Pregitzer, K. S., DeForest, J. L., Burton, A. J., Allen, M. F., Ruess, R. W., & Hendrick, R. L. (2002). Fine root architecture of nine North American trees. Ecological Monographs, 72(2), 293-309.",y,"Wang, B., & Qiu, Y. L. (2006). Phylogenetic distribution and evolution of mycorrhizas in land plants. Mycorrhiza, 16(5), 299-363.",,,Liriodendron tulipifera,AM; others not addressed,,,,,,,,,AM
"Pregitzer, K. S., DeForest, J. L., Burton, A. J., Allen, M. F., Ruess, R. W., & Hendrick, R. L. (2002). Fine root architecture of nine North American trees. Ecological Monographs, 72(2), 293-309.",y,"Wang, B., & Qiu, Y. L. (2006). Phylogenetic distribution and evolution of mycorrhizas in land plants. Mycorrhiza, 16(5), 299-363.",,,Quercus alba,EcM; others not addressed,,,,,,Laura M. Suz,ok,,EcM
"Santos, V. L. D., Muchovej, R. M., Borges, A. C., Neves, J. C. L., & Kasuya, M. C. M. (2001). Vesicular-arbuscular-/ecto-mycorrhiza succession in seedlings of. Eucalyptus spp. Brazilian Journal of Microbiology, 32(2), 81-86.",y,"Wang, B., & Qiu, Y. L. (2006). Phylogenetic distribution and evolution of mycorrhizas in land plants. Mycorrhiza, 16(5), 299-363.",,,Eucalyptus urophylla,"EcM,AM",,,,,,Laura M. Suz,ok,,EcM-AM
"Schiavo, J. A., & Martins, M. A. (2003). Produção de mudas de acácia colonizadas com micorrizas e rizóbio em diferentes recipientes. Pesquisa Agropecuária Brasileira, 38(2), 173-178.",y,"Wang, B., & Qiu, Y. L. (2006). Phylogenetic distribution and evolution of mycorrhizas in land plants. Mycorrhiza, 16(5), 299-363.",,,Acacia mangium,AM; others not addressed,,Leho Tedersoo,misleading report from EcM perspective (most species of Acacia s.str. are EcM-AM),,,,,,EcM-AM
"Selosse, M. A., Bauer, R., & Moyersoen, B. (2002). Basal hymenomycetes belonging to the Sebacinaceae are ectomycorrhizal on temperate deciduous trees. New Phytologist, 155(1), 183-195.",y,"Wang, B., & Qiu, Y. L. (2006). Phylogenetic distribution and evolution of mycorrhizas in land plants. Mycorrhiza, 16(5), 299-363.",,,Carpinus betulus,EcM; others not addressed,,,,,,Laura M. Suz,ok,,EcM
"Selosse, M. A., Bauer, R., & Moyersoen, B. (2002). Basal hymenomycetes belonging to the Sebacinaceae are ectomycorrhizal on temperate deciduous trees. New Phytologist, 155(1), 183-195.",y,"Wang, B., & Qiu, Y. L. (2006). Phylogenetic distribution and evolution of mycorrhizas in land plants. Mycorrhiza, 16(5), 299-363.",,,Tilia cordata,EcM; others not addressed,,,,,,Laura M. Suz,ok,,EcM
"Verkade, S. D. (1991). Efficacy of six VAM fungi with containerized Acer platanoides. Scientia horticulturae, 48(1-2), 125-129.",y,"Wang, B., & Qiu, Y. L. (2006). Phylogenetic distribution and evolution of mycorrhizas in land plants. Mycorrhiza, 16(5), 299-363.",,,Acer platanoides,AM; others not addressed,,,,,,,,,AM
"Weber, G., & Claus, M. (2000). The influence of chemical soil factors on the development of VA mycorrhizas of ash (Fraxinus excelsior L.) and sycamore (Acer pseudoplatanus L.) in pot experiments. Journal of Plant Nutrition and Soil Science, 163(6), 609-616.",y,"Wang, B., & Qiu, Y. L. (2006). Phylogenetic distribution and evolution of mycorrhizas in land plants. Mycorrhiza, 16(5), 299-363.",,,Acer pseudoplatanus,AM; others not addressed,,,,,,,,,AM
"Weber, G., & Claus, M. (2000). The influence of chemical soil factors on the development of VA mycorrhizas of ash (Fraxinus excelsior L.) and sycamore (Acer pseudoplatanus L.) in pot experiments. Journal of Plant Nutrition and Soil Science, 163(6), 609-616.",y,"Wang, B., & Qiu, Y. L. (2006). Phylogenetic distribution and evolution of mycorrhizas in land plants. Mycorrhiza, 16(5), 299-363.",,,Fraxinus excelsior,AM; others not addressed,,,,,,,,,AM
"Wu, B., Nara, K., & Hogetsu, T. (1999). Competition between ectomycorrhizal fungi colonizing Pinus densiflora. Mycorrhiza, 9(3), 151-159.",y,"Wang, B., & Qiu, Y. L. (2006). Phylogenetic distribution and evolution of mycorrhizas in land plants. Mycorrhiza, 16(5), 299-363.",,,Pinus tabuliformis,EcM; others not addressed,,,,,,Laura M. Suz,ok,,EcM
"Wu, B., Watanabe, I., Hayatsu, M., & Nioh, I. (1999). Effect of ectomycorrhizae on the growth and uptake and transport of 15N-labeled compounds by Pinus tabulaeformis seedlings under water-stressed conditions. Biology and fertility of soils, 28(2), 136-138.",y,"Wang, B., & Qiu, Y. L. (2006). Phylogenetic distribution and evolution of mycorrhizas in land plants. Mycorrhiza, 16(5), 299-363.",,,Pinus tabuliformis,EcM; others not addressed,,,,,,Laura M. Suz,ok,,EcM
"Zhao, Z. W., Xia, Y. M., Qin, X. Z., Li, X. W., Cheng, L. Z., Sha, T., & Wang, G. H. (2001). Arbuscular mycorrhizal status of plants and the spore density of arbuscular mycorrhizal fungi in the tropical rain forest of Xishuangbanna, southwest China. Mycorrhiza, 11(3), 159-162.",y,"Wang, B., & Qiu, Y. L. (2006). Phylogenetic distribution and evolution of mycorrhizas in land plants. Mycorrhiza, 16(5), 299-363.",natural,forest: tropical broadleaf forest biome,Acronychia pedunculata,AM; others not addressed,,,,,,,,,AM
"Zhao, Z. W., Xia, Y. M., Qin, X. Z., Li, X. W., Cheng, L. Z., Sha, T., & Wang, G. H. (2001). Arbuscular mycorrhizal status of plants and the spore density of arbuscular mycorrhizal fungi in the tropical rain forest of Xishuangbanna, southwest China. Mycorrhiza, 11(3), 159-162.",y,"Wang, B., & Qiu, Y. L. (2006). Phylogenetic distribution and evolution of mycorrhizas in land plants. Mycorrhiza, 16(5), 299-363.",natural,forest: tropical broadleaf forest biome,Allophylus cobbe,non-mycorrhizal (checked for all types),,Leho Tedersoo,"probably incorrect (this genus is AM, most reports of this species are AM)",,,,,,AM
"Zhao, Z. W., Xia, Y. M., Qin, X. Z., Li, X. W., Cheng, L. Z., Sha, T., & Wang, G. H. (2001). Arbuscular mycorrhizal status of plants and the spore density of arbuscular mycorrhizal fungi in the tropical rain forest of Xishuangbanna, southwest China. Mycorrhiza, 11(3), 159-162.",y,"Wang, B., & Qiu, Y. L. (2006). Phylogenetic distribution and evolution of mycorrhizas in land plants. Mycorrhiza, 16(5), 299-363.",natural,forest: tropical broadleaf forest biome,Barringtonia racemosa,AM; others not addressed,,,,,,,,,AM
"Zhao, Z. W., Xia, Y. M., Qin, X. Z., Li, X. W., Cheng, L. Z., Sha, T., & Wang, G. H. (2001). Arbuscular mycorrhizal status of plants and the spore density of arbuscular mycorrhizal fungi in the tropical rain forest of Xishuangbanna, southwest China. Mycorrhiza, 11(3), 159-162.",y,"Wang, B., & Qiu, Y. L. (2006). Phylogenetic distribution and evolution of mycorrhizas in land plants. Mycorrhiza, 16(5), 299-363.",natural,forest: tropical broadleaf forest biome,Garcinia cowa,non-mycorrhizal (checked for all types),,Leho Tedersoo,probably incorrect (this genus is AM),,,,,,AM
"Zhao, Z. W., Xia, Y. M., Qin, X. Z., Li, X. W., Cheng, L. Z., Sha, T., & Wang, G. H. (2001). Arbuscular mycorrhizal status of plants and the spore density of arbuscular mycorrhizal fungi in the tropical rain forest of Xishuangbanna, southwest China. Mycorrhiza, 11(3), 159-162.",y,"Wang, B., & Qiu, Y. L. (2006). Phylogenetic distribution and evolution of mycorrhizas in land plants. Mycorrhiza, 16(5), 299-363.",natural,forest: tropical broadleaf forest biome,Goniothalamus griffithii,AM; others not addressed,,,,,,,,,AM
"Boullard, B. (1960). Bull. Soc. Linnéaenne De Normandie, Série 10, 1, 47-76.",y,"Harley, J. L., & Harley, E. L. (1987). A check‐list of mycorrhiza in the British flora. New Phytologist, 105(s1), 1-102.",,,Acer pseudoplatanus,AM; others not addressed,,,,,,,,,AM
"Boullard, B. (1960). Bull. Soc. Linnéaenne De Normandie, Série 10, 1, 47-76.",y,"Harley, J. L., & Harley, E. L. (1987). A check‐list of mycorrhiza in the British flora. New Phytologist, 105(s1), 1-102.",,,Acer pseudoplatanus,non-mycorrhizal (checked for all types),,Leho Tedersoo,"incorrect report (this genus is AM, most reports of this species are AM-only)",,,,,,AM
"Boullard, B. (1966). Revue Soc. Savantes De Haute-Normandie, Sciences, 41, 17-20.",y,"Harley, J. L., & Harley, E. L. (1987). A check‐list of mycorrhiza in the British flora. New Phytologist, 105(s1), 1-102.",,,Acer pseudoplatanus,AM; others not addressed,,Leho Tedersoo,in this study 31% reports conflict with predictions,,,,,,AM
"Boullard, B. (1966). Revue Soc. Savantes De Haute-Normandie, Sciences, 41, 17-20.",y,"Harley, J. L., & Harley, E. L. (1987). A check‐list of mycorrhiza in the British flora. New Phytologist, 105(s1), 1-102.",,,Acer pseudoplatanus,EcM; others not addressed,,Leho Tedersoo,"incorrect report (this genus is AM, most reports of this species are AM-only; in this study 31% reports conflict with predictions)",Mark Brundrett,incorrect report,Laura M. Suz,not ECM,,AM
"Boullard, B. (1966). Revue Soc. Savantes De Haute-Normandie, Sciences, 41, 17-20.",y,"Harley, J. L., & Harley, E. L. (1987). A check‐list of mycorrhiza in the British flora. New Phytologist, 105(s1), 1-102.",,,Carpinus betulus,EcM; others not addressed,,Leho Tedersoo,in this study 31% reports conflict with predictions,,,Laura M. Suz,ok,,EcM
"Boullard, B. (1963). Les arbrisseaux de nos parcs et les mycorhizes. Bull. Soc. Hist. Nat. Doubs, 65, 31-42.",y,"Harley, J. L., & Harley, E. L. (1987). A check‐list of mycorrhiza in the British flora. New Phytologist, 105(s1), 1-102.",,,Fraxinus excelsior,AM; others not addressed,,,,,,,,,AM
"Boullard, B., & Dominik, T. (1960). Recherches comparatives entre le mycotrophisme du Fagetum carpaticum de Babia Gora et celui d’autres Fageta precedemment etudies. Zesz. nauk. wyzsz. Szk. roln. Szczec. 3, 3, 20.",y,"Harley, J. L., & Harley, E. L. (1987). A check‐list of mycorrhiza in the British flora. New Phytologist, 105(s1), 1-102.",,,Sorbus aucuparia,AM; others not addressed,,Leho Tedersoo,in this study 20% reports conflict with predictions,,,,,,AM
"Trappe, J. (1962). Bot. Rev., 23, 528-606.",y,"Harley, J. L., & Harley, E. L. (1987). A check‐list of mycorrhiza in the British flora. New Phytologist, 105(s1), 1-102.",,,Tilia cordata,EcM; others not addressed,,Leho Tedersoo,in this study 26% reports conflict with predictions,,,Laura M. Suz,ok,,EcM
"Trappe, J. (1962). Bot. Rev., 23, 528-606.",y,"Harley, J. L., & Harley, E. L. (1987). A check‐list of mycorrhiza in the British flora. New Phytologist, 105(s1), 1-102.",,,Acer pseudoplatanus,EcM; others not addressed,,Leho Tedersoo,"incorrect report (this genus is AM, most reports of this species are AM-only; in this study 26% reports conflict with predictions)",Mark Brundrett,incorrect report,Laura M. Suz,not ECM,,AM
"Trappe, J. (1962). Bot. Rev., 23, 528-606.",y,"Harley, J. L., & Harley, E. L. (1987). A check‐list of mycorrhiza in the British flora. New Phytologist, 105(s1), 1-102.",,,Sorbus aucuparia,EcM; others not addressed,,Leho Tedersoo,incorrect report (this genus is AM; in this study 26% reports conflict with predictions),Mark Brundrett,incorrect report,Laura M. Suz,not ECM,,AM
"Trappe, J. (1962). Bot. Rev., 23, 528-606.",y,"Harley, J. L., & Harley, E. L. (1987). A check‐list of mycorrhiza in the British flora. New Phytologist, 105(s1), 1-102.",,,Carpinus betulus,EcM; others not addressed,,Leho Tedersoo,in this study 26% reports conflict with predictions,,,Laura M. Suz,ok,,EcM
"Trappe, J. (1962). Bot. Rev., 23, 528-606.",y,"Harley, J. L., & Harley, E. L. (1987). A check‐list of mycorrhiza in the British flora. New Phytologist, 105(s1), 1-102.",,,Populus tremula,EcM; others not addressed,,Leho Tedersoo,in this study 26% reports conflict with predictions,,,Laura M. Suz,ok,,EcM-AM
"Trappe, J. (1962). Bot. Rev., 23, 528-606.",y,"Harley, J. L., & Harley, E. L. (1987). A check‐list of mycorrhiza in the British flora. New Phytologist, 105(s1), 1-102.",,,Populus trichocarpa,EcM; others not addressed,,Leho Tedersoo,in this study 26% reports conflict with predictions,,,Laura M. Suz,ok,,EcM-AM
"Dominik, T. (1955). Roczniki Nauk Lesnych (Prace), 14, 247-265.",y,"Harley, J. L., & Harley, E. L. (1987). A check‐list of mycorrhiza in the British flora. New Phytologist, 105(s1), 1-102.",,,Populus tremula,EcM; others not addressed,,,,,,Laura M. Suz,ok,,EcM-AM
"Dominik, T. (1957). Récherches sur le mycotrophisme des associations végétales de hêtres des régions attenants à la mer baltique. Ekol. Polska, Ser. A, 5, 213-256.",y,"Harley, J. L., & Harley, E. L. (1987). A check‐list of mycorrhiza in the British flora. New Phytologist, 105(s1), 1-102.",,,Equisetum hyemale,non-mycorrhizal (checked for all types),,Leho Tedersoo,in this study 28% reports conflict with predictions,,,,,,NM-AM
"Dominik, T. (1957). Récherches sur le mycotrophisme des associations végétales de hêtres des régions attenants à la mer baltique. Ekol. Polska, Ser. A, 5, 213-256.",y,"Harley, J. L., & Harley, E. L. (1987). A check‐list of mycorrhiza in the British flora. New Phytologist, 105(s1), 1-102.",,,Acer platanoides,AM; others not addressed,,Leho Tedersoo,in this study 28% reports conflict with predictions,,,,,,AM
"Dominik, T. (1957). Récherches sur le mycotrophisme des associations végétales de hêtres des régions attenants à la mer baltique. Ekol. Polska, Ser. A, 5, 213-256.",y,"Harley, J. L., & Harley, E. L. (1987). A check‐list of mycorrhiza in the British flora. New Phytologist, 105(s1), 1-102.",,,Acer platanoides,EcM; others not addressed,,Leho Tedersoo,"incorrect report (this genus is AM, most reports of this species are AM-only; in this study 28% reports conflict with predictions)",Mark Brundrett,incorrect report,Laura M. Suz,not ECM,,AM
"Dominik, T. (1957). Récherches sur le mycotrophisme des associations végétales de hêtres des régions attenants à la mer baltique. Ekol. Polska, Ser. A, 5, 213-256.",y,"Harley, J. L., & Harley, E. L. (1987). A check‐list of mycorrhiza in the British flora. New Phytologist, 105(s1), 1-102.",,,Acer pseudoplatanus,AM; others not addressed,,Leho Tedersoo,in this study 28% reports conflict with predictions,,,,,,AM
"Dominik, T. (1957). Récherches sur le mycotrophisme des associations végétales de hêtres des régions attenants à la mer baltique. Ekol. Polska, Ser. A, 5, 213-256.",y,"Harley, J. L., & Harley, E. L. (1987). A check‐list of mycorrhiza in the British flora. New Phytologist, 105(s1), 1-102.",,,Sorbus aucuparia,AM; others not addressed,,Leho Tedersoo,in this study 28% reports conflict with predictions,,,,,,AM
"Dominik, T. (1957). Récherches sur le mycotrophisme des associations végétales de hêtres des régions attenants à la mer baltique. Ekol. Polska, Ser. A, 5, 213-256.",y,"Harley, J. L., & Harley, E. L. (1987). A check‐list of mycorrhiza in the British flora. New Phytologist, 105(s1), 1-102.",,,Sorbus aucuparia,EcM; others not addressed,,Leho Tedersoo,incorrect report (this genus is AM; in this study 28% reports conflict with predictions),Mark Brundrett,incorrect report,Laura M. Suz,not ECM,,AM
"Dominik, T. (1957). Récherches sur le mycotrophisme des associations végétales de hêtres des régions attenants à la mer baltique. Ekol. Polska, Ser. A, 5, 213-256.",y,"Harley, J. L., & Harley, E. L. (1987). A check‐list of mycorrhiza in the British flora. New Phytologist, 105(s1), 1-102.",,,Carpinus betulus,EcM; others not addressed,,Leho Tedersoo,in this study 28% reports conflict with predictions,,,Laura M. Suz,ok,,EcM
"Dominik, T. (1957). Récherches sur le mycotrophisme des associations végétales de hêtres des régions attenants à la mer baltique. Ekol. Polska, Ser. A, 5, 213-256.",y,"Harley, J. L., & Harley, E. L. (1987). A check‐list of mycorrhiza in the British flora. New Phytologist, 105(s1), 1-102.",,,Populus tremula,EcM; others not addressed,,Leho Tedersoo,in this study 28% reports conflict with predictions,,,Laura M. Suz,ok,,EcM-AM
"Dominik, T. (1957). Récherches sur le mycotrophisme des associations végétales de hêtres des régions attenants à la mer baltique. Ekol. Polska, Ser. A, 5, 213-256.",y,"Harley, J. L., & Harley, E. L. (1987). A check‐list of mycorrhiza in the British flora. New Phytologist, 105(s1), 1-102.",,,Fraxinus excelsior,AM; others not addressed,,Leho Tedersoo,in this study 28% reports conflict with predictions,,,,,,AM
"Dominik, T. (1961). Prace Instytutu Badawczego Lesnictwa., 208, 31-58.",y,"Harley, J. L., & Harley, E. L. (1987). A check‐list of mycorrhiza in the British flora. New Phytologist, 105(s1), 1-102.",,,Tilia cordata,EcM; others not addressed,,Leho Tedersoo,in this study 29% reports conflict with predictions,,,Laura M. Suz,ok,,EcM
"Dominik, T. (1961). Prace Instytutu Badawczego Lesnictwa., 208, 31-58.",y,"Harley, J. L., & Harley, E. L. (1987). A check‐list of mycorrhiza in the British flora. New Phytologist, 105(s1), 1-102.",,,Sorbus aucuparia,AM; others not addressed,,Leho Tedersoo,in this study 29% reports conflict with predictions,,,,,,AM
"Dominik, T. (1961). Prace Instytutu Badawczego Lesnictwa., 208, 31-58.",y,"Harley, J. L., & Harley, E. L. (1987). A check‐list of mycorrhiza in the British flora. New Phytologist, 105(s1), 1-102.",,,Carpinus betulus,EcM; others not addressed,,Leho Tedersoo,in this study 29% reports conflict with predictions,,,Laura M. Suz,ok,,EcM
"Dominik, T. (1961). Prace Instytutu Badawczego Lesnictwa., 208, 31-58.",y,"Harley, J. L., & Harley, E. L. (1987). A check‐list of mycorrhiza in the British flora. New Phytologist, 105(s1), 1-102.",,,Populus tremula,EcM; others not addressed,,Leho Tedersoo,in this study 29% reports conflict with predictions,,,Laura M. Suz,ok,,EcM-AM
"Dominik, T. (1961). Prace Instytutu Badawczego Lesnictwa., 209, 59-102.",y,"Harley, J. L., & Harley, E. L. (1987). A check‐list of mycorrhiza in the British flora. New Phytologist, 105(s1), 1-102.",,,Acer platanoides,non-mycorrhizal (checked for all types),,Leho Tedersoo,"incorrect report (this genus is AM, most reports of this species are AM-only; in this study 42% reports conflict with predictions)",,,,,,AM
"Dominik, T. (1961). Prace Instytutu Badawczego Lesnictwa., 209, 59-102.",y,"Harley, J. L., & Harley, E. L. (1987). A check‐list of mycorrhiza in the British flora. New Phytologist, 105(s1), 1-102.",,,Sorbus aucuparia,AM; others not addressed,,Leho Tedersoo,in this study 42% reports conflict with predictions,,,,,,AM
"Dominik, T. (1961). Prace Instytutu Badawczego Lesnictwa., 209, 59-102.",y,"Harley, J. L., & Harley, E. L. (1987). A check‐list of mycorrhiza in the British flora. New Phytologist, 105(s1), 1-102.",,,Sorbus aucuparia,non-mycorrhizal (checked for all types),,Leho Tedersoo,"probably incorrect (this genus is AM, most reports of this species are AM; in this study 42% reports conflict with predictions)",,,,,,AM
"Dominik, T. (1961). Prace Instytutu Badawczego Lesnictwa., 209, 59-102.",y,"Harley, J. L., & Harley, E. L. (1987). A check‐list of mycorrhiza in the British flora. New Phytologist, 105(s1), 1-102.",,,Populus tremula,EcM; others not addressed,,Leho Tedersoo,in this study 42% reports conflict with predictions,,,Laura M. Suz,ok,,EcM-AM
"Dominik, T. (1963). In: Mykorrhiza (Ed. by W.Rawald & H.Lyr), pp. 339–357. G. Fischer, Jena ",y,"Harley, J. L., & Harley, E. L. (1987). A check‐list of mycorrhiza in the British flora. New Phytologist, 105(s1), 1-102.",,,Sorbus aucuparia,AM; others not addressed,,Leho Tedersoo,in this study 29% reports conflict with predictions,,,,,,AM
"Dominik, T. (1963). In: Mykorrhiza (Ed. by W.Rawald & H.Lyr), pp. 339–357. G. Fischer, Jena ",y,"Harley, J. L., & Harley, E. L. (1987). A check‐list of mycorrhiza in the British flora. New Phytologist, 105(s1), 1-102.",,,Carpinus betulus,EcM; others not addressed,,Leho Tedersoo,in this study 29% reports conflict with predictions,,,Laura M. Suz,ok,,EcM
"Dominik, T., & Nespiak, A. (1953). Badanie mykotrofizmu zespolów roslinnych krainy kosodrzewu w granitowych Tatrach. Acta Soc Bot Pol, 22, 753-769.",y,"Harley, J. L., & Harley, E. L. (1987). A check‐list of mycorrhiza in the British flora. New Phytologist, 105(s1), 1-102.",,,Sorbus aucuparia,AM; others not addressed,,,,,,,,,AM
"Dominik, T., & Pachlewski, R. (1956). Badanie mykotrofizmu zespo³ów ro linnych regla dolnego w Tatrach. Acta Soc. Bot. Pol, 25, 3-26.",y,"Harley, J. L., & Harley, E. L. (1987). A check‐list of mycorrhiza in the British flora. New Phytologist, 105(s1), 1-102.",,,Acer pseudoplatanus,AM; others not addressed,,Leho Tedersoo,in this study 21% reports conflict with predictions,,,,,,AM
"Dominik, T., & Pachlewski, R. (1956). Badanie mykotrofizmu zespo³ów ro linnych regla dolnego w Tatrach. Acta Soc. Bot. Pol, 25, 3-26.",y,"Harley, J. L., & Harley, E. L. (1987). A check‐list of mycorrhiza in the British flora. New Phytologist, 105(s1), 1-102.",,,Acer pseudoplatanus,EcM; others not addressed,,Leho Tedersoo,"incorrect report (this genus is AM, most reports of this species are AM-only; in this study 21% reports conflict with predictions)",Mark Brundrett,incorrect report,Laura M. Suz,not ECM,,AM
"Dominik, T., & Pachlewski, R. (1956). Badanie mykotrofizmu zespo³ów ro linnych regla dolnego w Tatrach. Acta Soc. Bot. Pol, 25, 3-26.",y,"Harley, J. L., & Harley, E. L. (1987). A check‐list of mycorrhiza in the British flora. New Phytologist, 105(s1), 1-102.",,,Sorbus aucuparia,AM; others not addressed,,Leho Tedersoo,in this study 21% reports conflict with predictions,,,,,,AM
"Dominik, T., & Pachlewski, R. (1956). Badanie mykotrofizmu zespo³ów ro linnych regla dolnego w Tatrach. Acta Soc. Bot. Pol, 25, 3-26.",y,"Harley, J. L., & Harley, E. L. (1987). A check‐list of mycorrhiza in the British flora. New Phytologist, 105(s1), 1-102.",,,Sorbus aucuparia,non-mycorrhizal (checked for all types),,Leho Tedersoo,"probably incorrect (this genus is AM, most reports of this species are AM; in this study 21% reports conflict with predictions)",,,,,,AM
"Endringkeit, A. (1937). Bot. Arch., 39, 1-87.",y,"Harley, J. L., & Harley, E. L. (1987). A check‐list of mycorrhiza in the British flora. New Phytologist, 105(s1), 1-102.",,,Acer platanoides,AM; others not addressed,,,,,,,,,AM
"Fontana, A. (1961). Primo contributo allo studio delle micorrize dei pioppi in Piemonte. Allionia, 7, 87-129.",y,"Harley, J. L., & Harley, E. L. (1987). A check‐list of mycorrhiza in the British flora. New Phytologist, 105(s1), 1-102.",,,Populus tremula,EcM; others not addressed,,,,,,Laura M. Suz,ok,,EcM-AM
"Fontana, A., & Centrella, E. (1967). Ectomicorrize prodotte da funghi ipogei. Allionia, 13, 149-176.",y,"Harley, J. L., & Harley, E. L. (1987). A check‐list of mycorrhiza in the British flora. New Phytologist, 105(s1), 1-102.",,,Carpinus betulus,EcM; others not addressed,,,,,,Laura M. Suz,ok,,EcM
"Froidevaux, L., & Schwarzel, C. (1977). Aspects oqualitatifs et quantitatifs des champignons hypoges truffoides mycorrhiziques en foret. Ber Eidg Anstalt Forstl Vers.",y,"Harley, J. L., & Harley, E. L. (1987). A check‐list of mycorrhiza in the British flora. New Phytologist, 105(s1), 1-102.",,,Carpinus betulus,EcM; others not addressed,,,,,,Laura M. Suz,ok,,EcM
"Frydman, I. (1957). Mykotrofizm roślinności pokrywającej gruzy i ruiny domów Wrocławia [Mycotrophic properties of plants growing on ruins in Wrocław]. Acta Societatis Botanicorum Poloniae, 26(1), 45-60.",y,"Harley, J. L., & Harley, E. L. (1987). A check‐list of mycorrhiza in the British flora. New Phytologist, 105(s1), 1-102.",,,Tilia cordata,AM; others not addressed,,Leho Tedersoo,"incorrect report (this genus is EcM, most reports of this species are EcM; in this study 24% reports conflict with predictions)",Mark Brundrett,probably EcM,,,,EcM
"Frydman, I. (1957). Mykotrofizm roślinności pokrywającej gruzy i ruiny domów Wrocławia [Mycotrophic properties of plants growing on ruins in Wrocław]. Acta Societatis Botanicorum Poloniae, 26(1), 45-60.",y,"Harley, J. L., & Harley, E. L. (1987). A check‐list of mycorrhiza in the British flora. New Phytologist, 105(s1), 1-102.",,,Tilia cordata,EcM; others not addressed,,Leho Tedersoo,in this study 24% reports conflict with predictions,,,Laura M. Suz,ok,,EcM
"Frydman, I. (1957). Mykotrofizm roślinności pokrywającej gruzy i ruiny domów Wrocławia [Mycotrophic properties of plants growing on ruins in Wrocław]. Acta Societatis Botanicorum Poloniae, 26(1), 45-60.",y,"Harley, J. L., & Harley, E. L. (1987). A check‐list of mycorrhiza in the British flora. New Phytologist, 105(s1), 1-102.",,,Acer platanoides,AM; others not addressed,,Leho Tedersoo,in this study 24% reports conflict with predictions,,,,,,AM
"Frydman, I. (1957). Mykotrofizm roślinności pokrywającej gruzy i ruiny domów Wrocławia [Mycotrophic properties of plants growing on ruins in Wrocław]. Acta Societatis Botanicorum Poloniae, 26(1), 45-60.",y,"Harley, J. L., & Harley, E. L. (1987). A check‐list of mycorrhiza in the British flora. New Phytologist, 105(s1), 1-102.",,,Acer pseudoplatanus,AM; others not addressed,,Leho Tedersoo,in this study 24% reports conflict with predictions,,,,,,AM
"Frydman, I. (1957). Mykotrofizm roślinności pokrywającej gruzy i ruiny domów Wrocławia [Mycotrophic properties of plants growing on ruins in Wrocław]. Acta Societatis Botanicorum Poloniae, 26(1), 45-60.",y,"Harley, J. L., & Harley, E. L. (1987). A check‐list of mycorrhiza in the British flora. New Phytologist, 105(s1), 1-102.",,,Populus tremula,AM; others not addressed,,Leho Tedersoo,misleading report from EcM perspective (this genus is EcM-AM; in this study 24% reports conflict with predictions),,,,,,EcM-AM
"Frydman, I. (1957). Mykotrofizm roślinności pokrywającej gruzy i ruiny domów Wrocławia [Mycotrophic properties of plants growing on ruins in Wrocław]. Acta Societatis Botanicorum Poloniae, 26(1), 45-60.",y,"Harley, J. L., & Harley, E. L. (1987). A check‐list of mycorrhiza in the British flora. New Phytologist, 105(s1), 1-102.",,,Populus tremula,EcM; others not addressed,,Leho Tedersoo,in this study 24% reports conflict with predictions,,,Laura M. Suz,ok,,EcM-AM
"Frydman, I. (1957). Mykotrofizm roślinności pokrywającej gruzy i ruiny domów Wrocławia [Mycotrophic properties of plants growing on ruins in Wrocław]. Acta Societatis Botanicorum Poloniae, 26(1), 45-60.",y,"Harley, J. L., & Harley, E. L. (1987). A check‐list of mycorrhiza in the British flora. New Phytologist, 105(s1), 1-102.",,,Fraxinus excelsior,AM; others not addressed,,Leho Tedersoo,in this study 24% reports conflict with predictions,,,,,,AM
"Höveler, W. (1892). Weber die verwerthung des humus bei der ernährune der chlorophyllführenden pflanzen. Jb. Wiss. Bot. 24, 283-316.",y,"Harley, J. L., & Harley, E. L. (1987). A check‐list of mycorrhiza in the British flora. New Phytologist, 105(s1), 1-102.",,,Equisetum hyemale,non-mycorrhizal (checked for all types),,,,,,,,,NM-AM
"Jones, E. W. (1945). Acer L. Journal of Ecology, 32(2), 215-219.",y,"Harley, J. L., & Harley, E. L. (1987). A check‐list of mycorrhiza in the British flora. New Phytologist, 105(s1), 1-102.",,,Acer pseudoplatanus,AM; others not addressed,,,,,,,,,AM
"Kryuger, L. (1957). Mikrobiologie, 26, 65-70.",y,"Harley, J. L., & Harley, E. L. (1987). A check‐list of mycorrhiza in the British flora. New Phytologist, 105(s1), 1-102.",,,Equisetum pratense,non-mycorrhizal (checked for all types),,,,,,,,,NM-AM
"Kubikova, J. (1961). Endogone sp. in association with vesicular-arbuscular mycorrhiza of ash (Fraxinus excelsior L.). Ceska Mykol, 15, 161-164.",y,"Harley, J. L., & Harley, E. L. (1987). A check‐list of mycorrhiza in the British flora. New Phytologist, 105(s1), 1-102.",,,Fraxinus excelsior,AM; others not addressed,,,,,,,,,AM
"Kurbis, W. (1936). Mitt. Forst. Forstwiss., 8, 289-292.",y,"Harley, J. L., & Harley, E. L. (1987). A check‐list of mycorrhiza in the British flora. New Phytologist, 105(s1), 1-102.",,,Fraxinus excelsior,AM; others not addressed,,,,,,,,,AM
"Lihnell, D. (1942). Symbolae bot. Upsaliens., 5, 19 pp.",y,"Harley, J. L., & Harley, E. L. (1987). A check‐list of mycorrhiza in the British flora. New Phytologist, 105(s1), 1-102.",,,Tilia cordata,EcM; others not addressed,,,,,,Laura M. Suz,ok,,EcM
"Lihnell, D. (1942). Symbolae bot. Upsaliens., 5, 19 pp.",y,"Harley, J. L., & Harley, E. L. (1987). A check‐list of mycorrhiza in the British flora. New Phytologist, 105(s1), 1-102.",,,Populus tremula,EcM; others not addressed,,,,,,Laura M. Suz,ok,,EcM-AM
"Linnemann, G. (1964). Mykorrhiza und Düngung. Allg. Forst-u. Jagd, 135, 228-233.",y,"Harley, J. L., & Harley, E. L. (1987). A check‐list of mycorrhiza in the British flora. New Phytologist, 105(s1), 1-102.",,,Tilia cordata,EcM; others not addressed,,,,,,Laura M. Suz,ok,,EcM
"Linnemann, G. (1964). Mykorrhiza und Düngung. Allg. Forst-u. Jagd, 135, 228-233.",y,"Harley, J. L., & Harley, E. L. (1987). A check‐list of mycorrhiza in the British flora. New Phytologist, 105(s1), 1-102.",,,Acer pseudoplatanus,AM; others not addressed,,,,,,,,,AM
"Linnemann, G. (1964). Mykorrhiza und Düngung. Allg. Forst-u. Jagd, 135, 228-233.",y,"Harley, J. L., & Harley, E. L. (1987). A check‐list of mycorrhiza in the British flora. New Phytologist, 105(s1), 1-102.",,,Carpinus betulus,EcM; others not addressed,,,,,,Laura M. Suz,ok,,EcM
"Linnemann, G. (1972). Untersuchungen über die Mykorrhiza-Verhältnisse beiFraxinus-Arten, insbesondere beiFraxinus excelsiorL. Allgemeine Forst-und Jagdzeitung, 143, 1-5.",y,"Harley, J. L., & Harley, E. L. (1987). A check‐list of mycorrhiza in the British flora. New Phytologist, 105(s1), 1-102.",,,Fraxinus excelsior,AM; others not addressed,,,,,,,,,AM
"Marx, C., Dexheimer, J., Gianinazzi‐Pearson, V., & Gianinazzi, S. (1982). Enzymatic studies on the metabolism of vesicular–arbuscular mycorrhizas. New Phytologist, 90(1), 37-43.",y,"Harley, J. L., & Harley, E. L. (1987). A check‐list of mycorrhiza in the British flora. New Phytologist, 105(s1), 1-102.",,,Acer pseudoplatanus,AM; others not addressed,,,,,,,,,AM
"Mejstrik, V. (1974). Ecology of mycorrihizae of tree species in reclamation of lignit spoil banks. Nova Hedwigia, 22, 675-98.",y,"Harley, J. L., & Harley, E. L. (1987). A check‐list of mycorrhiza in the British flora. New Phytologist, 105(s1), 1-102.",wasteland,,Fraxinus excelsior,AM; others not addressed,,,,,,,,,AM
"Mejstrik, V. (1976). Institute of Landscape Ecology, 1, 99–177. ",y,"Harley, J. L., & Harley, E. L. (1987). A check‐list of mycorrhiza in the British flora. New Phytologist, 105(s1), 1-102.",,,Sorbus aucuparia,AM; others not addressed,,,,,,,,,AM
"Melin, E. (1959). Mycorrhiza. In: Encyclopaedia of Plant Physiology, vol. XI, pp. 605–638, 1st Edn.",y,"Harley, J. L., & Harley, E. L. (1987). A check‐list of mycorrhiza in the British flora. New Phytologist, 105(s1), 1-102.",,,Populus tremula,EcM; others not addressed,,,,,,Laura M. Suz,ok,,EcM-AM
"Meyer, F. H. (1979). Mitt. dt. Dendrologischen Gesellschaft, 71, 223–229.",y,"Harley, J. L., & Harley, E. L. (1987). A check‐list of mycorrhiza in the British flora. New Phytologist, 105(s1), 1-102.",,,Tilia cordata,EcM; others not addressed,,,,,,Laura M. Suz,ok,,EcM
"Pachlewski, R. (1955). Badania mikotrofismu naturalnych zespol6w ro? linnych na haldach zuzlowo-lupkowych w Walbrzychu (Investigations into mycotrophism in natural plant communities on slate waste tips at Wal-brzych). Roczniki Nauk Lesnych (Prace), 14, 267-291.",y,"Harley, J. L., & Harley, E. L. (1987). A check‐list of mycorrhiza in the British flora. New Phytologist, 105(s1), 1-102.",,,Acer pseudoplatanus,AM; others not addressed,,,,,,,,,AM
"Pachlewski, R. (1955). Badania mikotrofismu naturalnych zespol6w ro? linnych na haldach zuzlowo-lupkowych w Walbrzychu (Investigations into mycotrophism in natural plant communities on slate waste tips at Wal-brzych). Roczniki Nauk Lesnych (Prace), 14, 267-291.",y,"Harley, J. L., & Harley, E. L. (1987). A check‐list of mycorrhiza in the British flora. New Phytologist, 105(s1), 1-102.",,,Sorbus aucuparia,AM; others not addressed,,,,,,,,,AM
"Pachlewski, R. (1955). Badania mikotrofismu naturalnych zespol6w ro? linnych na haldach zuzlowo-lupkowych w Walbrzychu (Investigations into mycotrophism in natural plant communities on slate waste tips at Wal-brzych). Roczniki Nauk Lesnych (Prace), 14, 267-291.",y,"Harley, J. L., & Harley, E. L. (1987). A check‐list of mycorrhiza in the British flora. New Phytologist, 105(s1), 1-102.",,,Populus tremula,EcM; others not addressed,,,,,,Laura M. Suz,ok,,EcM-AM
"Pachlewski, R. (1955). Badania mikotrofismu naturalnych zespol6w ro? linnych na haldach zuzlowo-lupkowych w Walbrzychu (Investigations into mycotrophism in natural plant communities on slate waste tips at Wal-brzych). Roczniki Nauk Lesnych (Prace), 14, 267-291.",y,"Harley, J. L., & Harley, E. L. (1987). A check‐list of mycorrhiza in the British flora. New Phytologist, 105(s1), 1-102.",,,Fraxinus excelsior,AM; others not addressed,,,,,,,,,AM
"Pachlewski, R. (1955). Badania mikotrofismu naturalnych zespol6w ro? linnych na haldach zuzlowo-lupkowych w Walbrzychu (Investigations into mycotrophism in natural plant communities on slate waste tips at Wal-brzych). Roczniki Nauk Lesnych (Prace), 14, 267-291.",y,"Harley, J. L., & Harley, E. L. (1987). A check‐list of mycorrhiza in the British flora. New Phytologist, 105(s1), 1-102.",,,Fraxinus excelsior,EcM; others not addressed,,Leho Tedersoo,"probably incorrect (this genus is AM, most reports of this species are AM)",Mark Brundrett,incorrect report for EcM,Laura M. Suz,ok,,AM
"Palenzona, M., Chevalier, G., & Fontana, A. (1972). Sintesi micorrizica tra i miceli in coltura di Tuber brumale, T. melanosporum, T. rufum e semenzali di conifere e latifoglie. Allionia, 18, 41-52.",y,"Harley, J. L., & Harley, E. L. (1987). A check‐list of mycorrhiza in the British flora. New Phytologist, 105(s1), 1-102.",,,Tilia cordata,EcM; others not addressed,,,,,,Laura M. Suz,ok,,EcM
"Palenzona, M., Chevalier, G., & Fontana, A. (1972). Sintesi micorrizica tra i miceli in coltura di Tuber brumale, T. melanosporum, T. rufum e semenzali di conifere e latifoglie. Allionia, 18, 41-52.",y,"Harley, J. L., & Harley, E. L. (1987). A check‐list of mycorrhiza in the British flora. New Phytologist, 105(s1), 1-102.",,,Carpinus betulus,EcM; others not addressed,,,,,,Laura M. Suz,ok,,EcM
"Paulson, R. (1924). Tree mycorrhiza: Chiefly Field Notes. Transactions of the British Mycological Society, 9(4), 213-218.",y,"Harley, J. L., & Harley, E. L. (1987). A check‐list of mycorrhiza in the British flora. New Phytologist, 105(s1), 1-102.",,,Carpinus betulus,EcM; others not addressed,,,,,,Laura M. Suz,ok,,EcM
"Peyronel, B. (1920). Alcuni casi di rapporti micorizici tra boletinee ed essenze arboree. Mem d. R. Staz. di Patol. Veg. Roma., 53, 24–31.",y,"Harley, J. L., & Harley, E. L. (1987). A check‐list of mycorrhiza in the British flora. New Phytologist, 105(s1), 1-102.",,,Populus tremula,EcM; others not addressed,,,,,,Laura M. Suz,ok,,EcM-AM
"Peyronel, B. (1921). Nouveaux cas de rapports mycorhiziques entre Phanérogames et Basidiomycètes. Société mycologique de France, 37, 143–146.",y,"Harley, J. L., & Harley, E. L. (1987). A check‐list of mycorrhiza in the British flora. New Phytologist, 105(s1), 1-102.",,,Populus tremula,EcM; others not addressed,,,,,,Laura M. Suz,ok,,EcM-AM
"Pigott, C. D. (1982). Fine structure of mycorrhiza formed by Cenococcum geophilum Fr. on Tilia cordata Mill. New Phytologist, 92(4), 501-512.",y,"Harley, J. L., & Harley, E. L. (1987). A check‐list of mycorrhiza in the British flora. New Phytologist, 105(s1), 1-102.",,,Tilia cordata,EcM; others not addressed,,,,,,Laura M. Suz,ok,,EcM
"Pigott, C. D. (1982). Survival of mycorrhiza formed by Cenococcum geophilum Fr. in dry soils. New Phytologist, 92(4), 513-517.",y,"Harley, J. L., & Harley, E. L. (1987). A check‐list of mycorrhiza in the British flora. New Phytologist, 105(s1), 1-102.",,,Tilia cordata,EcM; others not addressed,,,,,,Laura M. Suz,ok,,EcM
"Rayner, M. C. (1927). Mycorrhiza. New Phytol. reprint, 15. Weldon &Wesley, London . ",y,"Harley, J. L., & Harley, E. L. (1987). A check‐list of mycorrhiza in the British flora. New Phytologist, 105(s1), 1-102.",,,Tilia cordata,non-mycorrhizal (checked for all types),,Leho Tedersoo,"incorrect report (this genus is EcM, most reports of this species are EcM)",,,,,,EcM
"Sarauw, G. F. L. (1896). Bot. Tidskr., 18, 127–260.",y,"Harley, J. L., & Harley, E. L. (1987). A check‐list of mycorrhiza in the British flora. New Phytologist, 105(s1), 1-102.",,,Acer pseudoplatanus,AM; others not addressed,,,,,,,,,AM
"Sobotka, A. (1965). Comm. Inst. For. Rech., 4, 204–217.",y,"Harley, J. L., & Harley, E. L. (1987). A check‐list of mycorrhiza in the British flora. New Phytologist, 105(s1), 1-102.",,,Acer pseudoplatanus,AM; others not addressed,,,,,,,,,AM
"Sobotka, A. (1965). Comm. Inst. For. Rech., 4, 204–217.",y,"Harley, J. L., & Harley, E. L. (1987). A check‐list of mycorrhiza in the British flora. New Phytologist, 105(s1), 1-102.",,,Acer pseudoplatanus,EcM; others not addressed,,Leho Tedersoo,"incorrect report (this genus is AM, most reports of this species are AM-only)",Mark Brundrett,incorrect report,Laura M. Suz,not ECM,,AM
"Stahl E. (1900). Der Sinn der Mycorrhizenbildung. Jahrb. Wiss. Bot. 34, 540-668.",y,"Harley, J. L., & Harley, E. L. (1987). A check‐list of mycorrhiza in the British flora. New Phytologist, 105(s1), 1-102.",,,Acer platanoides,AM; others not addressed,,,,,,,,,AM
"Stahl E. (1900). Der Sinn der Mycorrhizenbildung. Jahrb. Wiss. Bot. 34, 540-668.",y,"Harley, J. L., & Harley, E. L. (1987). A check‐list of mycorrhiza in the British flora. New Phytologist, 105(s1), 1-102.",,,Acer pseudoplatanus,AM; others not addressed,,,,,,,,,AM
"Stahl E. (1900). Der Sinn der Mycorrhizenbildung. Jahrb. Wiss. Bot. 34, 540-668.",y,"Harley, J. L., & Harley, E. L. (1987). A check‐list of mycorrhiza in the British flora. New Phytologist, 105(s1), 1-102.",,,Aesculus hippocastanum,AM; others not addressed,,,,,,,,,AM
"Stahl E. (1900). Der Sinn der Mycorrhizenbildung. Jahrb. Wiss. Bot. 34, 540-668.",y,"Harley, J. L., & Harley, E. L. (1987). A check‐list of mycorrhiza in the British flora. New Phytologist, 105(s1), 1-102.",,,Sorbus aucuparia,EcM; others not addressed,,Leho Tedersoo,incorrect report (this genus is AM),Mark Brundrett,incorrect report,Laura M. Suz,not ECM,,AM
"Stahl E. (1900). Der Sinn der Mycorrhizenbildung. Jahrb. Wiss. Bot. 34, 540-668.",y,"Harley, J. L., & Harley, E. L. (1987). A check‐list of mycorrhiza in the British flora. New Phytologist, 105(s1), 1-102.",,,Populus tremula,EcM; others not addressed,,,,,,Laura M. Suz,ok,,EcM-AM
"Stahl E. (1900). Der Sinn der Mycorrhizenbildung. Jahrb. Wiss. Bot. 34, 540-668.",y,"Harley, J. L., & Harley, E. L. (1987). A check‐list of mycorrhiza in the British flora. New Phytologist, 105(s1), 1-102.",,,Fraxinus excelsior,AM; others not addressed,,,,,,,,,AM
"Truszkowska, W. (1953). Mykotrofizm olesów Bialowieskiego Parku Narodowego I Domaszyna pod Wroclawiem. Soc. Bot. Polon. Acta22, 737-752.",y,"Harley, J. L., & Harley, E. L. (1987). A check‐list of mycorrhiza in the British flora. New Phytologist, 105(s1), 1-102.",,,Equisetum pratense,non-mycorrhizal (checked for all types),,Leho Tedersoo,in this study 21% reports conflict with predictions,,,,,,NM-AM
"Truszkowska, W. (1953). Mykotrofizm olesów Bialowieskiego Parku Narodowego I Domaszyna pod Wroclawiem. Soc. Bot. Polon. Acta22, 737-752.",y,"Harley, J. L., & Harley, E. L. (1987). A check‐list of mycorrhiza in the British flora. New Phytologist, 105(s1), 1-102.",,,Tilia cordata,AM; others not addressed,,Leho Tedersoo,"incorrect report (this genus is EcM, most reports of this species are EcM; in this study 21% reports conflict with predictions)",Mark Brundrett,probably EcM,,,,EcM
"Truszkowska, W. (1953). Mykotrofizm olesów Bialowieskiego Parku Narodowego I Domaszyna pod Wroclawiem. Soc. Bot. Polon. Acta22, 737-752.",y,"Harley, J. L., & Harley, E. L. (1987). A check‐list of mycorrhiza in the British flora. New Phytologist, 105(s1), 1-102.",,,Tilia cordata,EcM; others not addressed,,Leho Tedersoo,in this study 21% reports conflict with predictions,,,Laura M. Suz,ok,,EcM
"Truszkowska, W. (1953). Mykotrofizm olesów Bialowieskiego Parku Narodowego I Domaszyna pod Wroclawiem. Soc. Bot. Polon. Acta22, 737-752.",y,"Harley, J. L., & Harley, E. L. (1987). A check‐list of mycorrhiza in the British flora. New Phytologist, 105(s1), 1-102.",,,Acer platanoides,AM; others not addressed,,Leho Tedersoo,in this study 21% reports conflict with predictions,,,,,,AM
"Truszkowska, W. (1953). Mykotrofizm olesów Bialowieskiego Parku Narodowego I Domaszyna pod Wroclawiem. Soc. Bot. Polon. Acta22, 737-752.",y,"Harley, J. L., & Harley, E. L. (1987). A check‐list of mycorrhiza in the British flora. New Phytologist, 105(s1), 1-102.",,,Acer pseudoplatanus,AM; others not addressed,,Leho Tedersoo,in this study 21% reports conflict with predictions,,,,,,AM
"Truszkowska, W. (1953). Mykotrofizm olesów Bialowieskiego Parku Narodowego I Domaszyna pod Wroclawiem. Soc. Bot. Polon. Acta22, 737-752.",y,"Harley, J. L., & Harley, E. L. (1987). A check‐list of mycorrhiza in the British flora. New Phytologist, 105(s1), 1-102.",,,Sorbus aucuparia,AM; others not addressed,,Leho Tedersoo,in this study 21% reports conflict with predictions,,,,,,AM
"Truszkowska, W. (1953). Mykotrofizm olesów Bialowieskiego Parku Narodowego I Domaszyna pod Wroclawiem. Soc. Bot. Polon. Acta22, 737-752.",y,"Harley, J. L., & Harley, E. L. (1987). A check‐list of mycorrhiza in the British flora. New Phytologist, 105(s1), 1-102.",,,Sorbus aucuparia,EcM; others not addressed,,Leho Tedersoo,incorrect report (this genus is AM; in this study 21% reports conflict with predictions),Mark Brundrett,incorrect report,Laura M. Suz,not ECM,,AM
"Truszkowska, W. (1953). Mykotrofizm olesów Bialowieskiego Parku Narodowego I Domaszyna pod Wroclawiem. Soc. Bot. Polon. Acta22, 737-752.",y,"Harley, J. L., & Harley, E. L. (1987). A check‐list of mycorrhiza in the British flora. New Phytologist, 105(s1), 1-102.",,,Carpinus betulus,EcM; others not addressed,,Leho Tedersoo,in this study 21% reports conflict with predictions,,,Laura M. Suz,ok,,EcM
"Truszkowska, W. (1953). Mykotrofizm olesów Bialowieskiego Parku Narodowego I Domaszyna pod Wroclawiem. Soc. Bot. Polon. Acta22, 737-752.",y,"Harley, J. L., & Harley, E. L. (1987). A check‐list of mycorrhiza in the British flora. New Phytologist, 105(s1), 1-102.",,,Fraxinus excelsior,AM; others not addressed,,Leho Tedersoo,in this study 21% reports conflict with predictions,,,,,,AM
"Truszkowska, W. (1953). Mykotrofizm olesów Bialowieskiego Parku Narodowego I Domaszyna pod Wroclawiem. Soc. Bot. Polon. Acta22, 737-752.",y,"Harley, J. L., & Harley, E. L. (1987). A check‐list of mycorrhiza in the British flora. New Phytologist, 105(s1), 1-102.",,,Fraxinus excelsior,EcM; others not addressed,,Leho Tedersoo,"probably incorrect (this genus is AM, most reports of this species are AM; in this study 21% reports conflict with predictions)",Mark Brundrett,incorrect report for EcM,Laura M. Suz,ok,,AM
"Stelz, T. (1968). Mycorrhizes et vegetation des pelouses calcaires (Doctoral dissertation).",y,"Harley, J. L., & Harley, E. L. (1987). A check‐list of mycorrhiza in the British flora. New Phytologist, 105(s1), 1-102.",,,Acer pseudoplatanus,AM; others not addressed,,,,,,,,,AM
"Stelz, T. (1968). Mycorrhizes et vegetation des pelouses calcaires (Doctoral dissertation).",y,"Harley, J. L., & Harley, E. L. (1987). A check‐list of mycorrhiza in the British flora. New Phytologist, 105(s1), 1-102.",,,Fraxinus excelsior,AM; others not addressed,,,,,,,,,AM
"Klecka, A. & Vukolov, V. (1935). Sbornik-Czeskoslov. Akad. Zemed., 10, 443–457.",y,"Harley, J. L., & Harley, E. L. (1987). A check‐list of mycorrhiza in the British flora. New Phytologist, 105(s1), 1-102.",,,Acer pseudoplatanus,AM; others not addressed,,,,,,,,,AM
"Klecka, A. & Vukolov, V. (1935). Sbornik-Czeskoslov. Akad. Zemed., 10, 443–457.",y,"Harley, J. L., & Harley, E. L. (1987). A check‐list of mycorrhiza in the British flora. New Phytologist, 105(s1), 1-102.",,,Aesculus hippocastanum,AM; others not addressed,,,,,,,,,AM
"Klecka, A. & Vukolov, V. (1935). Sbornik-Czeskoslov. Akad. Zemed., 10, 443–457.",y,"Harley, J. L., & Harley, E. L. (1987). A check‐list of mycorrhiza in the British flora. New Phytologist, 105(s1), 1-102.",,,Carpinus betulus,EcM; others not addressed,,,,,,Laura M. Suz,ok,,EcM
"Klecka, A. & Vukolov, V. (1935). Sbornik-Czeskoslov. Akad. Zemed., 10, 443–457.",y,"Harley, J. L., & Harley, E. L. (1987). A check‐list of mycorrhiza in the British flora. New Phytologist, 105(s1), 1-102.",,,Populus tremula,EcM; others not addressed,,,,,,Laura M. Suz,ok,,EcM-AM
"Klecka, A. & Vukolov, V. (1935). Sbornik-Czeskoslov. Akad. Zemed., 10, 443–457.",y,"Harley, J. L., & Harley, E. L. (1987). A check‐list of mycorrhiza in the British flora. New Phytologist, 105(s1), 1-102.",,,Fraxinus excelsior,AM; others not addressed,,,,,,,,,AM
"Jeanmaire, C., Dexheimer, J., Marx, C., Gianinazzi, S., & Gianinazzi-Pearson, V. (1985). Effect of vesicular-arbuscular mycorrhizal infection on the distribution of neutral phosphatase activities in root cortical cells. Journal of plant physiology, 119(4), 285-293.",y,"Harley, J. L., & Harley, E. L. (1987). A check‐list of mycorrhiza in the British flora. New Phytologist, 105(s1), 1-102.",,,Acer pseudoplatanus,AM; others not addressed,,,,,,,,,AM
"Stevenson, G. (1964). The growth of seedlings of some pioneer plantsd and the micro-organisms associated with their roots. Transactions of the British Mycological Society, 47(3), 331-339.",y,"Harley, J. L., & Harley, E. L. (1987). A check‐list of mycorrhiza in the British flora. New Phytologist, 105(s1), 1-102.",,,Acer pseudoplatanus,AM; others not addressed,,,,,,,,,AM
"Mosse, B., & Hayman, D. S. (1973). Effects of mycorrhiza on phosphate uptake of some plant species from Meathop wood soil. Bull. Br. Ecol. Soc, 4(6), 1.",y,"Harley, J. L., & Harley, E. L. (1987). A check‐list of mycorrhiza in the British flora. New Phytologist, 105(s1), 1-102.",,,Fraxinus excelsior,AM; others not addressed,,,,,,,,,AM
"Harley, J. L., & Brierley, J. K. (1954). The uptake of phosphate by excised mycorrhizal roots of the beech. New Phytologist, 53(2), 240-252.",y,"Harley, J. L., & Harley, E. L. (1987). A check‐list of mycorrhiza in the British flora. New Phytologist, 105(s1), 1-102.",,,Populus tremula,EcM; others not addressed,,,,,,Laura M. Suz,ok,,EcM-AM
"Harley, J. L., & Brierley, J. K. (1954). The uptake of phosphate by excised mycorrhizal roots of the beech. New Phytologist, 53(2), 240-252.",y,"Harley, J. L., & Harley, E. L. (1987). A check‐list of mycorrhiza in the British flora. New Phytologist, 105(s1), 1-102.",,,Populus trichocarpa,EcM; others not addressed,,,,,,Laura M. Suz,ok,,EcM-AM
"Duddridge, J. A., & Read, D. J. (1984). Modification of the host‐fungus interface in mycorrhizas synthesized between Suillus bovjnus (Fr.) o. Kuntz and Pinus sylvestris L. New Phytologist, 96(4), 583-588.",y,"Harley, J. L., & Harley, E. L. (1987). A check‐list of mycorrhiza in the British flora. New Phytologist, 105(s1), 1-102.",,,Fraxinus excelsior,AM; others not addressed,,,,,,,,,AM
"Stahl, E. (1900). Der Sinn der Mycorhizenbildung: eine vergleichend-biologische Studie. Gebr. Borntraeger.",y,"Harley, J. L., & Harley, E. L. (1987). A check‐list of mycorrhiza in the British flora. New Phytologist, 105(s1), 1-102.",,,Equisetum hyemale,non-mycorrhizal (checked for all types),,,,,,,,,NM-AM
"Grevillius, A. Y. (1895). Ueber Mykorrhizen bei der Gattung Botrychium nebst einigen anderen Bemerkungen über das Auftreten von Wurzelsprossen bei B. virginianum Swartz. Flora, 80, 445-453.",y,"Harley, J. L., & Harley, E. L. (1987). A check‐list of mycorrhiza in the British flora. New Phytologist, 105(s1), 1-102.",,,Acer pseudoplatanus,AM; others not addressed,,,,,,,,,AM
"Garbaye, J. (1983). Premiers résultats de recherches sur la compétitivité des champignons ectomycorhiziens. Plant and soil, 71(1), 303-308.",y,"Harley, J. L., & Harley, E. L. (1987). A check‐list of mycorrhiza in the British flora. New Phytologist, 105(s1), 1-102.",,,Acer pseudoplatanus,AM; others not addressed,,,,,,,,,AM
"Gerdemann, J. W., & Trappe, J. M. (1974). The Endogonaceae in the Pacific Northwest. Mycologia Memoir No. 5, New York Botanical Garden and the Mycological Soc. of Amer.",y,"Harley, J. L., & Harley, E. L. (1987). A check‐list of mycorrhiza in the British flora. New Phytologist, 105(s1), 1-102.",,,Acer pseudoplatanus,AM; others not addressed,,,,,,,,,AM
"Hall, I. R., & Fish, B. J. (1979). A key to the Endogonaceae. Transactions of the British Mycological Society, 73(2), 261-270.",y,"Harley, J. L., & Harley, E. L. (1987). A check‐list of mycorrhiza in the British flora. New Phytologist, 105(s1), 1-102.",,,Acer pseudoplatanus,AM; others not addressed,,,,,,,,,AM
"Francis, R., Finlay, R. D., & Read, D. J. (1986). Vesicular–arbuscular mycorrhiza in natural vegetation systems. New Phytologist, 102(1), 103-111.",y,"Harley, J. L., & Harley, E. L. (1987). A check‐list of mycorrhiza in the British flora. New Phytologist, 105(s1), 1-102.",,,Populus trichocarpa,EcM; others not addressed,,,,,,Laura M. Suz,ok,,EcM-AM
"Dominik, T., Nespiak, A., & Pachlewski, R. (1954). Badanie mykotrofizmu roślinności zespołów na skałkach wapiennych w Tatrach. Acta Soc. Bot. Pol, 23(3), 471-485.",y,"Harley, J. L., & Harley, E. L. (1987). A check‐list of mycorrhiza in the British flora. New Phytologist, 105(s1), 1-102.",,,Acer pseudoplatanus,AM; others not addressed,,,,,,,,,AM
"Dominik, T., Nespiak, A., & Pachlewski, R. (1954). Badanie mykotrofizmu roślinności zespołów na skałkach wapiennych w Tatrach. Acta Soc. Bot. Pol, 23(3), 471-485.",y,"Harley, J. L., & Harley, E. L. (1987). A check‐list of mycorrhiza in the British flora. New Phytologist, 105(s1), 1-102.",,,Sorbus aucuparia,AM; others not addressed,,,,,,,,,AM
"Dominik, T., Nespiak, A., & Pachlewski, R. (1954). Badanie mykotrofizmu zespolów roslinnych regla górnego w Tatrach. Acta Soc Bot Pol, 23, 487-504.",y,"Harley, J. L., & Harley, E. L. (1987). A check‐list of mycorrhiza in the British flora. New Phytologist, 105(s1), 1-102.",,,Sorbus aucuparia,AM; others not addressed,,,,,,,,,AM
"Kryuger, L. (1961).  Botaničeskij Žurnal: Organ Vsesojuznogo Botaničeskogo Obščestva, 46, 617-627.",y,"Harley, J. L., & Harley, E. L. (1987). A check‐list of mycorrhiza in the British flora. New Phytologist, 105(s1), 1-102.",,,Equisetum pratense,non-mycorrhizal (checked for all types),,,,,,,,,NM-AM
"Kryuger, L. (1961).  Botaničeskij Žurnal: Organ Vsesojuznogo Botaničeskogo Obščestva, 46, 617-627.",y,"Harley, J. L., & Harley, E. L. (1987). A check‐list of mycorrhiza in the British flora. New Phytologist, 105(s1), 1-102.",,,Equisetum hyemale,non-mycorrhizal (checked for all types),,,,,,,,,NM-AM
"Asai, T. V. (1934). Uber das Vorkommen und die Bedeutung der Wurzelpilze in den Landpflanzen. Jap. J. Bot, 7, 107-50.",y,"Harley, J. L., & Harley, E. L. (1987). A check‐list of mycorrhiza in the British flora. New Phytologist, 105(s1), 1-102.",,,Equisetum hyemale,non-mycorrhizal (checked for all types),,,,,,,,,NM-AM
"Doak, K. D. (1927, January). Mycorrhiza bearing species in the vicinity of Lafayette, Indiana. In Proceedings of the Indiana Academy of Science (Vol. 37, pp. 427-440).",,,natural,,Populus tremuloides,EcM; no others,,,,,,Laura M. Suz,ok,,EcM-AM
"Doak, K. D. (1927, January). Mycorrhiza bearing species in the vicinity of Lafayette, Indiana. In Proceedings of the Indiana Academy of Science (Vol. 37, pp. 427-440).",,,natural,,Populus deltoides,EcM; no others,,,,,,Laura M. Suz,ok,,EcM-AM
"Doak, K. D. (1927, January). Mycorrhiza bearing species in the vicinity of Lafayette, Indiana. In Proceedings of the Indiana Academy of Science (Vol. 37, pp. 427-440).",,,natural,,Adiantum pedatum,AM; no others,,,,,,,,,AM
"Doak, K. D. (1927, January). Mycorrhiza bearing species in the vicinity of Lafayette, Indiana. In Proceedings of the Indiana Academy of Science (Vol. 37, pp. 427-440).",,,natural,,Acer rubrum,AM; no others,,,,,,,,,AM
"Doak, K. D. (1927, January). Mycorrhiza bearing species in the vicinity of Lafayette, Indiana. In Proceedings of the Indiana Academy of Science (Vol. 37, pp. 427-440).",,,natural,,Acer negundo,AM; no others,,,,,,,,,AM
"Doak, K. D. (1927, January). Mycorrhiza bearing species in the vicinity of Lafayette, Indiana. In Proceedings of the Indiana Academy of Science (Vol. 37, pp. 427-440).",,,natural,,Quercus alba,EcM; no others,,,,,,Laura M. Suz,ok,,EcM
"Doak, K. D. (1927, January). Mycorrhiza bearing species in the vicinity of Lafayette, Indiana. In Proceedings of the Indiana Academy of Science (Vol. 37, pp. 427-440).",,,natural,,Fraxinus americana,"EcM,AM",,Leho Tedersoo,incorrect report for EcM (this genus is AM),Mark Brundrett,incorrect report for EcM,Laura M. Suz,ok,,AM
"De Alwis, D. P., & Abeynayake, K. (1980). A survey of mycorrhizae in some forest trees of Sri Lanka. A survey of mycorrhizae in some forest trees of Sri Lanka., 146-153.",,,natural,forest: tropical broadleaf forest biome,Alstonia scholaris,AM; no others,,,,,,,,,AM
"De Alwis, D. P., & Abeynayake, K. (1980). A survey of mycorrhizae in some forest trees of Sri Lanka. A survey of mycorrhizae in some forest trees of Sri Lanka., 146-153.",,,natural,forest: tropical broadleaf forest biome,Cinnamomum cassia,AM; no others,,,,,,,,,AM
"De Alwis, D. P., & Abeynayake, K. (1980). A survey of mycorrhizae in some forest trees of Sri Lanka. A survey of mycorrhizae in some forest trees of Sri Lanka., 146-153.",,,natural,forest: tropical broadleaf forest biome,Carallia brachiata,AM; no others,,,,,,,,,AM
"De Alwis, D. P., & Abeynayake, K. (1980). A survey of mycorrhizae in some forest trees of Sri Lanka. A survey of mycorrhizae in some forest trees of Sri Lanka., 146-153.",,,natural,forest: tropical broadleaf forest biome,Carallia brachiata,AM; no others,,,,,,,,,AM
"Asai, T. (1944). Die bedeutung der mikorrhiza für das pflanzenleben. Japanese J. Bot, 12, 359-408.",,,,,Ginkgo biloba,non-mycorrhizal (checked for all types),,Leho Tedersoo,"probably incorrect (this genus is AM, most reports of this species are AM)",,,,,,AM
"Asai, T. (1944). Die bedeutung der mikorrhiza für das pflanzenleben. Japanese J. Bot, 12, 359-408.",,,,,Cinnamomum camphora,AM; others not addressed,,,,,,,,,AM
"Asai, T. (1944). Die bedeutung der mikorrhiza für das pflanzenleben. Japanese J. Bot, 12, 359-408.",,,,,Koelreuteria paniculata,AM; others not addressed,,,,,,,,,AM
"Trappe, J. M. (1964). Mycorrhizal host and distribution of Cenococcum graniforme. Lloydia, 27, 100-106.",,,,,Pinus strobus,EcM; no others,,,,,,Laura M. Suz,ok,,EcM
"Trappe, J. M. (1964). Mycorrhizal host and distribution of Cenococcum graniforme. Lloydia, 27, 100-106.",,,,,Pinus virginiana,EcM; no others,,,,,,Laura M. Suz,ok,,EcM
"Trappe, J. M. (1964). Mycorrhizal host and distribution of Cenococcum graniforme. Lloydia, 27, 100-106.",,,,,Carpinus betulus,EcM; no others,,,,,,Laura M. Suz,ok,,EcM
"Trappe, J. M. (1964). Mycorrhizal host and distribution of Cenococcum graniforme. Lloydia, 27, 100-106.",,,,,Quercus alba,EcM; no others,,,,,,Laura M. Suz,ok,,EcM
"Trappe, J. M. (1964). Mycorrhizal host and distribution of Cenococcum graniforme. Lloydia, 27, 100-106.",,,,,Quercus rubra,EcM; no others,,,,,,Laura M. Suz,ok,,EcM
"Trappe, J. M. (1964). Mycorrhizal host and distribution of Cenococcum graniforme. Lloydia, 27, 100-106.",,,,,Populus deltoides,EcM; no others,,,,,,Laura M. Suz,ok,,EcM-AM
"Trappe, J. M. (1964). Mycorrhizal host and distribution of Cenococcum graniforme. Lloydia, 27, 100-106.",,,,,Populus tremuloides,EcM; no others,,,,,,Laura M. Suz,ok,,EcM-AM
"Trappe, J. M. (1964). Mycorrhizal host and distribution of Cenococcum graniforme. Lloydia, 27, 100-106.",,,,,Populus trichocarpa,EcM; no others,,,,,,Laura M. Suz,ok,,EcM-AM
"Trappe, J. M. (1964). Mycorrhizal host and distribution of Cenococcum graniforme. Lloydia, 27, 100-106.",,,,,Tilia cordata,EcM; no others,,,,,,Laura M. Suz,ok,,EcM
"Chalermpongse, A. (1987). Mycorrhizal survey of dry-deciduous and semievergreen dipterocarp forest ecosystems in Thailand. In: Kostermans AJCH (Ed.). Proceedings of the third round table conference on dipterocarps. UNESCO Regional Office for Science and Technology, Jakarta, Indonesia. pp. 81–103.",,,natural,forest: tropical broadleaf forest biome,Alstonia scholaris,AM; no others,,,,,,,,,AM
"Chalermpongse, A. (1987). Mycorrhizal survey of dry-deciduous and semievergreen dipterocarp forest ecosystems in Thailand. In: Kostermans AJCH (Ed.). Proceedings of the third round table conference on dipterocarps. UNESCO Regional Office for Science and Technology, Jakarta, Indonesia. pp. 81–103.",,,natural,forest: tropical broadleaf forest biome,Aphanamixis polystachya,AM; no others,,,,,,,,,AM
"Chalermpongse, A. (1987). Mycorrhizal survey of dry-deciduous and semievergreen dipterocarp forest ecosystems in Thailand. In: Kostermans AJCH (Ed.). Proceedings of the third round table conference on dipterocarps. UNESCO Regional Office for Science and Technology, Jakarta, Indonesia. pp. 81–103.",,,natural,forest: tropical broadleaf forest biome,Acacia auriculiformis,AM; no others,,Leho Tedersoo,most species of Acacia s.str. are EcM-AM,,,,,,EcM-AM
"Chalermpongse, A. (1987). Mycorrhizal survey of dry-deciduous and semievergreen dipterocarp forest ecosystems in Thailand. In: Kostermans AJCH (Ed.). Proceedings of the third round table conference on dipterocarps. UNESCO Regional Office for Science and Technology, Jakarta, Indonesia. pp. 81–103.",,,natural,forest: tropical broadleaf forest biome,Carallia brachiata,AM; no others,,,,,,,,,AM
"Chalermpongse, A. (1987). Mycorrhizal survey of dry-deciduous and semievergreen dipterocarp forest ecosystems in Thailand. In: Kostermans AJCH (Ed.). Proceedings of the third round table conference on dipterocarps. UNESCO Regional Office for Science and Technology, Jakarta, Indonesia. pp. 81–103.",,,natural,forest: tropical broadleaf forest biome,Pterospermum acerifolium,non-mycorrhizal (checked for all types),,Leho Tedersoo,probably incorrect (this genus is AM),,,,,,AM
"Mangin, L. A. (1910). Introduction a l'etude des mycorhizes des arbres forestiers (Vol. 5).",,,,,Quercus rubra,EcM; others not addressed,,,,,,Laura M. Suz,ok,,EcM
"Tedersoo, L., Kõljalg, U., Hallenberg, N., Larsson, K.-H. (2003). Fine scale distribution of ectomycorrhizal fungi and roots across substrate layers including coarse woody debris in a mixed forest. New Phytologist, 159, 153-165.",,,natural,forest: temperate broadleaf forest biome,Tilia cordata,EcM; others not addressed,,,,,,Laura M. Suz,ok,% cores colonized,EcM
"Tedersoo, L., Kõljalg, U., Hallenberg, N., Larsson, K.-H. (2003). Fine scale distribution of ectomycorrhizal fungi and roots across substrate layers including coarse woody debris in a mixed forest. New Phytologist, 159, 153-165.",,,natural,forest: temperate broadleaf forest biome,Populus tremula,EcM; others not addressed,,,,,,Laura M. Suz,ok,% cores colonized,EcM-AM
"Tedersoo L, Mett M, Ishida TA, Bahram M. Phylogenetic relationships among host plants explain differences in fungal species richness and community composition in ectomycorrhizal symbiosis. New Phytologist. 2013 Aug 1;199(3):822-31.",,,natural,forest: temperate broadleaf forest biome,Populus tremula,EcM; others not addressed,,,,,,Laura M. Suz,ok,n=number of cores per plant,EcM-AM
"Tedersoo L, Mett M, Ishida TA, Bahram M. Phylogenetic relationships among host plants explain differences in fungal species richness and community composition in ectomycorrhizal symbiosis. New Phytologist. 2013 Aug 1;199(3):822-31.",,,natural,forest: temperate broadleaf forest biome,Populus tremula,EcM; others not addressed,,,,,,Laura M. Suz,ok,n=number of cores per plant,EcM-AM
Tedersoo 2018 MycoPhyl,,,pot,anthropogenic: urban biome,Acer platanoides,non-EcM; others not addressed,superficial view,Leho Tedersoo,misleading report from AM perspective (this genus is AM),,,,,,AM
Tedersoo 2018 MycoPhyl,,,pot,anthropogenic: urban biome,Fraxinus excelsior,non-EcM; others not addressed,superficial view,Leho Tedersoo,misleading report from AM perspective (this genus is AM),,,,,,AM
Tedersoo 2018 MycoPhyl,,,pot,anthropogenic: urban biome,Sorbus aucuparia,non-EcM; others not addressed,superficial view,Leho Tedersoo,misleading report from AM perspective (this genus is AM),,,,,,AM
Tedersoo 2018 MycoPhyl,,,pot,anthropogenic: urban biome,Cercidiphyllum japonicum,non-EcM; others not addressed,superficial view,Leho Tedersoo,misleading report from AM perspective (this genus is AM),,,,,,AM
Tedersoo 2018 MycoPhyl,,,pot,anthropogenic: urban biome,Ginkgo biloba,non-EcM; others not addressed,superficial view,Leho Tedersoo,misleading report from AM perspective (this genus is AM),,,,,,AM
Tedersoo 2018 MycoPhyl,,,nursery,anthropogenic: urban biome,Aesculus hippocastanum,non-EcM; others not addressed,superficial view,Leho Tedersoo,misleading report from AM perspective (this genus is AM),,,,,,AM
Tedersoo 2018 MycoPhyl,,,pot,anthropogenic: urban biome,Acer negundo,non-EcM; others not addressed,superficial view,Leho Tedersoo,"misleading report from AM perspective (this genus is AM, most reports of this species are AM-only)",,,,,,AM
Tedersoo 2018 MycoPhyl,,,early successional,grassland: temperate grassland biome,Populus tremula,EcM; others not addressed,superficial view,,,,,Laura M. Suz,ok,,EcM-AM
Tedersoo 2018 MycoPhyl,,,natural,forest: temperate broadleaf forest biome,Fraxinus excelsior,non-EcM; others not addressed,superficial view,Leho Tedersoo,misleading report from AM perspective (this genus is AM),,,,,,AM
Tedersoo 2018 MycoPhyl,,,pot,anthropogenic: urban biome,Liriodendron tulipifera,non-EcM; others not addressed,superficial view,Leho Tedersoo,misleading report from AM perspective (this genus is AM),,,,,,AM
Tedersoo 2018 MycoPhyl,,,pot,anthropogenic: urban biome,Phellodendron amurense,non-EcM; others not addressed,superficial view,Leho Tedersoo,misleading report from AM perspective (this genus is AM),,,,,,AM
Tedersoo 2018 MycoPhyl,,,pot,anthropogenic: urban biome,Gleditsia triacanthos,non-EcM; others not addressed,superficial view,Leho Tedersoo,misleading report from AM perspective (this genus is AM),,,,,,AM
Tedersoo 2018 MycoPhyl,,,pot,anthropogenic: urban biome,Sassafras albidum,non-EcM; others not addressed,superficial view,Leho Tedersoo,misleading report from AM perspective (this genus is NM-AM),,,,,,NM-AM
Tedersoo et al. 2016. Genomic and metagenomics sequencing of fungi.,,,natural,forest: temperate broadleaf forest biome,Populus tremula,EcM; others not addressed,,,,,,Laura M. Suz,ok,,EcM-AM
"Tedersoo, 2011-2015 European incl. Estonian collections varia",,,natural,forest: temperate coniferous forest biome,Populus tremula,EcM; others not addressed,,,,,,Laura M. Suz,ok,,EcM-AM
"Tedersoo, 2011-2015 European incl. Estonian collections varia",,,natural,anthropogenic: urban biome,Tilia cordata,EcM; others not addressed,,,,,,Laura M. Suz,ok,,EcM
"Tedersoo, 2011-2015 European incl. Estonian collections varia",,,natural,anthropogenic: rangeland biome,Tilia cordata,EcM; others not addressed,,,,,,Laura M. Suz,ok,,EcM
"Tedersoo, 2011-2015 European incl. Estonian collections varia",,,natural,forest: temperate broadleaf forest biome,Populus tremula,EcM; others not addressed,,,,,,Laura M. Suz,ok,,EcM-AM
"Tedersoo, 2011-2015 European incl. Estonian collections varia",,,natural,forest: temperate broadleaf forest biome,Tilia cordata,EcM; others not addressed,,,,,,Laura M. Suz,ok,,EcM
"Tedersoo, 2011-2015 European incl. Estonian collections varia",,,natural,anthropogenic: urban biome,Tilia cordata,EcM; others not addressed,,,,,,Laura M. Suz,ok,,EcM
"Tedersoo, 2011-2015 European incl. Estonian collections varia",,,natural,forest: temperate broadleaf forest biome,Populus tremula,EcM; others not addressed,,,,,,Laura M. Suz,ok,,EcM-AM
"Tedersoo, 2011-2015 European incl. Estonian collections varia",,,natural,forest: temperate broadleaf forest biome,Tilia cordata,EcM; others not addressed,,,,,,Laura M. Suz,ok,,EcM
"Tedersoo, 2011-2015 European incl. Estonian collections varia",,,natural,forest: temperate broadleaf forest biome,Tilia cordata,EcM; others not addressed,,,,,,Laura M. Suz,ok,,EcM
"Tedersoo, 2011-2015 European incl. Estonian collections varia",,,natural,forest: temperate broadleaf forest biome,Populus tremula,EcM; others not addressed,,,,,,Laura M. Suz,ok,,EcM-AM
"Tedersoo, 2011-2015 European incl. Estonian collections varia",,,natural,anthropogenic: urban biome,Populus tremula,EcM; others not addressed,,,,,,Laura M. Suz,ok,,EcM-AM
"Tedersoo, 2011-2015 European incl. Estonian collections varia",,,natural,forest: temperate broadleaf forest biome,Tilia cordata,EcM; others not addressed,,,,,,Laura M. Suz,ok,,EcM
"Tedersoo, 2016-2020 European incl. Estonian collections varia",,,natural,anthropogenic: urban biome,Tilia cordata,EcM; others not addressed,,,,,,Laura M. Suz,ok,,EcM
Tedersoo & Põlme 2011. Australia,,,natural,forest: tropical broadleaf forest biome,Acacia auriculiformis,EcM; others not addressed,,Leho Tedersoo,most species of Acacia s.str. are EcM-AM,Mark Brundrett,misleading report from AM perspective,Laura M. Suz,do not know,,EcM-AM
"Tedersoo, 2011-2015 European incl. Estonian collections varia",,,natural,forest: temperate broadleaf forest biome,Populus tremula,EcM; others not addressed,,,,,,Laura M. Suz,ok,,EcM-AM
"Tedersoo, 2011-2015 European incl. Estonian collections varia",,,natural,anthropogenic: urban biome,Populus tremula,EcM; others not addressed,,,,,,Laura M. Suz,ok,,EcM-AM
"Tedersoo, 2011-2015 European incl. Estonian collections varia",,,natural,forest: temperate broadleaf forest biome,Populus tremula,EcM; others not addressed,,,,,,Laura M. Suz,ok,,EcM-AM
"Tedersoo, 2011-2015 European incl. Estonian collections varia",,,plantation,anthropogenic: urban biome,Ulmus americana,non-EcM; others not addressed,,Leho Tedersoo,misleading report from AM perspective (this genus is AM),,,,,,AM
"Tedersoo, 2011-2015 European incl. Estonian collections varia",,,plantation,anthropogenic: urban biome,Tilia cordata,EcM; others not addressed,,,,,,Laura M. Suz,ok,,EcM
"Tedersoo, 2011-2015 European incl. Estonian collections varia",,,natural,forest: temperate broadleaf forest biome,Populus tremula,EcM; others not addressed,,,,,,Laura M. Suz,ok,,EcM-AM
"Tedersoo, 2011-2015 European incl. Estonian collections varia",,,natural,forest: temperate broadleaf forest biome,Populus tremula,EcM; others not addressed,,,,,,Laura M. Suz,ok,,EcM-AM
"Tedersoo, 2011-2015 European incl. Estonian collections varia",,,natural,anthropogenic: urban biome,Tilia cordata,EcM; others not addressed,,,,,,Laura M. Suz,ok,,EcM
"Brundrett, M., Abbott, L., Jasper, D., Ashwath, N., Brennan, K., Jabiru, N. T., ... & Bougher, N. (1995). Mycorrhizal Associations in the Alligator Rivers Region. Part II Results of Experiments.",,,natural,,Acacia auriculiformis,"EcM,AM",,Leho Tedersoo,most species of Acacia s.str. are EcM-AM,,,Laura M. Suz,do not know,,EcM-AM
"Brundrett, M., Abbott, L., Jasper, D., Ashwath, N., Brennan, K., Jabiru, N. T., ... & Bougher, N. (1995). Mycorrhizal Associations in the Alligator Rivers Region. Part II Results of Experiments.",,,natural,,Carallia brachiata,AM; no others,,,,,,,,,AM
"Brundrett, M., Abbott, L., Jasper, D., Ashwath, N., Brennan, K., Jabiru, N. T., ... & Bougher, N. (1995). Mycorrhizal Associations in the Alligator Rivers Region. Part II Results of Experiments.",,,pot,,Acacia auriculiformis,AM; no others,,Leho Tedersoo,most species of Acacia s.str. are EcM-AM,,,,,,EcM-AM
"Sengupta, A., & Chaudhuri, S. (2002). Arbuscular mycorrhizal relations of mangrove plant community at the Ganges river estuary in India. Mycorrhiza, 12(4), 169-174.",,,,,Acacia auriculiformis,AM; no others,,Leho Tedersoo,most species of Acacia s.str. are EcM-AM,,,,,,EcM-AM
"Weishampel, P. A., & Bedford, B. L. (2006). Wetland dicots and monocots differ in colonization by arbuscular mycorrhizal fungi and dark septate endophytes. Mycorrhiza, 16(7), 495-502.",,,,,Acer rubrum,AM; no others,,,,,,,,,AM
"Weishampel, P. A., & Bedford, B. L. (2006). Wetland dicots and monocots differ in colonization by arbuscular mycorrhizal fungi and dark septate endophytes. Mycorrhiza, 16(7), 495-502.",,,,,Acer rubrum,AM; no others,,,,,,,,,AM
"Weishampel, P. A., & Bedford, B. L. (2006). Wetland dicots and monocots differ in colonization by arbuscular mycorrhizal fungi and dark septate endophytes. Mycorrhiza, 16(7), 495-502.",,,,,Onoclea sensibilis,AM; no others,,,,,,,,,AM
"Muthukumar, T., & Prabha, K. (2013). Arbuscular mycorrhizal and septate endophyte fungal associations in lycophytes and ferns of south India. Symbiosis, 59(1), 15-33.",,,,,Dicranopteris linearis,AM; no others,,,,,,,,,AM
"Lee, J. K., Eom, A. H., Lee, S. S., & Lee, C. H. (2001). Mycorrhizal symbioses found in roots of fern and its relatives in Korea. Journal of Plant Biology, 44(2), 81.",,,,,Equisetum hyemale,non-mycorrhizal (checked for all types),,,,,,,,,NM-AM
"Lee, J. K., Eom, A. H., Lee, S. S., & Lee, C. H. (2001). Mycorrhizal symbioses found in roots of fern and its relatives in Korea. Journal of Plant Biology, 44(2), 81.",,,,,Adiantum pedatum,AM; no others,,,,,,,,,AM
"Lee, J. K., Eom, A. H., Lee, S. S., & Lee, C. H. (2001). Mycorrhizal symbioses found in roots of fern and its relatives in Korea. Journal of Plant Biology, 44(2), 81.",,,,,Matteuccia struthiopteris,AM; no others,,,,,,,,,AM
"Kumar, A., Raghuwanshi, R., & Upadhyay, R. S. (2003). Vesicular-arbuscular mycorrhizal association in naturally revegetated coal mine spoil. Tropical Ecology, 44(2), 251-254.",,,,,Acacia auriculiformis,AM; no others,,Leho Tedersoo,most species of Acacia s.str. are EcM-AM,,,,,,EcM-AM
"Cooke, J. C., & Lefor, M. W. (1998). The mycorrhizal status of selected plant species from Connecticut wetlands and transition zones. Restoration Ecology, 6(2), 214-222.",,,natural,grassland: flooded grassland biome,Acer rubrum,AM; others not addressed,,,,,,,,,AM
"Cooke, J. C., & Lefor, M. W. (1998). The mycorrhizal status of selected plant species from Connecticut wetlands and transition zones. Restoration Ecology, 6(2), 214-222.",,,natural,grassland: flooded grassland biome,Acer rubrum,AM; others not addressed,,,,,,,,,AM
"Cooke, J. C., & Lefor, M. W. (1998). The mycorrhizal status of selected plant species from Connecticut wetlands and transition zones. Restoration Ecology, 6(2), 214-222.",,,natural,grassland: flooded grassland biome,Onoclea sensibilis,AM; others not addressed,,,,,,,,,AM
"Cooke, J. C., & Lefor, M. W. (1998). The mycorrhizal status of selected plant species from Connecticut wetlands and transition zones. Restoration Ecology, 6(2), 214-222.",,,natural,grassland: flooded grassland biome,Onoclea sensibilis,AM; others not addressed,,,,,,,,,AM
"Cooke, J. C., & Lefor, M. W. (1998). The mycorrhizal status of selected plant species from Connecticut wetlands and transition zones. Restoration Ecology, 6(2), 214-222.",,,natural,grassland: flooded grassland biome,Populus deltoides,AM; others not addressed,,Leho Tedersoo,misleading report from EcM perspective (this genus is EcM-AM),,,,,,EcM-AM
"Cooke, J. C., & Lefor, M. W. (1998). The mycorrhizal status of selected plant species from Connecticut wetlands and transition zones. Restoration Ecology, 6(2), 214-222.",,,natural,grassland: flooded grassland biome,Populus deltoides,AM; others not addressed,,Leho Tedersoo,misleading report from EcM perspective (this genus is EcM-AM),,,,,,EcM-AM
"Cooke, J. C., & Lefor, M. W. (1998). The mycorrhizal status of selected plant species from Connecticut wetlands and transition zones. Restoration Ecology, 6(2), 214-222.",,,natural,grassland: flooded grassland biome,Populus deltoides,AM; others not addressed,,Leho Tedersoo,misleading report from EcM perspective (this genus is EcM-AM),,,,,,EcM-AM
