binominal,F01286,F01289,F00679,F00727,F00709,state,state_source,synonym
Ratibida_pinnata,Ratibida,Asteraceae,-0.820980552,4.025351691,-2.120263536,AM,"(Soudzilovskaia et al., 2020)","('Lepachys pinnata', 'Rudbeckia pinnata', 'Helianthus pinnatus', 'Obeliscaria pinnata')"
Heliopsis_helianthoides,Heliopsis,Asteraceae,-0.967584026,4.15888308335967,-1.966112856,AM,"(Brundrett and Tedersoo, 2018)","('Buphthalmum helianthoides',)"
Liatris_aspera,Liatris,Asteraceae,-0.798507696,4.38202663467388,-2.525728644,AM,Maherali et. al. 2016,"('Lacinaria scariosa var. aspera', 'Lacinaria aspera')"
Arnica_sororia,Arnica,Asteraceae,-1.413460029,4.34225660396333,-1.203972804,AM,"(Soudzilovskaia et al., 2020)","('Arnica fulgens var. sororia',)"
Arnica_fulgens,Arnica,Asteraceae,-0.662714973,2.76517150003119,-1.124452335,AM,Maherali et. al. 2016,"('Arnica montana var. fulgens',)"
Hymenoxys_richardsonii,Hymenoxys,Asteraceae,-1.264430773,4.2353712200147,-1.460060512,AM,"(Soudzilovskaia et al., 2020)","('Picradenia richardsonii', 'Actinea richardsonii', 'Actinella richardsonii')"
Helianthus_agrestis,Helianthus,Asteraceae,-0.648856668,5.41311818202521,-3.270169119,AM,"(Brundrett and Tedersoo, 2018)",
Helianthus_grosseserratus,Helianthus,Asteraceae,-0.676622085,5.3585889848896,-3.324236341,AM,"(Soudzilovskaia et al., 2020)",
Helianthus_giganteus,Helianthus,Asteraceae,-0.756486705,5.15669619688046,-2.69809987,AM,"(Brundrett and Tedersoo, 2018)","('Helianthus angustifolius subsp. giganteus',)"
Helianthus_maximiliani,Helianthus,Asteraceae,-0.641252355,5.58825938340066,-3.338222583,AM,Maherali et. al. 2016,
Helianthus_verticillatus,Helianthus,Asteraceae,-0.606973512,5.43256412823508,-3.182061852,AM,"(Brundrett and Tedersoo, 2018)",
Helianthus_salicifolius,Helianthus,Asteraceae,-0.908354644,5.51324727808774,-3.283414346,AM,"(Brundrett and Tedersoo, 2018)",
Pappobolus_microphyllus,Pappobolus,Asteraceae,-0.746213182,5.63853258944808,-3.338222583,AM,"(Brundrett and Tedersoo, 2018)","('Leighia microphylla', 'Helianthopsis microphylla', 'Viguiera microphylla', 'Helianthus microphyllus')"
Helianthus_occidentalis,Helianthus,Asteraceae,-0.781127369,5.69278893318134,-3.324236341,AM,"(Brundrett and Tedersoo, 2018)",
Helianthus_mollis,Helianthus,Asteraceae,-0.790852825,5.65817474117807,-3.366795955,AM,"(Soudzilovskaia et al., 2020)",
Helianthus_silphioides,Helianthus,Asteraceae,-0.60642742,5.45553476774608,-3.244193633,AM,"(Brundrett and Tedersoo, 2018)",
Helianthus_atrorubens,Helianthus,Asteraceae,-0.641609784,5.602856556,-3.411247718,AM,"(Brundrett and Tedersoo, 2018)",
Helianthus_longifolius,Helianthus,Asteraceae,-0.763920837,5.855740276,-3.484578991,AM,"(Brundrett and Tedersoo, 2018)",
Helianthus_angustifolius,Helianthus,Asteraceae,-0.598386421,5.78260392407685,-3.484578991,AM,"(Brundrett and Tedersoo, 2018)","('Discomela angustifolius',)"
Helianthus_floridanus,Helianthus,Asteraceae,-0.40617565,5.50577859,-3.366795955,AM,"(Brundrett and Tedersoo, 2018)",
Helianthus_petiolaris,Helianthus,Asteraceae,-0.798743669,5.694724912,-3.457767733,AM,Maherali et. al. 2016,"('Helianthus annuus subsp. petiolaris',)"
Helianthus_neglectus,Helianthus,Asteraceae,-0.930533505,5.59677245115988,-3.506557897,AM,"(Brundrett and Tedersoo, 2018)",
Helianthus_niveus,Helianthus,Asteraceae,-0.558379253,5.54934842134914,-3.079113882,AM,Maherali et. al. 2016,"('Helianthus annuus var. niveus', 'Encelia nivea')"
Helianthus_praecox,Helianthus,Asteraceae,-0.829298643,5.94884406127134,-3.381394754,AM,"(Brundrett and Tedersoo, 2018)","('Helianthus debilis subsp. praecox', 'Helianthus cucumerifolius var. praecox')"
Helianthus_debilis,Helianthus,Asteraceae,-0.811642065,5.77424093830476,-3.381394754,AM,Maherali et. al. 2016,"('Helianthus annuus var. debilis',)"
Helianthus_argophyllus,Helianthus,Asteraceae,-0.763747257,5.639812681,-3.442019376,AM,Maherali et. al. 2016,"('Helianthus annuus var. argophyllus',)"
Helianthus_annuus,Helianthus,Asteraceae,-0.533997241,5.494254147,-3.391247051,AM,Maherali et. al. 2016,
Helianthus_cusickii,Helianthus,Asteraceae,-0.51650306,5.18004045895698,-3.366795955,AM,"(Brundrett and Tedersoo, 2018)",
Helianthus_pauciflorus,Helianthus,Asteraceae,-1.021651248,3.95124371858143,-1.660731207,AM,"(Soudzilovskaia et al., 2020)",
Helianthus_radula,Helianthus,Asteraceae,-0.570062641,5.56367713999533,-3.218875825,AM,"(Brundrett and Tedersoo, 2018)","('Centrocarpha radula', 'Helianthus atrorubens subsp. radula', 'Rudbeckia radula')"
Helianthus_porteri,Helianthus,Asteraceae,-0.770329897,5.9748607979412,-3.391247051,AM,"(Brundrett and Tedersoo, 2018)","('Gymnolomia porteri', 'Rudbeckia porteri')"
Helianthus_carnosus,Helianthus,Asteraceae,-0.475248308,5.60080184088099,-3.442019376,AM,"(Brundrett and Tedersoo, 2018)",
Helianthus_heterophyllus,Helianthus,Asteraceae,-0.459173828,5.60410945817214,-3.557851192,AM,"(Brundrett and Tedersoo, 2018)","('Helianthus atrorubens subsp. heterophyllus',)"
Ambrosia_artemisiifolia,Ambrosia,Asteraceae,-1.021651248,4.85981240436167,-2.525728644,AM,Maherali et. al. 2016,"('Ambrosia elatior var. artemisiifolia',)"
Echinacea_serotina,Echinacea,Asteraceae,-0.891598119,3.55534806148941,-1.514127733,AM,"(Brundrett and Tedersoo, 2018)",
Coreopsis_palmata,Coreopsis,Asteraceae,-1.108662625,4.72738781871234,-2.302585093,AM,"(Brundrett and Tedersoo, 2018)","('Anacis palmata',)"
Helichrysum_italicum,Helichrysum,Asteraceae,-1.150906083,2.911691277,-0.021636704,AM,Maherali et. al. 2016,"('Gnaphalium italicum',)"
Helichrysum_stoechas,Helichrysum,Asteraceae,-0.709378194,1.8107268950628,-0.42663581,AM,Maherali et. al. 2016,"('Gnaphalium stoechas',)"
Anaphalis_aureopunctata,Anaphalis,Asteraceae,-1.988139383,6.1720241358809,-1.911718784,AM,"(Soudzilovskaia et al., 2020)",
Anaphalis_hancockii,Anaphalis,Asteraceae,-1.722046857,5.76787698692392,-2.073010648,AM,FRED4,
Antennaria_parvifolia,Antennaria,Asteraceae,-1.051108666,3.80529693426811,-1.38462908,AM,FRED4,"('Antennaria dioica var. parvifolia',)"
Antennaria_neglecta,Antennaria,Asteraceae,-1.291166016,4.82618325904432,-1.836495363,AM,"(Soudzilovskaia et al., 2020)",
Inula_conyza,Inula,Asteraceae,-1.096614286,5.28826703069454,-2.603690186,AM,FRED4,
Xanthisma_spinulosum,Xanthisma,Asteraceae,-1.151064149,4.75115187600315,-2.238046569,AM,"(Soudzilovskaia et al., 2020)","('Dieteria spinulosa', 'Sideranthus spinulosus', 'Haplopappus spinulosus', 'Amellus spinulosus')"
Symphyotrichum_oolentangiense,Symphyotrichum,Asteraceae,-1.049822124,4.46590811865458,-2.120263536,AM,"(Brundrett and Tedersoo, 2018)","('Aster oolentangiensis',)"
Symphyotrichum_falcatum,Symphyotrichum,Asteraceae,-1.167383756,4.135191437,-1.448405776,AM,FRED4,"('Aster falcatus', 'Virgulus falcatus', 'Lasallea falcata')"
Symphyotrichum_ciliolatum,Symphyotrichum,Asteraceae,-1.740686199,4.710763094,-1.008664053,AM,"(Brundrett and Tedersoo, 2018)","('Aster ciliolatus', 'Aster lindleyanus var. ciliolatus')"
Symphyotrichum_puniceum,Symphyotrichum,Asteraceae,-1.272965676,4.95582705760126,-2.120263536,AM,"(Soudzilovskaia et al., 2020)","('Aster puniceus',)"
Symphyotrichum_laeve,Symphyotrichum,Asteraceae,-1.126857454,4.1192193121269,-1.272579352,AM,"(Soudzilovskaia et al., 2020)","('Aster laevis',)"
Symphyotrichum_novae-angliae,Symphyotrichum,Asteraceae,-0.776528789,3.95124371858143,-2.120263536,AM,"(Soudzilovskaia et al., 2020)","('Aster spurius var. novae-angliae', 'Lasallea novae-angliae', 'Virgulus novae-angliae', 'Aster novae-angliae')"
Symphyotrichum_ericoides,Symphyotrichum,Asteraceae,-1.119938075,4.49149744149952,-1.884380959,AM,Maherali et. al. 2016,"('Aster ericoides', 'Lasallea ericoides', 'Virgulus ericoides')"
Chrysopsis_villosa,Chrysopsis,Asteraceae,-1.516403046,4.64999026646069,-1.378164236,AM,"(Soudzilovskaia et al., 2020)","('Heterotheca villosa',)"
Solidago_ptarmicoides,Solidago,Asteraceae,-0.94160854,3.52636052461616,-1.427116356,AM,"(Brundrett and Tedersoo, 2018)","('Doellingeria ptarmicoides', 'Aster albus', 'Aster ptarmicoides', 'Chrysopsis alba', 'Diplopappus albus', 'Eucephalus albus', 'Heleastrum album', 'Inula alba', 'Oligoneuron album', 'Solidago asteroides', 'Unamia alba', 'Unamia ptarmicoides')"
Solidago_nemoralis,Solidago,Asteraceae,-1.002870384,5.76465718112043,-2.366930417,AM,Maherali et. al. 2016,
Solidago_decurrens,Solidago,Asteraceae,-1.393419686,5.31263315491084,-2.286836732,AM,FRED4,
Solidago_speciosa,Solidago,Asteraceae,-0.967584026,3.8286413964891,-1.660731207,AM,"(Soudzilovskaia et al., 2020)","('Aster speciosus', 'Leioligo speciosa')"
Solidago_rigida,Solidago,Asteraceae,-0.729036753,3.58669647122897,-1.547495955,AM,Maherali et. al. 2016,"('Leioligo rigida',)"
Solidago_missouriensis,Solidago,Asteraceae,-1.12788663,4.60729495806029,-1.569380069,AM,"(Soudzilovskaia et al., 2020)","('Aster missouriensis',)"
Gutierrezia_sarothrae,Gutierrezia,Asteraceae,-1.323883101,4.43871541663599,-1.491654877,AM,Maherali et. al. 2016,"('Xanthocephalum sarothrae', 'Solidago sarothrae')"
Erigeron_glabellus,Erigeron,Asteraceae,-1.184714989,3.98110572821168,-1.290742923,AM,"(Brundrett and Tedersoo, 2018)","('Tessenia glabella',)"
Erigeron_pumilus,Erigeron,Asteraceae,-1.694723507,4.43738608281715,-1.203972804,AM,"(Brundrett and Tedersoo, 2018)","('Tessenia pumila', 'Fragmosa pumila', 'Erigeron hirsutus')"
Erigeron_canadensis,Erigeron,Asteraceae,-1.049822124,4.779123493,-2.407945609,AM,FRED4,"('Leptilon canadense', 'Marsea canadensis', 'Conyzella canadensis', 'Tessenia canadensis', 'Trimorpha canadensis', 'Conyza canadensis')"
Aster_scaber,Aster,Asteraceae,-1.554476354,5.38998820470224,-2.02814825,AM,FRED4,"('Cardiagyris scabra', 'Doellingeria scabra')"
Aster_lanceolatus,Aster,Asteraceae,-1.021651248,4.21950770517611,-1.897119985,AM,"(Soudzilovskaia et al., 2020)","('Symphyotrichum lanceolatum',)"
Aster_tataricus,Aster,Asteraceae,-1.62455155,5.69410244060289,-2.184802057,AM,FRED4,
Olearia_avicenniaefolia,Olearia,Asteraceae,-0.733969175,2.98568193770049,-1.30933332,AM,FRED4,
Olearia_rani,Olearia,Asteraceae,-0.621695113,3.808917993,-2.211013539,AM,FRED4,"('Brachyglottis rani', 'Aster rani')"
Artemisia_igniaria,Artemisia,Asteraceae,-1.788564578,5.3188690127693,-1.501807247,AM,FRED4,
Artemisia_barrelieri,Artemisia,Asteraceae,-0.856019114,1.6239199287813,-0.798939999,AM,"(Brundrett and Tedersoo, 2018)","('Seriphidium barrelieri',)"
Artemisia_frigida,Artemisia,Asteraceae,-1.171950301,4.16399364532301,-1.389809983,AM,FRED4,"('Absinthium frigidum',)"
Artemisia_mongolica,Artemisia,Asteraceae,-1.795165262,5.27643036558358,-1.439538876,AM,FRED4,"('Artemisia vulgaris var. mongolica',)"
Artemisia_ludoviciana,Artemisia,Asteraceae,-1.091111916,4.43512083431079,-1.684369325,AM,FRED4,"('Artemisia vulgaris var. ludoviciana', 'Artemisia vulgaris subsp. ludoviciana')"
Artemisia_cana,Artemisia,Asteraceae,-1.171182982,4.02391358608675,-1.340672101,AM,"(Soudzilovskaia et al., 2020)","('Seriphidium canum',)"
Achillea_millefolium,Achillea,Asteraceae,-1.109983362,5.26711120084677,-2.034730354,AM,"(Soudzilovskaia et al., 2020)","('Chamaemelum millefolium', 'Alitubus millefolium', 'Santolina millefolium')"
Crepis_foetida,Crepis,Asteraceae,-1.362577835,5.70711026474888,-2.63108916,AM,Maherali et. al. 2016,"('Hostia foetida', 'Wibelia foetida', 'Rhynchopappus foetidus', 'Anisoderis foetida', 'Arnoseris foetida', 'Barkhausia foetida', 'Berinia foetida', 'Picris foetida', 'Hieracium foetidum', 'Hieracioides foetida')"
Crepis_tectorum,Crepis,Asteraceae,-1.078809661,4.779123493,-2.407945609,AM,"(Soudzilovskaia et al., 2020)","('Hieracioides tectorum', 'Hedypnois tectorum', 'Hieracium tectorum')"
Taraxacum_campylodes,Taraxacum,Asteraceae,-1.28076386,5.47501795882032,-1.837304823,AM,FRED4,
Picris_hieracioides,Picris,Asteraceae,-1.32425897,5.29831736654804,-2.137070655,AM,FRED4,"('Crepis hieracioides',)"
Nabalus_tatarinowii,Nabalus,Asteraceae,-1.723727059,5.837122182327,-2.14843441,AM,FRED4,"('Prenanthes tatarinowii',)"
Launaea_arborescens,Launaea,Asteraceae,-0.977966687,1.86229379004909,-0.781773764,AM,"(Brundrett and Tedersoo, 2018)","('Zollikoferia arborescens',)"
Lactuca_tatarica,Lactuca,Asteraceae,-1.089677325,4.346291841,-1.545395871,AM,FRED4,"('Lagedium tataricum', 'Wiestia tatarica', 'Mulgedium tataricum', 'Sonchus tataricus', 'Agathyrsus tataricus')"
Pilosella_officinarum,Pilosella,Asteraceae,-0.927479091,4.27037693464858,-2.065242039,AM,FRED4,"('Hieracium pilosella',)"
Lygodesmia_juncea,Lygodesmia,Asteraceae,-0.994657761,3.50125631734703,-1.023245924,AM,FRED4,"('Prenanthes juncea',)"
Cichorium_intybus,Cichorium,Asteraceae,-1.037705353,5.93723432917947,-3.884458277,AM,FRED4,
Tragopogon_dubius,Tragopogon,Asteraceae,-1.255968099,4.74174589858957,-1.721229318,AM,FRED4,"('Tragopogon major subsp. dubius', 'Tragopogon pratensis subsp. dubius')"
Critoniopsis_pycnantha,Critoniopsis,Asteraceae,-0.558194363,2.82167027490809,-1.260412838,AM,"(Brundrett and Tedersoo, 2018)","('Vernonia pycnantha',)"
Critoniopsis_floribunda,Critoniopsis,Asteraceae,-0.781213659,3.18311308777822,-1.273892818,AM,"(Brundrett and Tedersoo, 2018)","('Vernonia floribunda',)"
Vernonia_fasciculata,Vernonia,Asteraceae,-1.171182982,4.81218435537242,-2.207274913,AM,Maherali et. al. 2016,"('Cacalia fasciculata',)"
Centaurea_pectinata,Centaurea,Asteraceae,-0.754618298,4.22739588096293,-2.069962451,AM,"(Brundrett and Tedersoo, 2018)","('Jacea pectinata',)"
Saussurea_nivea,Saussurea,Asteraceae,-1.317888328,4.76606890365125,-1.887069646,AM,FRED4,
Saussurea_mongolica,Saussurea,Asteraceae,-1.526016304,5.01532496040111,-1.706601664,AM,FRED4,"('Saussurea ussuriensis var. mongolica',)"
Saussurea_amurensis,Saussurea,Asteraceae,-1.603952982,5.505175697,-2.051270661,AM,FRED4,"('Theodorea amurensis',)"
Atractylis_humilis,Atractylis,Asteraceae,-0.934263784,1.70672406852896,-0.651258992,AM,"(Brundrett and Tedersoo, 2018)",
Adenocaulon_himalaicum,Adenocaulon,Asteraceae,-1.752154215,5.26223251994172,-1.505641119,AM,FRED4,
Campanula_rotundifolia,Campanula,Campanulaceae,-1.954984528,6.28544042078824,-1.772501655,AM,"(Soudzilovskaia et al., 2020)",
Carpodetus_serratus,Carpodetus,Rousseaceae,-0.659760762,3.44488282296282,-1.871129941,AM,FRED4,
Musineon_divaricatum,Musineon,Apiaceae,-0.665921194,3.56990121054355,-1.498053907,AM,"(Brundrett and Tedersoo, 2018)","('Marathrum divaricatum', 'Seseli divaricatum', 'Adorium divaricatum')"
Zizia_aurea,Zizia,Apiaceae,-1.171182982,4.60517018598809,-2.040220829,AM,"(Soudzilovskaia et al., 2020)","('Smyrnium aureum', 'Sison aureum', 'Carum aureum', 'Thaspium aureum')"
Tordylium_maximum,Tordylium,Apiaceae,-1.378326191,5.61312810638807,-2.375155786,AM,"(Brundrett and Tedersoo, 2018)","('Heracleum tordylium', 'Pastinaca tordylium', 'Pastinaca maxima', 'Caucalis maxima')"
Daucus_carota,Daucus,Apiaceae,-1.370421012,5.95324333428778,-2.551046452,AM,FRED4,"('Caucalis carota',)"
Sanicula_orthacantha,Sanicula,Apiaceae,-1.636166972,5.02199985086301,-1.502192384,AM,FRED4,
Sciodaphyllum_acuminatum,Sciodaphyllum,Araliaceae,-1.061605563,3.713254943,-1.348194514,AM,"(Brundrett and Tedersoo, 2018)","('Brassaia acuminata', 'Schefflera acuminata', 'Actinophyllum acuminatum')"
Heptapleurum_heptaphyllum,Heptapleurum,Araliaceae,-1.307298355,5.05933598823162,-2.207274913,AM,FRED4,"('Aralia heptaphylla', 'Sciodaphyllum heptaphyllum', 'Schefflera heptaphylla', 'Vitis heptaphylla', 'Ampelopsis heptaphylla')"
Heptapleurum_minutistellatum,Heptapleurum,Araliaceae,-1.100724518,3.63521492952824,-1.049822124,AM,FRED4,"('Schefflera minutistellata',)"
Schefflera_digita,Schefflera,Araliaceae,-0.529032026,3.81325616350755,-2.401945918,AM,FRED4,
Oreopanax_sessiliflorus,Oreopanax,Araliaceae,-0.423626695,2.82868605151143,-1.704448024,AM,"(Brundrett and Tedersoo, 2018)","('Hedera sessiliflora',)"
Dendropanax_dentigerus,Dendropanax,Araliaceae,-2.061208773,5.4083710520356,-0.875468737,AM,FRED4,"('Textoria dentigera', 'Dendropanax chevalieri var. dentigerus', 'Gilibertia dentigera')"
Eleutherococcus_senticosus,Eleutherococcus,Araliaceae,-1.493879572,5.26364088400132,-2.014903023,AM,FRED4,"('Hedera senticosa', 'Acanthopanax senticosus')"
Macropanax_undulatus,Macropanax,Araliaceae,-1.332943186,3.35689712276558,-1.139434283,AM,FRED4,"('Hedera undulata', 'Paratropia undulata')"
Hedera_helix,Hedera,Araliaceae,-0.604403971,2.66154012465602,-1.177521365,AM,FRED4,
Neopanax_arboreus,Neopanax,Araliaceae,-0.245370902,2.88448780395968,-2.067052105,AM,FRED4,"('Pseudopanax arboreus', 'Panax arboreus', 'Nothopanax arboreus')"
Neopanax_colensoi,Neopanax,Araliaceae,-0.820980552,3.10458667846607,-1.272965676,AM,FRED4,"('Nothopanax colensoi', 'Panax colensoi', 'Pseudopanax colensoi')"
Pseudopanax_crassifolius,Pseudopanax,Araliaceae,-0.400291017,3.1820720849325,-2.011957043,AM,FRED4,"('Hedera crassifolia', 'Aralia crassifolia', 'Panax crassifolius')"
Raukaua_simplex,Raukaua,Araliaceae,-1.021651248,3.45946628978613,-1.203972804,AM,FRED4,"('Neopanax simplex', 'Pseudopanax simplex', 'Nothopanax simplex', 'Panax simplex')"
Pittosporum_eugenioides,Pittosporum,Pittosporaceae,-0.877176862,3.902623389,-1.878570727,AM,FRED4,
Pittosporum_tenuifolium,Pittosporum,Pittosporaceae,-0.852544936,3.93567934111572,-1.949747054,AM,FRED4,
Pennantia_corymbosa,Pennantia,Pennantiaceae,-0.697097831,3.53841012155503,-1.878330602,AM,FRED4,
Zabelia_biflora,Zabelia,Caprifoliaceae,-0.636388847,3.432277908,-1.919392622,AM,FRED4,"('Abelia biflora',)"
Lonicera_chrysantha,Lonicera,Caprifoliaceae,-1.372292841,5.14195861793851,-2.152412908,AM,FRED4,"('Caprifolium chrysanthum', 'Xylosteon chrysanthum', 'Lonicera xylosteum var. chrysantha')"
Lonicera_maackii,Lonicera,Caprifoliaceae,-1.365592912,3.41531797237327,-0.234984525,AM,FRED4,"('Xylosteon maackii',)"
Symphoricarpos_occidentalis,Symphoricarpos,Caprifoliaceae,-1.194407587,3.89387197606093,-1.086703314,AM,"(Brundrett and Tedersoo, 2018)","('Symphoria occidentalis',)"
Viburnum_stipitatum,Viburnum,Viburnaceae,-0.022756987,1.39040950578553,-1.103668528,AM,"(Soudzilovskaia et al., 2020)",
Viburnum_dentatum,Viburnum,Viburnaceae,-0.625182001,2.15875598205803,-0.60725922,AM,FRED4,
Viburnum_tinus,Viburnum,Viburnaceae,-0.791256274,2.42213818783763,-0.453206153,AM,FRED4,
Sambucus_williamsii,Sambucus,Viburnaceae,-0.848516961,4.29423975281261,-1.824829448,AM,FRED4,
Quintinia_serrata,Quintinia,Paracryphiaceae,-0.981095955,3.60951644828138,-1.291332764,AM,FRED4,
Ilex_macropoda,Ilex,Aquifoliaceae,-1.171182982,4.407450687,-1.427116356,AM,"(Brundrett and Tedersoo, 2018)","('Ilex montana var. macropoda', 'Ilex monticola var. macropoda', 'Ilex dubia var. macropoda', 'Ilex ambigua subsp. macropoda', 'Ilex ambigua var. macropoda')"
Ilex_verticillata,Ilex,Aquifoliaceae,-0.449260268,3.42350697304656,-2.282938095,AM,Maherali et. al. 2016,"('Prinos verticillatus',)"
Ilex_teratopis,Ilex,Aquifoliaceae,-0.53043327,1.98280996007733,-0.658051193,AM,"(Brundrett and Tedersoo, 2018)",
Ilex_laurina,Ilex,Aquifoliaceae,-0.74424766,2.867807317,-1.117574573,AM,"(Brundrett and Tedersoo, 2018)",
Ilex_opaca,Ilex,Aquifoliaceae,-0.790598347,3.422160971,-1.825574818,AM,FRED4,"('Ageria opaca', 'Ilex aquifolium var. opaca')"
Ilex_pedunculosa,Ilex,Aquifoliaceae,-1.203972804,4.003690194,-1.237874356,AM,"(Soudzilovskaia et al., 2020)",
Pseudodictamnus_hirsutus,Pseudodictamnus,Lamiaceae,-1.036271493,1.66605328648796,-0.61509537,AM,"(Brundrett and Tedersoo, 2018)","('Marrubium hirsutum',)"
Hedeoma_hispida,Hedeoma,Lamiaceae,-1.514127733,5.11198778835654,-1.897119985,AM,"(Brundrett and Tedersoo, 2018)","('Cunila hispida', 'Ziziphora hispida')"
Monarda_fistulosa,Monarda,Lamiaceae,-1.171182982,4.79579054559674,-2.207274913,AM,"(Soudzilovskaia et al., 2020)",
Pycnanthemum_virginianum,Pycnanthemum,Lamiaceae,-1.078809661,4.43081679884331,-2.040220829,AM,Maherali et. al. 2016,"('Brachystemum virginicum', 'Thymus virginicus', 'Satureja virginiana', 'Koellia virginiana', 'Koellia virginica')"
Clinopodium_nepeta,Clinopodium,Lamiaceae,-1.316768298,4.86753445045558,-1.973281346,AM,"(Brundrett and Tedersoo, 2018)","('Melissa nepeta', 'Satureja nepeta', 'Calamintha officinalis var. nepeta', 'Satureja calamintha var. nepeta', 'Thymus nepeta', 'Satureja calamintha subsp. nepeta', 'Calamintha nepeta')"
Thymus_mastichina,Thymus,Lamiaceae,-1.269667549,3.05793305446118,-0.073923107,AM,Maherali et. al. 2016,"('Origanum mastichina', 'Satureja mastichina')"
Thymus_hyemalis,Thymus,Lamiaceae,-0.874009802,1.59961006233386,-0.430654741,AM,Maherali et. al. 2016,"('Origanum hyemale', 'Thymus vulgaris var. hyemalis')"
Thymus_dolomiticus,Thymus,Lamiaceae,-1.244410354,4.59635323163107,-1.216851347,AM,"(Brundrett and Tedersoo, 2018)",
Agastache_foeniculum,Agastache,Lamiaceae,-0.867500568,3.68887945411394,-1.714798428,AM,"(Brundrett and Tedersoo, 2018)","('Stachys foeniculum', 'Lophanthus foeniculum', 'Hyssopus foeniculum', 'Vleckia foeniculum')"
Salvia_rosmarinus,Salvia,Lamiaceae,-0.857235969,2.46736396312619,-0.626272669,AM,FRED4,"('Rosmarinus officinalis',)"
Salvia_chinensis,Salvia,Lamiaceae,-1.837594006,5.79714861725624,-1.885691289,AM,FRED4,"('Salvia japonica var. chinensis',)"
Lavandula_multifida,Lavandula,Lamiaceae,-1.021917487,2.80121346562929,-0.236400531,AM,FRED4,
Teucrium_charidemi,Teucrium,Lamiaceae,-0.795955401,1.29584995155706,-0.588682636,AM,"(Brundrett and Tedersoo, 2018)",
Teucrium_chamaedrys,Teucrium,Lamiaceae,-1.241328591,4.89783979995091,-2.171556831,AM,FRED4,
Teucrium_fruticans,Teucrium,Lamiaceae,-0.964103249,2.70075197975555,-0.430581852,AM,FRED4,
Lamium_album,Lamium,Lamiaceae,-1.999521919,5.79215628641549,-1.524880524,NMAM,FRED4,
Phlomoides_umbrosa,Phlomoides,Lamiaceae,-1.408335492,4.81088261253778,-1.727092654,AM,FRED4,"('Phlomis umbrosa',)"
Phlomis_purpurea,Phlomis,Lamiaceae,-0.804721406,2.07078330950627,-0.645898519,AM,FRED4,
Sideritis_pusilla,Sideritis,Lamiaceae,-1.156214919,1.96704601268702,-0.64601801,AM,"(Brundrett and Tedersoo, 2018)","('Sideritis scordioides var. pusilla',)"
Vitex_lucens,Vitex,Lamiaceae,-0.609204396,3.72221360896298,-2.157163957,AM,FRED4,
Orthocarpus_luteus,Orthocarpus,Orobanchaceae,-1.578908707,4.43521781443709,-1.09861229,NM,"(Soudzilovskaia et al., 2020)",
Strobilanthes_dimorphotricha,Strobilanthes,Acanthaceae,-1.31378767,4.9158935561649,-2.006790851,AM,FRED4,"('Goldfussia dimorphotricha',)"
Handroanthus_guayacan,Handroanthus,Bignoniaceae,-0.111182439,2.39604057985005,-1.780824256,AM,FRED4,"('Tabebuia guayacan', 'Tecoma guayacan')"
Handroanthus_ochraceus,Handroanthus,Bignoniaceae,-0.396910717,2.4887416651024,-1.548737617,AM,FRED4,"('Tecoma ochracea', 'Tabebuia ochracea')"
Tanaecium_pyramidatum,Tanaecium,Bignoniaceae,-0.336783617,2.96605195845281,-1.97049522,AM,FRED4,"('Haplolophium pyramidatum', 'Paragonia pyramidata', 'Tabebuia pyramidata', 'Bignonia pyramidata')"
Catalpa_bignonioides,Catalpa,Bignoniaceae,-0.952168468,3.43029077680524,-2.145581344,AM,FRED4,
Verbena_hastata,Verbena,Verbenaceae,-1.139434283,4.52178857704904,-2.040220829,AM,Maherali et. al. 2016,
Verbascum_thapsus,Verbascum,Scrophulariaceae,-1.108662625,4.094344562,-1.660731207,AM,FRED4,
Veronica_persica,Veronica,Plantaginaceae,-1.46967597,6.22059017009974,-2.525728644,AM,"(Soudzilovskaia et al., 2020)","('Pocilla persica',)"
Veronica_spuria,Veronica,Plantaginaceae,-1.678252228,5.42457917031199,-1.810108606,AM,FRED4,"('Veronica foliosa var. spuria', 'Pseudolysimachion spurium')"
Veronicastrum_virginicum,Veronicastrum,Plantaginaceae,-1.203972804,4.87519732320115,-2.207274913,AM,"(Soudzilovskaia et al., 2020)","('Callistachya virginica', 'Paederota virginica', 'Leptandra virginica', 'Veronica virginica')"
Plantago_lanceolata,Plantago,Plantaginaceae,-1.195729101,5.6564602870817,-3.348666992,AM,FRED4,"('Lagopus lanceolatus', 'Arnoglossum lanceolatum')"
Plantago_patagonica,Plantago,Plantaginaceae,-1.753115848,5.14620371390475,-0.899761429,AM,"(Soudzilovskaia et al., 2020)",
Penstemon_bradburyi,Penstemon,Plantaginaceae,-0.891598119,3.93182563272433,-1.897119985,AM,"(Soudzilovskaia et al., 2020)","('Chelone bradburyi',)"
Penstemon_nitidus,Penstemon,Plantaginaceae,-1.119631656,3.25243643481652,-0.774116243,AM,"(Soudzilovskaia et al., 2020)",
Penstemon_procerus,Penstemon,Plantaginaceae,-0.940199277,3.86429205288597,-1.723134482,AM,"(Soudzilovskaia et al., 2020)","('Penstemon confertus var. procerus',)"
Penstemon_confertus,Penstemon,Plantaginaceae,-1.239599982,4.38132138604452,-1.648658627,AM,"(Soudzilovskaia et al., 2020)",
Tetrapilus_roseus,Tetrapilus,Oleaceae,-0.930491081,3.36418755602825,-1.237874356,AM,FRED4,"('Olea rosea',)"
Chrysojasminum_fruticans,Chrysojasminum,Oleaceae,-0.799953185,2.68622805190374,-0.818020415,AM,FRED4,"('Jasminum fruticans',)"
Noronhia_mildbraedii,Noronhia,Oleaceae,-0.527632742,2.24707238306379,-0.84397007,AM,"(Brundrett and Tedersoo, 2018)","('Chionanthus mildbraedii', 'Olea mildbraedii', 'Campanolea mildbraedii')"
Olea_europaea,Olea,Oleaceae,-0.415515444,2.40977251027897,-0.870907726,AM,Maherali et. al. 2016,
Chionanthus_virginicus,Chionanthus,Oleaceae,-0.57169296,2.4875884563613,-1.778843244,AM,FRED4,
Phillyrea_angustifolia,Phillyrea,Oleaceae,-0.88365213,2.52569849905389,-0.391808366,AM,FRED4,"('Phillyrea media var. angustifolia', 'Olea angustifolia', 'Phillyrea variabilis var. angustifolia', 'Phillyrea vulgaris var. angustifolia', 'Phillyrea mucronata var. linearis')"
Phillyrea_latifolia,Phillyrea,Oleaceae,-0.874848929,2.54683556805166,-0.403912017,AM,FRED4,"('Olea latifolia', 'Phillyrea angustifolia subsp. latifolia', 'Phillyrea vulgaris var. latifolia', 'Phillyrea variabilis var. latifolia')"
Osmanthus_didymopetalus,Osmanthus,Oleaceae,-0.329212651,1.48613969608961,-0.916290732,AM,FRED4,
Nestegis_lanceolata,Nestegis,Oleaceae,-0.294761619,2.39457415024377,-1.503769391,AM,FRED4,"('Notelaea neolanceolata',)"
Fraxinus_mandshurica,Fraxinus,Oleaceae,-0.827300541,4.01152190735614,-1.391937391,AM,FRED4,"('Fraxinus nigra var. mandshurica', 'Fraxinus nigra subsp. mandshurica')"
Fraxinus_angustifolia,Fraxinus,Oleaceae,-0.78189643,2.93742068847937,-1.034592087,AM,FRED4,"('Fraxinus oxyphylla subsp. angustifolia', 'Fraxinus excelsior proles angustifolia', 'Fraxinus oxycarpa var. angustifolia', 'Fraxinus excelsior subsp. angustifolia', 'Fraxinus excelsior var. angustifolia')"
Fraxinus_excelsior,Fraxinus,Oleaceae,-0.671730615,2.81794207097642,-1.116257502,AM,FRED4,
Fraxinus_chinensis,Fraxinus,Oleaceae,-0.698723482,3.33894783742588,-1.389189062,AM,FRED4,
Fraxinus_nigra,Fraxinus,Oleaceae,-0.550914862,3.29536351023745,-1.583741566,AM,FRED4,"('Leptalix nigra', 'Fraxinus americana var. nigra', 'Fraxinoides nigra', 'Calycomelia nigra')"
Fraxinus_americana,Fraxinus,Oleaceae,-0.4295281,3.02641088950613,-1.650644669,AM,FRED4,"('Ornus americana', 'Ornanthes americana', 'Calycomelia americana')"
Syringa_reticulata,Syringa,Oleaceae,-0.930138243,4.415373396,-2.004338866,AM,"(Soudzilovskaia et al., 2020)","('Ligustrum reticulatum', 'Ligustrina reticulata')"
Stachyarrhena_acuminata,Stachyarrhena,Rubiaceae,-0.978166136,3.03927057556847,-0.877070019,AM,FRED4,
Eumachia_astrellantha,Eumachia,Rubiaceae,-1.161552088,3.21567069391925,-0.972861083,AM,FRED4,"('Chytropsia astrellantha', 'Margaritopsis astrellantha', 'Psychotria astrellantha')"
Eumachia_podocephala,Eumachia,Rubiaceae,-0.396009949,1.66013102674962,-0.901402119,AM,FRED4,"('Psychotria podocephala', 'Uragoga podocephala', 'Mapouria podocephala', 'Margaritopsis podocephala')"
Galium_boreale,Galium,Rubiaceae,-1.726533684,5.15235634,-1.152062089,NMAM,"(Soudzilovskaia et al., 2020)","('Aparine borealis', 'Trichogalium boreale', 'Rubia borealis')"
Galium_aparine,Galium,Rubiaceae,-1.665479303,5.48313026196246,-1.897119985,NMAM,FRED4,"('Asterophyllum aparine', 'Aparine vulgaris', 'Rubia aparine', 'Galion aparinum')"
Rubia_peregrina,Rubia,Rubiaceae,-1.096614286,4.66343909411207,-1.944910649,AM,"(Soudzilovskaia et al., 2020)","('Galium peregrinum',)"
Saprosma_ternatum,Saprosma,Rubiaceae,-1.930607829,4.76174649303019,-1.078809661,AM,FRED4,
Coprosma_lucida,Coprosma,Rubiaceae,-0.798507696,3.25809653802148,-1.46967597,AM,FRED4,
Coprosma_linariifolia,Coprosma,Rubiaceae,-0.582782066,3.1038419942108,-1.627891969,AM,FRED4,"('Coprosma propinqua var. linariifolia',)"
Coprosma_rhamnoides,Coprosma,Rubiaceae,-1.609437912,5.06449196688697,-1.609437912,AM,FRED4,
Coprosma_ciliata,Coprosma,Rubiaceae,-1.609437912,4.51633897228148,-1.078809661,AM,FRED4,
Coprosma_foetidissima,Coprosma,Rubiaceae,-0.994252273,3.79548918917219,-1.560647748,AM,FRED4,
Psychotria_rhombibractea,Psychotria,Rubiaceae,-0.901402119,2.51203531717625,-0.727738625,AM,FRED4,
Psychotria_asiatica,Psychotria,Rubiaceae,-1.567097072,4.47493506895872,-1.462834438,AM,FRED4,"('Psychotrophum asiaticum',)"
Chassalia_subnuda,Chassalia,Rubiaceae,-1.114741671,3.38506799973227,-1.002393431,AM,FRED4,"('Uragoga subnuda', 'Psychotria subnuda')"
Rudgea_lanceifolia,Rudgea,Rubiaceae,-0.610645959,3.68812917272323,-2.103734234,AM,FRED4,"('Uragoga lanceifolia',)"
Rudgea_cornifolia,Rudgea,Rubiaceae,-1.052683357,3.30358455279515,-1.090644119,AM,FRED4,"('Uragoga cornifolia', 'Psychotria cornifolia')"
Palicourea_virens,Palicourea,Rubiaceae,-0.659712404,2.197224577,-0.923818998,AM,FRED4,"('Uragoga virens', 'Psychotria virens')"
Palicourea_tinctoria,Palicourea,Rubiaceae,-0.518018094,3.29366816978545,-2.015896366,AM,"(Brundrett and Tedersoo, 2018)","('Uragoga tinctoria',)"
Palicourea_thyrsiflora,Palicourea,Rubiaceae,-0.755661086,2.87328504682506,-1.119160958,AM,"(Brundrett and Tedersoo, 2018)","('Uragoga thyrsiflora', 'Psychotria thyrsiflora')"
Palicourea_stenosepala,Palicourea,Rubiaceae,-0.902881045,3.14518227132353,-1.097806161,AM,"(Brundrett and Tedersoo, 2018)",
Palicourea_spicata,Palicourea,Rubiaceae,-0.636766847,1.99333884262642,-0.590590592,AM,FRED4,"('Psychotria spiciflora', 'Uragoga spicata')"
Palicourea_hoffmannseggiana,Palicourea,Rubiaceae,-0.709276562,2.7408400239252,-0.778705069,AM,FRED4,"('Psychotria hoffmannseggiana', 'Uragoga hoffmannseggiana', 'Uragoga hoffmannseggiana', 'Cephaelis hoffmannseggiana')"
Palicourea_dichotoma,Palicourea,Rubiaceae,-0.820980552,2.98112612116463,-1.10262031,AM,FRED4,"('Cephaelis dichotoma',)"
Palicourea_corymbifera,Palicourea,Rubiaceae,-0.975510092,3.551626861,-1.145703896,AM,FRED4,"('Uragoga urbaniana', 'Psychotria corymbifera')"
Palicourea_amplectens,Palicourea,Rubiaceae,-1.500583508,4.03264644775189,-0.811930717,AM,FRED4,"('Uragoga amplectens', 'Psychotria amplectens')"
Carapichea_pacimonica,Carapichea,Rubiaceae,-0.778705069,3.25809653802148,-1.456716825,AM,FRED4,"('Uragoga pacimonica', 'Psychotria pacimonica')"
Pagamea_macrophylla,Pagamea,Rubiaceae,-0.68319685,3.08739946207981,-1.474033275,AM,FRED4,
Faramea_platyneura,Faramea,Rubiaceae,-0.736054682,3.27676730328398,-0.93140437,AM,FRED4,
Faramea_capillipes,Faramea,Rubiaceae,-1.044124103,3.172203417,-0.772190388,AM,FRED4,
Faramea_bangii,Faramea,Rubiaceae,-0.256312613,2.00082703004447,-1.247003413,AM,"(Brundrett and Tedersoo, 2018)",
Faramea_torquata,Faramea,Rubiaceae,-1.57987911,4.17300169504538,-0.918793862,AM,FRED4,
Catunaregam_spinosa,Catunaregam,Rubiaceae,-1.358718105,4.385022144,-0.967584026,AM,FRED4,"('Xeromphis spinosa', 'Randia spinosa', 'Canthium spinosum', 'Gardenia spinosa')"
Aidia_oxyodonta,Aidia,Rubiaceae,-1.163475419,4.07597690486392,-0.22374665,AM,FRED4,"('Randia oxyodonta',)"
Amaioua_glomerulata,Amaioua,Rubiaceae,-0.677273831,2.24601474150565,-0.701179352,AM,FRED4,"('Rondeletia glomerulata', 'Mussaenda glomerulata')"
Amaioua_guianensis,Amaioua,Rubiaceae,-0.783071888,2.81480973767374,-0.798507696,AM,FRED4,
Kutchubaea_sericantha,Kutchubaea,Rubiaceae,-0.858021824,3.13809951484091,-1.002393431,AM,FRED4,"('Einsteinia sericantha',)"
Kutchubaea_semisericea,Kutchubaea,Rubiaceae,-0.767870727,2.894806355,-1.10262031,AM,FRED4,
Kutchubaea_oocarpa,Kutchubaea,Rubiaceae,-0.675307262,3.22087382753087,-1.46967597,AM,FRED4,"('Amaioua oocarpa', 'Duroia oocarpa')"
Alibertia_edulis,Alibertia,Rubiaceae,-0.332679438,1.876406943,-1.018877321,AM,FRED4,"('Genipa edulis', 'Cordiera edulis', 'Gardenia edulis', 'Amaioua edulis')"
Alibertia_claviflora,Alibertia,Rubiaceae,-0.466808738,1.88858365386359,-0.794073099,AM,FRED4,"('Borojoa claviflora', 'Cordiera claviflora')"
Cordiera_myrciifolia,Cordiera,Rubiaceae,-0.608806032,2.60343015197211,-0.765717873,AM,FRED4,"('Alibertia myrciifolia',)"
Agouticarpa_curviflora,Agouticarpa,Rubiaceae,-0.287682072,1.20597080698861,-0.744440475,AM,FRED4,"('Genipa curviflora',)"
Diplospora_dubia,Diplospora,Rubiaceae,-1.199648833,4.42302743668712,-1.796649452,AM,FRED4,"('Canthium dubium', 'Discospermum dubium', 'Tricalysia dubia')"
Hypobathrum_racemosum,Hypobathrum,Rubiaceae,-0.771487172,2.43491984192601,-0.621108868,AM,"(Brundrett and Tedersoo, 2018)","('Randia racemosa', 'Petunga racemosa')"
Wendlandia_uvariifolia,Wendlandia,Rubiaceae,-1.495350586,3.81264456144787,-0.84397007,AM,FRED4,
Ixora_panurensis,Ixora,Rubiaceae,-0.621757184,2.65815943148875,-1.167962367,AM,FRED4,
Ixora_intensa,Ixora,Rubiaceae,-0.659712404,2.797890905,-0.936493439,AM,FRED4,
Alseis_blackiana,Alseis,Rubiaceae,-0.426667882,2.54935017262431,-1.419679724,AM,FRED4,
Adina_metcalfii,Adina,Rubiaceae,-1.867949608,4.60477010596675,-1.237874356,AM,FRED4,"('Pertusadina metcalfii',)"
Adina_pilulifera,Adina,Rubiaceae,-1.983404353,6.3634967437115,-2.169053703,AM,FRED4,"('Cephalanthus pilulifer', 'Nauclea pilulifera')"
Ladenbergia_riveroana,Ladenbergia,Rubiaceae,-1.083378908,3.4060498507014,-1.042060118,AM,"(Brundrett and Tedersoo, 2018)","('Remijia riveroana', 'Cascarilla riveroana')"
Chomelia_psilocarpa,Chomelia,Rubiaceae,-0.614845779,2.94251170442817,-1.448339268,AM,FRED4,
Chomelia_tenuiflora,Chomelia,Rubiaceae,-0.746547957,2.37211115564266,-0.605136303,AM,FRED4,"('Caruelina tenuiflora', 'Anisomeris tenuiflora')"
Bathysa_australis,Bathysa,Rubiaceae,-1.112914073,2.72450435372486,-0.112694521,AM,"(Brundrett and Tedersoo, 2018)","('Voigtia australis', 'Cinchona australis', 'Exostema australe')"
Ferdinandusa_rudgeoides,Ferdinandusa,Rubiaceae,-1.111697528,3.80577320558544,-1.443923474,AM,FRED4,"('Aspidanthera rudgeoides',)"
Ferdinandusa_hirsuta,Ferdinandusa,Rubiaceae,-0.689155159,3.23710859312926,-1.431291727,AM,FRED4,
Simira_rubescens,Simira,Rubiaceae,-1.177655496,3.10234200861225,-0.594207233,AM,FRED4,"('Sprucea rubescens',)"
Asclepias_tuberosa,Asclepias,Apocynaceae,-0.693147181,3.13549421592915,-1.514127733,AM,Maherali et. al. 2016,
Asclepias_syriaca,Asclepias,Apocynaceae,-0.84397007,3.87120101090789,-1.966112856,AM,Maherali et. al. 2016,
Asclepias_incarnata,Asclepias,Apocynaceae,-1.021651248,4.24849524204936,-1.966112856,AM,Maherali et. al. 2016,"('Acerates incarnata',)"
Nerium_oleander,Nerium,Apocynaceae,-0.790888646,2.65173530833948,-0.614882441,AM,"(Soudzilovskaia et al., 2020)",
Trachelospermum_axillare,Trachelospermum,Apocynaceae,-1.233058385,4.35051664122187,-1.609437912,AM,FRED4,
Alstonia_scholaris,Alstonia,Apocynaceae,-0.646836278,3.24882290123615,-1.771956842,AM,FRED4,"('Echites scholaris', 'Pala scholaris')"
Gentiana_andrewsii,Gentiana,Gentianaceae,-1.171182982,4.85981240436167,-2.207274913,AM,"(Soudzilovskaia et al., 2020)","('Pneumonanthe andrewsii', 'Dasystephana andrewsii')"
Physalis_virginiana,Physalis,Solanaceae,-1.203972804,3.98898404656427,-1.30933332,AM,"(Brundrett and Tedersoo, 2018)",
Withania_frutescens,Withania,Solanaceae,-0.937003773,1.76334231742391,-0.773638444,AM,"(Brundrett and Tedersoo, 2018)","('Physalis frutescens', 'Hypnoticum frutescens', 'Atropa frutescens')"
Cestrum_schlechtendalii,Cestrum,Solanaceae,-0.542488304,2.4064748671416,-1.079710782,AM,"(Brundrett and Tedersoo, 2018)",
Apodytes_dimidiata,Apodytes,Metteniusaceae,-0.597837001,2.55722731136763,-1.078809661,AM,"(Soudzilovskaia et al., 2020)",
Arbutus_unedo,Arbutus,Ericaceae,-0.693380542,2.49459795864902,-0.583085342,EcM,Maherali et. al. 2016,
Clethra_revoluta,Clethra,Clethraceae,-0.882869928,3.38577853634316,-1.34129998,AM,"(Brundrett and Tedersoo, 2018)","('Cuellaria revoluta',)"
Actinidia_kolomikta,Actinidia,Actinidiaceae,-1.46967597,5.41398157284783,-2.227361672,AM,FRED4,"('Prunus kolomikta', 'Trochostigma kolomikta')"
Saurauia_herthae,Saurauia,Actinidiaceae,-0.691448624,3.55772327643172,-1.911707125,AM,"(Brundrett and Tedersoo, 2018)",
Symplocos_cochinchinensis,Symplocos,Symplocaceae,-0.507848578,2.62191650717549,-0.851031298,AM,"(Soudzilovskaia et al., 2020)","('Dicalix cochinchinensis',)"
Styrax_suberifolius,Styrax,Styracaceae,-1.274216458,3.99735766880215,-1.203972804,AM,FRED4,
Halesia_tetraptera,Halesia,Styracaceae,-1.337053302,3.779902084,-2.267647041,AM,"(Brundrett and Tedersoo, 2018)",
Alniphyllum_fortunei,Alniphyllum,Styracaceae,-1.170163788,4.3285157579382,-1.649516136,AM,FRED4,"('Halesia fortunei',)"
Geissanthus_vanderwerffii,Geissanthus,Primulaceae,-0.490206337,1.98834830883094,-0.766319786,AM,"(Brundrett and Tedersoo, 2018)",
Androsace_occidentalis,Androsace,Primulaceae,-2.163941785,5.3349184133891,-0.898677158,AM,"(Brundrett and Tedersoo, 2018)","('Primula occidentalis', 'Aretia occidentalis', 'Amadea occidentalis')"
Ardisia_depressa,Ardisia,Primulaceae,-1.034027543,3.77089350667889,-1.277247673,AM,FRED4,
Ardisia_quinquegona,Ardisia,Primulaceae,-0.57388376,2.79320800944252,-1.297063227,AM,"(Soudzilovskaia et al., 2020)","('Bladhia quinquegona',)"
Ardisia_japonica,Ardisia,Primulaceae,-1.469241282,4.62005723493382,-1.417546906,AM,FRED4,"('Tinus japonica', 'Bladhia japonica')"
Embelia_vestita,Embelia,Primulaceae,-1.570938613,4.5688211275408,-1.185623664,AM,FRED4,"('Ribesiodes vestitum', 'Samara vestita')"
Myrsine_divaricata,Myrsine,Primulaceae,-0.968066599,3.65049805578074,-1.406994658,AM,FRED4,"('Rapanea divaricata',)"
Myrsine_coriacea,Myrsine,Primulaceae,-0.475052914,2.74439996502261,-1.136839163,AM,FRED4,"('Rapanea coriacea', 'Samara coriacea', 'Anguillaria coriacea', 'Tinus coriacea', 'Ardisia coriacea')"
Myrsine_australis,Myrsine,Primulaceae,-0.902079689,3.64315293721849,-1.520788789,AM,FRED4,"('Rapanea australis', 'Suttonia australis')"
Myrsine_andina,Myrsine,Primulaceae,-0.625987099,2.26728631962411,-0.770840398,AM,"(Brundrett and Tedersoo, 2018)","('Rapanea andina',)"
Myrsine_seguinii,Myrsine,Primulaceae,-0.506097447,3.30582248440503,-1.420800041,AM,FRED4,"('Athruphyllum seguinii',)"
Diospyros_strigosa,Diospyros,Ebenaceae,-0.713436852,3.18292611883494,-1.039967225,AM,FRED4,
Diospyros_virginiana,Diospyros,Ebenaceae,-0.728413532,3.08929380566774,-2.042788224,AM,FRED4,"('Persimon virginiana',)"
Eschweilera_tenuifolia,Eschweilera,Lecythidaceae,-0.553385238,1.83258146374831,-0.723606388,AM,FRED4,"('Lecythis tenuifolia',)"
Eschweilera_bracteosa,Eschweilera,Lecythidaceae,-0.371063681,1.7732559976635,-0.742337425,AM,FRED4,"('Lecythis bracteosa',)"
Eschweilera_decolorans,Eschweilera,Lecythidaceae,-0.160168752,1.09192330051731,-0.869884359,AM,FRED4,"('Chytroma decolorans',)"
Eschweilera_pedicellata,Eschweilera,Lecythidaceae,-0.418550348,1.84687876844913,-0.721546655,AM,FRED4,"('Lecythis pedicellata',)"
Eschweilera_wachenheimii,Eschweilera,Lecythidaceae,-0.827822084,2.77508560243837,-0.719491156,AM,FRED4,"('Lecythis wachenheimii',)"
Eschweilera_ovata,Eschweilera,Lecythidaceae,-0.677273831,2.57642175862377,-0.894040123,AM,FRED4,"('Lecythis ovata',)"
Eschweilera_coriacea,Eschweilera,Lecythidaceae,-0.363223122,1.67842529541266,-0.553613603,AM,FRED4,"('Lecythis coriacea', 'Jugastrum coriaceum')"
Eschweilera_parviflora,Eschweilera,Lecythidaceae,-0.2269006,1.36353737399727,-0.85566611,AM,FRED4,"('Lecythis parviflora',)"
Eschweilera_truncata,Eschweilera,Lecythidaceae,-0.484508315,2.35327820730956,-0.908818717,AM,FRED4,
Eschweilera_albiflora,Eschweilera,Lecythidaceae,-0.867500568,2.49732916978656,-0.717439873,AM,FRED4,"('Lecythis albiflora',)"
Eschweilera_atropetiolata,Eschweilera,Lecythidaceae,-0.258770729,1.41827740697294,-0.590590592,AM,FRED4,
Eschweilera_grandiflora,Eschweilera,Lecythidaceae,-0.450985623,2.07568449280212,-0.755022584,AM,FRED4,"('Lecythis grandiflora',)"
Corythophora_alta,Corythophora,Lecythidaceae,-0.798507696,2.49155119250667,-0.524248644,NMAM,"(Soudzilovskaia et al., 2020)",
Allantoma_lineata,Allantoma,Lecythidaceae,-0.923818998,2.84141491316963,-0.865122445,AM,FRED4,"('Couratari lineata',)"
Grias_peruviana,Grias,Lecythidaceae,-0.131932671,1.63884938544135,-1.112597145,AM,"(Brundrett and Tedersoo, 2018)",
Barringtonia_fusicarpa,Barringtonia,Lecythidaceae,-0.217555029,1.8397037753636,-1.033827922,AM,"(Brundrett and Tedersoo, 2018)",
Barringtonia_racemosa,Barringtonia,Lecythidaceae,-0.498122155,2.592826279,-1.01301978,AM,FRED4,"('Caryophyllus racemosus', 'Butonica racemosa', 'Butonica alba', 'Eugenia racemosa', 'Michelia racemosa', 'Stravadium racemosum', 'Huttum racemosum')"
Pouteria_austin-smithii,Pouteria,Sapotaceae,-0.502692124,2.13344565077437,-0.886606042,AM,"(Brundrett and Tedersoo, 2018)","('Lucuma austin-smithii',)"
Pouteria_cuspidata,Pouteria,Sapotaceae,-0.789658081,2.77196352684586,-0.964955904,AM,FRED4,"('Sideroxylon cuspidatum',)"
Pouteria_caimito,Pouteria,Sapotaceae,-0.709276562,2.90087199253003,-1.320506621,AM,FRED4,"('Guapeba caimito', 'Labatia caimito', 'Lucuma caimito', 'Achras caimito')"
Chromolucuma_rubriflora,Chromolucuma,Sapotaceae,-0.761426021,3.15572300986293,-1.709258248,AM,FRED4,"('Pouteria rubriflora',)"
Chrysophyllum_sanguinolentum,Chrysophyllum,Sapotaceae,-0.56563386,2.23751309625033,-0.926341068,AM,FRED4,"('Ragala sanguinolenta',)"
Micropholis_trunciflora,Micropholis,Sapotaceae,-0.360969868,1.68268837417369,-0.669430654,AM,FRED4,
Micropholis_mensalis,Micropholis,Sapotaceae,-0.970219074,3.37073817417745,-0.867500568,AM,FRED4,"('Pouteria mensalis',)"
Micropholis_cylindrocarpa,Micropholis,Sapotaceae,-0.634878272,2.65324196460721,-0.874669057,AM,FRED4,"('Sideroxylon cylindrocarpon', 'Mastichodendron cylindrocarpon', 'Pouteria cylindrocarpa')"
Micropholis_venulosa,Micropholis,Sapotaceae,-0.381882868,2.17583624380217,-0.620606471,AM,FRED4,"('Pouteria venulosa', 'Sideroxylon venulosum', 'Xantolis venulosa')"
Micropholis_egensis,Micropholis,Sapotaceae,-0.304438345,1.72519235717946,-0.707051872,AM,FRED4,"('Sideroxylon egense', 'Pouteria egensis', 'Sideroxylon rugosum var. egense', 'Bumelia egensis')"
Micropholis_casiquiarensis,Micropholis,Sapotaceae,-0.324346057,1.98513086220859,-0.894040123,AM,FRED4,
Micropholis_guyanensis,Micropholis,Sapotaceae,-0.554187492,2.13949845394178,-0.655580726,AM,FRED4,"('Sideroxylon guyanense',)"
Planchonella_grandifolia,Planchonella,Sapotaceae,-0.2572822,1.83789772925355,-1.018942869,AM,"(Brundrett and Tedersoo, 2018)","('Lucuma grandifolia', 'Sideroxylon grandifolium', 'Pouteria grandifolia')"
Madhuca_endertii,Madhuca,Sapotaceae,-0.22752815,2.19941661750418,-1.372391456,AM,FRED4,
Payena_microphylla,Payena,Sapotaceae,-0.209487225,2.14188803229675,-1.426075231,AM,FRED4,"('Isonandra microphylla',)"
Polyspora_axillaris,Polyspora,Theaceae,-0.490526388,2.389313097,-0.848632083,AM,FRED4,"('Camellia axillaris', 'Gordonia axillaris', 'Lasianthus axillaris')"
Gordonia_fruticosa,Gordonia,Theaceae,-0.589766846,3.06898693251732,-1.129186616,AM,"(Brundrett and Tedersoo, 2018)","('Laplacea fruticosa', 'Wikstroemia fruticosa')"
Schima_superba,Schima,Theaceae,-1.464010888,4.7656705907749,-1.46117186,AM,FRED4,"('Schima wallichii var. superba',)"
Schima_wallichii,Schima,Theaceae,-1.427699859,4.589345636,-0.994252273,AM,FRED4,"('Gordonia wallichii',)"
Phlox_hoodii,Phlox,Polemoniaceae,-1.32915817,4.67333891556337,-1.712276361,AM,"(Soudzilovskaia et al., 2020)","('Fonna hoodii', 'Armeria hoodii')"
Eurya_japonica,Eurya,Pentaphylacaceae,-0.972036568,4.153507324,-1.370960159,AM,FRED4,
Ternstroemia_coriacea,Ternstroemia,Pentaphylacaceae,-0.275753502,2.19112266514475,-1.292804018,AM,FRED4,"('Taonabo coriacea',)"
Pentaphylax_euryoides,Pentaphylax,Pentaphylacaceae,-2.114778606,4.58333349137892,-0.634878272,AM,FRED4,
Deutzia_glabrata,Deutzia,Hydrangeaceae,-1.692819521,5.36879236500864,-1.73079877,AM,FRED4,
Deutzia_grandiflora,Deutzia,Hydrangeaceae,-1.113599031,5.051882067,-2.03701715,AM,FRED4,
Philadelphus_incanus,Philadelphus,Hydrangeaceae,-1.659679129,5.17486845955163,-1.494594203,AM,"(Soudzilovskaia et al., 2020)",
Cornus_bretschneideri,Cornus,Cornaceae,-0.78985066,3.41260271509167,-1.05538734,AM,FRED4,"('Swida bretschneideri',)"
Cornus_ulotricha,Cornus,Cornaceae,-0.492515122,2.58692645824223,-1.358953329,AM,FRED4,"('Swida ulotricha',)"
Cornus_controversa,Cornus,Cornaceae,-0.425336238,2.68768478190838,-1.596161579,AM,FRED4,"('Bothrocaryum controversum', 'Swida controversa')"
Cornus_kousa,Cornus,Cornaceae,-0.970351009,3.94341900636482,-1.764360497,AM,FRED4,"('Benthamia kousa', 'Benthamia japonica', 'Dendrobenthamia japonica', 'Benthamidia japonica', 'Cynoxylon japonicum', 'Cynoxylon kousa')"
Cornus_florida,Cornus,Cornaceae,-0.594152129,3.14827875847123,-1.597936621,AM,FRED4,"('Benthamia florida', 'Benthamidia florida', 'Cynoxylon floridum')"
Cornus_officinalis,Cornus,Cornaceae,-0.594792924,2.66623691124438,-0.76697174,AM,"(Soudzilovskaia et al., 2020)","('Macrocarpium officinale',)"
Alangium_chinense,Alangium,Cornaceae,-2.373544182,5.13526888509767,-1.139434283,AM,FRED4,"('Karangolum chinense', 'Stylis chinensis', 'Stylidium chinense', 'Marlea chinensis')"
Nyssa_aquatica,Nyssa,Nyssaceae,-1.714654438,2.60810708332858,-1.832581464,AM,"(Soudzilovskaia et al., 2020)",
Nyssa_sylvatica,Nyssa,Nyssaceae,-0.213506802,2.71781560990786,-1.965424573,AM,FRED4,"('Nyssa multiflora var. sylvatica',)"
Arenaria_serpyllifolia,Arenaria,Caryophyllaceae,-1.565421027,6.48157712927643,-2.70306266,NMAM,FRED4,"('Stellaria serpyllifolia', 'Alsinanthus serpyllifolius')"
Cerastium_arvense,Cerastium,Caryophyllaceae,-1.667243593,4.51722983086823,-0.72087479,NMAM,FRED4,"('Alsine arvensis', 'Leucodonium arvense', 'Centunculus arvensis')"
Chenopodium_album,Chenopodium,Amaranthaceae,-1.142444135,4.31812773479597,-0.762956829,NMAM,FRED4,"('Chenopodium viride var. album', 'Botrys albus', 'Atriplex alba')"
Krascheninnikovia_ceratoides,Krascheninnikovia,Amaranthaceae,-1.40456017,4.377095891,-1.078197102,AM,FRED4,"('Axyris ceratoides', 'Ceratoides papposa', 'Diotis ceratoides', 'Eurotia ceratoides')"
Rumex_acetosella,Rumex,Polygonaceae,-1.078809661,4.84418708645859,-2.407945609,NMAM,FRED4,"('Acetosa acetosella', 'Lapathum acetosella', 'Pauladolfia acetosella')"
Fallopia_convolvulus,Fallopia,Polygonaceae,-1.386294361,5.30330490805908,-2.302585093,NMAM,FRED4,"('Tiniaria convolvulus', 'Polygonum convolvulus', 'Reynoutria convolvulus', 'Bilderdykia convolvulus', 'Helxine convolvulus', 'Fagopyrum convolvulus')"
Coccoloba_manzinellensis,Coccoloba,Polygonaceae,-0.73428019,2.4985465569967,-0.664828613,EcM,"(Soudzilovskaia et al., 2020)","('Uvifera manzinellensis',)"
Coccoloba_excelsa,Coccoloba,Polygonaceae,-0.887103293,2.91701228772725,-0.809254229,EcM,"(Soudzilovskaia et al., 2020)",
Armeria_velutina,Armeria,Plumbaginaceae,-0.676437567,2.35189640324803,-0.493554474,NMAM,Maherali et. al. 2016,"('Statice velutina', 'Armeria maritima subsp. velutina')"
Schoepfia_jasminodora,Schoepfia,Schoepfiaceae,-1.655743665,4.40038976266241,-0.88673193,AM,"(Soudzilovskaia et al., 2020)","('Schoepfiopsis jasminodora',)"
Osyris_alba,Osyris,Santalaceae,-0.460568282,1.77303377552067,-0.046196244,NMAM,"(Soudzilovskaia et al., 2020)",
Comandra_umbellata,Comandra,Santalaceae,-1.135113276,3.44559036285322,-1.094157925,AM,"(Soudzilovskaia et al., 2020)","('Thesium umbellatum',)"
Stauracanthus_genistoides,Stauracanthus,Fabaceae,-0.816445397,2.57584543440597,-0.290968229,AM,"(Soudzilovskaia et al., 2020)","('Ulex genistoides',)"
Imbralyx_leptobotrys,Imbralyx,Fabaceae,-0.753392707,3.00301059916468,-1.14396468,AM,"(Soudzilovskaia et al., 2020)","('Fordia leptobotrys', 'Millettia leptobotrys')"
Trifolium_repens,Trifolium,Fabaceae,-1.118814995,6.21838303437743,-3.973715979,AM,"(Soudzilovskaia et al., 2020)","('Amoria repens',)"
Trifolium_pratense,Trifolium,Fabaceae,-1.162031437,5.44776053878503,-2.49341155,AM,FRED4,"('Lagopus pratensis',)"
Trifolium_angustifolium,Trifolium,Fabaceae,-1.200645014,5.03695260241363,-2.312635429,AM,FRED4,"('Triphylloides angustifolia',)"
Trifolium_purpureum,Trifolium,Fabaceae,-1.007492696,5.66251878086507,-3.62302239,AM,FRED4,"('Trifolium angustifolium subsp. purpureum', 'Trifolium angustifolium subsp. purpureum')"
Trifolium_subterraneum,Trifolium,Fabaceae,-0.851355475,4.86848656252949,-2.865901808,AM,FRED4,"('Calycomorphum subterraneum',)"
Medicago_sativa,Medicago,Fabaceae,-0.973566801,5.76476843039936,-3.772474303,AM,FRED4,"('Medica sativa',)"
Medicago_ruthenica,Medicago,Fabaceae,-1.347073648,4.189200093,-1.237874356,AM,FRED4,"('Trigonella ruthenica', 'Turukhania ruthenica', 'Pocockia ruthenica', 'Melilotoides ruthenica', 'Melissitus ruthenicus')"
Medicago_minima,Medicago,Fabaceae,-1.358679194,5.34233425196481,-2.095570924,AM,FRED4,"('Spirocarpus minimus', 'Medicago polymorpha var. minima')"
Melilotus_officinalis,Melilotus,Fabaceae,-1.237874356,4.60517018598809,-1.897119985,AM,FRED4,"('Trifolium officinale', 'Medicago officinalis', 'Sertula officinalis', 'Brachylobus officinalis', 'Trigonella officinalis')"
Vicia_americana,Vicia,Fabaceae,-1.012861288,5.10888612866133,-2.339507804,AM,"(Soudzilovskaia et al., 2020)","('Abacosa americana',)"
Vicia_villosa,Vicia,Fabaceae,-0.84397007,4.094344562,-2.120263536,AM,Maherali et. al. 2016,
Lathyrus_venosus,Lathyrus,Fabaceae,-0.987518241,3.846514872,-1.637608792,AM,"(Soudzilovskaia et al., 2020)",
Astragalus_bisulcatus,Astragalus,Fabaceae,-1.036764885,4.50527618313061,-2.159484253,AM,"(Soudzilovskaia et al., 2020)","('Phaca bisulcata', 'Diholcos bisulcatus', 'Tragacantha bisulcata')"
Astragalus_agrestis,Astragalus,Fabaceae,-0.945076083,3.03616830415976,-0.876380084,AM,"(Brundrett and Tedersoo, 2018)","('Phaca agrestis',)"
Astragalus_scaberrimus,Astragalus,Fabaceae,-1.255266099,4.09175788632533,-1.290984181,AM,"(Soudzilovskaia et al., 2020)","('Tragacantha scaberrima',)"
Astragalus_canadensis,Astragalus,Fabaceae,-0.867500568,3.52636052461616,-1.514127733,AM,"(Brundrett and Tedersoo, 2018)","('Phaca canadensis', 'Tragacantha canadensis')"
Astragalus_aboriginum,Astragalus,Fabaceae,-1.532939941,3.76078261645986,-0.430782916,AM,"(Brundrett and Tedersoo, 2018)",
Oxytropis_sericea,Oxytropis,Fabaceae,-1.266380264,4.57114428582284,-1.693207792,AM,"(Soudzilovskaia et al., 2020)","('Aragallus lambertii var. sericeus', 'Aragallus sericeus', 'Oxytropis lambertii var. sericea', 'Spiesia lambertii var. sericea')"
Lotus_corniculatus,Lotus,Fabaceae,-0.884454967,5.0307430208906,-3.021768658,AM,"(Soudzilovskaia et al., 2020)",
Anthyllis_cytisoides,Anthyllis,Fabaceae,-1.25062775,2.24081145590607,-0.513209936,AM,Maherali et. al. 2016,"('Zenopogon cytisoides',)"
Anthyllis_terniflora,Anthyllis,Fabaceae,-1.010944877,1.79622508882357,-0.598678047,AM,Maherali et. al. 2016,"('Anthyllis cytisoides subsp. terniflora', 'Genista terniflora')"
Coronilla_juncea,Coronilla,Fabaceae,-1.203639527,2.0561118710401,-0.528969391,AM,"(Brundrett and Tedersoo, 2018)","('Ornithopus junceus',)"
Coronilla_minima,Coronilla,Fabaceae,-0.803655514,4.11083766111362,-1.682008465,AM,"(Brundrett and Tedersoo, 2018)","('Ornithopus minimus',)"
Bituminaria_bituminosa,Bituminaria,Fabaceae,-1.070024832,4.89783979995091,-2.396895772,AM,"(Soudzilovskaia et al., 2020)","('Aspalthium bituminosum', 'Lotodes bituminosum', 'Rhynchodium bituminosum', 'Psoralea bituminosa', 'Bipontinia bituminosa')"
Desmodium_canadense,Desmodium,Fabaceae,-1.078809661,4.83628190695148,-2.407945609,AM,"(Soudzilovskaia et al., 2020)","('Pleurolobus canadensis', 'Hedysarum canadense', 'Edusaron canadense')"
Lespedeza_bicolor,Lespedeza,Fabaceae,-1.406905315,4.93161832306386,-1.897119985,AM,FRED4,
Lespedeza_davurica,Lespedeza,Fabaceae,-1.171182982,3.69424006035603,-1.078809661,AM,"(Soudzilovskaia et al., 2020)",
Lespedeza_thunbergii,Lespedeza,Fabaceae,-1.474470052,4.75748825532435,-1.567237556,AM,"(Soudzilovskaia et al., 2020)","('Desmodium thunbergii',)"
Lespedeza_capitata,Lespedeza,Fabaceae,-0.994252273,4.29045944114839,-2.040220829,AM,Maherali et. al. 2016,"('Despeleza capitata',)"
Millettia_leptobotrya,Millettia,Fabaceae,-1.074173367,3.24337329646859,-0.84397007,AM,FRED4,
Clitoria_javitensis,Clitoria,Fabaceae,-0.32221979,2.52004523315245,-1.528620605,AM,FRED4,"('Ternatea javitensis', 'Neurocarpum javitense')"
Dalea_purpurea,Dalea,Fabaceae,-0.978698192,3.92479910686004,-1.528434128,AM,Maherali et. al. 2016,"('Petalostemon purpureus', 'Psoralea purpurea', 'Kuhnistera purpurea')"
Lupinus_perennis,Lupinus,Fabaceae,-1.078809661,4.76217393479776,-1.139434283,NM,"(Brundrett and Tedersoo, 2018)",
Cytisus_grandiflorus,Cytisus,Fabaceae,-0.298406036,1.17908989314494,-0.232372669,AM,"(Brundrett and Tedersoo, 2018)","('Laburnum grandiflorum', 'Sarothamnus grandiflorus', 'Genista grandiflora')"
Genista_triacanthos,Genista,Fabaceae,-0.867917321,2.55339582399633,-0.338086011,AM,"(Soudzilovskaia et al., 2020)",
Genista_hirsuta,Genista,Fabaceae,-0.841560186,2.41588810565008,-0.381982415,AM,FRED4,
Ulex_parviflorus,Ulex,Fabaceae,-0.985696636,2.21802321411472,-0.333053484,AM,Maherali et. al. 2016,
Calpurnia_aurea,Calpurnia,Fabaceae,-0.634878272,2.83026783382646,-1.139434283,AM,"(Brundrett and Tedersoo, 2018)","('Virgilia aurea', 'Podalyria aurea', 'Sophora aurea')"
Thermopsis_rhombifolia,Thermopsis,Fabaceae,-1.393822628,4.64345258021167,-1.30029703,AM,"(Soudzilovskaia et al., 2020)","('Drepilia rhombifolia', 'Thermia rhombifolia', 'Cytisus rhombifolius')"
Baptisia_alba,Baptisia,Fabaceae,-1.427116356,5.76519110278484,-2.659260037,AM,Maherali et. al. 2016,"('Podalyria alba', 'Sophora alba', 'Crotalaria alba')"
Platypodium_elegans,Platypodium,Fabaceae,-0.133610835,1.86296762258743,-1.33345928,AM,FRED4,"('Callisemaea elegans',)"
Sophora_microphylla,Sophora,Fabaceae,-0.664365379,3.26791944491498,-1.662013209,AM,FRED4,"('Edwardsia grandiflora var. microphylla', 'Edwardsia microphylla', 'Sophora tetraptera var. microphylla')"
Dussia_tessmannii,Dussia,Fabaceae,-0.894284652,2.38212339624629,-0.350503551,AM,"(Brundrett and Tedersoo, 2018)",
Styphnolobium_japonicum,Styphnolobium,Fabaceae,-0.82821232,3.45104431423924,-1.814005078,AM,FRED4,"('Sophora japonica',)"
Acacia_mangium,Acacia,Fabaceae,-1.37614603,4.5970372027579,-1.237874356,EcMAM,FRED4,"('Racosperma mangium',)"
Acacia_auriculiformis,Acacia,Fabaceae,-0.711073569,3.62042215346903,-1.22644566,EcMAM,"(Soudzilovskaia et al., 2020)","('Racosperma auriculiforme',)"
Acacia_crassicarpa,Acacia,Fabaceae,-1.487530062,4.6847204647461,-1.021651248,EcMAM,FRED4,"('Racosperma crassicarpum',)"
Inga_suberosa,Inga,Fabaceae,-0.852142912,3.35550242240003,-1.339410775,AM,FRED4,
Inga_splendens,Inga,Fabaceae,-0.663588378,2.54553127160443,-0.94160854,AM,FRED4,"('Mimosa splendens', 'Feuilleea splendens')"
Inga_rubiginosa,Inga,Fabaceae,-0.394821948,2.04645131983247,-0.859910665,AM,"(Soudzilovskaia et al., 2020)","('Feuilleea rubiginosa', 'Mimosa rubiginosa')"
Inga_obidensis,Inga,Fabaceae,-0.52087596,2.29051251175978,-0.923818998,AM,FRED4,
Inga_marginata,Inga,Fabaceae,-0.628796177,2.49930085427218,-0.918533118,AM,FRED4,"('Inga fagifolia var. marginata', 'Feuilleea marginata')"
Inga_macrophylla,Inga,Fabaceae,-0.85566611,3.23750128899137,-1.234432012,AM,FRED4,"('Feuilleea macrophylla', 'Mimosa macrophylla')"
Inga_loubryana,Inga,Fabaceae,-0.771973961,3.0538935636232,-1.036479004,AM,"(Soudzilovskaia et al., 2020)",
Inga_lateriflora,Inga,Fabaceae,-0.335472736,2.36085400111802,-1.251763468,AM,FRED4,"('Feuilleea lateriflora',)"
Inga_gracilifolia,Inga,Fabaceae,-0.59602047,2.52172062291072,-0.8603831,AM,FRED4,
Inga_extra-nodis,Inga,Fabaceae,-0.668116414,2.74409055950237,-0.953431238,AM,"(Soudzilovskaia et al., 2020)",
Inga_cordatoalata,Inga,Fabaceae,-0.293029679,2.02419306744936,-0.834710745,AM,FRED4,
Inga_cayennensis,Inga,Fabaceae,-0.687165109,2.8541687092322,-1.237874356,AM,FRED4,"('Feuilleea cayennensis',)"
Inga_bicoloriflora,Inga,Fabaceae,-0.519193873,2.57184857992181,-1.02443289,AM,FRED4,
Inga_thibaudiana,Inga,Fabaceae,-0.572701027,2.68375750853317,-1.02443289,AM,FRED4,"('Feuilleea thibaudiana',)"
Inga_umbratica,Inga,Fabaceae,-0.757152511,2.77508560243837,-0.949330586,AM,FRED4,"('Feuilleea umbratica',)"
Inga_nobilis,Inga,Fabaceae,-0.693747361,2.40985378662175,-0.781439787,AM,Maherali et. al. 2016,"('Feuilleea nobilis',)"
Inga_auristellae,Inga,Fabaceae,-0.770028225,2.96630346286318,-1.152013065,AM,FRED4,
Inga_ruiziana,Inga,Fabaceae,-0.659712404,2.90908446682832,-1.237874356,AM,FRED4,"('Feuilleea ruiziana',)"
Inga_stipularis,Inga,Fabaceae,-0.362706082,2.09287832963751,-0.688531977,AM,FRED4,"('Feuilleea stipularis',)"
Inga_umbellifera,Inga,Fabaceae,-0.832639159,2.68333743055867,-0.551002714,AM,FRED4,"('Feuilleea umbellifera', 'Mimosa umbellifera')"
Inga_brevipes,Inga,Fabaceae,-0.898942094,3.14328983791161,-1.02443289,AM,FRED4,"('Feuilleea alata',)"
Inga_alba,Inga,Fabaceae,-0.527632742,2.5408142817263,-0.918793862,AM,FRED4,"('Feuilleea alba', 'Mimosa alba')"
Inga_paraensis,Inga,Fabaceae,-0.689155159,2.70270259477561,-0.991553216,AM,FRED4,
Inga_huberi,Inga,Fabaceae,-0.750776293,2.9882040071332,-1.237874356,AM,FRED4,
Zygia_inaequalis,Zygia,Fabaceae,-1.002393431,3.264231526589,-1.016111067,AM,FRED4,"('Inga inaequalis', 'Pithecellobium inaequale', 'Feuilleea inaequalis', 'Mimosa inaequalis')"
Archidendron_lucidum,Archidendron,Fabaceae,-1.344922118,4.075671297,-1.171182982,AM,FRED4,"('Pithecellobium lucidum', 'Abarema lucida')"
Archidendron_clypearia,Archidendron,Fabaceae,-1.306263961,4.25319845031993,-0.891598119,AM,FRED4,"('Pithecellobium clypearia', 'Abarema clypearia', 'Feuilleea clypearia', 'Inga clypearia', 'Albizia clypearia')"
Calliandra_houstoniana,Calliandra,Fabaceae,-0.750776293,3.159974717,-1.111697528,AM,FRED4,"('Mimosa houstoniana', 'Anneslia houstoniana')"
Chamaecrista_fasciculata,Chamaecrista,Fabaceae,-1.078809661,4.24849524204936,-1.832581464,AM,"(Soudzilovskaia et al., 2020)","('Cassia fasciculata',)"
Gleditsia_triacanthos,Gleditsia,Fabaceae,-0.551949074,2.75408686723801,-1.675310657,AM,FRED4,"('Caesalpiniodes triacanthum',)"
Cercis_canadensis,Cercis,Fabaceae,-0.597837001,3.29953372788566,-1.838851077,AM,FRED4,"('Siliquastrum canadense',)"
Xanthophyllum_tenue,Xanthophyllum,Polygalaceae,-0.830686595,3.22800403569507,-1.250889724,AM,FRED4,
Xanthophyllum_flavescens,Xanthophyllum,Polygalaceae,-0.291065568,1.85226405301668,-0.764152405,AM,"(Soudzilovskaia et al., 2020)",
Potentilla_tenacetifolia,Potentilla,Rosaceae,-1.386294361,4.23577178391632,-1.203972804,AM,FRED4,
Potentilla_pusilla,Potentilla,Rosaceae,-1.1138065,4.45714465357423,-1.531396279,AM,FRED4,"('Potentilla verna var. pusilla', 'Potentilla verna f. pusilla', 'Potentilla tabernaemontani subvar. pusilla')"
Potentilla_indica,Potentilla,Rosaceae,-1.64092858,5.31910239593315,-1.808566587,AM,FRED4,"('Fragaria indica', 'Duchesnea indica')"
Potentilla_acaulis,Potentilla,Rosaceae,-1.427116356,4.43455978512215,-1.290984181,AM,FRED4,"('Potentilla verna subsp. acaulis',)"
Sibbaldianthe_bifurca,Sibbaldianthe,Rosaceae,-1.328025453,3.9446837876677,-1.049822124,AM,FRED4,"('Fragaria bifurca', 'Schistophyllidium bifurcum', 'Potentilla bifurca')"
Drymocallis_arguta,Drymocallis,Rosaceae,-1.031935431,3.8767726202095,-0.827150873,AM,"(Soudzilovskaia et al., 2020)","('Potentilla agrimonioides var. arguta', 'Potentilla arguta', 'Potentilla pensylvanica var. arguta')"
Chamaerhodos_erecta,Chamaerhodos,Rosaceae,-1.448169765,4.65871095291612,-1.514127733,AM,"(Brundrett and Tedersoo, 2018)","('Sibbaldia erecta',)"
Sanguisorba_officinalis,Sanguisorba,Rosaceae,-0.519333939,3.26353365316256,-1.740616913,AM,"(Brundrett and Tedersoo, 2018)","('Pimpinella officinalis', 'Poterium officinale')"
Sanguisorba_minor,Sanguisorba,Rosaceae,-0.817040174,4.80320691979642,-1.503670674,AM,FRED4,"('Poterium minus', 'Pimpinella sanguisorba', 'Blitum sanguisorba', 'Poterium sanguisorba')"
Agrimonia_pilosa,Agrimonia,Rosaceae,-1.485010334,5.08637811770417,-1.751070373,AM,FRED4,"('Agrimonia eupatoria var. pilosa', 'Agrimonia dahurica var. pilosa')"
Rosa_arkansana,Rosa,Rosaceae,-1.185641848,3.72632145504614,-0.864756731,AM,"(Soudzilovskaia et al., 2020)","('Rosa blanda var. arkansana', 'Rosa virginiana var. arkansana')"
Rosa_canina,Rosa,Rosaceae,-0.652917361,2.54089728064586,-0.588032893,AM,FRED4,"('Crepinia canina',)"
Rosa_acicularis,Rosa,Rosaceae,-1.233744963,4.02238543503104,-1.30933332,AM,"(Brundrett and Tedersoo, 2018)",
Rosa_xanthina,Rosa,Rosaceae,-1.690647968,5.227687118,-1.501807247,AM,FRED4,
Rubus_irritans,Rubus,Rosaceae,-1.731605546,5.26097119154977,-1.545722097,AM,FRED4,
Rubus_ulmifolius,Rubus,Rosaceae,-1.102742682,2.97452241177767,-0.363184159,AM,FRED4,"('Rubus sanctus ulmifolius', 'Rubus discolor subsp. ulmifolius', 'Rubus fruticosus var. ulmifolius')"
Rubus_allegheniensis,Rubus,Rosaceae,-1.639662287,3.28125920635973,0.534920032590113,AM,FRED4,"('Rubus villosus var. montanus',)"
Rubus_rosifolius,Rubus,Rosaceae,-2.134672405,5.76663630061643,-1.256616536,AM,FRED4,
Rubus_crataegifolius,Rubus,Rosaceae,-1.88981341,5.647888502,-1.639290876,AM,FRED4,"('Rubus corchorifolius var. crataegifolius',)"
Rubus_phoenicolasius,Rubus,Rosaceae,-1.50796633,3.20615052094022,0.290180738683686,AM,FRED4,
Rubus_idaeus,Rubus,Rosaceae,-1.708982043,5.1459171136626,-1.478224018,AM,"(Brundrett and Tedersoo, 2018)","('Batidaea idaea',)"
Filipendula_digitata,Filipendula,Rosaceae,-1.698269126,5.39638636367747,-1.763588595,AM,"(Brundrett and Tedersoo, 2018)","('Spiraea digitata',)"
Spiraea_ouensanensis,Spiraea,Rosaceae,-0.988592644,5.01173690909558,-2.772588722,AM,FRED4,
Malus_baccata,Malus,Rosaceae,-0.616464295,3.41290229404606,-1.169705332,AM,FRED4,"('Malus microcarpa baccata', 'Sinomalus baccata', 'Pyrus baccata')"
Cydonia_oblonga,Cydonia,Rosaceae,-0.918292735,2.2425130299389,-0.068751902,AM,FRED4,"('Pyrus cydonia', 'Pyrus oblonga', 'Cydonia vulgaris silvestris')"
Crataegus_pinnatifida,Crataegus,Rosaceae,-1.540145086,4.65663128,-1.305156754,AM,"(Brundrett and Tedersoo, 2018)","('Mespilus pinnatifida', 'Mespilus pentagyna var. pinnatifida', 'Crataegus oxyacantha var. pinnatifida')"
Crataegus_monogyna,Crataegus,Rosaceae,-0.841241239,2.31139379520943,-0.355619386,AM,FRED4,"('Oxyacantha apiifolia', 'Mespilus oxyacantha subsp. monogyna', 'Mespilus monogyna', 'Crataegus oxyacantha proles monogyna', 'Oxyacantha monogyna', 'Crataegus oxyacantha var. monogyna', 'Crataegus oxyacantha subsp. monogyna', 'Crataegus oxyacantha monogyna')"
Cotoneaster_multiflorus,Cotoneaster,Rosaceae,-1.471198868,4.98480350515749,-1.769250478,AM,FRED4,"('Pyrus multiflora',)"
Cotoneaster_adpressus,Cotoneaster,Rosaceae,-1.41202251,4.48380769424055,-1.432507206,AM,FRED4,"('Cotoneaster horizontalis var. adpressus', 'Pyrus adpressa')"
Cotoneaster_acutifolius,Cotoneaster,Rosaceae,-1.592580795,4.6317926425482,-1.203972804,AM,FRED4,"('Pyrus acutifolia', 'Cotoneaster niger var. acutifolius')"
Pyrus_bourgaeana,Pyrus,Rosaceae,-0.845948771,2.23004742585042,-0.253256856,AM,FRED4,"('Pyrus communis subsp. bourgaeana', 'Pyrus communis var. bourgaeana', 'Pyrus communis proles bourgaeana')"
Pyrus_betulifolia,Pyrus,Rosaceae,-0.479808431,2.31025452124866,-0.762654918,AM,FRED4,
Sorbus_discolor,Sorbus,Rosaceae,-1.590493496,4.7952884389838,-1.376942798,AM,"(Soudzilovskaia et al., 2020)","('Pyrus discolor',)"
Sorbus_aucuparia,Sorbus,Rosaceae,-0.885280752,3.46564709398759,-0.566242705,AM,FRED4,"('Pyrus aucuparia', 'Pyrenia aucuparia', 'Mespilus aucuparia', 'Crataegus aucuparia', 'Aucuparia silvestris')"
Eriobotrya_japonica,Eriobotrya,Rosaceae,-1.143065869,3.83189696094886,-0.94160854,AM,FRED4,"('Photinia japonica', 'Mespilus japonica')"
Rhaphiolepis_indica,Rhaphiolepis,Rosaceae,-1.932332741,4.46349140765615,-0.634878272,AM,FRED4,"('Mespilus indica', 'Pyrus rhaphiolepis', 'Crataegus indica')"
Amelanchier_alnifolia,Amelanchier,Rosaceae,-0.977988845,3.03858100086313,-0.685242001,AM,"(Brundrett and Tedersoo, 2018)","('Pyrus alnifolia', 'Amelanchier sanguinea var. alnifolia', 'Amelanchier canadensis var. alnifolia', 'Amelanchier diversifolia var. alnifolia', 'Aronia alnifolia')"
Spiraea_dahurica,Spiraea,Rosaceae,-2.101550825,5.67299847766333,-1.232991915,AM,FRED4,"('Spiraea media subsp. dahurica', 'Spiraea alpina var. dahurica')"
Prunus_opaca,Prunus,Rosaceae,-0.251671635,1.36095083742034,-0.615235569,AM,"(Soudzilovskaia et al., 2020)","('Cerasus opaca', 'Lauro-cerasus opaca')"
Prunus_herthae,Prunus,Rosaceae,-0.813057477,2.39499619179379,-0.527071049,AM,"(Soudzilovskaia et al., 2020)",
Prunus_armeniaca,Prunus,Rosaceae,-0.814185509,3.51886293604751,-1.64675162,AM,FRED4,"('Prunus armeniaca subsp. vulgaris', 'Amygdalus armeniaca', 'Armeniaca vulgaris')"
Prunus_sargentii,Prunus,Rosaceae,-0.89854016,3.91290370544801,-1.748221168,AM,FRED4,"('Cerasus sargentii',)"
Prunus_avium,Prunus,Rosaceae,-1.196707593,4.32732438023865,-1.208848443,AM,"(Brundrett and Tedersoo, 2018)","('Cerasus avium var. juliana', 'Druparia avium', 'Cerasus avium', 'Prunus cerasus subsp. avium', 'Prunus cerasus var. avium')"
Prunus_serotina,Prunus,Rosaceae,-0.465471977,3.19870495950323,-1.637656013,AM,FRED4,"('Padus serotina', 'Cerasus serotina')"
Prunus_padus,Prunus,Rosaceae,-1.916642651,5.506163328,-1.415281897,AM,"(Brundrett and Tedersoo, 2018)","('Druparia padus', 'Cerasus padus', 'Padus avium')"
Pseudolmedia_rigida,Pseudolmedia,Moraceae,-1.008543092,3.29603370903688,-0.816106085,AM,"(Brundrett and Tedersoo, 2018)","('Olmedia rigida',)"
Pseudolmedia_laevigata,Pseudolmedia,Moraceae,-1.156322619,3.34964642004617,-0.382121022,AM,FRED4,
Pseudolmedia_laevis,Pseudolmedia,Moraceae,-1.335727998,3.90391324066686,-0.813558204,AM,FRED4,"('Olmedia laevis',)"
Clarisia_biflora,Clarisia,Moraceae,-1.264253735,3.69227641,-0.645589679,AM,"(Brundrett and Tedersoo, 2018)",
Clarisia_racemosa,Clarisia,Moraceae,-0.711209323,2.53404877978797,-0.842504642,AM,"(Soudzilovskaia et al., 2020)",
Ficus_sodiroi,Ficus,Moraceae,-0.552516051,1.94919214384216,-0.601783648,AM,"(Brundrett and Tedersoo, 2018)",
Ficus_simplicissima,Ficus,Moraceae,-0.586157992,2.86950273472419,-0.921010299,AM,"(Brundrett and Tedersoo, 2018)",
Ficus_apollinaris,Ficus,Moraceae,-1.214359897,3.26903368949928,-0.631048961,AM,"(Brundrett and Tedersoo, 2018)",
Ficus_variolosa,Ficus,Moraceae,-2.018007835,4.96598654242737,-1.139434283,AM,FRED4,
Ficus_langkokensis,Ficus,Moraceae,-0.496424268,2.64228155884735,-1.017505728,AM,"(Soudzilovskaia et al., 2020)",
Ficus_carica,Ficus,Moraceae,-1.000012072,3.06235007118466,-0.586122206,AM,FRED4,
Ficus_fistulosa,Ficus,Moraceae,-0.540311651,2.46632071842871,-0.844282261,AM,"(Soudzilovskaia et al., 2020)",
Ficus_vasculosa,Ficus,Moraceae,-0.561144734,2.43955418228757,-0.920936513,AM,"(Brundrett and Tedersoo, 2018)",
Ficus_pertusa,Ficus,Moraceae,-0.630172381,2.13978274274817,-0.637624954,AM,"(Brundrett and Tedersoo, 2018)","('Urostigma pertusum',)"
Ficus_citrifolia,Ficus,Moraceae,-0.501700716,2.14214513446716,-0.898177469,AM,Maherali et. al. 2016,
Ficus_maclellandii,Ficus,Moraceae,-0.420477229,2.58135953130845,-1.102926362,AM,"(Brundrett and Tedersoo, 2018)",
Ficus_tonduzii,Ficus,Moraceae,-1.214303764,3.85833208513666,-0.829807147,AM,"(Brundrett and Tedersoo, 2018)",
Helicostylis_tovarensis,Helicostylis,Moraceae,-1.262602889,3.66576739,-0.898734039,AM,"(Brundrett and Tedersoo, 2018)","('Olmedia tovarensis',)"
Helicostylis_scabra,Helicostylis,Moraceae,-1.032824548,3.87265828190587,-1.456716825,AM,FRED4,"('Pseudolmedia scabra',)"
Helicostylis_tomentosa,Helicostylis,Moraceae,-1.672910335,4.76326389527582,-1.204605514,AM,"(Soudzilovskaia et al., 2020)","('Olmedia tomentosa',)"
Maquira_sclerophylla,Maquira,Moraceae,-0.569161201,2.29656702066848,-0.818710404,AM,FRED4,"('Olmedioperebea sclerophylla',)"
Maquira_coriacea,Maquira,Moraceae,-0.999672341,3.36280299367484,-1.032824548,AM,FRED4,"('Pseudolmedia coriacea',)"
Maquira_calophylla,Maquira,Moraceae,-0.066139803,1.14422279992016,-0.999672341,AM,FRED4,"('Perebea calophylla', 'Olmedioperebea calophylla', 'Olmedia calophylla')"
Naucleopsis_ternstroemiiflora,Naucleopsis,Moraceae,-0.71539279,2.61300665241532,-0.891598119,AM,FRED4,"('Ogcodeia ternstroemiiflora',)"
Naucleopsis_krukovii,Naucleopsis,Moraceae,-1.514127733,3.94603788401542,-0.820980552,AM,FRED4,"('Pseudolmedia krukovii',)"
Naucleopsis_insculptula,Naucleopsis,Moraceae,-0.597837001,1.948763218,-0.665532014,AM,FRED4,
Naucleopsis_imitans,Naucleopsis,Moraceae,-1.075872802,2.95125778345216,-0.809680997,AM,FRED4,"('Ogcodeia imitans',)"
Naucleopsis_francisci,Naucleopsis,Moraceae,-0.918023531,3.328173466,-1.140659005,AM,"(Brundrett and Tedersoo, 2018)",
Naucleopsis_caloneura,Naucleopsis,Moraceae,-1.049822124,3.55848599018034,-1.018877321,AM,FRED4,"('Ogcodeia caloneura', 'Olmedia caloneura')"
Antiaris_toxicaria,Antiaris,Moraceae,-0.352199261,2.17942403237902,-0.971207169,AM,"(Soudzilovskaia et al., 2020)","('Cestrum toxicarium', 'Mithridatea toxicaria', 'Ipo toxicaria')"
Brosimum_utile,Brosimum,Moraceae,-0.291690094,2.21156569460688,-1.075872802,AM,FRED4,"('Piratinera utilis', 'Galactodendrum utile')"
Brosimum_rubescens,Brosimum,Moraceae,-0.298406036,2.11384296839717,-1.108662625,AM,FRED4,"('Piratinera rubescens',)"
Brosimum_lactescens,Brosimum,Moraceae,-0.438504962,2.29455292129678,-1.072944542,AM,FRED4,"('Brosimopsis lactescens',)"
Trymatococcus_amazonicus,Trymatococcus,Moraceae,-0.543004522,2.00955541421567,-0.632993258,AM,FRED4,"('Brosimum amazonicum',)"
Artocarpus_lakoocha,Artocarpus,Moraceae,-0.244537444,1.9822398245462,-1.176140702,AM,"(Brundrett and Tedersoo, 2018)",
Artocarpus_styracifolius,Artocarpus,Moraceae,-1.262449734,3.54211807271853,-0.527632742,AM,FRED4,
Morus_insignis,Morus,Moraceae,-1.024231735,3.49837806677142,-0.892672889,AM,"(Brundrett and Tedersoo, 2018)","('Paratrophis insignis',)"
Sorocea_pubivena,Sorocea,Moraceae,-1.290984181,3.07269331469012,-0.302457358,AM,FRED4,
Sorocea_guilleminiana,Sorocea,Moraceae,-0.93140437,3.41608599415591,-0.88673193,AM,FRED4,
Sorocea_muriculata,Sorocea,Moraceae,-0.441610555,2.14476100780048,-0.757152511,AM,FRED4,
Myriocarpa_stipitata,Myriocarpa,Urticaceae,-0.875148789,3.18395780407312,-1.078798781,NMAM,"(Soudzilovskaia et al., 2020)",
Oreocnide_frutescens,Oreocnide,Urticaceae,-1.430455257,4.54415551173609,-1.467787394,NMAM,"(Soudzilovskaia et al., 2020)","('Villebrunea frutescens', 'Boehmeria frutescens', 'Urtica frutescens')"
Pourouma_cecropiifolia,Pourouma,Urticaceae,-1.012356395,3.54052382458351,-1.273995188,AM,"(Soudzilovskaia et al., 2020)",
Cecropia_angustifolia,Cecropia,Urticaceae,-0.623499589,3.15724814354949,-1.407283935,AM,"(Soudzilovskaia et al., 2020)",
Celtis_timorensis,Celtis,Cannabaceae,-0.840565021,3.06318398842226,-0.925532046,AM,"(Brundrett and Tedersoo, 2018)",
Celtis_australis,Celtis,Cannabaceae,-1.267001355,3.11542901512878,-0.265941161,AM,FRED4,
Celtis_tetrandra,Celtis,Cannabaceae,-0.607795514,2.82015269868334,-0.957766138,AM,FRED4,"('Celtis sinensis var. tetrandra',)"
Celtis_sinensis,Celtis,Cannabaceae,-1.963046135,4.72738781871234,-0.478035801,AM,FRED4,"('Celtis tetrandra subsp. sinensis',)"
Gironniera_subaequalis,Gironniera,Cannabaceae,-0.551259136,3.01470277594874,-1.043636553,AM,"(Brundrett and Tedersoo, 2018)","('Gironniera nervosa var. subaequalis',)"
Ulmus_minor,Ulmus,Ulmaceae,-1.055983927,2.99246564141613,-0.548690149,AM,FRED4,"('Ulmus vulgaris proles minor', 'Ulmus campestris minor', 'Ulmus campestris var. minor', 'Ulmus glabra f. minor')"
Ulmus_macrocarpa,Ulmus,Ulmaceae,-1.018596517,3.68339226775495,-0.996293412,AM,FRED4,
Ulmus_pumila,Ulmus,Ulmaceae,-1.532939941,4.89480170827717,-1.582038936,AM,FRED4,
Ulmus_davidiana,Ulmus,Ulmaceae,-1.128928541,4.32605764121577,-1.166692452,AM,"(Brundrett and Tedersoo, 2018)",
Ulmus_rubra,Ulmus,Ulmaceae,-0.994252273,4.37071287477361,-2.103734234,AM,FRED4,"('Ulmus americana var. rubra',)"
Ulmus_americana,Ulmus,Ulmaceae,-1.024096787,3.91763317934736,-0.893695283,AM,FRED4,
Rhamnus_davurica,Rhamnus,Rhamnaceae,-1.712024501,5.197094896,-1.498016397,AM,"(Soudzilovskaia et al., 2020)","('Rhamnus cathartica var. davurica',)"
Rhamnus_lycioides,Rhamnus,Rhamnaceae,-1.142799314,3.22242990962009,-0.555635307,AM,FRED4,"('Rhamnus oleoides var. lycioides', 'Rhamnus oleoides subsp. lycioides')"
Rhamnus_alaternus,Rhamnus,Rhamnaceae,-1.019916642,2.78214481945248,-0.433604561,AM,"(Soudzilovskaia et al., 2020)",
Elaeagnus_commutata,Elaeagnus,Elaeagnaceae,-0.920298753,2.91745669250874,-0.839917753,AM,Maherali et. al. 2016,
Coriaria_arborea,Coriaria,Coriariaceae,-1.171182982,3.31054301339403,-0.776528789,AM,FRED4,
Coriaria_nepalensis,Coriaria,Coriariaceae,-0.820980552,3.44380222404426,-1.565248099,AM,Maherali et. al. 2016,
Corynocarpus_laevigatus,Corynocarpus,Corynocarpaceae,-0.531028331,3.16966489701815,-1.815821264,AM,FRED4,
Carpinus_caroliniana,Carpinus,Betulaceae,-0.460637627,3.03935999515228,-1.557510856,EcM,"(Soudzilovskaia et al., 2020)",
Carpinus_betulus,Carpinus,Betulaceae,-0.796931415,3.24011212553204,-0.628950132,EcM,FRED4,
Carpinus_cordata,Carpinus,Betulaceae,-1.464324644,3.636036208,0.103569426314516,EcM,FRED4,"('Distegocarpus cordatus',)"
Corylus_ferox,Corylus,Betulaceae,-1.373575589,4.22385069265036,-1.233206831,EcM,FRED4,
Corylus_sieboldiana,Corylus,Betulaceae,-1.576809392,4.88916930920065,-1.452269889,EcM,FRED4,"('Corylus heterophylla var. sieboldiana', 'Corylus rostrata var. sieboldiana')"
Betula_pendula,Betula,Betulaceae,-1.121564363,4.21172786209571,-1.297793126,EcM,FRED4,"('Betula alba lusus pendula', 'Betula alba var. pendula', 'Betula alba var. pendula')"
Betula_dahurica,Betula,Betulaceae,-0.733644813,3.17647868541659,-0.703142721,EcM,FRED4,
Betula_costata,Betula,Betulaceae,-1.113421405,4.71325957907072,-1.904524625,EcM,FRED4,"('Betula ermanii f. costata', 'Betula ermanii var. costata', 'Betula ulmifolia var. costata')"
Betula_fruticosa,Betula,Betulaceae,-1.271894821,3.886997999,-1.07560706,EcM,FRED4,
Betula_utilis,Betula,Betulaceae,-0.860807038,3.46730489767078,-0.452768148,EcM,FRED4,
Betula_lenta,Betula,Betulaceae,-1.30933332,4.69774936728118,-1.692819521,EcM,FRED4,
Alnus_glutinosa,Alnus,Betulaceae,-0.952630599,3.28574696221502,-0.900725979,EcM,FRED4,"('Betula alnus var. glutinosa', 'Betula glutinosa', 'Betula alnus subsp. glutinosa')"
Myrica_pubescens,Myrica,Myricaceae,-0.877951818,3.44507119358018,-1.152842779,NMAM,"(Soudzilovskaia et al., 2020)","('Morella pubescens',)"
Engelhardia_spicata,Engelhardia,Juglandaceae,-0.436246532,2.5782448738377,-1.149908379,EcM,"(Brundrett and Tedersoo, 2018)","('Engelhardia pterococca var. spicata',)"
Engelhardia_roxburghiana,Engelhardia,Juglandaceae,-0.55295055,3.73514960884813,-1.163950355,EcM,FRED4,"('Alfaropsis roxburghiana', 'Alfaroa roxburghiana')"
Engelhardia_serrata,Engelhardia,Juglandaceae,-0.773128778,3.15688390542625,-1.254427787,EcM,"(Brundrett and Tedersoo, 2018)",
Juglans_nigra,Juglans,Juglandaceae,-0.944606856,3.16862518033759,-0.607810817,AM,FRED4,"('Wallia nigra',)"
Juglans_mandshurica,Juglans,Juglandaceae,-1.109307392,4.50992810566187,-1.481103092,AM,FRED4,
Carya_glabra,Carya,Juglandaceae,-1.62455155,4.04845767944962,-0.283822862,EcM,FRED4,"('Juglans glabra', 'Hicorius glabra', 'Scoria glabra')"
Carya_cordiformis,Carya,Juglandaceae,-0.494225049,3.12192200397623,-1.475646911,EcM,"(Soudzilovskaia et al., 2020)","('Juglans cordiformis', 'Hicorius cordiformis')"
Carya_ovata,Carya,Juglandaceae,-0.541975826,3.0678605154382,-1.455532339,EcM,FRED4,"('Juglans alba var. ovata', 'Juglans alba ovata', 'Carya alba subsp. ovata', 'Juglans ovata', 'Hicorius ovata', 'Scoria ovata')"
Quercus_serrata,Quercus,Fagaceae,-1.577000974,4.63755992878974,-0.977055051,EcM,"(Brundrett and Tedersoo, 2018)",
Quercus_robur,Quercus,Fagaceae,-0.602940913,3.8028966673758,-0.631337434,EcM,"(Brundrett and Tedersoo, 2018)",
Quercus_mongolica,Quercus,Fagaceae,-1.49923912,4.88197321187624,-1.467997063,EcM,"(Brundrett and Tedersoo, 2018)","('Quercus sessiliflora var. mongolica',)"
Quercus_lowii,Quercus,Fagaceae,-1.002393431,3.43314814289398,-1.043414128,EcM,"(Brundrett and Tedersoo, 2018)","('Cyclobalanopsis lowii',)"
Quercus_ilex,Quercus,Fagaceae,-0.597405276,1.99565570322495,-0.359448385,EcM,"(Brundrett and Tedersoo, 2018)",
Quercus_aliena,Quercus,Fagaceae,-0.932022932,3.89063077709461,-0.622137105,EcM,"(Brundrett and Tedersoo, 2018)",
Quercus_alba,Quercus,Fagaceae,-1.303927085,3.812082523,-0.319295635,EcM,"(Brundrett and Tedersoo, 2018)",
Quercus_bicolor,Quercus,Fagaceae,-0.612774457,3.45302008298155,-1.743997604,EcM,"(Brundrett and Tedersoo, 2018)","('Quercus discolor var. bicolor', 'Quercus prinus var. bicolor')"
Quercus_canariensis,Quercus,Fagaceae,-0.882493352,2.55265190120949,-0.481444849,EcM,"(Brundrett and Tedersoo, 2018)",
Quercus_faginea,Quercus,Fagaceae,-0.67742148,2.10511468461268,-0.454729718,EcM,"(Brundrett and Tedersoo, 2018)","('Quercus lusitanica subsp. faginea',)"
Quercus_wutaishanica,Quercus,Fagaceae,-1.361801943,3.82338584162019,-0.404164814,EcM,"(Brundrett and Tedersoo, 2018)",
Quercus_suber,Quercus,Fagaceae,-1.063269276,2.94512711234849,-0.402418426,EcM,"(Brundrett and Tedersoo, 2018)","('Quercus suberosa',)"
Quercus_variabilis,Quercus,Fagaceae,-0.615529582,3.40465999060656,-0.754009049,EcM,"(Brundrett and Tedersoo, 2018)","('Pasania variabilis',)"
Quercus_asymmetrica,Quercus,Fagaceae,-1.058315232,3.81065451103986,-1.560647748,EcM,"(Brundrett and Tedersoo, 2018)",
Quercus_glauca,Quercus,Fagaceae,-1.514127733,4.17914516391457,-0.798507696,EcM,"(Brundrett and Tedersoo, 2018)","('Perytis glauca', 'Cyclobalanopsis glauca')"
Quercus_oxyodon,Quercus,Fagaceae,-1.708015926,5.15833414959346,-1.23485028,EcM,"(Brundrett and Tedersoo, 2018)","('Cyclobalanopsis oxyodon', 'Cyclobalanopsis lineata var. oxyodon', 'Quercus lineata var. oxyodon')"
Quercus_multinervis,Quercus,Fagaceae,-1.462851484,4.34556314783617,-1.193610017,EcM,"(Brundrett and Tedersoo, 2018)",
Quercus_coccifera,Quercus,Fagaceae,-0.748774415,2.29885417115269,-0.33959644,EcM,"(Brundrett and Tedersoo, 2018)",
Quercus_palustris,Quercus,Fagaceae,-0.686469526,3.62987745451656,-1.901298185,EcM,"(Brundrett and Tedersoo, 2018)","('Quercus rubra var. palustris',)"
Quercus_rubra,Quercus,Fagaceae,-0.783445236,3.37364448931136,-0.924905266,EcM,"(Brundrett and Tedersoo, 2018)","('Erythrobalanus rubra',)"
Castanopsis_fabri,Castanopsis,Fagaceae,-0.672001798,3.75119796521223,-0.161027048,EcM,FRED4,
Castanopsis_carlesii,Castanopsis,Fagaceae,-0.695953905,3.50604224945047,-0.552208254,EcM,FRED4,"('Shiia carlesii', 'Synaedrys carlesii', 'Quercus carlesii', 'Castanopsis cuspidata var. carlesii')"
Castanopsis_ferox,Castanopsis,Fagaceae,-0.389911692,2.24355210747727,-0.913806612,EcM,"(Brundrett and Tedersoo, 2018)","('Quercus ferox', 'Castanopsis tribuloides var. ferox')"
Castanopsis_boisii,Castanopsis,Fagaceae,-0.430782916,2.11107748093032,-0.81354014,EcM,"(Brundrett and Tedersoo, 2018)",
Castanopsis_indica,Castanopsis,Fagaceae,-0.349048257,1.88376525341826,-0.662105639,EcM,"(Soudzilovskaia et al., 2020)","('Quercus indica', 'Castanea indica')"
Castanopsis_fargesii,Castanopsis,Fagaceae,-1.596028226,4.74305492665254,-1.330724511,EcM,FRED4,
Castanopsis_echinocarpa,Castanopsis,Fagaceae,-0.578391484,2.905103102,-0.834163406,EcM,FRED4,"('Castanopsis tribuloides var. echinocarpa',)"
Castanopsis_fissa,Castanopsis,Fagaceae,-1.583100312,4.5373281962683,-0.885985382,EcM,FRED4,"('Lithocarpus fissus', 'Pasania fissa', 'Quercus fissa', 'Shiia fissa', 'Synaedrys fissa')"
Castanopsis_calathiformis,Castanopsis,Fagaceae,-0.418955699,1.90158200430452,-0.771293561,EcM,"(Soudzilovskaia et al., 2020)","('Lithocarpus calathiformis', 'Pasania calathiformis', 'Quercus calathiformis', 'Synaedrys calathiformis')"
Castanopsis_wattii,Castanopsis,Fagaceae,-1.825047416,4.525260803,-0.673344553,EcM,FRED4,"('Castanea wattii', 'Castanopsis tribuloides var. wattii')"
Castanopsis_eyrei,Castanopsis,Fagaceae,-1.636637834,4.62790728879052,-1.073919675,EcM,FRED4,"('Lithocarpus eyrei', 'Pasania eyrei', 'Quercus eyrei')"
Castanopsis_hystrix,Castanopsis,Fagaceae,-0.635589217,2.827362846,-0.741738479,EcM,FRED4,
Castanopsis_fleuryi,Castanopsis,Fagaceae,-0.72505073,2.64763601179608,-0.875195095,EcM,"(Brundrett and Tedersoo, 2018)",
Castanea_henryi,Castanea,Fagaceae,-1.783612744,3.71259598073125,-0.713349888,EcM,FRED4,"('Castanopsis henryi',)"
Lithocarpus_rigidus,Lithocarpus,Fagaceae,-0.581158679,2.732385026117,-1.027920861,EcM,FRED4,
Lithocarpus_lampadarius,Lithocarpus,Fagaceae,-0.686668214,2.98597861086037,-1.113599031,EcM,FRED4,"('Pasania lampadaria', 'Quercus lampadaria', 'Synaedrys lampadaria')"
Lithocarpus_confertus,Lithocarpus,Fagaceae,-0.665532014,3.019507392,-1.052683357,EcM,FRED4,
Lithocarpus_clementianus,Lithocarpus,Fagaceae,-0.848048142,3.38516962058496,-1.231001477,EcM,FRED4,"('Pasania clementiana', 'Quercus clementiana', 'Synaedrys clementiana')"
Lithocarpus_chiungchungensis,Lithocarpus,Fagaceae,-1.516220831,4.32691025211521,-0.84397007,EcM,FRED4,
Lithocarpus_elegans,Lithocarpus,Fagaceae,-0.455496042,2.11492991755047,-0.626774909,EcM,"(Brundrett and Tedersoo, 2018)","('Quercus elegans', 'Lithocarpus spicatus var. elegans')"
Lithocarpus_fohaiensis,Lithocarpus,Fagaceae,-0.166330104,1.26166287287913,-0.503028348,EcM,"(Brundrett and Tedersoo, 2018)","('Pasania fohaiensis',)"
Lithocarpus_fenestratus,Lithocarpus,Fagaceae,-0.247024686,1.823061011,-0.779269768,EcM,FRED4,"('Pasania fenestrata', 'Synaedrys fenestrata', 'Quercus fenestrata')"
Lithocarpus_cleistocarpus,Lithocarpus,Fagaceae,-1.294171072,4.23122734829446,-1.411612169,EcM,FRED4,"('Synaedrys cleistocarpa', 'Quercus cleistocarpa', 'Pasania cleistocarpa')"
Lithocarpus_variolosus,Lithocarpus,Fagaceae,-0.419259819,2.17277139323473,-0.95872056,EcM,"(Brundrett and Tedersoo, 2018)","('Quercus variolosa', 'Synaedrys variolosa', 'Pasania variolosa')"
Lithocarpus_bacgiangensis,Lithocarpus,Fagaceae,-0.372094808,1.85712965917281,-0.737629206,EcM,"(Brundrett and Tedersoo, 2018)","('Pasania bacgiangensis',)"
Fagus_sylvatica,Fagus,Fagaceae,-0.919216279,3.23261235718156,-0.603584982,EcM,FRED4,
Fagus_grandifolia,Fagus,Fagaceae,-0.504614186,2.91951637873624,-1.264965642,EcM,FRED4,
Fagus_engleriana,Fagus,Fagaceae,-1.691868886,4.5383184974605,-0.876681594,EcM,FRED4,
Nothofagus_solandri,Nothofagus,Nothofagaceae,-1.440750547,4.60156986409406,-1.373504179,EcM,"(Soudzilovskaia et al., 2020)","('Fagus solandri', 'Fuscospora solandri')"
Nothofagus_menziesii,Nothofagus,Nothofagaceae,-1.183952336,3.79039153857578,-1.081461475,EcM,"(Soudzilovskaia et al., 2020)","('Fagus menziesii', 'Lophozonia menziesii')"
Nothofagus_fusca,Nothofagus,Nothofagaceae,-1.182170544,4.03580637941653,-1.30882409,EcM,"(Soudzilovskaia et al., 2020)","('Fagus fusca', 'Fuscospora fusca')"
Nothofagus_obliqua,Nothofagus,Nothofagaceae,-1.021651248,3.56671182013973,-1.171182982,EcM,FRED4,"('Fagus obliqua', 'Lophozonia obliqua')"
Cratoxylum_cochinchinense,Cratoxylum,Hypericaceae,-2.112626109,3.48216274,-0.891598119,AM,FRED4,"('Vismia cochinchinensis', 'Hypericum cochinchinense')"
Clusia_ducuoides,Clusia,Clusiaceae,-0.353234122,2.21317719675386,-0.974967943,AM,"(Brundrett and Tedersoo, 2018)",
Clusia_alata,Clusia,Clusiaceae,-0.205324098,1.92433328752459,-0.951908677,AM,"(Brundrett and Tedersoo, 2018)",
Clusia_elliptica,Clusia,Clusiaceae,-0.197995338,2.04739673670205,-1.327446307,AM,"(Brundrett and Tedersoo, 2018)",
Garcinia_cowa,Garcinia,Clusiaceae,-0.509072301,3.00598707378804,-0.997451832,AM,FRED4,"('Stalagmitis cowa',)"
Garcinia_oblongifolia,Garcinia,Clusiaceae,-1.659731706,4.50942991370726,-1.272965676,AM,FRED4,
Garcinia_xanthochymus,Garcinia,Clusiaceae,-0.281125834,1.72910204420817,-0.81458962,AM,Maherali et. al. 2016,"('Stalagmitis pictoria', 'Xanthochymus pictorius')"
Salix_atrocinerea,Salix,Salicaceae,-0.968044659,3.16392959082381,-0.44247907,EcMAM,"(Brundrett and Tedersoo, 2018)","('Salix cinerea proles atrocinerea', 'Salix cinerea var. atrocinerea', 'Salix cinerea subsp. atrocinerea')"
Salix_abscondita,Salix,Salicaceae,-2.112791521,5.80226126637612,-1.348073147,EcMAM,"(Soudzilovskaia et al., 2020)",
Salix_viminalis,Salix,Salicaceae,-1.960888435,5.76424085896967,-1.490853531,EcMAM,FRED4,"('Diplima viminalis',)"
Salix_caprea,Salix,Salicaceae,-1.391299976,4.32668671874623,-0.641047097,EcMAM,FRED4,"('Nectopix caprea', 'Capraea vulgaris')"
Populus_grandidentata,Populus,Salicaceae,-0.646301763,3.78983781541283,-1.970859764,EcMAM,FRED4,"('Populus tremula subsp. grandidentata',)"
Populus_alba,Populus,Salicaceae,-0.636294369,2.22830217309171,-0.559760844,EcMAM,"(Brundrett and Tedersoo, 2018)","('Leuce alba',)"
Populus_tremula,Populus,Salicaceae,-0.833995013,4.89345774960219,-1.647950603,EcMAM,"(Brundrett and Tedersoo, 2018)","('Tremula vulgaris',)"
Populus_tremuloides,Populus,Salicaceae,-1.529395205,3.8699734058572,-0.387297804,EcMAM,"(Brundrett and Tedersoo, 2018)","('Populus tremula subsp. tremuloides',)"
Populus_cathayana,Populus,Salicaceae,-1.416679894,4.72957012330122,-0.908675375,EcMAM,FRED4,
Populus_suaveolens,Populus,Salicaceae,-1.537349836,5.25149457333461,-1.435349813,EcMAM,FRED4,"('Populus balsamifera var. suaveolens',)"
Populus_trichocarpa,Populus,Salicaceae,-0.995284319,4.85717285269711,-1.569204711,EcMAM,"(Brundrett and Tedersoo, 2018)",
Populus_deltoides,Populus,Salicaceae,-0.832184434,4.05722512720013,-2.177054371,EcMAM,"(Brundrett and Tedersoo, 2018)",
Dovyalis_abyssinica,Dovyalis,Salicaceae,-0.478035801,2.37583555473364,-1.108662625,AM,"(Brundrett and Tedersoo, 2018)","('Rumea abyssinica',)"
Viola_adunca,Viola,Violaceae,-1.422336132,4.42148690566935,-1.029031355,AM,FRED4,"('Viola canina var. adunca',)"
Melicytus_ramiflorus,Melicytus,Violaceae,-0.746776535,4.03830937974802,-2.117560514,AM,FRED4,
Leonia_glycycarpa,Leonia,Violaceae,-0.494296322,2.31119658245437,-1.081184081,AM,"(Brundrett and Tedersoo, 2018)","('Theophrasta glycycarpa',)"
Glochidion_lanceolarium,Glochidion,Phyllanthaceae,-0.513477284,2.44272870032297,-1.024153695,AM,"(Soudzilovskaia et al., 2020)","('Phyllanthus lanceolarius',)"
Glochidion_eriocarpum,Glochidion,Phyllanthaceae,-0.466091292,2.64273547870948,-1.397189381,AM,"(Soudzilovskaia et al., 2020)","('Phyllanthus eriocarpus',)"
Antidesma_maclurei,Antidesma,Phyllanthaceae,-0.909985651,2.99523214851231,-1.237874356,AM,FRED4,
Hieronyma_macrocarpa,Hieronyma,Phyllanthaceae,-0.616186139,2.64056429357449,-1.167223261,AM,"(Soudzilovskaia et al., 2020)",
Hieronyma_fendleri,Hieronyma,Phyllanthaceae,-0.121517836,1.68716595666295,-1.183511915,AM,"(Soudzilovskaia et al., 2020)","('Hieronyma moritziana var. fendleri',)"
Hieronyma_asperifolia,Hieronyma,Phyllanthaceae,-0.259677876,1.98344378006406,-1.110186812,AM,"(Soudzilovskaia et al., 2020)",
Hieronyma_oblonga,Hieronyma,Phyllanthaceae,-0.289684075,2.12585662525558,-1.295228121,AM,"(Soudzilovskaia et al., 2020)","('Stilaginella oblonga',)"
Aporosa_subcaudata,Aporosa,Phyllanthaceae,-0.699567748,2.42200893113083,-0.78074524,AM,"(Soudzilovskaia et al., 2020)",
Aporosa_octandra,Aporosa,Phyllanthaceae,-1.00342939,3.3724549127965,-1.078809661,AM,FRED4,"('Myrica octandra',)"
Aporosa_yunnanensis,Aporosa,Phyllanthaceae,-0.606901597,3.05509265520019,-1.024871671,AM,FRED4,"('Aporosa wallichii f. yunnanensis',)"
Baccaurea_ramiflora,Baccaurea,Phyllanthaceae,-0.256057803,2.1893673723449,-1.240410769,AM,"(Soudzilovskaia et al., 2020)",
Carallia_brachiata,Carallia,Rhizophoraceae,-1.540565048,4.6935472966055,-1.560647748,AM,FRED4,"('Karekandelia brachiata', 'Petalotoma brachiata', 'Diatoma brachiata')"
Galearia_maingayi,Galearia,Pandaceae,-0.601115095,1.72910678371749,-0.281292275,AM,"(Brundrett and Tedersoo, 2018)",
Leptobalanus_sprucei,Leptobalanus,Chrysobalanaceae,-1.013352445,3.14328983791161,-0.717439873,AM,FRED4,"('Moquilea sprucei', 'Licania sprucei')"
Leptobalanus_octandrus,Leptobalanus,Chrysobalanaceae,-0.967584026,3.07869379426834,-0.569161201,AM,FRED4,"('Licania octandra', 'Hirtella octandra')"
Leptobalanus_longistylus,Leptobalanus,Chrysobalanaceae,-0.884307686,3.12500460925813,-0.928869514,AM,FRED4,"('Licania longistyla', 'Moquilea longistyla')"
Leptobalanus_granvillei,Leptobalanus,Chrysobalanaceae,-0.504181081,2.59001713419062,-1.452434164,AM,FRED4,"('Licania granvillei',)"
Leptobalanus_latus,Leptobalanus,Chrysobalanaceae,-0.809680997,2.39333945626251,-0.471604911,AM,FRED4,"('Licania lata',)"
Hymenopus_sothersiae,Hymenopus,Chrysobalanaceae,-0.862749965,2.6440448711263,-0.614336,AM,FRED4,"('Licania sothersiae',)"
Hymenopus_reticulatus,Hymenopus,Chrysobalanaceae,-0.677273831,2.7033726115511,-0.644357016,AM,FRED4,"('Licania reticulata',)"
Hymenopus_macrophyllus,Hymenopus,Chrysobalanaceae,-0.830113036,2.82553689655788,-0.744440475,AM,FRED4,"('Licania macrophylla',)"
Hymenopus_adolphoduckei,Hymenopus,Chrysobalanaceae,-0.763569645,2.84199817361195,-0.839329691,AM,FRED4,"('Licania adolphoduckei',)"
Hymenopus_caudatus,Hymenopus,Chrysobalanaceae,-0.798507696,2.78809290877575,-0.858021824,AM,FRED4,"('Licania caudata',)"
Licania_rodriguesii,Licania,Chrysobalanaceae,-1.148853505,2.46129678414887,-0.335472736,AM,FRED4,
Licania_parviflora,Licania,Chrysobalanaceae,-0.713349888,2.12465388450138,-0.463624022,AM,FRED4,
Licania_niloi,Licania,Chrysobalanaceae,-0.644357016,2.05284085988266,-0.646263595,AM,FRED4,
Licania_harlingii,Licania,Chrysobalanaceae,-1.404322564,3.99227146664066,-0.909762313,AM,"(Brundrett and Tedersoo, 2018)",
Licania_gracilipes,Licania,Chrysobalanaceae,-0.675307262,2.383242996,-0.412489723,AM,FRED4,
Licania_bracteata,Licania,Chrysobalanaceae,-0.889162064,2.72129542785223,-0.601479992,AM,FRED4,
Licania_irwinii,Licania,Chrysobalanaceae,-0.472085795,1.85748004088263,-0.280409387,AM,"(Brundrett and Tedersoo, 2018)",
Licania_micrantha,Licania,Chrysobalanaceae,-0.40620288,2.089951034,-0.187361893,AM,FRED4,
Licania_ovalifolia,Licania,Chrysobalanaceae,-0.886610578,2.51582179168243,-0.390500268,AM,"(Brundrett and Tedersoo, 2018)",
Licania_hypoleuca,Licania,Chrysobalanaceae,-1.061316504,3.17722014959937,-0.776528789,AM,FRED4,
Couepia_magnoliifolia,Couepia,Chrysobalanaceae,-1.328025453,3.14673514709052,-0.393042588,AM,FRED4,
Sapium_stylare,Sapium,Euphorbiaceae,-0.018469516,2.20355703295018,-1.925290864,AM,"(Brundrett and Tedersoo, 2018)","('Excoecaria stylaris',)"
Croton_kongensis,Croton,Euphorbiaceae,-0.335746278,2.13868809237268,-0.923503628,AM,Maherali et. al. 2016,
Endospermum_chinense,Endospermum,Euphorbiaceae,-0.429353698,3.22368474911469,-1.488745464,AM,FRED4,
Macaranga_sampsonii,Macaranga,Euphorbiaceae,-1.054157928,4.23289064694956,-1.490963999,AM,FRED4,
Mallotus_paniculatus,Mallotus,Euphorbiaceae,-1.444771291,4.57595902781934,-1.408767219,AM,FRED4,"('Croton paniculatus', 'Rottlera paniculata')"
Cleidion_brevipetiolatum,Cleidion,Euphorbiaceae,-0.202524264,2.07081186884967,-1.386600271,AM,"(Soudzilovskaia et al., 2020)",
Blumeodendron_tokbrai,Blumeodendron,Euphorbiaceae,-0.790760009,3.211077203,-1.387811455,AM,"(Brundrett and Tedersoo, 2018)","('Mallotus tokbrai', 'Elateriospermum tokbrai', 'Blumeodendron elateriospermum', 'Rottlera tokbrai')"
Alchornea_tiliifolia,Alchornea,Euphorbiaceae,-0.677363313,3.92096721974151,-1.08172265,AM,FRED4,"('Stipellaria tiliifolia',)"
Alchornea_trewioides,Alchornea,Euphorbiaceae,-1.369240607,4.5277725277766,-1.518466134,AM,FRED4,"('Stipellaria trewioides',)"
Linum_lewisii,Linum,Linaceae,-1.314531995,4.09392364031357,-1.252762967,AM,FRED4,"('Adenolinum lewisii', 'Linum perenne subsp. lewisii', 'Linum perenne var. lewisii', 'Linum sibiricum var. lewisii')"
Roucheria_columbiana,Roucheria,Linaceae,-1.336932932,3.65888756242019,-0.804995481,AM,"(Brundrett and Tedersoo, 2018)",
Elaeocarpus_dentatus,Elaeocarpus,Elaeocarpaceae,-0.521116489,3.33676276181872,-1.988006555,AM,FRED4,"('Monocera dentata', 'Skidanthera dentata', 'Cassine dentata', 'Eriostemon dentatus', 'Dicera dentata')"
Elaeocarpus_hookerianus,Elaeocarpus,Elaeocarpaceae,-0.858179069,3.50929225186295,-1.550621246,AM,FRED4,"('Cassine hookeriana',)"
Elaeocarpus_dubius,Elaeocarpus,Elaeocarpaceae,-1.210863155,4.06716531163141,-1.14540445,AM,FRED4,
Elaeocarpus_sylvestris,Elaeocarpus,Elaeocarpaceae,-1.32083666,3.91402079092513,-0.79237258,AM,FRED4,"('Adenodus sylvestris',)"
Elaeocarpus_glabripetalus,Elaeocarpus,Elaeocarpaceae,-1.03095364,3.98465369646305,-1.484274769,AM,FRED4,
Sloanea_rufa,Sloanea,Elaeocarpaceae,-0.965480976,2.98072438294439,-0.807557532,AM,"(Brundrett and Tedersoo, 2018)",
Sloanea_grandiflora,Sloanea,Elaeocarpaceae,-0.846531487,3.00995306507539,-1.075121275,AM,"(Brundrett and Tedersoo, 2018)",
Aristotelia_serrata,Aristotelia,Elaeocarpaceae,-1.020540753,4.31711414640265,-1.764316057,AM,FRED4,"('Dicera serrata',)"
Pterophylla_faxinea,Pterophylla,Cunoniaceae,-1.458865054,4.36948899086133,-1.09886232,AM,FRED4,
Pterophylla_racemosa,Pterophylla,Cunoniaceae,-1.021651248,3.975365633,-1.471767626,AM,FRED4,"('Weinmannia racemosa', 'Windmannia racemosa', 'Leiospermum racemosum')"
Ackama_rosifolia,Ackama,Cunoniaceae,-1.019879314,3.95102436832769,-1.611310535,AM,FRED4,"('Caldcluvia rosifolia',)"
Weinmannia_microphylla,Weinmannia,Cunoniaceae,-0.964331935,3.13325473183816,-0.719425103,AM,"(Brundrett and Tedersoo, 2018)",
Weinmannia_magnifolia,Weinmannia,Cunoniaceae,-0.667869373,2.1441633393025,-0.570544859,AM,"(Brundrett and Tedersoo, 2018)",
Weinmannia_fagaroides,Weinmannia,Cunoniaceae,-0.874669057,2.2207607547923,-0.228955108,AM,"(Brundrett and Tedersoo, 2018)","('Windmannia fagaroides', 'Weinmannia microphylla var. fagaroides')"
Weinmannia_elliptica,Weinmannia,Cunoniaceae,-0.893425702,3.15632156488267,-1.111444056,AM,"(Brundrett and Tedersoo, 2018)","('Windmannia elliptica',)"
Weinmannia_silvicola,Weinmannia,Cunoniaceae,-0.959407023,3.78584020338779,-1.483365997,AM,FRED4,
Weinmannia_ovata,Weinmannia,Cunoniaceae,-1.087079053,2.69467917941812,-0.279713903,AM,"(Brundrett and Tedersoo, 2018)","('Windmannia ovata',)"
Prionostemma_aspera,Prionostemma,Celastraceae,-0.365641729,2.52342232848532,-1.496991192,AM,FRED4,"('Hippocratea aspera',)"
Gymnosporia_arbutifolia,Gymnosporia,Celastraceae,-0.653926467,2.76506045581899,-1.108662625,AM,"(Brundrett and Tedersoo, 2018)","('Celastrus arbutifolius', 'Maytenus arbutifolia')"
Euonymus_alatus,Euonymus,Celastraceae,-1.468897275,4.05544848250968,-0.001561114,AM,FRED4,"('Melanocarya alata', 'Euonymus striatus var. alatus', 'Euonymus striatus subsp. alatus', 'Celastrus alatus')"
Euonymus_verrucosus,Euonymus,Celastraceae,-1.472724089,5.09990671115916,-1.903309064,AM,FRED4,
Maytenus_schippii,Maytenus,Celastraceae,-0.295360043,1.91937822604585,-1.066571115,AM,FRED4,"('Monteverdia schippii',)"
Microtropis_discolor,Microtropis,Celastraceae,-0.778944749,4.37688845681776,-1.108662625,AM,FRED4,"('Cassine discolor',)"
Erysimum_inconspicuum,Erysimum,Brassicaceae,-2.104554242,5.88545849424695,-1.24233367,NM,"(Soudzilovskaia et al., 2020)","('Erysimum asperum var. inconspicuum',)"
Draba_nemorosa,Draba,Brassicaceae,-2.007306944,5.60418368389196,-0.693147181,NM,Maherali et. al. 2016,"('Tomostima nemorosum',)"
Berteroa_incana,Berteroa,Brassicaceae,-1.660731207,5.46806014113513,-1.897119985,NM,Maherali et. al. 2016,"('Moenchia incana', 'Vesicaria incana', 'Alyssum incanum', 'Farsetia incana')"
Lepidium_densiflorum,Lepidium,Brassicaceae,-1.798482015,4.5595692882825,-0.660357357,NM,Maherali et. al. 2016,
Descurainia_sophia,Descurainia,Brassicaceae,-2.072267338,5.12782868216689,-0.744440475,NM,FRED4,"('Phryne sophia', 'Arabis sophia', 'Crucifera sophia', 'Discurea sophia', 'Sisymbrium sophia', 'Sophia vulgaris')"
Microcos_paniculata,Microcos,Malvaceae,-2.146864218,4.74823102882874,-0.653926467,AM,FRED4,
Sphaeralcea_coccinea,Sphaeralcea,Malvaceae,-1.151064149,4.18333130480847,-1.162617618,AM,"(Soudzilovskaia et al., 2020)","('Malvastrum coccineum', 'Malveopsis coccinea', 'Malva coccinea', 'Sida coccinea')"
Hoheria_lyallii,Hoheria,Malvaceae,-0.617244901,3.63765505126308,-2.104053649,AM,FRED4,"('Gaya lyallii', 'Plagianthus lyallii')"
Hoheria_sexstylosa,Hoheria,Malvaceae,-0.246135008,3.17473858062826,-2.388883055,AM,FRED4,
Plagianthus_regius,Plagianthus,Malvaceae,-0.829157834,4.065925296,-2.141572575,AM,FRED4,"('Betula bella', 'Philippodendrum regium')"
Eriotheca_surinamensis,Eriotheca,Malvaceae,-0.416071154,2.28930708336356,-1.174262901,AM,"(Brundrett and Tedersoo, 2018)","('Bombax surinamense',)"
Eriotheca_longitubulosa,Eriotheca,Malvaceae,-0.601845022,2.49126387805702,-1.048533741,AM,"(Brundrett and Tedersoo, 2018)",
Pachira_macrocalyx,Pachira,Malvaceae,-0.185125484,2.19499988231411,-1.127011763,AM,FRED4,"('Bombacopsis macrocalyx', 'Bombax macrocalyx')"
Pachira_minor,Pachira,Malvaceae,-0.474815186,2.61300665241532,-1.537117251,AM,FRED4,"('Carolinea minor', 'Rhodognaphalopsis minor', 'Bombax minus', 'Pochota minor')"
Pachira_insignis,Pachira,Malvaceae,-0.239527031,2.56725439113675,-1.555897146,AM,FRED4,"('Carolinea insignis',)"
Scleronema_micranthum,Scleronema,Malvaceae,-0.303811454,2.06939120582633,-1.007857925,AM,FRED4,"('Catostemma micranthum',)"
Catostemma_sclerophyllum,Catostemma,Malvaceae,-0.233193887,1.8531680973567,-1.099612789,AM,FRED4,
Tilia_mongolica,Tilia,Malvaceae,-1.020343547,3.67031094459405,-0.69501425,EcM,FRED4,
Tilia_mandshurica,Tilia,Malvaceae,-1.093585397,3.90063151046107,-1.21706928,EcM,"(Soudzilovskaia et al., 2020)","('Tilia argentea f. mandshurica',)"
Tilia_cordata,Tilia,Malvaceae,-0.539693807,3.01784992929132,-0.608059877,EcM,FRED4,
Tilia_oliveri,Tilia,Malvaceae,-1.575157266,5.00813958974864,-1.609437912,EcM,FRED4,
Tilia_amurensis,Tilia,Malvaceae,-1.573105983,4.87555174893455,-1.448169765,EcM,FRED4,"('Tilia cordata var. amurensis',)"
Tilia_americana,Tilia,Malvaceae,-0.80435811,4.61362749571098,-2.478729276,EcM,FRED4,
Pterospermum_acerifolium,Pterospermum,Malvaceae,-1.270326305,3.24493335918749,-1.427116356,AM,FRED4,"('Pterospermadendron acerifolium', 'Dombeya acerifolia', 'Cavanilla acerifolia', 'Pentapetes acerifolia')"
Sterculia_monosperma,Sterculia,Malvaceae,-0.64464909,3.674545969,-1.501271968,AM,FRED4,"('Clompanus monosperma',)"
Sterculia_lanceolata,Sterculia,Malvaceae,-1.407197994,4.58630436168493,-1.298954062,AM,FRED4,
Theobroma_cacao,Theobroma,Malvaceae,-0.657256953,2.62112718044694,-0.6985449,AM,Maherali et. al. 2016,
Heliocarpus_americanus,Heliocarpus,Malvaceae,-0.633218641,3.24911758146468,-1.608388767,AM,Maherali et. al. 2016,
Shorea_multiflora,Shorea,Dipterocarpaceae,-0.125903417,0.662889745501317,-0.157424282,EcM,"(Brundrett and Tedersoo, 2018)","('Doona multiflora', 'Balanocarpus multiflorus', 'Richetia multiflora')"
Shorea_acuminata,Shorea,Dipterocarpaceae,-0.872166197,3.31356961510714,-1.30598721,EcM,"(Brundrett and Tedersoo, 2018)","('Rubroshorea acuminata',)"
Shorea_leprosula,Shorea,Dipterocarpaceae,-1.073426254,3.2188467284449,-0.733583545,EcM,Maherali et. al. 2016,"('Rubroshorea leprosula',)"
Fumana_thymifolia,Fumana,Cistaceae,-0.883339632,1.70758453101262,-0.192987996,EcM,"(Soudzilovskaia et al., 2020)","('Helianthemum thymifolium', 'Helianthemum glutinosum var. thymifolium', 'Cistus thymifolius', 'Fumana glutinosa var. thymifolia', 'Fumanopsis thymifolia')"
Cistus_monspeliensis,Cistus,Cistaceae,-0.604144731,2.29291096899025,-0.473287452,EcM,FRED4,"('Stephanocarpus monspeliensis',)"
Cistus_libanotis,Cistus,Cistaceae,-0.852817231,2.33835944348674,-0.205815253,EcM,"(Brundrett and Tedersoo, 2018)",
Cistus_halimifolius,Cistus,Cistaceae,-0.878693933,2.2403200814738,-0.148668292,EcM,"(Soudzilovskaia et al., 2020)","('Strobon halimifolium', 'Helianthemum halimifolium', 'Halimium halimifolium')"
Cistus_crispus,Cistus,Cistaceae,-0.822700781,2.520036766,-0.485480247,EcM,"(Brundrett and Tedersoo, 2018)","('Cistus vulgaris var. crispus',)"
Cistus_calycinus,Cistus,Cistaceae,-0.660486398,1.88184779278088,-0.207388415,EcM,"(Brundrett and Tedersoo, 2018)","('Stegitris calicinus', 'Halimium calycinum', 'Halimium atriplicifolium var. calycinum', 'Helianthemum calycinum')"
Cistus_albidus,Cistus,Cistaceae,-0.836786631,1.94099491685454,-0.254861215,EcM,FRED4,"('Cistus vulgaris var. albidus',)"
Cistus_ladanifer,Cistus,Cistaceae,-0.933246166,2.22679578208985,-0.098610895,EcM,FRED4,
Cistus_salviifolius,Cistus,Cistaceae,-0.801094372,2.26788287205792,-0.241426007,EcM,FRED4,"('Ledonia peduncularis var. salviifolia',)"
Helianthemum_syriacum,Helianthemum,Cistaceae,-0.745282935,1.35689295994015,-0.322056272,EcM,"(Brundrett and Tedersoo, 2018)","('Halimium syriacum', 'Cistus lavandulifolius var. syriacus', 'Cistus syriacus', 'Helianthemum racemosum var. syriacum', 'Helianthemum lavandulifolium var. syriacum')"
Helianthemum_apenninum,Helianthemum,Cistaceae,-1.292340575,4.573479315,-1.893463458,EcM,"(Soudzilovskaia et al., 2020)","('Helianthemum polifolium subsp. apenninum', 'Helianthemum polifolium var. apenninum', 'Cistus apenninus')"
Helianthemum_almeriense,Helianthemum,Cistaceae,-0.528183741,0.925675274,-0.271343939,EcM,Maherali et. al. 2016,
Helianthemum_oelandicum,Helianthemum,Cistaceae,-1.116350747,4.30634858737906,-1.248783619,EcM,"(Brundrett and Tedersoo, 2018)","('Helianthemum oelandicum var. glabrum', 'Cistus oelandicus')"
Thymelaea_hirsuta,Thymelaea,Thymelaeaceae,-0.916790857,1.67481726285064,-0.653012193,AM,"(Soudzilovskaia et al., 2020)","('Passerina hirsuta', 'Piptochlamys hirsuta', 'Giardia hirsuta', 'Stellera hirsuta', 'Lachnaea hirsuta', 'Chlamydanthus hirsutus')"
Tetractomia_tetrandra,Tetractomia,Rutaceae,-0.686668214,3.63689513154772,-1.958995389,AM,FRED4,"('Melicope tetrandra',)"
Melicope_pteleifolia,Melicope,Rutaceae,-1.370539129,4.57666782551538,-1.560647748,AM,FRED4,"('Euodia pteleifolia', 'Zanthoxylum pteleifolium')"
Vepris_nobilis,Vepris,Rutaceae,-0.287682072,1.848454813,-0.94160854,AM,"(Brundrett and Tedersoo, 2018)","('Teclea nobilis', 'Toddalia nobilis', 'Cranzia nobilis')"
Phellodendron_amurense,Phellodendron,Rutaceae,-0.70149741,3.59784331151941,-1.97226101,AM,FRED4,
Acronychia_pedunculata,Acronychia,Rutaceae,-0.6463858,3.50232469961433,-1.227519802,AM,FRED4,"('Jambolifera pedunculata', 'Cyminosma pedunculata')"
Micromelum_integerrimum,Micromelum,Rutaceae,-0.426305774,2.3173991158095,-1.113910377,AM,"(Brundrett and Tedersoo, 2018)","('Micromelum pubescens var. integerrimum', 'Bergera integerrima')"
Prasoxylon_excelsum,Prasoxylon,Meliaceae,-0.120447715,2.20836721262343,-1.725907287,AM,FRED4,"('Macrochiton excelsum', 'Hartighsea excelsa', 'Dysoxylum excelsum', 'Trichilia excelsa')"
Didymocheton_spectabilis,Didymocheton,Meliaceae,-0.082041927,2.06244504657687,-1.616142126,AM,FRED4,"('Dysoxylum spectabile', 'Trichilia spectabilis')"
Aglaia_exstipulata,Aglaia,Meliaceae,-0.087902683,0.698353803046119,-0.238914754,AM,"(Brundrett and Tedersoo, 2018)","('Euphoria exstipulata',)"
Aglaia_odoratissima,Aglaia,Meliaceae,-0.169069751,1.65222780252908,-1.042079462,AM,"(Brundrett and Tedersoo, 2018)",
Aphanamixis_polystachya,Aphanamixis,Meliaceae,-0.911262121,4.11400684914489,-0.83249349,AM,FRED4,"('Amoora polystachya', 'Aglaia polystachya', 'Ricinocarpodendron polystachyum')"
Guarea_subandina,Guarea,Meliaceae,-1.024711481,3.14978191156241,-0.859891044,AM,"(Brundrett and Tedersoo, 2018)",
Guarea_kunthiana,Guarea,Meliaceae,-0.071066448,1.80351552768427,-1.412210617,AM,"(Soudzilovskaia et al., 2020)",
Guarea_macrophylla,Guarea,Meliaceae,-0.382505704,2.26432484502238,-1.260000636,AM,"(Brundrett and Tedersoo, 2018)",
Ruagea_glabra,Ruagea,Meliaceae,-0.080869644,1.77769932691712,-1.358623873,AM,"(Brundrett and Tedersoo, 2018)","('Guarea trianae',)"
Trichilia_septentrionalis,Trichilia,Meliaceae,-0.867778384,2.99301421330607,-0.915119218,AM,"(Brundrett and Tedersoo, 2018)",
Ekebergia_capensis,Ekebergia,Meliaceae,-0.301105093,1.98924327376169,-0.94160854,AM,Maherali et. al. 2016,"('Trichilia capensis',)"
Cedrela_montana,Cedrela,Meliaceae,-0.526729196,2.91533902653205,-1.60823461,AM,"(Brundrett and Tedersoo, 2018)","('Surenus montana',)"
Ailanthus_fordii,Ailanthus,Simaroubaceae,-0.216147249,1.94628554394298,-0.96596519,AM,"(Brundrett and Tedersoo, 2018)",
Picrasma_longistaminea,Picrasma,Simaroubaceae,-0.099378444,2.25598591566404,-1.815676904,AM,"(Brundrett and Tedersoo, 2018)",
Pometia_pinnata,Pometia,Sapindaceae,-0.57556734,2.45527639981353,-0.88534806,AM,"(Brundrett and Tedersoo, 2018)","('Aporetica pinnata', 'Dabanus pinnatus', 'Nephelium pinnatum', 'Euphoria pinnata')"
Acer_fabri,Acer,Sapindaceae,-1.640232228,4.95628469934617,-1.237874356,AM,"(Brundrett and Tedersoo, 2018)",
Acer_caudatum,Acer,Sapindaceae,-1.444347293,4.470437331,-1.347073648,AM,"(Brundrett and Tedersoo, 2018)",
Acer_negundo,Acer,Sapindaceae,-1.276543497,3.64362054770832,-0.622316,AM,"(Brundrett and Tedersoo, 2018)","('Negundo aceroides', 'Rulac negundo')"
Acer_barbinerve,Acer,Sapindaceae,-1.377136423,4.967581456,-1.878436749,AM,"(Brundrett and Tedersoo, 2018)","('Acer diabolicum subsp. barbinerve',)"
Acer_campbellii,Acer,Sapindaceae,-1.662047863,4.37036411080197,-0.78745786,AM,"(Brundrett and Tedersoo, 2018)",
Acer_tegmentosum,Acer,Sapindaceae,-1.054863382,4.33165332171046,-1.925719075,AM,"(Brundrett and Tedersoo, 2018)","('Acer pensylvanicum var. tegmentosum',)"
Acer_davidii,Acer,Sapindaceae,-0.901162951,3.90455438935586,-1.03694431,AM,"(Brundrett and Tedersoo, 2018)","('Acer sikkimense subsp. davidii',)"
Acer_pictum,Acer,Sapindaceae,-1.28518286,4.3316519172127,-1.451011066,AM,"(Brundrett and Tedersoo, 2018)","('Kalopanax pictus', 'Acer lobelii subsp. pictum', 'Acer platanoides subsp. pictum')"
Acer_truncatum,Acer,Sapindaceae,-0.848623657,3.62598180973479,-1.247084596,AM,"(Brundrett and Tedersoo, 2018)","('Acer cappadocicum subsp. truncatum', 'Acer laetum var. truncatum', 'Acer lobelii subsp. truncatum', 'Acer pictum var. truncatum')"
Acer_campestre,Acer,Sapindaceae,-0.865122445,3.43301899398511,-1.272965676,AM,"(Brundrett and Tedersoo, 2018)","('Euacer campestre',)"
Acer_platanoides,Acer,Sapindaceae,-0.848536396,3.18222202148213,-0.839329637,AM,"(Brundrett and Tedersoo, 2018)","('Euacer platanoides',)"
Acer_saccharum,Acer,Sapindaceae,-0.583958031,3.41587723217652,-1.619839167,AM,"(Brundrett and Tedersoo, 2018)","('Saccharodendron saccharum',)"
Acer_triflorum,Acer,Sapindaceae,-1.452006904,4.706220418,-1.482440152,AM,"(Brundrett and Tedersoo, 2018)","('Crula triflora',)"
Acer_coriaceifolium,Acer,Sapindaceae,-1.203972804,4.48224897247558,-1.660731207,AM,"(Brundrett and Tedersoo, 2018)",
Acer_tataricum,Acer,Sapindaceae,-1.456144744,5.15027246520954,-1.922649809,AM,"(Brundrett and Tedersoo, 2018)","('Euacer tataricum',)"
Acer_rubrum,Acer,Sapindaceae,-0.59459307,3.318008197,-1.53953885,AM,"(Brundrett and Tedersoo, 2018)","('Rufacer rubrum',)"
Acer_laurinum,Acer,Sapindaceae,-0.463738849,2.49015845484436,-1.154494722,AM,"(Brundrett and Tedersoo, 2018)",
Acer_pseudoplatanus,Acer,Sapindaceae,-1.014658337,3.54903613991113,-0.867590504,AM,"(Brundrett and Tedersoo, 2018)",
Aesculus_hippocastanum,Aesculus,Sapindaceae,-1.075092608,2.78998231554261,-1.682905064,AM,FRED4,"('Pawia hippocastanum',)"
Aesculus_parviflora,Aesculus,Sapindaceae,-0.765638726,3.34072375793452,-1.803326106,AM,FRED4,
Matayba_peruviana,Matayba,Sapindaceae,-1.280314038,3.32720123105104,-0.531576568,AM,"(Brundrett and Tedersoo, 2018)",
Matayba_inelegans,Matayba,Sapindaceae,-0.781018648,2.83889702334564,-0.843509159,AM,"(Brundrett and Tedersoo, 2018)",
Nephelium_lappaceum,Nephelium,Sapindaceae,-1.839794918,4.06817168791808,-0.693147181,AM,FRED4,
Allophylus_cobbe,Allophylus,Sapindaceae,-1.856810121,4.31842101158491,-0.510825624,AM,FRED4,"('Ornitrophe cobbe', 'Schmidelia cobbe', 'Toxicodendrum cobbe', 'Rhus cobbe')"
Allophylus_abyssinicus,Allophylus,Sapindaceae,-0.597837001,2.35612585992208,-0.891598119,AM,"(Brundrett and Tedersoo, 2018)","('Schmidelia abyssinica',)"
Alectryon_excelsus,Alectryon,Sapindaceae,-0.765879177,3.60639196299543,-1.741873404,AM,FRED4,
Lepisanthes_senegalensis,Lepisanthes,Sapindaceae,-0.329075218,2.06321947604269,-0.907653734,AM,"(Soudzilovskaia et al., 2020)","('Sapindus senegalensis', 'Aphania senegalensis')"
Koelreuteria_paniculata,Koelreuteria,Sapindaceae,-0.829797695,4.13843605861139,-2.095570924,AM,FRED4,"('Sapindus paniculata',)"
Harpullia_cupanioides,Harpullia,Sapindaceae,-0.311934921,1.94248707759685,-0.902402987,AM,"(Soudzilovskaia et al., 2020)",
Canarium_subulatum,Canarium,Burseraceae,-0.365915923,2.37245478038112,-1.092076345,AM,"(Soudzilovskaia et al., 2020)",
Canarium_album,Canarium,Burseraceae,-0.713021891,3.74329840102054,-1.488383421,AM,FRED4,"('Pimela alba',)"
Dacryodes_peruviana,Dacryodes,Burseraceae,-0.817803785,3.11296139716275,-1.236213402,AM,"(Brundrett and Tedersoo, 2018)","('Pachylobus peruvianus',)"
Trattinnickia_lawrancei,Trattinnickia,Burseraceae,-1.537117251,4.14072858808808,-0.82456961,AM,"(Brundrett and Tedersoo, 2018)",
Garuga_floribunda,Garuga,Burseraceae,-0.208186523,2.14844566862567,-1.277819257,AM,"(Brundrett and Tedersoo, 2018)","('Kunthia floribunda',)"
Protium_tenuifolium,Protium,Burseraceae,-0.774357236,2.92316158071916,-0.964955904,AM,FRED4,"('Tingulonga tenuifolia', 'Icicopsis tenuifolia')"
Protium_spruceanum,Protium,Burseraceae,-0.84629836,3.14759462286324,-1.117795108,AM,FRED4,"('Tingulonga spruceana', 'Icica spruceana')"
Protium_pilosissimum,Protium,Burseraceae,-0.921303274,3.3243163373262,-1.184170177,AM,FRED4,"('Tingulonga pilosissima',)"
Protium_paniculatum,Protium,Burseraceae,-0.578034373,2.451866796,-0.939047719,AM,FRED4,"('Tingulonga paniculata',)"
Protium_occultum,Protium,Burseraceae,-0.618039708,2.43624147780672,-0.614336,AM,FRED4,
Protium_laxiflorum,Protium,Burseraceae,-0.536143432,2.13653050866396,-0.800732391,AM,FRED4,"('Tingulonga laxiflora',)"
Protium_hebetatum,Protium,Burseraceae,-0.509160344,2.14476100780048,-0.733969175,AM,FRED4,
Protium_grandifolium,Protium,Burseraceae,-0.721546655,3.05163990549229,-1.148853505,AM,FRED4,"('Tingulonga grandifolia',)"
Protium_gallosum,Protium,Burseraceae,-0.858021824,2.99071973173045,-1.081755172,AM,FRED4,
Protium_calanense,Protium,Burseraceae,-0.832409248,2.73111547403321,-0.703197516,AM,FRED4,
Protium_amazonicum,Protium,Burseraceae,-0.8603831,2.42125662271154,-0.632993258,AM,FRED4,"('Paraprotium amazonicum',)"
Protium_calendulinum,Protium,Burseraceae,-1.180907531,3.52547778217249,-0.725670372,AM,FRED4,
Protium_apiculatum,Protium,Burseraceae,-0.869884359,2.92798862146747,-0.944175935,AM,FRED4,
Protium_urophyllidium,Protium,Burseraceae,-0.825536369,2.68784749378469,-0.794073099,AM,FRED4,
Protium_giganteum,Protium,Burseraceae,-0.491840324,2.48353250508348,-0.902696375,AM,"(Soudzilovskaia et al., 2020)","('Tingulonga gigantea',)"
Protium_trifoliolatum,Protium,Burseraceae,-0.889162064,3.12500460925813,-0.978166136,AM,FRED4,"('Tingulonga trifoliolata',)"
Protium_divaricatum,Protium,Burseraceae,-0.605136303,2.74983173511717,-1.203972804,AM,FRED4,
Protium_unifoliolatum,Protium,Burseraceae,-0.407968238,2.04510886259933,-0.679244275,AM,FRED4,"('Tetragastris unifoliolata',)"
Protium_pilosum,Protium,Burseraceae,-0.435408984,3.115291509,-1.604450371,AM,FRED4,"('Tetragastris pilosa',)"
Protium_decandrum,Protium,Burseraceae,-0.71539279,2.8100049236252,-1.114741671,AM,FRED4,"('Elemifera decandra', 'Bursera decandra', 'Icica decandra', 'Amyris decandra', 'Elaphrium decandrum')"
Protium_elegans,Protium,Burseraceae,-0.603306477,2.37211115564266,-0.711311151,AM,FRED4,"('Tingulonga elegans',)"
Protium_heptaphyllum,Protium,Burseraceae,-0.655851396,2.45702144629846,-0.891598119,AM,FRED4,"('Tingulonga heptaphylla', 'Icica heptaphylla', 'Elaphrium heptaphyllum')"
Protium_aracouchini,Protium,Burseraceae,-0.510025944,2.18154504596991,-0.525479003,AM,FRED4,"('Bursera eracouchii', 'Bursera aracouchini', 'Icica aracouchini')"
Protium_opacum,Protium,Burseraceae,-0.488724442,3.01241344494786,-0.938260926,AM,FRED4,
Protium_strumosum,Protium,Burseraceae,-0.780886095,3.00320428839269,-1.010601411,AM,FRED4,
Protium_altsonii,Protium,Burseraceae,-0.703197516,2.89369954798884,-1.078809661,AM,FRED4,
Protium_crassipetalum,Protium,Burseraceae,-0.697155202,2.77133794033813,-0.903868212,AM,FRED4,
Protium_subserratum,Protium,Burseraceae,-0.481817135,2.30668763887264,-0.619606919,AM,FRED4,"('Tingulonga subserrata', 'Icicopsis subserrata')"
Protium_ferrugineum,Protium,Burseraceae,-0.778705069,3.14630513203337,-1.331806176,AM,FRED4,"('Icicopsis ferruginea', 'Tingulonga ferruginea', 'Paraprotium ferrugineum')"
Protium_sagotianum,Protium,Burseraceae,-0.734802856,2.80076289216981,-0.663585167,AM,"(Soudzilovskaia et al., 2020)",
Rhus_typhina,Rhus,Anacardiaceae,-0.798507696,4.32941668440158,-2.407945609,AM,FRED4,"('Toxicodendron typhinum', 'Rhus hirta var. typhina', 'Rhus hirta f. typhina')"
Pistacia_terebinthus,Pistacia,Anacardiaceae,-0.798063351,2.15896970842297,-0.309642153,AM,FRED4,"('Terebinthus vulgaris',)"
Pistacia_chinensis,Pistacia,Anacardiaceae,-1.430998883,4.50512883180787,-0.430782916,AM,FRED4,
Pistacia_lentiscus,Pistacia,Anacardiaceae,-0.846694709,2.44339627863396,-0.350334843,AM,FRED4,"('Lentiscus vulgaris', 'Terebinthus lentiscus')"
Toxicodendron_acuminatum,Toxicodendron,Anacardiaceae,-0.605930269,2.520950679,-0.89903568,AM,"(Soudzilovskaia et al., 2020)","('Rhus acuminata', 'Toxicodendron succedaneum var. acuminatum', 'Rhus succedanea var. acuminata')"
Semecarpus_reticulata,Semecarpus,Anacardiaceae,-0.257806887,2.03053319437705,-1.018721169,AM,"(Brundrett and Tedersoo, 2018)",
Tapirira_guianensis,Tapirira,Anacardiaceae,-0.559993628,2.74322429977771,-1.271242493,AM,FRED4,"('Joncquetia guianensis', 'Bursera bahiensis')"
Choerospondias_axillaris,Choerospondias,Anacardiaceae,-0.934136525,3.95059673946377,-1.203284613,AM,FRED4,"('Spondias axillaris', 'Poupartia axillaris')"
Pentaspadon_motleyi,Pentaspadon,Anacardiaceae,-1.208985346,3.66632166224014,-1.029193634,AM,"(Brundrett and Tedersoo, 2018)",
Picramnia_latifolia,Picramnia,Picramniaceae,-0.966093908,3.07273945945877,-0.900549261,AM,"(Brundrett and Tedersoo, 2018)",
Turpinia_occidentalis,Turpinia,Staphyleaceae,-0.508217916,3.31404757642511,-1.960729688,AM,"(Brundrett and Tedersoo, 2018)","('Staphylea occidentalis', 'Maurocenia occidentalis')"
Pleroma_ochypetalum,Pleroma,Melastomataceae,-0.705624702,3.0074921809869,-1.354545663,AM,"(Brundrett and Tedersoo, 2018)","('Lasiandra ochypetala', 'Tibouchina ochypetala', 'Rhexia ochypetala')"
Andesanthus_lepidotus,Andesanthus,Melastomataceae,-0.720004635,3.09498103649235,-1.401864473,AM,"(Brundrett and Tedersoo, 2018)","('Tibouchina lepidota', 'Pleroma lepidotum', 'Chaetogastra lepidota', 'Rhexia lepidota')"
Miconia_radula,Miconia,Melastomataceae,-1.315276874,3.85788038313751,-0.986344986,AM,"(Brundrett and Tedersoo, 2018)","('Acinodendron radula',)"
Miconia_crebribullata,Miconia,Melastomataceae,-0.089815304,1.65889433098773,-1.237374729,AM,"(Brundrett and Tedersoo, 2018)",
Miconia_calophylla,Miconia,Melastomataceae,-0.688892369,3.2100949423077,-1.411351948,AM,"(Brundrett and Tedersoo, 2018)","('Acinodendron calophyllum', 'Cremanium calophyllum')"
Miconia_dolichorrhyncha,Miconia,Melastomataceae,-1.011151013,3.55696802093201,-1.292625171,AM,"(Brundrett and Tedersoo, 2018)","('Acinodendron dolichorrhynchum',)"
Miconia_punctata,Miconia,Melastomataceae,-0.715220936,3.08095404758825,-1.378356676,AM,"(Brundrett and Tedersoo, 2018)","('Acinodendron punctatum', 'Melastoma punctatum', 'Eurychaenia punctata')"
Miconia_jahnii,Miconia,Melastomataceae,-0.773237412,2.82715903249056,-0.852499838,AM,"(Brundrett and Tedersoo, 2018)",
Meriania_franciscana,Meriania,Melastomataceae,-0.530128275,2.74945163017384,-1.299137033,AM,"(Brundrett and Tedersoo, 2018)","('Meriania macrophylla subsp. franciscana',)"
Centronia_laurifolia,Centronia,Melastomataceae,-1.181179012,4.01402174161227,-1.4046483,AM,"(Brundrett and Tedersoo, 2018)",
Graffenrieda_uribei,Graffenrieda,Melastomataceae,-0.674797522,2.711654754,-1.100291742,AM,"(Brundrett and Tedersoo, 2018)",
Graffenrieda_emarginata,Graffenrieda,Melastomataceae,-0.392203434,1.91513604054627,-0.715537968,AM,"(Soudzilovskaia et al., 2020)",
Graffenrieda_harlingii,Graffenrieda,Melastomataceae,-0.716518167,2.92095009678695,-0.936027793,AM,"(Brundrett and Tedersoo, 2018)",
Blastus_cochinchinensis,Blastus,Melastomataceae,-1.594138877,5.324889483,-1.739950432,AM,FRED4,
Blastus_pauciflorus,Blastus,Melastomataceae,-1.815335208,5.49074638830109,-1.599256004,AM,FRED4,"('Oxyspora pauciflora', 'Allomorphia pauciflora')"
Memecylon_nigrescens,Memecylon,Melastomataceae,-1.007092842,3.98018047037701,-0.983642722,AM,FRED4,
Eucalyptus_urophylla,Eucalyptus,Myrtaceae,-1.934891083,4.66541826633345,-0.46203546,EcMAM,FRED4,
Leptospermum_scoparium,Leptospermum,Myrtaceae,-1.020957044,4.57032463466077,-1.947812965,EcMAM,FRED4,"('Melaleuca scoparia', 'Philadelphus scoparius')"
Kunzea_ericoides,Kunzea,Myrtaceae,-0.622533401,3.67553731471693,-2.071655312,EcMAM,FRED4,"('Leptospermum ericoides',)"
Eugenia_spruceana,Eugenia,Myrtaceae,-0.850971266,2.7638002162067,-0.906340401,AM,FRED4,
Eugenia_sinemariensis,Eugenia,Myrtaceae,-0.667284521,1.98375321107301,-0.233655507,AM,"(Brundrett and Tedersoo, 2018)","('Myrtus sinemariensis', 'Epleienda sinemariensis')"
Eugenia_pusilliflora,Eugenia,Myrtaceae,-0.504181081,1.43031124653666,-0.536143432,AM,FRED4,
Eugenia_protenta,Eugenia,Myrtaceae,-0.78745786,2.96114082878437,-0.825536369,AM,FRED4,
Eugenia_patrisii,Eugenia,Myrtaceae,-0.802962047,2.60046499042227,-0.665532014,AM,FRED4,"('Myrtus patrisii', 'Stenocalyx patrisii')"
Eugenia_lisboae,Eugenia,Myrtaceae,-1.105636904,3.03879176301444,-0.765717873,AM,FRED4,
Eugenia_lambertiana,Eugenia,Myrtaceae,-1.130102956,3.33967652501391,-0.94160854,AM,FRED4,
Eugenia_florida,Eugenia,Myrtaceae,-0.859083708,3.26019388606144,-0.971371413,AM,"(Brundrett and Tedersoo, 2018)",
Eugenia_pseudopsidium,Eugenia,Myrtaceae,-0.818710404,2.006870848845,-0.283690051,AM,FRED4,"('Eugenia willdenowii', 'Myrtus pseudopsidium', 'Stenocalyx pseudopsidium')"
Eugenia_biflora,Eugenia,Myrtaceae,-0.697155202,2.7669478423497,-0.8603831,AM,FRED4,"('Myrtus biflora',)"
Myrcianthes_rhopaloides,Myrcianthes,Myrtaceae,-0.961811247,2.78055329255212,-0.615922252,AM,"(Brundrett and Tedersoo, 2018)","('Eugenia rhopaloides', 'Myrtus rhopaloides')"
Blepharocalyx_eggersii,Blepharocalyx,Myrtaceae,-0.64055473,1.81645208181843,-0.499226488,AM,FRED4,"('Marlieriopsis eggersii', 'Mitranthes eggersii')"
Myrcia_umbraticola,Myrcia,Myrtaceae,-1.62455155,3.96062267526421,-0.671385689,AM,FRED4,"('Marlierea umbraticola', 'Myrtus umbraticola')"
Myrcia_sylvatica,Myrcia,Myrtaceae,-1.038458366,3.11883447068797,-0.738144546,AM,FRED4,"('Myrtus sylvatica', 'Myrcia ambigua var. sylvatica')"
Myrcia_subsericea,Myrcia,Myrtaceae,-0.978166136,2.68033636253469,-0.556869562,AM,FRED4,
Myrcia_servata,Myrcia,Myrtaceae,-0.978166136,2.90690105984738,-0.623621118,AM,FRED4,
Myrcia_paivae,Myrcia,Myrtaceae,-0.759286983,2.99423114742772,-0.954511945,AM,FRED4,
Myrcia_neospeciosa,Myrcia,Myrtaceae,-0.923818998,3.24454357161678,-1.038458366,AM,FRED4,"('Calyptranthes speciosa',)"
Myrcia_integra,Myrcia,Myrtaceae,-0.837017551,2.37304355664261,-0.685179011,AM,FRED4,
Myrcia_grandis,Myrcia,Myrtaceae,-0.91130319,3.20720802000052,-0.628296208,AM,FRED4,
Myrcia_ferruginea,Myrcia,Myrtaceae,-1.087672349,3.02286094094224,-0.560366069,AM,FRED4,"('Eugenia ferruginea', 'Marlierea ferruginea', 'Krugia ferruginea', 'Myrtus ferruginea')"
Myrcia_fenestrata,Myrcia,Myrtaceae,-1.018877321,2.96269241947579,-0.590590592,AM,FRED4,
Myrcia_cuspidata,Myrcia,Myrtaceae,-1.078809661,2.87130219517581,-0.534435489,AM,FRED4,"('Chytraculia cuspidata', 'Calyptranthes cuspidata')"
Myrcia_crebra,Myrcia,Myrtaceae,-0.802962047,2.6748380668961,-0.705219762,AM,FRED4,"('Calyptranthes crebra',)"
Myrcia_caudata,Myrcia,Myrtaceae,-0.913793852,2.838493497,-0.655851396,AM,FRED4,"('Marlierea caudata',)"
Myrcia_splendens,Myrcia,Myrtaceae,-0.972861083,2.5687881337687,-0.534435489,AM,FRED4,"('Myrtus splendens',)"
Myrcia_bracteata,Myrcia,Myrtaceae,-1.280134165,2.91289399524499,-0.382725621,AM,FRED4,"('Eugenia bracteata',)"
Myrcia_citrifolia,Myrcia,Myrtaceae,-1.136314156,3.50104271663187,-0.778705069,AM,FRED4,"('Myrtus citrifolia', 'Aulomyrcia citrifolia')"
Myrciaria_tenella,Myrciaria,Myrtaceae,-0.750776293,2.01089499914473,-0.638658995,AM,FRED4,"('Eugenia tenella',)"
Myrciaria_floribunda,Myrciaria,Myrtaceae,-1.108662625,2.92262380173335,-0.562118918,AM,FRED4,"('Eugenia floribunda', 'Myrtus floribunda')"
Neomyrtus_pedunculata,Neomyrtus,Myrtaceae,-1.560647748,3.74478708605223,-0.385662481,AM,FRED4,"('Myrtus pedunculata',)"
Myrtus_communis,Myrtus,Myrtaceae,-0.860087635,2.31558345210371,-0.238567668,AM,FRED4,
Calycolpus_goetheanus,Calycolpus,Myrtaceae,-0.84397007,3.00270788729042,-0.95972029,AM,FRED4,"('Myrtus goetheana',)"
Decaspermum_gracilentum,Decaspermum,Myrtaceae,-1.862074643,4.15872682115137,-0.867500568,AM,FRED4,"('Eugenia gracilenta', 'Syzygium gracilentum')"
Syzygium_subdecussatum,Syzygium,Myrtaceae,-0.424265738,2.45279229323074,-1.315835897,AM,FRED4,"('Eugenia subdecussata',)"
Syzygium_pachysepalum,Syzygium,Myrtaceae,-0.701179352,2.96806127162895,-1.232143681,AM,FRED4,
Syzygium_napiforme,Syzygium,Myrtaceae,-0.855960271,3.25581991000791,-1.145703896,AM,FRED4,"('Eugenia napiformis',)"
Syzygium_kunstleri,Syzygium,Myrtaceae,-0.61456708,3.07248495965238,-1.427116356,AM,FRED4,"('Eugenia kunstleri',)"
Syzygium_castaneum,Syzygium,Myrtaceae,-0.725858219,3.29539905974344,-1.37400653,AM,FRED4,"('Eugenia castanea',)"
Syzygium_borbonicum,Syzygium,Myrtaceae,-0.949330586,3.25347047,-0.733969175,AM,FRED4,"('Calyptranthes paniculata',)"
Syzygium_hancei,Syzygium,Myrtaceae,-1.055062489,3.8003398054326,-0.729789669,AM,FRED4,"('Eugenia minutiflora',)"
Syzygium_levinei,Syzygium,Myrtaceae,-0.919586036,4.01223931230326,-0.944604476,AM,FRED4,"('Eugenia levinei',)"
Syzygium_jambos,Syzygium,Myrtaceae,-1.492766606,4.97144620801617,-1.713916983,AM,"(Soudzilovskaia et al., 2020)","('Plinia jambos', 'Jambosa jambos', 'Myrtus jambos', 'Eugenia jambos')"
Syzygium_globiflorum,Syzygium,Myrtaceae,-1.629079553,3.71064094589545,-0.994252273,AM,FRED4,"('Eugenia globiflora',)"
Syzygium_maire,Syzygium,Myrtaceae,-1.103474088,4.2679998073291,-1.700901492,AM,FRED4,"('Eugenia maire',)"
Syzygium_acuminatissimum,Syzygium,Myrtaceae,-1.078809661,3.85280190635022,-1.449807765,AM,FRED4,"('Acmena acuminatissima', 'Myrtus acuminatissima', 'Jambosa acuminatissima')"
Tristaniopsis_obovata,Tristaniopsis,Myrtaceae,-1.16315081,3.68879507555417,-0.922245929,EcMAM,FRED4,"('Tristania obovata',)"
Tristaniopsis_elliptica,Tristaniopsis,Myrtaceae,-1.213181743,3.72391473787246,-0.944818815,EcMAM,FRED4,"('Tristania elliptica',)"
Metrosideros_umbellata,Metrosideros,Myrtaceae,-1.03563749,3.46573590279973,-1.078809661,AM,FRED4,"('Agalmanthus umbellata',)"
Metrosideros_robusta,Metrosideros,Myrtaceae,-0.851674089,3.86229169362318,-1.844296773,AM,FRED4,"('Nania robusta',)"
Metrosideros_excelsa,Metrosideros,Myrtaceae,-0.721580949,3.18909028938462,-1.440767062,AM,FRED4,
Metrosideros_diffusa,Metrosideros,Myrtaceae,-1.771956842,4.43911560165801,-0.693147181,AM,FRED4,"('Melaleuca diffusa', 'Nania diffusa')"
Metrosideros_fulgens,Metrosideros,Myrtaceae,-1.660731207,4.337290741,-0.776528789,AM,FRED4,
Oenothera_biennis,Oenothera,Onagraceae,-1.139434283,4.55387689160054,-2.040220829,AM,Maherali et. al. 2016,"('Oenothera communis proles biennis', 'Brunyera biennis', 'Onagra biennis')"
Fuchsia_excorticata,Fuchsia,Onagraceae,-1.070066482,4.43115382746796,-2.017777628,AM,FRED4,"('Skinnera excorticata',)"
Combretum_decandrum,Combretum,Combretaceae,-0.472152613,2.35877574530383,-1.130341953,AM,FRED4,"('Poivrea decandra',)"
Combretum_collinum,Combretum,Combretaceae,-0.634878272,2.52492832413749,-0.94160854,AM,"(Soudzilovskaia et al., 2020)",
Terminalia_amazonia,Terminalia,Combretaceae,-0.476586622,2.54085915400557,-1.228236224,AM,FRED4,"('Chuncoa amazonia',)"
Geranium_rotundifolium,Geranium,Geraniaceae,-1.465337568,5.45958551414416,-2.087473713,AM,Maherali et. al. 2016,
Vitis_amurensis,Vitis,Vitaceae,-1.29080238,4.64449990204649,-1.752353863,AM,FRED4,"('Vitis vinifera f. amurensis', 'Vitis vulpina var. amurensis', 'Vitis vinifera var. amurensis')"
Vitis_vulpina,Vitis,Vitaceae,-0.387923438,3.053371555,-1.805651139,AM,FRED4,"('Vitis vinifera var. vulpina', 'Vitis cordifolia var. vulpina')"
Vitis_vinifera,Vitis,Vitaceae,-0.65618864,2.69933988890136,-0.766325434,AM,FRED4,"('Cissus vinifera',)"
Parthenocissus_quinquefolia,Parthenocissus,Vitaceae,-1.738597919,5.02789096037773,-1.330724511,AM,FRED4,"('Quinaria quinquefolia', 'Psedera quinquefolia', 'Cissus quinquefolia', 'Ampelopsis quinquefolia', 'Vitis quinquefolia', 'Hedera quinquefolia')"
Heuchera_richardsonii,Heuchera,Saxifragaceae,-1.578908707,4.51344329291679,-1.049822124,NMAM,"(Brundrett and Tedersoo, 2018)","('Heuchera hispida var. richardsonii',)"
Astilbe_rivularis,Astilbe,Saxifragaceae,-0.956461897,3.60470368534821,-1.451534884,NMAM,"(Soudzilovskaia et al., 2020)",
Astilbe_rubra,Astilbe,Saxifragaceae,-1.762006511,5.37744252032079,-1.609437912,NMAM,"(Soudzilovskaia et al., 2020)",
Itea_chinensis,Itea,Iteaceae,-2.126449295,4.70347587477221,-0.616186139,AM,FRED4,"('Polyosma chinensis',)"
Hamamelis_virginiana,Hamamelis,Hamamelidaceae,-0.585932321,3.19838213001383,-1.644540765,AM,FRED4,"('Trilopus virginiana',)"
Mytilaria_laosensis,Mytilaria,Hamamelidaceae,-0.916290732,3.75244093560368,-1.448169765,AM,"(Brundrett and Tedersoo, 2018)",
Rhodoleia_championii,Rhodoleia,Hamamelidaceae,-0.728256358,3.00975844528708,-0.765180383,AM,FRED4,
Liquidambar_obovata,Liquidambar,Altingiaceae,-0.831332654,3.20196161517164,-1.36042372,AM,"(Brundrett and Tedersoo, 2018)","('Altingia obovata',)"
Liquidambar_gracilipes,Liquidambar,Altingiaceae,-0.33317974,1.50593928256846,0.027493582,AM,"(Brundrett and Tedersoo, 2018)","('Altingia gracilipes',)"
Liquidambar_formosana,Liquidambar,Altingiaceae,-1.189440029,4.18018396290668,-1.409904226,AM,FRED4,
Liquidambar_styraciflua,Liquidambar,Altingiaceae,-0.888854156,3.27810591367728,-1.761230264,AM,FRED4,
Daphniphyllum_pentandrum,Daphniphyllum,Daphniphyllaceae,-1.299994349,4.1459239913442,-1.3139737,AM,FRED4,
Cercidiphyllum_japonicum,Cercidiphyllum,Cercidiphyllaceae,-1.183739562,3.13031234216726,-1.733490561,AM,FRED4,
Knightia_excelsa,Knightia,Proteaceae,-0.958989486,3.81554905595051,-1.623910512,NM,"(Soudzilovskaia et al., 2020)","('Rymandra excelsa',)"
Helicia_formosana,Helicia,Proteaceae,-1.691407475,4.5830268213024,-0.328504067,NM,"(Soudzilovskaia et al., 2020)",
Hakea_varia,Hakea,Proteaceae,-0.544727175,4.025351691,-2.659260037,NM,"(Brundrett and Tedersoo, 2018)",
Hakea_tuberculata,Hakea,Proteaceae,-0.579818495,4.34380542185368,-2.813410717,NM,"(Brundrett and Tedersoo, 2018)",
Hakea_oldfieldii,Hakea,Proteaceae,-0.616186139,4.49980967033027,-3.036554268,NM,"(Brundrett and Tedersoo, 2018)",
Hakea_cyclocarpa,Hakea,Proteaceae,-0.494296322,4.15888308335967,-2.882403588,NM,"(Brundrett and Tedersoo, 2018)",
Hakea_lissocarpha,Hakea,Proteaceae,-0.494296322,4.06044301054642,-2.813410717,NM,"(Soudzilovskaia et al., 2020)",
Hakea_linearis,Hakea,Proteaceae,-0.527632742,3.80666249,-2.465104022,NM,"(Brundrett and Tedersoo, 2018)",
Hakea_ceratophylla,Hakea,Proteaceae,-0.494296322,3.98898404656427,-2.748872196,NM,"(Soudzilovskaia et al., 2020)","('Conchium ceratophyllum',)"
Platanus_acerifolia,Platanus,Platanaceae,-1.265632274,3.17513290192028,-1.913927103,AM,"(Soudzilovskaia et al., 2020)",
Platanus_occidentalis,Platanus,Platanaceae,-0.56967875,3.221427813,-1.827806352,AM,FRED4,"('Platanus vulgaris var. angulosa', 'Platanus vulgaris proles occidentalis', 'Platanus orientalis var. occidentalis')"
Anemone_cylindrica,Anemone,Ranunculaceae,-1.021651248,3.95124371858143,-1.660731207,AM,"(Brundrett and Tedersoo, 2018)",
Caltha_palustris,Caltha,Ranunculaceae,-1.561600583,5.848410556,-2.484906654,NMAM,FRED4,"('Populago palustris', 'Trollius palustris')"
Actaea_cimicifuga,Actaea,Ranunculaceae,-1.320319372,4.7631398077222,-1.437165008,AM,"(Soudzilovskaia et al., 2020)","('Cimicifuga foetida',)"
Thalictrum_simplex,Thalictrum,Ranunculaceae,-1.610939039,5.55702712489673,-2.094945729,AM,FRED4,"('Thalictrum angustifolium var. simplex', 'Thalictrum flavum subsp. simplex', 'Thalictrum angustifolium subsp. simplex')"
Berberis_thunbergii,Berberis,Berberidaceae,-1.24845038,3.35040633779236,-0.611643737,AM,FRED4,
Caulophyllum_robustum,Caulophyllum,Berberidaceae,-1.027781108,4.51859289117116,-2.224420323,AM,FRED4,"('Leontice robusta', 'Caulophyllum thalictroides subsp. robustum')"
Podophyllum_peltatum,Podophyllum,Berberidaceae,-0.175592249,2.81441710997646,-2.049797929,AM,Maherali et. al. 2016,
Euptelea_pleiosperma,Euptelea,Eupteleaceae,-1.141284954,4.09901252132884,-1.570543849,AM,"(Brundrett and Tedersoo, 2018)",
Convallaria_majalis,Convallaria,Asparagaceae,-0.867381527,4.23545514795724,-2.155383412,AM,"(Soudzilovskaia et al., 2020)","('Polygonatum majale', 'Lilium-convallium majale')"
Asparagus_schoberioides,Asparagus,Asparagaceae,-1.07089985,4.785531489,-2.406725353,AM,FRED4,
Hosta_ventricosa,Hosta,Asparagaceae,-0.898819251,4.10196922165485,-2.066196312,AM,FRED4,"('Niobe caerulea', 'Hemerocallis caerulea', 'Saussurea caerulea', 'Funkia caerulea', 'Hosta japonica var. caerulea', 'Funkia ovata var. caerulea')"
Allium_tenuissimum,Allium,Amaryllidaceae,-0.916290732,3.88793520989906,-1.832581464,AM,FRED4,
Allium_bidentatum,Allium,Amaryllidaceae,-0.693147181,3.3626297885129,-1.714798428,AM,FRED4,
Allium_textile,Allium,Amaryllidaceae,-1.168659288,5.235669601,-2.253808662,AM,"(Soudzilovskaia et al., 2020)",
Iris_japonica,Iris,Iridaceae,-0.858493633,4.227644446634,-2.26868354,AM,FRED4,"('Evansia japonica',)"
Iris_versicolor,Iris,Iridaceae,-1.272965676,4.779123493,-1.966112856,AM,Maherali et. al. 2016,"('Xiphion versicolor', 'Limniris versicolor')"
Astelia_fragrans,Astelia,Asteliaceae,-0.061875404,2.55722731136763,-2.407945609,AM,FRED4,"('Funckia fragrans',)"
Astelia_nervosa,Astelia,Asteliaceae,-0.051293294,2.67414864942653,-2.407945609,AM,FRED4,"('Funckia nervosa',)"
Hesperostipa_comata,Hesperostipa,Poaceae,-1.521623286,4.703897311,-1.104521695,AM,"(Soudzilovskaia et al., 2020)","('Stipa comata',)"
Hesperostipa_spartea,Hesperostipa,Poaceae,-1.387895642,4.01664761655464,-0.933580144,AM,"(Soudzilovskaia et al., 2020)","('Stipa spartea',)"
Panicum_virgatum,Panicum,Poaceae,-0.820980552,3.583518938,-1.660731207,AM,FRED4,"('Chasea virgata', 'Milium virgatum')"
Panicum_capillare,Panicum,Poaceae,-1.609437912,5.38449506278909,-1.966112856,AM,"(Soudzilovskaia et al., 2020)","('Chasea capillaris', 'Leptoloma capillare')"
Cenchrus_americanus,Cenchrus,Poaceae,-1.514127733,4.99721227376411,-1.714798428,AM,"(Brundrett and Tedersoo, 2018)","('Pennisetum americanum', 'Panicum americanum')"
Andropogon_gerardii,Andropogon,Poaceae,-1.171182982,4.025351691,-1.427116356,AM,Maherali et. al. 2016,
Schizachyrium_scoparium,Schizachyrium,Poaceae,-0.956969507,3.98673511581789,-1.497487151,AM,Maherali et. al. 2016,"('Pollinia scoparia', 'Sorghum scoparium', 'Andropogon scoparius')"
Sorghastrum_nutans,Sorghastrum,Poaceae,-1.30933332,4.67282883446191,-1.771956842,AM,Maherali et. al. 2016,"('Chalcoelytrum nutans', 'Poranthera nutans', 'Rhaphis nutans', 'Holcus nutans', 'Digitaria nutans', 'Trichachne nutans', 'Andropogon nutans', 'Sorghum nutans')"
Munroa_christianii-bernardii,Munroa,Poaceae,-1.46967597,5.94335040438455,-2.659260037,AM,"(Brundrett and Tedersoo, 2018)",
Bouteloua_gracilis,Bouteloua,Poaceae,-1.58299886,4.48137767691284,-0.81976897,AM,Maherali et. al. 2016,"('Atheropogon gracilis', 'Chondrosum gracile', 'Eutriana gracilis', 'Actinochloa gracilis')"
Bouteloua_curtipendula,Bouteloua,Poaceae,-1.139434283,4.17438726989564,-1.660731207,AM,Maherali et. al. 2016,"('Cynodon curtipendulus', 'Atheropogon curtipendulus', 'Dinebra curtipendula', 'Andropogon curtipendulus', 'Chloris curtipendula', 'Eutriana curtipendula')"
Cleistogenes_squarrosa,Cleistogenes,Poaceae,-1.491654877,5.36574234286283,-2.162823151,AM,"(Soudzilovskaia et al., 2020)","('Molinia squarrosa', 'Kengia squarrosa', 'Diplachne squarrosa')"
Sporobolus_rigidus,Sporobolus,Poaceae,-0.733969175,3.496507561,-1.714798428,AM,"(Brundrett and Tedersoo, 2018)","('Vilfa rigida',)"
Sporobolus_heterolepis,Sporobolus,Poaceae,-1.049822124,3.95124371858143,-1.609437912,AM,Maherali et. al. 2016,"('Agrostis heterolepis', 'Vilfa heterolepis')"
Eragrostis_trichodes,Eragrostis,Poaceae,-1.560647748,4.29045944114839,-0.94160854,NMAM,"(Soudzilovskaia et al., 2020)","('Poa trichodes',)"
Danthonia_intermedia,Danthonia,Poaceae,-0.974449646,2.74503398213606,-0.538996501,AM,"(Brundrett and Tedersoo, 2018)","('Merathrepta intermedia', 'Pentameris intermedia')"
Festuca_rubra,Festuca,Poaceae,-1.714798428,5.15039723647141,-1.448169765,AM,"(Soudzilovskaia et al., 2020)","('Gramen rubrum', 'Festuca polymorpha var. rubra', 'Festuca communis var. rubra', 'Festuca ovina subsp. rubra', 'Festuca ovina var. rubra', 'Festuca duriuscula var. rubra')"
Festuca_ovina,Festuca,Poaceae,-1.609437912,5.13579843705026,-1.714798428,AM,"(Soudzilovskaia et al., 2020)","('Bromus ovinus', 'Gnomonia ovina')"
Festuca_hallii,Festuca,Poaceae,-1.600180891,4.41816758715214,-0.693612811,AM,"(Soudzilovskaia et al., 2020)","('Festuca altaica subsp. hallii', 'Festuca altaica subvar. hallii', 'Melica hallii', 'Dalucum hallii', 'Festuca scabrella subsp. hallii')"
Festuca_christianii-bernardii,Festuca,Poaceae,-1.386294361,4.88733707775176,-1.814005078,AM,"(Brundrett and Tedersoo, 2018)",
Lolium_arundinaceum,Lolium,Poaceae,-1.378392331,5.35478373865826,-2.23591608,AM,FRED4,"('Bromus arundinaceus', 'Schedonorus arundinaceus', 'Festuca elatior subsp. arundinacea', 'Festuca elatior var. arundinacea', 'Festuca arundinacea')"
Lolium_perenne,Lolium,Poaceae,-1.610271592,5.54519674663702,-2.032640723,AM,"(Soudzilovskaia et al., 2020)","('Festuca perennis',)"
Dactylis_glomerata,Dactylis,Poaceae,-1.662985207,5.75953161796544,-1.965251099,AM,FRED4,"('Koeleria dactylis', 'Phalaris glomerata', 'Limnetis glomerata', 'Bromus glomeratus', 'Festuca glomerata')"
Holcus_lanatus,Holcus,Poaceae,-2.040220829,5.61677109766657,-1.514127733,AM,FRED4,"('Notholcus lanatus', 'Avena lanata', 'Nothoholcus lanatus', 'Ginannia lanata')"
Deschampsia_cespitosa,Deschampsia,Poaceae,-1.714798428,4.85203026391962,-1.427116356,AM,"(Soudzilovskaia et al., 2020)","('Agrostis cespitosa', 'Aira major subsp. cespitosa', 'Avena cespitosa', 'Campella cespitosa', 'Aira cespitosa', 'Podionapus cespitosus')"
Poa_pratensis,Poa,Poaceae,-1.640515868,5.87688814887751,-1.587784987,AM,FRED4,"('Poa angustifolia var. pratensis', 'Poa angustifolia subsp. pratensis', 'Paneion pratense')"
Poa_nemoralis,Poa,Poaceae,-1.386294361,5.12989871492307,-2.120263536,AM,FRED4,"('Poa serotina var. nemoralis', 'Poa angustifolia var. nemoralis', 'Paneion nemorale')"
Poa_cusickii,Poa,Poaceae,-1.781413177,4.89961437744154,-1.029762051,AM,"(Soudzilovskaia et al., 2020)",
Phleum_pratense,Phleum,Poaceae,-1.679681566,5.61809854615624,-1.766628254,AM,"(Soudzilovskaia et al., 2020)","('Stelephuros pratensis', 'Plantinia pratensis', 'Phleum nodosum var. pratense')"
Puccinellia_rupestris,Puccinellia,Poaceae,-1.807888851,4.9602665553333,-1.020068357,NMAM,"(Soudzilovskaia et al., 2020)","('Poa rupestris', 'Pseudosclerochloa rupestris', 'Sclerochloa rupestris')"
Agrostis_scabra,Agrostis,Poaceae,-1.560647748,4.9416424226093,-1.609437912,AM,Maherali et. al. 2016,"('Agrostis hyemalis var. scabra', 'Agrostis laxiflora var. scabra', 'Trichodium scabrum')"
Agrostis_capillaris,Agrostis,Poaceae,-2.040220829,5.55682806169954,-1.46967597,AM,FRED4,"('Agrostis polymorpha var. capillaris', 'Trichodium capillare')"
Calamagrostis_canadensis,Calamagrostis,Poaceae,-1.514127733,5.51745289646471,-2.207274913,AM,"(Soudzilovskaia et al., 2020)","('Arundo canadensis', 'Calamagrostis langsdorffii var. marylandica', 'Deyeuxia canadensis')"
Phalaris_arundinacea,Phalaris,Poaceae,-1.173605268,5.389871424131,-3.115444123,NMAM,FRED4,"('Baldingera arundinacea', 'Calamagrostis colorata', 'Phalaroides arundinacea', 'Phalaridantha arundinacea', 'Typhoides arundinacea', 'Digraphis arundinacea', 'Baldingera colorata')"
Koeleria_macrantha,Koeleria,Poaceae,-1.770095828,4.82569490154344,-0.845619698,AM,FRED4,"('Koeleria cristata var. macrantha', 'Aira macrantha', 'Koeleria cristata subsp. macrantha')"
Koeleria_pyramidata,Koeleria,Poaceae,-1.099255784,4.11138713881878,-1.463283521,AM,FRED4,"('Poa pyramidata', 'Koeleria cristata subsp. pyramidata', 'Koeleria cristata var. pyramidata', 'Koeleria ciliata var. pyramidata')"
Koeleria_vallesiana,Koeleria,Poaceae,-1.342018543,4.75782431225177,-1.884814748,AM,Maherali et. al. 2016,"('Airochloa vallesiana', 'Aira vallesiana', 'Poa vallesiana', 'Koeleria setacea var. glabra')"
Leymus_chinensis,Leymus,Poaceae,-1.47840965,4.6526356636238,-1.362577835,AM,FRED4,"('Agropyron chinense', 'Aneurolepidium chinense', 'Elymus chinensis', 'Triticum chinense')"
Agropyron_cristatum,Agropyron,Poaceae,-1.46967597,5.20345708552408,-2.002480501,AM,FRED4,"('Eremopyrum cristatum', 'Triticum cristatum', 'Costia cristata', 'Kratzmannia cristata', 'Bromus cristatus', 'Zeia cristata')"
Elymus_virginicus,Elymus,Poaceae,-1.315543038,5.8217493888133,-3.217253092,AM,FRED4,"('Hordeum virginicum', 'Terrellia virginica', 'Leptothrix virginica')"
Elymus_canadensis,Elymus,Poaceae,-1.46967597,5.66296048013595,-2.407945609,AM,FRED4,"('Hordeum canadense', 'Clinelymus canadensis', 'Roegneria canadensis', 'Terrellia canadensis')"
Elymus_lanceolatus,Elymus,Poaceae,-1.508748287,4.55155916912409,-1.176997012,AM,"(Brundrett and Tedersoo, 2018)","('Agropyron lanceolatum',)"
Elymus_repens,Elymus,Poaceae,-1.096310447,4.41574608110969,-1.615228323,AM,FRED4,"('Agropyron repens', 'Frumentum repens', 'Triticum repens', 'Agropyron junceum var. repens', 'Elytrigia repens', 'Zeia repens')"
Bromus_madritensis,Bromus,Poaceae,-1.551169004,6.05678401322862,-2.396895772,AM,FRED4,"('Anisantha madritensis', 'Zerna madritensis', 'Genea madritensis', 'Festuca madritensis', 'Bromus rubens subsp. madritensis', 'Bromus sterilis var. madritensis')"
Bromus_inermis,Bromus,Poaceae,-1.322005871,4.99756686740863,-1.646467223,AM,"(Soudzilovskaia et al., 2020)","('Forasaccus inermis', 'Zerna inermis', 'Festuca inermis', 'Schedonorus inermis', 'Bromopsis inermis')"
Bromus_erectus,Bromus,Poaceae,-1.337504197,4.73906713678808,-1.818616923,AM,FRED4,"('Forasaccus erectus', 'Festuca erecta', 'Schedonorus erectus', 'Bromopsis erecta', 'Zerna erecta')"
Bromus_catharticus,Bromus,Poaceae,-1.186624166,5.34222487134182,-3.097581849,AM,FRED4,"('Ceratochloa cathartica',)"
Brachypodium_phoenicoides,Brachypodium,Poaceae,-1.32425897,4.72738781871234,-1.973281346,AM,FRED4,"('Schedonorus phoenicoides', 'Brachypodium pinnatum subsp. phoenicoides', 'Brachypodium pinnatum var. phoenicoides', 'Festuca phoenicoides', 'Brachypodium pinnatum subsp. phoenicoides', 'Brachypodium cespitosum var. phoenicoides', 'Poa phoenicoides', 'Brachypodium ramosum var. phoenicoides', 'Brachypodium ramosum proles phoenicoides', 'Brachypodium pinnatum var. phoenicoides', 'Brachypodium caespitosum var. phoenicoides', 'Triticum phoenicoides', 'Bromus phoenicoides')"
Brachypodium_sylvaticum,Brachypodium,Poaceae,-2.040220829,5.08140436498446,-1.171182982,AM,FRED4,"('Bromus pinnatus var. sylvaticus', 'Festuca sylvatica', 'Brachypodium pinnatum var. sylvaticum', 'Brachypodium pinnatum var. sylvaticum', 'Festuca pinnata var. sylvatica', 'Brevipodium sylvaticum', 'Agropyron sylvaticum', 'Bromus sylvaticus', 'Triticum sylvaticum')"
Brachypodium_pinnatum,Brachypodium,Poaceae,-1.897119985,4.87519732320115,-1.237874356,AM,FRED4,"('Festuca pinnata', 'Bromus pinnatus', 'Tragus pinnatus', 'Triticum pinnatum', 'Agropyron pinnatum')"
Stipa_krylovii,Stipa,Poaceae,-1.30933332,4.74666974826179,-1.864330162,AM,FRED4,"('Stipa sareptana subsp. krylovii', 'Stipa sareptana var. krylovii')"
Nassella_viridula,Nassella,Poaceae,-1.440750547,4.00538329761843,-0.659009773,AM,"(Soudzilovskaia et al., 2020)","('Stipa viridula',)"
Stipa_pennata,Stipa,Poaceae,-1.055445972,4.27694028008788,-1.615647405,AM,FRED4,
Pleioblastus_amarus,Pleioblastus,Poaceae,-0.678801389,2.53424922978521,-0.267357075,AM,"(Brundrett and Tedersoo, 2018)","('Arundinaria amara',)"
Carex_tibetikobresia,Carex,Cyperaceae,-0.376517121,2.8180330129314,-1.978191286,NMAM,"(Soudzilovskaia et al., 2020)","('Kobresia capillifolia var. tibetica', 'Kobresia tibetica')"
Carex_pseuduncinoides,Carex,Cyperaceae,-0.489684024,3.22702676608745,-1.96064312,NMAM,"(Brundrett and Tedersoo, 2018)","('Kobresia pseuduncinoides',)"
Carex_korshinskyi,Carex,Cyperaceae,-1.406497068,5.53160924891406,-2.465104022,NMAM,FRED4,"('Carex supina var. korshinskyi', 'Carex supina subsp. korshinskyi')"
Carex_humulis,Carex,Cyperaceae,-1.290984181,4.71590622758276,-1.539445541,NMAM,"(Soudzilovskaia et al., 2020)",
Carex_filifolia,Carex,Cyperaceae,-1.703905588,4.67802502115067,-0.671556549,NMAM,"(Soudzilovskaia et al., 2020)","('Olotrema filifolia', 'Uncinia filifolia')"
Carex_lasiocarpa,Carex,Cyperaceae,-1.46967597,5.52942908751142,-2.407945609,NMAM,"(Soudzilovskaia et al., 2020)",
Carex_atrofusca,Carex,Cyperaceae,-0.443899331,3.17841499611974,-2.037094698,NMAM,"(Brundrett and Tedersoo, 2018)","('Proteocarpus atrofuscus',)"
Carex_flacca,Carex,Cyperaceae,-1.050582642,4.42990567476882,-1.859450134,NMAM,FRED4,
Carex_coriophora,Carex,Cyperaceae,-0.345742069,3.09063874592489,-2.094918171,NMAM,"(Brundrett and Tedersoo, 2018)","('Carex atrofusca subsp. coriophora', 'Carex atrofusca var. coriophora')"
Carex_obtusata,Carex,Cyperaceae,-1.799321322,4.61921642900995,-0.560306451,NMAM,FRED4,"('Genersichia obtusata', 'Psyllophora obtusata')"
Gahnia_xanthocarpa,Gahnia,Cyperaceae,-0.776528789,3.81990771652034,-2.302585093,NMAM,"(Soudzilovskaia et al., 2020)","('Gahnia setifolia var. xanthocarpa', 'Mariscus xanthocarpus', 'Lampocarya xanthocarpa', 'Cladium xanthocarpum')"
Gahnia_procera,Gahnia,Cyperaceae,-1.139434283,4.07243972683405,-1.660731207,NMAM,"(Soudzilovskaia et al., 2020)",
Wurfbainia_villosa,Wurfbainia,Zingiberaceae,-1.461209495,5.23327102,-2.01613975,AM,FRED4,"('Cardamomum villosum', 'Elettaria villosa', 'Zingiber villosum', 'Amomum villosum')"
Alpinia_japonica,Alpinia,Zingiberaceae,-1.778152466,5.50562620795945,-1.727220947,AM,FRED4,"('Globba japonica', 'Languas japonica')"
Rhopalostylis_sapida,Rhopalostylis,Arecaceae,-0.6680644,3.103416095,-1.34940136,AM,FRED4,
Caryota_maxima,Caryota,Arecaceae,-1.230145679,4.053011966,-1.334283374,AM,FRED4,"('Caryota rumphiana var. javanica',)"
Calamus_rhabdocladus,Calamus,Arecaceae,-1.520054351,4.63710826327559,-1.368275854,AM,FRED4,
Smilax_trinervula,Smilax,Smilacaceae,-1.173982597,4.6978943121089,-2.103734234,AM,FRED4,"('Smilax china var. trinervula', 'Smilax biflora var. trinervula')"
Smilax_aspera,Smilax,Smilacaceae,-0.754876318,2.33103102369944,-0.430566772,AM,FRED4,
Veratrum_nigrum,Veratrum,Melanthiaceae,-1.079986825,4.83876717250794,-2.372162271,AM,FRED4,"('Helonias nigra', 'Melanthium nigrum')"
Toxicoscordion_venenosum,Toxicoscordion,Melanthiaceae,-1.054691102,4.41055335109998,-2.094945729,AM,"(Brundrett and Tedersoo, 2018)","('Zigadenus venenosus',)"
Dioscorea_nipponica,Dioscorea,Dioscoreaceae,-1.600478171,5.57688518533919,-2.154165088,AM,FRED4,
Goniothalamus_griffithii,Goniothalamus,Annonaceae,-0.208506099,1.98866474107358,-1.09072802,AM,FRED4,
Asimina_triloba,Asimina,Annonaceae,-0.448037493,2.53081232103232,-1.804507041,AM,FRED4,"('Uvaria triloba', 'Porcelia triloba', 'Annona triloba')"
Monoon_simiarum,Monoon,Annonaceae,-0.24358013,2.069446454742,-0.980094843,AM,"(Brundrett and Tedersoo, 2018)","('Polyalthia simiarum', 'Unona simiarum', 'Guatteria simiarum')"
Pseuduvaria_trimera,Pseuduvaria,Annonaceae,-0.086575108,1.17198955308661,-0.728102114,AM,"(Brundrett and Tedersoo, 2018)","('Mitrephora trimera',)"
Mitrephora_tomentosa,Mitrephora,Annonaceae,-0.211681712,1.90840168802991,-1.156115725,AM,"(Brundrett and Tedersoo, 2018)","('Kinginda tomentosa',)"
Orophea_creaghii,Orophea,Annonaceae,-0.917942095,3.81352775867905,-0.94160854,AM,FRED4,"('Mezzettiopsis creaghii',)"
Unonopsis_rufescens,Unonopsis,Annonaceae,-0.430013981,2.28273862864304,-1.179309737,AM,"(Brundrett and Tedersoo, 2018)","('Trigynaea rufescens',)"
Anaxagorea_javanica,Anaxagorea,Annonaceae,-0.208686066,1.870312975,-1.062762853,AM,"(Brundrett and Tedersoo, 2018)",
Magnolia_yuyuanensis,Magnolia,Magnoliaceae,-0.405465108,3.22816587177529,-2.040220829,AM,FRED4,"('Manglietia yuyuanensis',)"
Magnolia_yunnanensis,Magnolia,Magnoliaceae,-0.327476817,2.84723226523555,-1.560647748,AM,FRED4,"('Parakmeria yunnanensis', 'Pachylarnax yunnanensis')"
Magnolia_virginiana,Magnolia,Magnoliaceae,-2.217871955,3.00221124,-2.141316945,AM,FRED4,
Magnolia_tripetala,Magnolia,Magnoliaceae,-0.67803811,2.89020444945644,-2.002480501,AM,FRED4,"('Magnolia virginiana var. tripetala', 'Houpoea tripetala', 'Magnolia umbrella var. tripetala')"
Magnolia_stellata,Magnolia,Magnoliaceae,-0.586346231,3.2914237871247,-2.307597635,AM,FRED4,"('Magnolia kobus f. stellata', 'Talauma stellata', 'Buergeria stellata', 'Yulania stellata', 'Magnolia kobus var. stellata')"
Magnolia_opipara,Magnolia,Magnoliaceae,-0.574688817,2.53923699433305,-1.660731207,AM,FRED4,"('Michelia opipara',)"
Magnolia_macrophylla,Magnolia,Magnoliaceae,-1.61242181,2.55722731136763,-2.040220829,AM,FRED4,"('Metamagnolia macrophylla',)"
Magnolia_lotungensis,Magnolia,Magnoliaceae,-0.361185099,2.48573963609189,-1.427116356,AM,FRED4,"('Parakmeria lotungensis', 'Magnolia nitida var. lotungensis')"
Magnolia_kobus,Magnolia,Magnoliaceae,-0.690586994,3.13595826621217,-1.985344218,AM,FRED4,"('Yulania kobus',)"
Magnolia_grandiflora,Magnolia,Magnoliaceae,-1.041747654,2.24230416210912,-1.673976434,AM,FRED4,
Magnolia_denudata,Magnolia,Magnoliaceae,-0.449261569,2.874627252,-2.145581344,AM,FRED4,"('Yulania denudata', 'Magnolia purpurea var. denudata')"
Magnolia_championii,Magnolia,Magnoliaceae,-0.352872658,2.97379336603524,-1.894900228,AM,FRED4,"('Lirianthe championii', 'Magnolia liliifera var. championii', 'Magnolia pumila var. championii')"
Magnolia_cavaleriei,Magnolia,Magnoliaceae,-0.297853628,2.73436750941958,-1.514127733,AM,FRED4,"('Michelia cavaleriei',)"
Magnolia_carsonii,Magnolia,Magnoliaceae,-0.161930867,2.52001233731215,-1.861109547,AM,FRED4,"('Aromadendron carsonii',)"
Magnolia_acuminata,Magnolia,Magnoliaceae,-0.292184875,2.78778627875418,-1.947010754,AM,FRED4,"('Kobus acuminata', 'Tulipastrum acuminatum', 'Yulania acuminata', 'Magnolia virginiana var. acuminata', 'Magnolia umbrella var. acuminata')"
Magnolia_fulva,Magnolia,Magnoliaceae,-0.409367713,2.96475746925456,-1.46967597,AM,FRED4,"('Michelia fulva',)"
Magnolia_champaca,Magnolia,Magnoliaceae,-0.768905745,2.99071973173045,-1.237874356,AM,FRED4,"('Michelia champaca', 'Michelia tsiampacca var. champaca')"
Magnolia_macclurei,Magnolia,Magnoliaceae,-0.500313294,2.85375340816794,-1.62126167,AM,FRED4,"('Michelia macclurei',)"
Magnolia_baillonii,Magnolia,Magnoliaceae,-0.370715916,2.60638654732571,-1.386294361,AM,FRED4,"('Michelia baillonii', 'Paramichelia baillonii', 'Aromadendron baillonii')"
Magnolia_balansae,Magnolia,Magnoliaceae,-0.544658212,3.00370044320317,-1.46967597,AM,FRED4,"('Michelia balansae',)"
Magnolia_ernestii,Magnolia,Magnoliaceae,-0.218732461,2.63698375266835,-1.7837913,AM,FRED4,"('Michelia wilsonii',)"
Magnolia_chapensis,Magnolia,Magnoliaceae,-0.499610966,3.14618403588432,-1.875465762,AM,FRED4,"('Michelia chapensis',)"
Magnolia_odora,Magnolia,Magnoliaceae,-0.432871484,2.63125557084382,-0.986477572,AM,FRED4,"('Michelia odora', 'Tsoongiodendron odorum')"
Magnolia_maudiae,Magnolia,Magnoliaceae,-0.384924518,2.91440762132387,-1.73395511,AM,FRED4,"('Michelia maudiae',)"
Magnolia_dandyi,Magnolia,Magnoliaceae,-0.472085795,2.87299950817169,-2.040220829,AM,FRED4,"('Manglietia dandyi',)"
Manglietia_paruicula,Manglietia,Magnoliaceae,-0.685397289,3.08282698040492,-1.660731207,AM,FRED4,
Liriodendron_chinense,Liriodendron,Magnoliaceae,-0.3456255,2.78020030550213,-1.774902352,AM,FRED4,"('Liriodendron tulipifera var. chinense',)"
Liriodendron_tulipifera,Liriodendron,Magnoliaceae,-0.268436003,2.40891986339006,-1.528977451,AM,FRED4,"('Tulipifera liriodendrum',)"
Knema_erratica,Knema,Myristicaceae,-0.099534145,1.54637578068383,-1.095649563,AM,FRED4,"('Myristica longifolia var. erratica', 'Myristica erratica')"
Horsfieldia_amygdalina,Horsfieldia,Myristicaceae,-0.161656557,1.28184186586451,-0.676783048,AM,"(Soudzilovskaia et al., 2020)","('Palala amygdalina', 'Myristica amygdalina')"
Alseodaphnopsis_andersonii,Alseodaphnopsis,Lauraceae,-0.180323554,1.32721882347778,-0.644268571,AM,"(Brundrett and Tedersoo, 2018)","('Alseodaphne andersonii', 'Cryptocarya andersonii')"
Ocotea_splendens,Ocotea,Lauraceae,-0.529329095,2.4782176616372,-1.136314156,AM,FRED4,"('Oreodaphne splendens',)"
Ocotea_scabrella,Ocotea,Lauraceae,-0.320205264,2.20386912005489,-1.290984181,AM,FRED4,
Ocotea_rotundata,Ocotea,Lauraceae,-0.289260641,2.09967131490357,-1.264549491,AM,"(Brundrett and Tedersoo, 2018)",
Ocotea_percurrens,Ocotea,Lauraceae,-0.274436846,2.00821403239147,-1.078809661,AM,FRED4,
Ocotea_pedanomischa,Ocotea,Lauraceae,-0.186650915,1.59400770506265,-0.926099652,AM,"(Brundrett and Tedersoo, 2018)",
Ocotea_olivacea,Ocotea,Lauraceae,-0.211956362,2.17247640764703,-1.461017907,AM,FRED4,
Ocotea_nigrescens,Ocotea,Lauraceae,-0.699165253,2.69056488676119,-0.994252273,AM,FRED4,
Ocotea_myriantha,Ocotea,Lauraceae,-0.194799078,2.37024374146786,-1.482805262,AM,FRED4,"('Oreodaphne myriantha',)"
Ocotea_infrafoveolata,Ocotea,Lauraceae,-0.789658081,2.8473120935457,-0.998688651,AM,"(Brundrett and Tedersoo, 2018)","('Andea infrafoveolata',)"
Ocotea_cuneifolia,Ocotea,Lauraceae,-0.010353412,1.17164897353179,-0.909433561,AM,"(Brundrett and Tedersoo, 2018)","('Laurus cuneifolia',)"
Ocotea_cujumary,Ocotea,Lauraceae,-0.634878272,2.95699144523756,-1.378326191,AM,FRED4,"('Aydendron cujumary', 'Aniba cujumary', 'Alseodaphne cujumary')"
Ocotea_boissieriana,Ocotea,Lauraceae,-0.359536176,2.35042242240821,-1.203972804,AM,FRED4,"('Oreodaphne boissieriana',)"
Ocotea_aurantiodora,Ocotea,Lauraceae,-0.677273831,2.91126311692754,-1.161552088,AM,FRED4,"('Laurus aurantiodora', 'Mespilodaphne aurantiodora', 'Nectandra aurantiodora')"
Ocotea_andina,Ocotea,Lauraceae,-0.106467855,1.59125986967755,-1.07988912,AM,"(Brundrett and Tedersoo, 2018)",
Ocotea_amazonica,Ocotea,Lauraceae,-0.791863153,3.16968558067743,-1.280134165,AM,FRED4,"('Oreodaphne amazonica',)"
Ocotea_lancifolia,Ocotea,Lauraceae,-0.562106052,3.045606968,-1.161199304,AM,FRED4,"('Oreodaphne lancifolia', 'Persea lancifolia')"
Ocotea_nigra,Ocotea,Lauraceae,-0.328504067,2.30899654907994,-1.374077454,AM,"(Brundrett and Tedersoo, 2018)",
Ocotea_argyrophylla,Ocotea,Lauraceae,-0.536143432,2.77133794033813,-1.217395825,AM,FRED4,
Ocotea_pauciflora,Ocotea,Lauraceae,-0.008032172,1.880990602956,-1.431291727,AM,FRED4,"('Oreodaphne pauciflora',)"
Ocotea_aciphylla,Ocotea,Lauraceae,-0.180922536,1.90113182682552,-1.10945607,AM,FRED4,"('Oreodaphne aciphylla',)"
Aniba_muca,Aniba,Lauraceae,-0.027165668,0.978976274181339,-0.683469392,AM,"(Brundrett and Tedersoo, 2018)","('Aydendron muca', 'Laurus muca')"
Aniba_hostmanniana,Aniba,Lauraceae,-0.171975265,1.95018670582257,-1.280134165,AM,FRED4,"('Aydendron hostmannianum',)"
Aniba_guianensis,Aniba,Lauraceae,-0.42159449,2.6475922320651,-1.465337568,AM,FRED4,"('Cedrota guianensis',)"
Aniba_coto,Aniba,Lauraceae,-0.267138979,2.00555129566501,-1.10980465,AM,"(Brundrett and Tedersoo, 2018)","('Nectandra coto',)"
Aniba_terminalis,Aniba,Lauraceae,-0.238257189,1.77664583141801,-0.94160854,AM,FRED4,
Kubitzkia_mezii,Kubitzkia,Lauraceae,-0.478035801,2.35517754311322,-1.084709383,AM,FRED4,"('Systemonodaphne mezii',)"
Licaria_oppositifolia,Licaria,Lauraceae,-0.572701027,2.41502052232383,-0.978166136,AM,FRED4,"('Misanteca oppositifolia', 'Acrodiclidium oppositifolium')"
Licaria_macrophylla,Licaria,Lauraceae,-0.505838082,2.03731661537916,-0.837017551,AM,FRED4,"('Misanteca macrophylla', 'Acrodiclidium macrophyllum')"
Licaria_hirsuta,Licaria,Lauraceae,-0.328504067,2.52812576890798,-1.431291727,AM,FRED4,
Licaria_chrysophylla,Licaria,Lauraceae,-0.403467105,1.56444054650336,-0.576253429,AM,FRED4,"('Misanteca chrysophylla', 'Acrodiclidium chrysophyllum')"
Licaria_guianensis,Licaria,Lauraceae,-0.476424197,2.25444471766611,-1.021651248,AM,FRED4,
Endlicheria_oreocola,Endlicheria,Lauraceae,-0.241434821,2.27175320988884,-1.547570341,AM,"(Brundrett and Tedersoo, 2018)",
Endlicheria_macrophylla,Endlicheria,Lauraceae,-0.625488532,2.89092715918786,-1.350927217,AM,FRED4,"('Ampelodaphne macrophylla',)"
Endlicheria_arenosa,Endlicheria,Lauraceae,-1.47840965,4.29973139194705,-1.366491734,AM,FRED4,
Endlicheria_citriodora,Endlicheria,Lauraceae,-0.183922838,2.3664984187377,-1.74869998,AM,FRED4,
Endlicheria_longicaudata,Endlicheria,Lauraceae,-0.145025772,1.8229350866965,-1.248273063,AM,FRED4,"('Huberodaphne longicaudata',)"
Endlicheria_bracteolata,Endlicheria,Lauraceae,-0.500875293,2.99523214851231,-1.709258248,AM,FRED4,"('Goeppertia sericea var. bracteolata',)"
Endlicheria_anomala,Endlicheria,Lauraceae,-0.403467105,2.39789527279837,-1.190727578,AM,FRED4,"('Goeppertia anomala',)"
Endlicheria_ruforamula,Endlicheria,Lauraceae,-0.195982443,2.02623021591398,-1.204715655,AM,"(Brundrett and Tedersoo, 2018)",
Rhodostemonodaphne_paniculata,Rhodostemonodaphne,Lauraceae,-0.336872317,1.54115907168081,-0.736054682,AM,FRED4,
Rhodostemonodaphne_parvifolia,Rhodostemonodaphne,Lauraceae,-0.0010005,1.427916036,-0.898942094,AM,FRED4,
Rhodostemonodaphne_crenaticupula,Rhodostemonodaphne,Lauraceae,-0.352398387,2.07819075977818,-0.96233467,AM,FRED4,
Aiouea_montana,Aiouea,Lauraceae,-0.378287781,2.62645365234264,-1.620466737,AM,"(Brundrett and Tedersoo, 2018)","('Persea montana', 'Phoebe montana', 'Cinnamomum montanum', 'Laurus montana')"
Cinnamomum_parthenoxylon,Cinnamomum,Lauraceae,-0.841241239,3.73013244754082,-1.612675471,AM,FRED4,"('Camphora parthenoxylon',)"
Cinnamomum_austro-sinensis,Cinnamomum,Lauraceae,-0.75366712,3.43497772641757,-1.547779565,AM,FRED4,
Cinnamomum_glanduliferum,Cinnamomum,Lauraceae,-0.155913344,1.39446936081675,-0.746267946,AM,"(Soudzilovskaia et al., 2020)","('Camphora glandulifera',)"
Cinnamomum_chekiangense,Cinnamomum,Lauraceae,-0.331649752,2.18773670286761,-0.16175861,AM,FRED4,
Cinnamomum_contractum,Cinnamomum,Lauraceae,-0.295251388,2.21968280550269,-1.145682599,AM,"(Brundrett and Tedersoo, 2018)",
Cinnamomum_iners,Cinnamomum,Lauraceae,-0.159699379,2.31344590032679,-1.687399454,AM,FRED4,"('Cinnamomum nitidum var. iners', 'Laurus iners')"
Cinnamomum_camphora,Cinnamomum,Lauraceae,-0.570325714,3.56679958208515,-1.540893004,AM,FRED4,"('Camphora officinarum',)"
Cinnamomum_micranthum,Cinnamomum,Lauraceae,-0.609991648,2.39736028832575,-0.179795198,AM,FRED4,"('Camphora micrantha',)"
Sassafras_albidum,Sassafras,Lauraceae,-0.48260105,2.64159373455958,-1.237962777,NMAM,"(Soudzilovskaia et al., 2020)","('Tetranthera albida', 'Sassafras officinale var. albidum', 'Sassafras variifolium var. albidum', 'Laurus albida')"
Litsea_mollis,Litsea,Lauraceae,-0.09570359,1.75805791091444,-1.237110811,AM,"(Brundrett and Tedersoo, 2018)",
Litsea_panamanja,Litsea,Lauraceae,-0.146460327,1.89734795840794,-1.19612341,AM,"(Soudzilovskaia et al., 2020)","('Malapoenna panamonja', 'Tetranthera panamanja')"
Litsea_martabanica,Litsea,Lauraceae,-0.359345173,2.30219109428675,-1.273858889,AM,"(Brundrett and Tedersoo, 2018)","('Tetranthera martabanica',)"
Litsea_szemaois,Litsea,Lauraceae,-0.217068293,1.71970843789597,-0.941176378,AM,FRED4,"('Litsea baviensis var. szemaois', 'Litsea pierrei var. szemaois')"
Litsea_baviensis,Litsea,Lauraceae,-0.348225031,2.56648663678042,-2.040220829,AM,FRED4,
Litsea_salicifolia,Litsea,Lauraceae,-0.261797758,2.0713269365195,-1.268047892,AM,"(Soudzilovskaia et al., 2020)","('Tetranthera salicifolia',)"
Litsea_umbellata,Litsea,Lauraceae,-0.180692884,1.75657588709378,-1.08439149,AM,"(Brundrett and Tedersoo, 2018)","('Hexanthus umbellatus',)"
Litsea_elongata,Litsea,Lauraceae,-0.385846321,2.89069721101389,-1.20165412,AM,FRED4,"('Malapoenna elongata', 'Tetranthera elongata', 'Daphnidium elongatum')"
Litsea_verticillata,Litsea,Lauraceae,-0.647428395,2.74662968306968,-1.049822124,AM,FRED4,
Litsea_glutinosa,Litsea,Lauraceae,-0.081643989,1.81023570385558,-1.385347961,AM,"(Soudzilovskaia et al., 2020)","('Sebifera glutinosa',)"
Litsea_cubeba,Litsea,Lauraceae,-0.901574548,3.68862942285873,-0.867500568,AM,FRED4,"('Malapoenna cubeba', 'Cubeba pipereta', 'Benzoin cubeba', 'Daphnidium cubeba', 'Tetranthera cubeba', 'Laurus cubeba', 'Persea cubeba')"
Litsea_ichangensis,Litsea,Lauraceae,-0.906990365,4.11851587326737,-2.054673108,AM,FRED4,
Neolitsea_cassia,Neolitsea,Lauraceae,-0.626442258,3.12456514539696,-2.040220829,AM,FRED4,"('Laurus cassia', 'Balanopsis cassia', 'Camphorina cassia', 'Persea cassia', 'Cinnamomum cassia')"
Neolitsea_phanerophlebia,Neolitsea,Lauraceae,-0.538996501,3.31418600467253,-1.811962177,AM,FRED4,
Actinodaphne_henryi,Actinodaphne,Lauraceae,-0.242623731,1.98220339251975,-1.111143083,AM,"(Soudzilovskaia et al., 2020)",
Lindera_metcalfiana,Lindera,Lauraceae,-0.231805962,1.87329624087811,-1.011207271,AM,"(Soudzilovskaia et al., 2020)",
Lindera_communis,Lindera,Lauraceae,-0.642239745,3.04050425046813,-1.258938647,AM,FRED4,"('Benzoin commune',)"
Lindera_obtusiloba,Lindera,Lauraceae,-1.341799121,4.52732553509182,-1.617535122,AM,FRED4,"('Benzoin obtusilobum',)"
Lindera_benzoin,Lindera,Lauraceae,-0.321680689,2.6275930148869,-1.522846747,AM,FRED4,"('Ozanthes benzoin', 'Laurus benzoin')"
Machilus_tenuipilis,Machilus,Lauraceae,-0.069707412,1.65960001164156,-1.106042212,AM,"(Soudzilovskaia et al., 2020)","('Persea tenuipilis',)"
Machilus_kwangtungensis,Machilus,Lauraceae,-0.853480265,3.47506723022861,-1.203972804,AM,FRED4,"('Persea kwangtungensis',)"
Machilus_breviflora,Machilus,Lauraceae,-0.552906033,2.84010025171456,-1.384190163,AM,FRED4,
Machilus_robusta,Machilus,Lauraceae,-0.736159071,2.89037175789616,-1.386294361,AM,FRED4,
Machilus_rufipes,Machilus,Lauraceae,-0.237087541,2.03662648472533,-1.205258983,AM,"(Brundrett and Tedersoo, 2018)","('Persea rufipes',)"
Machilus_shweliensis,Machilus,Lauraceae,-0.529972814,3.04101629839414,-1.544495622,AM,FRED4,"('Persea shweliensis',)"
Machilus_oculodracontis,Machilus,Lauraceae,-0.55049088,2.95664488484594,-1.171182982,AM,FRED4,"('Persea oculodracontis',)"
Machilus_velutina,Machilus,Lauraceae,-0.790517481,3.08099211750481,-1.272965676,AM,FRED4,
Machilus_nanmu,Machilus,Lauraceae,-0.73229523,3.34426474568541,-1.617940142,AM,FRED4,"('Persea nanmu', 'Phoebe nanmu')"
Phoebe_lanceolata,Phoebe,Lauraceae,-0.266542027,2.20252112922072,-1.172492359,AM,Maherali et. al. 2016,"('Ocotea lanceolata',)"
Phoebe_puwenensis,Phoebe,Lauraceae,-0.311838163,1.69431437173009,-0.709265139,AM,"(Soudzilovskaia et al., 2020)",
Persea_ferruginea,Persea,Lauraceae,-0.024907636,1.24768314917543,-0.956609744,AM,"(Brundrett and Tedersoo, 2018)",
Persea_weberbaueri,Persea,Lauraceae,-0.068385913,1.30513851599284,-0.92616632,AM,"(Brundrett and Tedersoo, 2018)",
Persea_areolatocostae,Persea,Lauraceae,-0.61701982,3.43519035975831,-0.718564712,AM,"(Brundrett and Tedersoo, 2018)","('Cinnamomum areolatocostae', 'Phoebe areolatocostae')"
Mezilaurus_ita-uba,Mezilaurus,Lauraceae,-0.362405619,2.55877649835446,-1.518683549,AM,FRED4,"('Endiandra ita-uba', 'Acrodiclidium ita-uba', 'Mezia ita-uba', 'Silvia ita-uba', 'Silvia ita-uba')"
Sextonia_rubra,Sextonia,Lauraceae,-0.114177045,1.42744966940494,-0.919246758,AM,"(Soudzilovskaia et al., 2020)","('Nectandra rubra', 'Ocotea rubra')"
Cryptocarya_brachythyrsa,Cryptocarya,Lauraceae,-0.115336032,1.86779048790388,-1.375511913,AM,"(Brundrett and Tedersoo, 2018)",
Beilschmiedia_purpurascens,Beilschmiedia,Lauraceae,-0.091396736,1.64363445020822,-1.196142143,AM,"(Brundrett and Tedersoo, 2018)",
Beilschmiedia_tarairi,Beilschmiedia,Lauraceae,-0.139491979,2.18438865048432,-1.62369955,AM,FRED4,"('Laurus tarairi',)"
Beilschmiedia_tawa,Beilschmiedia,Lauraceae,-0.223343571,2.08890530519316,-1.359239101,AM,FRED4,"('Laurus tawa',)"
Cryptocarya_concinna,Cryptocarya,Lauraceae,-0.517978126,2.82098240153376,-1.103634072,AM,FRED4,
Cryptocarya_acutifolia,Cryptocarya,Lauraceae,-0.059584885,1.56434520632405,-1.168418742,AM,"(Brundrett and Tedersoo, 2018)",
Cryptocarya_yunnanensis,Cryptocarya,Lauraceae,-0.0547965,1.476112881,-1.03778326,AM,"(Soudzilovskaia et al., 2020)",
Cryptocarya_chinensis,Cryptocarya,Lauraceae,-0.316076213,2.31624398277569,-1.186778996,AM,FRED4,"('Beilschmiedia chinensis',)"
Hedycarya_arborea,Hedycarya,Monimiaceae,-0.055935632,2.60699528304173,-2.229977421,AM,FRED4,
Laurelia_novae-zelandiae,Laurelia,Atherospermataceae,-0.049085208,2.37193658821448,-2.025128273,AM,FRED4,"('Atherosperma novae-zelandiae', 'Pavonia novozelandiae')"
Siparuna_muricata,Siparuna,Siparunaceae,-0.33011796,2.95106237727327,-2.004944678,AM,"(Brundrett and Tedersoo, 2018)","('Citrosma muricata',)"
Siparuna_aspera,Siparuna,Siparunaceae,-0.847231196,2.95054064293919,-1.012861395,AM,"(Brundrett and Tedersoo, 2018)","('Citrosma aspera',)"
Piper_arboreum,Piper,Piperaceae,-0.713656057,2.90808358607062,-1.184138372,NMAM,"(Brundrett and Tedersoo, 2018)",
Pseudowintera_colorata,Pseudowintera,Winteraceae,-0.178955799,2.60842483270065,-1.878411311,AM,FRED4,"('Drimys axillaris var. colorata', 'Wintera colorata', 'Drimys colorata')"
Hedyosmum_purpurascens,Hedyosmum,Chloranthaceae,-0.23184538,2.76540823578048,-2.040412788,AM,"(Brundrett and Tedersoo, 2018)",
Hedyosmum_goudotianum,Hedyosmum,Chloranthaceae,-0.389252493,2.77962905118911,-1.71296524,AM,"(Brundrett and Tedersoo, 2018)","('Tafalla goudotiana',)"
Chloranthus_henryi,Chloranthus,Chloranthaceae,-0.772190388,3.61838685913941,-1.826024061,AM,"(Brundrett and Tedersoo, 2018)",
Sarcandra_glabra,Sarcandra,Chloranthaceae,-0.691856347,3.41733728961264,-1.782639532,AM,"(Soudzilovskaia et al., 2020)","('Ardisia glabra', 'Bladhia glabra', 'Chloranthus glaber')"
Ascarina_lucida,Ascarina,Chloranthaceae,-0.634878272,3.10009228887823,-1.609437912,AM,FRED4,
Pectinopitys_ferruginea,Pectinopitys,Podocarpaceae,-0.12335913,1.94297131861264,-1.495475067,AM,FRED4,"('Nageia ferruginea', 'Prumnopitys ferruginea', 'Stachycarpus ferrugineus', 'Stachypitys ferruginea', 'Podocarpus ferrugineus')"
Podocarpus_laetus,Podocarpus,Podocarpaceae,-0.136660091,2.15143309264533,-1.649372452,AM,FRED4,"('Nageia laeta',)"
Podocarpus_gibbsii,Podocarpus,Podocarpaceae,-0.465215113,2.68934297363651,-1.348035649,AM,FRED4,
Podocarpus_neriifolius,Podocarpus,Podocarpaceae,-1.427672064,4.67192172128997,-1.57823062,AM,FRED4,"('Nageia neriifolia', 'Margbensonia neriifolia')"
Podocarpus_oleifolius,Podocarpus,Podocarpaceae,-0.162004349,2.00207093513449,-1.340757843,AM,"(Soudzilovskaia et al., 2020)","('Nageia oleifolia',)"
Podocarpus_totara,Podocarpus,Podocarpaceae,-0.131378609,2.39902971370027,-1.88389709,AM,FRED4,"('Nageia totara',)"
Afrocarpus_falcatus,Afrocarpus,Podocarpaceae,-0.274436846,2.44755086324423,-1.171182982,AM,"(Soudzilovskaia et al., 2020)","('Taxus falcata', 'Nageia falcata', 'Podocarpus falcatus', 'Decussocarpus falcatus')"
Nageia_nagi,Nageia,Podocarpaceae,-0.829848405,3.46742574348521,-1.129050513,AM,FRED4,"('Morella nagi', 'Podocarpus nagi', 'Decussocarpus nagi', 'Myrica nagi')"
Dacrydium_pectinatum,Dacrydium,Podocarpaceae,-0.580711751,2.70556377918227,-1.264962076,AM,FRED4,"('Corneria pectinata',)"
Dacrydium_gracile,Dacrydium,Podocarpaceae,-0.602210186,2.86377678140292,-1.246880305,AM,FRED4,"('Corneria gracilis',)"
Dacrydium_balansae,Dacrydium,Podocarpaceae,-0.670862492,2.69091086828667,-0.782808318,AM,FRED4,"('Metadacrydium balansae',)"
Dacrydium_cupressinum,Dacrydium,Podocarpaceae,-0.672834879,3.28498650816095,-1.561179694,AM,FRED4,"('Thalamia cupressina',)"
Dacrycarpus_imbricatus,Dacrycarpus,Podocarpaceae,-0.777654565,3.28806752409561,-1.226917277,AM,FRED4,"('Bracteocarpus imbricatus', 'Podocarpus imbricatus')"
Dacrycarpus_dacrydioides,Dacrycarpus,Podocarpaceae,-0.503910197,2.8782873307037,-1.565778359,AM,FRED4,"('Nageia excelsa', 'Podocarpus dacrydioides', 'Nageia dacrydioides', 'Podocarpus excelsus')"
Phyllocladus_hypophyllus,Phyllocladus,Podocarpaceae,-0.534008959,2.98143682885144,-1.587798737,AM,FRED4,"('Podocarpus hypophyllus',)"
Phyllocladus_trichomanoides,Phyllocladus,Podocarpaceae,-0.455993989,2.7593291180768,-1.383017491,AM,FRED4,"('Podocarpus trichomanoides',)"
Lepidothamnus_intermedius,Lepidothamnus,Podocarpaceae,-1.237874356,3.06805293513362,-0.994252273,AM,FRED4,"('Dacrydium intermedium',)"
Halocarpus_kirkii,Halocarpus,Podocarpaceae,-0.436336772,2.65958372933207,-1.508278128,AM,FRED4,"('Dacrydium kirkii',)"
Halocarpus_biformis,Halocarpus,Podocarpaceae,-0.446729909,2.3944265090269,-1.194606031,AM,FRED4,"('Dacrydium biforme', 'Podocarpus biformis')"
Prumnopitys_montana,Prumnopitys,Podocarpaceae,-0.168063685,1.44121701166935,-0.863719845,AM,"(Soudzilovskaia et al., 2020)","('Torreya montana', 'Van-tieghemia montana', 'Podocarpus montanus', 'Botryopitys montana', 'Nageia montana', 'Taxus montana')"
Prumnopitys_taxifolia,Prumnopitys,Podocarpaceae,-0.287415441,2.39795380007263,-1.550850606,AM,FRED4,"('Dacrydium taxifolium',)"
Manoao_colensoi,Manoao,Podocarpaceae,-0.755022584,2.9391619220656,-1.660731207,AM,FRED4,"('Lagarostrobos colensoi', 'Lepidothamnus colensoi', 'Dacrydium colensoi')"
Araucaria_luxurians,Araucaria,Araucariaceae,-0.562021457,3.18348974824422,-1.471311768,AM,FRED4,"('Eutassa luxurians', 'Araucaria columnaris f. luxurians', 'Araucaria cookii var. luxurians')"
Araucaria_rulei,Araucaria,Araucariaceae,-1.074093355,3.75901744186603,-0.99409892,AM,FRED4,"('Eutassa rulei', 'Eutacta rulei')"
Agathis_kinabaluensis,Agathis,Araucariaceae,-0.294035546,2.42723339755916,-1.554713013,AM,FRED4,
Agathis_moorei,Agathis,Araucariaceae,-0.533172225,2.68239881881013,-1.231526955,AM,FRED4,"('Salisburyodendron moorei', 'Dammara moorei')"
Agathis_australis,Agathis,Araucariaceae,-0.462850607,2.63828293717939,-1.436390357,AM,FRED4,"('Dammara australis', 'Salisburyodendron australis')"
Callitropsis_nootkatensis,Callitropsis,Cupressaceae,-0.932137859,3.63886350716717,-1.330940355,AM,FRED4,"('Xanthocyparis nootkatensis', 'Chamaecyparis nootkatensis', 'Cupressus nootkatensis')"
Juniperus_sabina,Juniperus,Cupressaceae,-0.916790857,3.64328346186648,-1.570217199,AM,FRED4,"('Sabina vulgaris',)"
Juniperus_chinensis,Juniperus,Cupressaceae,-0.646835933,2.94533526273517,-1.447978461,AM,FRED4,"('Sabina chinensis',)"
Juniperus_phoenicea,Juniperus,Cupressaceae,-0.655466114,2.08363213984522,-0.46980953,AM,"(Soudzilovskaia et al., 2020)","('Sabinella phoenicea', 'Sabina phoenicea')"
Juniperus_communis,Juniperus,Cupressaceae,-0.487525127,3.36470394072323,-1.64675547,AM,FRED4,
Calocedrus_decurrens,Calocedrus,Cupressaceae,-0.424622444,2.48073317539106,-1.310130514,AM,FRED4,"('Heyderia decurrens', 'Thuja decurrens', 'Libocedrus decurrens')"
Microbiota_decussata,Microbiota,Cupressaceae,-0.785335572,3.01545705860486,-1.005234992,AM,FRED4,"('Platycladus decussata',)"
Platycladus_orientalis,Platycladus,Cupressaceae,-0.577499758,2.53396669507593,-1.035957775,AM,FRED4,"('Thuja orientalis', 'Biota orientalis')"
Chamaecyparis_pisifera,Chamaecyparis,Cupressaceae,-0.731601929,3.14112554367606,-1.651384148,AM,FRED4,"('Thuja pisifera', 'Retinispora pisifera', 'Cupressus pisifera')"
Chamaecyparis_obtusa,Chamaecyparis,Cupressaceae,-0.875468737,3.11054794798257,-0.441092286,AM,FRED4,"('Retinispora obtusa', 'Cupressus obtusa', 'Chamaepeuce obtusa')"
Thuja_occidentalis,Thuja,Cupressaceae,-0.478280209,2.58465413064889,-1.31361023,AM,FRED4,
Taxodium_distichum,Taxodium,Cupressaceae,-0.521945781,3.25147800428082,-1.875263541,AM,FRED4,"('Schubertia disticha', 'Cuprespinnata disticha', 'Cupressus disticha')"
Cryptomeria_japonica,Cryptomeria,Cupressaceae,-0.508287182,3.26088630271827,-1.790801832,AM,FRED4,"('Cupressus japonica', 'Schubertia japonica', 'Taxodium japonicum')"
Sequoiadendron_giganteum,Sequoiadendron,Cupressaceae,-0.48694635,2.79493393203802,-1.538274385,AM,FRED4,"('Americus gigantea', 'Wellingtonia gigantea', 'Gigantabies wellingtoniana', 'Washingtonia gigantea', 'Taxodium giganteum', 'Sequoia wellingtonia', 'Steinhauera gigantea')"
Metasequoia_glyptostroboides,Metasequoia,Cupressaceae,-0.411595432,2.69624680476579,-1.535021126,AM,FRED4,"('Sequoia glyptostroboides',)"
Cunninghamia_lanceolata,Cunninghamia,Cupressaceae,-0.62410275,2.612751483,-2.026488958,AM,FRED4,"('Araucaria lanceolata', 'Belis lanceolata', 'Abies lanceolata', 'Pinus lanceolata')"
Torreya_californica,Torreya,Taxaceae,-0.001367602,1.68137318776198,-1.432793239,AM,FRED4,"('Tumion californicum',)"
Torreya_nucifera,Torreya,Taxaceae,-0.020826484,1.75568882291603,-1.308568799,AM,FRED4,"('Tumion nuciferum', 'Foetataxus nucifera', 'Taxus nucifera', 'Taxodium nuciferum', 'Caryotaxus nucifera', 'Podocarpus nucifer')"
Cephalotaxus_harringtonii,Cephalotaxus,Cephalotaxaceae,-0.302762076,2.65318532980631,-1.695532666,AM,FRED4,
Taxus_chinensis,Taxus,Taxaceae,-0.145025772,2.480731278,-1.801809805,AM,FRED4,"('Taxus wallichiana var. chinensis', 'Taxus sumatrana subsp. chinensis', 'Taxus baccata var. chinensis', 'Taxus cuspidata var. chinensis')"
Taxus_cuspidata,Taxus,Taxaceae,-0.686150229,3.2360184048899,-1.509654714,AM,FRED4,"('Taxus baccata var. cuspidata', 'Taxus baccata subsp. cuspidata')"
Sciadopitys_verticillata,Sciadopitys,Sciadopityaceae,-0.562135725,3.21884488998972,-1.755622678,AM,FRED4,"('Taxus verticillata', 'Pinus verticillata')"
Pinus_pungens,Pinus,Pinaceae,-0.733969175,3.44680789291421,-1.737271284,EcM,FRED4,
Pinus_elliottii,Pinus,Pinaceae,-0.851361662,3.41265372862962,-1.234432012,EcM,FRED4,
Pinus_virginiana,Pinus,Pinaceae,-1.234432012,3.24505026583766,-0.392302122,EcM,FRED4,
Pinus_sylvestris,Pinus,Pinaceae,-0.64046097,2.96379472349188,-0.986177837,EcM,FRED4,
Pinus_nigra,Pinus,Pinaceae,-0.798507696,3.50855589998265,-1.398366942,EcM,FRED4,"('Pinus nigricans subsp. nigra', 'Pinus laricio var. nigra', 'Pinus laricio subsp. nigra')"
Pinus_resinosa,Pinus,Pinaceae,-0.789063522,2.97009029366414,-1.228121782,EcM,FRED4,
Pinus_massoniana,Pinus,Pinaceae,-1.234775713,4.09187998915538,-1.347073648,EcM,FRED4,"('Pinea massoniana',)"
Pinus_tabuliformis,Pinus,Pinaceae,-0.810512544,3.703576776,-1.046041481,EcM,FRED4,"('Pinus densiflora var. tabuliformis',)"
Pinus_pinea,Pinus,Pinaceae,-1.152567016,2.93208067951361,-0.338045544,EcM,FRED4,"('Apinus pinea',)"
Pinus_armandii,Pinus,Pinaceae,-0.840899053,3.28338192011256,-0.774103733,EcM,FRED4,
Pinus_koraiensis,Pinus,Pinaceae,-0.597031891,3.008306628,-1.255047641,EcM,FRED4,"('Apinus koraiensis', 'Strobus koraiensis')"
Pinus_pumila,Pinus,Pinaceae,-1.264784944,3.972930829,-1.191824669,EcM,FRED4,"('Pinus cembra var. pumila', 'Pinus cembra subsp. pumila')"
Pinus_strobus,Pinus,Pinaceae,-0.76900441,3.03350094772027,-0.713020789,EcM,FRED4,"('Leucopitys strobus', 'Strobus weymouthiana')"
Picea_koraiensis,Picea,Pinaceae,-0.76731554,3.61904510073842,-1.239529077,EcM,FRED4,"('Picea koyamae var. koraiensis',)"
Picea_meyeri,Picea,Pinaceae,-0.816105484,3.33850348077053,-1.027668924,EcM,FRED4,
Picea_abies,Picea,Pinaceae,-0.913507253,3.17403626102581,-1.234112035,EcM,FRED4,"('Pinus abies', 'Abies picea')"
Picea_wilsonii,Picea,Pinaceae,-0.797947991,3.46289765580969,-0.936286299,EcM,FRED4,
Larix_gmelinii,Larix,Pinaceae,-0.720185673,3.20349463282613,-1.121066313,EcM,"(Soudzilovskaia et al., 2020)","('Abies gmelinii',)"
Larix_decidua,Larix,Pinaceae,-0.752235344,3.13811785797999,-1.309840872,EcM,FRED4,"('Abies larix', 'Picea larix', 'Pinus larix')"
Larix_kaempferi,Larix,Pinaceae,-0.446287103,2.78470255262329,-1.347073648,EcM,FRED4,"('Abies kaempferi', 'Pinus kaempferi', 'Pseudolarix kaempferi', 'Laricopsis kaempferi')"
Pseudotsuga_menziesii,Pseudotsuga,Pinaceae,-0.59057555,2.87522434695518,-1.201359643,EcM,FRED4,"('Abies menziesii',)"
Abies_nephrolepis,Abies,Pinaceae,-0.878914669,3.29753383792526,-1.274016649,EcM,FRED4,"('Abies veitchii var. nephrolepis', 'Abies sibirica var. nephrolepis', 'Pinus nephrolepis')"
Abies_alba,Abies,Pinaceae,-0.592397277,3.46656888910362,-1.409221866,EcM,FRED4,"('Pinus alba', 'Pinus abies var. pectinata', 'Pinus picea', 'Picea pectinata')"
Tsuga_canadensis,Tsuga,Pinaceae,-0.77984651,2.97235828321208,-1.152741226,EcM,FRED4,"('Abies curvifolia', 'Pinus canadensis', 'Picea canadensis')"
Cedrus_libani,Cedrus,Pinaceae,-0.685642081,2.56583706502487,-0.876110212,EcM,FRED4,"('Larix cedrus', 'Picea cedrus', 'Abies cedrus', 'Cedrus effusa', 'Cedrus libanotica subsp. libani', 'Pinus cedrus')"
Encephalartos_gratus,Encephalartos,Zamiaceae,-0.010639735,1.9758979559325,-1.544650668,AM,FRED4,
Dioon_rzedowskii,Dioon,Zamiaceae,-0.316577021,2.7995032413958,-1.43902691,AM,FRED4,
Zamia_lucayana,Zamia,Zamiaceae,-1.116224816,4.075373243,-1.515605554,AM,FRED4,
Cycas_panzhihuaensis,Cycas,Cycadaceae,-0.082023835,2.15464845182459,-1.580339226,AM,FRED4,
Cycas_nathorstii,Cycas,Cycadaceae,-0.144127011,2.4585957728055,-1.661924065,AM,FRED4,
Ephedra_fragilis,Ephedra,Ephedraceae,-0.678981326,1.22105529982754,-0.661970313,AM,"(Soudzilovskaia et al., 2020)",
Ephedra_distachya,Ephedra,Ephedraceae,-1.31737778,3.8834137250853,-1.628436456,AM,FRED4,"('Chaetocladus distachys',)"
Gnetum_gnemon,Gnetum,Gnetaceae,-1.138599054,3.35235324470288,-1.012209133,EcM,"(Soudzilovskaia et al., 2020)",
Ginkgo_biloba,Ginkgo,Ginkgoaceae,-0.239862143,2.80842440909824,-2.039759373,AM,FRED4,"('Salisburia biloba',)"
Dryopteris_sparsa,Dryopteris,Dryopteridaceae,-1.615686562,5.24656776069782,-1.688254122,AM,FRED4,"('Aspidium sparsum', 'Lastrea sparsa', 'Nephrodium sparsum', 'Polystichum sparsum')"
Dryopteris_lepidopoda,Dryopteris,Dryopteridaceae,-1.6101048,4.80901996616486,-1.374598323,AM,"(Soudzilovskaia et al., 2020)",
Polystichum_chilense,Polystichum,Dryopteridaceae,-1.203972804,3.77734810210154,-1.237874356,AM,FRED4,
Blechnum_procerum,Blechnum,Blechnaceae,-1.30933332,3.43720781918519,-0.634878272,AM,FRED4,"('Parablechnum procerum',)"
Blechnum_novae-zelandiae,Blechnum,Blechnaceae,-1.108662625,3.3322045101752,-0.967584026,AM,FRED4,"('Parablechnum novae-zelandiae',)"
Blechnum_lanceolatum,Blechnum,Aspleniaceae,-0.891598119,3.47815842279828,-1.560647748,AM,"(Soudzilovskaia et al., 2020)",
Blechnum_fluviatilis,Blechnum,Aspleniaceae,-1.171182982,3.75887182593397,-1.237874356,AM,"(Soudzilovskaia et al., 2020)",
Blechnum_discolor,Blechnum,Blechnaceae,-1.021651248,3.26956893918372,-1.203972804,AM,FRED4,"('Lomaria discolor',)"
Blechnum_orientale,Blechnum,Blechnaceae,-1.566378423,5.22222075150799,-1.897119985,AM,FRED4,"('Blechnopsis orientalis',)"
Onoclea_sensibilis,Onoclea,Onocleaceae,-1.088321302,4.53139023555757,-2.110914324,AM,"(Soudzilovskaia et al., 2020)","('Angiopteris sensibilis', 'Calypterium sensibile', 'Riedlea sensibilis', 'Pterinodes sensibilis')"
Matteuccia_struthiopteris,Matteuccia,Onocleaceae,-1.070219201,4.88439296891275,-2.208913003,AM,FRED4,"('Onoclea struthiopteris',)"
Athyrium_spinulosum,Athyrium,Athyriaceae,-1.404262394,4.70414198259608,-1.609436206,AM,FRED4,"('Cystopteris spinulosa', 'Pseudocystopteris spinulosa')"
Athyrium_sinense,Athyrium,Athyriaceae,-0.576865476,4.22641732029066,-1.510611421,AM,FRED4,"('Athyrium filix-femina subsp. sinense',)"
Athyrium_monomachii,Athyrium,Athyriaceae,-0.816069884,4.12877889880047,-1.26944992,AM,FRED4,"('Athyrium filix-femina var. monomachii',)"
Cystopteris_sudetica,Cystopteris,Cystopteridaceae,-0.711258584,5.20141387883587,-2.633433378,AM,"(Soudzilovskaia et al., 2020)","('Rhizomatopteris sudetica',)"
Asplenium_bulbiferum,Asplenium,Aspleniaceae,-0.84397007,3.45946628978613,-1.609437912,NMAM,"(Soudzilovskaia et al., 2020)","('Asplenium marinum var. bulbiferum', 'Caenopteris bulbifera', 'Chamaefilix bulbifera')"
Pteridium_aquilinum,Pteridium,Dennstaedtiaceae,-1.381904013,4.69353904318441,-1.688218789,AM,FRED4,"('Eupteris aquilina', 'Filix aquilina', 'Cincinalis aquilina', 'Paesia aquilina', 'Asplenium aquilinum', 'Filix-foemina aquilina', 'Pteris aquilina', 'Ornithopteris aquilina', 'Allosorus aquilinus')"
Adiantum_pedatum,Adiantum,Pteridaceae,-0.950921905,4.83513466898273,-2.080964249,AM,FRED4,
Cyathea_smithii,Cyathea,Cyatheaceae,-1.171182982,3.404525172,-0.916290732,AM,FRED4,"('Alsophila smithii',)"
Alsophila_tricolor,Alsophila,Cyatheaceae,-0.464260155,2.77464552793008,-1.540521681,AM,FRED4,
Alsophila_smithii,Alsophila,Cyatheaceae,-0.478546684,2.70030319101625,-1.363973075,AM,FRED4,"('Hemitelia smithii', 'Cyathea smithii')"
Sphaeropteris_medullaris,Sphaeropteris,Cyatheaceae,-0.588805183,3.22214715597308,-1.610220184,AM,FRED4,"('Polypodium medullare', 'Cyathea medullaris')"
Dicksonia_squarrosa,Dicksonia,Dicksoniaceae,-0.416563973,2.80381583151659,-1.598935552,AM,FRED4,"('Trichomanes squarrosum',)"
Cibotium_barometz,Cibotium,Cibotiaceae,-1.393318976,4.43028255068199,-1.39971738,AM,"(Soudzilovskaia et al., 2020)","('Dicksonia barometz', 'Polypodium barometz', 'Aspidium barometz', 'Nephrodium barometz')"
Sticherus_cunninghamii,Sticherus,Gleicheniaceae,-1.237874356,2.82137888640921,-0.174353387,AM,FRED4,"('Gleichenia cunninghamii', 'Mertensia cunninghamii')"
Dicranopteris_pedata,Dicranopteris,Gleicheniaceae,-1.587431832,4.39420554808918,-0.994252273,AM,"(Soudzilovskaia et al., 2020)","('Polypodium pedatum',)"
Dicranopteris_linearis,Dicranopteris,Gleicheniaceae,-0.988827823,3.44497500400804,-0.658745754,AM,FRED4,"('Gleichenia linearis', 'Polypodium lineare')"
Osmunda_japonica,Osmunda,Osmundaceae,-0.870421496,3.15794354690547,-1.211193051,AM,FRED4,"('Osmunda regalis var. japonica', 'Osmunda regalis subsp. japonica', 'Osmundastrum japonicum')"
Equisetum_hyemale,Equisetum,Equisetaceae,-0.514811868,4.01099664244986,-2.470915358,NMAM,FRED4,"('Presla hyemalis', 'Hippochaete hyemalis')"
Equisetum_pratense,Equisetum,Equisetaceae,-1.045448627,5.3146380129617,-3.068747481,NMAM,"(Soudzilovskaia et al., 2020)",
Lycopodium_volubile,Lycopodium,Lycopodiaceae,-0.820980552,4.01638302075239,-2.302585093,AM,FRED4,"('Pseudodiphasium volubile',)"
