binominal,F01286,F01287,F00679_mean,F00679_sem,F00727_mean,F00727_sem,F00709_mean,F00709_sem
Abies_alba,Abies,alba,-0.5966203707494703,0.06479660219647189,3.2543719205470523,0.45674275811569703,-1.461081124867259,0.23113404436332438
Abies_nephrolepis,Abies,nephrolepis,-0.8789146685609613,,3.2975338379252603,,-1.2740166493206921,
Acacia_auriculiformis,Acacia,auriculiformis,-0.7753055701278678,0.15707993365108386,3.024911447914422,0.5701878623865949,-1.2411749706876078,0.07762008666366987
Acacia_crassicarpa,Acacia,crassicarpa,-1.487530062200767,,4.684720464746101,,-1.0216512475319814,
Acacia_mangium,Acacia,mangium,-1.3761460300680755,,4.597037202757902,,-1.2378743560016174,
Acer_barbinerve,Acer,barbinerve,-1.3771364233351249,,4.96758145600384,,-1.878436748579971,
Acer_campbellii,Acer,campbellii,-1.6620478627063977,,4.370364110801968,,-0.7874578600311866,
Acer_campestre,Acer,campestre,-0.8653030230376122,0.019004662983492127,3.3400026295821728,0.4380317358426562,-1.3567826908951601,0.41517415103671507
Acer_caudatum,Acer,caudatum,-1.4443472925685077,,4.47043733121117,,-1.3470736479666092,
Acer_coriaceifolium,Acer,coriaceifolium,-1.2225553525715795,0.1350288746317662,4.408034582746001,0.2772239175091653,-1.6616558491158926,0.030418474580699545
Acer_davidii,Acer,davidii,-1.020158521156748,0.20528779864682797,3.3886243764703305,0.5432048532469419,-1.1048122787433943,0.16829601177330153
Acer_fabri,Acer,fabri,-1.643266200044407,0.044450298490941204,4.871722142864475,0.24890389126561807,-1.3314832993953076,0.2354563489234596
Acer_laurinum,Acer,laurinum,-0.470128275602159,0.051359424429590864,2.431427153454119,0.1506688392323653,-1.1592231439649348,0.043737012907886966
Acer_negundo,Acer,negundo,-1.2950432982538485,0.06304165578809248,3.5270792689807644,0.16310343015162787,-0.7057790196316883,0.16402349807458888
Acer_pictum,Acer,pictum,-1.2906239272267712,0.07466260587659326,4.326277430134553,0.07423258608861744,-1.4743883120884138,0.15055784204869826
Acer_platanoides,Acer,platanoides,-0.8589474038554906,0.047267308652164934,3.072937772647258,0.1531940846991716,-0.9174374532502183,0.14670188983559126
Acer_pseudoplatanus,Acer,pseudoplatanus,-1.0308758240870945,0.0563094868443711,3.4173968570849595,0.15903364183452065,-0.979067161128399,0.16967075488866004
Acer_rubrum,Acer,rubrum,-0.6173931033628494,0.017058951240266775,3.173118480704275,0.04309826480095049,-1.6959879218481457,0.042069112303513345
Acer_saccharum,Acer,saccharum,-0.6103422690411145,0.016304360911159384,3.248183872071964,0.040342007876046124,-1.8090459119127045,0.03791862660197159
Acer_tataricum,Acer,tataricum,-1.4561447444507682,,5.150272465209543,,-1.922649808506291,
Acer_tegmentosum,Acer,tegmentosum,-1.054863381738095,,4.331653321710459,,-1.925719074665456,
Acer_triflorum,Acer,triflorum,-1.452006904485272,,4.70622041830678,,-1.4824401519498853,
Acer_truncatum,Acer,truncatum,-0.9358291768290204,0.20140434705921717,3.3722633143984195,0.39953744932038987,-1.2590404700839657,0.07826070412415385
Achillea_millefolium,Achillea,millefolium,-1.118602032292081,0.09199141412265353,4.897638977517084,0.5858882023139088,-2.3972959177931368,0.6576825172899525
Ackama_rosifolia,Ackama,rosifolia,-1.0253700456287036,0.030105020120834373,3.924037114104917,0.06826512145263385,-1.6272432849072185,0.0506460477510367
Acronychia_pedunculata,Acronychia,pedunculata,-0.7105105690889262,0.12119936263023535,3.104295290349337,0.30333500239937683,-1.2971723353114801,0.1233034377321748
Actaea_cimicifuga,Actaea,cimicifuga,-1.3840021832374023,0.36068287860472387,4.466508695007551,0.8088186362923967,-1.4402655966025906,0.07878825399287048
Actinidia_kolomikta,Actinidia,kolomikta,-1.4696759700589417,,5.413981572847829,,-2.227361671756458,
Actinodaphne_henryi,Actinodaphne,henryi,-0.24838031979974637,0.0762851343464421,1.9344142670188649,0.21734726106486177,-1.1208754532864007,0.09955000776202162
Adenocaulon_himalaicum,Adenocaulon,himalaicum,-1.7521542146356957,,5.262232519941716,,-1.5056411187524568,
Adiantum_pedatum,Adiantum,pedatum,-0.9847207735051999,0.135213176159985,4.61240097422012,0.39375181504874285,-2.2848204343622216,0.31944666439050196
Adina_metcalfii,Adina,metcalfii,-1.8679496075861015,,4.604770105966751,,-1.2378743560016174,
Adina_pilulifera,Adina,pilulifera,-1.9834043534828938,,6.363496743711504,,-2.169053702869523,
Aesculus_hippocastanum,Aesculus,hippocastanum,-1.3046785782364851,0.540664437494953,2.7439525463579884,0.22422044574604866,-1.7026758800349686,0.13785474396422323
Aesculus_parviflora,Aesculus,parviflora,-1.1562295319490554,0.6122136658059797,3.1106153321817303,0.4343384038351203,-1.8812410408634095,0.22707818700642526
Afrocarpus_falcatus,Afrocarpus,falcatus,-0.2744368457017603,,2.4475508632442313,,-1.171182981502945,
Agastache_foeniculum,Agastache,foeniculum,-0.8675005677047231,,3.6888794541139363,,-1.7147984280919266,
Agathis_australis,Agathis,australis,-0.4651066939400486,0.017914341635066777,2.6180210530619132,0.05406633248624042,-1.442982478344801,0.030672339502807764
Agathis_kinabaluensis,Agathis,kinabaluensis,-0.2976679200477087,0.048892489419616256,2.4205101598481957,0.06795994680649316,-1.555982175149023,0.028904003024376755
Agathis_moorei,Agathis,moorei,-0.5378183756496605,0.0684957558368492,2.611671081269263,0.27249708506895903,-1.255413547680832,0.15366223104625504
Aglaia_exstipulata,Aglaia,exstipulata,-0.08790268317591103,,0.6983538030461193,,-0.23891475425760197,
Aglaia_odoratissima,Aglaia,odoratissima,-0.1690697511182067,,1.6522278025290842,,-1.0420794621337677,
Agouticarpa_curviflora,Agouticarpa,curviflora,-0.2876820724517809,,1.205970806988609,,-0.7444404749474959,
Agrimonia_pilosa,Agrimonia,pilosa,-1.488073070139593,0.07830535283406026,5.000074164910362,0.42146205377091256,-1.7858805442710457,0.2653901171087606
Agropyron_cristatum,Agropyron,cristatum,-1.4696759700589417,0.0,5.202204142208293,0.050069285838337134,-2.003166842449694,0.03705398607686094
Agrostis_capillaris,Agrostis,capillaris,-2.0402208285265546,,5.556828061699537,,-1.4696759700589417,
Agrostis_scabra,Agrostis,scabra,-1.5606477482646683,,4.941642422609304,,-1.6094379124341003,
Aidia_oxyodonta,Aidia,oxyodonta,-1.4196066472283984,0.3744367076058233,3.3326545237162266,0.6513192671027358,-0.251876737303216,0.11365261396855668
Ailanthus_fordii,Ailanthus,fordii,-0.23216594269983903,0.1794681540507603,1.9419718875903103,0.09295012063138797,-0.9662754677085847,0.02491224134806674
Aiouea_montana,Aiouea,montana,-0.3782877805899664,,2.626453652342642,,-1.6204667369525432,
Alangium_chinense,Alangium,chinense,-2.3735441819345398,,5.135268885097667,,-1.1394342831883648,
Alchornea_tiliifolia,Alchornea,tiliifolia,-0.7909110095833776,0.1650283047981228,3.0414093688502577,0.37771327780347513,-1.1419790922472506,0.1108288681933121
Alchornea_trewioides,Alchornea,trewioides,-1.369240606554063,,4.527772527776599,,-1.518466134445765,
Alectryon_excelsus,Alectryon,excelsus,-0.7708157040719819,0.0571163589569814,3.564243773368105,0.1697254472683316,-1.7562515007870703,0.09566330100537586
Alibertia_claviflora,Alibertia,claviflora,-0.4668087383492164,,1.888583653863595,,-0.7940730991499059,
Alibertia_edulis,Alibertia,edulis,-0.33267943838251673,,1.8764069432883397,,-1.018877320649256,
Allantoma_lineata,Allantoma,lineata,-0.9238189982949466,,2.8414149131696336,,-0.8651224452997557,
Allium_bidentatum,Allium,bidentatum,-0.6933472205706153,0.020002667306849572,3.357885716123624,0.09748414442692455,-1.7163440243767631,0.05561281755511216
Allium_tenuissimum,Allium,tenuissimum,-0.916290731874155,0.0,3.8865144654747943,0.05331824059261913,-1.8345384134088782,0.06258157147700304
Allium_textile,Allium,textile,-1.168659288052703,,5.23566960080539,,-2.25380866225225,
Allophylus_abyssinicus,Allophylus,abyssinicus,-0.5978370007556204,,2.3561258599220753,,-0.8915981192837836,
Allophylus_cobbe,Allophylus,cobbe,-1.8568101214823827,,4.318421011584911,,-0.5108256237659907,
Alniphyllum_fortunei,Alniphyllum,fortunei,-1.1780936419859003,0.05534866179878796,4.289030592753673,0.1337587732651397,-1.6507135206100159,0.021771766572712004
Alnus_glutinosa,Alnus,glutinosa,-0.9526305986530476,,3.2857469622150157,,-0.9007259785570098,
Alpinia_japonica,Alpinia,japonica,-1.7781524658218382,,5.505626207959451,,-1.7272209468404838,
Alseis_blackiana,Alseis,blackiana,-0.42920598578943203,0.023730531047879398,2.52665947810726,0.06988630571504087,-1.4261759455349314,0.03841649801024709
Alseodaphnopsis_andersonii,Alseodaphnopsis,andersonii,-0.18032355413128162,,1.3272188234777798,,-0.6442685707781323,
Alsophila_smithii,Alsophila,smithii,-0.4986021796252533,0.09096012730468866,2.645238943653146,0.14835076223975482,-1.408596866456442,0.12576111076686713
Alsophila_tricolor,Alsophila,tricolor,-0.47114013564240775,0.04748072519651254,2.747439480770231,0.10093534204704802,-1.5494195228460843,0.05458560182320225
Alstonia_scholaris,Alstonia,scholaris,-0.6468362776966949,,3.248822901236153,,-1.7719568419318752,
Amaioua_glomerulata,Amaioua,glomerulata,-0.6772738314036552,,2.2460147415056513,,-0.7011793522572096,
Amaioua_guianensis,Amaioua,guianensis,-0.7830718880879323,,2.8148097376737438,,-0.7985076962177716,
Ambrosia_artemisiifolia,Ambrosia,artemisiifolia,-1.0216512475319814,,4.859812404361672,,-2.5257286443082556,
Amelanchier_alnifolia,Amelanchier,alnifolia,-0.9779888454580034,,3.038581000863127,,-0.6852420009898399,
Anaphalis_aureopunctata,Anaphalis,aureopunctata,-1.98813938327305,,6.172024135880895,,-1.9117187840129164,
Anaphalis_hancockii,Anaphalis,hancockii,-1.7220468568167546,,5.7678769869239215,,-2.0730106482726223,
Anaxagorea_javanica,Anaxagorea,javanica,-0.2086860662252831,,1.8703129747441396,,-1.0627628528511366,
Andesanthus_lepidotus,Andesanthus,lepidotus,-0.7234696015703762,0.08329430577653661,3.0853828366621743,0.13877281853881437,-1.4024262855635636,0.033523667500369725
Andropogon_gerardii,Andropogon,gerardii,-1.171182981502945,,4.02535169073515,,-1.4271163556401458,
Androsace_occidentalis,Androsace,occidentalis,-2.163941784752468,,5.334918413389103,,-0.8986771581220587,
Anemone_cylindrica,Anemone,cylindrica,-1.0216512475319814,,3.9512437185814275,,-1.6607312068216509,
Aniba_coto,Aniba,coto,-0.28287680259369574,0.08016714758689421,1.9313536604390291,0.17785007730417715,-1.1240601694050032,0.07633444524686413
Aniba_guianensis,Aniba,guianensis,-0.42159449003804794,,2.647592232065096,,-1.4653375684603434,
Aniba_hostmanniana,Aniba,hostmanniana,-0.17197526473981037,,1.9501867058225735,,-1.2801341652915,
Aniba_muca,Aniba,muca,-0.02716566807276955,,0.9789762741813389,,-0.683469391793493,
Aniba_terminalis,Aniba,terminalis,-0.2382571891242579,,1.776645831418007,,-0.941608539858445,
Antennaria_neglecta,Antennaria,neglecta,-1.2911660160283132,,4.826183259044324,,-1.8364953630694465,
Antennaria_parvifolia,Antennaria,parvifolia,-1.0511086660241429,,3.805296934268106,,-1.3846290804697148,
Anthyllis_cytisoides,Anthyllis,cytisoides,-1.250627749698357,,2.2408114559060697,,-0.5132099356464621,
Anthyllis_terniflora,Anthyllis,terniflora,-1.0109448769163498,,1.7962250888235667,,-0.5986780470632063,
Antiaris_toxicaria,Antiaris,toxicaria,-0.35586733012755545,0.04315263810216653,2.0784189559889485,0.21551993596571462,-0.9844159762288841,0.08203421371716656
Antidesma_maclurei,Antidesma,maclurei,-0.909985650739561,,2.995232148512309,,-1.2378743560016174,
Aphanamixis_polystachya,Aphanamixis,polystachya,-1.054679016426181,0.2679347607369738,3.2915058737301726,0.7271628997349775,-0.8486091799206538,0.08819894397466774
Apodytes_dimidiata,Apodytes,dimidiata,-0.5978370007556204,,2.5572273113676265,,-1.0788096613719298,
Aporosa_octandra,Aporosa,octandra,-1.0034293896909183,,3.3724549127965013,,-1.0788096613719298,
Aporosa_subcaudata,Aporosa,subcaudata,-0.6995677483628681,,2.4220089311308337,,-0.7807452401596214,
Aporosa_yunnanensis,Aporosa,yunnanensis,-0.6579130970692266,0.11584624944584168,2.658909827272607,0.26358591276023824,-1.056793736728403,0.08318771395581159
Araucaria_luxurians,Araucaria,luxurians,-0.5661284940389203,0.06370264783036575,3.137217683469982,0.2231786073596639,-1.4973862453092508,0.1579255417085973
Araucaria_rulei,Araucaria,rulei,-1.1623525083160235,0.29209533006325256,3.3712493481706716,0.6465282409737134,-1.008342543100038,0.12200228983320542
Arbutus_unedo,Arbutus,unedo,-0.6933805417865585,,2.4945979586490235,,-0.5830853416610542,
Archidendron_clypearia,Archidendron,clypearia,-1.306263961214402,,4.2531984503199265,,-0.8915981192837836,
Archidendron_lucidum,Archidendron,lucidum,-1.3449221180141588,,4.07567129695648,,-1.171182981502945,
Ardisia_depressa,Ardisia,depressa,-1.0671165469273196,0.150648220489815,3.6734973604517682,0.27315976454282465,-1.2976997741905978,0.11631951666527227
Ardisia_japonica,Ardisia,japonica,-1.469241281940817,,4.620057234933822,,-1.4175469058938364,
Ardisia_quinquegona,Ardisia,quinquegona,-0.6011613109748714,0.16437110818745587,2.7574617168718802,0.19571948849442025,-1.3209651119339676,0.1517501641941405
Arenaria_serpyllifolia,Arenaria,serpyllifolia,-1.565421027017326,,6.481577129276431,,-2.703062659591171,
Aristotelia_serrata,Aristotelia,serrata,-1.0235543031063132,0.029644859026090636,4.252273966125488,0.15734013848172532,-1.9576042538387477,0.1993786011647267
Armeria_velutina,Armeria,velutina,-0.676437566996998,,2.3518964032480256,,-0.49355447410103276,
Arnica_fulgens,Arnica,fulgens,-0.6627149734397434,,2.7651715000311867,,-1.124452334533328,
Arnica_sororia,Arnica,sororia,-1.4134600291926602,,4.3422566039633335,,-1.2039728043259361,
Artemisia_barrelieri,Artemisia,barrelieri,-0.8560191135325868,,1.6239199287813029,,-0.7989399985358439,
Artemisia_cana,Artemisia,cana,-1.171182981502945,,4.023913586086754,,-1.3406721008922717,
Artemisia_frigida,Artemisia,frigida,-1.1876236104009679,0.06174452295779435,4.0618759231433375,0.16326224780389667,-1.4104564396754322,0.07149145033904261
Artemisia_igniaria,Artemisia,igniaria,-1.7885645783315358,,5.318869012769295,,-1.5018072470172452,
Artemisia_ludoviciana,Artemisia,ludoviciana,-1.0911885321834227,0.012378870811492915,4.397755988462842,0.275072845999063,-1.775019606796425,0.4322553063932958
Artemisia_mongolica,Artemisia,mongolica,-1.795165262362888,,5.276430365583576,,-1.4395388757949528,
Artocarpus_lakoocha,Artocarpus,lakoocha,-0.24453744357620544,,1.9822398245462034,,-1.1761407023295931,
Artocarpus_styracifolius,Artocarpus,styracifolius,-1.262449734084912,,3.5421180727185324,,-0.527632742082372,
Ascarina_lucida,Ascarina,lucida,-0.6348782724359695,,3.100092288878234,,-1.6094379124341003,
Asclepias_incarnata,Asclepias,incarnata,-1.0216512475319814,,4.248495242049359,,-1.9661128563728327,
Asclepias_syriaca,Asclepias,syriaca,-0.843970070294529,,3.871201010907891,,-1.9661128563728327,
Asclepias_tuberosa,Asclepias,tuberosa,-0.6931471805599453,,3.1354942159291497,,-1.5141277326297755,
Asimina_triloba,Asimina,triloba,-0.6702205935401236,0.5307649655265342,2.524287989738684,0.08196480301668838,-1.8047007991805823,0.013952259007243567
Asparagus_schoberioides,Asparagus,schoberioides,-1.0708998501015738,,4.78553148940686,,-2.406725353466155,
Asplenium_bulbiferum,Asplenium,bulbiferum,-0.843970070294529,,3.459466289786131,,-1.6094379124341003,
Astelia_fragrans,Astelia,fragrans,-0.06187540371808753,,2.5572273113676265,,-2.4079456086518722,
Astelia_nervosa,Astelia,nervosa,-0.05129329438755058,,2.6741486494265287,,-2.4079456086518722,
Aster_lanceolatus,Aster,lanceolatus,-1.0216512475319814,,4.219507705176107,,-1.8971199848858813,
Aster_scaber,Aster,scaber,-1.554476354360126,,5.389988204702237,,-2.0281482500922854,
Aster_tataricus,Aster,tataricus,-1.6245515502441485,,5.694102440602895,,-2.184802057337662,
Astilbe_rivularis,Astilbe,rivularis,-0.9564618965634318,,3.6047036853482144,,-1.4515348843366063,
Astilbe_rubra,Astilbe,rubra,-1.7620065110787073,,5.3774425203207885,,-1.6094379124341003,
Astragalus_aboriginum,Astragalus,aboriginum,-1.5329399414613754,,3.7607826164598617,,-0.4307829160924542,
Astragalus_agrestis,Astragalus,agrestis,-0.9450760833059084,,3.0361683041597565,,-0.87638008370386,
Astragalus_bisulcatus,Astragalus,bisulcatus,-1.0367648853420295,,4.505276183130613,,-2.1594842526867057,
Astragalus_canadensis,Astragalus,canadensis,-0.8675005677047231,,3.5263605246161616,,-1.5141277326297755,
Astragalus_scaberrimus,Astragalus,scaberrimus,-1.2554200159072524,0.017545659905634947,4.0867823851383385,0.0998374531929329,-1.2924740019841132,0.05459964598249589
Athyrium_monomachii,Athyrium,monomachii,-0.9961592573418158,0.3269629054369449,3.5058034826010074,0.7525191986789762,-1.4962603502213916,0.39748387520394507
Athyrium_sinense,Athyrium,sinense,-0.6773417353595359,0.26599216282530813,3.7054914175850184,0.7436216353871369,-1.6799718032467519,0.3280869695527459
Athyrium_spinulosum,Athyrium,spinulosum,-1.469555884944195,0.2478289132374905,4.057874689286682,0.9463092762290212,-1.924713766185203,0.5776212017863104
Atractylis_humilis,Atractylis,humilis,-0.9342637838644055,,1.7067240685289604,,-0.651258991746882,
Baccaurea_ramiflora,Baccaurea,ramiflora,-0.2666470491860544,0.04431936722882347,2.1455742403785725,0.09093551144945958,-1.2505527912275192,0.043017635888054885
Baptisia_alba,Baptisia,alba,-1.4271163556401458,,5.765191102784844,,-2.659260036932778,
Barringtonia_fusicarpa,Barringtonia,fusicarpa,-0.2195464015381864,0.023670668281498886,1.8021819733420372,0.10647125543138733,-1.0677603348659115,0.0946146349083219
Barringtonia_racemosa,Barringtonia,racemosa,-0.5445425773023795,0.15288372394834207,2.3626723236673266,0.368445229418932,-1.0303883563666985,0.09037705409114312
Bathysa_australis,Bathysa,australis,-1.1405509914400151,0.11906473642154566,2.679720470510376,0.15930584484126936,-0.15832666627110387,0.14953636855762922
Beilschmiedia_purpurascens,Beilschmiedia,purpurascens,-0.0917338872719264,0.018333622180147145,1.6395167415021872,0.06396069633988312,-1.1976931583844734,0.03960613808658214
Beilschmiedia_tarairi,Beilschmiedia,tarairi,-0.141013699662139,0.019546800554897607,2.1693292023205832,0.06164786146159291,-1.63581128195411,0.05694011660167755
Beilschmiedia_tawa,Beilschmiedia,tawa,-0.22894505927571016,0.03486271194688429,2.0664229787492276,0.0719408916658504,-1.3615496681575077,0.02270222952649961
Berberis_thunbergii,Berberis,thunbergii,-1.249102796005754,0.036126377182601255,3.3500374793892673,0.027162612447937603,-0.611886463773964,0.022033920413662308
Berteroa_incana,Berteroa,incana,-1.6607312068216509,,5.4680601411351315,,-1.8971199848858813,
Betula_costata,Betula,costata,-1.1134214053367373,,4.713259579070718,,-1.9045246250276415,
Betula_dahurica,Betula,dahurica,-0.8448757459914932,0.23018285635363536,2.669228760587161,0.5835867604540499,-0.737912775642002,0.13173678687455406
Betula_fruticosa,Betula,fruticosa,-1.2718948208113945,,3.88699799929116,,-1.0756070598850043,
Betula_lenta,Betula,lenta,-1.3093333199837622,,4.697749367281185,,-1.6928195213731514,
Betula_pendula,Betula,pendula,-1.179921489994348,0.0814363104639601,3.9900129062496292,0.21673218526412122,-1.332504922879608,0.07023993781360943
Betula_utilis,Betula,utilis,-1.024784296141047,0.2800979631820616,2.784863741810944,0.6980669394157859,-0.4937306567406826,0.14014747358750157
Bituminaria_bituminosa,Bituminaria,bituminosa,-1.0700248318161971,,4.897839799950911,,-2.396895772465287,
Blastus_cochinchinensis,Blastus,cochinchinensis,-1.5941388767862934,,5.32488948298348,,-1.739950432158628,
Blastus_pauciflorus,Blastus,pauciflorus,-1.8153352078044724,,5.490746388301094,,-1.599256004436593,
Blechnopsis_orientalis,Blechnopsis,orientalis,-1.5663784229736533,,5.222220751507993,,-1.8971199848858813,
Blechnum_fluviatilis,Blechnum,fluviatilis,-1.171182981502945,,3.758871825933971,,-1.2378743560016174,
Blechnum_lanceolatum,Blechnum,lanceolatum,-0.8915981192837836,,3.4781584227982836,,-1.5606477482646683,
Blepharocalyx_eggersii,Blepharocalyx,eggersii,-0.6405547304407747,,1.8164520818184267,,-0.4992264879226388,
Blumeodendron_tokbrai,Blumeodendron,tokbrai,-0.7907600094269457,,3.21107720250907,,-1.3878114553255747,
Bouteloua_curtipendula,Bouteloua,curtipendula,-1.1394342831883648,,4.174387269895637,,-1.6607312068216509,
Bouteloua_gracilis,Bouteloua,gracilis,-1.5829988599044778,,4.481377676912836,,-0.819768970422293,
Brachypodium_phoenicoides,Brachypodium,phoenicoides,-1.324258970200438,,4.727387818712341,,-1.973281345851445,
Brachypodium_pinnatum,Brachypodium,pinnatum,-1.8971199848858813,,4.875197323201151,,-1.2378743560016174,
Brachypodium_sylvaticum,Brachypodium,sylvaticum,-2.0402208285265546,,5.081404364984463,,-1.171182981502945,
Bromus_catharticus,Bromus,catharticus,-1.186624165991323,,5.342224871341821,,-3.097581848671833,
Bromus_erectus,Bromus,erectus,-1.3611249691815295,0.12895799606949246,4.701955043973716,0.15836365860913545,-1.8872654287581745,0.211980897052049
Bromus_inermis,Bromus,inermis,-1.3507367376262949,0.24086125667947453,4.910206203445384,0.4241086343036815,-2.1679623972792905,1.1119097231549766
Bromus_madritensis,Bromus,madritensis,-1.5511690043101247,,6.056784013228625,,-2.396895772465287,
Brosimum_lactescens,Brosimum,lactescens,-0.43850496218636453,,2.2945529212967815,,-1.0729445419195318,
Brosimum_rubescens,Brosimum,rubescens,-0.2984060358147566,,2.1138429683971682,,-1.1086626245216111,
Brosimum_utile,Brosimum,utile,-0.29169009384931976,,2.211565694606877,,-1.07587280169862,
Calamagrostis_canadensis,Calamagrostis,canadensis,-1.5141277326297755,,5.517452896464707,,-2.2072749131897207,
Calamus_rhabdocladus,Calamus,rhabdocladus,-1.520054351299415,,4.637108263275592,,-1.368275853831498,
Calliandra_houstoniana,Calliandra,houstoniana,-0.7507762933965817,,3.1599747169480397,,-1.1116975282167652,
Callitropsis_nootkatensis,Callitropsis,nootkatensis,-0.9408912515821838,0.09330261143136756,3.542681823940665,0.32435238656027876,-1.3814418873940368,0.2333487034540163
Calluna_vulgaris,Calluna,vulgaris,-1.1501161315352253,,2.611930551632364,,0.1777698685600747,
Calocedrus_decurrens,Calocedrus,decurrens,-0.4258686031145464,0.03510401433067015,2.4530109455227596,0.16760224298446508,-1.3588439497789235,0.22553388425933163
Calpurnia_aurea,Calpurnia,aurea,-0.6348782724359695,,2.830267833826459,,-1.1394342831883648,
Caltha_palustris,Caltha,palustris,-1.5616005830199404,,5.84841055554281,,-2.4849066537880002,
Calycolpus_goetheanus,Calycolpus,goetheanus,-0.843970070294529,,3.0027078872904163,,-0.959720289801491,
Campanula_rotundifolia,Campanula,rotundifolia,-1.954984527976418,,6.285440420788243,,-1.7725016550214605,
Canarium_album,Canarium,album,-0.8157117108400365,0.1529026550524121,3.3941045293671617,0.2607755704315714,-1.5673661812040407,0.12766762211406443
Canarium_subulatum,Canarium,subulatum,-0.3783180573133738,0.0704163939815905,2.274515409671679,0.1926104206793553,-1.1527034313957574,0.1478747035303348
Carallia_brachiata,Carallia,brachiata,-1.5405650481477249,,4.693547296605504,,-1.5606477482646683,
Carapichea_pacimonica,Carapichea,pacimonica,-0.7787050689215919,,3.258096538021482,,-1.4567168254164364,
Carex_atrofusca,Carex,atrofusca,-0.4493653364974331,0.024068182117960617,3.1601916376173707,0.04364428183402108,-2.043141457496332,0.025254411436707067
Carex_coriophora,Carex,coriophora,-0.3568250291761593,0.03366855180912437,3.062591926414176,0.05647202416575446,-2.107319244478197,0.03748417381874808
Carex_filifolia,Carex,filifolia,-1.7039055877450273,,4.678025021150672,,-0.6715565487753447,
Carex_flacca,Carex,flacca,-1.0937634721761047,0.2030122462928149,4.235665227604223,0.49009433442920713,-1.930449731255104,0.2592931146329343
Carex_humulis,Carex,humulis,-1.2911494978983247,0.01818382208543745,4.594276163521069,0.503270502564483,-1.6037207236212687,0.3623921327515639
Carex_korshinskyi,Carex,korshinskyi,-1.4067053583800182,0.020410997260127628,5.527989311834203,0.08513879455386773,-2.4668371264800637,0.058891517828191686
Carex_lasiocarpa,Carex,lasiocarpa,-1.4696759700589417,,5.529429087511423,,-2.4079456086518722,
Carex_obtusata,Carex,obtusata,-1.7993213221070719,,4.619216429009954,,-0.5603064511383525,
Carex_pseuduncinoides,Carex,pseuduncinoides,-0.49592707493351346,0.025856012882250298,3.19918872653155,0.054027002239325356,-1.9658471432959854,0.023460806210613954
Carex_tibetikobresia,Carex,tibetikobresia,-0.4054375647103531,0.056548822413792534,2.770171017199702,0.07355173272246084,-1.9934938742803616,0.04018416661781279
Carpinus_betulus,Carpinus,betulus,-0.8531729716710631,0.1078735427901448,3.1104032153201433,0.1678803959565689,-0.7359592064966789,0.1529082859886449
Carpinus_caroliniana,Carpinus,caroliniana,-0.47445737277250155,0.04385415979703666,2.8223043609917964,0.15666734657870868,-1.6321644443628696,0.10913549828169938
Carpinus_cordata,Carpinus,cordata,-1.5683955983492925,0.24998672234709632,3.2843035696371867,0.5686769624783927,0.09405211984113751,0.07982552355084294
Carpodetus_serratus,Carpodetus,serratus,-0.6632225985664808,0.03174957720877821,3.432466353249019,0.05962824982398625,-1.874150513732138,0.029855558657592398
Carya_cordiformis,Carya,cordiformis,-0.5026630141714579,0.027625150820873433,2.8725257403916924,0.1408456609963055,-1.6259700941401616,0.12756332805255066
Carya_glabra,Carya,glabra,-1.6605335694180057,0.08634522722596905,3.9368961586218902,0.1627870414157921,-0.3606018951454792,0.14307739764789773
Carya_ovata,Carya,ovata,-0.5576396178353847,0.01807911659177979,2.927557787900765,0.053052228957548395,-1.5704328648507915,0.04773275498664974
Caryota_maxima,Caryota,maxima,-1.2301456786299592,,4.05301196636022,,-1.3342833741352949,
Castanea_henryi,Castanea,henryi,-1.7836127440922864,,3.7125959807312525,,-0.7133498878774648,
Castanopsis_boisii,Castanopsis,boisii,-0.43572052308174586,0.07113562663085357,2.0335893624643218,0.2816361154699304,-0.8429589854804435,0.16904681422206833
Castanopsis_calathiformis,Castanopsis,calathiformis,-0.41895569879745453,,1.9015820043045208,,-0.7712935607328995,
Castanopsis_carlesii,Castanopsis,carlesii,-0.8065179801424345,0.254050647181853,2.5287788840880934,0.7119651812227067,-0.6554128649412811,0.2209232731179735
Castanopsis_echinocarpa,Castanopsis,echinocarpa,-0.6516634034263862,0.13473291552717118,2.4823890053052633,0.26824039116818615,-0.8607984046681824,0.07534668822264128
Castanopsis_eyrei,Castanopsis,eyrei,-1.636637834073377,,4.6279072887905155,,-1.0739196751021285,
Castanopsis_fabri,Castanopsis,fabri,-0.822093673859659,0.23279685106525017,2.3550285314482844,0.7847301548567446,-0.4287688563620459,0.30891527056812035
Castanopsis_fargesii,Castanopsis,fargesii,-1.5960282255241827,,4.743054926652544,,-1.330724511046161,
Castanopsis_ferox,Castanopsis,ferox,-0.4116982342270692,0.209500447020292,2.05644357023428,0.6309760211288725,-0.9310641602671538,0.18631720467505217
Castanopsis_fissa,Castanopsis,fissa,-1.583132110853322,0.007974844896054711,4.484338196609429,0.3284282787291737,-0.9364013379419118,0.3202151985180948
Castanopsis_fleuryi,Castanopsis,fleuryi,-0.726472610302933,0.037510053935474706,2.627277883914418,0.14511897778980057,-0.9128327591708496,0.1892781703046072
Castanopsis_hystrix,Castanopsis,hystrix,-0.6912894576779697,0.11904837170452154,2.496955057509593,0.23745209425337718,-0.7735832591617505,0.08002715770997369
Castanopsis_indica,Castanopsis,indica,-0.3627376757728085,0.0358465423837079,1.7740022431840508,0.10607837754434372,-0.6820281493610927,0.0431866914435847
Castanopsis_wattii,Castanopsis,wattii,-1.82504741609423,,4.52526080275979,,-0.6733445532637656,
Catalpa_bignonioides,Catalpa,bignonioides,-1.1042043145365323,0.4199438494428448,3.377881690824099,0.2401061626785333,-2.148573606462026,0.054239340720810714
Catostemma_sclerophyllum,Catostemma,sclerophyllum,-0.23319388716771114,,1.8531680973566984,,-1.0996127890016931,
Catunaregam_spinosa,Catunaregam,spinosa,-1.3587181053497872,,4.38502214365368,,-0.9675840262617056,
Caulophyllum_robustum,Caulophyllum,robustum,-1.0277811079075183,,4.518592891171162,,-2.2244203229266644,
Cecropia_angustifolia,Cecropia,angustifolia,-0.6415808269811775,0.10699374724838849,3.032468571375829,0.2952290352692496,-1.5088133469025597,0.24363282026687266
Cedrela_montana,Cedrela,montana,-0.5281832298767709,0.03838499888447184,2.906987007874816,0.09070193877607201,-1.6091175594038523,0.02959818684152153
Cedrus_libani,Cedrus,libani,-0.6896312053927866,0.06315449527186467,2.538626425662939,0.16442751354607904,-0.8771624314405044,0.03259913994068756
Celtis_australis,Celtis,australis,-1.2670013549319075,,3.1154290151287816,,-0.26594116144304236,
Celtis_sinensis,Celtis,sinensis,-1.963046135002048,,4.727387818712341,,-0.4780358009429998,
Celtis_tetrandra,Celtis,tetrandra,-0.6569130981615798,0.17353773283679766,2.6926689337193577,0.3025932226491631,-0.9924573333800174,0.1504201860509846
Celtis_timorensis,Celtis,timorensis,-0.8497340906148217,0.09470182325935038,2.9396063278021436,0.37302838128185994,-0.9723324604876344,0.22184239265003688
Cenchrus_americanus,Cenchrus,americanus,-1.5141277326297755,,4.997212273764115,,-1.7147984280919266,
Centaurea_pectinata,Centaurea,pectinata,-0.7861743913396423,0.17448855205821026,3.6706470258579724,0.9315080903088109,-2.2249178109266423,0.38871354369771144
Centronia_laurifolia,Centronia,laurifolia,-1.1814861844387388,0.017479754939965602,4.006592491853891,0.0869006426936827,-1.4074635656095253,0.052919334075833026
Cephalotaxus_harringtonii,Cephalotaxus,harringtonii,-0.32696079129566946,0.10941566502229849,2.566190670031177,0.21104932862716042,-1.7792112045436348,0.19146562695365968
Cerastium_arvense,Cerastium,arvense,-1.667243592764639,,4.517229830868229,,-0.7208747902983628,
Cercidiphyllum_japonicum,Cercidiphyllum,japonicum,-1.5139860466157036,0.6642767320410327,3.084095430821941,0.22469973850324287,-1.7419368919204297,0.09064457182788063
Cercis_canadensis,Cercis,canadensis,-0.5978370007556204,,3.299533727885655,,-1.8388510767619055,
Cestrum_schlechtendalii,Cestrum,schlechtendalii,-0.5424883042748321,,2.406474867141604,,-1.079710781965047,
Chamaecrista_fasciculata,Chamaecrista,fasciculata,-1.0788096613719298,,4.248495242049359,,-1.8325814637483102,
Chamaecyparis_obtusa,Chamaecyparis,obtusa,-0.8766965532109995,0.035124552056722755,3.0934781855983053,0.13379061872639345,-0.4594420638235712,0.13568455715650085
Chamaecyparis_pisifera,Chamaecyparis,pisifera,-0.7356266489883941,0.06285163792963559,3.101419381464311,0.20572507887195324,-1.6656301984226853,0.11883953273932703
Chamaerhodos_erecta,Chamaerhodos,erecta,-1.4483961628495439,0.021279807209397924,4.6584071837425824,0.02464954090257931,-1.515161859161805,0.045485889102863324
Chassalia_subnuda,Chassalia,subnuda,-1.1147416705979933,,3.385067999732272,,-1.0023934309275668,
Chenopodium_album,Chenopodium,album,-1.339554923552413,0.24084613506284988,3.845405777054173,0.49687614500701366,-0.8688021009487464,0.20688866474544032
Chionanthus_virginicus,Chionanthus,virginicus,-0.9135703085745628,0.6815475443653998,2.460434343198335,0.17020938047880127,-1.7799215188207367,0.03266940211111892
Chloranthus_henryi,Chloranthus,henryi,-0.7721903879003982,,3.6183868591394077,,-1.826024060587772,
Choerospondias_axillaris,Choerospondias,axillaris,-1.0182900158289738,0.1774749078876441,3.6048879766401036,0.43086999430863926,-1.2418050587136384,0.12163793696018488
Chomelia_psilocarpa,Chomelia,psilocarpa,-0.6177996326439165,0.025629800888697422,2.9294632176724784,0.053465866318066615,-1.451792392100446,0.027592919664238998
Chomelia_tenuiflora,Chomelia,tenuiflora,-0.7465479572870606,,2.372111155642656,,-0.6051363032372319,
Chromolucuma_rubriflora,Chromolucuma,rubriflora,-0.7614260213132397,,3.1557230098629323,,-1.7092582477163114,
Chrysojasminum_fruticans,Chrysojasminum,fruticans,-0.7999531848777546,,2.6862280519037403,,-0.8180204148748554,
Chrysophyllum_sanguinolentum,Chrysophyllum,sanguinolentum,-0.5656338602609858,,2.2375130962503307,,-0.9263410677276565,
Chrysopsis_villosa,Chrysopsis,villosa,-1.516403046466911,,4.649990266460689,,-1.3781642363321869,
Cibotium_barometz,Cibotium,barometz,-1.3933189760568552,,4.430282550681985,,-1.39971738010068,
Cichorium_intybus,Cichorium,intybus,-1.0377053528236775,,5.937234329179472,,-3.8844582774103893,
Cinnamomum_austro-sinensis,Cinnamomum,austro-sinensis,-0.7686159278294528,0.0991706632712665,3.385383132958841,0.18318124114928924,-1.5480207339246403,0.012627014340028053
Cinnamomum_camphora,Cinnamomum,camphora,-0.6175117917865762,0.14812473123978193,3.1847527451325304,0.4988969257059876,-1.6560234642551717,0.2507271333140304
Cinnamomum_chekiangense,Cinnamomum,chekiangense,-0.35956217845786614,0.1188265233452549,1.5215220617832537,0.6401139979462573,-0.5317745240960396,0.43296425190735954
Cinnamomum_contractum,Cinnamomum,contractum,-0.3003115433005887,0.07036220201833364,2.1850237555137384,0.1825921269277407,-1.1563146326750575,0.10346293327621792
Cinnamomum_glanduliferum,Cinnamomum,glanduliferum,-0.15591334390722808,,1.3944693608167504,,-0.7462679458610079,
Cinnamomum_iners,Cinnamomum,iners,-0.16202429415321618,0.03428143445996331,2.297929491851307,0.08558974621422741,-1.697501714272386,0.07051541523865018
Cinnamomum_micranthum,Cinnamomum,micranthum,-0.6411851405804825,0.11780649985103607,1.9953709268640736,0.44448424184664315,-0.5348027792437244,0.37522933339674064
Cinnamomum_parthenoxylon,Cinnamomum,parthenoxylon,-0.861946171016896,0.09116031735497235,3.5777881873258064,0.2586085985610105,-1.62825301487284,0.07622101111695065
Cistus_albidus,Cistus,albidus,-0.8414658865964156,0.09681486316935471,1.8137628340961145,0.515206268562149,-0.2614216619195451,0.11467176048140795
Cistus_calycinus,Cistus,calycinus,-0.660486398320397,,1.881847792780877,,-0.20738841534561062,
Cistus_crispus,Cistus,crispus,-0.8227007808152502,,2.52003676585818,,-0.4854802470367222,
Cistus_halimifolius,Cistus,halimifolius,-0.8786939327095946,,2.2403200814738007,,-0.14866829161881567,
Cistus_ladanifer,Cistus,ladanifer,-0.9332461662735686,,2.226795782089849,,-0.09861089457487265,
Cistus_libanotis,Cistus,libanotis,-0.8528172307941627,,2.3383594434867416,,-0.2058152534813036,
Cistus_monspeliensis,Cistus,monspeliensis,-0.6041447309050415,,2.2929109689902534,,-0.47328745189432575,
Cistus_salviifolius,Cistus,salviifolius,-0.8090345584211255,0.12618418333854842,2.2596921416676787,0.12816487417577416,-0.24263696245967348,0.049222843246381424
Clarisia_biflora,Clarisia,biflora,-1.3158599572027003,0.3240371627161084,3.5195215827065,0.6048620177198917,-0.6465129454456633,0.04297792357540503
Clarisia_racemosa,Clarisia,racemosa,-0.7168588399241516,0.10639702598281414,2.5189335707500056,0.17430730833154803,-0.8432433484044549,0.038441854394265396
Cleidion_brevipetiolatum,Cleidion,brevipetiolatum,-0.20738915447579034,0.07033842681620928,2.059307592138552,0.10672392499719918,-1.3876840409890816,0.03277454265886103
Cleistogenes_squarrosa,Cleistogenes,squarrosa,-1.4919018513443585,0.022225881285416915,5.363262094707084,0.0704599088471567,-2.1637692246949056,0.043505688494814836
Clethra_revoluta,Clethra,revoluta,-0.8846138277159378,0.024010503059618906,3.3655473215091996,0.08429573809429536,-1.3557989033189308,0.06861883298253613
Clinopodium_nepeta,Clinopodium,nepeta,-1.3167682984712803,,4.867534450455582,,-1.973281345851445,
Clitoria_javitensis,Clitoria,javitensis,-0.3320908857174568,0.04717475297490419,2.4519572179868576,0.1205707610378547,-1.545703885561525,0.06493411444264761
Clusia_alata,Clusia,alata,-0.26905798545773313,0.19783971638691708,1.8057675664608657,0.22144646919828012,-1.022794097010698,0.17473217504264002
Clusia_ducuoides,Clusia,ducuoides,-0.40337763563545326,0.12171853130049827,2.089218596105725,0.17559099136092418,-1.042887065687794,0.1269197129803187
Clusia_elliptica,Clusia,elliptica,-0.20522451154794816,0.036707319188771084,1.995280679165501,0.09843092505996971,-1.3486771125814603,0.0609072522700866
Coccoloba_excelsa,Coccoloba,excelsa,-0.893596050598466,0.038332768211241576,2.8619165562470945,0.11057117089649628,-0.8326528945192175,0.07305521121478263
Coccoloba_manzinellensis,Coccoloba,manzinellensis,-0.7475444118984569,0.053692018377097375,2.4229047981383323,0.13342210035777946,-0.6857444131429531,0.07004929404639453
Comandra_umbellata,Comandra,umbellata,-1.1351132759510045,,3.445590362853224,,-1.0941579250920628,
Combretum_collinum,Combretum,collinum,-0.6348782724359695,,2.5249283241374862,,-0.941608539858445,
Combretum_decandrum,Combretum,decandrum,-0.4793298879842286,0.04029567284570171,2.3488677609905575,0.046261960112492256,-1.148136423478285,0.06277746745755407
Convallaria_majalis,Convallaria,majalis,-0.8681583130692135,0.03942047820291994,4.214463484124426,0.20561594120149884,-2.1809690898968976,0.22717671657099756
Coprosma_ciliata,Coprosma,ciliata,-1.6094379124341003,,4.516338972281476,,-1.0788096613719298,
Coprosma_foetidissima,Coprosma,foetidissima,-0.9942522733438669,,3.7954891891721947,,-1.5606477482646683,
Coprosma_linariifolia,Coprosma,linariifolia,-0.5874723985432795,0.03938174916255076,3.0924400247664363,0.06219784661098794,-1.663046544165497,0.11028067816344145
Coprosma_lucida,Coprosma,lucida,-0.7985076962177716,,3.258096538021482,,-1.4696759700589417,
Coprosma_rhamnoides,Coprosma,rhamnoides,-1.6094379124341003,,5.064491966886966,,-1.6094379124341003,
Cordiera_myrciifolia,Cordiera,myrciifolia,-0.6088060321261943,,2.6034301519721073,,-0.7657178733947807,
Coreopsis_palmata,Coreopsis,palmata,-1.1086626245216111,,4.727387818712341,,-2.3025850929940455,
Coriaria_arborea,Coriaria,arborea,-1.171182981502945,,3.3105430133940246,,-0.7765287894989963,
Coriaria_nepalensis,Coriaria,nepalensis,-0.8209805520698302,,3.4438022240442625,,-1.5652480993864386,
Cornus_bretschneideri,Cornus,bretschneideri,-0.8395529192869574,0.1339063639175836,3.056283427414941,0.43636481185639675,-1.1329922308002012,0.175340075280807
Cornus_controversa,Cornus,controversa,-0.4253362377505763,,2.6876847819083753,,-1.5961615792599948,
Cornus_florida,Cornus,florida,-0.9891068810187917,0.5846149049648669,2.85371411038287,0.42201470738431013,-1.6888825272342565,0.2117862567954059
Cornus_kousa,Cornus,kousa,-0.970351008724099,,3.943419006364818,,-1.7643604967696704,
Cornus_officinalis,Cornus,officinalis,-0.6492652821945684,0.1839210420246782,2.3498030827464826,0.49784775079133725,-0.8097080258788223,0.17833276666118325
Cornus_ulotricha,Cornus,ulotricha,-0.492515122207834,,2.5869264582422264,,-1.358953328934706,
Coronilla_juncea,Coronilla,juncea,-1.2036395265358157,,2.056111871040096,,-0.5289693909317653,
Coronilla_minima,Coronilla,minima,-0.8666584245111052,0.24796249726567163,3.710978956070728,0.736955245965159,-1.7809392464049438,0.30509551609889696
Corylus_ferox,Corylus,ferox,-1.373575588712116,,4.2238506926503625,,-1.2332068313793185,
Corylus_sieboldiana,Corylus,sieboldiana,-1.581175325685677,0.09351247017749763,4.865887111951576,0.21662614853994944,-1.4526825815071318,0.028731502755105165
Corynocarpus_laevigatus,Corynocarpus,laevigatus,-0.5371466662443168,0.037604213766702095,3.1455763097245484,0.07018496490746443,-1.8259416124398542,0.04719314647351655
Corythophora_alta,Corythophora,alta,-0.7985076962177716,,2.4915511925066687,,-0.5242486440981314,
Cotoneaster_acutifolius,Cotoneaster,acutifolius,-1.5925807953676774,,4.631792642548199,,-1.2039728043259361,
Cotoneaster_adpressus,Cotoneaster,adpressus,-1.4120225096926218,,4.483807694240553,,-1.432507206031779,
Cotoneaster_multiflorus,Cotoneaster,multiflorus,-1.4711988682103345,,4.984803505157494,,-1.769250478028886,
Couepia_magnoliifolia,Couepia,magnoliifolia,-1.3280254529959148,,3.1467351470905185,,-0.3930425881096072,
Crataegus_monogyna,Crataegus,monogyna,-0.8412412388046728,,2.3113937952094306,,-0.35561938552230143,
Crataegus_pinnatifida,Crataegus,pinnatifida,-1.540145085938151,,4.65663128004649,,-1.3051567539906619,
Cratoxylum_cochinchinense,Cratoxylum,cochinchinense,-2.1126261090708796,,3.48216274048526,,-0.8915981192837836,
Crepis_foetida,Crepis,foetida,-1.3625778345025745,,5.707110264748875,,-2.631089159966082,
Crepis_tectorum,Crepis,tectorum,-1.0788096613719298,,4.77912349311153,,-2.4079456086518722,
Critoniopsis_floribunda,Critoniopsis,floribunda,-0.7870804635505597,0.1084277291410669,3.106769862006809,0.39574146347378014,-1.2900500255993421,0.18024657179151493
Critoniopsis_pycnantha,Critoniopsis,pycnantha,-0.5706672151119345,0.04510896258348636,2.7629913839997458,0.10635152222808467,-1.3806132965379143,0.12452554819516932
Croton_kongensis,Croton,kongensis,-0.354385703142263,0.08640871355237231,2.029836561011527,0.20573706456495625,-0.9479102221225996,0.0995617535859256
Cryptocarya_acutifolia,Cryptocarya,acutifolia,-0.060388681106810636,0.018023232971063213,1.558912869928693,0.046648118362180885,-1.1723262655391289,0.03941958443880272
Cryptocarya_brachythyrsa,Cryptocarya,brachythyrsa,-0.11533603163924813,,1.8677904879038763,,-1.3755119132058362,
Cryptocarya_chinensis,Cryptocarya,chinensis,-0.3427233276940606,0.10450602587018361,2.1447239829364455,0.2549534664385031,-1.2324481165816366,0.13337621261360263
Cryptocarya_concinna,Cryptocarya,concinna,-0.5466201808071081,0.1188349763759233,2.5467463400213837,0.40180260768921316,-1.1689093578522558,0.18166885837393804
Cryptocarya_yunnanensis,Cryptocarya,yunnanensis,-0.05483236744706358,0.005994813712205625,1.4714836842122132,0.06878387554877181,-1.044720078103108,0.08270872701781762
Cryptomeria_japonica,Cryptomeria,japonica,-0.5356464229183926,0.13903001917647617,3.1273824773613894,0.2864497923019535,-1.7924603292539734,0.033196510683241906
Cunninghamia_lanceolata,Cunninghamia,lanceolata,-0.6744475450665427,0.06051780104102035,2.2405692260997823,0.1665307859376781,-2.1954021202152023,0.11096270881842794
Cyathea_smithii,Cyathea,smithii,-1.171182981502945,,3.40452517175483,,-0.916290731874155,
Cycas_nathorstii,Cycas,nathorstii,-0.1441270107393119,,2.4585957728055012,,-1.6619240653630176,
Cycas_panzhihuaensis,Cycas,panzhihuaensis,-0.08291688196578931,0.04226848383514229,2.13565887891789,0.1954997602385068,-1.5875142662394381,0.11993512672877736
Cydonia_oblonga,Cydonia,oblonga,-0.9182927345448282,,2.2425130299388965,,-0.06875190230807043,
Cystopteris_sudetica,Cystopteris,sudetica,-0.7601864417437215,0.2177335503480658,5.137250860765675,0.26193422613549533,-2.7016294267533163,0.25617908852612464
Cytisus_grandiflorus,Cytisus,grandiflorus,-0.2984060358147566,,1.1790898931449363,,-0.2323726689041977,
Dacrycarpus_dacrydioides,Dacrycarpus,dacrydioides,-0.5146768826346811,0.04685849776218115,2.847306660145156,0.0783881786550099,-1.5711619511995585,0.03335739653508698
Dacrycarpus_imbricatus,Dacrycarpus,imbricatus,-0.8112852475855218,0.08413353948300185,3.1673446222005417,0.14311825384041943,-1.2873280518664967,0.1045860186218149
Dacrydium_balansae,Dacrydium,balansae,-0.7768248123661531,0.3194686811457389,2.54228415244824,0.39783462092926836,-0.7896384432398539,0.08246594189426427
Dacrydium_cupressinum,Dacrydium,cupressinum,-0.6878905575619254,0.04855946804357802,3.153594826999186,0.11998791687268616,-1.5687385975645811,0.03288601514617884
Dacrydium_gracile,Dacrydium,gracile,-0.6138096227116069,0.0755752933185265,2.8059927195654413,0.17898035624131825,-1.2556057779145449,0.06835373444299533
Dacrydium_pectinatum,Dacrydium,pectinatum,-0.5832467256964567,0.041110047891518155,2.703777635339484,0.03421031723226753,-1.2709992604976807,0.06396625113899176
Dacryodes_peruviana,Dacryodes,peruviana,-0.817803785159501,,3.1129613971627506,,-1.2362134016675241,
Dactylis_glomerata,Dactylis,glomerata,-1.7039504694141379,0.21020211916620718,5.737129297747365,0.14753051879337473,-2.223977719953272,0.5501646736236868
Dalea_purpurea,Dalea,purpurea,-0.9856632117128601,0.11816264400813709,3.902213863915832,0.21333440980189544,-1.5341514831944132,0.10703512755426735
Danthonia_intermedia,Danthonia,intermedia,-0.9744496460476871,,2.7450339821360643,,-0.5389965013041156,
Daphniphyllum_pentandrum,Daphniphyllum,pentandrum,-1.2999943494238988,,4.145923991344203,,-1.3139736995402644,
Daucus_carota,Daucus,carota,-1.3704210119636004,,5.953243334287785,,-2.551046452292545,
Decaspermum_gracilentum,Decaspermum,gracilentum,-1.8620746431430808,,4.158726821151369,,-0.8675005677047231,
Dendropanax_dentigerus,Dendropanax,dentigerus,-2.0612087734187763,,5.4083710520356005,,-0.8754687365539,
Deschampsia_cespitosa,Deschampsia,cespitosa,-1.7147984280919266,,4.852030263919617,,-1.4271163556401458,
Descurainia_sophia,Descurainia,sophia,-2.0722673379318355,,5.1278286821668875,,-0.7444404749474959,
Desmodium_canadense,Desmodium,canadense,-1.0788096613719298,,4.836281906951478,,-2.4079456086518722,
Deutzia_glabrata,Deutzia,glabrata,-1.6928195213731514,,5.368792365008639,,-1.7307987702448195,
Deutzia_grandiflora,Deutzia,grandiflora,-1.196177635990391,0.41201105704327723,4.7150992624797565,0.8674584149478838,-2.037017191520201,0.00028676444909425664
Dicksonia_squarrosa,Dicksonia,squarrosa,-0.4428272007181467,0.07213867592945823,2.775978990306104,0.07092507496489481,-1.6467497412018457,0.09051976376564225
Dicranopteris_linearis,Dicranopteris,linearis,-1.0870875627208005,0.25571672824728203,3.057123186617279,0.5196790403313641,-0.6630356422909786,0.05279117406454236
Dicranopteris_pedata,Dicranopteris,pedata,-1.5874318321714858,,4.394205548089184,,-0.9942522733438669,
Didymocheton_spectabilis,Didymocheton,spectabilis,-0.0888057746625549,0.08347413395784747,2.0571134596496528,0.07236703882348273,-1.6253383785896032,0.09520890244409229
Dioon_rzedowskii,Dioon,rzedowskii,-0.33277285794003,0.18046307495526442,2.7571337208259337,0.2931596245603836,-1.4486374906476593,0.13886258058475562
Dioscorea_nipponica,Dioscorea,nipponica,-1.6004781710626284,,5.5768851853391865,,-2.1541650878757723,
Diospyros_strigosa,Diospyros,strigosa,-0.7608453301926887,0.1721108019731373,2.8593729063030446,0.5084293608136062,-1.0961177540176241,0.1952766699996557
Diospyros_virginiana,Diospyros,virginiana,-1.1074261991388965,0.7298606529981498,3.076008444893159,0.11778087509693036,-2.044342703809923,0.039183588052765096
Diplospora_dubia,Diplospora,dubia,-1.1996488328458814,,4.423027436687124,,-1.7966494517281293,
Dovyalis_abyssinica,Dovyalis,abyssinica,-0.4780358009429998,,2.3758355547336385,,-1.1086626245216111,
Draba_nemorosa,Draba,nemorosa,-2.007306943920637,,5.604183683891964,,-0.6931471805599453,
Dracophyllum_longifolium,Dracophyllum,longifolium,-1.5146448508957375,0.023870329724285953,4.805099672677307,0.16106874033160418,-1.5118010551814427,0.11736413464942906
Drymocallis_arguta,Drymocallis,arguta,-1.0537874674071013,0.20981739711257238,3.6845683321811924,0.6400458944577692,-0.8644830835498185,0.2749511996385463
Dryopteris_lepidopoda,Dryopteris,lepidopoda,-1.6101047997540257,,4.809019966164863,,-1.3745983232171646,
Dryopteris_sparsa,Dryopteris,sparsa,-1.621235006910137,0.10543921566198343,5.196051354566677,0.32053939003060794,-1.6937492689815035,0.10493064538279184
Dussia_tessmannii,Dussia,tessmannii,-0.8942846516115405,,2.3821233962462887,,-0.3505035505074508,
Echinacea_serotina,Echinacea,serotina,-0.8915981192837836,,3.5553480614894135,,-1.5141277326297755,
Ekebergia_capensis,Ekebergia,capensis,-0.3011050927839216,,1.9892432737616872,,-0.941608539858445,
Elaeagnus_commutata,Elaeagnus,commutata,-0.920298753271694,,2.917456692508743,,-0.8399177525013457,
Elaeocarpus_dentatus,Elaeocarpus,dentatus,-0.5266500237284903,0.04242171421693805,3.313308538357276,0.09086571292825787,-1.991339641518594,0.03325136056298202
Elaeocarpus_dubius,Elaeocarpus,dubius,-1.2200311701369002,0.13561760086860342,4.017770295345738,0.3169026429446731,-1.154157884196343,0.13250663666436147
Elaeocarpus_glabripetalus,Elaeocarpus,glabripetalus,-1.0527190299444982,0.1460133097288441,3.8749189713022054,0.3530605506011566,-1.4870232806714447,0.0521240967601527
Elaeocarpus_hookerianus,Elaeocarpus,hookerianus,-0.8592177869792756,0.020466507819009213,3.5075901136364265,0.02577373439822737,-1.5523213399383629,0.026153116346349453
Elaeocarpus_sylvestris,Elaeocarpus,sylvestris,-1.3262997667460406,0.04671130590778071,3.717423748019715,0.28808770970070513,-0.8439955532738783,0.1471398003676966
Eleutherococcus_senticosus,Eleutherococcus,senticosus,-1.493879571799828,,5.263640884001318,,-2.014903023042265,
Elymus_canadensis,Elymus,canadensis,-1.4696759700589417,,5.662960480135946,,-2.4079456086518722,
Elymus_lanceolatus,Elymus,lanceolatus,-1.5087482869191498,,4.551559169124093,,-1.1769970115583412,
Elymus_repens,Elymus,repens,-1.1212412910449963,0.15551846398809982,4.325339328126856,0.29519234522100746,-1.694621737893252,0.2868939706515061
Elymus_virginicus,Elymus,virginicus,-1.3155430382152649,,5.821749388813304,,-3.2172530922113074,
Embelia_vestita,Embelia,vestita,-1.5709386132834906,,4.568821127540797,,-1.185623664203194,
Encephalartos_gratus,Encephalartos,gratus,-0.01063973476744631,,1.975897955932498,,-1.5446506675433465,
Endlicheria_anomala,Endlicheria,anomala,-0.40346710544549125,,2.3978952727983707,,-1.1907275775759154,
Endlicheria_arenosa,Endlicheria,arenosa,-1.4784096500276962,,4.299731391947051,,-1.3664917338237108,
Endlicheria_bracteolata,Endlicheria,bracteolata,-0.5008752929128226,,2.995232148512309,,-1.7092582477163114,
Endlicheria_citriodora,Endlicheria,citriodora,-0.1839228381609285,,2.3664984187376983,,-1.7486999797676082,
Endlicheria_longicaudata,Endlicheria,longicaudata,-0.14502577205025774,,1.8229350866965048,,-1.248273063222516,
Endlicheria_macrophylla,Endlicheria,macrophylla,-0.6254885320861304,,2.8909271591878647,,-1.3509272172825992,
Endlicheria_oreocola,Endlicheria,oreocola,-0.24143482128646124,,2.271753209888837,,-1.5475703410466854,
Endlicheria_ruforamula,Endlicheria,ruforamula,-0.22331436109562688,0.12308680178842019,1.90613778381925,0.23509096798506943,-1.2096146984759006,0.049715882330957174
Endospermum_chinense,Endospermum,chinense,-0.4466493155845746,0.09336341722839255,3.0152860215573107,0.34328281047348386,-1.5191514447126497,0.1285151479463151
Engelhardia_roxburghiana,Engelhardia,roxburghiana,-0.75233018371723,0.31607445012219004,3.060316557231223,0.5086702903323895,-1.1939890381068954,0.1076836041479795
Engelhardia_serrata,Engelhardia,serrata,-0.7731287782674005,,3.1568839054262496,,-1.2544277870370355,
Engelhardia_spicata,Engelhardia,spicata,-0.4532210668264868,0.0687894047649828,2.4369575003409976,0.20439799483722207,-1.2078000133211348,0.1260693584900975
Ephedra_distachya,Ephedra,distachya,-1.3458423747780277,0.16592428125321607,3.727295737018187,0.41780861490767135,-1.6587268097156853,0.17307616046539345
Ephedra_fragilis,Ephedra,fragilis,-0.6789813257443353,,1.2210552998275395,,-0.6619703133346029,
Equisetum_hyemale,Equisetum,hyemale,-0.530642373248024,0.12542455321146323,3.8690728074855136,0.399908453355056,-2.507519897897152,0.1865375573973016
Equisetum_pratense,Equisetum,pratense,-1.0734392712079035,0.17227705126034262,5.26607737965557,0.2300516237401175,-3.0870200380753867,0.13323412267607174
Eragrostis_trichodes,Eragrostis,trichodes,-1.5606477482646683,,4.290459441148391,,-0.941608539858445,
Erica_arborea,Erica,arborea,-0.9663348068612736,,2.649813790196861,,-0.42400253186199627,
Erica_scoparia,Erica,scoparia,-1.3508306968443216,,3.00616006713636,,0.12019976634216999,
Erigeron_canadensis,Erigeron,canadensis,-1.0498221244986778,,4.77912349311153,,-2.4079456086518722,
Erigeron_glabellus,Erigeron,glabellus,-1.1847149888114397,,3.9811057282116824,,-1.2907429231479308,
Erigeron_pumilus,Erigeron,pumilus,-1.6947235067164608,,4.437386082817152,,-1.2039728043259361,
Eriobotrya_japonica,Eriobotrya,japonica,-1.1430658694224145,,3.8318969609488613,,-0.941608539858445,
Eriotheca_longitubulosa,Eriotheca,longitubulosa,-0.6018450221531594,,2.491263878057017,,-1.0485337405361344,
Eriotheca_surinamensis,Eriotheca,surinamensis,-0.4216249827326848,0.073832600758888,2.2780435030815354,0.10501538790944262,-1.1934157607720872,0.1384904971951694
Erysimum_inconspicuum,Erysimum,inconspicuum,-2.104554242494911,,5.885458494246953,,-1.242333670187209,
Eschweilera_albiflora,Eschweilera,albiflora,-0.8675005677047231,,2.4973291697865574,,-0.7174398731289899,
Eschweilera_atropetiolata,Eschweilera,atropetiolata,-0.25877072895736086,,1.4182774069729414,,-0.5905905922348531,
Eschweilera_bracteosa,Eschweilera,bracteosa,-0.37106368139083207,,1.7732559976634952,,-0.7423374247507171,
Eschweilera_coriacea,Eschweilera,coriacea,-0.375928221152433,0.06209332085908202,1.5741021499950658,0.16755784678497984,-0.5762177531418224,0.079085451540467
Eschweilera_decolorans,Eschweilera,decolorans,-0.16016875215282134,,1.091923300517313,,-0.8698843590599994,
Eschweilera_grandiflora,Eschweilera,grandiflora,-0.45098562340997367,,2.075684492802124,,-0.7550225842780328,
Eschweilera_ovata,Eschweilera,ovata,-0.6772738314036552,,2.5764217586237734,,-0.8940401229393353,
Eschweilera_parviflora,Eschweilera,parviflora,-0.22690060019192196,,1.3635373739972745,,-0.8556661100577202,
Eschweilera_pedicellata,Eschweilera,pedicellata,-0.4185503476568198,,1.8468787684491346,,-0.7215466550816433,
Eschweilera_tenuifolia,Eschweilera,tenuifolia,-0.5533852381847867,,1.8325814637483102,,-0.7236063880446539,
Eschweilera_truncata,Eschweilera,truncata,-0.4845083154486173,,2.3532782073095637,,-0.908818717035454,
Eschweilera_wachenheimii,Eschweilera,wachenheimii,-0.8278220838865469,,2.7750856024383683,,-0.7194911558995473,
Eucalyptus_urophylla,Eucalyptus,urophylla,-1.93489108257288,,4.6654182663334485,,-0.4620354595965587,
Eugenia_biflora,Eugenia,biflora,-0.6971552019574841,,2.7669478423496954,,-0.8603830999358592,
Eugenia_florida,Eugenia,florida,-0.9183363251592144,0.24256087563162962,3.016522864359142,0.5110371490097005,-0.9755104230828261,0.06502439822803774
Eugenia_lambertiana,Eugenia,lambertiana,-1.1301029557594804,,3.339676525013905,,-0.941608539858445,
Eugenia_lisboae,Eugenia,lisboae,-1.1056369036050742,,3.038791763014438,,-0.7657178733947807,
Eugenia_patrisii,Eugenia,patrisii,-0.8029620465671519,,2.6004649904222727,,-0.6655320135269719,
Eugenia_protenta,Eugenia,protenta,-0.7874578600311866,,2.961140828784372,,-0.8255363686056909,
Eugenia_pseudopsidium,Eugenia,pseudopsidium,-0.818710403535291,,2.0068708488450007,,-0.2836900511822435,
Eugenia_pusilliflora,Eugenia,pusilliflora,-0.5041810810473222,,1.430311246536665,,-0.5361434317502807,
Eugenia_sinemariensis,Eugenia,sinemariensis,-0.677848379689253,0.06556296912907494,1.8696185363414408,0.21964738307976903,-0.2731746736089482,0.12347320016246134
Eugenia_spruceana,Eugenia,spruceana,-0.8509712657535126,,2.7638002162067017,,-0.9063404010209869,
Eumachia_astrellantha,Eumachia,astrellantha,-1.1615520884419839,,3.2156706939192525,,-0.9728610833625494,
Eumachia_podocephala,Eumachia,podocephala,-0.3960099493374092,,1.6601310267496185,,-0.9014021193804044,
Euonymus_alatus,Euonymus,alatus,-1.572187176527505,0.1989536703201786,3.6065074922226628,0.5244897709586556,-0.219948463588992,0.3506756365481849
Euonymus_verrucosus,Euonymus,verrucosus,-1.4727240891182782,,5.099906711159155,,-1.9033090644547506,
Euptelea_pleiosperma,Euptelea,pleiosperma,-1.1412849539986583,,4.099012521328839,,-1.5705438487788042,
Eurya_japonica,Eurya,japonica,-1.1001901166493875,0.29022162885523545,3.803655075832447,0.5326356763595099,-1.3793428869855955,0.07437061203344804
Fagus_engleriana,Fagus,engleriana,-1.6918688864132598,,4.5383184974605015,,-0.8766815941674587,
Fagus_grandifolia,Fagus,grandifolia,-0.5242114209273835,0.024988960756288904,2.69229333594006,0.0866792371954793,-1.400928772236805,0.06414082457288833
Fagus_sylvatica,Fagus,sylvatica,-0.9519526612823022,0.028771364851280946,3.0437615476493614,0.06348506721998419,-0.673432486689766,0.04446902346418011
Fallopia_convolvulus,Fallopia,convolvulus,-1.3862943611198906,,5.303304908059076,,-2.3025850929940455,
Faramea_bangii,Faramea,bangii,-0.2563126127057236,,2.000827030044472,,-1.2470034131234333,
Faramea_capillipes,Faramea,capillipes,-1.04412410338404,,3.17220341666977,,-0.7721903879003982,
Faramea_platyneura,Faramea,platyneura,-0.7360546815712219,,3.2767673032839784,,-0.9314043696842031,
Faramea_torquata,Faramea,torquata,-1.579879110192556,,4.173001695045377,,-0.9187938620922735,
Ferdinandusa_hirsuta,Ferdinandusa,hirsuta,-0.6891551592904078,,3.2371085931292605,,-1.4312917270506265,
Ferdinandusa_rudgeoides,Ferdinandusa,rudgeoides,-1.1116975282167652,,3.8057732055854356,,-1.443923473956527,
Festuca_christianii-bernardii,Festuca,christianii-bernardii,-1.3862943611198906,,4.887337077751762,,-1.8140050781753747,
Festuca_hallii,Festuca,hallii,-1.6001808911714235,,4.418167587152136,,-0.6936128109489512,
Festuca_ovina,Festuca,ovina,-1.6094379124341003,,5.135798437050262,,-1.7147984280919266,
Festuca_rubra,Festuca,rubra,-1.7401202945013041,0.2259925618715286,5.146851824940777,0.08425679191380997,-1.4879648231289058,0.28399201880296954
Ficus_apollinaris,Ficus,apollinaris,-1.214359897212423,,3.2690336894992824,,-0.6310489607871986,
Ficus_carica,Ficus,carica,-1.0000120724285002,,3.0623500711846616,,-0.5861222058828951,
Ficus_citrifolia,Ficus,citrifolia,-0.50170071598899,,2.142145134467161,,-0.8981774694771245,
Ficus_fistulosa,Ficus,fistulosa,-0.5457275438730688,0.07316079831639014,2.3413295631417723,0.3572092665191027,-0.8832057196822837,0.2012646452242022
Ficus_langkokensis,Ficus,langkokensis,-0.5173063943857938,0.06749986577266377,2.4560676465908,0.19499769213446566,-1.0566779583976484,0.09711120784199755
Ficus_maclellandii,Ficus,maclellandii,-0.4272772566282232,0.08309374510795277,2.441698999774927,0.4060921068976814,-1.1619002731268238,0.23834375796467971
Ficus_pertusa,Ficus,pertusa,-0.6301723813985569,,2.1397827427481695,,-0.6376249543229666,
Ficus_simplicissima,Ficus,simplicissima,-0.6264836214697671,0.12559692116892518,2.6379392882705925,0.32325826810515873,-0.9453634619718608,0.09777040249138298
Ficus_sodiroi,Ficus,sodiroi,-0.5525160508201997,,1.949192143842161,,-0.6017836476218645,
Ficus_tonduzii,Ficus,tonduzii,-1.2193601655355657,0.10064720516045311,3.629241555910632,0.7030071645543239,-0.9524952410873577,0.5055430235690603
Ficus_variolosa,Ficus,variolosa,-2.0180078354957436,,4.965986542427374,,-1.1394342831883648,
Ficus_vasculosa,Ficus,vasculosa,-0.5745569217430195,0.11526981449383474,2.369816039552435,0.2561460795839204,-0.9365782075100855,0.12344954536954428
Filipendula_digitata,Filipendula,digitata,-1.6982691261407161,,5.396386363677473,,-1.7635885947613588,
Fraxinus_americana,Fraxinus,americana,-0.46707648855504663,0.04245618705174793,2.851600953335199,0.08547706115580081,-1.7460557026505197,0.06147305537792543
Fraxinus_angustifolia,Fraxinus,angustifolia,-0.7818964304125747,,2.937420688479367,,-1.034592086834784,
Fraxinus_chinensis,Fraxinus,chinensis,-0.7488237088156637,0.11473705211921795,3.144944410827939,0.25887294572115793,-1.4060009774044497,0.06783924285929738
Fraxinus_excelsior,Fraxinus,excelsior,-0.6859891320265389,0.05918798344537823,2.6952084118437565,0.17595855461239754,-1.129913815954582,0.06110073225327269
Fraxinus_mandshurica,Fraxinus,mandshurica,-0.9155294918996921,0.06854526850673878,3.603481150629376,0.1756522353768598,-1.449446744080214,0.05894040435344314
Fraxinus_nigra,Fraxinus,nigra,-0.5685665816638258,0.038464812927461636,3.150253093289187,0.1093242129300365,-1.7710254831134284,0.11816828289216337
Fuchsia_excorticata,Fuchsia,excorticata,-1.076431158032614,0.04549919778966272,4.412182158958513,0.08186288314235571,-2.018935778805567,0.019576702178243907
Fumana_thymifolia,Fumana,thymifolia,-0.8833396317344692,,1.7075845310126203,,-0.1929879963397587,
Gahnia_procera,Gahnia,procera,-1.1394342831883648,,4.072439726834051,,-1.6607312068216509,
Gahnia_xanthocarpa,Gahnia,xanthocarpa,-0.7765287894989963,,3.8199077165203406,,-2.3025850929940455,
Galearia_maingayi,Galearia,maingayi,-0.6011150951134516,,1.7291067837174938,,-0.28129227476065327,
Galium_aparine,Galium,aparine,-1.6654793033177253,,5.483130261962464,,-1.8971199848858813,
Galium_boreale,Galium,boreale,-1.7265336843103476,,5.15235633994251,,-1.1520620887487485,
Garcinia_cowa,Garcinia,cowa,-0.5449680001476402,0.10857177845705054,2.5593702053872116,0.3073087924222079,-1.0129185857612613,0.06702731630091026
Garcinia_oblongifolia,Garcinia,oblongifolia,-1.6597317064885675,,4.5094299137072555,,-1.2729656758128873,
Garcinia_xanthochymus,Garcinia,xanthochymus,-0.281125834294097,,1.7291020442081653,,-0.8145896199242211,
Garuga_floribunda,Garuga,floribunda,-0.21531033838272792,0.08569515619305915,2.111569609275655,0.19462442134830796,-1.3209610366852875,0.21623988453350243
Geissanthus_vanderwerffii,Geissanthus,vanderwerffii,-0.4902063365632549,,1.9883483088309355,,-0.7663197856904425,
Genista_hirsuta,Genista,hirsuta,-0.8415601857027184,,2.4158881056500805,,-0.38198241498011165,
Genista_triacanthos,Genista,triacanthos,-0.8679173212010655,,2.5533958239963295,,-0.33808601085468387,
Gentiana_andrewsii,Gentiana,andrewsii,-1.171182981502945,,4.859812404361672,,-2.2072749131897207,
Geranium_rotundifolium,Geranium,rotundifolium,-1.4653375684603434,,5.459585514144159,,-2.0874737133771,
Ginkgo_biloba,Ginkgo,biloba,-0.24446362132571398,0.03368708582318001,2.7827696360984935,0.08016129434350096,-2.0552729556014397,0.06182737895069603
Gironniera_subaequalis,Gironniera,subaequalis,-0.6973328430741486,0.253248363599278,2.6754374929244196,0.3117813784014391,-1.072005769398105,0.09709921654120338
Gleditsia_triacanthos,Gleditsia,triacanthos,-0.706522068343392,0.3528399563718022,2.6295830303261853,0.3237405731645591,-1.746102931627902,0.20632739023369404
Glochidion_eriocarpum,Glochidion,eriocarpum,-0.46698733758359656,0.04233941005865826,2.6427141952417843,0.006524357239468425,-1.4025895929299501,0.10401865023800583
Glochidion_lanceolarium,Glochidion,lanceolarium,-0.5162096677836638,0.05197338642914678,2.429964760978339,0.11325864256634541,-1.0326017973009687,0.09083666209465319
Gnetum_gnemon,Gnetum,gnemon,-1.198395536894713,0.24229240027442545,3.2129869170956837,0.38208567711969804,-1.0261635854268525,0.11843955338983671
Goniothalamus_griffithii,Goniothalamus,griffithii,-0.2248117101730133,0.07477208893460063,1.888253887568567,0.16705086527382815,-1.1596611103253331,0.14647473532120198
Gordonia_fruticosa,Gordonia,fruticosa,-0.6347438307091431,0.10157543422121527,2.7477950081610385,0.3202328335923434,-1.2371950800144516,0.15536932038630272
Graffenrieda_emarginata,Graffenrieda,emarginata,-0.41237139265855943,0.1394009633129715,1.8004892994391073,0.34367208446812564,-0.7341133486188177,0.13805881376271198
Graffenrieda_harlingii,Graffenrieda,harlingii,-0.7878904103181502,0.3823252972096524,2.7774076029844172,0.548708791811519,-0.9593490272454327,0.21680909039388563
Graffenrieda_uribei,Graffenrieda,uribei,-0.6790087966571426,0.037663078535366074,2.700541557032912,0.061753338466689074,-1.1089383397714754,0.0525381797631955
Grias_peruviana,Grias,peruviana,-0.13405657513966973,0.046098849515299085,1.6236273599081283,0.1233675917154285,-1.1135533481452988,0.0309841262014987
Guarea_kunthiana,Guarea,kunthiana,-0.072055292013093,0.04447852424285851,1.7981348700981443,0.10382981266427416,-1.412318672847928,0.014701012464944485
Guarea_macrophylla,Guarea,macrophylla,-0.3825057039732539,,2.264324845022376,,-1.2600006363379714,
Guarea_subandina,Guarea,subandina,-1.0247114808285755,,3.149781911562411,,-0.8598910437104175,
Gutierrezia_sarothrae,Gutierrezia,sarothrae,-1.3238831009984935,,4.4387154166359855,,-1.491654876777717,
Gymnosporia_arbutifolia,Gymnosporia,arbutifolia,-0.6539264674066639,,2.7650604558189897,,-1.1086626245216111,
Hakea_ceratophylla,Hakea,ceratophylla,-0.4942963218147801,,3.9889840465642745,,-2.7488721956224653,
Hakea_cyclocarpa,Hakea,cyclocarpa,-0.4942963218147801,,4.1588830833596715,,-2.8824035882469876,
Hakea_linearis,Hakea,linearis,-0.527632742082372,,3.8066624897703196,,-2.4651040224918206,
Hakea_lissocarpha,Hakea,lissocarpha,-0.4942963218147801,,4.060443010546419,,-2.8134107167600364,
Hakea_oldfieldii,Hakea,oldfieldii,-0.616186139423817,,4.499809670330265,,-3.036554268074246,
Hakea_tuberculata,Hakea,tuberculata,-0.579818495252942,,4.343805421853684,,-2.8134107167600364,
Hakea_varia,Hakea,varia,-0.5447271754416722,,4.02535169073515,,-2.659260036932778,
Halesia_tetraptera,Halesia,tetraptera,-1.4953381793033127,0.43732212840528467,3.7529576750258955,0.1695263969899577,-2.273736891377892,0.07716041128692426
Halocarpus_biformis,Halocarpus,biformis,-0.45480004265699114,0.0551775072837887,2.3600655849786847,0.12544429730667733,-1.1988178651848214,0.041236381937249905
Halocarpus_kirkii,Halocarpus,kirkii,-0.43785478121909094,0.02466778962835685,2.6410158645175286,0.09028032040579981,-1.5164502457097415,0.055794722122237315
Hamamelis_virginiana,Hamamelis,virginiana,-0.8248613852850278,0.343534348735814,2.9810816268580664,0.2642138471164682,-1.7497018980419812,0.1924492465959445
Handroanthus_guayacan,Handroanthus,guayacan,-0.11919683185784244,0.07489408579407893,2.3329201249957823,0.22032877216351227,-1.852454899531835,0.21448056083636977
Handroanthus_ochraceus,Handroanthus,ochraceus,-0.40657591994303344,0.015175363014046492,2.435524142290977,0.03304495007425187,-1.5601973972053866,0.016024222404678542
Harpullia_cupanioides,Harpullia,cupanioides,-0.3233461556471623,0.05643282421992375,1.8988386743762316,0.11455147835901033,-0.9216478834336717,0.07513934786810847
Hedeoma_hispida,Hedeoma,hispida,-1.5141277326297755,,5.111987788356544,,-1.8971199848858813,
Hedera_helix,Hedera,helix,-0.6044039707255567,,2.6615401246560184,,-1.1775213653940861,
Hedycarya_arborea,Hedycarya,arborea,-0.058849264364437846,0.05448956438862992,2.570652415107995,0.18802878457060188,-2.234450268696016,0.06697620592616362
Hedyosmum_goudotianum,Hedyosmum,goudotianum,-0.39573097454001854,0.04287100660252848,2.7487776135534143,0.09749719016594874,-1.7188685317182772,0.04088387069996718
Hedyosmum_purpurascens,Hedyosmum,purpurascens,-0.2346998591688706,0.028948270670240493,2.753229401087992,0.059818334161559135,-2.048217445489229,0.048792199409954676
Helianthemum_almeriense,Helianthemum,almeriense,-0.528183741312198,,0.925675274184316,,-0.2713439389360259,
Helianthemum_apenninum,Helianthemum,apenninum,-1.292434459307209,0.013703057883704517,4.489558558105716,0.41543814611810687,-1.970438482189698,0.3974172398675386
Helianthemum_oelandicum,Helianthemum,oelandicum,-1.1665552708267555,0.21840763622200915,3.8438849382101883,0.7817564778833054,-1.5010130392159817,0.4973992594056685
Helianthemum_syriacum,Helianthemum,syriacum,-0.7452829349804738,,1.3568929599401491,,-0.3220562723597662,
Helianthus_agrestis,Helianthus,agrestis,-0.6501474458599333,0.050819953054521465,5.403097107649836,0.14180686193887657,-3.278901440402116,0.13234627711354086
Helianthus_angustifolius,Helianthus,angustifolius,-0.6007426275873193,0.048208963137649656,5.781591207515599,0.031676209583718515,-3.484698015437988,0.010929940940996937
Helianthus_annuus,Helianthus,annuus,-0.5475737571289294,0.1165974193936883,5.492767660306339,0.03837097260464832,-3.3939510527835197,0.05180250904657099
Helianthus_argophyllus,Helianthus,argophyllus,-0.7744180287996316,0.14634739961302887,5.63729343575875,0.07101212762503595,-3.4420193761824103,0.0
Helianthus_atrorubens,Helianthus,atrorubens,-0.6416097839677622,,5.60285655606624,,-3.4112477175156566,
Helianthus_carnosus,Helianthus,carnosus,-0.4779021355927883,0.051979801101332025,5.597296511531763,0.05947392026202947,-3.4433240092894564,0.03613737510846281
Helianthus_cusickii,Helianthus,cusickii,-0.5165668059034869,0.011291351413498574,5.175903242000809,0.09102665130559595,-3.3669009859293495,0.014493768436626198
Helianthus_debilis,Helianthus,debilis,-0.8116420645202245,,5.774240938304763,,-3.3813947543659757,
Helianthus_floridanus,Helianthus,floridanus,-0.4070379063476246,0.04153320890291731,5.503783693448909,0.06318581964410219,-3.375375765086236,0.13118213223374564
Helianthus_giganteus,Helianthus,giganteus,-0.764041473633314,0.08706417720005341,4.995279683942873,0.44227571598843946,-2.8962311698595364,0.42800517066649096
Helianthus_grosseserratus,Helianthus,grosseserratus,-0.6790390789074756,0.06955489409360027,5.358368033045015,0.02102227952950031,-3.3242363405260273,0.0
Helianthus_heterophyllus,Helianthus,heterophyllus,-0.46144587811026505,0.06743547366933475,5.603127121889424,0.044331884380488074,-3.559238155148895,0.05268025782891316
Helianthus_longifolius,Helianthus,longifolius,-0.7642078679640821,0.016947680919257344,5.852359377355771,0.05874506867605331,-3.485415633225022,0.029007821945766166
Helianthus_maximiliani,Helianthus,maximiliani,-0.6423728722023581,0.04734840347699676,5.581991871223789,0.11207691124477302,-3.3383217790093753,0.014085438483347978
Helianthus_mollis,Helianthus,mollis,-0.7925662754768769,0.058556453737278795,5.657903495889153,0.02329248009425156,-3.367742029020842,0.043505688494814614
Helianthus_neglectus,Helianthus,neglectus,-0.9347623859929949,0.09203092040388372,5.596671234986593,0.014228112189552444,-3.507113761746327,0.033345687249336065
Helianthus_niveus,Helianthus,niveus,-0.5583792527602542,,5.549348421349137,,-3.079113882493042,
Helianthus_occidentalis,Helianthus,occidentalis,-0.7811273685135821,,5.692788933181335,,-3.3242363405260273,
Helianthus_pauciflorus,Helianthus,pauciflorus,-1.0216512475319814,,3.9512437185814275,,-1.6607312068216509,
Helianthus_petiolaris,Helianthus,petiolaris,-0.7987823084586414,0.008790956130081462,5.694240116794681,0.03114075741401523,-3.458902807417819,0.047655089902162606
Helianthus_porteri,Helianthus,porteri,-0.7784527277380601,0.09148521826266161,5.972186262271161,0.052086694816525864,-3.3997339322283913,0.09092310738314993
Helianthus_praecox,Helianthus,praecox,-0.8292986425705315,,5.948844061271341,,-3.3813947543659757,
Helianthus_radula,Helianthus,radula,-0.5710093581232245,0.043520487046855176,5.561176297482502,0.07075207340571454,-3.221696264813244,0.0751411015246688
Helianthus_salicifolius,Helianthus,salicifolius,-0.908364709328631,0.004486818393845459,5.50986303131536,0.0823172667595382,-3.285641521180462,0.06676569631226137
Helianthus_silphioides,Helianthus,silphioides,-0.6128145822527924,0.11314391002769512,5.453752810769638,0.0597162571630565,-3.256170253363737,0.15507746415191967
Helianthus_verticillatus,Helianthus,verticillatus,-0.6078488755827982,0.041847800019201686,5.422546512694935,0.14178230539448752,-3.1821344364882993,0.012048775789530229
Helichrysum_italicum,Helichrysum,italicum,-1.1509060833892437,,2.91169127715811,,-0.021636704387783364,
Helichrysum_stoechas,Helichrysum,stoechas,-0.7093781936703626,,1.8107268950627968,,-0.42663581031221204,
Helicia_formosana,Helicia,formosana,-1.691407475301351,,4.5830268213024015,,-0.3285040669720361,
Helicostylis_scabra,Helicostylis,scabra,-1.0328245481301066,,3.8726582819058692,,-1.4567168254164364,
Helicostylis_tomentosa,Helicostylis,tomentosa,-1.672910335389674,,4.7632638952758155,,-1.2046055144447754,
Helicostylis_tovarensis,Helicostylis,tovarensis,-1.2649519883378122,0.04815785319362754,3.664468581372738,0.036189956436569574,-0.9015482335724464,0.05338878579404246
Heliocarpus_americanus,Heliocarpus,americanus,-0.6409145991616011,0.047367621377189445,3.171797989401669,0.15145555043387132,-1.6487525512287111,0.1066962728438537
Heliopsis_helianthoides,Heliopsis,helianthoides,-0.9675840262617056,,4.1588830833596715,,-1.9661128563728327,
Heptapleurum_heptaphyllum,Heptapleurum,heptaphyllum,-1.3072983548933927,,5.059335988231617,,-2.2072749131897207,
Heptapleurum_minutistellatum,Heptapleurum,minutistellatum,-1.1007245178543839,,3.635214929528243,,-1.0498221244986778,
Hesperostipa_comata,Hesperostipa,comata,-1.5216232860523249,,4.70389731137906,,-1.104521694865857,
Hesperostipa_spartea,Hesperostipa,spartea,-1.3878956424868645,,4.016647616554643,,-0.9335801435939486,
Heuchera_richardsonii,Heuchera,richardsonii,-1.5789087073992776,,4.5134432929167865,,-1.0498221244986778,
Hieronyma_asperifolia,Hieronyma,asperifolia,-0.27303794676420834,0.09364436946357771,1.9053178887131315,0.22690444511145222,-1.1175501751324792,0.07113753486485777
Hieronyma_fendleri,Hieronyma,fendleri,-0.1233470829107149,0.022923581133209157,1.6739649119208457,0.06084188399166169,-1.1865372468554969,0.029157283745092362
Hieronyma_macrocarpa,Hieronyma,macrocarpa,-0.616186139423817,,2.6405642935744855,,-1.1672232605879849,
Hieronyma_oblonga,Hieronyma,oblonga,-0.2928322750905935,0.07939149923776892,2.121281036413194,0.09573475617151739,-1.2974507115302925,0.06669688565528585
Hoheria_lyallii,Hoheria,lyallii,-0.6215501050923742,0.03783797477386052,3.6009546564692636,0.11244452201176168,-2.109533477375314,0.04224262235723269
Hoheria_sexstylosa,Hoheria,sexstylosa,-0.252863135581175,0.05214257242631936,3.1480644370353326,0.10767697807172515,-2.396306235993294,0.05476590846965301
Holcus_lanatus,Holcus,lanatus,-2.0402208285265546,,5.616771097666572,,-1.5141277326297755,
Horsfieldia_amygdalina,Horsfieldia,amygdalina,-0.16165655674218962,,1.2818418658645108,,-0.6767830483140733,
Hosta_ventricosa,Hosta,ventricosa,-0.8988192509621502,,4.101969221654853,,-2.0661963122982363,
Hymenopus_adolphoduckei,Hymenopus,adolphoduckei,-0.7635696448564911,,2.8419981736119486,,-0.8393296907380268,
Hymenopus_caudatus,Hymenopus,caudatus,-0.7985076962177716,,2.7880929087757464,,-0.8580218237501793,
Hymenopus_macrophyllus,Hymenopus,macrophyllus,-0.8301130356331028,,2.825536896557877,,-0.7444404749474959,
Hymenopus_reticulatus,Hymenopus,reticulatus,-0.6772738314036552,,2.703372611551099,,-0.6443570163905132,
Hymenopus_sothersiae,Hymenopus,sothersiae,-0.8627499649461253,,2.644044871126298,,-0.6143360001356555,
Hymenoxys_richardsonii,Hymenoxys,richardsonii,-1.26443077336305,,4.235371220014702,,-1.4600605123164376,
Hypobathrum_racemosum,Hypobathrum,racemosum,-0.7714871720111968,,2.4349198419260096,,-0.6211088676741696,
Ilex_laurina,Ilex,laurina,-0.7454127324834287,0.018354990964488036,2.8553153670028966,0.06185936736039224,-1.1237293284057477,0.04054929619468984
Ilex_macropoda,Ilex,macropoda,-1.171182981502945,,4.40745068701404,,-1.4271163556401458,
Ilex_opaca,Ilex,opaca,-1.0834744804120482,0.4790397284592051,3.174468376594456,0.47498765596698256,-1.908819134158355,0.22622252090642372
Ilex_pedunculosa,Ilex,pedunculosa,-1.2039728043259361,,4.00369019395397,,-1.2378743560016174,
Ilex_teratopis,Ilex,teratopis,-0.5346082061598136,0.09144123086763772,1.9686102710721158,0.16892025641457076,-0.658144416338945,0.013654747340939744
Ilex_verticillata,Ilex,verticillata,-0.44926026810783587,,3.423506973046555,,-2.282938095454607,
Imbralyx_leptobotrys,Imbralyx,leptobotrys,-0.7533927068671636,,3.0030105991646803,,-1.1439646799559864,
Inga_alba,Inga,alba,-0.527632742082372,,2.540814281726296,,-0.9187938620922735,
Inga_auristellae,Inga,auristellae,-0.770028224895903,,2.966303462863179,,-1.152013065395225,
Inga_bicoloriflora,Inga,bicoloriflora,-0.5191938734365074,,2.5718485799218085,,-1.0244328904938582,
Inga_brevipes,Inga,brevipes,-0.8989420935395421,,3.1432898379116057,,-1.0244328904938582,
Inga_cayennensis,Inga,cayennensis,-0.6871651088823978,,2.854168709232204,,-1.2378743560016174,
Inga_cordatoalata,Inga,cordatoalata,-0.2930296787783762,,2.0241930674493576,,-0.8347107448817322,
Inga_extra-nodis,Inga,extra-nodis,-0.6769431315190206,0.06631163354334149,2.6069743010549895,0.2595985636657213,-1.0186205724660695,0.17989788983406108
Inga_gracilifolia,Inga,gracilifolia,-0.5960204698292225,,2.5217206229107165,,-0.8603830999358592,
Inga_huberi,Inga,huberi,-0.7507762933965817,,2.9882040071331994,,-1.2378743560016174,
Inga_lateriflora,Inga,lateriflora,-0.33547273628812946,,2.3608540011180215,,-1.2517634681622845,
Inga_loubryana,Inga,loubryana,-0.8221581515653347,0.3194660276960661,2.929979363592337,0.5081657628069622,-1.045105351381894,0.13153843904092904
Inga_macrophylla,Inga,macrophylla,-0.8556661100577202,,3.2375012889913655,,-1.2344320118106447,
Inga_marginata,Inga,marginata,-0.6369595235645934,0.05595615494923902,2.4654012049457403,0.11432569925170867,-0.9376319471174847,0.08603189280842097
Inga_nobilis,Inga,nobilis,-0.6937473606319777,,2.4098537866217455,,-0.7814397874287006,
Inga_obidensis,Inga,obidensis,-0.5208759596194922,,2.2905125117597764,,-0.9238189982949466,
Inga_paraensis,Inga,paraensis,-0.6891551592904078,,2.702702594775615,,-0.991553216374702,
Inga_rubiginosa,Inga,rubiginosa,-0.4307877830993103,0.18591049672657797,1.9818544642554838,0.26810192295064456,-0.8779543966619593,0.1327995165805412
Inga_ruiziana,Inga,ruiziana,-0.6597124044737079,,2.9090844668283187,,-1.2378743560016174,
Inga_splendens,Inga,splendens,-0.6635883783184009,,2.545531271604435,,-0.941608539858445,
Inga_stipularis,Inga,stipularis,-0.3892509380786389,0.0740935554947882,1.8081903720976455,0.2524939205821668,-0.7810325870441482,0.13296827019972093
Inga_suberosa,Inga,suberosa,-0.8542259715165312,0.06456789057574225,3.318545850141577,0.27354733528466757,-1.3506142608776397,0.14996924664437838
Inga_thibaudiana,Inga,thibaudiana,-0.5727010274840783,,2.6837575085331657,,-1.0244328904938582,
Inga_umbellifera,Inga,umbellifera,-0.842606868108942,0.14142751585173247,2.6563218059715243,0.2334942419909176,-0.639693750589644,0.42741987101909473
Inga_umbratica,Inga,umbratica,-0.7571525105358577,,2.7750856024383683,,-0.9493305859523552,
Inula_conyza,Inula,conyza,-1.0966142860054366,,5.288267030694535,,-2.6036901857779675,
Iris_japonica,Iris,japonica,-0.8584936331479384,,4.227644446633998,,-2.268683539985031,
Iris_versicolor,Iris,versicolor,-1.2729656758128873,,4.77912349311153,,-1.9661128563728327,
Itea_chinensis,Itea,chinensis,-2.126449295287177,,4.703475874772215,,-0.616186139423817,
Ixora_intensa,Ixora,intensa,-0.6597124044737079,,2.7978909051019993,,-0.9364934391916745,
Ixora_panurensis,Ixora,panurensis,-0.6217571844732723,,2.658159431488745,,-1.1679623668029029,
Juglans_mandshurica,Juglans,mandshurica,-1.2063621025950646,0.11696820382988841,4.207669534358408,0.2768519647739578,-1.571021922455302,0.13318203030677028
Juglans_nigra,Juglans,nigra,-1.101235111363239,0.15866742485886498,3.0139300970916953,0.16425618152269092,-0.8485379889768611,0.19297826193589823
Juniperus_chinensis,Juniperus,chinensis,-0.6738511980617344,0.10446874867450878,2.880481314128699,0.15467247623217076,-1.4868522733020395,0.12296238621840455
Juniperus_communis,Juniperus,communis,-0.4933525915135608,0.07585427082394305,3.263647421320025,0.3187502673665166,-1.6897184495590178,0.2108315919090006
Juniperus_phoenicea,Juniperus,phoenicea,-0.6554661135922568,,2.083632139845222,,-0.4698095296842743,
Juniperus_sabina,Juniperus,sabina,-0.9167908569158374,,3.6432834618664827,,-1.5702171992808192,
Knema_erratica,Knema,erratica,-0.10152696850334966,0.06315295543836051,1.5462315212308946,0.016986252676868596,-1.1016130928329515,0.10931965916878972
Knightia_excelsa,Knightia,excelsa,-0.9619060976937611,0.025132116774839782,3.805786217792528,0.0462577062421498,-1.6365248086139688,0.053126183723305624
Koeleria_macrantha,Koeleria,macrantha,-1.77009582763489,,4.825694901543437,,-0.8456196976236802,
Koeleria_pyramidata,Koeleria,pyramidata,-1.1239451024160318,0.22312854555057743,4.108062150107434,0.08159259191899125,-1.4963137088058067,0.25843935280418917
Koeleria_vallesiana,Koeleria,vallesiana,-1.3541863002274601,0.10874282810172473,4.666069576399909,0.32394318757168633,-1.9407374864383378,0.22991137689448063
Koelreuteria_paniculata,Koelreuteria,paniculata,-0.9986524991144299,0.35987526625696475,3.794770160461458,0.5687514064824027,-2.2870950429633528,0.3428541271726782
Krascheninnikovia_ceratoides,Krascheninnikovia,ceratoides,-1.4045601699267831,,4.37709589063546,,-1.0781971019659335,
Kubitzkia_mezii,Kubitzkia,mezii,-0.4780358009429998,,2.355177543113216,,-1.0847093834991182,
Kunzea_ericoides,Kunzea,ericoides,-0.6403076872978927,0.08478329924962129,3.633906523820702,0.1286592753995875,-2.084991384189245,0.07129643761020922
Kutchubaea_oocarpa,Kutchubaea,oocarpa,-0.6753072624316143,,3.2208738275308737,,-1.4696759700589417,
Kutchubaea_semisericea,Kutchubaea,semisericea,-0.7678707267558817,,2.89480635496403,,-1.1026203100656484,
Kutchubaea_sericantha,Kutchubaea,sericantha,-0.8580218237501793,,3.138099514840913,,-1.0023934309275668,
Lactuca_tatarica,Lactuca,tatarica,-1.0896773246105305,,4.34629184061853,,-1.5453958707720703,
Ladenbergia_riveroana,Ladenbergia,riveroana,-1.0833789080275205,,3.4060498507014016,,-1.0420601183899925,
Lamium_album,Lamium,album,-1.9995219185039625,,5.792156286415493,,-1.5248805235952265,
Larix_decidua,Larix,decidua,-0.7647171659029437,0.055927983949604874,3.094243839526306,0.10862243394432226,-1.3368660395513292,0.08522449190225789
Larix_gmelinii,Larix,gmelinii,-0.7758429085991727,0.05421326853770794,3.0170496980406756,0.11056181201361043,-1.1364231930786037,0.028666151539759935
Larix_kaempferi,Larix,kaempferi,-0.47855636319720507,0.2554128118829953,2.648630904821906,0.533580935674703,-1.3478138405518263,0.03848052056806416
Lathyrus_venosus,Lathyrus,venosus,-0.9875182411625228,,3.84651487154136,,-1.637608791686511,
Launaea_arborescens,Launaea,arborescens,-0.9779666873982497,,1.8622937900490932,,-0.781773763838675,
Laurelia_novae-zelandiae,Laurelia,novae-zelandiae,-0.04911380217589599,0.0075623750176608715,2.368956325202658,0.07724279699648749,-2.0294095303426416,0.09259989570322956
Lavandula_multifida,Lavandula,multifida,-1.0492999861835848,0.16178369725169037,2.4213207539740456,0.7196918797123809,-0.23729257375350912,0.029981029544163516
Leonia_glycycarpa,Leonia,glycycarpa,-0.4942963218147801,,2.311196582454366,,-1.0811840810176463,
Lepidium_densiflorum,Lepidium,densiflorum,-1.7984820149888818,,4.559569288282495,,-0.6603573570917932,
Lepidothamnus_intermedius,Lepidothamnus,intermedius,-1.2378743560016174,,3.068052935133617,,-0.9942522733438669,
Lepisanthes_senegalensis,Lepisanthes,senegalensis,-0.35241053876557166,0.151844284167506,1.9731214794464218,0.3084309617763793,-0.9112777284384382,0.06076501619458493
Leptecophylla_juniperina,Leptecophylla,juniperina,-2.3025850929940455,,4.853591544486569,,-0.342490308946776,
Leptobalanus_granvillei,Leptobalanus,granvillei,-0.5041810810473222,,2.5900171341906173,,-1.4524341636244356,
Leptobalanus_latus,Leptobalanus,latus,-0.8096809968158968,,2.3933394562625097,,-0.47160491061270937,
Leptobalanus_longistylus,Leptobalanus,longistylus,-0.8843076860211043,,3.1250046092581303,,-0.9288695140810151,
Leptobalanus_octandrus,Leptobalanus,octandrus,-0.9675840262617056,,3.078693794268338,,-0.5691612007789542,
Leptobalanus_sprucei,Leptobalanus,sprucei,-1.0133524447172864,,3.1432898379116057,,-0.7174398731289899,
Leptospermum_scoparium,Leptospermum,scoparium,-1.0799700431299677,0.10179736953908433,4.426675728536929,0.17199247690998265,-2.0041652270582913,0.09629045420750885
Lespedeza_bicolor,Lespedeza,bicolor,-1.406905315024015,,4.931618323063865,,-1.8971199848858813,
Lespedeza_capitata,Lespedeza,capitata,-0.9942522733438669,,4.290459441148391,,-2.0402208285265546,
Lespedeza_davurica,Lespedeza,davurica,-1.171182981502945,0.0,3.6940637960766245,0.018776295482155092,-1.0788096613719298,0.0
Lespedeza_thunbergii,Lespedeza,thunbergii,-1.474470052023616,,4.757488255324351,,-1.5672375562908314,
Leymus_chinensis,Leymus,chinensis,-1.480400636061793,0.020813803617137937,4.62531467849119,0.07797891889838779,-1.4055019040289338,0.09938626327947654
Liatris_aspera,Liatris,aspera,-0.7985076962177716,,4.382026634673881,,-2.5257286443082556,
Licania_bracteata,Licania,bracteata,-0.8891620644859025,,2.7212954278522306,,-0.6014799920341214,
Licania_gracilipes,Licania,gracilipes,-0.6753072624316143,,2.3832429960115,,-0.4124897230451288,
Licania_harlingii,Licania,harlingii,-1.408121667951504,0.06116313139030805,3.9699897150091115,0.1536495115526028,-0.911555074611821,0.04248009882089348
Licania_hypoleuca,Licania,hypoleuca,-1.0613165039244128,,3.177220149599368,,-0.7765287894989963,
Licania_irwinii,Licania,irwinii,-0.5206492419902901,0.1883136857007162,1.5937593842856466,0.40844666271964114,-0.312592747640554,0.14989342697069724
Licania_micrantha,Licania,micrantha,-0.4734881458246523,0.2127215723240588,1.5089430008574958,0.6426160323632124,-0.2380508522340385,0.19133631207581656
Licania_niloi,Licania,niloi,-0.6443570163905132,,2.052840859882657,,-0.6462635946610948,
Licania_ovalifolia,Licania,ovalifolia,-0.8936623705011101,0.05374612282541789,2.439875657655602,0.17808983189459016,-0.410001008686526,0.08589582426559662
Licania_parviflora,Licania,parviflora,-0.7133498878774648,,2.124653884501384,,-0.4636240222816965,
Licania_rodriguesii,Licania,rodriguesii,-1.1488535051048565,,2.4612967841488667,,-0.33547273628812946,
Licaria_chrysophylla,Licaria,chrysophylla,-0.40346710544549125,,1.5644405465033646,,-0.5762534290884459,
Licaria_guianensis,Licaria,guianensis,-0.4764241970486583,,2.254444717666111,,-1.0216512475319814,
Licaria_hirsuta,Licaria,hirsuta,-0.3285040669720361,,2.528125768907977,,-1.4312917270506265,
Licaria_macrophylla,Licaria,macrophylla,-0.5058380822549516,,2.0373166153791646,,-0.8370175509796473,
Licaria_oppositifolia,Licaria,oppositifolia,-0.5727010274840783,,2.4150205223238337,,-0.9781661355922425,
Lindera_benzoin,Lindera,benzoin,-0.3227508704329836,0.032628089904621585,2.5374088682205294,0.2902705302381634,-1.6242539580012874,0.34096896538126265
Lindera_communis,Lindera,communis,-0.6684667694033051,0.16113503133777407,2.8610621367510434,0.4158006054304759,-1.282564105575464,0.15477359142378436
Lindera_metcalfiana,Lindera,metcalfiana,-0.2388021511854031,0.059097950130395274,1.8689344489438924,0.04683441618514109,-1.0383976489639097,0.11366853103343175
Lindera_obtusiloba,Lindera,obtusiloba,-1.3417991212333393,,4.527325535091816,,-1.6175351215285083,
Linum_lewisii,Linum,lewisii,-1.3145319948929999,,4.093923640313569,,-1.252762967495368,
Liquidambar_formosana,Liquidambar,formosana,-1.2051884958233599,0.10165408430980463,4.102752903004792,0.23016631002353577,-1.4201385868533496,0.08238908540368524
Liquidambar_gracilipes,Liquidambar,gracilipes,-0.36698438752088924,0.1330241192868026,1.0196596187941127,0.49004973861882745,-0.05207953442064036,0.20608602577408103
Liquidambar_obovata,Liquidambar,obovata,-0.8684781265684585,0.13425422617694302,2.912754649685025,0.40278582864381796,-1.3901495225418485,0.12579789768914984
Liquidambar_styraciflua,Liquidambar,styraciflua,-1.099321148486337,0.5082876950575251,3.231614909993066,0.22540017839604418,-1.7795326136833534,0.13270603627955238
Liriodendron_chinense,Liriodendron,chinense,-0.372352584709675,0.13251348796652984,2.7091650878756326,0.22626948978065248,-1.7775050778477326,0.04126439179609519
Liriodendron_tulipifera,Liriodendron,tulipifera,-0.35735469094208683,0.13194035244622665,2.3371069108775897,0.08734757018321315,-1.603973974908575,0.08910881138266553
Lithocarpus_bacgiangensis,Lithocarpus,bacgiangensis,-0.37393731549612014,0.04307830021118262,1.8133486133578043,0.2042748586108479,-0.7411466036022354,0.05988917666964047
Lithocarpus_chiungchungensis,Lithocarpus,chiungchungensis,-1.5162208307229665,,4.326910252115215,,-0.843970070294529,
Lithocarpus_cleistocarpus,Lithocarpus,cleistocarpus,-1.2941710722440847,,4.231227348294458,,-1.4116121691041805,
Lithocarpus_clementianus,Lithocarpus,clementianus,-0.8652781078835793,0.10575761647833225,3.3157265079305804,0.21143122099951148,-1.255229764297944,0.12780552984387453
Lithocarpus_confertus,Lithocarpus,confertus,-0.6840567608490506,0.0936332419034222,2.875822087585895,0.28809450170906337,-1.0626164549143178,0.06926924576705744
Lithocarpus_elegans,Lithocarpus,elegans,-0.46325282604350027,0.07101169377107207,2.048502634667802,0.21149752849570486,-0.6509116835331276,0.12877095764249807
Lithocarpus_fenestratus,Lithocarpus,fenestratus,-0.26089098422577955,0.08424585459181862,1.6187975443156035,0.3109406682787666,-0.8317837055651512,0.1654347727116659
Lithocarpus_fohaiensis,Lithocarpus,fohaiensis,-0.16633010398225445,,1.2616628728791348,,-0.5030283483480308,
Lithocarpus_lampadarius,Lithocarpus,lampadarius,-0.7118715121781115,0.08223656121927422,2.9089618856129698,0.15291926360037067,-1.1262925023722081,0.060695427068145805
Lithocarpus_rigidus,Lithocarpus,rigidus,-0.6080035162733061,0.13005978986963307,2.589185155035548,0.32024644784111356,-1.0365499196004908,0.07652973034846541
Lithocarpus_variolosus,Lithocarpus,variolosus,-0.41935074625996294,0.013485558130458843,2.1516352590904626,0.20632724113684464,-0.9888817975386237,0.24684281564436478
Litsea_baviensis,Litsea,baviensis,-0.34822503093608975,,2.5664866367804233,,-2.0402208285265546,
Litsea_cubeba,Litsea,cubeba,-0.9015745480384745,,3.688629422858727,,-0.8675005677047231,
Litsea_elongata,Litsea,elongata,-0.47200255472178954,0.25209760084229776,2.4357656420694322,0.5337119766251354,-1.2078632377798821,0.06418661409032839
Litsea_glutinosa,Litsea,glutinosa,-0.08164398904051029,,1.8102357038555816,,-1.3853479610977026,
Litsea_ichangensis,Litsea,ichangensis,-0.9069903646768557,,4.118515873267373,,-2.0546731075737443,
Litsea_martabanica,Litsea,martabanica,-0.35934517297207497,,2.302191094286748,,-1.273858888894661,
Litsea_mollis,Litsea,mollis,-0.09777051291518844,0.06431713665596886,1.7580021146306057,0.010563836573958318,-1.2393490672847103,0.06693170166241891
Litsea_panamanja,Litsea,panamanja,-0.1504419306406371,0.044516677505535,1.862511791356738,0.13669386316181348,-1.2157377319039284,0.09630835617598134
Litsea_salicifolia,Litsea,salicifolia,-0.2617977578626635,,2.071326936519503,,-1.2680478915322686,
Litsea_szemaois,Litsea,szemaois,-0.21825704660501066,0.028088478375887755,1.6883441172979108,0.14965634017808005,-0.9827824390202672,0.1625691702297592
Litsea_umbellata,Litsea,umbellata,-0.1831079474584807,0.04031609552733298,1.7272750085307516,0.13546913061780713,-1.0915962547727707,0.06989226651427075
Litsea_verticillata,Litsea,verticillata,-0.6474283949149995,,2.7466296830696852,,-1.0498221244986778,
Lolium_arundinaceum,Lolium,arundinaceum,-1.3906797521757657,0.11261330827731379,5.258433387155528,0.3322850229858946,-2.616940960820948,0.5957370779928497
Lolium_perenne,Lolium,perenne,-1.6423742838418975,0.2547457010439837,5.51596625399015,0.242966695426404,-2.3423649061820946,0.8282371735523191
Lomaria_discolor,Lomaria,discolor,-1.0216512475319814,,3.269568939183719,,-1.2039728043259361,
Lonicera_chrysantha,Lonicera,chrysantha,-1.3726714420503585,0.02751902426164332,5.141944955432498,0.005227345069135136,-2.1544336490396034,0.06359405971016274
Lonicera_maackii,Lonicera,maackii,-1.3657861167431988,0.019657914010053453,3.413617372740605,0.058336332834105324,-0.23596046331520942,0.04418723991440202
Lotus_corniculatus,Lotus,corniculatus,-0.890513464873263,0.06498145927253313,4.969484454047297,0.2048031116067351,-3.1502379149210333,0.2979570105922327
Lupinus_perennis,Lupinus,perennis,-1.0788096613719298,,4.762173934797756,,-1.1394342831883648,
Lygodesmia_juncea,Lygodesmia,juncea,-0.9946577609482603,,3.501256317347026,,-1.0232459239083038,
Macaranga_sampsonii,Macaranga,sampsonii,-1.280282849999285,0.32683491515301355,3.9322958635229193,0.3759320752157442,-1.5284822190762195,0.12346581393316292
Machilus_breviflora,Machilus,breviflora,-0.5683577570595996,0.08832685411739441,2.7618022691870956,0.19695161253403629,-1.3852296284004904,0.023037242791718406
Machilus_kwangtungensis,Machilus,kwangtungensis,-0.8534802654634799,,3.475067230228611,,-1.2039728043259361,
Machilus_nanmu,Machilus,nanmu,-0.7359764044580039,0.08585678372998655,3.3351577575148266,0.1351641036846718,-1.6185478159410107,0.03486538032522179
Machilus_oculodracontis,Machilus,oculodracontis,-0.5638386744899024,0.11527030066281357,2.8915862209240424,0.25949275672392413,-1.2256502944162209,0.22757265312586106
Machilus_robusta,Machilus,robusta,-0.7361590711532363,,2.8903717578961645,,-1.3862943611198906,
Machilus_rufipes,Machilus,rufipes,-0.24574950555664843,0.058980268551680766,2.0040904993817907,0.1174498377964594,-1.2164826438801646,0.06779648454424159
Machilus_shweliensis,Machilus,shweliensis,-0.5611534291177938,0.14578353809024852,2.908716491952807,0.2996391711631515,-1.544845141259583,0.015244156601992617
Machilus_tenuipilis,Machilus,tenuipilis,-0.0697074120674221,,1.6596000116415617,,-1.1060422123176572,
Machilus_velutina,Machilus,velutina,-0.7905174809562218,,3.0809921175048145,,-1.2729656758128873,
Macropanax_undulatus,Macropanax,undulatus,-1.3329431856228962,,3.3568971227655755,,-1.1394342831883648,
Madhuca_endertii,Madhuca,endertii,-0.2351768764778696,0.0730669081274288,2.1840778382098134,0.10137564632593714,-1.4032299649282285,0.1498121637564554
Magnolia_acuminata,Magnolia,acuminata,-0.5422133261529506,0.44196908239789356,2.6787541404261748,0.22829202242027355,-1.9514747305423366,0.04777323568759841
Magnolia_baillonii,Magnolia,baillonii,-0.3863287800401584,0.1014674261947258,2.502278262721897,0.26982715300784604,-1.392515774925366,0.06498532376152537
Magnolia_balansae,Magnolia,balansae,-0.5446582123024426,,3.0037004432031678,,-1.4696759700589417,
Magnolia_carsonii,Magnolia,carsonii,-0.1649470592729187,0.045422943182254504,2.5110043461946367,0.07680343659966202,-1.8658659042382895,0.05724359278201267
Magnolia_cavaleriei,Magnolia,cavaleriei,-0.29785362777327734,,2.7343675094195836,,-1.5141277326297755,
Magnolia_champaca,Magnolia,champaca,-0.7689057449610968,,2.990719731730447,,-1.2378743560016174,
Magnolia_championii,Magnolia,championii,-0.3693287511040657,0.12974439917846442,2.87800468602326,0.3071393934918738,-1.8970453265806324,0.04640335438373364
Magnolia_chapensis,Magnolia,chapensis,-0.5008320167922563,0.049427676219141424,3.1461531138646506,0.007864138655053752,-1.88144797839479,0.10949113646291474
Magnolia_dandyi,Magnolia,dandyi,-0.4720857954500601,,2.872999508171694,,-2.0402208285265546,
Magnolia_denudata,Magnolia,denudata,-0.655636589731186,0.5072264632887639,2.8364087878146855,0.20337501208779513,-2.148573606462026,0.054239340720810714
Magnolia_ernestii,Magnolia,ernestii,-0.2277416860282759,0.09551090376292024,2.610608519239103,0.16402867681881828,-1.806259327909503,0.14696889136252925
Magnolia_fulva,Magnolia,fulva,-0.40936771337543165,,2.9647574692545606,,-1.4696759700589417,
Magnolia_grandiflora,Magnolia,grandiflora,-1.308800055429222,0.763745240112571,2.2417080129219156,0.03453310473252813,-1.7147984280919268,0.28768207245178085
Magnolia_kobus,Magnolia,kobus,-0.7876021646551027,0.33386543500992855,3.093918573231937,0.21378765232776842,-1.9986515374602822,0.11344773861604948
Magnolia_lotungensis,Magnolia,lotungensis,-0.36118509941661847,,2.485739636091892,,-1.4271163556401458,
Magnolia_macclurei,Magnolia,macclurei,-0.5204626548563267,0.09759049649384118,2.771285151576149,0.20977652513688083,-1.632201020231817,0.0736097833336401
Magnolia_macrophylla,Magnolia,macrophylla,-1.6124218098313137,,2.5572273113676265,,-2.0402208285265546,
Magnolia_maudiae,Magnolia,maudiae,-0.39877127337608653,0.08179025860604396,2.869704115946217,0.15127116015614728,-1.7800688493230759,0.1447586023485118
Magnolia_odora,Magnolia,odora,-0.45315003296454526,0.06494613803575472,2.4040193475058316,0.2693795607128308,-1.2337491883783003,0.21480590019066045
Magnolia_opipara,Magnolia,opipara,-0.5746888174329436,,2.5392369943330477,,-1.6607312068216509,
Magnolia_stellata,Magnolia,stellata,-0.8448833713569699,0.5791603170201601,3.26208769211398,0.17717760335918403,-2.310409545055926,0.05267004431532859
Magnolia_tripetala,Magnolia,tripetala,-0.9346915651658565,0.7474579640108812,2.890204449052871,2.8410308450022015e-05,-2.0024805005437076,0.0
Magnolia_virginiana,Magnolia,virginiana,-2.2178719549334867,,3.0022112396517002,,-2.1413169453979233,
Magnolia_yunnanensis,Magnolia,yunnanensis,-0.3274768169962273,,2.847232265235547,,-1.5606477482646683,
Magnolia_yuyuanensis,Magnolia,yuyuanensis,-0.42738352846332,0.14776525675446617,3.1695157215811207,0.24596315138606376,-2.0421990736998263,0.04451045986909763
Mallotus_paniculatus,Mallotus,paniculatus,-1.4447712908788664,,4.575959027819343,,-1.408767218790131,
Malus_baccata,Malus,baccata,-0.7568845256223149,0.267695422836429,2.933069037745164,0.5356964958603901,-1.1777354943676206,0.06487414014971851
Manglietia_paruicula,Manglietia,paruicula,-0.6853972886998859,,3.0828269804049246,,-1.6607312068216509,
Manoao_colensoi,Manoao,colensoi,-0.7550225842780328,,2.9391619220655967,,-1.6607312068216509,
Maquira_calophylla,Maquira,calophylla,-0.06613980250454495,,1.144222799920162,,-0.9996723408132061,
Maquira_coriacea,Maquira,coriacea,-0.9996723408132061,,3.3628029936748436,,-1.0328245481301066,
Maquira_sclerophylla,Maquira,sclerophylla,-0.5691612007789542,,2.2965670206684825,,-0.818710403535291,
Matayba_inelegans,Matayba,inelegans,-0.8190593104951254,0.09035874797640919,2.7510183776550967,0.15861991715978996,-0.8737662360395544,0.08960234024766567
Matayba_peruviana,Matayba,peruviana,-1.2803140375826587,,3.3272012310510437,,-0.5315765680726424,
Matteuccia_struthiopteris,Matteuccia,struthiopteris,-1.1591468759054073,0.19676724727663836,4.539567888782238,0.48661497107962304,-2.3403837194965105,0.25947445988018325
Maytenus_schippii,Maytenus,schippii,-0.29608573444801095,0.012615122983161683,1.9098132368643603,0.04603844545917224,-1.0755702070513735,0.04452604544040144
Medicago_minima,Medicago,minima,-1.3586791940869172,,5.342334251964811,,-2.0955709236097197,
Medicago_ruthenica,Medicago,ruthenica,-1.3470736479666092,0.0,4.188158105808921,0.045658501699773694,-1.2384692400694117,0.034496435743475606
Medicago_sativa,Medicago,sativa,-0.973566800576342,,5.764768430399355,,-3.772474303178351,
Melicope_pteleifolia,Melicope,pteleifolia,-1.3705391291753843,,4.576667825515379,,-1.5606477482646683,
Melicytus_ramiflorus,Melicytus,ramiflorus,-0.7594736356319632,0.048417145031988136,3.9925694826668874,0.08975828636502892,-2.227063657077555,0.12384931798189293
Melilotus_officinalis,Melilotus,officinalis,-1.2378743560016174,,4.605170185988092,,-1.8971199848858813,
Memecylon_nigrescens,Memecylon,nigrescens,-1.0882853652126099,0.19924547711178403,3.5069953614665437,0.5788383542876268,-1.0888601388952452,0.23423539311888802
Meriania_franciscana,Meriania,franciscana,-0.5571975135217923,0.05990133427043114,2.6747205363717894,0.10202353364678445,-1.3327471351203868,0.06824833801384163
Metasequoia_glyptostroboides,Metasequoia,glyptostroboides,-0.4250926308749947,0.07280411745077822,2.6090136775946005,0.19198109822259024,-1.5412831988847164,0.04979861706280484
Metrosideros_diffusa,Metrosideros,diffusa,-1.7719568419318752,,4.439115601658009,,-0.6931471805599453,
Metrosideros_excelsa,Metrosideros,excelsa,-0.7312576484166703,0.06165059537562073,3.1709079919307204,0.08884587101779051,-1.4510181617691869,0.06466906061793627
Metrosideros_fulgens,Metrosideros,fulgens,-1.6607312068216509,,4.33729074083249,,-0.7765287894989963,
Metrosideros_robusta,Metrosideros,robusta,-0.8585822521728742,0.0324364488737849,3.822513261226882,0.08205523837764478,-1.8563655944002215,0.04232727562046714
Metrosideros_umbellata,Metrosideros,umbellata,-1.04373685668855,0.12744612481439505,3.408778505531994,0.3407255703983771,-1.1578351662713506,0.40281258199331776
Mezilaurus_ita-uba,Mezilaurus,ita-uba,-0.3624056186477175,,2.558776498354456,,-1.5186835491656363,
Miconia_calophylla,Miconia,calophylla,-0.7055865733827621,0.0609429734657376,3.107959642472739,0.1742005039121484,-1.455747438410798,0.0953589114699503
Miconia_crebribullata,Miconia,crebribullata,-0.08981530432236398,,1.658894330987733,,-1.2373747291117831,
Miconia_dolichorrhyncha,Miconia,dolichorrhyncha,-1.0111510128981152,,3.5569680209320085,,-1.2926251706387222,
Miconia_jahnii,Miconia,jahnii,-0.7791391872275636,0.03253415694395832,2.7112431139664426,0.1322658826554762,-0.9112980145806823,0.11486056628169311
Miconia_punctata,Miconia,punctata,-0.7285864049158792,0.0559608263529126,2.867272670288294,0.28689996858177375,-1.399579507416431,0.0706798134821801
Miconia_radula,Miconia,radula,-1.3152768738846101,,3.8578803831375073,,-0.9863449860713649,
Microbiota_decussata,Microbiota,decussata,-0.7898861791201304,0.06679271680422294,2.9697308898173476,0.22063740824546818,-1.0171479862531982,0.11116504899845633
Microcos_paniculata,Microcos,paniculata,-2.1468642179972703,,4.7482310288287435,,-0.6539264674066639,
Micromelum_integerrimum,Micromelum,integerrimum,-0.4272011096992364,0.04232263470964845,2.3071441164144333,0.14345802379711703,-1.115620750139146,0.058503811636486214
Micropholis_casiquiarensis,Micropholis,casiquiarensis,-0.3243460568233724,,1.9851308622085946,,-0.8940401229393353,
Micropholis_cylindrocarpa,Micropholis,cylindrocarpa,-0.6348782724359695,,2.653241964607215,,-0.8746690571833357,
Micropholis_egensis,Micropholis,egensis,-0.32871644379287507,0.0851327997820234,1.6272386797778402,0.16616017037265116,-0.7294578520619887,0.08199212595365826
Micropholis_guyanensis,Micropholis,guyanensis,-0.5669404813384021,0.037921025430551675,2.070538227044762,0.08990093420178558,-0.6833880820333764,0.05745630618098438
Micropholis_mensalis,Micropholis,mensalis,-0.9702190738997107,,3.370738174177447,,-0.8675005677047231,
Micropholis_trunciflora,Micropholis,trunciflora,-0.36096986822161325,,1.682688374173693,,-0.6694306539426292,
Micropholis_venulosa,Micropholis,venulosa,-0.42638763973001875,0.17482629918212586,1.8048136559276096,0.5163296816451395,-0.6634437164852438,0.16881323012990682
Microtropis_discolor,Microtropis,discolor,-0.7789447490587033,,4.376888456817758,,-1.1086626245216111,
Millettia_leptobotrya,Millettia,leptobotrya,-1.0741733667910915,,3.2433732964685884,,-0.843970070294529,
Mitrephora_tomentosa,Mitrephora,tomentosa,-0.21416270756746936,0.04955339488926194,1.8747737152168316,0.19021911528799895,-1.1656420264510206,0.09628348911212643
Monarda_fistulosa,Monarda,fistulosa,-1.171182981502945,,4.795790545596741,,-2.2072749131897207,
Monoon_simiarum,Monoon,simiarum,-0.26942234773010243,0.22832253649735787,2.0297728604840195,0.28355255717648853,-0.9812724727723167,0.04854054714864275
Morus_insignis,Morus,insignis,-1.0421329944532394,0.06477664078647297,3.3003457689016313,0.2277926533747184,-0.9811559458435349,0.15074143323201025
Munroa_christianii-bernardii,Munroa,christianii-bernardii,-1.4696759700589417,,5.943350404384552,,-2.659260036932778,
Musineon_divaricatum,Musineon,divaricatum,-0.6659211943063538,,3.5699012105435526,,-1.4980539069703855,
Myrcia_bracteata,Myrcia,bracteata,-1.2801341652915,,2.9128939952449864,,-0.38272562113867487,
Myrcia_caudata,Myrcia,caudata,-0.9137938516755678,,2.8384934971274993,,-0.6558513958162484,
Myrcia_citrifolia,Myrcia,citrifolia,-1.1363141558521213,,3.5010427166318716,,-0.7787050689215919,
Myrcia_crebra,Myrcia,crebra,-0.8029620465671519,,2.6748380668960965,,-0.7052197617942145,
Myrcia_cuspidata,Myrcia,cuspidata,-1.0788096613719298,,2.8713021951758138,,-0.5344354894051245,
Myrcia_fenestrata,Myrcia,fenestrata,-1.018877320649256,,2.962692419475791,,-0.5905905922348531,
Myrcia_ferruginea,Myrcia,ferruginea,-1.0876723486297752,,3.022860940942244,,-0.5603660693261269,
Myrcia_grandis,Myrcia,grandis,-0.9123066470495667,0.04480607934484354,3.193455821036292,0.16622488042292982,-0.6283704349322958,0.01218429550847888
Myrcia_integra,Myrcia,integra,-0.8370175509796473,,2.373043556642607,,-0.6851790109107684,
Myrcia_neospeciosa,Myrcia,neospeciosa,-0.9238189982949466,,3.2445435716167785,,-1.0384583658483626,
Myrcia_paivae,Myrcia,paivae,-0.7592869830644903,,2.994231147427724,,-0.9545119446943529,
Myrcia_servata,Myrcia,servata,-0.9781661355922425,,2.9069010598473755,,-0.623621117911335,
Myrcia_splendens,Myrcia,splendens,-0.9728610833625494,,2.5687881337687024,,-0.5344354894051245,
Myrcia_subsericea,Myrcia,subsericea,-0.9781661355922425,,2.6803363625346943,,-0.5568695622673976,
Myrcia_sylvatica,Myrcia,sylvatica,-1.0384583658483626,,3.1188344706879745,,-0.7381445464906811,
Myrcia_umbraticola,Myrcia,umbraticola,-1.6245515502441485,,3.9606226752642084,,-0.6713856887784326,
Myrcianthes_rhopaloides,Myrcianthes,rhopaloides,-0.9618112471759644,,2.7805532925521232,,-0.6159222520229378,
Myrciaria_floribunda,Myrciaria,floribunda,-1.1086626245216111,,2.922623801733353,,-0.5621189181535413,
Myrciaria_tenella,Myrciaria,tenella,-0.7507762933965817,,2.010894999144726,,-0.6386589952758756,
Myrica_pubescens,Myrica,pubescens,-0.9331223293912648,0.24649574285382223,3.3038428818134804,0.38757905260301573,-1.2235691076893456,0.2815696558717648
Myriocarpa_stipitata,Myriocarpa,stipitata,-0.9011219554333162,0.1577027481865446,3.1554321463694883,0.17084746228588624,-1.1123078835656193,0.1837901869451988
Myrsine_andina,Myrsine,andina,-0.6260388255347293,0.007186822027617976,2.2656936845275424,0.03975161849088265,-0.7716218686584471,0.028087403707764826
Myrsine_australis,Myrsine,australis,-0.9040745215625219,0.023730728157197758,3.602125113283895,0.10881960244501208,-1.549849580667421,0.08843841445397667
Myrsine_coriacea,Myrsine,coriacea,-0.50393930358056,0.061985754669764095,2.4479038981507086,0.20237091011467737,-1.195239747493685,0.09087319324627094
Myrsine_divaricata,Myrsine,divaricata,-0.9751187538189012,0.051850965231855235,3.608486373329415,0.12953804804821523,-1.4159281862306399,0.06135088943378207
Myrsine_seguinii,Myrsine,seguinii,-0.591865166465905,0.21375006147009235,3.101495088658008,0.3398982189136241,-1.626093293775203,0.34077267107701986
Myrtus_communis,Myrtus,communis,-0.8600876353155976,,2.3155834521037053,,-0.2385676675207332,
Mytilaria_laosensis,Mytilaria,laosensis,-0.9283442714285841,0.08853655253050474,3.637896689925984,0.31009993575770806,-1.4909234375406564,0.16526279522981613
Nabalus_tatarinowii,Nabalus,tatarinowii,-1.7237270588362281,,5.837122182327003,,-2.1484344103096444,
Nageia_nagi,Nageia,nagi,-0.8837130157526726,0.22979509089839398,3.434648991179097,0.17739903876316396,-1.1360798172525868,0.08335069403343154
Nassella_viridula,Nassella,viridula,-1.4407505469159494,,4.005383297618432,,-0.659009773233728,
Naucleopsis_caloneura,Naucleopsis,caloneura,-1.0498221244986778,,3.558485990180341,,-1.018877320649256,
Naucleopsis_francisci,Naucleopsis,francisci,-0.9259510275941171,0.04711461998161281,3.2741998125107994,0.1296481906957372,-1.1821901556133076,0.10343671374547772
Naucleopsis_imitans,Naucleopsis,imitans,-1.07587280169862,,2.9512577834521614,,-0.8096809968158968,
Naucleopsis_insculptula,Naucleopsis,insculptula,-0.5978370007556204,,1.9487632180377197,,-0.6655320135269719,
Naucleopsis_krukovii,Naucleopsis,krukovii,-1.5141277326297755,,3.9460378840154235,,-0.8209805520698302,
Naucleopsis_ternstroemiiflora,Naucleopsis,ternstroemiiflora,-0.715392789507265,,2.613006652415316,,-0.8915981192837836,
Neolitsea_cassia,Neolitsea,cassia,-0.6264422577659549,,3.1245651453969594,,-2.0402208285265546,
Neolitsea_phanerophlebia,Neolitsea,phanerophlebia,-0.5426154373724851,0.06040664234998085,3.278699132005041,0.1893191294945381,-1.8242235845642714,0.10922403244907657
Neomyrtus_pedunculata,Neomyrtus,pedunculata,-1.5606477482646683,,3.744787086052232,,-0.3856624808119846,
Neopanax_arboreus,Neopanax,arboreus,-0.2595498229620374,0.0696744164071561,2.8460907429132924,0.11171122076411794,-2.0704031972284946,0.033864749186567365
Neopanax_colensoi,Neopanax,colensoi,-0.8209805520698302,,3.104586678466073,,-1.2729656758128873,
Nephelium_lappaceum,Nephelium,lappaceum,-1.839794918266612,,4.068171687918078,,-0.6931471805599453,
Nerium_oleander,Nerium,oleander,-0.7908886461457182,,2.6517353083394815,,-0.6148824414592808,
Nestegis_lanceolata,Nestegis,lanceolata,-0.3095076701234473,0.05758480958472667,2.350058923711602,0.09330059111602167,-1.5393936835715762,0.08455062416520338
Noronhia_mildbraedii,Noronhia,mildbraedii,-0.527632742082372,,2.247072383063787,,-0.843970070294529,
Nothofagus_fusca,Nothofagus,fusca,-1.1926432701881158,0.05406490519290017,3.9926894634513985,0.10921956271083556,-1.3264464471358481,0.07006362094150051
Nothofagus_menziesii,Nothofagus,menziesii,-1.1982669111138513,0.07584079975100799,3.7589071457434655,0.11299896441168675,-1.1204276565255729,0.12560836095418373
Nothofagus_obliqua,Nothofagus,obliqua,-1.0216512475319814,,3.5667118201397288,,-1.171182981502945,
Nothofagus_solandri,Nothofagus,solandri,-1.4482641251436172,0.031609052016372964,4.54527151387559,0.08597472481178252,-1.3861036622790959,0.04174388419345251
Nyssa_aquatica,Nyssa,aquatica,-1.7146544384589315,,2.608107083328578,,-1.8325814637483102,
Nyssa_sylvatica,Nyssa,sylvatica,-0.21872618107425024,0.051690021260044836,2.7145812353046512,0.040175358190496606,-1.9840576938061338,0.0969837902402069
Ocotea_aciphylla,Ocotea,aciphylla,-0.18525365722624695,0.09313836831844133,1.8484581725265206,0.3274292674215676,-1.1095593254967102,0.0143707711556893
Ocotea_amazonica,Ocotea,amazonica,-0.791863153499103,,3.169685580677429,,-1.2801341652915,
Ocotea_andina,Ocotea,andina,-0.10926638352856356,0.026830875582906727,1.55615669093666,0.09040579769810723,-1.0967892553748793,0.06375882376385238
Ocotea_argyrophylla,Ocotea,argyrophylla,-0.5361434317502807,,2.7713379403381286,,-1.2173958246580767,
Ocotea_aurantiodora,Ocotea,aurantiodora,-0.6772738314036552,,2.911263116927541,,-1.1615520884419839,
Ocotea_boissieriana,Ocotea,boissieriana,-0.35953617621976464,,2.3504224224082058,,-1.2039728043259361,
Ocotea_cujumary,Ocotea,cujumary,-0.6348782724359695,,2.9569914452375605,,-1.3783261914707137,
Ocotea_cuneifolia,Ocotea,cuneifolia,-0.010353412079491597,,1.1716489735317928,,-0.909433561100182,
Ocotea_infrafoveolata,Ocotea,infrafoveolata,-0.7902717285178257,0.03503635564445862,2.8286394641191785,0.19385118394221743,-1.0062803126872122,0.12337659705474951
Ocotea_lancifolia,Ocotea,lancifolia,-0.6488405705122152,0.18252437161437715,2.7642470232408134,0.375583624431904,-1.1772822412051882,0.07751593980149721
Ocotea_myriantha,Ocotea,myriantha,-0.1947990783050673,,2.3702437414678603,,-1.4828052615007343,
Ocotea_nigra,Ocotea,nigra,-0.3291179912206263,0.024850537936562413,2.2958231378514222,0.11325918865164572,-1.3942512440679904,0.14227230658654916
Ocotea_nigrescens,Ocotea,nigrescens,-0.6991652528855083,,2.6905648867611904,,-0.9942522733438669,
Ocotea_olivacea,Ocotea,olivacea,-0.2119563619236453,,2.172476407647025,,-1.4610179073158271,
Ocotea_pauciflora,Ocotea,pauciflora,-0.008032171697264267,,1.8809906029559975,,-1.4312917270506265,
Ocotea_pedanomischa,Ocotea,pedanomischa,-0.18708954715935722,0.0209304466640884,1.5732825944405107,0.14155187588431445,-0.9576072231713341,0.18228733743302908
Ocotea_percurrens,Ocotea,percurrens,-0.2744368457017603,,2.0082140323914683,,-1.0788096613719298,
Ocotea_rotundata,Ocotea,rotundata,-0.29171309425321995,0.028468358504591906,2.0909496474051315,0.054029880130923365,-1.2663866497214424,0.024595805809311068
Ocotea_scabrella,Ocotea,scabrella,-0.320205264157341,,2.203869120054888,,-1.2909841813155656,
Ocotea_splendens,Ocotea,splendens,-0.5293290953305504,,2.4782176616372036,,-1.1363141558521213,
Oenothera_biennis,Oenothera,biennis,-1.1394342831883648,,4.553876891600541,,-2.0402208285265546,
Olea_europaea,Olea,europaea,-0.4835057873132024,0.14966904094961433,2.19530796863524,0.28694355389421966,-0.8772774973194087,0.046228936007885066
Olearia_avicenniaefolia,Olearia,avicenniaefolia,-0.7339691750802004,,2.9856819377004897,,-1.3093333199837622,
Olearia_rani,Olearia,rani,-0.6274651745984232,0.07587586867504874,3.7577081561295334,0.23430351609502917,-2.2180872598383474,0.08440660040392045
Onoclea_sensibilis,Onoclea,sensibilis,-1.1396669670377169,0.2203658041613863,4.325836005221583,0.49697214135732537,-2.2068871690579352,0.30757998017165344
Oreocnide_frutescens,Oreocnide,frutescens,-1.4304552569056603,,4.544155511736094,,-1.4677873936729604,
Oreopanax_sessiliflorus,Oreopanax,sessiliflorus,-0.42541756774796774,0.02115116513386055,2.816497466220665,0.05504726708151772,-1.7248407870816749,0.0716195976036712
Orophea_creaghii,Orophea,creaghii,-0.9179420946233856,,3.813527758679047,,-0.941608539858445,
Orthocarpus_luteus,Orthocarpus,luteus,-1.5789087073992776,,4.435217814437088,,-1.0986122896681096,
Osmanthus_didymopetalus,Osmanthus,didymopetalus,-0.32921265129195343,,1.4861396960896067,,-0.916290731874155,
Osmunda_japonica,Osmunda,japonica,-0.8704214961323867,,3.1579435469054666,,-1.21119305101923,
Osyris_alba,Osyris,alba,-0.4605682824592504,,1.773033775520673,,-0.046196244340189895,
Oxytropis_sericea,Oxytropis,sericea,-1.266380264454553,,4.571144285822836,,-1.6932077923927629,
Pachira_insignis,Pachira,insignis,-0.2395270305647338,,2.567254391136754,,-1.5558971455060706,
Pachira_macrocalyx,Pachira,macrocalyx,-0.18512548412668892,,2.194999882314108,,-1.1270117631898076,
Pachira_minor,Pachira,minor,-0.4748151862429576,,2.613006652415316,,-1.5371172508544744,
Pagamea_macrophylla,Pagamea,macrophylla,-0.6831968497067772,,3.087399462079815,,-1.4740332754278973,
Palicourea_amplectens,Palicourea,amplectens,-1.5005835075220182,,4.032646447751885,,-0.8119307165499123,
Palicourea_corymbifera,Palicourea,corymbifera,-0.9755100915341263,,3.5516268606875596,,-1.1457038962019601,
Palicourea_dichotoma,Palicourea,dichotoma,-0.8209805520698302,,2.9811261211646287,,-1.1026203100656484,
Palicourea_hoffmannseggiana,Palicourea,hoffmannseggiana,-0.709276562489829,,2.740840023925201,,-0.7787050689215919,
Palicourea_spicata,Palicourea,spicata,-0.6367668471238376,,1.9933388426264242,,-0.5905905922348531,
Palicourea_stenosepala,Palicourea,stenosepala,-0.9028810449642375,,3.1451822713235313,,-1.0978061606766059,
Palicourea_thyrsiflora,Palicourea,thyrsiflora,-0.7556610859491876,,2.8732850468250555,,-1.1191609578643555,
Palicourea_tinctoria,Palicourea,tinctoria,-0.5180180943474952,,3.293668169785451,,-2.015896366246788,
Palicourea_virens,Palicourea,virens,-0.6597124044737079,,2.1972245773362196,,-0.9238189982949466,
Panicum_capillare,Panicum,capillare,-1.6094379124341003,,5.384495062789089,,-1.9661128563728327,
Panicum_virgatum,Panicum,virgatum,-0.8209805520698302,,3.58351893845611,,-1.6607312068216509,
Pappobolus_microphyllus,Pappobolus,microphyllus,-0.7497882330216177,0.08460866710531555,5.638187711585184,0.026264710607078356,-3.3383217790093753,0.014085438483347978
Parablechnum_novae-zelandiae,Parablechnum,novae-zelandiae,-1.1086626245216111,,3.332204510175204,,-0.9675840262617056,
Parablechnum_procerum,Parablechnum,procerum,-1.3093333199837622,,3.4372078191851885,,-0.6348782724359695,
Parthenocissus_quinquefolia,Parthenocissus,quinquefolia,-1.738597919217369,,5.027890960377734,,-1.330724511046161,
Payena_microphylla,Payena,microphylla,-0.21302947664586025,0.04791364074420659,2.121405227762574,0.12187540202236875,-1.4278276651181154,0.034232166631232415
Pectinopitys_ferruginea,Pectinopitys,ferruginea,-0.1275272019094987,0.026815028290671075,1.9352725247996259,0.03562264211877566,-1.5062766480346386,0.041536664095548244
Pennantia_corymbosa,Pennantia,corymbosa,-0.700002167840056,0.030968520754320362,3.5255130184638794,0.06620509868191746,-1.8822193250346506,0.03615643548703009
Penstemon_bradburyi,Penstemon,bradburyi,-0.8915981192837836,,3.9318256327243257,,-1.8971199848858813,
Penstemon_confertus,Penstemon,confertus,-1.2395999819690873,,4.381321386044519,,-1.6486586271873818,
Penstemon_nitidus,Penstemon,nitidus,-1.119631655892185,,3.2524364348165227,,-0.7741162433345763,
Penstemon_procerus,Penstemon,procerus,-0.9401992769258307,,3.8642920528859657,,-1.7231344822022945,
Pentaphylax_euryoides,Pentaphylax,euryoides,-2.1147786059695215,,4.583333491378917,,-0.6348782724359695,
Pentaspadon_motleyi,Pentaspadon,motleyi,-1.2089853461494804,,3.666321662240143,,-1.0291936338397516,
Persea_areolatocostae,Persea,areolatocostae,-0.8389844631539934,0.6911802683855991,2.6412786428185386,1.431536128328368,-0.7196952581947105,0.04755989513434138
Persea_ferruginea,Persea,ferruginea,-0.02490763570618478,,1.2476831491754343,,-0.956609743536499,
Persea_weberbaueri,Persea,weberbaueri,-0.06846574319885602,0.012635858238185438,1.3046625473628732,0.03085592812204829,-0.9261811026485611,0.005437343247811588
Phalaris_arundinacea,Phalaris,arundinacea,-1.1736052677095397,,5.389871424131001,,-3.1154441231766405,
Phellodendron_amurense,Phellodendron,amurense,-0.7029706471952143,0.024430102787068843,3.570451277096477,0.10579640987879847,-1.9853855236709113,0.07143799570015924
Philadelphus_incanus,Philadelphus,incanus,-1.6613239402872904,0.057370958083759575,5.097337341850784,0.3988869614488464,-1.5375102749412173,0.29507118880709293
Phillyrea_angustifolia,Phillyrea,angustifolia,-0.8891318179082355,0.10478267465214629,2.5161627490475658,0.13831918661853382,-0.39227370553253016,0.030509386955084563
Phillyrea_latifolia,Phillyrea,latifolia,-0.8820339746610493,0.12001891480230358,2.501834101213182,0.3022599807719075,-0.4054971090124808,0.0563192714090697
Phleum_pratense,Phleum,pratense,-1.7313755783125915,0.2382496576607385,5.477826142789119,0.3664474136828998,-2.106075544384875,0.6680203004953951
Phlomis_purpurea,Phlomis,purpurea,-0.8049166984388822,0.019763872082912637,1.9628553636694313,0.47300356415897665,-0.6470161495039979,0.04728735133663614
Phlomoides_umbrosa,Phlomoides,umbrosa,-1.408335491996771,,4.810882612537776,,-1.7270926544454654,
Phlox_hoodii,Phlox,hoodii,-1.3291581697490815,,4.673338915563373,,-1.7122763611781084,
Phoebe_lanceolata,Phoebe,lanceolata,-0.2861645612709179,0.05614031062725412,2.0632490037413413,0.1410976134987367,-1.1911386425585437,0.05211589349245216
Phoebe_puwenensis,Phoebe,puwenensis,-0.3194518992420144,0.08828069477380987,1.6832833220259869,0.10595161850878965,-0.7315745518568995,0.14662474439952267
Phyllocladus_hypophyllus,Phyllocladus,hypophyllus,-0.5372521350786019,0.030319837016855596,2.965817962947108,0.06649865689729584,-1.6045086393144665,0.06965992739397037
Phyllocladus_trichomanoides,Phyllocladus,trichomanoides,-0.4851061718904184,0.06512988498068284,2.7072406524922443,0.07953087859591167,-1.51128538735998,0.11469818125477578
Physalis_virginiana,Physalis,virginiana,-1.2039728043259361,,3.9889840465642745,,-1.3093333199837622,
Picea_abies,Picea,abies,-0.9262880271546908,0.036488404489152686,3.079987009246412,0.0912998055098504,-1.2588608837383977,0.0531409502322528
Picea_koraiensis,Picea,koraiensis,-0.8549000734051684,0.1496191540177584,3.31941182806963,0.34597580134683203,-1.2589368035785578,0.07523355402730511
Picea_meyeri,Picea,meyeri,-0.8833566038655443,0.2061160733026896,3.051295165662791,0.5000841332066509,-1.0430174654336524,0.09944193837907683
Picea_wilsonii,Picea,wilsonii,-0.9164582492258553,0.23311857991853674,3.0375468185139067,0.5439482787811675,-0.9630658269240451,0.11602666828530943
Picramnia_latifolia,Picramnia,latifolia,-0.9660939080920784,,3.0727394594587665,,-0.9005492614922284,
Picrasma_longistaminea,Picrasma,longistaminea,-0.09937844398027885,,2.2559859156640436,,-1.8156769043461325,
Picris_hieracioides,Picris,hieracioides,-1.324258970200438,,5.298317366548036,,-2.137070654516472,
Pilosella_officinarum,Pilosella,officinarum,-0.9359506874659771,0.09082509712318576,4.159935502497942,0.35645845936087606,-2.1335964280735062,0.25760236495813577
Pinus_armandii,Pinus,armandii,-0.9266551589414771,0.20038190431332725,2.895485781868288,0.5063888438794409,-0.8004950262866342,0.1152352934642877
Pinus_elliottii,Pinus,elliottii,-0.887382290892566,0.06027963222664432,3.2748024139208303,0.12870332291932352,-1.2371003564765153,0.016708214340060652
Pinus_koraiensis,Pinus,koraiensis,-0.6426746881492009,0.11286493242910967,2.92515478090654,0.16225167006512303,-1.297543976296926,0.11586477737163288
Pinus_massoniana,Pinus,massoniana,-1.2347757134809811,,4.091879989155383,,-1.3470736479666092,
Pinus_nigra,Pinus,nigra,-0.7985076962177716,,3.5085558999826545,,-1.3983669423541598,
Pinus_pinea,Pinus,pinea,-1.1525670162660357,,2.9320806795136076,,-0.33804554382017254,
Pinus_pumila,Pinus,pumila,-1.2647849437226935,,3.97293082855107,,-1.1918246692925936,
Pinus_pungens,Pinus,pungens,-0.7339691750802004,,3.4468078929142076,,-1.7372712839439852,
Pinus_resinosa,Pinus,resinosa,-0.8224212845843796,0.1816029770942922,2.8864320591214603,0.30494835208911686,-1.2381299754695265,0.09932882672252281
Pinus_strobus,Pinus,strobus,-0.8575996438194835,0.1091418727152021,2.85597686038792,0.15243122223625793,-0.8466862635980585,0.14492005447508136
Pinus_sylvestris,Pinus,sylvestris,-0.7102156263161983,0.02592042826514616,2.694106715427662,0.05381233915644451,-1.0134613532760182,0.01721324083065639
Pinus_tabuliformis,Pinus,tabuliformis,-0.9342760747618067,0.22122839968621943,3.1618285640534913,0.4975866435821563,-1.0552185737442554,0.06034862641613792
Pinus_virginiana,Pinus,virginiana,-1.2575223788988183,0.07080992334082381,3.1949371834915814,0.11081737816740019,-0.4245869020130752,0.09346095331242997
Piper_arboreum,Piper,arboreum,-0.7175690973647506,0.08852284221132894,2.8669799509553764,0.28868627246353595,-1.1903456570592716,0.11153599568734172
Pistacia_chinensis,Pistacia,chinensis,-1.4309988829043705,,4.505128831807865,,-0.4307829160924542,
Pistacia_lentiscus,Pistacia,lentiscus,-0.8466947089862523,,2.4433962786339625,,-0.3503348434897918,
Pistacia_terebinthus,Pistacia,terebinthus,-0.7980633505095052,,2.158969708422966,,-0.30964215297739967,
Pittosporum_eugenioides,Pittosporum,eugenioides,-0.878162062838403,0.015682039371342684,3.8871495882579015,0.06148025239981698,-1.8859882866475104,0.04381909649655321
Pittosporum_tenuifolium,Pittosporum,tenuifolium,-0.8575032473297671,0.04088413276582963,3.927643251380568,0.05183810066436267,-1.9656850155126826,0.07146916426090467
Plagianthus_regius,Plagianthus,regius,-0.8302349326240118,0.02097985719933437,4.057584119089452,0.05770837168224063,-2.1453654139494778,0.038749597232401026
Planchonella_grandifolia,Planchonella,grandifolia,-0.2639188305615893,0.06713990631211597,1.8258553253404601,0.08946845338404096,-1.030477050658568,0.08805828335111081
Plantago_lanceolata,Plantago,lanceolata,-1.195729100549826,,5.656460287081696,,-3.3486669922922427,
Plantago_patagonica,Plantago,patagonica,-1.7531158475600377,,5.146203713904753,,-0.8997614291032724,
Platanus_acerifolia,Platanus,acerifolia,-1.2656322739126677,,3.175132901920282,,-1.9139271032022627,
Platanus_occidentalis,Platanus,occidentalis,-0.5867217583037229,0.0746834244199209,3.0707640478485,0.20750033229185724,-1.9155480011852002,0.17772091067415197
Platycladus_orientalis,Platycladus,orientalis,-0.5871710494495334,0.09762805745041013,2.502500855279393,0.18112907414102342,-1.0361723617930119,0.01461364030377241
Platypodium_elegans,Platypodium,elegans,-0.13832299122386713,0.09715515565749092,1.8539763690513333,0.13429991338509836,-1.3352588243556593,0.06001039862201718
Pleioblastus_amarus,Pleioblastus,amarus,-0.7367344295219124,0.08885045767010126,2.0772193928621907,0.25040283420570814,-0.3291733832048703,0.0929872040001715
Pleroma_ochypetalum,Pleroma,ochypetalum,-0.7056247020710579,,3.0074921809869015,,-1.3545456633053103,
Poa_cusickii,Poa,cusickii,-1.7814131771739108,,4.899614377441543,,-1.029762051352928,
Poa_nemoralis,Poa,nemoralis,-1.3862943611198906,,5.1298987149230735,,-2.120263536200091,
Poa_pratensis,Poa,pratensis,-1.6596202171045162,0.14149521595943393,5.711604119519843,0.4089055241738351,-2.204886182849473,0.829076072463085
Podocarpus_gibbsii,Podocarpus,gibbsii,-0.4703651174035123,0.058217607729500784,2.667605751503026,0.11901539205505472,-1.355912466733884,0.07171693771539694
Podocarpus_laetus,Podocarpus,laetus,-0.143568626426579,0.03676477240025523,2.1362008785625104,0.052866225017624086,-1.657320314915405,0.038008131893860486
Podocarpus_neriifolius,Podocarpus,neriifolius,-1.4276720641842078,,4.671921721289969,,-1.5782306201845877,
Podocarpus_oleifolius,Podocarpus,oleifolius,-0.16892501010632188,0.04484869741254365,1.9754866638175503,0.08801115333023454,-1.3963659887037414,0.11635390611284126
Podocarpus_totara,Podocarpus,totara,-0.13236805130673931,0.01809674795539726,2.3918528387962477,0.049399041601765684,-1.8849798935624797,0.01897219034325579
Podophyllum_peltatum,Podophyllum,peltatum,-0.1917338742957984,0.0934487893453236,2.6824764998060795,0.2357915056128204,-2.056840821617812,0.05964013985554662
Polyspora_axillaris,Polyspora,axillaris,-0.4954635978291596,0.049877359060988405,2.2477755173629146,0.2844958404270509,-0.8676566482396147,0.09423791800192942
Polystichum_chilense,Polystichum,chilense,-1.2039728043259361,,3.7773481021015445,,-1.2378743560016174,
Pometia_pinnata,Pometia,pinnata,-0.5846962761477271,0.05466336461137832,2.3598455090309463,0.18116464625859252,-0.9084038447860464,0.08935001496485044
Populus_alba,Populus,alba,-0.6362943689671625,,2.228302173091705,,-0.5597608444556111,
Populus_cathayana,Populus,cathayana,-1.513301142658769,0.1421001508585218,4.489402980904467,0.27044444626636216,-1.168355532863177,0.23928763328620262
Populus_deltoides,Populus,deltoides,-1.0091675629225603,0.3396354908976566,3.728877651256532,0.5622415359253495,-2.2954127198784384,0.2717972348357829
Populus_grandidentata,Populus,grandidentata,-0.6711300469983076,0.11541221644717078,3.638340055688231,0.2841046732363444,-2.0409478530952945,0.1862419931722167
Populus_suaveolens,Populus,suaveolens,-1.6137623978617537,0.28671441026874955,4.929435917693552,0.5600509082748918,-1.4367714044060407,0.03790674819799679
Populus_tremula,Populus,tremula,-0.9981948205804385,0.1855523398323062,4.349847237229029,0.34784166135656286,-1.66267774556429,0.05498747512790391
Populus_tremuloides,Populus,tremuloides,-1.5611651288269632,0.08578502688925371,3.760414154818072,0.1778680107428615,-0.41508364682929094,0.08790166668292909
Populus_trichocarpa,Populus,trichocarpa,-1.150296858036022,0.1708847561861094,4.324336019596804,0.31961163185225033,-1.5804832495769883,0.04564260224301924
Potentilla_acaulis,Potentilla,acaulis,-1.4271163556401458,0.0,4.434285366430988,0.023428350089228722,-1.2911494978983247,0.01818382208543745
Potentilla_indica,Potentilla,indica,-1.640928579525471,,5.319102395933146,,-1.80856658686647,
Potentilla_pusilla,Potentilla,pusilla,-1.1825780539761805,0.20275958753746645,4.1497029753187995,0.5478458780332022,-1.6754575036888901,0.29565539456817996
Potentilla_tenacetifolia,Potentilla,tenacetifolia,-1.3862943611198906,0.0,4.235753756669615,0.00600455744131123,-1.2045286687522814,0.033345687249336176
Pourouma_cecropiifolia,Pourouma,cecropiifolia,-1.012356395484518,,3.5405238245835102,,-1.2739951877213138,
Pouteria_austin-smithii,Pouteria,austin-smithii,-0.5026921238692685,,2.1334456507743695,,-0.8866060419257326,
Pouteria_caimito,Pouteria,caimito,-0.709276562489829,,2.900871992530031,,-1.3205066205818874,
Pouteria_cuspidata,Pouteria,cuspidata,-0.789658080940789,,2.771963526845863,,-0.9649559038554361,
Prasoxylon_excelsum,Prasoxylon,excelsum,-0.12044771501308699,,2.208367212623428,,-1.7259072869462408,
Prionostemma_aspera,Prionostemma,aspera,-0.3765068983985998,0.04789368486382287,2.4940520447856342,0.08392827694420142,-1.4989666866988056,0.020971603487714884
Protium_altsonii,Protium,altsonii,-0.7031975164134467,,2.8936995479888394,,-1.0788096613719298,
Protium_amazonicum,Protium,amazonicum,-0.8603830999358592,,2.421256622711544,,-0.6329932577401982,
Protium_apiculatum,Protium,apiculatum,-0.8698843590599994,,2.9279886214674717,,-0.9441759353636907,
Protium_aracouchini,Protium,aracouchini,-0.5442725735238227,0.12979336568028765,1.888130396511547,0.38837171596772,-0.5876973171633978,0.17590788441700875
Protium_calanense,Protium,calanense,-0.8324092478934529,,2.731115474033206,,-0.7031975164134467,
Protium_calendulinum,Protium,calendulinum,-1.18090753139494,,3.5254777821724925,,-0.7256703722655053,
Protium_crassipetalum,Protium,crassipetalum,-0.6971552019574841,,2.7713379403381286,,-0.9038682118755978,
Protium_decandrum,Protium,decandrum,-0.715392789507265,,2.8100049236252036,,-1.1147416705979933,
Protium_divaricatum,Protium,divaricatum,-0.6051363032372319,,2.7498317351171653,,-1.2039728043259361,
Protium_elegans,Protium,elegans,-0.6033064765601558,,2.372111155642656,,-0.7113111511876165,
Protium_ferrugineum,Protium,ferrugineum,-0.7787050689215919,,3.1463051320333655,,-1.3318061758358208,
Protium_gallosum,Protium,gallosum,-0.8580218237501793,,2.990719731730447,,-1.0817551716016867,
Protium_giganteum,Protium,giganteum,-0.5202028846413618,0.23929779646860466,2.2216822237669605,0.755628219032384,-0.9406663361900132,0.2773191656718756
Protium_grandifolium,Protium,grandifolium,-0.7215466550816433,,3.0516399054922867,,-1.1488535051048565,
Protium_hebetatum,Protium,hebetatum,-0.5091603444469295,,2.1447610078004784,,-0.7339691750802004,
Protium_heptaphyllum,Protium,heptaphyllum,-0.6558513958162484,,2.4570214462984645,,-0.8915981192837836,
Protium_laxiflorum,Protium,laxiflorum,-0.5361434317502807,,2.136530508663963,,-0.8007323912398827,
Protium_occultum,Protium,occultum,-0.6180397080731398,,2.4362414778067194,,-0.6143360001356555,
Protium_opacum,Protium,opacum,-0.5329426257334007,0.08954178420604811,2.3992907571238455,0.3153709884888121,-1.0852363052382148,0.20180171083501006
Protium_paniculatum,Protium,paniculatum,-0.5780343734594406,,2.4518667957098,,-0.9390477189967712,
Protium_pilosissimum,Protium,pilosissimum,-0.9213032736976993,,3.3243163373261977,,-1.1841701770297564,
Protium_pilosum,Protium,pilosum,-0.43540898448123644,,3.11529150861163,,-1.6044503709230613,
Protium_sagotianum,Protium,sagotianum,-0.7779662273289141,0.12153977675655475,2.490992836132547,0.3012572010949355,-0.6931148659080432,0.10161728363523208
Protium_spruceanum,Protium,spruceanum,-0.8462983600541201,,3.147594622863237,,-1.1177951080848836,
Protium_strumosum,Protium,strumosum,-0.780886094867952,,3.0032042883926917,,-1.0106014113453965,
Protium_subserratum,Protium,subserratum,-0.5392622912372378,0.1670408245226208,2.000075462089554,0.42679811608038176,-0.634163981319556,0.08563537595991137
Protium_tenuifolium,Protium,tenuifolium,-0.7743572359854884,,2.9231615807191558,,-0.9649559038554361,
Protium_trifoliolatum,Protium,trifoliolatum,-0.8891620644859025,,3.1250046092581303,,-0.9781661355922425,
Protium_unifoliolatum,Protium,unifoliolatum,-0.4079682383262829,,2.0451088625993306,,-0.6792442753909539,
Protium_urophyllidium,Protium,urophyllidium,-0.8255363686056909,,2.6878474937846906,,-0.7940730991499059,
Prumnopitys_montana,Prumnopitys,montana,-0.168063685047255,,1.4412170116693481,,-0.8637198450804504,
Prumnopitys_taxifolia,Prumnopitys,taxifolia,-0.29026681170153473,0.0302782163153254,2.3782110853959173,0.08662791910107427,-1.5533439219102376,0.02822763724701271
Prunus_armeniaca,Prunus,armeniaca,-0.8141855089370014,,3.518862936047514,,-1.6467516202784152,
Prunus_avium,Prunus,avium,-1.2300022122151815,0.18902287891908376,4.091277925394304,0.5006673516444091,-1.2945306489372104,0.2846366631998634
Prunus_herthae,Prunus,herthae,-0.8130574772325029,,2.394996191793791,,-0.5270710490140056,
Prunus_opaca,Prunus,opaca,-0.2516716349287479,,1.3609508374203392,,-0.6152355691367175,
Prunus_padus,Prunus,padus,-1.9166426513747452,,5.50616332770253,,-1.4152818974049077,
Prunus_sargentii,Prunus,sargentii,-1.3726982026114345,0.6506771563959894,3.4794784024850403,0.6482349696237616,-1.8572007434360587,0.26363546819072015
Prunus_serotina,Prunus,serotina,-0.503955211973249,0.05460270556664188,2.973740428685452,0.11195557466193952,-1.723768012149854,0.07630501591167523
Pseudodictamnus_hirsutus,Pseudodictamnus,hirsutus,-1.0362714932615358,,1.6660532864879638,,-0.6150953697146361,
Pseudodiphasium_volubile,Pseudodiphasium,volubile,-0.8209805520698302,,4.0163830207523885,,-2.3025850929940455,
Pseudolmedia_laevigata,Pseudolmedia,laevigata,-1.2413737882127087,0.1704905360672496,3.2114937323963133,0.2426471339859181,-0.44412416798802795,0.1554428444807417
Pseudolmedia_laevis,Pseudolmedia,laevis,-1.372233038279213,0.11726769457450516,3.866254726223092,0.12544634480611033,-0.8513815054981496,0.12959319087066712
Pseudolmedia_rigida,Pseudolmedia,rigida,-1.009500101270499,0.04375648567681356,3.2057104808998678,0.43145147623374047,-0.9452726162417442,0.519273940475569
Pseudopanax_crassifolius,Pseudopanax,crassifolius,-0.41080578983394644,0.052788240716497334,3.107192191618164,0.15090923615676394,-2.0375733969727325,0.08493545203381454
Pseudotsuga_menziesii,Pseudotsuga,menziesii,-0.5972432780347574,0.06627864944984331,2.82214291347496,0.1935502922133983,-1.2317620701709366,0.14929636051284467
Pseudowintera_colorata,Pseudowintera,colorata,-0.1886553551982739,0.0576388184157947,2.5056131436719395,0.18151407391095664,-1.8897963284636852,0.061028369816263896
Pseuduvaria_trimera,Pseuduvaria,trimera,-0.0865751081687126,,1.1719895530866142,,-0.7281021137437229,
Psychotria_asiatica,Psychotria,asiatica,-1.5703491682021098,0.080692294087066,4.471971307230726,0.077028447290298,-1.47221948908322,0.13721842335088005
Psychotria_rhombibractea,Psychotria,rhombibractea,-0.9014021193804044,,2.512035317176253,,-0.7277386253295643,
Pteridium_aquilinum,Pteridium,aquilinum,-1.3819040128185978,,4.6935390431844075,,-1.6882187894675424,
Pterophylla_faxinea,Pterophylla,faxinea,-1.460333812983626,0.031124995746843142,4.367300592945988,0.03814564473127644,-1.1019017352769689,0.045286238031799084
Pterophylla_racemosa,Pterophylla,racemosa,-1.038187869508621,0.07145864348431309,3.9212810966453326,0.12320491784326977,-1.5945622016841927,0.17595452850020885
Pterospermum_acerifolium,Pterospermum,acerifolium,-1.2703263048759572,,3.2449333591874905,,-1.4271163556401458,
Puccinellia_rupestris,Puccinellia,rupestris,-1.8078888511579385,,4.960266555333299,,-1.0200683565207758,
Pycnanthemum_virginianum,Pycnanthemum,virginianum,-1.0788096613719298,,4.430816798843313,,-2.0402208285265546,
Pyrus_betulifolia,Pyrus,betulifolia,-0.49724541653003324,0.10756710355937191,2.0853545345888427,0.43079874163696746,-0.8492992098044209,0.2270020365016247
Pyrus_bourgaeana,Pyrus,bourgaeana,-0.8459487708179082,,2.2300474258504153,,-0.25325685600132347,
Quercus_alba,Quercus,alba,-1.4452567946896375,0.15307788759197835,3.5434473900217536,0.2845426046275555,-0.39916173834850227,0.15155135968028496
Quercus_aliena,Quercus,aliena,-1.1544083997142127,0.2846276644353385,3.2183922231244337,0.633374023265001,-0.6667878040518268,0.14238244533258176
Quercus_asymmetrica,Quercus,asymmetrica,-1.0583152319035727,,3.810654511039857,,-1.5606477482646683,
Quercus_bicolor,Quercus,bicolor,-0.6220182642483356,0.04232753356246219,3.3555882020611723,0.14205072493202647,-1.870583852269681,0.16253675854603664
Quercus_canariensis,Quercus,canariensis,-0.8824933522908643,,2.552651901209491,,-0.48144484869720383,
Quercus_coccifera,Quercus,coccifera,-0.7487744150182892,,2.2988541711526858,,-0.3395964396651373,
Quercus_faginea,Quercus,faginea,-0.6774214800984629,,2.1051146846126847,,-0.4547297179841631,
Quercus_glauca,Quercus,glauca,-1.5141277326297755,,4.179145163914566,,-0.7985076962177716,
Quercus_ilex,Quercus,ilex,-0.597405275780442,,1.9956557032249547,,-0.3594483849445916,
Quercus_lowii,Quercus,lowii,-1.0051667357385106,0.043300372666079216,3.4214577947616593,0.0894731567714478,-1.0439831815645888,0.019477624018230385
Quercus_mongolica,Quercus,mongolica,-1.499239120136025,,4.881973211876243,,-1.4679970628214554,
Quercus_multinervis,Quercus,multinervis,-1.4628514838420459,,4.345563147836171,,-1.1936100172903894,
Quercus_oxyodon,Quercus,oxyodon,-1.7080159257951957,0.0,5.158334149593464,0.0,-1.2663102767755618,0.2521558576702033
Quercus_palustris,Quercus,palustris,-0.6876896736041167,0.04940939448501147,3.5906078015938125,0.2820864120567679,-1.9728573726199439,0.38283754786986823
Quercus_robur,Quercus,robur,-0.6510898464858265,0.15409831063033963,3.7388395138623096,0.18326200070176663,-0.9450235025903394,0.42286378573542666
Quercus_rubra,Quercus,rubra,-0.8857909097602601,0.08582604568693034,3.160063760525998,0.12174993889819763,-1.1479829547453526,0.11792172333419494
Quercus_serrata,Quercus,serrata,-1.5834605152849837,0.1137845452260421,4.607297466242229,0.2472608494599626,-0.9795239361253574,0.07029818837332041
Quercus_suber,Quercus,suber,-1.0632692763961136,,2.9451271123484846,,-0.40241842645964343,
Quercus_variabilis,Quercus,variabilis,-0.8409420561801028,0.36071173726059635,2.736015295492593,0.6057531327007765,-0.8125666923150593,0.16220747106111288
Quercus_wutaishanica,Quercus,wutaishanica,-1.4395638776971629,0.16491224145209363,3.6729977108619036,0.24104570368779552,-0.5514869104966597,0.24895187923160875
Quintinia_serrata,Quintinia,serrata,-0.9962766108509961,0.10435463017761708,3.6077879010147416,0.03410468594228019,-1.3813001882219944,0.23004593963301265
Ratibida_pinnata,Ratibida,pinnata,-0.8209805520698302,,4.02535169073515,,-2.120263536200091,
Raukaua_simplex,Raukaua,simplex,-1.0216512475319814,,3.459466289786131,,-1.2039728043259361,
Rhamnus_alaternus,Rhamnus,alaternus,-1.0199166417197731,,2.7821448194524847,,-0.43360456088289145,
Rhamnus_davurica,Rhamnus,davurica,-1.7120245012092015,,5.19709489569434,,-1.4980163972990945,
Rhamnus_lycioides,Rhamnus,lycioides,-1.1427993135577832,,3.222429909620088,,-0.5556353068221139,
Rhaphiolepis_indica,Rhaphiolepis,indica,-1.932332740641626,,4.463491407656154,,-0.6348782724359695,
Rhododendron_hypoglaucum,Rhododendron,hypoglaucum,-1.9471859625593653,,5.096447499700531,,-0.9288695140810151,
Rhododendron_ponticum,Rhododendron,ponticum,-0.8505029913361519,,2.854882490144274,,-0.703000040963512,
Rhodoleia_championii,Rhodoleia,championii,-0.7920899730901548,0.20320521324711244,2.6221036760035368,0.5365308087913225,-0.7957564564162168,0.14885003347832587
Rhodostemonodaphne_crenaticupula,Rhodostemonodaphne,crenaticupula,-0.3523983871714722,,2.0781907597781832,,-0.9623346703755619,
Rhodostemonodaphne_paniculata,Rhodostemonodaphne,paniculata,-0.33687231664255274,,1.541159071680806,,-0.7360546815712219,
Rhodostemonodaphne_parvifolia,Rhodostemonodaphne,parvifolia,-0.0010005003335835344,,1.4279160358107101,,-0.8989420935395421,
Rhopalostylis_sapida,Rhopalostylis,sapida,-0.7026719394105685,0.08498378172595447,3.0309142656854338,0.11986280329489753,-1.36898766743721,0.06212474770340477
Rhus_typhina,Rhus,typhina,-0.7985076962177716,,4.3294166844015844,,-2.4079456086518722,
Richetia_multiflora,Richetia,multiflora,-0.12590341688915566,,0.6628897455013167,,-0.1574242822214462,
Rosa_acicularis,Rosa,acicularis,-1.2337449626596062,,4.022385435031041,,-1.3093333199837622,
Rosa_arkansana,Rosa,arkansana,-1.1856418476412125,,3.726321455046138,,-0.8647567307088055,
Rosa_canina,Rosa,canina,-0.6529173613408791,,2.540897280645857,,-0.5880328930137725,
Rosa_xanthina,Rosa,xanthina,-1.6906479678596436,,5.22768711832685,,-1.5018072470172452,
Roucheria_columbiana,Roucheria,columbiana,-1.3369329315821665,,3.6588875624201926,,-0.8049954808976977,
Ruagea_glabra,Ruagea,glabra,-0.08186011568163999,0.019941919176549312,1.7669573321457988,0.06500378086380196,-1.3622327100351015,0.03832253116377606
Rubia_peregrina,Rubia,peregrina,-1.0966142860054366,,4.663439094112067,,-1.9449106487222299,
Rubroshorea_acuminata,Rubroshorea,acuminata,-0.8721661967494261,,3.313569615107139,,-1.3059872096454677,
Rubroshorea_leprosula,Rubroshorea,leprosula,-1.0734262544155966,,3.218846728444904,,-0.7335835452782646,
Rubus_allegheniensis,Rubus,allegheniensis,-1.640078674255996,0.02885984693396648,3.2812212226277184,0.00871598679840102,0.5267287326580827,0.1281693422251302
Rubus_crataegifolius,Rubus,crataegifolius,-1.8898134097034431,,5.64788850177962,,-1.6392908758868119,
Rubus_idaeus,Rubus,idaeus,-1.7138659647871703,0.09891287166495998,5.141581879489701,0.093182643714095,-1.4839521954930697,0.10713657681828868
Rubus_irritans,Rubus,irritans,-1.731605546408308,,5.260971191549772,,-1.5457220968134249,
Rubus_phoenicolasius,Rubus,phoenicolasius,-1.508667784256339,0.03745978907206537,3.2054970266169525,0.036156235624756894,0.28904401999254103,0.047689610319507025
Rubus_rosifolius,Rubus,rosifolius,-2.134672405497347,,5.766636300616433,,-1.2566165364600066,
Rubus_ulmifolius,Rubus,ulmifolius,-1.1070541607348199,0.09292662232157865,2.9640975634592657,0.1446452519423211,-0.3639349112624711,0.038754089799139635
Rudgea_cornifolia,Rudgea,cornifolia,-1.05268335677971,,3.303584552795155,,-1.0906441190189327,
Rudgea_lanceifolia,Rudgea,lanceifolia,-0.6106459590482015,,3.688129172723232,,-2.1037342342488805,
Rumex_acetosella,Rumex,acetosella,-1.0788096613719298,,4.844187086458591,,-2.4079456086518722,
Salix_abscondita,Salix,abscondita,-2.11279152136139,,5.802261266376117,,-1.348073147299693,
Salix_atrocinerea,Salix,atrocinerea,-0.9680446586523068,,3.163929590823813,,-0.4424790702085933,
Salix_caprea,Salix,caprea,-1.566521381992548,0.32725831468543004,4.075944012504526,0.47638917491657834,-0.7013367563587108,0.20213428683831644
Salix_viminalis,Salix,viminalis,-1.9608884346045723,,5.764240858969673,,-1.4908535312741402,
Salvia_chinensis,Salvia,chinensis,-1.8375940055718543,,5.797148617256237,,-1.885691288607713,
Salvia_rosmarinus,Salvia,rosmarinus,-0.8601590001184635,0.05456941545080291,2.3171391327310578,0.4158173474983323,-0.6291818272936934,0.05348945571383107
Sambucus_williamsii,Sambucus,williamsii,-0.8950468145717764,0.14756303858005348,3.9317063694481886,0.4780335530662884,-1.901037040322085,0.19438240145013605
Sanguisorba_minor,Sanguisorba,minor,-0.9548013239121733,0.2831727231885556,4.019253670756783,1.0139748942132847,-1.981508292279806,0.5428952494266595
Sanguisorba_officinalis,Sanguisorba,officinalis,-0.562130598120235,0.16913995181203864,3.114304016949021,0.31360140142525234,-1.7484783289219588,0.07088446284790464
Sanicula_orthacantha,Sanicula,orthacantha,-1.6361669721761247,,5.021999850863013,,-1.5021923840296554,
Sapium_stylare,Sapium,stylare,-0.018469516283661322,,2.2035570329501772,,-1.9252908641382918,
Saprosma_ternatum,Saprosma,ternatum,-1.9306078290468707,,4.761746493030188,,-1.0788096613719298,
Sarcandra_glabra,Sarcandra,glabra,-0.6924837663608132,0.0354274059452217,3.4163503044710346,0.04443669424153062,-1.7894001153468535,0.11641162026986607
Sassafras_albidum,Sassafras,albidum,-0.5361321045455978,0.10169692451514688,2.513081469897418,0.14479346886132252,-1.3587514061305808,0.15219018556826258
Saurauia_herthae,Saurauia,herthae,-0.6935131144348845,0.06427925961859204,3.5415826202304013,0.1801537295377382,-1.9130535733296887,0.051904771177088464
Saussurea_amurensis,Saussurea,amurensis,-1.6039529822035308,,5.5051756973674,,-2.051270661379806,
Saussurea_mongolica,Saussurea,mongolica,-1.5260163042950279,,5.015324960401109,,-1.7066016635408094,
Saussurea_nivea,Saussurea,nivea,-1.3178883284558303,,4.7660689036512505,,-1.88706964583238,
Schefflera_digita,Schefflera,digita,-0.5495643069493689,0.0822865372800926,3.806475483094904,0.04467384749675029,-2.4819130128460505,0.13410574063274222
Schima_superba,Schima,superba,-1.4764793447404947,0.07759495378269708,4.713988747282049,0.1632137636111142,-1.4632230857912374,0.03163298587345769
Schima_wallichii,Schima,wallichii,-1.4276998591785621,,4.58934563564112,,-0.9942522733438669,
Schizachyrium_scoparium,Schizachyrium,scoparium,-0.9710754120900955,0.16835887109826922,3.9838009867381046,0.07664202380831453,-1.4976233427354848,0.016504389894290594
Schoepfia_jasminodora,Schoepfia,jasminodora,-1.6557436653106117,,4.400389762662409,,-0.8867319296326107,
Sciadopitys_verticillata,Sciadopitys,verticillata,-0.5643707827470253,0.047152909771306185,3.1984704652517486,0.14646452394025503,-1.7814372050305802,0.16253946861487414
Sciodaphyllum_acuminatum,Sciodaphyllum,acuminatum,-1.061605563039014,,3.71325494325525,,-1.3481945143642557,
Scleronema_micranthum,Scleronema,micranthum,-0.30381145438166457,,2.0693912058263346,,-1.0078579253996456,
Semecarpus_reticulata,Semecarpus,reticulata,-0.26721025440381635,0.0975626862921136,2.0182283050756946,0.10937811312756604,-1.0753395438798208,0.24026818847707077
Sequoiadendron_giganteum,Sequoiadendron,giganteum,-0.48831763700731035,0.03702279735759234,2.768127573647901,0.1684583054304775,-1.549527323010483,0.10443373452462765
Sextonia_rubra,Sextonia,rubra,-0.11417810683152162,0.0014572367674028364,1.4084508414939831,0.19554769632787458,-0.9390247492474622,0.19954310002819536
Sibbaldianthe_bifurca,Sibbaldianthe,bifurca,-1.3282034839751857,0.018870163991423494,3.9446806213879664,0.002516459047833486,-1.0502304544519556,0.028579206919974173
Sideritis_pusilla,Sideritis,pusilla,-1.1562149188045685,,1.9670460126870186,,-0.6460180103155824,
Simira_rubescens,Simira,rubescens,-1.1776554960085626,,3.1023420086122493,,-0.5942072327050416,
Siparuna_aspera,Siparuna,aspera,-0.8472311959426605,,2.9505406429391936,,-1.0128613945032816,
Siparuna_muricata,Siparuna,muricata,-0.3350721166849592,0.03767105356335184,2.919559622139701,0.09579023767263639,-2.008630228652972,0.0327757143205175
Sloanea_grandiflora,Sloanea,grandiflora,-0.8465314874593023,,3.0099530650753907,,-1.0751212747815657,
Sloanea_rufa,Sloanea,rufa,-0.9654809760649268,,2.9807243829443886,,-0.8075575316164775,
Smilax_aspera,Smilax,aspera,-0.7557128083744848,0.04090778066173667,2.326097509179644,0.09941461706697363,-0.43104438604327466,0.03090923245791335
Smilax_trinervula,Smilax,trinervula,-1.1739825967711697,,4.697894312108901,,-2.1037342342488805,
Solidago_decurrens,Solidago,decurrens,-1.3934196860624792,,5.312633154910845,,-2.2868367319634064,
Solidago_missouriensis,Solidago,missouriensis,-1.1278866303423978,,4.607294958060293,,-1.569380069002935,
Solidago_nemoralis,Solidago,nemoralis,-1.013489066072054,0.14598849836733088,5.063669363788802,1.325999745505433,-2.907721604204056,1.1357647622721811
Solidago_ptarmicoides,Solidago,ptarmicoides,-0.941608539858445,,3.5263605246161616,,-1.4271163556401458,
Solidago_rigida,Solidago,rigida,-0.7398494330394909,0.105314772693888,3.574382522435686,0.1114703716295746,-1.54864974277516,0.03387516177060723
Solidago_speciosa,Solidago,speciosa,-0.9675840262617056,,3.828641396489095,,-1.6607312068216509,
Sophora_microphylla,Sophora,microphylla,-0.6649477499465655,0.024231065795896622,3.2575992024266633,0.10067569994562447,-1.6634362282433737,0.03754870717190768
Sorbus_aucuparia,Sorbus,aucuparia,-1.0662737505347466,0.2826887673352875,2.950520563362894,0.6217854420519902,-0.5764085700847781,0.07143750191922821
Sorbus_discolor,Sorbus,discolor,-1.5918540126114835,0.05217534459223593,4.793614172357884,0.0578826610317118,-1.3770235432204405,0.012708090558455563
Sorghastrum_nutans,Sorghastrum,nutans,-1.3093333199837622,,4.672828834461906,,-1.7719568419318752,
Sorocea_guilleminiana,Sorocea,guilleminiana,-0.9314043696842031,,3.416085994155906,,-0.8867319296326107,
Sorocea_muriculata,Sorocea,muriculata,-0.44161055474451766,,2.1447610078004784,,-0.7571525105358577,
Sorocea_pubivena,Sorocea,pubivena,-1.2909841813155656,,3.0726933146901194,,-0.3024573580339353,
Sphaeralcea_coccinea,Sphaeralcea,coccinea,-1.1510641486705337,,4.1833313048084735,,-1.162617617577924,
Sphaeropteris_medullaris,Sphaeropteris,medullaris,-0.6330562981777275,0.09552114340262836,3.148661080065118,0.1419196942790167,-1.6381149709320866,0.08079339394098682
Spiraea_dahurica,Spiraea,dahurica,-2.1015508245416554,,5.672998477663331,,-1.2329919152270543,
Spiraea_ouensanensis,Spiraea,ouensanensis,-0.9885926436295602,,5.011736909095579,,-2.772588722239781,
Sporobolus_heterolepis,Sporobolus,heterolepis,-1.0498221244986778,,3.9512437185814275,,-1.6094379124341003,
Sporobolus_rigidus,Sporobolus,rigidus,-0.7339691750802004,,3.4965075614664802,,-1.7147984280919266,
Stachyarrhena_acuminata,Stachyarrhena,acuminata,-0.9781661355922425,,3.0392705755684744,,-0.8770700187208739,
Stauracanthus_genistoides,Stauracanthus,genistoides,-0.816445396904439,,2.5758454344059665,,-0.2909682286200484,
Sterculia_lanceolata,Sterculia,lanceolata,-1.415246797525064,0.1270466172797059,4.549966657530446,0.27121937231056575,-1.4214747375678969,0.5051840056937418
Sterculia_monosperma,Sterculia,monosperma,-0.7512355531748436,0.27010859067883186,3.2460043156291203,0.556734238543456,-1.5019687168269784,0.021562827570097465
Sticherus_cunninghamii,Sticherus,cunninghamii,-1.2378743560016174,,2.8213788864092133,,-0.1743533871447778,
Stipa_krylovii,Stipa,krylovii,-1.3100196618897484,0.03705398607686094,4.746153697298455,0.03212910639828159,-1.8648507243170958,0.032269260568785534
Stipa_pennata,Stipa,pennata,-1.0794817997929227,0.15180140000714962,4.041588113514358,0.5486927268515729,-1.7621779454831465,0.3706237497507942
Strobilanthes_dimorphotricha,Strobilanthes,dimorphotricha,-1.3137876703331426,,4.915893556164899,,-2.0067908508449257,
Styphnolobium_japonicum,Styphnolobium,japonicum,-1.1570781455104584,0.6544667229495506,3.4182648534207978,0.18771003012810344,-1.816643755574442,0.050956930861666284
Styrax_suberifolius,Styrax,suberifolius,-1.27421645771454,,3.997357668802149,,-1.2039728043259361,
Symphoricarpos_occidentalis,Symphoricarpos,occidentalis,-1.1944075872235103,,3.893871976060932,,-1.0867033138446394,
Symphyotrichum_ciliolatum,Symphyotrichum,ciliolatum,-1.7406861990440543,,4.71076309414069,,-1.0086640529729123,
Symphyotrichum_ericoides,Symphyotrichum,ericoides,-1.1461194004699506,0.22982866859579568,4.395782537504003,0.4445388189225754,-1.8844610803937363,0.012658904492145016
Symphyotrichum_falcatum,Symphyotrichum,falcatum,-1.1673837560953204,,4.13519143659285,,-1.448405775665066,
Symphyotrichum_laeve,Symphyotrichum,laeve,-1.12961914424534,0.07435366008059617,4.007827822926644,0.4808085468054959,-1.3741656921936136,0.45841577155469654
Symphyotrichum_novae-angliae,Symphyotrichum,novae-angliae,-0.7765287894989963,,3.9512437185814275,,-2.120263536200091,
Symphyotrichum_oolentangiense,Symphyotrichum,oolentangiense,-1.0498221244986778,,4.465908118654584,,-2.120263536200091,
Symphyotrichum_puniceum,Symphyotrichum,puniceum,-1.2729656758128873,,4.955827057601261,,-2.120263536200091,
Symplocos_cochinchinensis,Symplocos,cochinchinensis,-0.5270403091677337,0.14205550122498387,2.4915795864340318,0.39117862512275275,-0.862817119858515,0.1106185011668584
Syringa_reticulata,Syringa,reticulata,-1.1710943796944542,0.24255058366908952,4.080563576516554,0.32784841048155716,-2.080090662989996,0.1311717577157624
Syzygium_acuminatissimum,Syzygium,acuminatissimum,-1.0788096613719298,,3.8528019063502166,,-1.4498077652028722,
Syzygium_borbonicum,Syzygium,borbonicum,-0.9493305859523552,,3.2534704696327,,-0.7339691750802004,
Syzygium_castaneum,Syzygium,castaneum,-0.7518530608446966,0.07001213131548825,3.181723989150114,0.167088825126008,-1.384586261352862,0.04567988515181765
Syzygium_globiflorum,Syzygium,globiflorum,-1.629079552689389,,3.7106409458954492,,-0.9942522733438669,
Syzygium_hancei,Syzygium,hancei,-1.219965554343823,0.1903527666029908,3.408825300533789,0.3282179189306619,-0.7659783486587204,0.08650541310382572
Syzygium_jambos,Syzygium,jambos,-1.4927666056304074,,4.971446208016166,,-1.7139169833451784,
Syzygium_kunstleri,Syzygium,kunstleri,-0.6392477045675963,0.08348225521261331,3.031292044226102,0.1112864174511393,-1.4450942215976745,0.07401482670730952
Syzygium_levinei,Syzygium,levinei,-1.1518426975041993,0.30767598052445094,3.3522815176995304,0.6042456580455008,-0.9667589860243866,0.09200227623467258
Syzygium_maire,Syzygium,maire,-1.114210641880543,0.06368056060745655,4.194178408302003,0.1826134457098766,-1.7114717720144152,0.06500925232838321
Syzygium_napiforme,Syzygium,napiforme,-0.8637048130456754,0.04633119092579985,3.2333533702117454,0.08297917012208388,-1.163186792209158,0.07159755011625608
Syzygium_pachysepalum,Syzygium,pachysepalum,-0.7088681832083341,0.05543472427999452,2.9371849362026077,0.11275068720329609,-1.2351892132907463,0.03490633787601955
Syzygium_subdecussatum,Syzygium,subdecussatum,-0.4268506704920154,0.0414037539893373,2.4350092451148684,0.10873396114242662,-1.3191571298209357,0.04703525420041961
Tanaecium_pyramidatum,Tanaecium,pyramidatum,-0.34801308429014755,0.04987294768016647,2.916027084268336,0.10632959377072218,-1.977929355286927,0.04014898350337006
Tapirira_guianensis,Tapirira,guianensis,-0.5680302189285483,0.04007341138001796,2.6813853596055037,0.1121342341242921,-1.3037967154908587,0.07775518419639416
Taraxacum_campylodes,Taraxacum,campylodes,-1.305989996005755,0.22556137777127405,5.2752250624375465,0.6533722259288686,-2.496961382566511,1.2780629295276589
Taxodium_distichum,Taxodium,distichum,-0.5397921707107517,0.08465320587365217,3.2038811643055674,0.1395065676749373,-1.8792448296013708,0.039488542604385286
Taxus_chinensis,Taxus,chinensis,-0.1487988686195787,0.08692346490149114,2.437216836457927,0.2971506729616564,-1.8059592064889038,0.09116077839697734
Taxus_cuspidata,Taxus,cuspidata,-0.6892753350431682,0.03541757388244504,3.1901529539871007,0.14418468162058035,-1.546611780857592,0.12382875562180196
Terminalia_amazonia,Terminalia,amazonia,-0.48949616648079264,0.053870441168969975,2.460878821439355,0.13430257721039002,-1.2398149272857635,0.052114067940479306
Ternstroemia_coriacea,Ternstroemia,coriacea,-0.2796581328583245,0.050945545905544835,2.154680042103743,0.16173830793210922,-1.3143073029988763,0.12427178315736234
Tetractomia_tetrandra,Tetractomia,tetrandra,-0.6888386790826855,0.03779978646952605,3.619282397961699,0.10848176719078746,-1.9653446501093197,0.06475734201586947
Tetrapilus_roseus,Tetrapilus,roseus,-0.9304910812752964,,3.364187556028255,,-1.2378743560016174,
Teucrium_chamaedrys,Teucrium,chamaedrys,-1.241328590869705,,4.897839799950911,,-2.1715568305876416,
Teucrium_charidemi,Teucrium,charidemi,-0.7959554005416274,,1.2958499515570632,,-0.5886826355639839,
Teucrium_fruticans,Teucrium,fruticans,-0.9641032490961401,,2.7007519797555455,,-0.43058185169187096,
Thalictrum_simplex,Thalictrum,simplex,-1.6109390385603677,,5.557027124896727,,-2.094945728840801,
Theobroma_cacao,Theobroma,cacao,-0.7437196788536232,0.02757448946638563,2.1156736559582527,0.07647372867310624,-0.7133922756592173,0.011970952493073249
Thermopsis_rhombifolia,Thermopsis,rhombifolia,-1.3938226275406822,,4.643452580211669,,-1.30029702976746,
Thuja_occidentalis,Thuja,occidentalis,-0.48962450342397607,0.0669760700973228,2.544556197179476,0.1294818835857888,-1.32579512255256,0.07023933251362414
Thymelaea_hirsuta,Thymelaea,hirsuta,-0.9167908569158374,,1.6748172628506357,,-0.6530121931750593,
Thymus_dolomiticus,Thymus,dolomiticus,-1.2994102302921464,0.22777509055984044,4.148236643722966,0.8036468992502372,-1.5153206899548992,0.5329863355278884
Thymus_hyemalis,Thymus,hyemalis,-0.8740098021176559,,1.5996100623338587,,-0.43065474123027975,
Thymus_mastichina,Thymus,mastichina,-1.269667549188171,,3.057933054461179,,-0.07392310693465719,
Tilia_americana,Tilia,americana,-0.8059850565276983,0.032930331315481835,4.509719840192743,0.2882423301895398,-2.6495879810034033,0.3240736668932876
Tilia_amurensis,Tilia,amurensis,-1.57310598318671,,4.875551748934549,,-1.448169764837978,
Tilia_cordata,Tilia,cordata,-0.5860003561990447,0.08736058033396239,2.6739219372728837,0.24759164487970414,-0.7038573098549661,0.1393693349043028
Tilia_mandshurica,Tilia,mandshurica,-1.1067654960039524,0.0817010741554713,3.7551064952864968,0.29561502816365604,-1.3000110097340507,0.2097994297282825
Tilia_mongolica,Tilia,mongolica,-1.1840381919525513,0.2673881549865112,3.3989602367019174,0.3996492336841002,-0.7893193618175335,0.23582194857902083
Tilia_oliveri,Tilia,oliveri,-1.5751572659572675,,5.008139589748644,,-1.6094379124341003,
Tordylium_maximum,Tordylium,maximum,-1.3783261914707137,,5.6131281063880705,,-2.375155785828881,
Torreya_californica,Torreya,californica,-0.0013676017410947023,,1.681373187761984,,-1.4327932386924795,
Torreya_nucifera,Torreya,nucifera,-0.020907957634854504,0.009013861121448247,1.7141563483467486,0.20793997759863675,-1.3441294404878565,0.1878120608032069
Toxicodendron_acuminatum,Toxicodendron,acuminatum,-0.605930268527423,,2.52095067919055,,-0.899035680228222,
Toxicoscordion_venenosum,Toxicoscordion,venenosum,-1.0546911016101816,,4.410553351099985,,-2.094945728840801,
Trachelospermum_axillare,Trachelospermum,axillare,-1.2333679855214141,0.02488502571759221,4.34573609150261,0.0978588009173631,-1.62179642590955,0.1575405233199476
Tragopogon_dubius,Tragopogon,dubius,-1.2559680994443163,,4.741745898589571,,-1.721229317562002,
Trattinnickia_lawrancei,Trattinnickia,lawrancei,-1.5371172508544744,,4.140728588088077,,-0.8245696100399846,
Trichilia_septentrionalis,Trichilia,septentrionalis,-0.871111022599007,0.057231489625289664,2.923468189699584,0.27738307031198484,-0.9436183119607512,0.16592998513343757
Trifolium_angustifolium,Trifolium,angustifolium,-1.2006450142332614,,5.0369526024136295,,-2.312635428847547,
Trifolium_pratense,Trifolium,pratense,-1.1647058654988827,0.07316849050273476,5.2917392738842075,0.5732404025891128,-2.8224181489086293,0.8563052925357967
Trifolium_purpureum,Trifolium,purpureum,-1.0074926962135342,,5.6625187808650725,,-3.623022390136162,
Trifolium_repens,Trifolium,repens,-1.1188149949652209,,6.218383034377429,,-3.9737159789791177,
Trifolium_subterraneum,Trifolium,subterraneum,-0.8545551513603182,0.0134325110537754,4.8442551187219784,0.037265147742710246,-2.8779045673237196,0.02618497601452788
Tristaniopsis_elliptica,Tristaniopsis,elliptica,-1.2137110431324003,0.018677556643467985,3.702564230002087,0.11989137010576949,-0.9541690167566749,0.08040339776677875
Tristaniopsis_obovata,Tristaniopsis,obovata,-1.166495183227925,0.03092331505632119,3.671476486005298,0.06973200443180591,-0.9371340868876983,0.06391602332417332
Trymatococcus_amazonicus,Trymatococcus,amazonicus,-0.5430045221302259,,2.0095554142156695,,-0.6329932577401982,
Tsuga_canadensis,Tsuga,canadensis,-0.7910573229141027,0.06135063879373116,2.9040404997106934,0.15858462522494118,-1.1755244746877653,0.08918809983754328
Turpinia_occidentalis,Turpinia,occidentalis,-0.5098265608280304,0.04030338435377489,3.248641652298145,0.24902891366067223,-1.9875841726158665,0.16893017626479517
Ulex_parviflorus,Ulex,parviflorus,-0.9918897653201443,0.11140848533867997,2.194077239273257,0.2197167295326824,-0.33533251100081585,0.06753900986433993
Ulmus_americana,Ulmus,americana,-1.13516963455387,0.14646466539661349,3.6996953727339967,0.21178741239813856,-1.0847941705042463,0.2074572095811583
Ulmus_davidiana,Ulmus,davidiana,-1.226037326227731,0.18836919431919438,3.940636185675167,0.43112143581778795,-1.2343253943309986,0.17740374855617505
Ulmus_macrocarpa,Ulmus,macrocarpa,-1.0929697518202928,0.2155462884964951,3.4314118942591776,0.4674348915135206,-1.0039078974942317,0.07245265187160092
Ulmus_minor,Ulmus,minor,-1.0559839266124866,,2.9924656414161306,,-0.5486901486917279,
Ulmus_pumila,Ulmus,pumila,-1.5329399414613754,,4.8948017082771695,,-1.5820389360838238,
Ulmus_rubra,Ulmus,rubra,-0.9942522733438669,,4.370712874773608,,-2.1037342342488805,
Unonopsis_rufescens,Unonopsis,rufescens,-0.43001398102957716,,2.2827386286430364,,-1.1793097368874654,
Vaccinium_corymbosum,Vaccinium,corymbosum,-2.4726838937727584,0.17084902301506674,5.097462124041334,0.6305062590386326,-1.0490446483909648,0.1374837430081439
Vaccinium_mandarinorum,Vaccinium,mandarinorum,-2.549509172973659,,4.6701148746284735,,-0.6348782724359695,
Vepris_nobilis,Vepris,nobilis,-0.2876820724517809,,1.8484548129046001,,-0.941608539858445,
Veratrum_nigrum,Veratrum,nigrum,-1.091122664277986,0.1495141244195412,4.8009472746015245,0.2767637155302691,-2.372408569090938,0.022195424912516026
Verbascum_thapsus,Verbascum,thapsus,-1.1086626245216111,,4.0943445622221,,-1.6607312068216509,
Verbena_hastata,Verbena,hastata,-1.1394342831883648,,4.5217885770490405,,-2.0402208285265546,
Vernonia_fasciculata,Vernonia,fasciculata,-1.171182981502945,,4.812184355372417,,-2.2072749131897207,
Veronica_persica,Veronica,persica,-1.4696759700589417,,6.220590170099739,,-2.5257286443082556,
Veronica_spuria,Veronica,spuria,-1.67825222843446,,5.424579170311993,,-1.8101086056740292,
Veronicastrum_virginicum,Veronicastrum,virginicum,-1.2039728043259361,,4.875197323201151,,-2.2072749131897207,
Viburnum_dentatum,Viburnum,dentatum,-0.6253922558927316,0.020507074967806016,2.1587263188716257,0.007702399588350283,-0.6074473337452193,0.019397199538110754
Viburnum_stipitatum,Viburnum,stipitatum,-0.02275698712261618,,1.3904095057855272,,-1.103668527928785,
Viburnum_tinus,Viburnum,tinus,-0.7912562736702646,,2.4221381878376254,,-0.453206152895838,
Vicia_americana,Vicia,americana,-1.016202376463991,0.08179010432471318,5.054673620278377,0.3322626282804966,-2.6649545817666542,0.8511685838859178
Vicia_villosa,Vicia,villosa,-0.843970070294529,,4.0943445622221,,-2.120263536200091,
Viola_adunca,Viola,adunca,-1.4223361324671562,,4.4214869056693535,,-1.0290313553234312,
Vitex_lucens,Vitex,lucens,-0.6182651814858501,0.039866984159885606,3.6568205949795516,0.11050567409121174,-2.1690972942729325,0.04740132468912663
Vitis_amurensis,Vitis,amurensis,-1.3084702792435872,0.188532203860725,4.617389630188863,0.23390658234969838,-1.762139040286826,0.14012234564586556
Vitis_vinifera,Vitis,vinifera,-0.6561886395744131,,2.699339888901363,,-0.7663254342666007,
Vitis_vulpina,Vitis,vulpina,-0.3991899742461998,0.0293305565288732,2.9017903582691047,0.0996656320203047,-1.8614226585006217,0.06671852605853251
Weinmannia_elliptica,Weinmannia,elliptica,-0.894066465734718,0.014644933198159085,3.1470678374589225,0.05724427795143149,-1.117540575576206,0.04428345857454399
Weinmannia_fagaroides,Weinmannia,fagaroides,-0.8746690571833357,,2.2207607547922974,,-0.22895510824522294,
Weinmannia_magnifolia,Weinmannia,magnifolia,-0.6678693733756768,,2.144163339302496,,-0.5705448590060744,
Weinmannia_microphylla,Weinmannia,microphylla,-0.972320362061752,0.041992066930291914,2.987252020646084,0.19542776928554917,-0.8014799655541637,0.13208271337281718
Weinmannia_ovata,Weinmannia,ovata,-1.0870790528544367,,2.694679179418116,,-0.27971390280260405,
Weinmannia_silvicola,Weinmannia,silvicola,-0.9669558450459966,0.03978656526620158,3.730057544796941,0.11829763838917116,-1.547967949764725,0.11230349347182512
Wendlandia_uvariifolia,Wendlandia,uvariifolia,-1.4953505863963323,,3.8126445614478675,,-0.843970070294529,
Withania_frutescens,Withania,frutescens,-0.9370037734716967,,1.7633423174239145,,-0.7736384444864643,
Wurfbainia_villosa,Wurfbainia,villosa,-1.4612094946330223,,5.23327101995561,,-2.0161397499769467,
Xanthisma_spinulosum,Xanthisma,spinulosum,-1.1510641486705337,,4.751151876003154,,-2.2380465687314746,
Xanthophyllum_flavescens,Xanthophyllum,flavescens,-0.3058756881940808,0.0970834637111455,1.7753893462896622,0.23676065611646288,-0.7750802421845276,0.08697329524328691
Xanthophyllum_tenue,Xanthophyllum,tenue,-0.839656788024925,0.07614686543377513,3.2274546379620297,0.0192194244953617,-1.2831882577525644,0.15414809420473347
Zabelia_biflora,Zabelia,biflora,-0.6363888467413364,,3.43227790769518,,-1.9193926221466562,
Zamia_lucayana,Zamia,lucayana,-1.1222574678628028,0.07826498992222702,4.008259624916797,0.2586870844992746,-1.5166666685908134,0.032746695098339385
Zizia_aurea,Zizia,aurea,-1.171182981502945,,4.605170185988092,,-2.0402208285265546,
Zygia_inaequalis,Zygia,inaequalis,-1.0023934309275668,,3.264231526588998,,-1.016111067156366,
